fra	lin
Où ces photos ont-elles été prises ?	Bakangaki bilili oyo wapi ?
Prenez-en un quatre fois par jour, après les repas.	Kamataka yango moko mbala minei na mokolo, nsima ya koliya
J'ai besoin de quelqu'un avec qui parler.	Nasengeli na moto moko nasolola naye.
Il a violé la loi.	Abuki mobeko.
Est-ce que la porte était fermée ?	Ekuke ekangamaki ?
J'apprécie les échecs.	Nandimaka makweyi.
Je lui ai demandé son nom.	Natunaki ye nkombo na ye.
Donnez une chance à quelqu'un d'autre.	Pesa libaku lilamu epai ya moto mususu.
Le livre que j'ai acheté est sur la table.	Buku nasombaki ezali likolo ya mesa.
Mon ordinateur a cessé de fonctionner il y a quelques jours.	Ordinateur na ngai ezali kosala lisusu te eleki mwa mikolo.
Tom ne sait pas où il est né.	Tom ayebi esika abotama te.
Il nous faut tous apprendre à faire face à cette situation.	Tosengeli biso banso koyekola kolonga likambo oyo.
Y a-t-il des plantes auxquelles vous soyez allergiques ?	Ezali na boko milona miboyaka nzoto na yo ?
Comment puis-je choisir un poisson frais?	Motindo kani nakoki kopona mbisi ya mai ?
Apporte-moi sa tête.	Memela ngai moto na ye.
Vous pouvez faire ce qui vous chante.	Bokoki kosala oyo nyonso bolingi.
Prends tes cachets !	Kamata bilembo na yo !
C'est un joueur de tennis.	Azali mobeti ya lisano ya tennis.
Son père travaille à la banque.	Tata na ye asalaka na banke.
Il est vraiment sans cœur.	Ye mpenza azanga mawa.
Je n'ai pas de plaintes.	Nazali na mitungisi te.
Je dois m'excuser auprès de Tom.	Nasengeli kosenga Tom bolimbisi.
Je pense sérieusement à déménager à Boston.	Nazali kobanza ete nalongwa na Boston.
Ton amitié importe.	Boninga na yo ezali ya motuya.
Je pense toujours que nous aurions dû inviter Tom à venir avec nous.	Nabanzi ete esengelaki tobengisa Tom  aya elongo na biso.
Il n'est pas digne de toi.	Elongobani na yo te.
Je rêvais de devenir mannequin.	Mposa na ngai ezalaka ete nakoma maneke (momekiseli ya bilamba).
Elle n'a que quelques années de plus que moi.	Aleki ngai bobele na ndambo ya mibu.
Une compréhension des gens est l'arme la plus puissante que vous puissiez détenir.	Boyokani ya bato yango nde mondoki ya makasi oyo bokoki kosimba.
Je n'ai rien de mieux à faire.	Nazali na eloko mosusu ya malamu koleka te mpo nakosala.
Ne crie pas, ou tu es mort.	Koganga te, soki te okokufa.
Tom ne l'a fait qu'une fois.	Tom asalaki yango kaka mbala moko.
Nous nous connaissons depuis longtemps.	Toyebanaki uta kala.
Dans ma famille, personne n'est capable de le faire.	Na libota lya gai, moto moko te akoki kosala yango.
Nous avons voyagé à travers tout le pays.	Tosalaki mobembo na mboka mobimba.
On m'a proposé le choix entre un thé et un café.	Batunaki ngai namela tii to kafe.
Thomas a une photo de sa famille sur son bureau.	Thomas azali na elili ya libota na ye na bilo na ye.
On se fait à tout.	Tomisalisaka na nyonso.
Je ne pense pas que quiconque me comprenne réellement.	Nabanzi ete moto moko te asosoli ngai malamu mpenza.
Je commence à comprendre.	Nabandi kososola.
Tu as entendu un bruit derrière toi.	Oyokaki makelele moko nsima na yo.
Tu as commis cette erreur exprès, n'est-ce pas ?	Osalaki libunga oyo na nkoo, boye te?
Pourquoi as-tu pleuré ?	Olelaki mpo na nini?
Nous avions nos raisons.	Tozalaki na ntina na biso.
Tu dois appeler Tom immédiatement.	Osengeli kobenga Tom sikawa.
C'est déjà l'été.	Tosili kokota na elanga.
Ce n'est pas du chiqué.	Ezali lolendo te.
Tom ne m'a pas payé autant qu'il l'a promis.	Tom afutaki ngai te lokola alakaki.
Ils ne peuvent me voir.	Bakoki komona ngai te.
Profitez de la soirée au bal.	Zwa litomba na limpati ya nteke.
Des monnaies antiques furent trouvées à l'intérieur de la mystérieuse tombe.	Misolo mya kalakala mimonanaki na kati ya nkunda ya kokamwa.
Mon père m'a emmené au cinéma hier soir.	Tata amemaki ngai na sinema lobi loleki na mpokwa.
Vous pouvez choisir le livre que vous aimez.	Okoki kopona buku oyo olingi.
Tu es un bon étudiant.	Ozali moyekoli malamu.
Combien en as-tu eu ?	Ozwaki yango boni?
Restez en ligne, s'il vous plaît.	Tikala na nzela ya nsinga, tosengi na yo.
Nous partons maintenant.	Tozali kokende sikawa.
Nous n'avons pas encore planifié nos vacances.	Tobongisi naino te bopemi na biso.
Le soleil, ça fait toute la différence.	  Moyi esalaka bokeseni na nyoso.
Comment faisons-nous cela ?	Tosala yango ndenge nini?
Tu dois remettre les rapports lundi.	Osengeli kozongisa ndimbola mokolo ya mosala moko.
Je sais que tu te soucies de Tom.	Nayebi ete ozali komitungisa mpo na Tom.
Je ferais pareil.	Nakosala nse bongo.
Il se lassa bientôt.	Ewumelaki te alembaki.
Il faut que tu essaies ça.	Osengeli komeka oyo.
Je me suis descendu à son niveau.	Namikitisaki tii na nivo na ye.
Il aime les jeux de hasard.	Alingaka masano ya konzo.
Elle m'a menti.	Akosaki ngai.
Nous l'avons élu maire.	Toponaki ye moyangeli ya engumba.
Nous avons presque fini pour aujourd'hui.	Tokomi kosilisa mpo na lelo.
Je suis devenu ami avec Tom.	Nakomi moninga ya Tom.
Vous n'êtes jamais allé à Paris ?	Naino okenda na  Paris te?
Quand la fête a-t-elle lieu ?	Ntango nini nteke esalamaki ?
Je dois déjeuner avec lui.	Nasengeli koliya na ye elongo na ntongo.
Je préfère l'anglais.	Naponi monoko ya angele.
Il s'inquiète pour les résultats de l'examen.	Azali komitungisa mpo na biyano ya ekizame.
Elle est fière d'être belle.	Azali na lolendo ya kozala kitoko.
Père lisait souvent des romans policiers pendant son temps libre.	Tata azalaki na momesano ya kotanga buku polisi  mpo na kolekisa ntango.
Sers-toi une boisson !	Mitiyela masanga !
C'est arrivé ce matin pour vous.	Ekomaki na ntongo oyo mpo na bino.
La serviette ne fut pas du tout utile.	Lisume ezalaki mpenza na ntina te.
C'est mieux que le film.	Eleki film na kitoko.
Ils vous aideront à vous réchauffer.	Bakosunga bino mpo na kozwa molunge.
Cela peut avoir de sérieuses conséquences.	Yango ekoki kozala na mbano ya makasi mingi.
Je préférerais vraiment ne pas savoir.	Nakosepela mpenza te koyeba yango.
Qui commande ici ?	Nani mokambi awa?
Tu as un téléphone chez toi.	Ozali na telefone epai na yo.
J'imagine que non.	Nabanzi te.
Il se met parfois en colère pour rien.	Asilikaka ntango mosusu mpamba.
Ça n'a pas été fait auparavant.	Naino esalema liboso te.
Marie se défendait.	Marie azalaki komilongisa.
Tu te dépêchais.	Ozalaki kowelisa.
Ce soir, mangeons dehors.	Na mpokwa ya lelo, tokende koliya libanda.
Dan a été profondément troublé par la mort de Linda.	Dan atungisamaki mingi na liwa ya Linda.
Tu voulais me parler de liberté ?	Olingaki koloba na ngai mpo na bonsomi ?
Nous sommes des hommes occupés.	Tozali mibali ya misala mingi.
Tu as craqué pour lui, n'est-ce pas ?	Olangwe ye, boye te?
Ta femme te manque-t-elle ?	Ozali na mposa ya mwasi na yo?
C'est un livre espagnol.	Ezali buka ya ba esipanyole.
C'est mal de dire un mensonge.	Kobuka lokuta ezali mabe.
Quand avez-vous commencé à apprendre l'anglais ?	Uta ntango nini obandaki koyekola lokoto ya angele ?
Tom a acheté un appareil photo comme le tien.	Tom asombi esaleli ya foto lokola oyo ya yo.
Notre ville n'a pas encore l'eau courante.	Engumba na biso ezwi naino mayi ya malamu te.
Ne ronge pas tes ongles.	Koliyaliya manzaka na yo te.
Elle arriva en courant, les yeux brillants.	Ayaki na lombangu mpenza, miso mazalaki kongenga.
Tom sera heureux de te revoir.	Tom akosepela  komona yo lisusu.
Je te donnerai tout ce que tu veux.	Nakopesa yo nyonso oyo olingi.
J'ai manqué mon train.	Nazangaki engbunduka.
J'ai acheté ces fleurs pour toi.	Nasombeli yo ba fololo oyo.
Elle est aussi vieille que la grand-mère du diable.	Asili kokoma mobange lokola koko ya zabulu.
Je suis de ton avis.	Nandimi makanisi na yo.
Moi non plus.	Ngai mpe te.
As-tu déjà embrassé une autre nana ?	Osila koyamba elenge mwasi mosusu ?
L'homme était trop gros pour se déplacer par lui-même.	Moto yango azalaki monene mingi mpo na kotambola ye moko.
Ma sœur est un génie !	Ndeko na ngai ya mwasi azali na mayele mingi !
Nous nous approchâmes chaque jour.	Tozalaka kopusana mokolo na mokolo.
Il prit un stylo dans sa main.	Akamataki ekomeli na loboko na ye.
Celui qui dit A doit aussi dire B.	Moto oyo alobi A asengeli mpe aloba B.
Ce bus va-t-il à la gare ?	Motuka oyo ezali kokende na gare ?
Ne le saviez-vous pas ?	Boyebaki yango te?
Dieu l'a créé.	Nzambe akela ye.
La vengeance est un plat qui se mange froid.	Kobukanisa ezali bileyi oyo eliyamaka ntango ekomi malili.
Vous me gênez.	Bozali kotungisa ngai.
Il est parti.	Akei.
Du poisson s'il vous plaît.	Yaka na mbisi, soki osepeli.
Ils sont nés à un mois d'intervalle en 1970.	Bakeseni na sanza moko ya mbotama na bango na mobu 1970.
Nous ne sommes pas perdus.	Tobungi te.
Je ne sais pas le distinguer de son frère.	Nayebi kokesanisa ye na ndeko na ye ya mobali te.
Je me casse.	Nakeyi.
On a trop parlé de ce mariage.	Tosololi mingi na ntina ya libala oyo.
Je lui demanderai demain.	Nakosenga ye lobi.
Père est allé à la pêche.	Tata akei koloba mbisi.
En es-tu sûr ?	Ozali na elikya na yango ?
J'attachai mon chien à un arbre dans le jardin.	Nakangisa mbwa na ngai na nzete moko na kati ya elanga.
Je pensais que j'étais en train de mourir.	Nakanisaki ete nazalaki kokufa.
Il n'y a pas de limites à l'univers.	Ndelo ezalaka na molongo mobimba te.
Je ferais mieux d'y aller, moi aussi.	Nakosala malamu ngai mpe nakende.
Ce bureau est différent de celui que j'ai commandé.	Bilo oyo ekesini na oyo ngai nasengaki.
Il est à l'étranger.	Azali na mboka ya bapaya.
L'éducation est importante.	Koyekola ezali na motuya.
Tom était très fiable.	Tom azali moto okoki kotiyela motema.
Qu’est-ce que cela signifie ?	Yango elingi koloba nini?
Il semble que la question était trop facile pour toi. La prochaine fois, je devrai en faire une un peu plus difficile.	Ezalaki komonana lokola motuna ezalaki mpete mingi mpo na yo. Mbala ya nsima, nakosengela kosala moko oyo ezali mwa makasi.
Elle sera de retour dans moins de dix minutes.	Akozonga yambo ba minuti zomi ekoka.
Y a-t-il un musée dans cette ville ?	Mize moko ezali na engumba oyo?
Tu es chanceux que personne ne t'ait vu faire ça.	Ozali moto ya libaku malamu ndenge moto moko te amoni yo.
Tom a aidé son fils à s'habiller.	Tom asungaki mwana na ye mpo alata bilamba.
Je pensais que ma tête allait exploser.	Nakanisaki ete moto mwa ngai  ekopasuka.
C'est un grand jour.	Ezali mokolo monene.
Ne vous prenez pas tant au sérieux !	Komizwa na eyongi mingi te!
Ils se marièrent et eurent beaucoup d'enfants.	Babalanaki mpe babotaki bana mingi.
Je n'aurais pas dû aller voir Tom.	Nasengelaki kokende kotala Tom te.
Ils partirent en voyage.	Bakendaki mobembo.
Elle dit qu'elle t'appellera plus tard.	Alobi ete akobengayo nsima.
Je sais que tu n'as pas peur.	Nayebi ete ozali kobanga te.
Elle a très peur des chiens.	Abangaka mbwa makasi.
J'attendrai ici jusqu'à ce qu'il revienne.	Nakozela awa kino akozonga.
Je suis certain de l'avoir déjà vu quelque part.	Nandimi ete nasila komona ye esika moko.
Puis-je emprunter votre stylo ?	Nakoki kodefa ekomeli na yo?
J'ai bu le café.	Namelaki café.
Ce n'est pas bon de fabriquer les mêmes vieux produits, année après année.	Ezali malamu te kosalaka kaka biloko moko ya kala mbula na mbula.
J'étudie avec beaucoup d'assiduité.	Nazali kotanga na molende mingi.
Tom a une maison avec piscine.	Ndako ya Tom ezali na liziba.
Nous sommes conscients des risques.	Toyebi malamu ete makama mazali.
Il devrait pleuvoir demain.	Mbula esengelaki konoka lobi.
Ferme tes yeux un instant et cherche la réponse.	Kanga miso mwa moke mpe luka eyano.
Je suis au courant.	Nayebi.
Il portait une grande boîte dans ses bras.	Amemaki sanduku moko ya monene na maboko na ye.
Il quitta son équipe car il ne s'entendait pas avec l'entraîneur.	Alongwaki ekipi na ye mpo azalaki koyokana na molakisi te.
Au revoir !	Olele!
Tom porte des lunettes.	Tom alati maneti.
Je sais que ce n'est pas vrai.	Nayebi ete ezali solo te.
Il ne faut pas se disputer avec une femme lorsqu'elle est fatiguée.	Koswanaka na mwasi te ntango alembi.
Quelle est ta décision ?	Mokano na yo ezali nini?
C'est quelque chose que ma mère a fait.	Ezali eloko moko oyo mama na ngai asalaki.
Pense à poster la lettre sur le chemin de l'école.	Okanisaka kotinda monkanda ntango okozala na nzela ya kelasi.
Quel est le meilleur plan, selon toi ?	Mwango ya malamu koleka ezali nini, na ndenge omoni?
Tom a couru aussi vite qu'il a pu.	Tom apotaki mbangu ndenge akokaki.
Aimez-vous discuter ?	Bolingaka kosolola?
Nous ne faisons rien.	Tozali kosala eloko te.
Je suis peut-être vieux, mais pas fou.	Nazali ntango mosusu mokolo, kasi liboma te.
Il me demanda si je connaissais son père.	Azali kotuna ngai soki nayebaki tata na ye.
Quand est-ce que ça commence ?	Ekobanda ntango nini ?
J'ai commencé à apprendre le chinois la semaine dernière.	Nabandaki koyekola lokota ya chinois uta mposo eleki.
Es-tu sûr que tu vas bien ?	Ozali mpenza malamu?
Le déjeuner est servi.	Biloko ebelemi mpo na koliya.
Je vois Tom.	Namoni Tom.
J'arrangerai ça.	Nakobongisa yango.
Elle demanda si j'avais besoin d'un taxi.	Atunaki ngai soki nazali na bosenga ya taxi.
Il peut le faire beaucoup mieux que moi.	Akoki kosala yango malamu koleka ngai.
Suivez simplement mon exemple.	Bolanda kaka ndakisa na ngai.
J'ai donné à Tom de nombreuses opportunités de le faire.	Napesaki Tom libaku mingi mpo nakosala yango.
Un petit gain vaut mieux qu'une grosse perte.	Mwa mbano moke eleki kobungisa mingi na motuya.
On ordonna aux forces britanniques de saisir les armes.	Bapesaki mitindo na mapinga ya ba britanniques ete babotola mandoki.
Je veux voir ce qui se produit.	Nalingi namona oyo ezali  kosalema.
J'ai fait mon travail.	Nasalaki mosala na ngai.
Elle cherche le portefeuille qu'elle a perdu.	Azoluka mwa libenga na ye abungisaki.
Tous mes enfants vont à l'école à Boston.	Bana na ngai nyonso bakendaka kelasi na Boston.
Mes parents t'adorent.	 Baboti na ngai balingi yo mingi.
Cette boîte est lourde.	Sanduku oyo ezali kilo.
Il a composé l'histoire.	Akomaki lisolo.
La vie en ville ne plaisait pas à Tom.	Bomoyi na engumba esepelisaki Tom te.
Linda va préparer du café.	Linda akolamba kafe.
Il ne s'agit pas d'argent.	Ezali mpo na mbongo te.
Les requins mangent des poissons.	Mbisi ya minene baliyaka mbisi.
Je veux m'assurer qu'il y en a assez.	Nalingi nazala na etingiya ete ezali ebele.
Nous jouâmes sur la plage.	Tosakanaka na libongo.
J'ai une importante mission pour vous tous.	Nazali na mosala moko ya motuya mpo na bino nyonso.
Cette règle ne s'applique pas à l'affaire.	Mobeko oyo basalelaka yango na mombongo te.
Tu te comportes comme un enfant.	Ozali na bizaleli lokola mwana.
Le restaurant était silencieux.	Restaurant ezalaki kimya.
Je ne peux pas venir à l'instant.	Nakoki koya sikawa te.
Est-il probable qu'il vienne ?	Ekoki kosalema ete aya?
Tout le monde à bord!	Moto nyoso akota!
Je ne sais presque rien sur ça.	Nayebi eloko te mpo na yango.
Tom peut aider.	Tom akoki kosunga.
J'ai un vélo.	Nazali na nkinga moko.
Je crains que ce ne soit la vérité.	Nazali kobanga ete ezala bosolo.
Je prendrai votre parti juste pour cette fois.	Nakokamata ngambo na yo kaka mpo na mbala oyo.
Je ferais n'importe quoi pour toi.	Nakosala manso mpo na yo.
Tu m'as tellement manqué !	Nazalaki na mposa na yo makasi!
Tom me comprenait.	Tom azalaki kososola ngai.
On s'entraide.	Tozali kosungana.
Ken a embrassé la fiancée de Tom.	Ken ayambaki makango ya Tom.
Il a du pognon.	Azali na mbongo.
Quand le chat n'est pas là, les souris dansent.	Ntango nyawu azali te, ba mpuku babinaka.
Dans de nombreux endroits du monde, il n’y a pas assez de nourriture pour satisfaire aux besoins de chacun.	Na bisika mingi na mokili, bileyi bizali mingi te mpo na kokokisa bosenga ya moto nyoso.
La mode est un cercle vicieux.	Elateli ezali zolongano.
Il nous faut un peu plus de temps.	Tosengeli na mwa ntango lisusu.
J'ai honte d'avouer que le travail n'est pas terminé.	Nazali na nsoni ya koloba ete mosala esili te.
J'ai beaucoup de choses à faire aujourd'hui.	Nazali na makambo mingi ya kosala lelo.
Je sais que j'aurais pu le faire mais je ne l'ai pas fait.	Nayebi ete nasengelaki kosala yango kasi nasalaki yango te.
Je m'y joindrai.	Nakosangana na yango.
Je savais que Tom ne voulait pas le faire, mais je voulais quand même qu'il le fasse.	Nayebaki ete Tom alingaki kosala yango te, kasi ata bongo nalingaki ete asala yango.
Tom a tourné la page quand il a rencontré Marie.	Tom abongolaki makanisi ntango akutanaki na Marie.
Tom écoutait le bruit de l'océan.	Tom azalaki koyoka makelele ya mbu.
L'avez-vous vu à la gare ce matin ?	Omonaki ye na gare na ntongo ya lelo?
J'avais mal à la tête donc je n'ai pas pu faire ça.	Nakoyoki moto mpasi nde nakokaki kosala yango te.
Tu ne peux pas utiliser le sien.	Okoki kosalela oyo ya ye te.
On a gagné le match.	Tolongaki lisano ya motopi.
Il se cacha derrière l'arbre.	Abombanaki na nsima ya nzete.
La femme s'est levée de la chaise. Et elle a jeté un coup d’œil à la porte.	Mwasi atelemaki na kiti. Mpe atalaki na ngambo ya ekuke.
Je ferai du beurre de cacahuètes.	Nakosala mwamba ya nguba.
Tom a dit qu'il n'avait pas faim.	Tom alobaki ete azalaki na nzala te.
Nous réparerons ceci.	Tokobongisa oyo.
On ne peut pas être à deux endroits en même temps.	Okoki kozwama bisilka mibale mbala moko te.
Elle était sur le point de l'appeler lorsqu'il entra par la porte.	Abelemaki kobengisa ye ntango akotaki na ekuke.
Quelle est ta couleur de cheveux naturelle ?	Nsuki na yo ya kobotama ezalaka langi nini?
Je me demande si Tom sait ce que Mary a fait.	Nazali komituna soki Tom ayebi oyo Mari asali.
Je ne suis pas du tout intéressé.	Etali ngai ata moke te.
Il tient un journal en anglais.	Asimbi zunale moko ya angele
Une douzaine d'arbres environ furent bientôt plantés.	Nzete mpene mpene na zomi na mibale ekolonama kala te.
Tout le monde le faisait.	Bato nyonso basalaki yango.
Je ne suis pas déçu.	Nayokisami mawa te.
Arrête de te la raconter ! Tu n'aurais pas les moyens d'acheter une maison pareille.	Kolobela na ntina na yango te! Okozala na makoki ya kosomba ndako lokola oyo te.
Je ne pense pas que des enfants devraient boire de la bière.	Nabanzi ete bana basengelaki komela masanga te.
Qu'as-tu l'intention de faire ?	Ozali kokana kosala nini?
Est-ce que ça en valait la peine?	Ezalaki mpenza na ntina?
Je suis chez une amie.	Nazali epai ya moninga moko ya mwasi.
Un jour, tu le regretteras.	Mokolo moko, okolela na ntina na yango.
Tu es très timide.	Olobaka mingi te.
Nous n'en sommes pas fiers.	Tozali na lolendo na ntina na yango te.
Ne perdras-tu pas la raison ?	Okobungisa elonga te?
Je ne peux pas faire ça.	Nakoki kosala yango te.
J'ai besoin de ça.	Nazali na mposa na yango.
Il va peut-être neiger ce soir.	Ntango mosusu matanga ekonoka na mpokwa ya lelo.
De combien de temps disposes-tu pour déjeuner ?	Osalaka ngonga boni mpo na koliya na ntongo ?
C'est tout ce que nous pouvons faire pour le moment.	Wana nde nyonso tokoki kosala sikawa.
As-tu jamais trouvé réponse à cette question ?	Naino ozwa eyano na motuna wana te ?
Mes amis m'ont invité à dîner.	Baninga na ngai babengisaki ngai mpo na koliya na midi.
Restez calme !	Vanda kimya!
Reprenons un peu notre souffle !	Tobatela mwa kimya!
Je pense que Tom croit tout ce que Marie lui dit.	Nabanzi ete Tom azali ndima nyonso oyo Marie azali kolobela ye.
Je vous laissai une note.	Natikelaki yo mwa monkanda.
Ton arme est-elle chargée ?	Bonduki na yo ezali na masasi ?
Elle se tint près de lui.	Atelemaki mpembeni na ye.
J'ai pensé que tu serais intéressé par cela.	Nakanisaki ete okosepela na yango.
Nous nous embrassâmes.	Toyambanaka.
Dis-moi, dis-moi !	Lobela ngai, lobela ngai !
D'où venez-vous au Canada ?	Bowuti wapi, na Canada ?
Avec toi, c'est l'été toute l'année.	Na yo elongo, ezali eleko ya moyi mbula mobimba.
Je veux changer le monde.	Nalingi nabongola mokili.
Il essaie de se débarrasser des fourmis.	Azali komeka komilongola ba fumba.
Le poison s'est répandu dans tout le corps.	Mbondo epanzani na nzoto mobimba.
J'ai peut-être heurté ses sentiments.	Ntango mosusu nazokisi makanisi na ye.
Je ne comprends pas pourquoi tu ne veux pas faire ça.	Nayebi te mpo na nini olingi kosala yango te.
Je crains de ne pas avoir d'expérience.	Nazali kobanga lokola nazali na zebi te.
Fais juste ce que je dis !	Sala kaka maye nalobi !
Tom doit être puni pour ce qu'il a fait.	Tom asengeli kozua etumbu mpo na maye asali.
Je ne crois pas que Tom ait fait ses devoirs lui-même.	Nandimi te ete Tom asalaki ba devoirs na ye ye moko.
Tom a montré à Marie la photo.	Tom alakisaki Marie bilili.
Tom ferait n'importe quoi pour attirer l'attention de Marie.	Tom akoki kosala nyonso mpo na kobenda bokebi ya Marie.
Personne ne se soucie de moi.	Moto moko te azali kotala ngai.
Les animaux ne sont pas des jouets !	Nyama bazali biloko ya kosakana na yango te !
Mon père a arrêté de fumer récemment.	Tata na ngai atiki kobenda likaya kala te.
Je veux simplement que les gens m'aiment.	Nalingi bobele ete bato balinga ngai.
La fille s'efforçait de retenir ses larmes.	Mwana mwasi akangaki motema mpo na kosopa pizoli.
Laissez-moi vérifier le manuel.	Tika ngai natala mokanda.
Cet incendie de forêt a une origine naturelle.	Moto oyo etumbi zamba ezali ya mokili.
Tom va le faire à temps.	Tom akosala yango na ngonga.
Tom a demandé un conseil à Maria.	Tom atunaki toli epai ya Maria.
Je sais que Tom est à moitié endormi.	Nayebi ete Tom alali ndambo.
Je ne pense pas que ce soit le meilleur moment pour parler à Tom.	Nabanzi ete oyo nde ngonga malamu mpo na kosolola na Tom.
Si elle avait été en vie, ma mère m'aurait aidé à ce moment-là.	Soki azalaki na bomoyi, mama na ngai alingaki asunga ngai na ntango wana.
La police enquête sur les causes de l'accident.	Pulusu esali na bolukiluki mpo na koyeba ntina ya likama.
Ce garçon a un corps fort et sain.	Mwana mobali oyo azali na nzoto makasi mpe kolongono.
Le studio est très petit, sans lieu où se cacher.	Ndako oyo ezali moke makasi, epai ya kobatama ezali te.
Je pensais que tu voudrais peut-être savoir.	Nakanisaki ete olingaki ntango mosusu koyeba.
Soyez vu par moi !	Tika ete namona yo !
Tom sortit un crayon.	Tom abimisaki ekomeli.
Les personnes âgées ont besoin de vivre pour quelqu'un.	Mikolo bazali na bonsenga ya kobika mpo na moto mususu.
Quelle est le sens de cela ?	Ntina na yango ezali nini?
Le temps est vraiment mauvais.	Ntango ezali mabe makasi.
Je suis très intéressé d'entendre ce que tu as à dire.	Nazali na mposa makasi ya koyoka maye olingi koloba.
Croyez-vous vraiment nécessaire de faire cela ?	Okanisi ete ezali na motuya ya kosala yango?
Ils se nourrissent surtout de lait.	Bileyi na bango mpenza ezali miliki.
Je ne suis qu'un garçon qui fait des erreurs.	Nazali kaka mwana mobali oyo asalaka mabunga mingi.
Il changea d'avis.	Abongolaki makanisi.
Peux-tu m'indiquer la bonne direction ?	Okoki kolakisa ngai nzela ya malamu ?
Tom est tombé dans l'eau.	Tom akwei na mayi.
Tu sais que Tom aime la bière.	Oyebi ete Tom alingi masanga.
Nous sommes sérieux.	Tozali na kimya.
Je bois.	Nameli.
Je ne veux pas être votre secret.	Nalingi kozala sekele na bino te.
Nous avons une bonne nouvelle.	Tozali na sango malamu.
Il viendra bientôt.	Akoya sikawa.
Plus de recherches sont nécessaires.	Bolukiluki mingi ezali na motuya.
J'ai entendu ça.	Nayokaki yango.
Je ne pouvais rien y faire.	Nakokaki kosala eloko te.
Pourquoi ne nous glissons-nous pas à nouveau à l'intérieur ?	Mpo na nini tozali komikotisa lisusu na kati te?
Tom se donne beaucoup de mal.	Tom azali komimonisa mpasi mingi.
Elle parle anglais.	Alobaka Ngelesa.
Vues d'avion, les petites collines paraissent plates.	Na kati ya mpepo soki otali libanda, ngomba ya mike, imonanaka nsemba.
Nous tentons de réduire les dépenses.	Tozali komeka kokitisa bobimisi mbongo.
Tu as dit qu'il y avait urgence.	Olobaki ete likambo ya lombango ezalaki.
Est-ce vraiment possible ?	Ekoki kosalama solo?
Tom a été surpris par ce qu'il a vu.	Tom akamwaki na oyo amonaki.
Tu veux bien me passer le sel, s'il te plaît?	Okoki kopesa ngai mungwa, soki olingi ?
En grandissant, il apprit à mettre les choses en perspective.	Ndenge azali kokola, ayekoli kobongisa makambo.
Vous n'avez à l'évidence pas le temps.	Na bosolo ozali na ntango te.
L'opéra commence à sept heures.	Opera ekobanda na ngonga ya sambo liboso ya nzanga.
Nous ne pouvons pas continuer à nous abuser.	Tokoki kokoba kosakanaka bongo na basusu te.
C'est un risque que tu dois simplement prendre.	Ezali likama oyo osengeli kaka koleka na yango.
C'est étrange à dire, mais il ne connaissait pas la nouvelle.	Ezali kokamwisa koloba yango kasi, ayebaki sango te.
Tom fut promu gérant.	Tom amatisami bokonzi akomi moyangeli.
Lire des livres est une de mes habitudes.	Kotanga buku ezali moko ya mimesano na ngai.
Tom a coupé la pomme en deux.	Tom akaboli mbuma biteni mibale.
Le fait est qu'ils sont trop jeunes.	Likambo ezali ete bazali bilenge penza.
Il a dû y aller.	Asengelaki kokenda.
Qui frappe à la porte?	Nani azali kobeta ekuke?
Tom n'a pas suffisamment d'argent pour acheter une voiture.	Tom azali na mbongo mingi te mpo nakosomba motuka.
Je me demande si je peux faire ça.	Nazo mituna soki nakoki kosala yango.
Tom m'a demandé comment se rendre à la poste.	Tom atunaki ngayi ndenge nini akende na poste.
Nous espérions que quelque chose d'intéressant surviendrait.	Tozalaki kolikya ete eloko moko ya malamu ekoya.
Il n'est pas facile de maîtriser l'anglais.	koloba anglais malamu ejali pete te.
Voudriez-vous me porter ceci au premier étage ?	Okoki komemela ngayi oyo na etage ya liboso?
La valeur des livres était telle qu'on en prenait le plus grand soin.	Motuya ya buku ezalaki na lolenge ete bazalaki kobatela yango makasi.
Il n'y a que cinq-cent-quatorze personnes qui soient allées dans l'espace.	Bazali bobele bato kama mitano na zomi na mineyi baye bakenda na mipepe.
Combien de temps faut-il d'ici à la gare ?	Ensengeli tango boni pona ko longwa awa kino na gare?
Il avait dit qu'il m'écrirait, mais il n'en fut rien.	Alobaki ete ako komela ngayi, kasi asalaki eloko te.
Tom et Marie n'ont pas été particulièrement gentils avec moi.	Tom na Marie bazalaki penza na boboto epayi na ngayi te.
Bien qu'il soit jeune, il est très prudent.	Atako azali elenge, azali na angele mingi.
Voulez-vous contrôler les pneus ?	Olingi kotala liyika?
Tu n'aimes pas le chien de Tom.	Olingaka mbwa ya Tom te.
Je n'ai pas du tout peur des chiens.	Ngayi na banga ba mbwa ata muke te.
Je devais rencontrer quelqu'un pour des affaires.	Esengelaki na kutana na moto moko mpona mombongo.
Quel âge a ce livre?	Buku oyo esali mbula boni?
La plupart des gens aiment regarder la telé.	Bato mingi balingaka kotala television.
Nous sommes pauvres, mais heureux.	Tozali babola, kasi na esengo.
Je parle anglais, et toi, quelle langue parles-tu ?	Nasololaka Anglais, bongo yo, osololaka kota nini?
Quel sorte de jeu est-ce ?	Oyo lisano ya ndenge nini?
Mon père travaille dans une usine.	Tata nangayi asalaka na Usine moko.
Il aime lire des livres.	Alingaka kotanga ba buku.
La vie n'est pas figée.	Bomoyi esuki te.
Il posa le livre sur la table.	Akitisaki buku likolo ya mesa.
Bien qu'il ne fût qu'un enfant, il était très courageux.	Atako azalaki kaka mwana moke, azalaki na piko makasi.
Regarde ces nuages noirs.	Tala mapata muhindo oyo.
Pourquoi les hommes ne sont-ils jamais heureux ? Parce qu'ils veulent toujours l'impossible.	Pona nini batu bazalaka na esengo te? Po ete balingaka tango nyonso makambo maye makoki kosalama te.
On est ici, à l'office de tourisme. Vous voyez ?	Tozali awa, na esika ya bayangeli ya tourisme. Bomoni?
Il est revenu du Canada.	Awuti Canada.
Ils sont en salle des professeurs.	bazali na ndako ya balakisi.
Nous y allons seuls.	Tozokende biso moko.
Mon front brûlait de fièvre.	Moto nangayi ekomaki moto na fièvre.
Dan a été vu pour la dernière fois avec un jean bleu et une veste en cuir noir.	Dan amonanaki mbala ya liboso na bilamba ya bule mpe kazaka ya mposo ya nyama ya langi ya mohindo.
Elle vivait la porte à côté de chez nous.	Azalaki ko vanda na ndako oyo ezali pembeni na biso.
Sa mère a frappé à la porte.	Mama naye abetaki na ekuke.
Je ne peux pas l'abandonner.	Nakoki kotika ye te.
Nous n'avons aucune raison d'avoir honte.	Tozali na tina moko te ya koyoka soni.
À sept heures je serai de nouveau là.	Na konga ya sambo na tongo nakozala lisusu wana.
Elle n'est plus seule maintenant.	Ajali lisusu yemoko te sikaawa.
Nous tînmes parole.	Tokokisaka maloba nabiso.
Qu'est-ce qui se passe, ici ?	Nini azali koleka awa?
L'as-tu fait toi-même ?	Osalaki yango yomoko?
C'est la vie.	Ezali bomoyi.
Oh ! c'est trop mignon !	Oh! Ezali kitoko mingi!
Je n'ai pas envie de rentrer à la maison!	Nazali na posa ya kozonga ndaku te!
Je ne savais pas que Tom dormait.	Nayebaki te ete Tom azalaki kolala.
De quoi avez-vous peur ?	Ozo banga nini?
Dans cette boîte, je me sentais comme un poisson hors de l'eau.	Nakati ya nganda wana, nazalaki komiyoka lokola mbisi libanda ya ebale.
Je pense que Tom est blessé.	Namoni lokola Tom azokisami.
La vie est dure pour tout le monde.	Bomoyi ezali makasi pona moto nyonso.
J'ai peur des ours.	Na bangaka ba ngombolo.
Elle a remporté le premier prix de la course.	Alongi motuya ya liboso ya lisano.
J'ai du travail par-dessus la tête.	Nazali na misala maleki ngayi moto.
N'as-tu pas une réunion ?	Ozali na liyangani te?
Monte le son de la musique !	Matisa mongongo ya musiki!
Tu vas manquer le train si tu ne te dépêches pas.	Okozanga engbunduka soki osali mbangu te.
Non, ça ne me plait pas tant que ça.	Te, ezali kosepelisa ngayi te koleka owana.
Peut-être a-t-il manqué le train.	Tango mosusu azangaki engbunduka.
Puis-je savoir où vous travaillez ?	Nakoki koyeba esika bosalaka?
Les progrès de l'homme sont sans limites.	Bokeyi liboso ya moto ezali na ndelo te.
Je vous demande pardon. Je ne pense pas que cela soit votre siège.	Nasengi yo bolimbisi. Na ndimi te ete oyo wana ezala kiti nayo.
Tom aurait dû manger plus.	Tom asengelaki koliya mwa mingi.
C'est de la faute de Tom.	Tom nde azali na libunga.
Nous mangeâmes des fruits frais après le déjeuner.	Toliyaka mbuma ya sika sima na biso koliya biloko na tongo.
Il n'est rien d'autre qu'un enfant.	ajali naye mobele mwana.
Mets de l'eau dans ton vin.	Tiya mayi na vino mwayo.
C'était pour rire ?	Ezalaki kaka pona toseka?
Je veux fonder une famille.	Nalingi kobandisa libota.
Quel est ton restaurant de fast food préféré?	Osepelaka na restaurant nini?
Un café, ça te dirait ?	Café, oko linga?
Je viens juste d'apprendre que mon hôtel favori a fait faillite.	Nawuti koyoka ete hotel nalingaka mingi ekweyi.
Un jour tu comprendras.	Mokolo moko oko sosola.
Je me rappelle l'avoir rencontrée quelque part.	Nazali kokanisa, namona ye esika moko.
Reste hors de ma vue !	Zala libanda ya bomoyi na ngayi!
Combien y a-t-il de sortes ?	Ezalina motindo boni?
J'ai dansé.	Na binaki.
S'il a eu dix sur dix à l'examen, c'est parce qu'il a triché.	Soki alongaki zomi likolo ya zomi na examen, ezali po ayibaki.
Tom a gardé son chapeau sur la tête.	Tom abatelaki ekoti naye na moto.
Je n'ai jamais dit cela à personne auparavant.	Nayino na lobela yango epayi moto te.
La pire amie et ennemie n'est nulle autre que la mort.	Moninga mpe monguna ezali eloko mosusu te kasi liwa.
Femme au volant, mort au tournant.	Mwasi azali ko kumba motuka, liwa wzali pembeni.
« J'ai rêvé de toi, hier. » « Sérieux ? Et je faisais quoi ? »	« Na lotaki yo, lobi. » « Yasolo ? Bongo nazalaki kosala nini? »
Fermez la trappe.	Kanga motambo.
Tu aimerais ça.	Okolinga yango.
Je n'arrive pas à croire que nous ayons finalement terminé le projet.	Nazo ndima te ete tokomi nako silisa mwango.
La campagne a été une réussite et il a gagné les élections.	Campagne ezalaki elonga mpe alongi na maponami.
Je dois m'occuper de quelque chose.	Na sengeli kotala eloko moko.
Je pense que sa proposition mérite réflexion.	Na banzi ete oyo ye alobi elongobani ete tokanisa na tina nayango.
Je vais corriger ceci.	Nako bongisa oyo.
Nous vivons à proximité de la grande bibliothèque.	Tovandaka zongazonga na ebombelo monene ya ba buku.
Je vais vous en montrer quelques-uns.	Nako lakisa bino moko kati na bango.
Nous devons mettre à jour notre méthode pédagogique.	Tosengeli kozongisa sika lolenge nabiso ya kotangisa.
Les prix sont élevés ces jours-ci.	Talo emati mikolo oyo.
Quand est-ce que t’as acheté ce portable ?	Osombaki telephone oyo tango nini?
Parfois, je souhaiterais être un petit oiseau.	Tango mosusu na tombela ete nazala mwa ndeke moke.
Cela est tellement gênant.	Yango ezali penza na mitungisi.
Un homme avec le ventre plein pense que personne n'a faim.	Moto oyo atondi akanisaka lokola motu mususu aza na nzala te.
J'aimerais vous donner un conseil.	Na kolinga kopesa yo mwa toli.
Tom ne m'a pas vraiment manqué.	Nakanisaki penza Tom te.
Nous vous avons gardé un siège juste là.	To bombelaki yo esika kaka wana.
Ce n'est pas quelque chose que je sais faire.	Ezali eloko oyo nayebi kosala te.
Ils réfléchissent trop.	Ba banzaka mingi.
Dans cette bibliothèque, il y a beaucoup de livres.	Na ebombelo yaba buku oyo, mikanda mizali mingi.
Je n'ai même pas de petit ami.	Nazali ata na moniunga ya mobali te.
Tu t'aimes.	Omilingi.
L'adolescent-pilote autour du monde est mort.	Elenge mokumbi mpepo ya mokili akufi.
Y a-t-il quelque chose de nouveau au menu ?	Eloko ya sika ezali na menu?
Ça ne sera pas facile.	Ekozala pete te.
Pourriez-vous me réveiller demain matin à sept heures moins le quart, s'il vous plaît ?	Okoki kolamusa ngayi lobi na tongo na ngonga ya motoba ba minuti tuku mineyi na mitano, na sengi nayo ?
Un voyage de mille milles commence par un simple pas.	Mobembo yaba kilometres koto na koto ebandaka mobele na lokolo moko.
Au son du sifflet, le bateau commença à s'éloigner du port.	Soki piololo ebeti, masuwa ebandi ko tangwa mosika na libongo.
Si tu te trouves piégé par un ours dans la forêt, ta meilleure option est de te mettre au sol et de faire le mort.	Soki ozwami na motambo ya ngombolo na zamba, likambo ya malamu yako sala ejali komibwaka na mabele mpe kosala lokola okufi.
Mon oncle Bob a réparé mon horloge et maintenant elle indique l'heure correctement.	Noko nangayi Bob abongisi saa mpe sikaawa ezali kopesa tango malamu.
L'âme qui désire que Dieu se rende entièrement à elle, doit se rendre entièrement à lui sans rien garder pour elle.	Moloko moye ejali na posa ete Nzambe amipesa mobimba naye, esengeli emipesa mobimba naye kozanga kobombela ye eloko moko.
Allez, Joe. Ne joue pas au pantouflard. Viens à la fête avec nous ! Quand tu as dit à Nancy qu'elle était si grosse, tu as vraiment appuyé là où ça fait mal.	Kenda, Joe. Kolinga komisala goyi goyi te. Yaka elongo nabiso na lipati! Tango olobelaki Nancy ete azali na zemi, osimbaki benza esika esalaka pasi.
La logique et le bon sens suggèrent que la Russie, l'Union Européenne et les États-Unis doivent agir ensemble.	Bosembo mpe bomoto malamu esengi ete Russie, Lisanga ya bikolo ya Eropa mpe Lisanga ya Bikolo ya America basala elongo.
Vous avez notre permission pour inclure notre logiciel à condition de nous fournir une copie du produit final.	Bozwi ndikisa yako tiya logiciel na biso kaka soki boko pesa piso eteni ya mbuma ya mosala tango eko sila.
George Bush est le 41e président des États-Unis.	George Bush azali tata mokambi ya tuku minayi na moko ya ekolo America.
De mon côté, je ne voyage pas pour aller quelque part. Je voyage pour voyager. Le principal est de se bouger.	Na ngambo nangayi, nazali kosala mobembo te mpona kokende esika moko. Nazo sala mobembo kaka pona sala. Ya motuya ezali koningana.
Un nom respectable - monnaie au cours vraiment substantiel qui se négocie admirablement pour qui comprend comment la présenter.	Mbongo oyo ezali lisusu na motuya te elekaka malamu epayi ya oyo nani ayebi lolenge yako talisa yango.
Dan a vendu de la drogue à un dangereux trafiquant de drogue.	Dan atekisi likaya epayi ya mosali mombongo ya makaya ya mabe.
C'est l'humanité qui a perdu l'homme. Dire que cet idiot-là aurait pu être le plus heureux des animaux, s'il avait su se tenir tranquille. Mais non... il a inventé la civilisation.	Molongo mobimba nde ebungisi moto. Koloba ete zoba wana alingaki kozala nyama ya esngo koleka basusu, soki ayebaki komivandisa kimya. Kasi te... abandisaki lolenge ya kobika.
Ma carte de crédit a été rejetée par le distributeur de billets.	Carte na ngayi ya banque eboyamaki na distributeur ya bongo.
Ce n'est pas comme si nous devions vendre des trucs, tu vois ?	Ezali te lokola nde tosengeli kotekisa biloko, omoni?
Une entente parfaite entre la théorie et la pratique est quelque chose de rare.	Boyakani mobongibe katikati ya maloba pamba mpe mosala ezali eloko moko emonanaka penza te.
Compter les moutons aide à s'endormir.	Kotanga ba meme esungaka mpona kolala.
Mon thérapeute m'a dit de me rendre dans un bar et d'entamer une conversation avec quelqu'un qui me soit tout à fait étranger.	Monganga na ngai alobi na ngai ete nakende na nganda ya masanga mpe nasolola na moto azali mopaya epai na ngai.
Tu dois t'agenouiller à mes pieds, me baiser la main et jurer que je suis un ange.	Osengeli kofukama na makolo na ngai, opepwa ngai na maboko mpe okata ndayi ete nazali anzelu.
Je n'oublierai jamais de garder dans mon cœur une douce pensée pour ma chère professeur.	Nakobomba na motema na ngai libanzo ya malamu mpo na molakisi na ngai ya mwasi.
Un homme qui peut conduire prudemment en embrassant une jolie dame ne consacre tout simplement pas au baiser l'attention qu'il mérite.	Mobali oyo akoki kokumba na bokebi nyonso na ntango azali kopepwa mwasi ya bonzenga azali kopesa soki moke te lokumu oyo lipwepwe esengeli na yango.
Elle sortit la bouteille de champagne qu'elle avait gardée pour un événement particulier.	Abimisi molangi ya champagne oyo abombaka mpo na likambo moko songolo.
Ce qui est permis à Jupiter n'est pas permis au bœuf.	Oyo epesami na mokonzi epesami na mongamba te.
J'aimerais que les passants arrêtent de jeter leurs canettes vides et autres ordures sur le sentier de montagne.	Nalingi ete baleki nzela batika kobwaka milangi ya mpamba mpe bosoto misusu na nzela ya ngomba.
Dans le système judiciaire américain, il y a douze personnes dans un jury.	Na lolenge ya mibeko na america, ezalaka na bato zomi na mibale na lisanga ya bazuzi mpo na esambiselo.
Supposer que la justice fasse cela, c'est détruire le principe de son existence qui est la chose elle-même.	Kanisa ete mibeko nde esali bongo, ezali kobebisa mobeko ya bozalisi mambi ma mibeko maye mazali eloko ya motuya.
Merci pour votre généreuse invitation mais nous ne voulons pas abuser de votre hospitalité.	Botondi mpo na bobengisi na bino kasi tolingi kolekisa ndelo te na boyambi bolamu bopesi biso.
La mutuelle de l'entreprise couvre l'ensemble des frais médicaux.	Lisanga ya kompani ekofuta mbongo nyonso ya lopitalo.
En Inde, la vache est un animal sacré.	Na India, ngombe ezali nyama ya ekila.
Le nombre de personnes sur Facebook est supérieur à la population des États-Unis d'Amérique.	Motuya ya bato na Facebook eleki motuya ya bato banso ya mboka America.
Dans ma vie quotidienne, je prends soin de mon corps de diverses manières afin de ne pas endommager ma santé.	Na bomoi na ngai ya mokolo na mokolo, nabatelaka nzoto na ngai lolenge ebele mpo ete nabebisa bokolongono bwa nzoto na ngai te.
L'attitude du tribunal envers les jeunes criminels est différente de celle qu'il a envers les criminels adultes.	Lolenge ya kosalela ya bazuzi liboso ya babuki mibeko ya bilenge ekeseni na oyo ya babuki mibeko ya mikolo.
L'ensemble des nombres réels est un exemple typique de corps.	Lisanga ya mituya ya solo ezali ndakisa ya nzoto.
A cheval donné on ne regarde pas les dents.	Eloko ya kokabela, bayimaka te.
Un capitaine est chargé de ce bateau et de son équipage.	Mokumbi masuwa azali na bokonzi likolo ya masuwa mpe ya basali o kati ya masuwa.
Finalement, en 1314, ces jeux devinrent si violents et dangereux que le roi Edouard II créa une loi.	Na nsuka, na mobu nkoto yoko na nkama isato ya zomi na minei (1314), masano myango makomaki makasi mingi mpe mabe ete mokonzi Edouard wa babale (II) akelaki mobeko na ntina na yango.
C'est seulement quand je ne peux pas dormir la nuit que le tic-tac de l'horloge devient assez bruyant pour m'embêter.	Kaka na ngonga nazangi mpongi na butu nde tiki-taki (tic tac) ya montele monene ekomaka makelele mpo na kotungisa ngai.
Nous ne serons jamais trop prudents pour faire fonctionner une centrale nucléaire.	Tokozala ata mokolo moko te na ekenge mingi mpo na kosalisa ndako  bakelaka bombi (centrale nucléaire).
Il m'adressa un courrier pour m'informer que son élevage de poulets ferait faillite tôt ou tard.	Atindelaki ngai monkanda mpo na koyebisa ngai ete etonga ya basoso na ye ekokangama atandele.
Nous avons tendance à penser que notre temps nous appartient seulement le dimanche et pendant les vacances.	Tokanisaka ete ntango na biso ezalaka kaka mokolo ya lomingo mpe na ntango ya bopemi.
Les enfants commencent par aimer leurs parents ; après un temps ils les jugent ; rarement, voire jamais ils ne leur pardonnent.	Bana babandaka liboso kolinga baboti na bango; na nsima bakosambisa bango; ntango mosusu,  okebi te mpo na libela balimbisaka bango te.
En regardant les fleurs j'ai pensé soudain que les êtres humains aussi avaient un bon côté. Ce sont eux qui ont découvert la beauté des fleurs et ce sont aussi les humains qui peuvent l'apprécier.	Na botali ba fololo, nabanzi na mpwasa ete bato na mokili mpe bazalaka mpe na bolamu. Ezali bango nde bamonaki liboso bonzenga ya ba fololo mpe ezali lisusu bato nde bakoki kolula yango.
J'ignore s'il est doté de pouvoirs spéciaux ou pas, mais il est sans doute plus fort qu'un humain normal.	Nayabi te soki azali na nguya mosusu ya lolenge mosusu to te, kasi azali solo na makasi koleka oyo moto esengeli azala na yango.
Ces feuilles vertes deviennent rouges ou jaunes à l'automne.	Nkasa iye ya langi ya mpondu ikomaka motane to mpe na langi ya mosaka na automne.
Ce passage est le plus technique de ce morceau de piano. J'ai mis beaucoup de temps avant de savoir le jouer.	Esika oyo ezali makasi koleka eteni ya kobeta piano oyo. Ezwaki ngai tango mingi yambo nayeba kobeta yango.
Je mis mes doigts dans mes oreilles pour éviter ces bruits terribles.	Natie misapi na matoyi na ngai pona koboya koyoka makele oyo ya mabe.
Une langue acérée est plus dangereuse qu'un couteau acéré.	Monoko mabe ezali mabe mingi koleka mbeli ya mino makasi.
Le propriétaire de ce bar ne vend jamais d’alcool à crédit.	Mokolo ya nganda oyo adefisaka masanga ata mokolo moko te.
Trouver une solution qui fonctionnait fut un processus expérimental.	Kozwa eyano oyo esengelaki ezalaki lolenge ya komeka.
Jane doit arrêter de céder à son désir de chocolat.	Jane esengeli atika kolandaka mposa na ye ya sokola (chocolat).
La première fois que tu rencontres une personne, tu devrais être attentive à la proximité avec laquelle tu te tiens par rapport à elle.	Mbala ya liboso okutani na moto, esengeli ozala keba na lolenge ya komipesa na ye.
Manger de la glace me met toujours de bonne humeur.	Kolia alaska etiyaka ngai ntango nyonso na nsai.
Le crime aurait été parfait si le voleur n'avait pas oublié d'essuyer ses empreintes digitales.	Mbeba ekokaki koleka malamu mingi soki moyibi abosanaki te kopangusa bilembo ya misapi mya ye ya mboko.
La statue de la liberté est un symbole de l'Amérique.	Ekeko ya bonsomi ezali elembo ya mboka America.
M. Johnson a subitement changé d'avis et a signé le contrat.	M. Johnson abongoli makanisi na mpwasa mpe atie mokoloto na contrat.
Un coup de tonnerre soudain le réveilla.	Nkake elamusaki ya na mpwasa.
Nous avons actuellement aux États-Unis plus de gardes de sécurité pour les riches que de services de police pour les pauvres.	Tozali na ngonga oyo okati ya America na ba sinzili oyo babatelaka ba mvuama ebele koleka ba pulusu pona babola.
L'état ne devrait pas supprimer des droits civiques, il devrait les protéger !	Mbula matari esengelaki te alongola bosengeli mya bayi mboka, esengelaki nde abatela myango !
Mario, arrête de me traiter d'homo! Je suis hétéro !	Mario, tika kozwa ngai lokola pede! Nazali mobali !
As-tu conscience du rapport entre la fumée du tabac et le cancer du poumon?	Ozali na bososoli na ya maye mazali kati ya milinga ya likaya mpe bokono ya cancer ya poumon?
Les données à discuter ci-dessous ont été collectées de la manière suivante.	Ba nsango tokolobela na nse awa mazwamaki na lolenge loye.
De nombreuses personnes ne le comprennent jamais et terminent avec un emploi au gouvernement. Comment ils font ça restera toujours un mystère.	Bato mingi basosolaka yango ata mokolo moko te mpe basilaka na kozwa mosala okati ya misala mya mbulamatari. Ndenge nini basalaka yango etikalaka kaka libombeli.
M. Brun est jaloux du succès de son collègue.	M. Brun azali na likunya ya moninga na ye ya mosala.
Un entrepôt plein de feux d'artifice a explosé et a détruit un pâté de maison entier.	Magazin moko etondisamaki na mikali-kali ebetaki canon mpe ebebisi molongo mobimba ya ba ndako.
La parade était menée par un orchestre militaire.	Milulu mya ba mampinga elengelamaki bongo na lisanga mya mindule ya ba soda.
Bob a dit à Jane de ne pas se mêler de ses affaires.	Bob alobi na Jane akota makambo na ye te.
Un énorme cri d'encouragement s'éleva de la foule.	Milolo mya makasi pona kokumisa ewutaki okati ya lisanga ya bato.
En découvrant que les autres avaient réussi, elle devint verte de jalousie.	na koma ete basusu ba longaki, atondisamaki na zuwa.
Les oiseaux, par exemple, ont un système particulier de protection.	Ndakisa ya ba ndeke, bazali na lolenge ekeseni ya komibatela.
Sous la torture il a confessé des crimes qu'il n'avait pas commis.	Na nse ya monyokoli andimaki ba mbeba oyo ye asalaki te.
Le roi de l'Orient avait un beau jardin et, dans ce jardin, se trouvait un arbre qui portait des pommes d'or.	Mokonzi monyele bisika moi ewutaka azalaki na elanga moko ya kitoko, mpe okati ya elanga wana, ezalaki na nzete moko ezalaki na ba mbuma ya wolo.
Monsieur, ce CD n'est disponible que sur commande.	Ndeko mobali, disque oyo epesami bobele soki osali commande.
Mesdames et Messieurs, nous avons maintenant atterri à l'aéroport international de Tokyo.	ba ndeko basi mpe mibali, tosili kokita na libanda lya ndako ya pepo ya Tokyo (aéroport international de Tokyo).
L'avion a atterri suivant les instructions de la tour de contrôle.	Pepo ekiti na bolandi mitindo nyonso ya tour de contrôle.
Une des différences les plus importantes entre les Américains et les Japonais est que les Japonais ont tendance à choisir une vie sans danger, alors que les Américains explorent la vie et la défient.	Moko ya ba bokeseni ya motuya koleka mazali kati ya ba Américains na ba Japonais ezali ete ba Japonais basalaka ndeti ba pona bomoi ezanga mutungisi, kasi ba Américains bakotaka na mozingo ya bomoi mpe batiaka ntembe na bomoi.
L'inspecteur tint le verre à vin dans la lumière pour vérifier les empreintes digitales.	Inspecteur atiyaki kopo ya vino na pole ya mwinda pona koyeba bilembo ya misapi mya maboko.
Tom entra dans l'ascenseur et appuya sur le bouton du troisième étage.	Tom akoti na ascenseur mpe afini buton ya etage ya misato.
J'ai agi pour me protéger d'une destinée similaire.	Nasali bongo mpo na mibatela na likama ya boye na bomoi oyo etikali.
Il y a une foule curieuse des deux côtés de l'avenue.	Ezali na liboke ya bato oyo balingaka koyeba nyonso na ngambo mibale ya bala bala.
Pour le dessert, Marie avait fait son gâteau au chocolat et une salade de fruits.	Pona kosukola monoko, Maria asalaki gato ya chocolat mpe salade ya ba mbuma ya sukali.
Il a la réputation d'être intègre. Il ne serait jamais impliqué dans de la corruption.	Ayebani lokola moto ya sembo. Akoki soki moke te kokota na makambu ya moyibi.
Les mains de ma femme sont légèrement plus petites que celles de l'assistant du magasin.	Maboko ya mwasi na ngai ezali mwa mike bokokanisi na maboko ya mosali ya magasin.
Les violences post-électorales ont fait 5 victimes.	Mobulu sima mya maponami ebomaki bato mitano.
Selon la légende, ces bois étaient hantés, aussi les gens évitaient d'y pénétrer.	Lisapo eloba ete, zamba wana ezalaki na milimo mabe, mpe bato bazalaki kokima kokota yango.
La charité individuelle n'est qu'une goutte d'eau dans l'océan.	Motema malamu oyo ezali kowuta kaka na moto moko ezali lokolo litango ya mayi okati ya ebala.
Elle prend plaisir à regarder des films d'horreur.	Asepelaka kotala mingi-mingi ba film ya kobangisa.
Un couple a découvert par hasard un trésor de 1400 pièces d'or en Californie.	Mwasi na mobali moko bakutanaki na nkoto moko na nkama minei ya biteni ya wolo na mpwasa na mboka Californie.
Je pense que vous vouliez ajouter une traduction à cette phrase, au lieu de cela vous venez d'ajouter un commentaire ; pour traduire une phrase il vous suffit de cliquer sur ce bouton.	Nakanisi ete bolingaki bobakisa elimboli moko na ndelo oyo, kasi na esika ya kosala yango bowuti nde kobakisa maloba ; pona kolimbola ndelo moko ya maloba esengeli na bino ko fina mbuma oyo.
Sa technique était unique et absolument incroyable.	Lolenge na ye yakosala ezalaki lolenge moko naino tomona te mpe ezalaki ya kokamwisa mingi.
Cette vie est un hôpital où chaque malade est possédé du désir de changer de lit.	Bomoi oyo ezali lokola lopitalo bisika mokoni moko na moko atondisami na mposa ya kozwa mbeto mususu.
Ah, je vous remercie, mon cher.	Boye, natondi yo, ndeko na ngayi
Les pirates ont enfoui leur trésor sous terre.	Ba miyibi ya nzela mayi bakundi bomengo na bango na nse ya mabele.
Si tu ne peux pas les battre, allie-toi avec eux.	Soko olingi kobundisa bango te, sangana na bango.
Puis-je vous aider, madame ?	Nakoki kosalisa yo ndeko mwasi?
J'ai du abattre mon cheval parce qu'il souffrait beaucoup.	Na sengelaki koboma mpunda na ngai po azalaki kobela bela mingi.
L'éléphant d'Afrique est doté d'oreilles plus grandes que l'éléphant d'Asie.	Nzoku ya Africa azali na matoyi minene koleka nzoku ya Asia.
Père aime raconter des blagues.	Tata alingaka kosala ba maseki.
Il rit car le film est drôle.	Azali koseka film mpo ezo sekisa.
Même lorsque j'irai par la sinistre vallée, je ne craindrai pas le mal, car Tu es avec moi ; ton bâton et ta canne me rassureront.	Ata soki nakeyi na nzela ya liwa, nakobanga mabe ata moke te, mpo ete ozali na ngayi; Nzete mpe mfimbu na yo ezali kolendisa ngayi.
Je ne me moque pas de vous. Certaines personnes croient vraiment que le monde n'a que six mille ans.	Nazali koseka bino te. Bato misusu bandimaka penza ete mokili mozali kaka na mibu nkóto motoba (6000).
La science a découvert qu'il y a cinq types d'êtres humains.	Bato na mayele bakundoli ete ezalaka na lolenge mitano ya bato.
Michael Jackson était le chanteur le plus célèbre aux États-Unis.	Michael Jackson azalaki moyembi oyo ayebanaki koleka na America.
Monsieur David à l'air fatigué.	Monsieur David azali lokola ya kolemba.
Le gangster local avait l'habitude de conduire à travers la ville, s'arrêtant de temps en temps pour discuter avec les enfants.	Moto ya makasi ya mboka azalaki na bizaleli ya ko kumba na kati ya mboka, kotelema tangu misusu pona kosolola na bana mikie.
Lorsque j'inspire profondément, une douleur me lance le long du côté droit de mon dos.	Soki na bimisi pema makasi, pasi ezali kosala ngai na mupanzi ya loboko ya mobali ya mukongo na ngai.
Combien de pays commencent par la lettre Y ?	Ba mboka boni nkombo nango ebandaka na elembo Y ?
Mets un pied devant l'autre, pour avancer.	Tiya lokolo liboso ya mosusu, mpo okende liboso.
Maman a pleuré.	Mama aleli.
Madame, puis-je prendre vos mensurations ?	Mwasi, nakoki kozwa ba makila ya sanza na yo?
En hiver l'île est couverte de glace et de neige.	Na hiver, esanga etondaka na glace mpe ba neige.
Je ne suis pas le Christ, mais celui qui a été envoyé devant lui.	Nazali kristu te, kasi moto oyo atindami liboso na ye.
Chers mesdames et messieurs, bienvenue à bord.	Bandeko basi mpe mibali, boyeyi malamu na kati ya mobembo.
Anne accepta la demande en mariage d'Henri.	Ana andimi andimi kobalana na Henri.
Salut, ça va ?	Losako, Ozali malamu?
La récompense suprême est un baiser de la princesse.	Lifuti oyo eleki nyonso ezali lipwepwe ya muana ya mokonzi ya muasi.
Le prof avec qui j'ai déjeuné s'appelle Peter.	Molakisi oyo na lyaki na ye na tongo nkombo na ye Peter.
Sa voix résonne encore à mes oreilles.	Mongongo na ye ezali lisusu koyokana na matoyi na ngai.
Comment oses-tu me traiter comme un criminel !	Ndenge nini ozali kozwa ngai lokola mobomi !
Ce n'est que lorsque notre santé nous quitte que nous nous rendons compte de sa valeur.	Ezali kaka na ntangu to bungisaka bokolongonu bwa nzoto na biso nde toyaka koyeba motuya na yango.
À Londres, la police craint toujours de trouver une bombe dans le train ou le métro.	Na Londres, pulusu abangaka ngonga nyonso ko kuta bombe na kati ya engunduka to pe metro.
Steve a reçu une lettre de Jane.	Steve ayambi mokanda ya Jane.
Richard a dit que sa mère était malade, ce qui est un mensonge.	Richard alobi ete mama na ye azalaki kobela, ezali lokuta.
Tu es vraiment incapable de garder un secret.	Ozali penza na makasi te ya ko bomba sekele.
Billy se cogne souvent la tête contre la fenêtre.	Billy atutanaka mutu mingingi na lininisa.
Je me demande ce qu'il se passera si j'appuie sur ce bouton.	Nazali komituna, eloko nini ekosalema soki nafini mbuma oyo.
Lève-toi et brille, Jeannot ! C'est l'heure d'aller à l'école.	Telema mpe ngenga, Jeannot ! Ekomi ngonga ya kokende kelassi.
C'est madame Lee, la mère de Susan, à Londres.	Ezali ndeko mwasi Lee, mama ya Suzana, na Londres.
Ma grand-mère s'est blessée la jambe en chutant.	Nkoko na ngayi ya mwasi azoki na lokolo tango akweyaki.
Il y a quatre points cardinaux : L'est, le sud, l'ouest et le nord.	Ezali na ngambo minei pona kolakisa bisika  : monyele, sudi, westi mpe eloli.
Les élèves marchèrent en file indienne.	Bana ya kelassi batambolaki na molongo.
Il y a un monde entre « se faire comprendre » et « avoir un anglais correct. »	"Ezali na mokili ekaboli ""kososolama"" na ""koloba anglais ya malamu. »"
Je n'ai pas d'objection à payer des frais spéciaux si cela est nécessaire.	Na koboya kofuta ba mbongo ya koleka soki esengeli bongo.
Si on crie du haut d'une falaise, on entend l'écho de sa voix.	Soki ongangi likolo ya lubwaku, okoyoka mongongo na yo  kozongela yo.
Après un moment, il commença à dire des inepties.	Na sima ya mwa ngonga, abandi koloba bilobela.
Heureux ceux qui ont une âme de pauvre, car le Royaume des Cieux est à eux.	Esengo na babola ya molimo, pamba te bokonzi ya likolo ezali ya bango.
Leur manière d'éduquer leurs enfants est extrêmement inhabituelle.	Lolenge na bango ya kokolisa bana na bango ezali penza lolenge ya momesano te.
Mon papa a dit non.	Tata na ngai alobi te.
Il est interdit aux étudiants de fumer sur le terrain de l'école.	Epekisami na bayekoli komela makaya na etando ya eteyelo.
C’est au juge de décider si une plainte peut donner lieu à une enquête de police.	Ezali zuzi nde azwaka mokano soki mafundi ezo senga ete pulusu akenda kosala ba enqueti.
Le savoir sans bon sens ne mène à rien.	Boyebi soki ezangi bosembo, ezali na motuya te.
Je pense sincèrement qu'il est préférable d'échouer à quelque chose que l'on adore plutôt que d'avoir du succès à quelque chose que l'on déteste.	Na banzi na bosembo nyonso ete ezali malamu ozanga kolonga kati na eloko oyo olingaka na esika ya kolonga na eloko oyo oyina.
Amy a travaillé dans la cour samedi dernier.	Amy asalaki mosala na etando o liboso ya ndako mokolo ya poso oyo elekaki.
Je mange avec mon frangin.	Na nazo lia na ndeko na ngai.
Ah, Monsieur ! Mangez mon chat, s'il vous plaît !	Ah, Ndeko Mobali - ! Bolia nyawu na ngai, nabondeli bino !
Le prince Charles sera le prochain roi britannique.	Muana mokonzi ya mobali Charles akozala mokonzi ya lobi ya engumba ya Angleterre.
Elle hurle à peine on lui touche le nerf ulnaire.	Angangi makasi kaka ntangu basimbi ye misisa ya maboko.
Je n'aime pas manger des glaces pendant l'hiver.	Nalingaka mingi koliya alaska na hiver.
La semaine prochaine, mon ami qui habite en Angleterre viendra au Brésil pour cinq mois, espérant y trouver un bon travail.	Na poso ezali koya, moniga na ngai avandaka na Angleterre akoya na Brésil mpona sanza mitano, azali kolikya ete akozwa mosala ya malamu.
Attends le signal vert avant de commencer à traverser.	Zela mwinda ya langi ya mayi ya pondu epela liboso ya kokatisa.
Qu'on me donne six lignes écrites de la main du plus honnête homme, j'y trouverai de quoi le faire pendre.	Bapesa ngai ba ndelo motoba ya makomi oyo okomami na maboko ya moto oyo aleki sembo, nakomi diembika.
C'est un fort construit pour protéger la ville des invasions.	Ezali efelo ya mabanga makasi oyo etongami pona kobatela mboka na banguna.
Tom est un chef célèbre.	Tom azali mokonzi oyo ayebani.
Jeff pense qu'il ne tombera jamais amoureux.	Jeff akanisi ete akokweyisama ata mokolo moko te na bolingo.
Merci de m'avoir envoyé une belle lettre.	Matondo pona ndenge otindelaki ngai mokanda kitoko.
Ce bâtiment au toit marron est une église.	Ndako oyo na matolo ya motane ngwa ezali ecclieza.
Est-ce que Jerry a vraiment gagné au loto ?	 Ezali ya solo Jerry alongi na masano ya loto.
Thomas s'est inscrit sur un site de rencontres.	Thomas amikomisi na site ya internet ya bokutani ya ba minzemba.
Soupe de requin ou steak de baleine ? - Vous avez le choix.	Supu ya mbenga to mosuni ya baleine ? Epesameli bino kopona.
Scott a reçu une éducation très sévère.	Scott akolisami na lolenge ya makasi mingi.
Benjamin tua un ours avec un fusil.	Benjamin abomi ours na munduki.
Le suicide, c'est une vengeance personnelle, et moi, personnellement, je ne m'en veux pas.	Komiboma ezali komizongisela mabe, ngayi mpeza, nalingi yango te.
Le commerce entre Les États-Unis et la Chine a beaucoup augmenté.	Mombongo kati ya America na China a emati mingi makasi.
Au fond, tu as absolument raison.	Na bozindo, ozali na elonga.
Je ne veux pas faire comme beaucoup, qui d'abord ruinent leur santé pour gagner de l'argent, puis ensuite se ruinent pour la regagner.	Nalingi kosala lokola bato ebele te, oyo ba bandaka nanu na kobebisa bokolongo bwa nzoto na bango kati ya koluka mbongo, sima ba silisa mbongo pona kozongela bokolongo bwa nzoto na bango.
On rentre chez nous.	Tozonga epayi na biso.
En parlant du professeur Smith, son assistant est dur d'oreille.	Awa tozolobela molakisi Smith, mosalisi na ye azali matoyi mangongi.
L'assassin confessera bientôt son crime.	Mobomi akotubela kala te mbeba naye.
Jouer de la country à la guitare est très facile pour un musicien professionnel.	Kobeta miziki country na lindanda ezali pete mingi pona mobeti miziki ya solo.
Tom fit tout ce qu'il put pour sauver les enfants pris au piège dans le bâtiment en flammes.	Tom asalaki nyonso akokaki kosala pona kobikisa bana mikie oyo ba kangamaki na motambo na ndako ezalaki kozika.
Le test ADN l'a blanchi de toutes les accusations.	Examen ya ADN ebikisi ye mafundi nyonso.
Cette voix semble familière.	Mongongo moye lokola nayebi yango malamu.
La meilleure défense, c'est l'attaque.	Lolenga malamu ya komibatela, ezali kobanda bitumba.
Le loup changera de forme, mais continuera à manger du poulet.	Mbwa ya zamba ako bongwana, kasi ako tika te koyiba ba sosso.
De mon côté, je ne voyage pas pour aller quelque part. Je voyage pour voyager. Le principal est de se bouger.	Na oyo etali nagayi, nazali kosala mobembo te pona elengi ya kokende bisika songolo. Nazali kosala mobembo kaka tika nasala. Motuya ezali kotambola.
Chris fut embauché pour peindre des maisons, et put mettre de l'argent de côté.	Chris azwaki mosala ya kopakola langi na bandako, mpe akokaki kosangisa mosolo.
Une déclaration a été lue au sujet des coupes dans les programmes sociaux.	Mokano moko etangamaki likolo ya kokitisa mosolo epesamaka na makambo ya kosalisa bato.
Si vous déposez votre lettre à la poste avant dix-neuf heure, elle sera rendue à destination le lendemain.	Soki otiki mokanda na yo na poste liboso ya ngonga ya zomi na libwa, ekotindama na mokolo molandi.
Le palais royal fut érigé sur une colline.	Ndako ya mokonzi etongamaki likolo ya ngomba.
Nous venons d'être informés que l'ennemi nous attend embusqué à deux milles plus loin sur le chemin.	Tozwi nsango ete monguna azali kozela biso na kobatama kilometri mibale musika na nzela.
Un rat traversa la route.	Mpuku moko akatisi na nzela.
Tom fait tout ce qu'il peut pour améliorer la qualité de vie de ses patients.	Tom azali kosala nyonso akoki pona kobongisa lolenge ya kobika ya babeli naye.
L'acteur quitta le lieu du tournage précipitamment.	Mosali film alongwe na esika ya mosala na lombango.
Soudain, la porte s'est refermée d'un coup.	Na mpwasa, ekuke ekangami na mabalakata.
La fête surprise pour Laura n'est pas ce soir, mais demain soir.	Nteke ya kosutikisa Laura ezali pona mpokwa ya lelo te, kasi na mpokwa ya lobi.
Je me suis blessé pendant la séance d'éducation physique.	Nazokaki mpota na na ngonga ya bosali education physique.
Les incendies sont moins effrayants aujourd'hui qu'ils ne l'étaient autrefois, parce que de plus en plus de maisons sont construites en béton et les maisons en béton ne brûlent pas aussi facilement que les maisons en bois.	Makama mazali kobangisa mingi te mikolo ya lelo lokola mazalaka na kala, pamba te ba ndako ekomi kotongama na béton mpe ba ndako ya béton mazikaka na pete te lokola ba ndako ya mabaya.
Nous baptisâmes le chien Tim.	Topesaki mbwa nkombo ya Tim.
J'ai rencontré un oto-rhino-laryngologiste à une fête dimanche.	Nakutanaki na monganga moko oyo asalisaka ba bokono bwa matoyi, zolo mpe kingodingodi, bisika ya nteke moko na mokolo ya lomingo.
Ted a un ordinateur dans le cerveau.	Ted azali  na ordinateur na bongo.
Luke a les cheveux courts.	Luke azali na suki ya mikuse.
Les maisons de bois brûlent plus facilement que les maisons de pierre.	Ba ndako ya mabaya ezikaka na pete mingi koleka ba ndako ya mabanga.
Le seigneur avait un pouvoir absolu sur ses sujets.	Mokolo bilanga azalaki na nguya likolo ya basali na ye.
Un vieux chêne grince dans la tempête.	Nzete ya ekoli makasi ebangaka mopepe ya makasi.
La consommation d'alcool dans les rues ou les parcs est illégale dans la plus grande partie des Etats-Unis.	Komele masanga na ba balabala to mpe na bisika bazwaka mopepe ezali mbeba na bisika ebele ya engumba ya America.
Le brouillard commença à se dissiper vers 10 heures.	Londende ebandaki kosila na nzinga-nzinga ya ngonga zomi.
À mesure que les arbres grandissent, ils privent l'herbe de lumière.	Na tango banzete bazali kokola, bazali kopimela matiti moyi.
Sa beauté le charma.	Bonzenga na ye ekweyisi ye.
Je ne voyais pas suffisamment bien pour pouvoir dire si la tache noire sur le plafond était une araignée ou une mouche.	Nazalaki komona malamu te mpona koloba soki bosoto ya moke ya moindo moye mozali na matolo soki ezalaki Limpúlututú to nzinzi.
Ils ont tourné le film dans un vrai désert.	Basalaki film na bisika bi kawuka ya solo.
Fred commença à aimer Jane, et ils ont commencé à se voir.	Fred akomaki kolinga Jane, mpe babandaki kokutana.
Une carte est fournie sur demande.	Carte moko epesamaki sima ya bosengi.
J'ai vu un cheval tirant une carriole.	Mamoni mpunda komema pusu-pusu.
C'était hier matin que j'avais vu M. Carter.	Ezalaki lobi na tongo nde namonaki M. Carter.
La pointe de la lame du couteau est aiguisée.	Songe ya mbeli ezali yako sebisama.
Un manque de sommeil affecta la prestation du chanteur.	Bozangi kolala ebandi kobebisa lolenge ya koyemba ya molangi nzembo.
Peter et Emma sont juste amis. Il n'y a rien entre eux.	Peter na Emma bazali kaka ba ninga. Likambo moko te ezali na kati na bango.
Le précédent président des États-Unis est le seul Américain à connaître le président de tous les pays.	Mokonzi ya America oyo aleki azali americain moko kaka oyo ayebi bakonzi ya ba mboka nyonso.
La paix n'est pas l'absence de violence mais la présence de justice.	Kimya ezali bozangi ya mobulu te, kasi bozali ya mibeko.
Lorsque nous dormons, la température du corps chute de quelques degrés.	Tango tolalaka, moto ya nzoto ekitaka na ba degré moke.
Les États-unis ont déjà un quart de la population mondiale des prisons.	America basi bazali na eteni moko ya minei ya motuya ya bato ya mokili mobimba ya boloko.
Si tu agis comme un idiot, tu dois être traité comme tel.	Soki ozali kosala makambo lokola zoba, esengeli bazwa yo lokola zoba.
Le prix que les personnalités ont à payer pour leur célébrité est un manque d'intimité.	Motuya ya mosolo oyo bato bakenda nsango basengelaka kofuta pona boyebani na bango ezali kozanga bonsomi.
Les autres filles sont jalouses de Lillie parce qu'elle est très jolie.	Bana ya basi misusu bazali na likunia ya Lillie mpona azali kitoko mingi.
De par le décès de Joan Rivers, le monde a perdu une femme pleine d'humour.	Na liwa ya Joyani Rivers, mokili esili kobungisa mwasi mosekisi bato monene.
Traduis, au lieu de bavasser !	Limbola, kasi ko balola balola monoko te !
Julie a reçu une carte de Noël de son frère en Italie.	Julia azwi mokanda ya Noel ewuti epayi ya ndeko na ye ya mobali azalaka na mboka Italie.
Nous connaissons la légende de Robin des Bois.	Toyebi lisolo ya Robin des bois.
C'était la seule façon dont nous pouvions nous défendre contre tous ces tirs terribles.	Ezali kaka lolenge loye nde tokomibatela na masasi nyonso tozali kozwa.
Je n'en ai absolument aucune idée.	Nayebi soki mukie te.
Sauf exceptions, tout le monde est autorisé à entrer dans l'immeuble.	Loba mobeko mususu ekweya, bato nyonso bazali na ndingisa ya kokota na immeuble.
Rien ne saurait excuser son comportement grossier.	Eloko moko te ekoki kondimisa bizaleli naye ya mabe.
Salut.	Losako.
J'ai littéralement mangé une dizaine d’œufs le dimanche de Pâques.	Naliaki lokola maki zomi na lomingo ya pasika.
Ne blasphémez pas ou je laverai votre bouche avec du savon.	Bo bimisa maloba mate te moki te nako sukola munoko na bino na sabuni.
Une carte d'identité en règle est requise.	Mokanda ya d'identité ezali mobeko oyo esengeli.
Julie donne un bec à sa fille.	Julie apesi munoko na muana naye ya muasi.
Cet homme est un policier de la brigade criminelle, et non pas un criminel.	Moto oyo azali pulusu ya oyo bakanga babomi batu, kasi azali mobomi te.
Une cérémonie d'adieu fut tenue en l'honneur de monsieur Jones hier.	Nteke ya bokabwani ya libela esalemaki na tina ya ndeko mobali Jones lobi.
Hitler a pris le pouvoir en 1933.	Hitler azwaki bokonzi na mbula nkoto lyoko na nkama libwa ntuku misato na misato.
Je me casse.	Nakeyi.
Le viol est toujours un crime violent.	Viol ezali mbeba ya makasi.
Maman et papa sont très nerveux.	Mama na papa bazali na nkanda makasi.
Dans la salle de bain de l'hôtel il y avait une corde pour suspendre les vêtements mouillés.	Na bisika ya kosukola na hotel ezalaki na singa pona kotanda bilamba ya mayi.
Notre ultime but est d'établir la paix dans le monde.	Mposa na biso ya suka ezali kokotisa kimia okati ya mokili.
Les bénéfices de la drogue, ils l'employaient à acquérir de nombreuses propriétés immobilières.	Milekeli ya mombongo ya drogue, bazalaki kosalela yango pona kosomba ba ndako ebele.
Elle fut placée à la tête du projet, bien qu'elle n'ait aucune aptitude à diriger.	Batiaki ye lokola mokambi ya misala wana, ata soki azalaki na mayele ata moko te ya kokonza.
La femme sourde portait un gilet de sécurité orange d'ouvrier du bâtiment.	Muana mwasi oyo akufa matoyi azalaki kolata elamba ya langi ya mosaka oyo basali na bisika batonga ba ndako balataka.
C'est un truc de gonzesses.	Eza likambo ya basi.
Je me demande si le Prince Guillaume laisse quiconque l'appeler Bill.	Nazo mituna soki muana mokonzi ya mobali Guillaume azali kotika mutu songolo abenga ye Bill
Un bateau de rêves a accosté un cauchemar.	Masuwa ya ndoto ememi ndoto ya mabe.
Ils ont ressenti une douleur à la fois physique et émotionnelle.	Bayokaki pasi ya nzoto mpe ya molimo.
Travaille au lieu de bavarder !	Sala mosala na esika ya koloba loba.
Les ailes nous manquent, mais nous avons toujours assez de force pour tomber.	Mapapu ezangi biso, kasi tozali kaka na makasi oyo esengeli pona kokweya.
Elle portait une ceinture rose aussi chère que moche.	Azalaki kolata mokaba ya rose ya talo kasi mabe.
Le vent souffle à une vitesse incroyable.	Mopepe ezali kopepa na mbango oyo okondima te.
La glace sur le lac est trop fine pour supporter ton poids.	Glace likolo ya mayi ezali mukie makasi pona kosimba kilo na yo.
Tiens, quelle formidable coïncidence ! Tom a les mêmes empreintes digitales que moi.	Tala, oyo bokutani ya lolenge nini ! Tom azali na bilembo moko ya maboko na ngai.
C'est quand on devient capable de bouger que la véritable valeur de la santé se fait ressentir.	Ntango tokomaka ko ninganga nde ntina ya solo ya bokolongono bwa nzoto emonisamaka.
Je me demande s'il pourrait me prêter sa guitare pendant les congés.	Nazo mituna soki akoki kodefisa ngai lindanda na ye na ntango ya congés.
Il n'avait qu'un seul désir : se faire tout petit et vivre parmi les lumières et les ombres.	Azalaki kaka na mposa moko: komikomisa mukie mpe kosala bomoi naye bisika na mwinda mpe molili.
Je l'ai entendue sangloter dans sa chambre.	Nayokaki ye kolela okati ya elálelo na ye.
Le chasseur abattit un ours.	Moto ya bokila abomaki ours moko.
Le guide touristique a volé mon identité.	Molakisi nzela na ba paya ayibaki mukanda ya identite na ngai.
Il s'enrôla dans la marine des États-Unis.	Amikotisaka na mampinga ya America.
Le monde est un grand bal où chacun est masqué.	Mokili ezali etando inene ya masano bisika batu nyonso balati ba masques.
Elle a fait un voyage en Amérique, en s'arrêtant dans six grandes villes.	Asalaki mombembo na America, atelemaki na ba mboka motoba ya minene.
Le père de Tom s'appelait Jean.	Papa ya Tom kombo naye ezalaki Jean.
Durant l'été il ne fait, en Italie, pas nuit avant vingt-et-une heure.	Na ntangu ya été, omboka Italie, butu eyingelakai te liboso ya ngonga ntúkú míbalé na moko.
La couronne de la Reine était d'or.	Kata ya muasi ya mokonzi ezalaki ya wolo.
Tant dut coûter de peine / ce long enfantement de la grandeur romaine !	Esengelaki kaka ezali pasi / kobota oyo ozwi ngongo molayi lolenge moko na monene ya ba romains !
Betty a une voix charmante.	Betty azali na mungongo ya kitoko.
Il est persuadé qu'ils vont voter en faveur de M. Jones.	Azali kobanza penza makasi ete bakopono M.Jones na maponami.
Mon ancienne professeur d'anglais doit sûrement se retourner dans sa tombe à l'heure qu'il est.	Molakisi na ngai ya muasi ya kala ya Anglais na ngonga oyo nazali kobanza ete azali kobaluka okati ya lilita naye.
M. Jordan s'est réveillé soudainement.	M. Jordan alamuki na mbalakata.
Il est doux et noble de mourir pour la patrie.	Ezali likambu ya malamu mpe lokumu kokufa pona ekolo.
C'est alors que nous avons appris que la poste centrale était en feu et qu'ils avaient kidnappé notre président.	Nde toye koyeba ete bisika na biso ya mosala esilaki kozwa moto mpe ba kangi mokonzi na biso.
Assure-toi d'avoir enclanché le cerveau avant de mettre la bouche en mouvement !	Zala nakoyeba ete bongo nayo ekanisi malamu yambo monoko nayo efungwama.
Donc, p est vrai si et seulement si q est vrai.	Na yango, p ezali ya solo kaka soki q ezali ya solo.
La vieille femme a envoyé un serviteur pour le tronc.	Mobange ya muasi atindaki mosali moko pona mabonza.
Après dix ans comme partenaires en affaires, ils ont décidé de se séparer.	Sima ya kosala mbula zomi lokola baninga ya mosala, bazwaki mokano ya kokabwana.
Selon ce magazine, mon actrice favorite épousera un musicien de jazz au printemps prochain.	Lolenge magazine oyo elobi, mutu na ngai nalingaka mingi akobala mobeti muziki na printemps oyo ezali koya.
L'avion a perdu une partie de son aile.	Mpepo ebungisaki eteni ya lipapu nango.
Les soldats sur les bateaux feraient des cibles faciles.	Ba soda okati ya masuwa bazali pete pona koboma.
Le son de ta voix est comme le chant d'une sirène.	Mongongo nayo ezali lokola loyembo ya mamiwata.
Vénus n'est qu'à peine plus petite que la Terre et Mars est plus grosse que la moitié de la Terre.	Vénus ezali mua muke lokola Mabele mpe Mars ezali monene koleka katikati ya Mabele.
Quelle est la différence entre un samouraï et un ninja ?	Bokeseni nini ezali kati ya samouraï na ninja ?
Au football américain la défense a un travail spécifique.	Na lisano ya ndembo (football) ya ba américain bayi défense bazali na mosala ya motuya yakosala.
Faites fondre le chocolat, ajoutez le beurre et remuez bien.	Komisa sokola mayimayi, bakisa manteka mpe sangisa yango malamu.
Carol et Jane ont dû l'oublier au bureau.	Carol na Jane babosani yango na esika ya mosala na banzi.
La plupart des Étasuniens étaient d'accord avec le président Wilson.	Ebele ya ba americains bazalaki liloba lyoko na mokonzi ya mboka Wilson.
Mon estomac a commencé à grogner pendant le rendez-vous. C'était embarrassant.	Mitshiopo na ngai ekomaki koningana na ngonga ya bokutani. Ezali mutungisi.
Carlos est intelligent et créatif.	Carlos azali mayele mpe akelaka.
Entre nous, il a une maîtresse.	kati na biso, azali na likangu.
Il nous envoya un poème tellement touchant.	Atindeli biso poème moko ezali nakasi mingi.
Si les cons faisaient un concours, tu finirais deuxième, tu es bien trop con pour finir premier.	Soki bazoba basali momekano, okozala moto ya mibale, ozali zoba makasi yango okoki te kozala moto ya yambo.
Il n'y a pas deux personnes ayant les mêmes empreintes digitales.	Bato mibale bakoki te kozala na bilembo moko ya misapi maboko ekokana.
Que diriez-vous d'une crème glacée avec une sauce au chocolat pour le dessert?	Bokanisi ete crème glacée na mua soupou ya sokola pona kolembisa munoko ezali likanisi malamu?
Les enfants font comme s'ils se brossaient les dents.	Bana bazali kosala lokola bazali kosukola minu.
Ils ont mis en place un réseau qui a couvert le bâtiment tout entier.	Batongi réseau moko etandami na ndako mobimba.
Elle a l'intention d'aller à un concours de beauté.	Azalaki na makanisi ya kokende na lisano ya momekano ya bonzenga.
Le lion est le roi de la jungle.	Ntambwe azali mokonzi ya zamba.
Il est de mauvaise grâce de cracher par la fenêtre dans la rue, ou sur le feu et tout autre lieu où on pourrait marcher sur le crachat.	Ezali likanisi ya mabe kobwaka nsoyi na lininisa oyo etalisi bongo na nzela, to pe na moto to mpe na bisiki misusu wapi tokoki kotambola likolo ya nsoyi wana.
Je t’en prie, Papa, sois bon avec lui. Je ne pourrais t’exprimer à quel point je tiens à son amitié.	Na bondeli yo, papa zala malamu naye. Nayebi te lolenge nini na talisa yo ete nalingi azala moninga na ngai.
Mon cousin est accro à l'héro.	Ndeko na ngai akoangama na minyololo ya drogue.
Dans ma ville, la température est un degré au-dessus de zéro.	Na engumba, ntanngu ezali degré moko likolo ya libungutulu.
Elle veut en avoir le plus possible pour son argent.	Alingi azwa mingi oyo esengeli na mbongo naye.
Une couleur est une main de poker dans laquelle la totalité des cinq cartes sont de la même couleur.	Langi ezali loboko moko ya lisano ya poker esika wapi ba cartes nyonso mitano mazali na langi lyoko.
Le centre restera fermé deux mois pendant l’été.	Centre ekozala bongo ya kokangama pona sanza mibale na ntangu ya été.
Les heures perdues au sol annulent l'avantage de la vitesse de croisière.	Bolekisi ntangu na mokili esilisaka ntina ya mbangu oyo masuwa ezali na yango.
Ainsi voyons-nous une vieille vérité confirmée : la guerre est toujours inutile.	nde sika oyo tomndime solo moko oyo esi elobama kala : Bitumba ezalaka kaka na ntina te.
La différence entre un « mot juste » et un « mot presque juste » est comme la différence entre la foudre et le foudre.	"Bokeseni kati ya liloba ""bongo"" na ""mukie bongo"" ezali lokola bokeseni kati ya nkake (la foudre) na nkake (le foudre)."
Un exercice régulier est excellent pour la santé.	Kosalisa nzoto mua phisiki ntangu inso ezala malamu pona bokolongonu bwa nzoto.
La science médicale a fait des progrès spectaculaires.	Mayele ya mundele pona maye matali bokolongo bwa nzoto ezali kosala makamwisi ya minene.
Les champs s'étendent, couverts d'une neige épaisse.	Bilanga ezali kokoma munene, ezipami na neinge na makasi.
Votre cargaison devrait être livrée dans les vingt-quatre heures.	Biloko na biso esengeli akomela biso na ba ngonga  ntúkú míbalé na minei.
Aux yeux de beaucoup de gens, la pauvreté est bien pire que vice : elle est faiblesse.	Na misu ya batu ebele, bobola ezali mabe koleka ezaleleli mabe : ezali bolembu.
Votre belle voix était très agréable aux oreilles.	Mongongo nayo ya kitoko ezalaki malamu mingi na matoyi.
Y a-t-il un endroit où nous pourrions parler en privé ?	Ezali na bisika oyo tokoki kosolola na nkunku ?
Linda a identifié Dan comme l'homme de son viol.	Linda alakisi Dan lokola mobali oyo alalaki ye na makasi.
Les couleurs du motif sont très ordinaires.	Langi ya bilamba bati ezali ya momeseno mpenza.
Sophie, qui avait faim, mangeait tout ce qu’elle pouvait attraper.	Sophie, oyo azalaki na nzala, aliyaki nyonso oyo akokaki kozwa.
Le plus grand zoo du monde se trouve à Berlin, en Allemagne.	Lobala ya ba nyama ya zamba ya monene koleka na mokili mobimba ezali na Berlin, na Allemagne.
Ouille, mon pied !	Ayiii, lokolo na ngai !
Science sans conscience n'est que ruine de l'âme.	Koyeba kati na kozanga bomoto ezali koboma molimo.
Notre quartier général se situe dans un autre quartier de la ville.	Kalatyé zenelale na biso ezali na kalatyé mosusu na engumba.
Ne compte pas sur lui pour te prêter de l'argent.	Kotiela ye motema te mpo adefisa yo mosolo.
Les gens ne sont des héros que quand ils ne peuvent pas faire autrement.	Bato bakomaka bilombe ntango bazalaka lisusu na lolenge mosusu ya kosala te.
Mon oncle conduit comme un pied !	Noko na ngai ayebi kokumba te !
Dans notre malheur, nous avons eu de la chance : nous avions fait une sauvegarde complète la veille.	Na mpasi na biso, tozwaki bongo libaku : tosalaki ebateli mobimba na mokolo oyo elekaki.
Le gouvernement surveillait avec attention les activités des groupes radicaux.	Leta azalaki kokengela na bokebi misala ya mangomba oyo bazalaki kotelemela ye.
Elle mit le linge sale dans la machine à laver.	Atie elamba ya mbindo na kati ya masini ya kosukola bilamba.
Pourriez-vous l'emballer ?	Okoki kokanga yango liboke ?
Je n'avais pas pu dormir la nuit d'avant, du coup je n'ai pas arrêté de piquer du nez pendant la réunion.	Nakokaki kolala na butu te, na yango nazalaki konimba na ntango ya likita.
Ne creuse pas un trou pour y faire tomber quelqu'un ou tu risques de finir toi-même dedans.	Kotimola libulu te mpo na kokweyisa moto mosusu, mpamba te okokweya kuna yo moko.
L'enfant fut fait pupille de la nation.	Mwana etike akomaki ya motuya na ekolo.
Dieu a envoyé ses anges pour te protéger où que tu ailles.	Nzambe atindaki bangelu naye mpo babatela yo bisika nyonso okokende.
Mon cousin a une large collection de figurines.	Mwana ya noko na ngai azali na liboke ya ekeko ya esaneli.
Un examen plus poussé est requis.	Momekani ya motuya esengami.
Du pinacle du bonheur, elle a sombré dans les abysses de la misère.	Kowuta na bozwi ya kafu kafu, asuki na bozang oyo ya nsuka.
Un pot de départ fut organisé pour M. Smith.	Komela ya nsuka esalamaki mpo na Tata Smith.
J'ai reçu ce couteau électrique comme cadeau.	Nazwaki mbeli oyo ya lotilíki lokola libonza.
Je pense qu'Anne aime Jacques.	Nakanisi ete Anne alingaki Jacques.
Tous au village la nommaient Le Petit Chaperon Vert.	Bato nyonso na mboka bazalaki kobenga ye Le petit Chaperon Vert.
J'ai laissé mes émotions troubler mon jugement.	Natikaki  makasini na ngai ezangisa ngai bososoli.
Fais quelque chose à propos du flot de sang qui s'échappe de la blessure.	Sala eloko moko mpo na makila oyo ezali kotanga na mpota.
Hier, j'ai écrit à Hélène.	Lobi, nakomelaki Helene.
Les amants qui aiment bien n'écrivent pas leur bonheur.	Bato oyo balingaka ya solo babetaka ntangwa te.
Puisque c'est désormais légal de se marier avec quelqu'un du même sexe, je suis à deux doigts de me marier avec moi-même.	Lokola mibeko endimi bato ya lolenge moko babalana, nakomi mpembeni ya komibala ngai moko.
Jimmy est mon enfant adoptif.	Jimmy azali mwana nabokolaka kasi nabota ye te.
Je suis membre de cette organisation depuis cinq ans. Oh attends ! Non, six.	Nazali moko ya lingomba oyo kobanda mbula mitano. Oh Zela ! Te, motoba.
Il a perdu son temps à jouer aux courses hippiques.	Alekisi ntango na ye na kobetaka masano ya mpunda.
Liz est morte depuis huit ans.	Liz akufa uta mbula mwambe.
Le scientifique a essayé de découvrir les lois de la Nature.	Moto ya mayele amekaki kokukola mibeko ya mokili.
Pourquoi faut-il que le plus grand crime et la plus grande gloire soient de verser le sang d'un homme ?	Mpo na nini esengeli kaka ete mabe ya makasi to mpe kolonga  ya makasi ezalaka kaka kotangisa makila ya moto ?
Les parents devraient superviser les activités de leurs enfants.	Baboti basengeli balandela oyo bana na bango bazali kosala.
Il est devenu sourd à sonner les cloches.	Akomi matoyi mangongi mpo na kobeta ngonga.
Cette église date du 12e siècle.	Ecclezia oyo ezali wuta sekúlo ya zomi na mibale.
Ne t'en fais pas, j'ai couvert chaque angle.	Komitungisama te, nazipiki bikuke nyonso.
Le vent a arraché le toit de notre immeuble.	Mopepe epindoli eteni ya likolo ya ndako na biso.
La ville se situe à la pointe la plus au nord du Japon.	Engumba ezali bongo na nzela kokende likolo ya Japon.
Les ventes ont chuté dans tous les grands magasins.	Koteka ekiti na magazini nyonso ya minene.
Tom a dit qu'il voulait rendre visite au Père Noël au Pôle Nord.	Tom alobaki ete alingaki kokende kotala Père Noël na Pôle Nord.
Marie est une danseuse à la barre verticale professionnelle.	Marie azali mobini na bisika oyo batiaka libende etelema.
Il y a des roues dans des roues.	Pine izali na kati ya pine.
Ce repas était simplement divin.	Biloko oyo ya kolia ezali kitoko makasi.
J'aimerais disposer de la volonté d'arrêter de manger de la malbouffe.	Nalingi nazala na makasi ya kobanda koboya kolia bilei oyo ezali malamu te mpo na nzoto.
Il est venu en se débattant et en hurlant.	Ayaki na mikakatano mpe na konganga.
Je ne puis vous approuver, ma fille, d’attacher ainsi votre admiration à un inconnu, que vous ne reverrez jamais sans doute.	Mwana na ngai ya mwasi, nakoki kondimela yo te, okende kolula moto oyo oyebi te, oyo okomonaka lisusu te.
La veuve souffrait d'un cancer de l'estomac.	Mwasi oyo akufela mobali azalaki kobela kansele ya likundu.
Les bons artistes copient, les artistes éminents volent.	Bai-ntóki ya malamu bamekolaka basusu, baí-ntóki  ya lokumo bayibaka.
Le savon aide à enlever la saleté.	Sabuni esungaka mpo na kolongola bosoto.
Papa, je suis enceinte, voici la liste des suspects....	Papa, nazali na zemi, tala molongo ya bato oyo nazali kokanisela...
Je veux une carte du Texas à l'échelle 1/250000e.	Nalingi kalati ya Texas na echelle 1/250000e.
Écrire est un sommeil plus profond que la mort.	Kokoma ezali pongi ya mozindo koleka liwa.
Le juge a demandé à l'accusé s'il connaissait la différence entre dire la vérité et dire un mensonge.	Zuzi asengi na moto bafundaki soki ayebi bokeseni oyo ezali kati ya koloba bosolo na koloba lokuta.
Un homme demanda un jour à Bouddha : Je veux du bonheur ! Bouddha lui répondit : D’abord, enlève « Je », c’est de l’ego. Puis enlève « veux », c’est du désir. Et maintenant, tout ce qu’il te reste : « du bonheur ».	"Mokolo moko moto moko atunaki na Boudha : Nalingi esengo ! Boudha ayanoli ye boye : Liboso, longola ""Na"", ezali bongai. Mpe longola ""lingi"", ezali mposa. Mpe sikoyo, nyonso otikali na yango : ""esengo""."
Nous devons quitter l'hôtel avant 10h, autrement nous allons manquer le train pour Miami.	Esengeli tolongwa na lotele liboso ya ngonga ya 10, soki te tokozanga engunduka mpo na kokoma Miami.
Le chemin vers le mal peut apporter un grand pouvoir, mais pas la loyauté.	Nzela ezali kokumba na mabe ekoki komema bokonzi ya monene, kasi bosembo te.
Elle a suivi un régime les deux derniers mois car elle a pris trop de poids durant l'hiver.	Asalaki regime ya sanza mibale ewuti koleka mpamba te akomaki monene makasi na hiver.
Les équipes de football d'Amérique latine réussissent plutôt bien, en particulier par rapport aux équipes asiatiques.	Masanga ya babeti ndembo ya Amerique latine balongaka malamu koleka, bango moko masanga ya Asia.
Tom n'est clairement pas intéressé par une adhésion à notre groupe.	Tom azali mpenza na mposa soki moke te ya kokota na lisanga na biso.
En cas de retard de la cargaison, nous avons une assurance retard spéciale.	Soki biloko ekomi na nsima ya ntango , tozali na asalasi mpo na kokoma na nsima ya ntango.
Dans les régions méridionales, les ventes ont augmenté de 47 pour cent.	Na mboka oyo ezali mpembeni ya mayi, mipepa emataki na 47 likolo ya 100.
La magie et les monstres sont les fruits de l'imagination.	Soloka na bilima bazali mbuma ya makanisi.
Ayant perdu son chemin, il choisit sa route au hasard.	Awa abungi nzela na ye, aponi kaka nzela bongo bongo.
Le plancher était peint en vert, mais les murs étaient jaunes.	Nse ya ndako ezalaki na langi ya mayi ya pondu, kasi bifelo bizalaki na langi ya mosaka.
Ils ont parié une bouteille de whisky.	Babetanaki mondenge ya molangi ya whisky.
Le feu, conduit par un vent d'est, a détruit le centre-ville.	Moto, ekumbamaki na mopepe ya Est, epanzi centre-ville.
Sais-tu qui est cette grande fille blonde habillée en vert ?	Oyebi engambe ya mwana mwasi oyo ya mpembe alati bilamba ya langi ya mayi ya pondu soki azali nani ?
En matière de drogues, la frontière est mince entre l'usage et l'abus.	Na makambo matali mono, ndelo ezali mukie kati ya kosalela na kosalela mabe.
Il adopte l'attitude que la résistance est une perte d'énergie.	Azwi bongo mokano ete koyika mpiko ezali kosilisa makasi.
Ces vrais jumeaux ont été séparés à la naissance et ont été élevés dans des familles différentes.	Bana mapasa bakabolaki bango na mbotama mpe bakolisamaki na mabota ekeseni.
Une carte était attachée au cadeau.	Kalati ekangamaki na libonza.
J'ai toujours pensé qu'un infarctus était la manière dont la nature t'indique qu'il est temps de mourir.	Nakanisaki ete kosala crise ya motema ezali lolenge mpo na mokili ya koyebisa yo ete ngonga ya kokufa ekoki.
Une maison en bois brûle plus facilement qu'une maison de pierre.	Ndako etongami na mabaya epelaka moto na mpete koleka ndako oyo etongami na mabanga.
Le scientifique est connu non seulement au Japon, mais également à l'étranger.	Moto ya mayele ayebani kaka na Japon te, kasi lisusu na mboka mopaya.
Le soldat authentique ne lutte pas parce qu'il déteste ce qui est devant lui, mais parce qu'il aime ce qu'il a derrière-lui.	Soda ya solo solo abundaka te mpo ayini moto oyo atelemi liboso na ye, kasi mpo alingi oyo ezali nsima na ye.
Il essaya d'être courageux tandis qu'il était pris en otage.	Amekaki koyika mpiko kasi azalaki na maboko ya baye bakangaki ye.
Monica n'a pas beaucoup étudié.	Monica atangaki kelasi ya mingi te.
Nicole sait très bien parler japonais.	Nicole ayebi koloba kijaponais malamu mingi.
Ne vous frottez jamais les yeux après avoir coupé un piment.	Kofina miso na misapi te nsima ya kokata pili pili.
Après que sa femme l'ait quitté, Harold est devenu fou.	Nsima ya mwasi na ye koboya ye, Harold akomaki liboma.
Tous les gens devraient découvrir les joies du partage par eux-mêmes.	Bato nyonso basengeli kokukola na esengo ya kokaba na ndenge na bango moko.
"""Superman"" sort ce mois-ci au cinéma."	"""Superman"" ekobima sanza oyo na cinéma."
Je viens d'écrire une appréciation négative au sujet de cette agence immobilière.	Nauti kokoma likanisi ya mabe na maye matali agence immobilière oyo.
Un sot trouve toujours un plus sot qui l'admire.	Zoba akutanaka kaka na zoba moko ya koleka ye oyo alulaka ye.
Les Russes copient les mœurs françaises, mais toujours à cinquante ans de distance.	Ba Russes bamekolaka bizaleli ya ba français, kasi na mbula ntuku mitano ya mosika.
S'il vous plait mettez-moi en relation avec Mr Smith.	Nabondeli bino bokutisa ngai na Mr Smith.
La criminalité est certainement en progression dans plusieurs de nos grandes villes.	Koboma ezali komata mingi na bingumba na biso ya minene.
Qui est le garçon qui joue le rôle de Peter Pan ?	Mwana mobali oyo azali kosala lotomo ya Peter Pan nde nani ?
Un dollar est égal à cent cents.	Dollar moko ezali kokokana na centimes nkama.
Je n'ai pas assez de mémoire RAM.	Nazali na mayele mingi te ya RAM.
Je vis dans un petit village à cinquante kilomètres de la capitale polonaise.	Navandaka na mboka ya moke ezali na ba kilometele ntuku mitano na mboka mokonzi ya Pologne.
Le capitaine donna l'ordre d'abandonner le navire.	Kapiteni apesi mobeko ya kosundola masuwa.
Il fut envoyé au combat.	Atindamaki na bitumba.
Les noms sont dans l'ordre d'entrée sur scène des acteurs.	Bakombo elandani bongo na molongo lolenge ba acteurs bakotaki na bisika ya masano.
Il arriva chez lui un peu avant cinq heures.	Akomaki o ndaku ya ye yambo ya ngonga mintano.
Un mensonge peut voyager jusqu'aux antipodes pendant que la vérité en est encore à lacer ses chaussures.	Lokuta eyaka liboso mpe bango kasi bosolo eyaka na sima mpe malembe.
Il a été élu roi du bal de fin d'année.	Aponamaki mokonzi na masano ya suka mbula.
Je prends ces pastilles quand j'ai la gorge sèche.	Na melaka ba mbuma oyo tangu mongongo ekawukaka.
Chaque étudiant masculin a le symbole de l'école sur sa casquette.	Muana kelassi nyonso ya mobali azali na elembo ya Kelassi na ekoti na ye.
Je n'utiliserais pas une machine à laver dont l'interrupteur est défectueux.	Na ko salela machine ya ko sokola te oyo button na yango ezali ya kobeba.
L'or est le souverain des souverains.	Wolo ezali mokonzi ya ba konzi.
L'absence de preuve du contraire est elle-même la preuve que votre théorie est probablement vraie.	bozangi ya biloko oyo ezali ko lakisa lolenge mususu nde ezali eloko oyo elakisi ke likanisi na bino ezali ya solo.
Si le lion est le roi des animaux, l'aigle est le roi des oiseaux.	Soki ntambwe azali mokonzi ya ba nyama, engondó azali mokonzi ya ba ndeke.
Ce produit chimique est extrèmement dangereux.	Produit ya mondele oyo ezali mabe makasi.
Il était sur le point de réussir.	Akomaki pene ya ko longa.
Tu détournes tout ce que je dis.	Ozo kima nyonso nazali ko loba.
Regarde là !	Tala kuna !
Veuillez dire adieu, Madame, à votre époux.	Muasi, pesa mbote ya libela, na mobali nayo.
N'essayez pas de couvrir le ciel entier de la paume de votre main.	Bomeka te ko zipa mapata nyonso na makata ya maboko na bino.
Le juge prononça une peine de cinq ans de travaux forcés.	Zuzi akateli bango mbango ya mbula ntúkú mítáno ya misala na makasi.
Tom a commencé à siffler un air.	Tom abandaki ko beta piololo na mopepe.
L'Irlandaise, qui écrit en irlandais, est écrivain.	Irlanadais ya muasi, oyo akomaka na lokota ya bairlandais, azali mokomi.
Je sais que son oncle va lui présenter une femme.	nayebi ete noko naye akolakisa ye muasi.
Pierre croit encore au Père Noël. En revanche, son fils n'y croit plus.	Pierre azali naino ko ndimela Père Noël. Kasi, muana naye andimelaka yango lisusu te.
Malheureusement, l'hôtel que tu as proposé était complet.	Mawa pamba te,  l'hôtel oyebisaki biso esi etondaki.
Les Allemands n'ont pas le sens de l'humour ? Ça ne m'amuse pas du tout !	ba Allemands bayebi ndenge ya ko sala maseki te ? Ezo sepelisa ngai lisusu ata moke te !
La solution rapide et efficace pour trouver le job de vos rêves !	Lolenge ya mbangu mpe makasi pona to zwa misala oyo tokanaka !
Nous autres adultes ne détruisons pas les facultés intelligentes et créatrices des enfants.	Biso ba mikolo nde to bebisaka mayele mpe maksi ya ko kela ya bana mikie.
Une bonne équipe est un groupe d'individus qui travaillent ensemble à atteindre un objectif commun.	Lisanga ya malamu ezali bongo liboke ya bato oyo basali ko sala na lisanga pona ko kokisa mokano moko.
L'hiver semble s'attarder cette année beaucoup plus longtemps que d'habitude.	Hiver ezali ko wumela mingi mbula oyo koleka ba mbula misusu.
Chaque journée est une petite vie : chaque réveil et chaque lever est une petite naissance, chaque nouveau matin en est la jeunesse, chaque repos ou endormissement est une petite mort.	Mikolo nyonso ezali bomoi ya moke : ko lamuka nyonso mpe ko telema nyonso ezali mbotama ya moke, tongo nyonso ezali ki bolenge, bopemi nyonso to kolala nyonso ezali liwa ya moke.
Messieurs, démarrez vos moteurs.	Messieurs, bo démarrez ba moteurs na bino.
Cet homme cruel fouetta son chien.	Moto oyo azanga mawa afiakolaki mbwa naye fimbu.
Le cancer peut être facilement guéri s'il est détecté dans sa phase initiale.	Bokono ya cancer ekoki kobikisama na pete soki emonani na tango ezali na embandeli.
Un bon rayon de soleil, froid et sec, voilà un beau temps d'hiver !	Mwa moyi ya kitoko, mwa malili mpe mwa ko kawuka, yango nde climat ya kitoko ya hiver !
Dans un vaste espace laissé libre entre la foule et le feu, une jeune fille dansait.	Na etando ya monene batika polele na kati ya liboke ya bato mpe na moto, elenge muasi azalaki ko bina.
Tom est un imbécile.	Tom azali zoba.
C'est au pied du mur que l'on connait le maçon.	Na fondation nde bayebaka maçon.
Tout le monde a adopté une attitude hostile envers les immigrés clandestins.	Bato nyonso bakomaki na bizaleli ya kanda epayi ya ba paya oyo ba yingeli mboka na lolenge ya nkunku.
Le cœur sert à pomper du sang.	Motema ntina na yango ezali ko tindika makila.
En 1860, Lincoln fut élu Président des États-Unis d'Amérique.	Na 1860, Lincoln aponamaki mokonzi ya mboka America.
Nous aurons besoin d'une agence de chasseurs de têtes pour trouver l'homme qui convient à ce poste de cadre.	To kozala na posa ya agence oyo elukaka bato ya mayele pona ko zwa moto oyo asengeli na ebonga oyo ya mokonzi.
J'étais impliqué dans une dispute insignifiante.	Na kotisamaki na ko swana oyo eza na tina te.
Il était terrifié en voyant cette énorme serpent.	Azalaki na ko banga makasi ntango amonaki nioka wana ya monene.
Tom est en route vers Boston.	Tom azali na nzela ko kende Boston.
Notre liberté dépend de la liberté de la presse et cela ne peut pas être restreint sans être perdu.	Kokangolama na biso ezali ko wuta na ko kongolama ya ba panzi nsango mpe yango ekoki ko kakolama te soki te eko bunga nyonso.
« J’arrive maintenant à compter de un à cent en français. » « Waouh, super ! Bon, maintenant, tu peux le faire à l’envers, en partant de cent jusqu’à un ? » « Euh, ça, je peux pas encore. »	« Nakoki sikoyo ko tanga kobanda moko ti na nkámá na  français. » « Waouh, kitoko ! Kasi, sikoyo sala yango lolenge ya sima, ko banda na nkámá ti na moko ? » « Euh, wana, nanu na koki te. »
Los Angeles est la deuxième plus grande ville des États-Unis.	Los Angeles ezali bongo ville ya miballe ya monene ya engumba ya America.
Un vaisseau sanguin a éclaté à l'intérieur de son cerveau.	Mosisa moko ya makila ekatani kati ya bongo nayo.
Le journal raconte qu'un lion s'est échappé du zoo et qu'il pourrait, à présent, être dans n'importe quelle partie de la ville.	Lokassa ya ba nsango elobi ete ntambwe moko akimi na ndako ya ba nyama mpe akoki ko zala, sika awa na bisika songolo ya ville.
Perdre son passeport dans un pays étranger est pire que de perdre ses bagages ou de se faire voler son portefeuille.	Ko bungisa passeport na mboka mopaya ezali mabe ko leka ko bungisa bisaka to mpe bayebi yo portemonaie.
Plus le corps est petit, plus probablement la personne souffrira des effets néfastes de radiations.	Lolenge moko moto azali na nzoto mikie, lolenge moko akonyokwama koleka na misala mabe ya radiations.
Linda est devenue la nounou à temps plein des enfants de Dan.	Linda akomi ko mokengeli ya ntangu nyonso ya bana ya Dan.
Ma mère me crie dessus tout le temps sans raison.	Mama na ngai agangelaka ngai ntangu nyonso na tina te.
Elle enveloppa le cadeau dans du papier de soie et mit un gros nœud rouge sur le dessus.	Azingi libonza na kati ya papier ya soie mpe atie noeud ya monene ya motane likolo.
Tom n'a certainement rien fait qui mérite ce genre de punitions.	Tom azali mpenza eloko te oyo esengeli azwa mbano ya lolenge oyo.
Les ardeurs du marié se refroidissaient quelques minutes avant le mariage.	Ba esengo ya mobali oyo azalaki ko bala ezalaki ko sila ngonga mukie yambo ya libala.
Je vois Dana.	Nazo mona Dana.
Il y a des cerisiers des deux côtés de la route.	Ezali na ba cerisiers na ba ngambo mibale ya nzela.
Son absence donna cours à toutes sortes de rumeurs.	Koya na te epesaki bongo nzela na ba nungungu ya lolenge nyonso.
Le bonheur est un idéal de l'imagination et non de la raison.	Esengo ya solo ezalaka na mabanzo kasi na oyo elobami te.
La troisième étoile appartenait à un roi.	Minzoto ya misato azali ya Mokonzi.
Mon estomac gargouille déjà.	Estomac na ngai ebandi deja ko loba.
Ils volèrent les chevaux et les bœufs.	Bayibaki ba mpunda na ba ngombe.
Il nia avoir pris part au crime.	Awanga kozala moko ya ba bomi.
« T'as une clope ? » « Oui, mais je n'ai pas de briquet. »	« Oza na likaya ? » « Eh, kasi nazali na moto te. »
Le jour suivant, le naufrage du bateau fut découvert sur la grève.	Mokolo elandaki, kondinda ya masuwa emonisamaki na libongo.
Thomas jeta ses vêtements dans le panier à linge sale.	Thomas abwakaki bilamba na ye na kitunga ya bilamba ya salite.
Une petite sieste et hop, je suis frais comme un gardon.	Bopemi ya mukie mpe mbala moko, nayoki nzoto makasi lokola moto ya elenge.
Des détectives privés ont été embauchés pour examiner l'étrange affaire.	Bato basalaka mosala ya ko landela makambu ba bengisamaki pona ko landela likambo oyo ya somo.
Allo, est-ce le service du personnel ?	Allo, ezali service ya personnel ?
Le roi était célèbre pour son splendide palais.	Mokonzi zalaki ya koyebana makasi pona ndaku na ye oyo ezalaki kitoko makasi.
Tom parlait plus fort que d'habitude.	Tom azalaki ko loba na mongongo makasi koleka bo momesano.
Tracy a perdu ses lunettes.	Tracy abungisi manetti naye.
Il y a une alliance importante entre ces deux pays.	Ezali na boyokani moko ya motuya kati na bikolo oyo mibale.
Si tu étais venu aujourd'hui, je t'aurais donné mille francs.	Soki oyaki lelo, nalingaki na pesa yo francs nkóto moko.
Je te remercie d'avance pour ton aide.	Na tondi yo botondi liboso pona lisungi na yo.
Le film s'est inspiré du roman éponyme.	Lakanisi ya film yango ewutaki na búku éponyme.
Kent est un meneur-né.	Kent abotama mokambi.
Lorsqu'un médecin suit le cercueil d'un patient, c'est en fait parfois la cause qui suit l'effet.	Ntangu Munganga azali kolanda sanduku ya mobeli, ezali ntangu mususu likambu nde ezali kolanda misala.
Ne fais pas de cendres de cigarette sur le tapis.	Ko tia putulu ya likaya na tapis te.
Debbie! Est-ce que tu m'entends?	Debbie! Ozo yoka ngai?
Nous avons mangé de la barbe-à-papa à la foire régionale.	To liaki  barbe-à-papa na foire régionale.
Nous faisons un bœuf au club demain soir.	Tokosala ngombe lobi na pokwa na nganda.
Elle a admis avoir de l'héroïne.	Andimi ete azali na héroïne.
Comprenez bien que dans de telles circonstances, nous n'avons pas d'autres alternatives que de trouver un autre acheteur.	Bososola malamu na makambu ya boye, tozali na lolenge mususu ya kosala te  soki ko luka mosombi mususu te.
« Mince, ma batterie va me lâcher. » « Tu aurais dû la recharger pendant que tu dormais. »	« Njambe, batterie ezo sila. » « Esengelaki orecharger yango na ntangu ozalaki kolala. »
Je mesure 1 m 58.	Nazali molayi ya 1 m 58.
Des cris de joie éclatèrent.	Milolo ya esengo ebetamaki.
Il est dangereux de se pencher au-dehors.	Ezali mabe koyekama na libanda.
Samantha est arrivée.	Samantha akomi.
C'est un engagement énorme.	Ezali ngambo munene.
Cette collection est riche en tableaux des maîtres hollandais.	Collection oyo ezali na motuya ya ba tableaux ya ba maitres hollandais.
L'énergie solaire ne menace pas l'environnement.	Nguya ya moi ezali ko bebisa bazingazinga te.
De retour à Shanghai je me fais des bonnes pâtes de riz sautées à la chair de crabe.	Na kowuta Shangai na misaleli spaghetti na loso na musuni ya kosa-kosa.
Je veux être photographe de la nature.	Na lingi na zala photographe ya nature.
Et ils continueront à influencer le monde à travers l'excitation de leur littérature, de leur cinéma et de leur musique.	Mpe bako koba na ko kumba mokili na sima ya mbonge ya makomi na bango, cinema na bango mpe mindule na bango.
Cet outil est complètement inutile.	Eloko oyo ezali na litomba ata moke te.
Elles ont accordé une interview au journaliste.	Ba salaki interview na ba panzi nsango.
Mon épouse a donné naissance à un enfant lorsque nous étions très pauvres. Pendant qu'elle dormait, je cuisinai du riz et des légumes pendant plusieurs jours et je la surpris par la variété et le goût de ma cuisine.	Muasi na ngai abotaki muana moko ntangu tozali na bobola ya makasi. Ntangu azalai kolala, nazalaki kolamba loso na ndunda sima mikolo ebele na kamwisaki ye na  kitoko ya makusa na ngai.
Heureusement nous avons trouvé le chemin de la fuite.	Libaku malamu tozwaki yako mona nzela ya kokima.
Cette église fut détruite par un tir d'obus.	Ecclezia oyo epanzanaki na obus.
Il a repéré cinq fautes en autant de lignes.	Amoni ba mbemba mitano na makomi moke kaka.
Le verre est tombé par terre.	Kopo ekweyi na nse.
Tom est entré dans l'Église de Satan.	Tom akoti na Ecclezia ya Satana.
Bientôt, je ne pus voir que son cou, flotter au-dessus des vagues.	Kala te, na kokaki komona kaka kingo naye, konana likolo ya ba londende.
Je ne sais pas.	Nayebi te.
Le Japon se situe en Asie Orientale.	Japon ezali na Asie Orientale.
J'ai vu Andrea quand elle sortait de la maison.	Namonaki Andrea ntangu azalaki kobima na ndako.
J'avais neuf ans lorsque je demandai à ma mère si le Père Noël existait vraiment.	Nazalaki na mbula libwá ntangu na tunaki mama na ngai soki Père Noël azalaki ya solo.
UN signifie Nations Unies.	UN elakisi Nations Unies.
Donald était le prénom de mon professeur d'anglais.	Donald ezalaki nkombo ya molakissi na ngai ya Anglais.
Marie était la seule fille à porter une jupe.	Marie azalaki ye moko muana muasi oyo azalaki kolata jipi.
La porte restant verrouillée de l'intérieur, il ne pouvait rentrer dans la maison.	Ekuke etikalaki ya kokangama na ndenge ya kati, akokaki te koyingela okati ya ndaku.
Conformément à votre demande, j'ai joint une photo récente au format passeport.	Ndenge osengaki, na tie photo ya sika na lolenge ya passeport.
Ma sœur travaille à l'ambassade des États-Unis à Londres.	Ndeko na ngai ya muasi asalaka na ambassade ya États-Unis na Londres.
Les Nations Unies s'efforcent de maintenir la paix dans le monde.	Ba Nations Unies bazali kosala makasi pona kobatela kimia na mokili.
Une nouvelle équipe fut formée afin de prendre part à la course de bateaux.	Lingomba ya sika esalamaki pona ko kende na masano ya ba masuwa.
Je pensais le tenir dans un coin, mais il fit alors un mouvement inattendu et renversa complètement la situation en ma défaveur.	Nalingaki na kangela ye na pembeni, kasi aninganaki na mbalakata mpe abalusaki likambu na lolenge na ngai te.
Le présent accord est produit en deux exemplaires signés par les deux parties.	Mokanda mya boyokani oyo esalami na nkasa mibale ba ngambo mibale basali kotia mikoloto na bango.
Merde !	Buzoba !
Souffle toutes les chandelles du gâteau de fête en même temps.	Foula likolo ya ba bougies noynso ya fɛti na mbala moko.
Le prince a été transformé par magie en une grenouille.	Muana mokonzi (prince) asilaki kobongolama ligorodo na kindoki.
Un miracle est un évènement décrit par ceux à qui il a été raconté par des gens qui ne l'ont pas vu.	Likamwisi ezali likambo oyo ebetami na batu oyo bayokaki lisolo epayi batu oyo bamonaki yango te.
Veuillez rester assis jusqu'à ce que l'appareil atteigne la porte.	Botikala ya kovanda kino machini ekoma na ekuke.
Cette excursion comprend chacune des cinq îles principales.	Na kati ya mobembo oyo ezali na moko moko ya bisanga ya malonga.
Le cargo de marchandises a quatre heures d'avance.	Mpɛ́pɔ ya biloko ezali na ngonga minei ya avance.
J'adore Ken le survivant !	Na lingaka mingi Ken oyo abiki na liwa.
Tom prétend avoir des pouvoirs psychiques.	Tom azali kosala lokola azali na ba nguya ya bondoki.
Anne a un faible pour le chocolat.	Anne alingi sokolá mingi.
Merci, monsieur, de votre gentillesse.	Matondo, mobali, pona bolamu bya yo.
Toute personne a des devoirs envers la communauté, étant donné qu'elle ne peut développer pleinement et librement sa personnalité qu'à travers elle.	Moto nyonso azali na maye asengeli kosala pona mabota, pamba te akoki kolakisa na lolenge nyonso mpe na kimia nyonso bomoto naye okati ya mabota.
Les tortues pondent leurs œufs dans le sable.	Ba nkoba ba bwakaka maki na bango na zelo.
Je sentis la tension monter entre nous.	nayokaki lokola kanda ekomaki koyingela okati na biso.
Il a été trouvé coupable de tentative de meurtre pour avoir attaqué sa mère avec un couteau.	Ba katelaki ye mbano ya komeka koboma moto po alanda mama na ye na mbeli.
Le cerf dormait sur un lit de feuillages.	Mbuli azalaki kolala na mbeto ya matiti.
Sais-tu différencier l'argent de l'étain ?	Oyebi kosala bokeseni kati ya palat na etini?
Seuls les paranoïaques survivent.	Kaka batu ya bongo malamu te nde babikaka.
S'il vous plait demandez à la secrétaire de stocker les fournitures de bureau à la réserve.	Bokoki ko senga na secrétaire abomba biloko ya bureau na esika ya ebombelo.
En signant ce contrat, je me suis engagé à travailler là-bas pendant 5 ans.	Nakotia mokoloto na contrat oyo, na zwaki mokona ya kosala mosala kuna pona mbula mitano.
Les danseurs semblent délicats dans leurs robes blanches, mais ils sont en fait forts comme des chevaux.	Ba bini bazalaki lolenge ya kitoko na ba nzambala ya pembe, kasi bazali makasi lokola ba mpunda.
Je vois à vos doigts que vous fumez.	Nazali komona na misapi na bino ete bomelaka makaya.
Décidément, ça doit être dur pour vous. Comment faites-vous face à tout ça ?	Nabanza ete, esengeli kozala pasi pona bino. Bosalaka lolenge nini liboso ya oyo nyonso?
Que t'apporte de détruire des preuves ! ? La chose à faire serait de contacter la police, n'est-ce pas ?	Nini ozali kozwa na ntangu ozali ko bebisa bilembo!? Eloko esengeli osala ezali ko benga polisi, eza bongo te?
Les élèves rirent dans leur barbe en voyant que le professeur avait mis son pull à l'envers.	Bana kelassi ba bukanaki na koseka ntangu bamonaki ete molakisi alataki elamba naye na sima ya mabe.
Par ici, je vous prie, Mademoiselle.	Bisika oyo, na bondeliyo, Elenge muasi.
Le traité commercial doit fournir un terrain neutre sur lequel se concurrencer.	Boyokani pona lolenge ya mimbongo esengeli epesa bisika na mutu nyonso pona ateka.
Quand le chat n'est pas là, les souris dansent.	Ntangu nyawu azali te, ba mpuku babinaka.
Son rétablissement n'était ni plus ni moins qu'un miracle.	Kobika naye ezalaki eloko musus te kasi likamwisi.
Vendez-vous des vêtements officiels ?	Otekaka bilamba oyo eyabana?
Le berger essaye toujours de persuader les moutons que leurs intérêts et les siens sont identiques.	Mokengeli ba mpate amekaka ko ndimisa ba mpate ete bolamu na bango na ya ye mazali eloko moko.
Des scientifiques britanniques ont établi que si vous renversez le drapeau japonais, vous obtenez le drapeau japonais.	Batu ya mayele ya Angletere basili koloba boye soki obalusi bendele ya ba japonnais, okozwa kaka bendele ya ba japonnais.
La discipline, voilà la part la plus importante de la réussite.	Disciplini, yango ezali motuya pona kolonga.
Mes amis m'appellent généralement Freddy.	Baninga na ngai ba bengaka ngai mingi mingi Freddy.
Résumez ce passage en 200 mots.	Koma makomi oyo na bokuse na maloba nkámá míbalé.
Je ne sais pas me servir d'un rouet.	Nayebi kosalela rouet te.
Un compliment vaut un baiser.	Liloba malamu ezali ndenge moko na lipwepwe.
Le chasseur ne peut exister sans la proie.	Mutu ya bokilla akoki te kozala na bomoi soki nyama azali te.
Tu ferais mieux d'examiner attentivement le contrat avant de signer.	Esengeli nayo kotala contrat malamu yambo ya kotia mokoloto.
Après six heures d'escalade, nous avons finalement réussi à atteindre le sommet de la montagne.	Sima ya ba ngonga sambo ya bomati, tokomaki na suka ya ngomba.
Elle possède un Turner.	Azali na Turner.
Il y a un fort lien d'affection entre eux.	Ezali na bolingo makasi kati na bango.
Si un porteur porte tes bagages, n'oublie pas de lui donner un pourboire.	Soki momemi amemi bisaka nayo, kobosana te kopesa ye mwa mbongo.
Il a laissé la saucisse tomber par terre.	Atiki boudin naye ekweya na mabele.
On dirait que cet animal a un problème génétique.	Lokola nyama oyo azali na likmabo moko abotama na yango.
Mon grand-père était un pirate, un chasseur de trésor.	nkoko na ngai ya mobali azali Pirate, akendaka kokila ba sanduku.
Le président Kennedy a été tué, mais sa légende vivra pour toujours.	Mokonzi Kennedy ba bomaki ye, kasi nsango naye ekotila seko na seko.
Son courage tout au long de sa maladie est une source de motivation pour nous tous.	Nzunzu naye na ntangu ya bokono ezali lokola eloko oyo ezo pesa biso nyonso makasi.
Il y a eu un flot ininterrompu d'appels de réclamations depuis la semaine dernière.	Ezalaki na mulongo mulayi ya kobenga pona kosamba uta mposo elekaki.
Il a mangé un poulet avec de la salade et de petits pains.	Aliaki sosso na ndunda mpe mapa ya mikie.
Ces ordinateurs ? C'est de l'argent jeté par les fenêtres.	Ba ordinateurs oyo? Ezali mbongo ebwakami pamba.
Tu as besoin de connaissances techniques pour comprendre comment fonctionne ce système.	Esengeli nayo kozala na mayele oyo matali tekiniki pona ososola lolenge eloko oyo esalaka.
Nous nous jugeons de par nos intentions tandis que nous jugeons les autres de par leurs actions.	Tomitalaka na makanisi mya biso kasi totalaka basusu na misala mya bango.
Tu n'emploierais pas d'aérosol pour nettoyer ton téléphone portable, si ?	Okozwa machini ya pema te pona kosukala telephone nayo, bongo?
Un capitaine dirige son navire et son équipage.	Kapita nde akonzaka masuwa na batu oyo bazali na kati.
Le chemin serpente le long de la route.	Nzela ezali nioka nioka bisika nyonso.
J'ai comme la tête qui tourne et j'ai la nausée.	Nazoyako mutu kobaluka mpe naza na posa ya kosanza.
Hooker était extrêmement ravi.	Hooker azalaki na esengo makasi.
Mary porte un soutien-gorge sportif pendant l'exercice.	Mary alati soutien ya masano na natangu ya masano.
Tom n'a pas d'antécédents judiciaires.	Tom azali na likambo moko te na bayi mibeko.
Il est nu comme un ver.	Azali penza motakala lokola mutshiopi.
L'heure d'été commence le trois avril.	Ntangu ya d'été ebandaka mokolo ya misatu ya sanza ya misatu.
M. Joel est actuellement de service.	M. Joel azali kati ya musala sasaipi.
On nous a octroyé le privilège de pouvoir pêcher dans cette baie.	Bapesi biso ndingisa ya koteya okati ya esobe oyo.
Qui entend sa voix enregistrée a la sensation d'écouter un étranger.	Moto oyo azali koyoka mungongo naye ba registé ako kokanisa lokola azali koyoka mupaya.
Une relation basée sur l'honnêteté absolue est vouée à l'échec.	Bolingo oyo ezali na bosolo ya makasi esimbaka te.
Jessie parlait mal français et pire encore allemand.	Jessie azalaki koloba lopoto mabe mpe ki allemand mabe koleka.
Notre dette totale s'élève à dix mille dollars.	Niongo na biso nyonso ezali ya motuya ya dollars nkóto zomi.
Meg est curieuse de tout connaître sur le Japon.	Meg azali na posa ya koyeba mingi na oyo etali Japon.
C'est dommage que tu retournes bientôt en Chine, il n'y aura plus personne pour me tenir compagnie.	Eza pasi lolenge ozo zonga chine kala mingi te, mutu akovanda ngai akozala lisusu te.
La Géorgie est son pays natal.	Géorgie ezali mboka naye bisika abotama.
On a le droit de vote à vingt ans.	Tozali na ndingisa na maponami na mbula ntúkú míbalé.
Je ne pense pas que les gens devraient faire une montagne à partir d'une taupinière.	Na banza ete bato basengeli kosala ngomba kobanda na kosangisa zelo.
Je dois être en train de fatiguer. J'ai sommeil dès que termine de dîner.	Nazali kolembisa. Nazwaka pongi soki nasilisi kolia.
La pièce était bondée de journalistes attendant que la conférence de presse commence.	Bisika etondisamaki na ba panzi nsango bazalaki kozela ete conference ebanda.
J'aime faire mes courses au marché fermier du coin.	Nasepelaka kosala wenze na ngai na wenze ya ba kengeli mpate oyo ya pembeni.
Je lui ai rappelé son entrevue avec le président.	Nayebisaki ye lisusu bokutnaki naye na mokonzi.
Nous publierons l'ordre du jour définitif le matin du lundi 20 janvier, donc répondez rapidement, s'il vous plait.	Toko panza na mokili ntina ya suka ya lisolo na biso na ntongo ya mokolo ya liboso ya mokolo ya ntúkú míbalé mya sanza ya yambo, na yango boyanola na lombango.
Si seulement j'avais vendu cette propriété pendant la bulle, je n'aurais pas perdu autant d'argent.	Soki na tekaki bisika oyo na ntangu ya mbonge, nalingaki na bungisa mbongo ebele boye te.
Si tu plantes une graine de pommier, elle pourrait devenir un arbre.	Soki oloni mbuma ya pomme lobi ekoki kokoma nzete.
Les vaches sont grandes et leurs cornes sont longues ; les moutons sont petits et leur cornes sont courtes.	Ba ngombe bazali minene mpe maseke na bango mazali milayi; ba mpate bazali mikie mpe maseke na bango mazali mikuse.
Le temps passe et il fait tourner la roue de la vie comme l'eau celle des moulins.	ntangu ezali koleka mpe azali kolekisa mikolo lokola mayi ya ebale.
Tom a commis des crimes, mais n'a jamais été condamné.	Tom abomi, kasi azwi mbano te.
Les activités de notre club sont constamment gâchées par son comportement.	batu ya lingomba na biso basepelaka na ezaleli naye te.
Paul est venu à Rome pour me saluer.	Paul ayaki na Roma pona kopesa ngai mbote.
J'ai croisé Naomi en rentrant chez moi et on a discuté.	Nakutani na Naomi na ntangu ya bozongi ndaku mpe tosololaki.
Il semble que M. Brooke soit un homme honnête.	Namoni lokola M. Brooke azali mutu ya sembo.
Le monde suit une règle d'or : Quiconque possède l'or écrit les règles.	Mokili ezali kolanda mibeko ya wolo: Oyo azali na wolo nde azali kopesa mibeko.
Le château est à vendre pour 10 millions d'euros.	Ndako mone mpe kitoko oyo ezali ya koteka naba euros millioni zomi.
Jon est beaucoup plus attirant que Tom.	Jon azali kitoko mingi koleka Tom.
M. Adams a été idiot de donner son accord sur la proposition.	M. Adams azalaki zoba lolenge andimaki likanisi wana.
Il y a d'énormes serpents sur cette île.	Ba nyoka minene bazali na esanga oyo.
N'importe quelle chanson chantée en français me met dans une humeur libidineuse.	Nzembo nyonso eyambaka na lopoto ekomisaka ngai na posa ya ekobo.
Il décida d'être prudent et de se retirer du tournoi à cause de son genou blessé.	Azwaki mokona ya kozala ekenge mpe yako bendana na masano likolo ya libolongo na ye ezokaki mpota.
J'achète des tas de trucs dans ce magasin.	Na sombi biloko ebele na magasin oyo.
Mars vient entre février et avril.	Sanza ya misato ezalaka na kati kati ya sanza ya mibale na ya minei.
Garde-toi de celui qui veut te dénier l'accès à l'information car dans son cœur, il rêve d'être ton maître.	Sala keba na mutu oyo alingi kopimela yo nsango pamba na motema naye, alingi azali mokonzi nayo.
Gin n'est pas mon ami.	Gin azali moninga na ngai te.
Nicholas et Maria s'aiment.	Nicholas na Maria balingani.
Aux USA, devenir médecin prend un minimum de huit années d'études universitaires.	Na America, kokoma munganga ezwaka mukie mbula mwambe ya botangi kelassi oyo ya likolo.
Selon les astres, nous ne sommes pas compatibles.	Na ndenge ya minzoto, tokokani te.
Empêcher la maladie de se répandre à toute vitesse n'a pas été une chose facile.	Ko pekisa bokono epanzana na lobango ezalaki eloko ya pete te.
Dan se trouvait dans son appartement lorsqu'il entendit Matt et Linda se disputer dans le couloir.	dan azalaki na ndako naye ntangu ayoki matt na Linda kozwana na couloir.
Il y avait trois boutons au bas du dos du robot.	Ezalaki naba mbuma misato na nse ya mokongo ya robot.
Ils gagnent leur pain en collectant et en vendant de vieux journaux.	bazwaka nkwanga na bango na bokongoli mpe boteki ba nkasa (journaux) ya kala.
Je trouve délicieux la salade aux crevettes.	Namoni salade na crevettes eza kitoko.
Pouvez-vous me prêter une pièce de dix cents ?	Okoki kodefisa ngai mpata ya centimi zomi (10 centimes) ?
Les troupes soviétiques ont commencé à se retirer d'Afghanistan.	Ba mampinga ya ba Russie ba bandi kolongwa na Afghanistan.
Cleveland n'était pas sûr que le garçon soit son fils.	Cleveland azalaki na kondima te ete muana ya mobali azali muana naye.
Au lieu d'y aller moi-même, j'ai envoyé un messager.	Na esika na kende ngai moko, na tindaki molobeli.
Ce chocolat est très doux et à un très bon goût.	Sokola oyo ezali pete mpe ezali kitoko.
Elaine est à l'hôpital.	Elaine azali na lopitalo.
La glace recouvre le lac, durant l'hiver.	Glasi ezipiki lac, na ntangu ya hiver.
Nous nous dirigeâmes vers un étang au pied de la colline.	Tokendeki pembeni ya liziba oyo ezali na nse ya ngomba.
John connaît l'histoire anglaise de A à Z.	John ayebi lisolo ya ba angalis kobanda ebandeli ti suka.
J'ai glissé et me suis blessé en dégageant la neige de la route ce matin.	Na sielumukaki mpe nazoki mpota ntangu nazalaki kolongola neige na nzela na tongo ya lelo.
C'est juste un coup publicitaire à peu de frais.	Ezali kaka lolenge ya kosala publicité na mbongo mukie.
Dong est un citoyen coréen.	Dong azali mutu ya mboka corée.
Elvis a quitté le bâtiment.	Elvis alongwe na ndaku.
Ce fut un plaisir de vous rencontrer, M. et Mme. Thompson. Voici ma carte.	Ezalaki esengo ya kokutna na bino, M. na Mme. Thompson. Carte na ngai yango oyo.
Le garçon pouilleux se révéla être un prince déguisé.	Mwana mobali oyo ya mobola amimonisaki nasima ete ezali muana ya mokonzi amibongolaki mobola.
Il pense inviter beaucoup de gens à la cérémonie de clôture.	Azali na likanisi ya kobengisa batu ebele na mayangani ya suka.
"Les contes de fées commencent généralement avec la phrase ""il était une fois..."" et finissent avec ""... ils vécurent heureux et eurent beaucoup d'enfants""."	"Masapo mabandaka mingi mingi na liloba oyo ""ezalaki mokolo moko..."" mpe ma sukaka na ""...bawumelaki na bomoi mpe babotaki bana ebele""."
Ding joue sur ordinateur.	Ding azali kosakana na ordinateur.
L'empereur pria pour le repos des morts.	Mokonzi asembelaki pona bopemi na kimia ya ba weyi.
Une pizza ? Ça peut aller, oui.	Pizza moko? Ekoki kosalema, eh.
Elle a fait ses études aux États-Unis.	Asala ba kelassi naye na États-Unis.
Scélérat ! m’écriai-je, que fais-tu ?	Balado! Na mingangela, ozo sala nini?
Douglas accepta enfin de parler avec Lincoln.	Douglas asili ko ndima kolobana na Lincon.
T'es une drôle de fille.	Ozali muana muasi moko ndenge.
Des fois, à la nuit tombée, il levait les yeux vers le ciel étoilé avec curiosité.	Ntangu misusu, na ngonga butu esili koyingela, azalaki kotombola misu na likolo etonda minzoto na mposa.
Il tient un journal intime, et cela m'a encouragé à faire pareil, mais en anglais.	Asimbi mokanda ya sekele, mpe yango epesaki ngai makasi yako sala lolenge wana, kasi na lokota ya anglais.
Si Shakespeare a écrit ce poème ou pas restera probablement une énigme.	Soki Shakespeare akoma maloba oyo to te ekotikala motuna.
La plupart des serpents, sur cette île, sont inoffensifs.	Ba nyoka mingi, na esanga oyo, bazali ya mabe te.
Il nous aidera à changer la roue.	Akosunga biso pona kotia pneu mususu.
Le ballon a roulé sur le sol dans ma direction.	Ndembo atembolaki na nse bisika nazalaki.
De tels traitements feraient se rebeller n'importe qui.	Makambu ya boye ekokaki kotombokisa mutu nyonso.
J'ai la peau extrêmement blanche et je ne bronze pas du tout.	Nazali na loposo pembe makasi mpe na mitikaka na nse ya moyi te.
Où est le supermarché le plus proche ?	Supermarché ya pembeni ezali wapi?
Monsieur White a dit qu'à cause de la convention, il n'y avait pas de salles libres.	Monsieur White alobi likolo ya mayangani, bisika ya polele ezalaki lisusu te.
Des feuilles mortes flottent à la surface de l'eau.	Mankasa ekufa mazalaki kotambola likolo ya mayi.
Veuillez inscrire la taille, la couleur et le style sur le bon de commande.	Komisa mulayi, langi mpe lolenge na mokanda ya commande.
Il se couvrait le dos d'un manteau bleu.	Azipaki mokongo naye na kazaka ya langi ya bule.
Quand nous mangeons, nous mâchons lentement.	Ntangu toliaka, to tafunaka malembe.
La santé est un facteur essentiel du bonheur.	Bokolongonu bwa nzoto ezali eleko ya motuya pona esengo.
Le lion rugit.	Ntambwe angangi.
Tôt ou tard, tous les parents doivent avoir une conversation avec leurs enfants au sujet des roses et des choux.	Ata lelo te kasi lobi, Ba boti nyonso basengeli kozala na lislo na bana na bango na maye matali ba fololo mpe ba ndunda.
Au cours de cet hiver, l'écriture a occupé l'essentiel de mon temps libre.	na hiver oyo, kokoma nde ezwaki mingi ya ba ngonga na ngai ya bopemi.
La soubrette est entrée portant un gâteau.	Boyi ya muasi akotaki na gâteau azalaki komema.
Combien font neuf moins six ?	Libwá kolongola motóba epesi boni?
M. Smith a demandé Jane en mariage.	M. Smith asengi Jane libala.
Si tu n'étudies pas davantage, tu continueras à obtenir de mauvaises notes.	Soki ozali kotanga mingi te, okozwa kaka ba points ya mabe.
Ce gant est troué au niveau du pouce.	Gant oyo etoboka esika ya musapi ya munene.
Dan a aidé Linda à trouver une robe élégante à la boutique de vêtements.	Dan asungaki Liinda azwa nzambala ya kitoko na boutiki ya bilamba.
Il est recherché pour vol de véhicule.	Azali yakolukisama pona moyibi ya motuka.
Ils accusèrent le président de ne pas se soucier de l'homme de la rue.	Bazalaki kofunda mokonzi ya ekolo ete azali komitungisama te pona mutu ya nzela.
Ne pas te voir de toute une journée en ligne m'effraie.	Kozanga komona yo en ligne mokolo mobimba ezali kobangisa ngai.
Il y a un festival lors de la récolte du riz.	Ezali na mayangani ya bokongoli loso.
Si tu ne plantes pas les graines, elles ne pousseront pas.	Soki oloni ba mbumba te, bakobota te.
Le médecin a envoyé le patient vivant à la morgue.	Dokotolo a tindaki mobeli ya bomoyi na ndaku ya baweyi (morgue).
Les femmes qui cherchent à égaler les hommes manquent d'ambition.	Basi oyo balukaka bakokana na mibali bazanka makambu ya kosala.
Tom propose à Marie d'aller faire les courses pendant qu'elle gardera les enfants.	Tom asengi marie soki akoki kosala wenze ntangu ye azali kokengela bana.
Il est doux et noble de mourir pour la patrie.	Ezali likambo ya kitoko mpe lokumu kokufa pona ekolo.
J'aimerais me diriger vers le commerce extérieur dans le futur.	Nakolinga nasala mombongo ya libanda ekolo na mikolo mikoya.
Vous me rappelez tellement mon ami Marina, grand maître de russe.	Ozali kokanisisa ngai moninga na ngai marina, molakisi monene ya russe.
Nous avons choisi Jeffrey comme capitaine de notre équipe.	Toponi Jeffrey lokola capitanaie ya lisanga na biso.
Comme habitude, il lit le journal en mangeant.	Bomomesano, Azali kotanga Lokasa (journal) na koliya.
Il s'est jeté dans la gueule du loup.	Amikotisi na monoko ya ngando.
Une carte parfaite devrait être aussi grande que le territoire qu'elle représente.	Carte ya malamu esengeli ezala monene lolenge moko na mboka oyo ezali kolakisa.
J'ai trouvé un timbre rare dans ce magasin.	Nazwi timbre moko oyo emonanaka pamba pamba te na magasin oyo.
Plusieurs soldats furent blessés lors de l'offensive.	ba soda ebele basilaki kozoka ntangu ya bitumba.
Depuis des années, il se trouve chaque mardi au marché à son étal de poisson.	Uta ba mbula ebele, azalaka na bisika naye ya botandi mbisi mokolo nyonso ya mibale ya mposo.
Les habitants de l'Amérique se sont battus pour leur indépendance.	Bayi America bambundaki pona lipanda na bango.
Bonjour à tous !	Mbote na baye banso !
Un uniforme élimine-t-il les différences de classes sociales ?	Sokoto ezali kolongola bokeseni okati ya bayi ekolo?
Au théâtre, Kathy changea de place avec sa mère.	Na bisika ya masano, Kathy na mama na ye ba bongolaki bisika na bango.
Tom regarde un film sur la deuxième chaîne de télévision allemande.	Tom azali kotala bilili na chaine ya mibale ya ba allemands.
Sam aide quiconque lui demande.	Sam asungaka moto nyonso oyo asengaka ye lisungi.
Thomas a acheté une bouteille d'huile d'olive.	Thomas asombi mulangi ya mafuta ya olive.
Monsieur, vous avez fumé dans votre chambre et nous avons ajouté 200 dollars de frais à votre facture.	Monsieur, omelaki likaya na esika olalaki mpe tobakisi nkámá mibale ya dollars na fature na yo.
"Oh, non ! Je suis encore en retard ! On va finir par m'appeler ""le Roi du retard""."	"Oh, te ! Nazali lisusu na retard ! Tii bakobenga ngai ""Mukonzi ya retard""."
Le public pensait que ce n'était pas un court-circuit, mais que ça faisait partie du spectacle.	Batali ya lisano ba banzaki ete ezalaki nkonkoso ya lotiliki te, kasi ezalaki lolenge lisano elengelamaki.
À son arrivée à Londres, il m'a envoyé un télégramme.	Ntangu akomaki Londres, atindelaki ngai nkoma.
L’estomac est un des organes internes.	Líkundú ezali moko ya biteni ya kati ya nzoto.
Il devait son succès autant à son habileté qu'à son application.	Kolonga naye ezalaki kowuta na bompikiliki mpe komipesa naye na mosala.
Le jeune fut arrêté pour son implication dans une émeute.	Elenge akangamaki po amikotisaki na mobulu.
C'est seulement quand je ne peux pas dormir la nuit que le tic-tac de l'horloge devient assez bruyant pour m'embêter.	Kaka na ntangu ya bozangi pongi na butu nde makelele  ya likonga ya ngonga ekomaka mutungisi pona ngai.
Je te remercie pour ta politesse.	Natondi yo pona botosi bwa yo.
Il m'a téléphoné il y a une heure.	Abengaki ngai na alo alo ewuti koleka ngonga moko.
L'instituteur a souligné l'importance des exercices quotidiens.	Molakisi abetaki sete na ntina ya koyekola mikolo inso.
Je porte des shorts tout le temps.	Nalataka kupe ngonga nyonso.
Les ennemis mortels sont des amis immortels.	Banguna oyo bakoki kokufa bazali baninga oyo bakufaka te.
Une datation au carbone fut réalisée sur l'échantillon afin de déterminer son âge.	Datation au carbone esalemaki na eteni oyo eponamaki pona koyeba mbula n'ango.
Dan a entendu des bruits sexuels pendant toute la nuit à l'hôtel.	Dan Ayoki makelele ya bosangisi nzoto butu mobimba na hôtel.
Considère le scénario suivant.	Kanisa lolenge oyo.
Pardonnez-moi de vous interrompre, mais pourriez-vous ouvrir la fenêtre.	Bolimbisi nakokata yo maloba, kasi okoki kofungola lininisa.
Le désespoir l'a conduit à faire une tentative de suicide.	Bozangi elikya ememi ye koluka komiboma.
Les animaux agissent selon leurs instincts.	Banyama basalaka makambu na lolenge ya bonyama na bango.
À moins que vous n'ayez des preuves, vous ne pouvez pas l'accuser de vol.	Loba ozala na biye mazali kolakisa, okoki kofunda ye na kimoyibi te.
Le café est au rez-de-chaussée, deux étages en-dessous.	Café ezali  na nse, kokita ba étages mibale.
Qu'une blague soit ressentie comme drôle dépend fortement du milieu culturel.	Pona liseki emonisama lokola ezali kosekisa makasi esengeli kolanda bizaleli ya bisika ezali kopesama.
Il y a ceux qui, dans une situation désespérée, cherchent assistance dans les prières des autres, mais ne pensent pas à prier pour eux-mêmes.	Ezalaka na bato, ontei ya bozangi elikya, balukaka lisungi kati ya mabondeli ya baninga, kasi bazalaka na likannisi ya kosambela te pona bango moko.
Nous avons trois enfants adoptés. Les deux plus jeunes sont frères biologiques.	Tozwa bana misato bakoma lokola ya biso. Ba oyo mibale ya bilenge makasi bazali ba ndeko ya makila.
Mon oncle est un joueur de cricket amateur.	Noko na ngai azali mobeti ya lisano ya cricket kasi ezali mosala naye te.
Marc est dans la chambre à coucher.	Marc azali na chambre esika ya kolala.
Les deux pays vont négocier un règlement à la crise.	Ba mboka nyonso mibale bakosolola mobeko pona kosunga na mobulu oyo eyingeli.
Elle s'est totalement sacrifiée pour élever ses enfants.	Amipesi mbeka pona kokolisa bana naye.
Personne ne sait exactement de combien de races se compose la population des États-Unis.	Moto moko te ayebi motuya ya ba lolenge ya bato oyo bazali kosala population ya  États-Unis.
La preuve que le gâteau est bon est qu'il est consommé.	Eloko ezali kolakisa ete gâteau ezali kitoko ezali koliama nango.
La police a interrogé de nombreuses personnes qui travaillaient près de la scène de crime.	Pulusu atunaki bato ebele oyo bazalaki kosala pembeni ya bisika likama esalemaki mituna.
J'ai fait la paix avec mon créateur. Je suis prêt à mourir.	Na luki kimia na mokeli na ngai. Na zali ya kobongama pona kokufa.
Emily a peur des hauteurs.	Emily abangaka kozala likolo.
Les espions empoisonnèrent le comte.	Banɔ́ngi ba tielaki mokonzi poison.
L'opération était vraiment délicate, là, à un moment, mais le médecin pense qu'il survivra.	Lipaso ezalaki na bokebi makasi, sika awa, na ngonga moko, kasi munganga akanisi ete akobika.
Je n'avais jamais vu d'étoile aussi brillante.	Na mona naino munzoto kongenga boye te.
Le sauvage m'a dérobé mes joyaux précieux et a pris la fuite.	Moto ya bonyama ayibaki ngai mabanga na ngai ya talo mpe akimaki.
De nombreuses différences culturelles subsistent entre l'Allemagne de l'Ouest et l'Allemagne de l'Est.	Bokeseni ebele na maye matala bizaleli kati ya Allemagne ya eloli (Ouest) mpe Allemagne ya monyele (Est).
Je suppose que vous aurez besoin de ça.	Na banzi ete okozala na mposa ya oyo.
Les terroristes ont juré d'exercer leur vengeance sur ce pays.	Ba terroristes ba lapaki ndayi ete ba kobekola  na mboka oyo.
Mon nom est étrange.	Kombo na ngai ezali somo.
Merci de m'avoir finalement expliqué pourquoi les gens me prennent pour un idiot.	Matondo na ndenge ondimbolisi ngai pona nini bato bazali kozwa ngai lokola zoba.
La nonne pria et fit le signe de croix.	Mamelo asambelaki mpe asalaki elembo ya ekuluze.
Nous nous battons tous contre notre propre remède; car la mort est le remède à tous les maux.	To bundisaka biso nyonso nkisi na biso; pamba te liwa ezali nkisi na mikakatano nyonso.
L'Irlande et l'Angleterre sont séparées par la mer.	Irlande na Angleterre bakabwani na mayi (mer).
La science se base sur des observations rigoureuses.	Science elandaka mamonisami oyo ya kafu kafu.
C'était un attentat-suicide.	Ezalaki attentat ya komiboma.
Je ne peux pas lui pardonner de m'avoir insulté en public.	Nakoki kolimbisa ye te pona lolenge afingi ngai na esika ya bato ebele.
Pendant la guerre, l'Amérique a essayé d'arrêter le commerce avec l'Angleterre.	na ntangu ya bitumba, America amekaki kokata mombongo na Angleterre.
Une fois, Tom a mangé dans un restaurant bon marché et a fait une intoxication alimentaire. Il est donc maintenant très attentif au lieu où il mange.	Mbala moko, Tom aliaki  na restaurant ya talo moke mpe abelaki libumu. Akoma na ekenge koleka na bisika aliaka.
Des quantités énormes de soldats et de civils furent tués.	Motuya ya ba soda mpe ba civils ebele ba bomaki.
Vous pouvez embrasser la mariée.	Okoki koyamba muasi nayo obali.
Je veux faire enregistrer une plainte en bonne et due forme.	Nako kotisa plainte lolenge esengeli.
L'Église catholique s'oppose au divorce.	Ecclezia katoliko eboyaka bokabwani ya balongani.
Ils ont dû rejoindre Jacques.	Basili kolanda Jacques.
Le saumon remonte la rivière et ponds ses œufs dans le sable.	Mbisi ya saumon amataka likolo ya mayi  mpe atikaka maki naye na mabele.
Le fil va là où l'aiguille le tire.	Singa elandaka nzela ya ntonga.
Une brebis galeuse infecte tout le troupeau.	Lilala moko ya kopola ebebisaka malala nyonso.
Pendant toute la leçon, il comptait les mouches.	Na ntangu ya mateya, ye azalaki kotanga ba nzinzi.
Napoléon conduisit ses troupes en Russie.	Napoléon amemaki ba mampiga mya ye na mboka Russie.
La plupart des accidents de la circulation sont dus au manque de sommeil.	Makama mingi makomaka na nzela ya mutuka mawutaka na mpongi.
La langue latine ne m'est pas totalement inconnue mais je suis totalement dépourvu de la capacité de la parler.	Lokota ya latin ezali mopaya te epayi na ngai kasi nazali na makasi te yako loba yango.
La reine des sorcières est morte.	Mokonzi ya ba ndoki ya basi akufi.
Ne gaspille pas un seul grain de riz !	Kobebisa ata mbuma moko te ya loso !
Au Japon, les sources d'eau chaude abondent.	Na Japon, bisika ya mayi ya moto ebimaka mazali ebele.
Je déteste les entretiens.	Nayina masolo.
Ton parti politique est complètement corrompu.	Lisanga ya politiki na yo etondi na bato ya kaniaka.
Ainsi, cinquante pour cent du muscle peut céder la place à la graisse.	Na yango, kati kati ya misisa ya nzoto makoki kotika esika na mafuta ya nzoto.
Elle a une machine à laver automatique.	Azali na mashini ya kosukola ya automatique.
La vue du homard frais me donna de l'appétit.	Na komona KosaKosa ya monene mpe sika epesi ngai mposa ya kolia.
La technologie numérique pour l'apprentissage du langage se met lentement mais sûrement en place.	Mayele ya sika pona boyekoli lokota ezali koyingela malembe malembe kasi na lolenge esengeli.
Cet homme a touché le fond : sa femme l'a quitté il s'est fait virer de son travail et il est alcoolique. Le pire c'est que je le connaissais, c'était mon patron il y a cinq ans.	Moto oyo akomi na suka : muasi naye akimi ye balongeli ye na musala mpe azali moto ya milangwa. Eleko ya mpasi ezali ete nayebaki ye, azalaki mukonzi na ngai eleki ba mbula mitano.
Mon client souhaite plaider coupable.	Moto nazali kosambela alingi andima mbeba naye.
Nous étions en sueur à cause de la chaleur.	Totondisamaki na mutoki likolo ya mulunge.
Marie s'est mise à glousser.	Marie akomaki kosala makelele ya koseka.
Dan est le seul roublard dans le coin.	Dan azali nagwalima moko oyo azali na bisika oyo.
Ce projet de loi a été soumis à l'approbation du Sénat.	Makanisi ya mibeko oyo ekotaki na Sénat pona kondimama.
Il s'est mis à œuvrer afin que le Congrès réduise les impôts.	Amipesaki mosala po ete Sénat ekitisa ba mpako.
Parmi nous aujourd'hui se développe une concentration du pouvoir privé sans égale dans l'histoire.	Kati na biso na mokolo ya lelo bokonzi ya bato ezali kokoba koleka lolenge ya kala.
De nos jours, presque toutes les voitures ont un GPS.	Na mikolo mya lelo, ba mituka nyonso ezali mingi mingi na GPS.
Mon oncle s'est porté garant de mes dettes.	Noko na ngai andimaki ete akofuta ba niongo na ngai.
Nous pouvions entendre des loups hurler au loin.	Tokokaki koyoka ba mbwa ya zamba konganga na musika.
La marijuana thérapeutique est légale dans cet État.	Diamba pona kobikisa endingisami na Mbula matari.
Le feu a réduit le village en cendres dans son intégralité.	Moto ekomisi mboka nyonso putulu.
Il te draguait carrément, au bar.	Azalai kotia yo litoyo penza, na ekala.
L'entreprise a publié un communiqué de presse.	Kompanyi esilaki kopesa nsango ezalaki kowuta na ba panzi nsango.
La foule en colère jetait des objets sur la police.	Lisanga ya bato na nkanda bazalaki kobamba mabanga na ba pulusu.
Nous chantâmes des chants en chœur.	Tozalaki koyemba ba nzembo na lolenge ya lisanga.
Si tu vas sous l'eau, retiens ta respiration et souffle pour déboucher tes oreilles.	Soki okayi na nse ya mayi, kanga mpema mya yo mpe bimisa mpema pona ete matoyi mya yo ma fungwama.
Elle parle souvent de son fiancé.	Abetaka mingi lisolo ya likangu na ye.
C'est ma recette spéciale, le ragoût de lapin.	Oyo ezali elubu na ngai ya ntina, soupou ya lapin.
La Grèce est en train de prendre des mesures radicales afin d'éviter l'effondrement de son système financier.	 Grèce azali kozwa mikano ya kafu kafu pona kobatela bokasi ya mosolo mya maye matali misolo mya ye.
J'aimerais profiter, par la même occasion, de dire à ce type arrogant qui, j'espère, écoute ce programme, que tout le monde en a marre de ses commentaires hautains et que nous voulons tous le voir partir.	Nakolinga zwa eposa (opportunite) oyo, na lolenge moko, pona koyebisa moto ya lelendo oyo, na banzi, azolanda mabongisi oyo, ete bato nyonso balembi maloba mya ye ya lolendo mpe tolingi komona ye akende.
Gémir, pleurer, prier est également lâche. Fais énergiquement ta longue et lourde tâche Dans la voie où le Sort a voulu t'appeler, Puis après, comme moi, souffre et meurs sans parler.	Komilela lela, kolela, kosambela ezali mpe lokola goigoi. Sala mosala mya yo na makasi nyonso na lolenge oyo esengeli, ndenge etinda na yo na mokili esengeli, mpe na sima, lokola ngai, nyokwama mpe kufa koloba eloko te.
Désolé, chérie, il n'y a aucun moyen que je puisse prendre toute une soirée pour un bavardage autour de cocktails.	Bolimbisi, bolingo, ezali na lolenge moko te oyo nakoki kozwa mpokwa mobimba pona lisolo pembeni ya nkopo ya masanga.
Le latin utilise 23 lettres : a, b, c, d, e, f, g, h, i, k, l, m, n, o, p, q, r, s, t, u, x, y, z.	Latin esalelaka ba nkoma ntúkú míbalé na mísáto : a, b, c, d, e, f, g, h, i, k, l, m, n, o, p, q, r, s, t, u, x, y, z.
Par moments il se disait que laisser une aussi jolie femme sortir ainsi seule dans Paris était aussi imprudent que de poser un écrin plein de bijoux au milieu de la rue.	Ba ntangu misusu azalaki komilobela ete kotika muasi kitoko lolenge oyo kobima ye moko na Paris ezalaki likanisi ya kozanga ekenge ndenge moko na kotika sanduku ya ba biju ya motuya na kati kati ya bala bala.
Les Japonais ont tendance à vouloir connaître un certain nombre d'informations personnelles sur quelqu'un telles que son âge, sa position sociale, s'il est ou non marié, avant de se sentir en confiance pour parler avec un étranger.	Ba Japonais bazalaka na bizaleli ya koluka koyeba mingi maye matali mutu lokola mbula naye, bozwi naye, soki abala to te, liboso ba ndima kosolola na mopaya.
Énée sort du nuage et paraît tout à coup ; il adresse son compliment à la reine, qui lui fait une réception très favorable, et se hâte d’envoyer des provisions de toute espèce à ses compagnons restés sur le rivage.	Énée abimi na mapata mpe abimi na pwasa ; apesi ya ye longonya na muasi ya mokonzi, oyo asalelaki ye nteke ya malonga, mpe awelisi kotindela biloko ya lolenge nyonso na ba ninga na ye oyo batikalaki na  pembeni ya mayi.
Pour se retrouver nu, asphyxié dans un sac de sport cadenassé, avec la clé du cadenas sous les fesses, à l'intérieur du sac, il faut être un espion anglais, non ?	Po ete omonisma motakala, yako kangelama mpe kozanga lolenge ya koppema okati ya sacoche na cadena, fungola ya cadena na nse ya masoko, okati ya sacoche, sengeli ozala espion ya ba anglais, bongo te?
Il est clair que les Américains ne peuvent même pas résoudre leur propres problèmes. Comment peuvent-ils alors avoir la possibilité de penser être dans la capacité de gérer les problèmes du reste du monde ?	Ezali komonisema na pole ete ba Américains bazali na makoki yako silisa makambo na bango moko te. Boni boni bakoki kozala na makanisi yako banza ete bakoki kosilisa makambu ya mokili misusu?
""" Mais écoute, et connais par quels signes certains / s'annonceront ces lieux promis par les destins. """	""" Kasi yoka, mpe yabe na bilembo nini basusu / bako yebisa bisika oyo abingisamaki na bomoi na bango. """
Quant à moi, plutôt que d'essayer d'être un homme cosmopolite et sympa, j'aimerais être quelqu'un du terroir à l'esprit ouvert.	Pona ngai, bisika ya komeka kozala moto awuti na engumba monene mpe azali malamu, nakosepela kozala moto awuti mboka kasi atoondisami na makanisi.
Malheureusement, la police a dû attendre qu'il y ait une autre victime avant de tenter d'en savoir plus sur le tueur en série.	Mawa po ete, pulusu ezelaki ete moto musus akufa yambo ba luka koyeba nani zalaki mobomi ya ba mbala ebele.
Après les destructions de la seconde guerre mondiale dans le centre-ville, sont apparues de nombreuses nouvelles constructions. Il existe cependant encore de belles anciennes demeures en quelques endroits.	Sima ya bopanzi oyo eselamaki na bitumba ya mokili mobimba pona ntangu ya mibale na centre-ville, ba ndako ya siika mamonisamaki. Kasi ba ndako misusu mya kala masili kozala na bisika misusu.
Vous voulez des réponses à des questions que vous ne devriez pas poser.	Bolingi biyano na mituna oyo esengelaki botuna te.
La voiture est garée en Zone E, place 97. Sortez par l'entrée principale, tournez à droite et allez jusqu'au bout du terminal.	Motuka etelemisami na Zone E, place 97. Bima na nzela ya monene ya kokotela, baluka na loboko ya mobali mpe kende ti na suka ya terminal.
Ne passez jamais devant aucune église sans saluer révéremment et adorer Jésus-Christ qui y repose, et honorer le Saint auquel elle est dédiée : tenez le même respect aux croix que vous rencontrerez.	Kolekaka soki mokolo moko te liboso ya ecclezia mpe opesa mbote ya botosi to mpe osanjola Yezu te oyo azali kopema kuna, mpe kumisa mosantu oyo ecclesia epesameli : lakisa botosi na ba ekuluzu nyonso ozali komona na nxela na yo.
Tu te souviens pas de cette chanteuse de l’époque, Komuro ou Himuro, je sais plus trop, qui faisait une danse bizarre ?	Oza kanisa lisusu mooyembi ya muasi oyo te na ntangu  wana, Komuro ou Himuro,nayebi te soki na tangi ye malamu, oyo azalaki kosala mabima moko ya ndenge ?
Même si les deux garçons n'avaient pas aimé le partenaire de chacun au début, ils sont vite devenus amis.	Ata soki bana ya mibali mibale ya mikie bazalaki kolinga molongani ya moko moko te, bakomaki ba ninga na sima.
Hier nous sommes allé à un concert de musique classique. Pendant la première partie, ils ont joué quelque chose de triste - je me suis presque endormi ; la deuxième partie était un peu plus joyeux.	Lobi tokendaki mindule ya miziki ya mindele. Na ntangu ya eteni ya yambo, babetaki betaki eloko moko ya mawa - na komaki pene ya kolala ; eteni ya mibale nde ezali mwa moke na esengo.
Le passé n'éclairant plus l'avenir, l'esprit marche dans les ténèbres.	Ntangu eleka ezali kopesa pole lisusu te na ntangu ekoya, molimo ezali kotambola na molili.
Hé, attendez une minute. J'espère que vous n'essayez pas de me dire que vous n'allez pas me rendre mon argent.	Eh, zela ngonga moko. Nabanzi ozali komeka  koyebisa ngai ete okozongisela ngai mosolo na ngai te.
Énée s’occupe d’abord de fournir aux premiers besoins de ses compagnons ; il va à la chasse, et tue plusiers cerfs qu’il leur distribue ; il leur adresse ensuite quelques encouragements.	Énée azali kolengele nanu ba ninga na ye na bopesi bango biye bisengeli ya yambo ; azali kokende bokila, mpe koboma ba mboloko ebele oyo azali kokabolela bango; sima na yango ayebisi bango ba yika mpiko.
Là il reçoit sur son bord un malheureux Grec de la suite d'Ulysse, nommé Acheménide, qui était resté sur cette côte abandonné par ses compagnons.	Kuna asili koyamba epayi na ye moto ya mawa moko ya greki oyo azalaki na lingomba ya Ulysse, na kombo ya Acheménide, oyo atikalaki na libongo wana mpo baninga naye basundolaki ye.
Lorsque vous aurez rendu Berthe malade, il faudra appeler le docteur, ça coûtera de l'argent chez le pharmacien, et c'est encore vous qui serez le dindon...	Ntangu okobelisa Berthe, esengeli obenga dokotolo, ekosenga misolo epayi ya moteki nkisi (pharmacien), mpe ekozala yo lisusu moto okobima zoba...
Vous vous souvenez des « Fous du volant » ? Regardez la primaire aux États-Unis d'Amérique, ça y ressemble drôlement !	Ozali koyeba lisusu « Batu ya maboma oyo bazalaki kokumba » ? Tala ba maponami ya liboso ya America, ezali penza kokokana !
Plus bas, le fer en main, d'intrépides cohortes / se pressent en dedans, et protègent les portes. / Ma fureur se réveille en ces moments d'effroi ; / je vole à leur secours, au secours de mon roi.	Soki okiti mingi na nse, libende na maboko, Lisanga ya bato ya mpiko / ba kokende na lobango na kati, mpe kobatela bikuke. / Nkanda na ngai elamuki na ba ntangu oyo ya bobangi ; / na keyi kosunga bango, kosunga mokinzi na ngai.
Eh bien, s'il continue à neiger, le père Noël ne pourra pas arriver à l'heure.	Na yango, soki neige ezali kokweya kaka, père Noël akokoka kokoma na ntangu te.
Ah ! vous voulez vous échapper, infâme créature ! vous cherchez à vous sauver comme une voleuse, au milieu de la nuit, hein ?	Ah ! Olingi okima, ekelamu mabe ! Ozo luka okima lokola moyibi ya muasi, ontei ya butu, hein ?
Avant de prendre sa retraite, elle travaillait en tant que secrétaire du Directeur d'une école de recherche de l'université.	Yambo ete akende na pension, azalaki kosala lokola secretaire ya Directeur ya kelassi pona kosala mabingisami ya université.
""" O vous, l'amour, l'espoir et l'orgueil des Troyens, / Hector, quel dieu vous rend à vos concitoyens ? / Que nous avons souffert de votre longue absence ! / Que nous avons d'Hector imploré la présence ! """	""" O yo, bolingo, elikya, mpe lolendo ya ba Troyens, / Hector, nzambe nini azongisa yo na bayi mboka mwa yo ? / Ndenge to tungisamaki na ntangu molayi oyo ozalaki musika na biso ! / Nini  lisusu to koki kozenga na Hector soki kobondela bozali na ye te ! """
Le camion de Dan semblait avoir disparu sans laisser de trace.	Mutuka ya monene ya Dan elimwaki mpe etikaki bilembo te.
"""I Love You"" est le titre de plus de chansons que quiconque pourrait chanter durant toute sa vie."	"""Na lingi yo"" ezali nkombo ya ba loyembo oyo moto nyonso akoki koyemba na bomoyi naye mobimba."
J'ai laissé certains documents importants pour la société à mon domicile. Désolé, mais pourriez-vous, je vous prie, aller me les chercher maintenant ?	Na tiki mikanda misusu ya mituya oyo ya companie na ndaku na ngai. Bolimbisi, kasi okoki, na bondeli yo, kokende kozwa myango sikoyo ?
L'audience de lecture de l'acte d'accusation d'aujourd'hui offre au prévenu sa première occasion d'exposer son cas en personne.	Na ntangu ya esambeli ya lelo botangi ya likambu oyo ba fundeli ekopesa na moto oyo afundami eposa ya liboso po andimbola likambo naye ye moko.
Auxerre a enregistré sa première victoire de la saison et, par la même occasion, est sortie de la zone rouge.	Auxerre asili kozwa elonga naye ya liboso na masango mpe, lolenge wana, aleki mondelo ya motane.
T’es marrant, toi ! Tu croyais quand même pas que j’allais t’attendre toute l’après-midi ?	Ozali kosekisa, yo ! Obanzaki te ete nalingaki nazela yo mpokwa nyonso ?
Il n'est pas nécessaire de lui demander de se convaincre qu'il est, de cœur et d'esprit, lié à sa classe, à sa classe ouvrière.	Ezali na ntina te yako senga ye mpo azala na koyeba ete azali, na nzoto mpe molimo, lingomba oyo ye azali, lingomba ya bana ngamba.
Et pourquoi avez-vous cru qu’il était mon amant ? Parce que sa société me faisait plaisir ? Si vous étiez plus intelligent, plus agréable, j’aurais préféré la vôtre !	Mpona nini okanisaki ete azali linkangu na ngai ? Mpo ete komany na ye ezali kopesa ngai esengo ? Soki ozalaki mayele koleka, malau koleka, nalingaki na pona ya yo !
Je t'explique d'abord le topo et tu pourras me poser toutes les questions que tu veux par la suite.	Na ndimbolisa yo nanu ba makomi mpe okoki kotuna mituna mya yo na sima.
Pendant la journée nous voyons le clair soleil, et au cours de la nuit nous voyons la lune pâle et les belles étoiles.	Na ntangu ya mokolo tomonaka moi kongenge, mpe ontei ya butu tomonaka sanza mpe minzoto ya kitoko.
« Bon, t'en as tiré combien ce mois-ci ? » « Ben tu sais, je suis comme tous les mecs, mon horizon, c'est vingt-quatre heures max ! »	« Bon, obendi yango boni na sanza oyo ? » « Euh oyebi, nazali lokola mibali nyonso, makanisi mya ngai, esukaka na mokolo ya lelo ! »
L'entreprise a répondu à l'appel et fera un don de vingt-cinq mille euros.	Kompany eyanoli na mbela mpe ekosala libonza ya nkóto  ntúkú míbalé na mítáno ya ba euros.
Le 18 mai, un jeune couple japonais fut arrêté après que leur bébé d'un an ait été trouvé emballé dans un sac plastique et jeté dans une gouttière.	Mokolo ya zómi na mwámbe lya sanza mya  mítáno (18 mai), bilenge babale, muasi na mobali ya mboka japon bakangamaki sima ya bokuti muana na bango ya mbula lyoko oyo azalaki okati ya sacoche ya plastiki mpe ba bwakaki ye na matolo bisika ebongisama pona mayi ya mbula elekaka.
Avec Tatoeba en version Android, on pourra traduire Flaubert tout en faisant l'amour, ouvrant ainsi la voie à des niveaux de plaisir jusqu'alors inexplorés...	Na Tatoeba (application ya ba japonais pona kolimbola ba nkota ya ba paya) na lolenge n'ango ya Adroid (ya sika mpe makasi), tokoki kolimbola Flaubert na ntangu yabosangisi nzoto, bongo tokofungola ba nzela mpe ba lolengee ya nsai oyo nanu tomeka te...
Dans les hôtels de New York, il est désormais conseillé aux hommes de sortir de leur douche tout habillés.	Na ba hôtels na New York, toli epesami bongo na mibali ete babimaka na kikóso na bilamba.
Sir William Lucas, autrefois négociant à Meryton, possédait une jolie fortune. Ayant exercé honorablement l’office de maire, il avait obtenu du roi le titre de chevalier.	M. William Lucas, kala azalaki mutu kosala mombongo na Meryton, azalaki na misolo ebele. Mpo asalaki mosala malamu ya kigouverneur, azwaki ngwende ya ki chevalier epayi ya mokonzi.
Devant le buffet ouvert, Catherine réfléchissait. Il ne restait qu’un bout de pain, du fromage blanc en suffisance, mais à peine une lichette de beurre ; et il s’agissait de faire les tartines pour eux quatre.	Liboso ya belei ebele, Catherine azalaki kokanisa. Etikalaki kaka eteni ya mukie ya lipa, fromage ya pembe ya kokoka, kasi mwa ndambu mukie ya manteka ; kasi esengelaki kotia na biteni ya mapa pona bango minei.
« Vous n’aviez donc pas remarqué combien je suis belle ? semblait lui dire Hélène. Vous n’aviez pas remarqué que je suis une femme et une femme que chacun peut obtenir, vous surtout ? » disait son regard.	« Omoni te lolenge boni nazali kitoko ? ezalaki lokola Hélène azalaki koloba bongo. Ozo mona te nazali muasi mpe muasi oyo moto nyonso akoki kozwa, mingi mingi yo ? » etaleli naye ezalaki koloba bongo.
En grimpant à l’arbre, pour faire le malin devant ses copines, Gabriel s’est couvert de ridicule au moment où son pantalon s’accrocha à une épine et fit entendre un craquement suspect.	Na komata na nzete, pona asepelisa bana basi liboso mya ye, Gabriel amiyokisaki soni na ntangu oyo patalon naye ekangamaki na nzube mpe makele eyokanaki.
Autrefois, j'étais responsable de la gazette de mon lycée, appelez cela une feuille de chou si cela vous chante, quoiqu'il en soit c'est ainsi que naquit ma passion pour le journalisme.	Ntangu ya kala, nazalaki mokonzi ya lingomba ya ba panzi nsango ya kelassi na ngai, okoki kobenga yango nkasa ya ndunda soki olingi, na lolenge wana mposa na ngai ya kokoma mopanzi nsango ebotamaki.
Je trouve ça bizarre qu'Alice garde le silence si longtemps.	Nazali komonona yango mistiki lolenge Alica azali kovanda kimia ntangu molayi.
Désolé, chéri, il n'y a aucun moyen que je puisse prendre toute une soirée pour un bavardage autour de cocktails.	Bolimbisi, bolingo, ezali na lolenge moko te oyo nakoki kolekisa butu mobimba pona masolo pembeni ya nkopo ya masanga.
Comme vous aviez sollicité un rapport des faits circonstancié, nous vous faisons parvenir, ci-joint, à ce sujet, une note par la personne compétente en charge du dossier.	Lokola osengaki makomi oyo mazali kolobela makambo malekaki, to tindeli yo, na pembeni, na yango, mokanda ewuti esika ya moto oyo azali kolandela likambo yina.
« Écoute, Marie, lui ai-je dit en joignant ses deux petites mains dans les miennes, est-ce que tu ne me connais point ? » Elle m’a regardé avec ses beaux yeux, et a répondu : « Ah bien non ! »	« Yoka, Marie, nazalaki koyebisa ye na ntangu nasimbaki maboko mya ye mibale ya mike na sangisi myango na mya ngai, ozo yeba ngai lisusu te ? » Atali ngai na misu mya ye ya kitoko, mpe ayanoli : « Ah malamu te ! »
« Comment ça se fait que tu t’y connaisses si bien en français ? » « Ben, je suis Français. Évidemment que je m’y connais. » « Mais même moi qui suis Japonais, je sais pas expliquer aussi bien le japonais ! »	« Ndenge nini osali  mpo ete oyeba lopoto malamu boye  ? » « kasi, nazali Français. Ezali ya kokamwa te ete nayeba yango. » « Kasi ata ngai moko oyo nazali Japonais, nayebi malamu te kondimbolisa kijaponais ! »
En regardant ce vieil instrument de musique aux formes des plus torturées, je me demandais de quel fol esprit il était sorti. « En tout cas, quel bel instrument que voilà ! », lâchai-je.	Nakotala eloko ya ebetelo ya mindule oyo ekomi ya kala na lolenge mya yango enyefuka, nazali komituna ewuti na molimo ninii ya liboma. « Penza, oyo eleko ya ebetele mindule ya kitoko nde yangoyo ! », natikaki.
Afin d'accélérer l'expulsion des Palestiniens de certaines régions de la Cisjordanie, l'armée d'occupation a transformé 18% de cette région en des terrains d'entraînement. Les quelques 6000 Palestiniens qui y vivent seront tôt ou tard expulsés.	Na ntina ya komisa bobengani ya ba Palestiniens na ba etuku misusu ya Cisjordanie mbangu, mapinga oyo eyingela mpe enganzama ontei ya mboka na bango bakomisaki 18% ya bisika ya etuku ena camp yako salela ba netrainements. Ndambu ya ba palestiens nkóto motóba oyo batikali kovanda kuna bako bengana bango soki lelo te ata lobi.
N'attends pas que les événements arrivent comme tu le souhaites ; décide de vouloir ce qui arrive et tu seras heureux.	Kozela te ete makambo makomela yo ndenge ozo linga ; zwa mokano ya kolinga maye mazali kokomela yo mpe oko zala na esengo.
Le véhicule roulant à vive allure glissa et s'enfonça tête la première dans l'arrière d'un camion avant que son conducteur n'ait pu dire Jack Robinson.	Motuka oyo ezalaki kokumbama na mbangu makasi esietaki mpe ekotisaki liboso nango na sima ya motuka ya monene yambo mokumbi nango akoka koloba Jack Robinson.
Blanc puis rouge, rien ne bouge. Rouge puis blanc, tout fout le camp.	Pembe sima motane, eloko tee ezali koningana. Motane sima pembe, nyonso ezali kokima.
En Espéranto, on peut arranger toute phrase selon les six différents ordres possibles : SVO, SOV, VOS, VSO, OVS, OSV, avec S pour le sujet, V pour le verbe et O pour l'objet.	na Espéranto, tokoki kobongola maloba nyonso kolanda lolenge oyo elandani : SVO, SOV, VOS, VSO, OVS, OSV, na  S lokola sujet, V pona verbe mpe O pona objet.
Je suggère que tu fasses ton boulot et me laisses faire le mien.	Na kosenga nayo osala musala na yo mpe otika ngai nasala ya ngai.
Écoutez le texte qui vous sera lu, puis répondez aux questions qui vous seront posées.	Yokamela makomi oyo makontangama pona yo, sima yangola mituna oyo bakotuna yo.
Allez, debout ! Sinon je ne pourrai pas vous amener à l'école.	Tokei, telema ! Soki te nakokoa te komema yo na kelassi.
Mais d'un sage orateur si la vue imposante / dans l'ardeur du tumulte à leurs yeux se présente, / on se tait, on écoute, et ses discours vainqueurs / gouvernent les esprits et subjuguent les cœurs.	Kasi na molobeli ya bwanya soki azali kitoko na kotala / kati ya londende ya misu kasi mazali komona, / bakangaka monoko, bayokaka, mpe maloba mya ye ya balongi / ekumbaka milimo mpe mabikisaka mitema.
Tel, d'un coup incertain par le prêtre frappé, / mugit un fier taureau, de l'autel échappé, / qui, du fer suspendu victime déjà prête, / à la hache trompée a dérobée sa tête.	Lokola, ebotu oyo tokanaki te ekowuta epayi ya sango, / ngombe ya mobali ya kitoko abimi, akimi esika ba bomaka ba ngombe, / oyo, esi abongisamaki pona kozala libonza,/ mpe epasola ekosamaki elalaki moto na ye.
Quiconque bat sa belle-mère à mort y perd la tête, décapité. C'est une coutume antique qu'on peut comprendre. Mais quiconque trucide des centaines de milliers y gagne un monument.	Oyo nyonso abeti mama bokilo na ye pene ya liwa abungisi moto, bako kata yango. Ezali bongo bizaleli ya kala oyo tokoki kososola. Kasi oyo nyonso ayibi ba nkóto nkámá bakosalela ye monument.
En ces moments affreux, / qui n'implorai-je point des hommes et des dieux ! / Non, Ilion en feu, non, cette nuit terrible, / pour ce cœur déchiré n'eut rien de plus horrible.	Na bangonga oyo bobangi makasi,/ nani nazalaki kobelela te mpona lisungi ezala batu mpe ba nzambe ! / Te, Ilion ezwi moto, te, butu oyo ezali mobulu,/mpona motema oyo esili kozoka eleko mususu ya mabe koleka ezali te.
Chère maman, j'aurai besoin de tes conseils à l'approche de la naissance de mon bébé.	Mama wa ngai ya bolingo, nakozala na posa ya ba toli nayo pembi ya mbotama ya muana na ngai.
Le prisonnier jure sur l'évangile d'exécuter fidèlement le traité, en donnant ses fils en otages, mais la veille il a signé une protestation secrète disant qu'il abandonne la Bourgogne par contrainte.	Mokangemi akati ndayi likolo ya makomi masantu ete akolandela makomi lolenge esengeli, na kopesa bana na ye ya mibali lokola bakangemi, kasi mokolo ya liboso ya mokolo wana atiyaki mokoloto na mokanda ya koboya manso alobaki na ndenge ya nkunku na koloba ete asundoli Bourgogne na makasi.
Je n'avais jusqu'alors jamais compris pourquoi l'éternité avait été faite. C'est pour laisser à certains d'entre nous une chance d'apprendre l'allemand.	Natikalaka kososola te kino lelo mpo na nini bomoyi ya seko esalamaka. Ezali mpo na kotikela basusu kati na biso libaku malamu ya koyekola ki allemand.
« Désolée, Kylia. » « Pourquoi tu t’excuses ? » « Non, c’est juste que je me dis que j’ai dû pas mal t’embêter. » « Hein ? Mais non, voyons, pas du tout. »	« Bolimbisi, Kylia. » « Mpo na nini osengi bolimbisi ? » « Te, ezali kaka mpo namilobeli ete natungisi yo mpe mingi. » « Eh ? Ezali bongo te, totala, ata soki moke te. »
Si un travailleur qui avait entamé un ouvrage honnêtement conçu venait à mourir, il faut que n'importe quel autre maître expert en la matière puisse continuer l'œuvre pour la mener à bonne fin.	Soki mosali oyo abandaki mosala na lolenge oyo esengeli akufi, esengeli ete molakisi nyonso oyo ayebi mosala yango malamu alandela mosala mpo na kosilisa yango na ndenge esengeli.
Les cinq articles de la vie : §1 Ne pense pas ! §2 Lorsque tu penses, ne parle pas ! §3 Lorsque tu parles, n'écris pas ! §4 Lorsque tu écris, ne signe pas ! §5 Lorsque tu signes, alors ne t'étonne pas !	Mateya mitano ya bomoi : §1 Kokanisa te ! §2 Ntango ozali kokanisa, koloba te ! §3 Ntango ozali koloba, kokoma te ! §4 Ntango ozali kokoma, kotiya mokoloto te ! §5 Ntango otie mokoloto, sikoyo kokamwa te !
L'article 214b, selon mon opinion une des dispositions encore plus étranges du Code administratif général du Land de Schleswig-Holstein, semble stipuler que quelqu'un qui voit un éléphant rose doit lui délivrer un reçu.	Nkoma 214b, engebene na likanisi na ngai, moko ya mabongisami ya somo ya Code administratif général ya Land de Schleswig-Holstein, na ndenge emonani koloba ete moto oyo amoni nzoku ya motane esengeli apesa ye mokanda.
""" Hélas ! par cet espoir j'aimais à me venger ; / à nos malheurs passés j'opposais cette joie, / et Rome adoucissait les désastres de Troie : / chaque jour cependant reproduit nos malheurs. / Grand roi ! quand mettrez-vous un terme à nos douleurs ? """	""" Helas ! na elikya wana nalingaki nazongisa mabe na mabe ; / na ba mpasi na biso ya kala natelemisaki esengo, / mpe Rome ezalaki kolembisa mpasi likolo ya Troie : /mokolo nyonso kasi ezali kobotisa mpasi na biso. / Mokonzi monene ! ngonga nini okosilisa mpasi na biso ? """
Ils auraient obtenu un meilleur taux de change s'ils étaient allés à la banque.	Bakokaki kozuwa taux ya kosombitinya malamu soki bakendaki na banki.
Mon nouvel ouvre-boîtes est plus puissant que l'ancien, donc il faut espérer que ça ne me prendra plus deux minutes pour accéder à mes haricots.	Efungoli manzanza na ngai ya sika ezali makasi koleka oyo ya kala, na yango esengeli kolikya ete ekozwa ngai miniti mibale te mpo nasimba madesu na ngai.
Le nombre de clients qui se rendent tous les ans pendant la période du nouvel an chinois, au grand Tang Frères, à Paris dans le treizième arrondissement, fait peur.	Motango ya bakiliya bakendeke mbula nyonso na ntango ya mbula ya sika ya ba chinois, na Tang Frères ya monene, na Paris na alondisema ya zomi ya misato, ebangisaka.
La bonté en pensées donne de la profondeur, la bonté en paroles met en confiance, la bonté en actes généreux est source d'amour.	Bolamu na makanisi  epesaka bozindo, bolamu na maloba etiyaka kati ya kondimama, bolamu na misala malamu ezali liziba ya bolingo.
Cette tenue de camouflage très étrange va tromper la vision informatique des robots J-12, bien qu'ils pourraient envoyer une volée de tirs d'armes légères dans votre zone.	Sokoto ya bobombi ya somo mpenza oyo ekokosa bomoni-miso ya masini ya ba robots J-12, ata soki bakoki kotinda masasi ebele ya mandoki ya mikie na bisika na yo.
Ma tante vit à New York.	Tata mwasi na ngai avandaka na New York.
Le soir, bien impatiemment attendu, vint enfin. Ma jeune épouse se retira dans la chambre nuptiale, où je ne pus la suivre aussi vite que je l’aurais voulu. Un devoir fastidieux, mais indispensable, me réclamait auparavant.	Mpokwa, ezelamaki mingi, na nsuka ekokomaki. Mwasi na ngai ya elenge abimaki na elalelo ya libala, bisika nazalaki nakokaki te kolanda ye na lombangu ndenge nalingalaki. Bosenga ya makasi, kasi ya ntina, ezalaki kobengisa ngai na kala.
J’ai bien là quelques provisions, dit Spiagudry en tirant son havre-sac de dessous son manteau ; mais, si votre appétit égale le mien, ce pain noir et ce fromage rance auront bientôt disparu.	Nazali na ndambo ya biloko nabombaki, elobaki Spiagudry na kobenda saki na ye kouta na nse ya kazaka na ye ; kasi, soki mposa na yo ya kolia ezali lolenge moko na oyo ya ngai, lipa ya moyindo oyo mpe fromage ya makasi oyo ekolimwa kala mingi te.
Laisser des colons extrémistes tuer des autochtones en toute liberté fait partie de la stratégie qui consiste à maintenir la pression sur les autochtones afin qu'ils quittent leurs terres ancestrales.	Kotika ba koloni oyo ya mitema mabe baboma baimboka na bonsomi nyonso ezalaki lolenge ya kosalela oyo ezalaki kokotisa bobangi na baimboka mpo ete batika mabele ya ba nkoko na bango.
Ces gars sont chanceux. Ils ont tous appris le russe avec des petites amies russes, et certains d'entre eux ont même fini par les épouser.	Bato oyo bazali na libaku ya malamu. Bayekolaki bango banso russe na ba makango  ya ba russes, mpe basusu kati na bango basukaki na kobala bango.
Il n'y a pas de problèmes ; il n'y a que des solutions. L'esprit de l'homme invente ensuite le problème. Il voit des problèmes partout.	Makambo ezali te, kaka biyano nde ezali. Molimo ya moto nde ebotisaka makambo na nsima. Amonaka makambo bisika nyonso.
Si vous pensez que c'est en faisant des exercices de grammaire et en apprenant bêtement du vocabulaire que vous allez savoir parler une langue, alors vous vous mettez le doigt dans l'œil.	Soki okanisi ete na botangi mimekano ya grammaire mpe boyekoli na bozoba ya maloba nde okoyeba koloba lokota, wana ozali komikosa.
La viande artificielle va bientôt arriver dans nos assiettes. On dit que c'est l'avenir et que sa production est plus écologiquement responsable.	Misuni oyo esalemi na maboko ya moto kala te ekokoma na sani na biso. Balobi ete ezali lobi na biso, mpe kosala yango ezali likanisi malamu mpo na kobatela mokili.
Les pieds me font tellement souffrir que j'ai l'impression de les avoir usés jusqu'à l'os à force de courir.	Makolo ezali kosala ngai mpasi makasi nakanisi ete naseleli yango mingi ti na mokuwa likolo ya kokima mbangu.
On m'a dit que la jeune miss Lovelace aimait la musique, je serais enchanté si, pendant mon séjour sur ce lac auquel me condamne une ordonnance de médecin, elle voulait me permettre de faire de la musique avec elle...	Bayebisi ngai ete elenge mwasi miss Lovelace alingaki mindule, nakozala na esengo soki, ntango nyonso nakolekisa na etima oyo esika monganga asengi ngai navanda, akolinga ngai nasala mindule na ye...
La jeunesse se trompe lorsqu'elle croit que l'on meurt d'avoir le cœur brisé. Ce faisant, on vit la plupart du temps jusqu'à un âge avancé.	Bilenge bamikosaka ntango bakanisaka ete bakufaka na motema mpasi. Na yango, tobikelaka na ngonga kino mbula ya likolo.
J'ai passé deux heures hier à essayer de réparer cette radio cassée.	Nalekisaki ngonga mibale lobi nakomeka kobongisa ladio oyo ebukana.
La révolution numérique ouvre la voie vers des formes étonnamment nouvelles de relations sociales.	Bongwana oyo ekoti na nzela ya internet esili kofungola bikuke mpo na  lolenge ya sika ya bizaleli o ntei ya bovandi ya bato.
Une étude tend à prouver que les hommes célibataires utilisent en moyenne plus de mouchoirs en papier que ceux ayant une petite amie, on est donc tenté de conclure que l'amour protège du rhume.	Bolukiluki moko emonisi ete mibali ya likombe basalelaka ba muswale ya nkasa koleka mibali oyo bazali na likangu, na yango tokoki koloba ete bolingo ebatelaka miyoyo.
Pour son fils malheureux pleine d'un tendre effroi, / cette ville suspecte et ce peuple sans foi, / Junon surtout, Junon, qu'un fier courroux dévore, / tout l'alarme, et la nuit sa crainte veille encore.	Mpo na mwana na ye ya mobali ya mawa atonda bobangi,/ mboka oyo ezali na keba keba mpe bato bazanga kondima, / Junon mpenza, Junon, oyo nkanda moko ezali kotumba,/kati na bobangi, mpe na butu bobangi na ye ezalaki kaka.
Toute la vie des sociétés dans lesquelles règnent les conditions modernes de production s’annonce comme une immense accumulation de spectacles. Tout ce qui était directement vécu s’est éloigné dans une représentation.	Bomoi nyonso ya bisika oyo lolenge ya bosali ezali ya sika emonisamaka lokola bisika ya masano ebele. Oyo nyonso emonisamaki mbala moko ekendaki mosika na malakisi.
Le résultat de toute recherche sérieuse ne peut être que poser deux questions là où il n'y en avait qu'une auparavant.	Eyano ya misala ya bolukiluki oyo ya solo epesaka kaka mituna mibale bisika oyo motuna azalaki kaka moko liboso.
«Tu promets ?» «Croix de bois, croix de fer, si je mens, je vais en enfer !»	«Olaki ?» «Ekulusu ya libaya, ekulusu ya libende, soki nakosi, nakokende lifelo !»
Vous devez faire montre de respect à vos invités.	Esengeli olakisa botosi na bapaya na yo.
L'amour, nous pouvons l'accepter ou le refuser, le nourrir ou l'éteindre, nous pouvons l'épicer ou l'empoisonner, le soigner ou le négliger.	Bolingo, tokoki kondima to koboya yango, kokolisa to koboma yango, tokoki kotia yango mwa ba epices to kotia yango mbondo, kobikisa yango to mpe kosundola yango.
Elle regrettait que son mari passât ses journées à la chasse, répandît une si forte odeur et fût si velu.	Azalaki koyoka mpasi ndenge mobali naye alekisaki mikolo na ye na bokila, azalaki kolumba solo makasi mpe azalaki na nsuki.
Je me demande si je devrais être fier que les cinq premières pages des résultats de recherche de mon nom sur Internet ne parlent pas de moi, ou bien honteux.	Nazali komituna soki esengeli nasepela na nkasa mitano ya liboso na biyano ya boluki nkombo na ngai na Internet kasi ezali kolebela ngai te, to esengeli nazala na nsoni.
L’esprit de la jeune fille était ailleurs, et la voix de Gringoire n’avait pas la puissance de le rappeler.	Molimo ya elenge mwasi ezalaki bisika misusu, mpe mongongo ya Gringoire ezalaki na nguya te ya kozongisa yango.
« Sens, mon amour ! Voici une odeur de foin frais à rendre fou. Qu'en penses-tu : peut-on imaginer nid plus adéquat pour la première nuit de notre lune de miel que celui-ci ? » « Oui, je peux. »	« Nyukuta, bolingo na ngai ! Yango oyo nsolo ya matiti ya sika ekopesa liboma. Okanisi nini : okoki kokanisa ete ndako ya malonga mpo na butu ya yambo ya libala na biso koleka oyo? » « Iyo, nakoki. »
Je suppose que la société offre un charme étonnant. Si le fait d'y vivre est franchement ennuyeux, celui de vivre hors d'elle est tout bonnement tragique.	Nabanzi ete lisanga epesi bozalisami kitoko ya kokamwa. Soki lolenge ya kovanda kati na yango ezali kopesa mposa boye te, kasi oyo ya kobika libanda na yango ezali na mpete ya somo koleka.
Bref, vous auriez dû en accepter la responsabilité.	Na mokuse, esengelaki ondima mokumba.
""" Cependant, de Pallas pour remplacer l'image, / surtout pour expier leur sacrilège outrage, / ils ont à la déesse offert ce nouveau don. """	""" Kasi, kouta Pallas mpo na kobalola elili, / mpenza mpo na kofuta mbeba basalaki, /  babonzelaki na nzambe-mwasi libonza ya sika oyo. """
Il a rentré sa voiture en marche arrière dans le garage.	Akotisi motuka na bozongi nsima na kati ya garage.
Ce qui est important lorsqu'on rédige un essai est de mettre ses idées au clair.	Ya motuya ezali ntango ozali kokoma buku  kotia makanisi na pole.
Tu auras des problèmes si ta copine apprend la vérité.	Okozwa likambo soki likangu na yo ayoki bosolo.
Notre station de télé locale effectue un assez bon travail de couverture des nouvelles locales.	Lingomba na biso ya televizyo ezali kosala mosala malamu ya kopesa sango  ya mboka.
Cela ferait vingt-sept mots au lieu de quatre, et même si le message brut de la longue phrase serait compris, la force de persuasion serait perdue.	Ekosala maloba ntuku mibale na nsambo na esika ya minei, mpe ata soki nsango ya lisakola molai eyokami, bokasi ya kondimisa ekosila kobunga.
La vie est tellement longue qu'on a le temps de changer plusieurs fois d'avis et de ne pas s'en souvenir. C'est pour cela que la jeunesse est de gauche et que la vieillesse est de droite.	Bomoi ezali molayi mpenza ete tozali na ngonga ya kobongola makanisi mbala ebele mpe tobosana yango. Yango wana bolenge ezali o loboko ya mwasi mpe bobange o loboko ya mobali.
Personne ne perd plus la clé de sa voiture dans un monde où la vie de tout le monde est enregistrée… si quelqu’un ne se rappelle plus où il l’a laissée, roule la vidéo et voilà !	Moto moko te abungisaka lisusu fungola ya motuka na ye na mokili ya lelo esika bomoi ya bato nyoso ekoma komonono na bilili... soki moto azali koyeba lisusu te esika atiki yango, tala bilili mpe yango wana !
Il revient de chez le notaire. Il était parti signer quelques papiers concernant l'héritage de sa tante.	Auti epai ya notaire. Akendaki kotia mokoloto na mikanda oyo mitalaki nkita ya tata mwasi na ye.
Les services administratifs et les institutions devraient tirer parti des nouvelles technologies pour mettre en ligne et aisément disponible pour le public, l'information concernant leurs opérations et leurs décisions.	Misala ya bakalaki mpe ba mangomba basengeli kotia mabongisi ya sika mpo na kopesa bato lolenge ya koyingela o misala myango na bompete, nsango oyo etali misala mpe mikano na bango.
Je suis meurtri: mon coeur est à plaindre d'avoir failli assister à la déperdition de notre culture.	Nazali na mpasi : motema na ngai ezoki komona lolenge tozali kobungisa bonkoko na biso.
Pour se convaincre qu'un légume bio est meilleur, il suffit de fermer les yeux et de goûter un petit chou de Bruxelles ordinaire, puis un bio, justes étuvés. Je te défie de ne pas sentir la différence.	Mpo na komindimisa ete ndunda oyo elonami na mabele mpe esili kozwa ba nkisi ya mindele te ete ezali malamu koleka, esengeli okanga miso mpe omeka moke ya chou ewuti Bruxelles, mpe moke ya oyo elonami na lolenge oyo esengeli, ntango batokisi yango mpamba. Natiye ntembe na yo ete okoyoka bokeseni te.
« Arriveras-tu à soumettre ton manuscrit à temps ? » « Ben ouais, il faudra bien. Une promesse est une promesse. »	« Okokoka kokotisa monkanda na yo ekomami na maboko na ngonga oyo esengeli ? » « Eh boye, esengeli ezala bongo. Elaka ezali elaka. »
Il s’accouda sur le pont, tenant d’une main son chapeau battu par le grand vent, et il put regarder à l’aise la jeune fille, qui s’était assise à l’abri.	Ayekamelaki na gbagba, na loboko moko asimbaki ekoti na ye ebetamaki na mopepe makasi, mpe akokaki kotala na nkimya elenge mwasi, oyo avandaki na bokengi.
Les réservations de places sont disponibles à la caisse jusqu'à trente minutes avant le début du concert. Après quoi, elles retournent en vente libre.	Kobombisa bisika ezali kosalema na caisse ti miniti ntuku misato liboso ya mindule. Nsima na yango, bakozonga na boteki na pwasa.
Allez-y doucement avec Bob. Vous savez, il a traversé une période difficile récemment.	Kende kuna na malembe elongo na Bob. Oyebi ete, awuti kolekela mikakatano ya makasi mikolo euti koleka.
"Alors, des anciens temps gravés dans sa mémoire / mon père à nos regards développant l'histoire : "" O Troyens ! nous dit-il, par des signes certains / connaissez notre espoir, connaissez nos destins. """	"Kasi, makanisi ya ntango ya kala ekomama na mabanzo na ye / papa na ngai na etaleli na biso azalaki kobetela biso lisapo :  "" O Troyens ! Alobaki na biso, na bilembo ya solo / boyeba elikya na biso, boyeba lobi na biso. """
Pote pote les carottes, à la place des tomates, boule de canon tu fiches le camp !	Tia tia ba carottes, na esika ya tomato, obeti kano mpe longwa bisika wana !
Regarde ça. Quels merveilleux cadeaux ! Je suis super content !	Tala eloko oyo. Oyo mabonza kitoko ! Nazali ya kosepela makasi !
Vous devez suivre le traitement jusqu'au bout.	Esengeli olanda nkisi kino na nsuka
Le réparateur devait arriver à midi, mais il s'est retrouvé coincé dans des bouchons pendant plusieurs heures.	Moto abongisaka esengelaki akoma na nzanga, kasi akangamaki na ba embouteillages na ngonga ebele.
Ainsi tombe la vague ; ainsi des mers profondes / Neptune d'un coup d'œil tranquillise les ondes, / court, vole, e, sur son char roulant sous un ciel pur, / de la plaine liquide il effleure l'azur.	Boye nde londende ekweyaka ; na yango kowuta bibale ya mozindo / Neptune na kobwaka liso ya mpamba akitisi mbonge, / akimi, apumbwe, mpe, likolo ya motuka na ye ekotambola na nse ya mapata nsembo, / kouta ebale ya mayi azali kosimba mapata.
Ne pose pas de questions, contente-toi de suivre les ordres.	Kotuna mituna te, yo landela kaka mibeko.
Les histoires de fesses et le boulot ne font pas bon ménage.	Masolo ya masoko mpe mosala etambolaka malamu elongo te.
"On dirait que ces déclarations ont été faites par un personnage démoniaque sorti d'un film d'horreur, et pourtant, elles ont été dites par un dirigeant politique d'un pays considéré comme ""démocratique et civilisé""."	"Ezali lokola maloba oyo eutaki na moto moko ya kindoki kouta na film ya bilima, kasi, malobamaki  na mokonzi moko ya politiki ya mboka oyo tokokaniselaka kozala ""démocratique mpe civilisé""."
Du Tillet découvrit alors le secret que Sarah Gobseck lui avait si soigneusement caché, sa folle passion pour Maxime de Trailles.	Du Tillet asosolaki sekele oyo Sarah Gobseck sekele abombelaki ye malamu, lolango na ye mpo na Maxime de Trailles.
Kevin a acheté une bague et va demander Kim en mariage cette nuit.	Kevin asombaki lopete mpe akosenga Kim libala na butu ya lelo.
Toute la vie humaine ressemble à une plante qui contient pas seulement ce qu’elle offre à nos yeux, mais encore un état futur qu’elle cache au tréfonds de son être.	Bomoi nyonso ya bato ezali lokola nzete oyo ezali kaka oyo miso na biso ezali komona te, kasi penza oyo ebombami na bozindo ya bozali na yango.
Ok, je boucle le dossier, ma valise et je me taille en quatrième vitesse.	Ok, na kangi dossier yango, sacoche na ngai mpe na keyi na lombango nyonso.
Nous devrions nous rappeler d'envoyer à Yanis une carte d'anniversaire.	Esengeli ete tobanza komemela Yanis nkasa ya mbotama.
Le concombre tueur, qui se croyait peinard à la retraite en Espagne, dut reprendre du service dare-dare parce que les germes de soja se révélèrent incapables d'assurer sa mission exterminatrice.	Concombre mobomi, abanzaki ete akeyi kopema na kimia na Espagne, kasi esengelaki azongela mosala mbangu mbangu po ete soja zalaki makasi penza te pona kosala mosala mya ye ya kosilisa koboma.
Une atroce torture et méthode d'exécution consiste à placer la victime au-dessus d'une pousse de bambou et de laisser pousser la plante au travers.	Monyokoli oyo ya makasi mpe lolenge ya koboma ezalaki kotia moto likolo ya bambou oyo ezali kobota sika mpe kotika ete nzete yango ebota okati ya nzoto mya ye.
Il faut que je demande à Nick sa nouvelle adresse et son numéro de téléphone quand je le verrai.	Esengeli na tuna Nick adresse naye ya sika mpe numero ya allo allo na ye ntangu na komona ye.
Si la réincarnation existe, j'aimerais revenir avec les jambes de Tina Turner et la voix de Nina Simone.	Soki kozonga na bomoi ezalaka ya solo, nakolinga nazonga na bomoi na makolo lokola ya Tina Turner mpe mongongo ya Nina Simone.
Lorsque vous regardez la télévision ou écoutez la radio, la musique que vous entendez est souvent d'origine africaine.	Ntangu ozali kotala televizyo to koyoka radio, miziki oyo ozali koyoka ezali mingi mingi oyo ewuta afrique.
En tout adulte se retrouve le désir secret de revenir à l'enfance.	Na moto mokolo nyonso mposa ya bozongi na bomwana ezalaka.
Tu ne peux pas chanter et danser le Vendredi saint.	Okoki te koyemba mpe kobina mokolo ya Vendredi esanto.
Ce n’était ni une femme, ni un homme, ni un être vivant, ni une forme définie ; c’était une figure ; une sorte de vision sur laquelle s’entrecoupaient le réel et le fantastique, comme l’ombre et le jour.	Ezalaki muasi te, mobali te, ekalamu ya na bomoyi te, to eloko ya lolenge songolo te ; ezalaki kaka elili ; lokola emoniselo oyo ezalaki komonisa mistiki na bozalisi, lokola butu na moyi.
Si vous avez des demandes supplémentaires sur ce produit, veuillez l'ajouter au panier, où vous pouvez laisser un message. Nous ferons tous nos efforts afin de vous satisfaire.	Soki ozali na mituna na maye matali nkisi oyo, bakisa yango na kitunga, oyo wapi na kati okoki kotika likomi. Tokosala lolenge nyonso pona kosepelisa bino.
Dites ce que vous vous voulez, mais moi je ne reviendrai pas sur la décision que j’ai prise.	Loba nyoso oyo olingi, kasi ngai nakozongisa motema te likolo ya ekateli nasilaki kozwa te.
«As-tu déjà pensé à utiliser un miroir quand tu te rases ?» «Non, pourquoi ça ?» «Parce qu'on dirait que tu t'es fait attaquer par une bande de harpies en furie. Ton visage n'est plus qu'une plaie sanguinolente.»	«Esi okanisa kosalela kitala tala tango ozali komikata mandefu ?» «Te, pona nini ?» «Ezali lokola ekweyaki na maboko ya ba balado na nkanda. Elongi nayo ekomi mpota oyo ezali kotanga makila.»
Sortir boire avec ses copains la fait se sentir un mec.	Kobima bima komela mwa kopo na baninga esalaka ye amiyoka ete azali mobali.
Au nom de vos collègues, vous écrivez au directeur pour lui demander que chacun puisse travailler chez soi.	Na nkombo ya baninga ya mosala na  yo, okomi na mokonzi pona kosenga ye ete moto na moto asala mosala uta ndako na ye.
Ne laissez pas le métal exposé au contact de l'air ou sinon il s'oxydera.	Kotika te ete ebende ezala libanda na mopepe pamba te eko beba.
Pour justifier les massacres massifs des Palestiniens, les médias dominants les déshumanisent, mais pour que le monde libre accepte l'extermination du peuple palestinien, il faudrait déshumaniser l'humanité toute entière.	Pona kopesa eyango na bobomi ya ba Palestiniens, mangomba ya ba panzi nsango bazali ko zangisaka bomoto na yango, kasi pona mokili ya sembo endima bobomi na na ebele ya bobomi ya bayi palestine, esengeli ete mokili mobimba ezangisama na bomoto na yango.
Mon amour pour vous me garde de tout vous dire. Il est préférable que certaines choses restent non dites.	Bolingo oyo nazali na yango pona yo ezali kopekisa ngai na lobela yo nyonso. Ezali malamu ete makambu misusu etikala ya ko lobama te.
Le meilleur moyen de réaliser un rêve est de revenir à la réalité.	Lolenge malamu yako kokokisa ndoto ezali kozonga na bosolo.
Arrêtez de vous poser des questions sans intérêt.	Botika komituna mituna ezanga ntina.
Bien qu’il agonisât, elle le revoyait dans sa tente, à genoux, lui entourant la taille de ses bras, balbutiant des paroles douces. Elle avait soif de les sentir encore, de les entendre.	Ata azalaki kokufa, azalaki komona ye okati ya hema na ye, yakofukama, na kosimba ye na loketo naye, na komeka koyebisa ye maloba ya elengi. Azalaki na mposa ya koyoka yango lisusu.
Il le fera, si le prince héritier prouve qu'il est capable de diriger une armée prête au combat.	Akosala yango, soki mwana ya mokonzi ya mobali mokitani alakisi ete azali na makasi yako kamba mapinga oyo balengelami pona bitumba.
Elle semblait avoir un visage triste quand elle a lu cette lettre.	Azalaki na elongi ya mawa tango atangaki mokanda wana.
Deux détenus se sont évadés d'une prison de haute sécurité aux États-Unis, dans l'État de New York.	Bakangemi mibale bakimaki boloko oyo ezali ya kokengelama makasi na  États-Unis, na engumba ya New York.
Les chances de promotion l'ont convaincu d'accepter l'offre.	Mabaku malamu yako mata grade matindaki ye andima mosala yango.
Nous avons beaucoup aimé la pluie de la nuit passée dans le parc.	Tosepelaki mingi na mbula oyo ebetaki na butu oyo elekaki na parc.
Je considère que les Témoins de Jéhovah qui viennent constamment frapper à ma porte ne sont pas différents des fanatiques religieux qui essayent de me convertir.	Namonaka ba Témoins de Jéhovah oyo bayaka kobeta tango nyonso na ekuke ya ndako na ngai lolenge moko na ba fanatiki ya ba mangoba ya losambo oyo bamekaka kobongolisa ngai.
En Algérie une femme se rend au commissariat pour une agression subie et les flics font des attouchements sexuels à la victime.	Na  Algérie muana muasi akeyi kofunda na pulusu pona likama asilaki kozwa mpe ba pulusi basimbi ye na nzoto ya bomuasi na ye.
Nous espérions que quelques étudiants seraient venus, mais il n'y en avait aucun dans la classe.	Tobanzaki ete bana kelasi baike bakosila koyingela, kasi ata moko te asilaki koya na esika ya bopesi mateya.
Ma fille est venue passer plus de quatre semaines à la maison. Demain après-midi, elle a un vol pour Dresde, car elle doit poursuivre ses études dans le cadre du programme Erasmus.	Muana na ngai ya muasi aye pona kolekisa ba mposo manei na ndako. Lobi na ba ngonga ya sima ya nzanga, azali na mpepo pona ko kende Dresde, pamba te esengeli alandela kelasi na ye na lolenge ya mabongisi ya Erasmus.
Je suis conscient que certains mettent en doute ou justifient les événements du 11 septembre. Mais soyons clairs : al Qaeda a tué presque 3000 personnes ce jour-là.	Nayebi ete basusu bazali na nkonkoso pona kondima to kopesa likanisi makambo malekaka na mokolo ya zomi na moko lya sanza libwá (11 septembre). Kasi tozala sembo : al Qaeda ebomaki pembeni ya batu nkóto misato mokolo wana.
"Quel est le meilleur allié des États-Unis dans leur soi-disant ""guerre contre le terrorisme"" si ce n'était pas al-Qaïda ? Partout où les États-Unis voulaient frapper, ils justifiaient leurs attaques par la présence d'al-Qaïda. Donc, qu'auraient été les États-Unis sans al-Qaïda ?"	"Nani azali moninga ya etumba ya États-Unis ontei ya oyo babengi ""etumba pona kolonga terrorisme"" soki ezalaki al-Qaïda te ? Bisika inso États-Unis alingaki kobeta, bazalaki kopesa ntina ya bozali ya al-Qaïda. Yango, toloba nini États-Unis elingaki ezala soki al-Qaïda ezalaki te ?"
Rien n’est petit dans l’amour. Ceux qui attendent les grandes occasions pour prouver leur tendresse ne savent pas aimer.	Eloko moko te ezali mukie na bolingo. Ba oyo bazelaka ngonga ya malamu mpo ete balakisa lolango na bango bayebi kolinga te.
As-tu joué à The Legend of Zelda ?	Esi obeta lisano ya The Legend of Zelda ?
"John dit ""Hey les gars, faisons une pause."""	"John alobi ""Hey ba masta, topema naino."""
"Avec les images choquantes d'Abou Ghraib, les États-Unis voulaient marquer le début d'une nouvelle ère où la torture serait désormais appelée ""techniques d'interrogatoire renforcées."""	"Na bilili oyo ya kopesa pasi ya Abou Ghraib, États-Unis alingaki alakisa ebandeli ya ntangu ya sika esika monyokoli na kobeta ekobengama  ""lolenge ya kotuna mituna ya makasi."""
Mathis se demanda ce que Ann penserait si elle savait qu'il avait passé la semaine passée à Boston avec Alice.	Mathis azalaki komituna soki Ann alingaki azala na likanisi nini soki ayebaki ete alekaki mposo elekaki na Boston na Alice.
Le témoin relatait les faits, tandis que le sergent prenait des notes dans un carnet.	Nzénénéké azalaki kotatola makambu maye malekaki, ntangu sergent azalaki kokoma myango o mokanda.
N'oubliez pas de couper le gaz avant de sortir.	Kobosana te ko kanga gaz liboso ya kobima.
Jure d’exécuter tous mes ordres, de me suivre comme une ombre !	Lapa ndayi ete oko salela mibeko mya ngai nyonso, okola landa ngai lokola elilingi.
Les réseaux de neurones artificiels peuvent servir à comprendre les réseaux de neurones biologiques, ou à résoudre des problèmes d'intelligence artificielle sans avoir forcément besoin de créer des modèles de systèmes biologiques réels.	Ba singa ya misisi ya moto oyo masalemi o maboko mya bato makoki kosunga pona bososoli ya misisi mya moto, tope na koyanola na mikakatano oyo ya mayele ya bato esengeli kaka te kosala lolenge mususu ya sika ya ba systèmes biologiques ya solo.
Le détective que j'ai employé m'a appelé pour me dire qu'il a une piste intéressante.	Moto na pesaki mosala alandela ba enquetes abengi ngai na ntina ya koyebisa ngai ete ezali na eleko moko ya malonga esengeli kolandela.
Le monde réel est toujours plus compliqué que les formulations en laboratoire ou les plans en bureau d'étude.	Na mokili ya solo ezalaka kaka mpasi pona kokokanisa maye malengelami na ba laboratoire to pe na bisika ya botangi namaye mazali kosalema.
Il semble que le flic de cette série télé soit un ripou qui abuse de son autorité.	Ezali ndeti pulusu oyo azali okati ya film oyo na televizyo azali pulusu mabe mpe azali kosalela bokonzi mya ye na lolenge ya mabe.
""" Entends-moi donc : ce fils, si cher à mon amour, / Ascagne, par son père attendu dans ce jour, / se prépare à porter aux remparts de Carthage / les restes précieux des feux et du naufrage. """	""" Yoka ngai kasi : mua mobali oyo, wa bolingo, / Ascagne, papa na ye azelaki mokolo oyo, / azali kobongama pona komemela efelo ya Carthage / moto mpe kozinda na mayi. """
Les gens parlent beaucoup du besoin de laisser une meilleure planète à nos enfants, mais oublient l'importance de laisser de meilleurs enfants à notre planète.	Bato balobaka mingi maye matali kotikela bana na biso mokili ya malonga, kasi bazali kobosana motuya ya kotikela mokili na biso bana ya malonga.
Lorsque le signe sur la porte des toilettes marque occupé, cela signifie que quelqu'un utilise les lieux.	Ntangu elembo oyo ezali na efelo ya ba toilettes ezali koloba ete mazali okati ya mosala, elingi koloba ete moto azali kosalela bisika ena.
Il fallait que je vous voie, les mecs, avant que je parte.	Esengelaki na mona bino, ba ndeko mibali, yambo ete na kenda.
""" Ici, tonne en fureur l'implacable Junon : / debout, le fer en main, la vois-tu sous ces portes / appeler ses soldats ? Vois-tu de ces cohortes / l'Hellespont à grands flots lui vomir les secours ? """	""" Awa, angangaki na nkanda elombe Junon : / ya kotelam, ebende o maboko, ozo mona ye liboso ya bikuke ena / kobenga mapinga mya ye ? Ozomona milongo mya mapinga oyo / l'Hellespont akoyela ye lisungi  ? """
""" Grand roi ! prenez pitié de mon destin funeste ; / par les dieux immortels, par la foi que j'atteste, / plaignez mon innocence, épargnez mes malheurs ! """	""" Mokonzi monene ! Bozala na mayo ya lobi mya ngai ya mawa ; / ba nzambe lya seko, na boyambi nazali kotatola, / bosambela ngai nayebi likambo te, bobikisa ngai mabe makomela ngai te ! """
Mon détecteur de faux compte version 3000 nouvelle génération, édition de luxe™ n'a reconnu aucun motif « à la bora » dans son comportement.	Eloko na ngai oyo esungaka ngai na boyebi ba egbongolo maye ya lokuta version 3000 ya génération ya sika, édition ya luxe™ emonisaki motifi soko moko te « à la bora » kati ya ezaleli na yango.
L'alphabet français contient vingt-six lettres : a, b, c, d, e, f, g, h, i, j, k, l, m, n, o, p, q, r, s, t, u, v, w, x, y, z.	Alphabet ya lopoto ezali bongo na ba nkoma ntúkú míbalé na motóba : a, b, c, d, e, f, g, h, i, j, k, l, m, n, o, p, q, r, s, t, u, v, w, x, y, z.
Elle est allée en France pour étudier l'art.	Akendeki koyekola art o mboka France.
Personne n'aurait pu deviner, à cette époque, quelle place Martin Luther King occuperait dans l'Histoire.	Moto moko te akokaki kokanisa, na ntangu wana, esika nini Martin Luther King okozwa okati ya lisolo lya mokili.
Envoyez chercher le docteur tout de suite.	Botinda ete baluka munganga sikoyo.
« Ça faisait longtemps que je t’avais pas vu sourire. T’avais toujours l’air renfrogné, ces derniers temps, ça m’inquiétait. » « Ah bon ? Désolé de te causer du souci. »	« Eleki mikolo ebele na moni yo koseka te. Ozalaki na elongi ya mawa, mikolo malekaki, ezalaki kotungisa ngai. » « Eza bongo ? Bolimbisi na bopesi yo mpasi. »
Nous avons utilisé des mesures d'urgence pour réanimer le patient victime d'un arrêt cardiaque.	Tosalelaki ba lolenge ya mbalakata pona kozongisa na bomoi mobeli oyo motema ezalaki kokata.
Il est resté à New York trois semaines.	Atiakalaki na New York pona na mposo misato.
La camionnette est partie sur la route enneigée. Le chauffeur doit envoyer un message quand il arrivera à destination.	Motuka ya monene ekendaki na nzela oyo ezalaki na ba neiges. Mokumbi esengeli atindi nsango ntangu akokoma o esika azali kokende.
« Amnesty International » a déclaré que le procès de Sergeï Magnitsky, assassiné dans une prison russe, « ouvrirait un chapitre entièrement nouveau de la dégradation des droits de l'homme en Russie. »	« Amnesty International » elobi ete bokati likambo ya Sergeï Magnitsky, oyo babomaki okati ya boloko ya ba russe, « ekofungola lisolo lya sika penza na lolenge ba droits de l'homme mazali kobeba na Russie. »
On peut se demander si l'humanité a avantage à connaître les secrets de la nature, si elle est mûre pour en profiter ou si cette connaissance ne sera pas nuisible.	Tokoki komituna soki batu bazali na ntina ya koyeba mabombami ya mayi mokili, soki bazali na bwanya lya kosalela myango pona bolamu to soki koyeba wana ekozala mabe te.
Oh ! l'amour d'une mère ! amour que nul n'oublie ! Pain merveilleux qu'un dieu partage et multiplie ! Table toujours servie au paternel foyer ! Chacun en a sa part et tous l'ont tout entier.	Oh ! Bolingo ya maman moboti ! Bolingo oyo moko te akobosona ! Lipa ya motuya oyo nzambe akoboli mpe abongoli ! Mesa ezalaka ntangu nyonso ya kobongama pona papa ya libota ! Moto na moto azwaka eteni lya ye mpe banso bazwaka ya mobimba.
Bonsoir, ma chérie ! Que je suis content d'être enfin à la maison !	Mpokwa elamu, ndeko muasi molingami ! Ndenge nazali na esengo sika awa kokoma o ndako !
« Ne vous inquiétez pas », dit Dima pour essayer de mettre la femme à l'aise. « Ce n'est pas le mien. »	« Bomitungisama te », elobi Dima pona na kotia muasi na kimia. « Ezali ya ngai te. »
Ne prépare aucun argument logique pour la discussion si ton contradicteur ne comprend que les coups de pieds.	Komilengela malamu te pona bosololi soki moto oyo azali oboso bwa yo asosolaka kaka na lolenge ya bitumba.
Nous savons parfaitement où nos développements vont nous mener. D'ailleurs, dans l'équipe, chacun fait ce qui lui plaît.	Toyebi malamu bisika nini makanisi na biso ekomeme biso. Kutu, ontei ya lisanga, moto na moto asalaka oyo ye alingi.
En somme, nous vous offrons une seconde chance : nous faisons table rase de votre passé de criminel pour vous permettre de commencer une nouvelle vie.	Na mukuse, Topesi bino libaku mususu ya mibale : tobosani manso maleka na bomoi mya bino ya ba bomi pona kosunga bino bobandela bomoi ya sika.
Ali et Lana étant partis au cinéma, je suis restée surveiller Alan.	Ali mpe Lana bakendeki kotalal bilili na cinéma, na tikalaki kokengela Alan.
Pourtant le Japon est encore insuffisamment compris des autres pays, et les Japonais, trouvent également les étrangers difficiles à comprendre.	Kasi Japon ezali naino kososolama malamu te epayi ya ba mboka misusu, mpe ba Japonais, bazali na nkonkoso ya bososoli bapaya.
Il faut rappeler aux nations croissantes qu'il n'y a point d'arbre dans la nature qui, placé dans les meilleures conditions de lumière, de sol et de terrain, puisse grandir et s'élargir indéfiniment.	Esengeli kokanisisa lisusu ba mboka oyo ezali kokola ete mazali na ba nzete moko te okati ya mokili,  oyo malonami na lolenge oyo masengeli, mazali kozwa moyi, mabele mpe bisika, makokola mpe kopanzana seko na seko.
Les gens disent que je rêve toutes les nuits mais si je le fais, je n'arrive jamais à me rappeler aucun de mes rêves.	Bato balobi ete na lotaka butu inso kasi soki nasali yango, nazali kokoka ata mukolo moko te koyeba lisusu ata ndoto mya ngai moko.
Le cinéma américain est marqué par de grands acteurs juifs tels que Paul Newman, Harrisson Ford, Sean Penn, Kirk Douglas, Woody Allen, Jake Gyllenhaal, Dustin Hoffman, Scalett Johansson...	Cinéma ya ba américain etondisami na basali film ya minene ya ba yuda lokola Paul Newman, Harrisson Ford, Sean Penn, Kirk Douglas, Woody Allen, Jake Gyllenhaal, Dustin Hoffman, Scalett Johansson...
L'amour rend aveugle, mais le mariage ouvre les yeux.	Bolingo ebomaka misu, libala efongolaka misu.
Kate Middleton est désormais Son Altesse Royale la princesse William Arthur Philip Louis, duchesse de Cambridge, comtesse de Strathearn, baronne de Carrickfergus, maître ès arts.	Kate Middleton akomi kobanda lelo Son Altesse Royale muana ya mokonzi William Arthur Philip Louis, duchesse ya Cambridge, comtesse ya Strathearn, baronne de Carrickfergus, maître ès arts.
Le crambé maritime, qui a un délicieux goût de choux fin à la noisette, est pourtant en voie de disparition, parce que sa culture est difficile à industrialiser, alors que Louis XIV l'exigeait dans son potager.	Crambé maritime, oyo ezali na nsunga kitoko mpe goût ya choux na noisette, kasi ezali na nzela yako limwa, pamba te boloni mya yango mazali pasi pona kosala mombongo, kasi mokonzi Louis XIV zalaki kosenga myango mazanga te na bilanga mya ye.
One yours is worth more than two you will have.	Moko oyo ezwami na maboko na yo eleki mibale oyo okozwa lobi.
Certains se donnent beaucoup de mal pour avoir une coupe de cheveux faussement négligée, tellement bien apprêtée, qu'on ne pourrait imaginer pouvoir reproduire le négligé naturellement.	Basusu bazali na mpasi ya bozwi suki bakata na lolenge moko ya bongo bongo, pamba te ma bongisami malamu, ekoki soki moke te kokanisa ete maselemi bongo bongo.
"De tous ceux qui ont appelé Christophe Colomb ""Chris"", aucun n'a survécu assez longtemps pour le refaire."	"Na baye banso oyo ba bengaki Christophe Colomb ""Chris"", ata moko te atikalaki na bomoi ntangu molayi pona kosala yango lisusu."
Mon père m'a refusé un cadeau d'anniversaire, parce que je n'accepte pas sa nouvelle copine.	Papa na ngai apimeli ngai libonza pona mbotama na ngai, mpo ete naboyi kondima likangu na ye ya sika.
C'est un type gentil et sympa.	Muana mobali oyo azali motema malamu.
Après un assez long séjour en Épire, le héros se rembarque et va toucher la côte d'Italie, où, suivant les avis d'Hélénus, il fait d'abord un sacrifice à Junon, pour calmer cette déesse ennemie des Troyens.	Sima ya ko bika na tangu molayi na Épire, elombe azongeli mobembo mpe akomi na libongo na mboka Italie, esika, na bolandi makanisi ya Hélénus, esengelaki kobonza mbeka epayi ya Junon, na ntina ya bosengi nzambe ya muasi oyo azali monguna ya ba Troyens avanda kimia.
Vous devez avoir rendu votre devoir d'ici jeudi sans faute.	Esengeli bozongisa ba makomi na bino na mokolo ya minei.
C'est bien la pire folie que de vouloir être sage dans un monde de fous.	Ezali bongo liboma ya koleka tango ozali koluka kozala moto ya bwanya na kati ya mokili oyo etondi maboma.
Catherine le regarda un moment en silence. Elle devait le trouver joli, avec son visage fin et ses moustaches noires.	Catherine atalaki ye pona ngonga moko na kimia. Esengelaki amona ye kitoko, na elongi na ye ya kitoko mpe mandefu ya moindo.
L'avocat de la défense n'est pas responsable de l'opinion qu'il présente durant l'accomplissement de la défense.	Mosambeli azali mokolo makanisi oyo azali koloba te o boso lya ba zuzi na ntangu ya bosambisi.
Le simple fait que tu aies trouvé ces choses dans l'ordinateur ne signifie absolument pas que tes parents ont des problèmes relationnels ; les relations entre adultes sont plus compliquées qu'il n'y paraît au premier abord.	Ezali te lokola osli komana makambu maye okati ya ordinateur nde elingi kolobba ete ba boti bwa yo bazali na nkonkoso ontei lya bango ; bolingo okati ya bakolo ezalaka lolenge ndenge musus na oyo mazalai komonisama.
Adam et Clémentine, mariés au mois de décembre 1835, étaient allés, après avoir passé l'hiver à Paris, en Italie, en Suisse et en Allemagne pendant l'année 1836.	Adam mpe Clémentine, babalana na sanza ya zómi na míbalé na mobu lya nkóto lyoko na nkámá mwámbe na ntúkú mísáto na mintano ( décembre 1835) , bakendeki sima ya bolekisi hiver na Paris, na Italie, na Suisse mpe na Allemagne kati ya mobu lya nkóto lyoko na nkámá mwámbe na ntúkú mísáto na motóba (1836).
Il a regardé à gauche puis à droite ensuite il a traversé la rue.	Atali na loboko lya muasi na ya mobali mpe na sima akatisaka bala bala.
Si possible, j'aimerais recevoir de nouvelles informations sur ce dossier.	Soki ekoki kosalema, nakosepela koyamba ba nsango ya sika mya dossier oyo.
Ce site Web recueille et utilise notre information personnelle, entre autres, pour la création de compte, l’administration interne, le marketing, pour nous envoyer des informations publicitaires et pour l’analyse de données.	Site internet oyo ezali kokongola mpe kosalela ba nsango na biso moko, pona bofungoli ba comptes, bosaleli okapi ya musala, koyebanisa, pona kotindela biso ban nsango ya koyebanisa mpe kolandela ba nsango.
Les politiciens sont bien les mêmes partout dans le monde. Ils promettent de construire un pont même lorsqu'il n'y a strictement aucun fleuve.	Bayi politiki bazali lolenge moko bisika nyonso na mokili. Balakaka kotonga gbagba ata soki ebali ata moko ezali te.
Apprends d'abord tes leçons et ensuite tu pourras sortir t'amuser.	Yekola nano mateya mya yo nde na sima okoki kobima kosakana.
Quand il finit de parler avec sa mère, il rentre directement dans la chambre qui se trouve au dessous du salon.	Ntangu asilisi kosolola na maman na ye, azongi mbala moko na chambre oyo ezali na nse ya salon.
"L'ours noir et blanc qui vit dans les montagnes de Chine et du Tibet est appelé ""panda""."	Ndúbu (ours) ya moindo na pembe oyo avandi na ba ngomba ya chine ipe ya Tibet abengamaka ''panda''.
Timéo venait juste de téléphoner à son esthéticienne, quand Marie a senti ses joues brûler de jalousie.	Timéo awutaki kobenga na Alo Alo (téléphone) moto oyo alandela bonzenga naye, ntangu Marie ayki mabundi naye etondisami na zuwa.
Il portait une chemise rayée de blanc et de bleu, un foulard assorti, une chaîne d'or sur le cou et une épée de valeur sous le bras gauche.	Azalaki kolata simisi ya nzela nzela ya langi ya mpembe mpe bleu, kitambala moko ya langi wana, seneti ya wolo na kingo mpe mbeli ya ntalo ya molayi mpe ya talo na ese ya loboko ya muasi.
Carl Sagan a rassemblé sur un disque des informations à propos de notre planète et l'a envoyé dans l'espace, de telle sorte que d'autres êtres intelligents le trouvent.	Carl Sagan asangisaki ba nsango ya mokili na biso na disque mpe etindaki yango na espace, na ntina ete bato misusu ya mayele bamona yango.
J'avais une longue à cœur alors il était clair que j'allais me faire couper.	Nazalaki na motema munene nayango ezalaki pete pona basokisa ngai motema.
À en juger d'après ce superbe bronzage, il semble que tu aies passé l'essentiel de tes vacances à la plage.	Nakotala lolenge oyindi tuu, ezali lokola olekisi ba mikolo ya bopemi nayo na plage.
""" Alors, renouvelant nos questions avides, / ignorant l'art affreux que cachaient ses discours, / longtemps nous le pressons d'en poursuivre le cours. """	"''Na yango, tobandela mituna na biso ya pamba, /bozangi koyeba nde ebatamaki na sima ya maloba na ye, / uta mikolo ebele tozali kosala ete misala ekoba. """
Les forces d'occupation ont utilisé des bombes à fragmentation ainsi que des bombes au phosphore blanc dans des zones habitées par des centaines de milliers de civils.	Ba mapinga ya bapaya oyo bayingelaki na mabele na biso bazalaki kosalela ba bombes ya phosphore ya pembe na bisika oyo Ba civils nkóto nkámá bazalaki kovanda.
Après avoir pris congé du ministre de la guerre, Bolkonsky partit dans la nuit avec l’intention de rejoindre l’armée, qu’il ne savait plus où trouver, et avec la crainte de tomber entre les mains des Français.	Na sima ya kotika mokonzi oyo atali makambu ya bitumba, Bolkonsky akendaki na butu na likanisi ya kokota mapinga, oyo ayebaki lisusu te esika ya kokutana na bango, mpe azalaki na bobangi ete akweyisama na maboko ya ba Français.
C'est justement la raison pour laquelle je n'ai aucun intérêt pour l'art.	Na ntina na yango nde nazali na sepelaka soki mukie te na art.
Répandu en Europe et un peu partout dans le monde, le mouron blanc est une plante très commune en France.	Epanzana bisika nyonso na Europa mpe na mokili mobimba, mouron ya pembe ezali nzete oyo eyebani mingi na France.
Le boulot lui rapporte un demi million de yens par mois.	Mosala epesaka ye kati kati ya million ya mosolo ya ba japonais na suda ya sanza.
Les voisins disent que Marie bat son mari.	Ba voisins balobaka ete Marie abetaka mobali naye.
Les meilleurs médecins du monde sont: Le Docteur diète, le docteur Tranquille et le docteur Joyeux.	Ba minganga ya malonga na mokili bazali : munganga ya bileyi, munganga ya kimia ipe munganga ya esengo.
Le personnage de gauche gâche l'unité du tableau.	Mutu oyo azali na logbook ya quasi azali kobebisa kitoko ya tableau.
C'est quand même génial de disposer d'un portable quand les premiers beaux jours arrivent et qu'on peut faire du Tatoeba au chant des oiseaux.	Ezali malamu mingi kozala na telephone ntangu mikolo malamu mizali koya mpe tokoki kosala mosala ya bolimboli maloba na nzela ya internet ntangu ba ndeke bazali koyemba.
L'amour aussi doit s'apprendre et s'essayer et on ne rencontre pas toujours immédiatement le partenaire pour la vie.	Bolingo mpe esengeli koyekolama mpe komekama pamba te tokutanaka mbala moko te na molongani ya libela.
Je peux vous mentir, mais si vous voulez la vérité, on n'a pas encore trouvé la personne qui tiendrait même une minute devant les questions de leur chercheur.	Nakoki kokosa bino, kasi soki bolingi koyeba bosolo, naino tomoni te moto oyo akoki kotelema ata pona miniti moko liboso ya mituna ya baluki na bango.
Ce mec me rend dingue.	Muana mobali oyo azali kopesa ngai liboma.
"""Je l'accepte seulement, pour que vous ne croyiez pas que je suis impoli."" Il dit cela avec la mine apeurée d'une victime, dit l'employé, mais dans ses yeux on pouvait lire les mots ""Vive la corruption!""."	"""Nazali kondima yango te, pona ete bokanisa te nazangi botosi."" Azali koloba yango na bobangi ya moto oyo azwi likama, elobaki basali, kasi na miso tokokaki kotanga maloba ""Kaniaka ewumela!""."
J'aurais pu répondre à toutes les questions difficiles. Mais le professeur dit qu'il voulait me poser quelques questions simples. Et ça a complètement foiré.	Nakokaki koyanola mituna nyonso ya pasi. Kasi molakisi alobi ete alıngaki kotuna ngai mituna ya pete. Mpe esimbaki te.
Ça aurait été sympa si Timéo avait écouté ce que je disais plus attentivement.	Elingaki kozala malamu soki  Timéo ayokaki maye nazalaki koloba na ye na bokebi.
Sans raison, l'amour effectif des hommes manque tout autant sa cible que la haine des hommes dépourvue de puissance.	Nakozanga ntina, holing nyonso ya mibali esimbaka te lolenge moko na nkanda ya mibali oyo bazanga makasi.
Aux accents douloureux de sa voix gémissante, / je pleure, je réponds en sons entrecoupés / par quelques mots sans suite et sans ordre échappés:	Na lolenge ya pasi mungongo naye ezalaki kolela,/ na leli, na yanoli na mungongo ya kokata / na maloba ezanga ntina mpe makanisi.
Il ne faut avoir aucun regret pour le passé, aucun remords pour le présent, et une confiance inébranlable pour l'avenir.	Esengeli kotika komitungisama pona maye maleka, komitungisamaka soki mukie te pona maye mazali koleka lelo, mpe kozala na kondima ya makasi pona maye makroya lobi.
Enfourner à 240°C (thermostat 8), et baisser au bout de 5 min à 200°C (thermostat 6-7) ; laisser encore 10 min. Bien surveiller la cuisson !	Kotia na four na  240°C (thermostat 8), mpe kokitisa moto sima ya miniti mitano (5) na 200°C (thermostat 6-7) ; tiki lisusu miniti zomi (10). Landela malamu lobelia tango  !
C'était parfaitement clair, j'ai compris toute l'explication du problème.	Ezalaki pete pona kososola, nasosoli likambo nyonso.
C'est le vrai génie de l'Amérique: que l'Amérique puisse changer. Notre Union peut se perfectionner. Ce que nous avons réalisé jusque-là nous donne de l'espoir quant à ce que nous pouvons et devons réaliser demain.	Ezali mutu ya mayele makasi na Amerique : Amerique ebongolama. Lisanga na biso ekoki kobongama. Oyo tosali ti esiba oyo ezali kopesa biso elikya pona oyo tokoki kosala lobi.
Roger Miller a commencé à écrire des chansons, parce qu'il aimait la musique qu'il entendait à la radio.	Roger Miller abandaki kokoma ba nzembo, po ete alingaki mindule azalaki koyoka na radio.
J'ai vu le gars sauter par-dessus la clôture et s'enfuir en courant.	Namonaki moto apumbwaki likolo ya efelo ya ndako mpe akimi.
Pourtant, malgré toute cette étrange apparence d'humilité et ce mépris pour la raison humaine, il s'aventure dans les suppositions les plus audacieuses.	Ata dengue azalaki komonana lokola moto amikitisa mpe lolenge ya vomito na ye, ape saki makanisi moko ya kokamwa makasi.
Le monde est comme une maison à deux portes, tu rentres par ici et tu sors par là.	Mokili ezeli lokola ndako ya bikuke mibale, okoti awa mpe obimi kuna.
Les nouvelles de la récente explosion sont partout à la radio.	Ba nsango ya bombe oyo ebetaki mazali koleka bisak nyonso na radio.
Si tu lui demandes trop directement si elle a un copain, elle va être sur ses gardes et répondre : « Pourquoi tu poses la question ? ».	Soki otuni ye mbala moko soki azali na likangu, akozala na bobangi mnpe akoyanola yo boye :  « Pona nini ozali kotuna ngai motuna ? ».
Le jeune avocat vint chercher sa fiancée pour l'emmener dîner.	Mosambeli ya elenge aye kozwa likangu na ye  po bakende kolia.
Si tu fais triste mine dans ce métier, les clients ne viendront pas.	Soki ozo sala elongi ya mama na mosala oyo, batu bakoya te.
Je ne vais tout de même pas ranger ma chambre tout de suite, maman ! Enfin, je suis un agent secret et il faut que je sauve le monde !	Nakobongisa chambre na ngai sikoyo te, maman ! Sikoyo, nakomi mutu ya service secret mpe esengeli na bikisa mokili !
Un homme qui est capable d'admettre qu'il s'est trompé et de demander pardon est un homme digne de mon amour.	Mobali oyo akoki kondima mbeba naye mpe kosenga bolimbisi azali mobali oyo asengeli na bolingo na ngai.
Lorsque tu essaies de tout contrôler, tu ne profites d'aucun moment. Détends-toi, respire, lâche prise et vis !	Ntangu ozali kopek kolandela nyonso, oko misepelisa na ngonga moko te. Zwa kimia, pema, zala a l'aise mpe vivre !
La femme est bien dans son droit, et même elle accomplit une espèce de devoir en s'appliquant à paraître magique et surnaturelle; il faut qu'elle étonne, qu'elle charme; idole, elle doit se dorer pour être adorée.	Muasi azali na ndingisa na ye, mpe asengeli amonana lolenge ya kokamwisa, kosepelisa, kokumisama, esengeli angenga po ete balula ye.
Quand on l'a placé en garde à vue, on savait qu'il allait falloir jouer serré.	Ntangu batiaki ye na boloko po na mikolo mikie, toyebaki ete alingaki asala makasi.
Il a lu dans mes paroles un message que je n'avais pas prévu.	Atangi na maloba na ngai nsango moko oyo ngai nakanaki te.
Si je perds ma clé, je ne pourrai plus fermer la porte.	Soki nazwi fungola na ngai, nakokoka lisusu te kokanga ekuke.
Harry n'arrivait pas à suivre le niveau de la classe.	Harry akokaki lisusu te kolanda lolenge ya kelassi.
Je croyais que je ne supportais pas la vue de mon visage, mais en y réfléchissant bien, c’est l’image que les autres me renvoient que je ne supporte pas.	Nakanisaki ete nazalaki kokoka lisusu te komana elongi na ngai, kasi ntangu na kanisi malamu, ezeli nde lolenge basusu bazalı kotala ngai nde nazo koka lisusu te.
Quand on l'a vu descendre du train avec son bonnet sur la tête et ses gants, on a tout de suite compris qu'elle ne revenait pas de Marseille.	Ntangu tomanaki ye kokuta na engunduka na ekti na ye na ba gants, tososolaki biso nyonso ete awutaki Marseille.
Hum. J'ai le sentiment que je vais me perdre, quelle que soit la route que je prenne.	Hum. Nazali koyoka  lokola na kobunga, ata nazwi nzela nini.
Cependant, quand le soleil du Moyen Âge est tout à fait couché, quand le génie gothique s'est à jamais éteint à l'horizon de l'art, l'architecture va se ternissant, se décolorant, s'effaçant de plus en plus.	Na yango, ntangu moyi na eleko ya kala ezalaki kokota, ntangu molimo azalaki kaka komonisama, architecture ebebaki, elimwaki mukie mukie.
Quand bien même je voudrais dire « c'est hors de question! », parfois, je finis malgré moi par répondre « aucun problème! ».	Ata soki nalingaki koloba « ekoki kosalema soki mukie te! », ntangu misusu, ata soki nalingi te nasukaka kaka nakoyanola « likambo eza te! ».
Internet a étendu le rayon d'action de ma vie sexuelle ; un peu comme si j'étais passé aux missiles balistiques.	Internet ekoti na bomoi na ngai ; ekomi lokola nalekaki na etumbelo.
Jane a sauté les questions auxquelles elle ne savait pas répondre.	Jane a tikaki mituna oyo akokaki te koyanola.
La vie appartient aux vivants, et celui qui vit doit s'attendre au changement.	Bomoi ezali pona batu oyo bazali na bomoi, mpe moto oyo azali na bomoi esengeli andimaka mbongwana.
Pour certains citadins la campagne est intolérable parce que son silence rejoint leur vide intérieur.	Pona bato bawuti na engumba mokonzi ko vanda na mboka ezali likambu ya kitoko te samba te kimia oyo ezali na mboka etungisaka bango.
Peux-tu arranger le coup pour qu'elle figure dans cette émission de télé ?	Okoki kosala ete aleka na émission ya teve oyo?
Quand tu parles, tu ne fais que répéter ce que tu sais déjà. Mais si tu écoutes, tu pourrais apprendre quelque chose de nouveau.	Ntangu ozali koloba, ozali kaka kobandela makambo osi oyebi. Kasi ozali koyoka, okoki koyekola eloko ya sika.
Le Parc naturel régional de Camargue, vaste zone humide située dans le delta du Rhône, est magnifique !	Parc naturel oyo ye etuka ya Camargue, bisika ya minene oyo ezali na delta ya Rhône, ezali kitoko !
Je vous dirais tout ce que vous voulez si les sons que j'émettais pouvaient être ce que vous entendez.	Nakoyebisa bino nyonso bolingi soki bolingi koyoka makele ya mungongo na ngai.
Les groupes sont un bon moyen de partager un centre d'intérêt en petit comité ou avec le monde entier.	Lisanga ezali lolenge malamu ya kokabola boyebi na bato mukie to pe na mokili mobimba.
Tu verras que tout est devenu très beau et tu pourras présenter quelque chose de vraiment impressionnant aux invités.	Okomona ete ekomi kitoko mpe okoki kolakisa eloko ya kokamwisa na ba paya.
Ils étaient prêts à courir le risque de se faire tirer dessus par l'ennemi.	Bandimaki soki kozwa masası ya monguna.
Fais-tu encore confiance à ce type alors qu'il a déjà rompu par deux fois sa promesse ?	Ozali lisusu kondimela mwana mobali oyo ata soki atosi maloba naye te mbala minable ?
Il est d'ordinaire direct et sincère et gagne ainsi la confiance de ceux qui le rencontrent.	Azali malamu mpe sembo mpe batu nyonso akutanaka na bango ba ndimelaka ye.
Vous pensez sûrement que vous savez comment faire ça, mais laissez-moi l'expliquer encore une fois.	Bokanisi penza ete boyebi lolenge nini kosala yango, kasi tika ngai na sosolisa yo yango lisusu mbala moko.
Formant une infrastructure d'informations, le réel impact de l'autoroute de l'information est une attente du développement de la nouvelle économie due au passage d'une industrie de matériel informatique tangible à une industrie de logiciels intelligents.	Ndenge esali ba lolenge ya ko tambwisa ba nsango, mosala malamu ya nzela pona kotambolisa nsango ezali pona komema na kobongisa nkita koleka na industrie ya informatique pona ba logiciels ya sika.
Ma ville natale se situe à 10 miles (~16 km) au sud de New York.	Engumba esika na botama ezeli na ba kilometres zomi na sud ya New York.
L'ancien ministre de l’Environnement est responsable de la hausse de l'essence.	Mokonzi ya kala ya Environnement nde amatisi essence.
En ce qui concerne le sens, les deux phrases sont - en principe - équivalentes. Cependant, la seconde permet une interprétation plus large.	Na oyo etali lolenge ya kozalela, maloba mibale mazali kokokana. Kasi, oyo ya mibale ezali kokotisa na mozindo.
Une seconde, je reviens tout de suite. Ne raccrochez pas !	Ngonga moko, nazo zonga sikoyo. Kokata telephone te!
Énée envoie chercher Ascagne qui était resté sur la flotte; mais Vénus, qui redoute l’inconstance de la reine et la perfidie carthaginoise, pour s’assurer de son cœur prend le parti d’enlever le jeune Ascagne.	Énée atindi baluka Ascagne oyo atikalaki na mayi; kasi  Vénus, oyo azalaki kobangela bozangi kozwa mokano ya mokonzi ya mwasi mpe mayele mabe ya batu ya Carthage, pona koyeba na motema ete azmi mokano ya kolongola elenge Ascagne.
Ca roule, mon pote ?	Esimbi, moninga na ngai ?
Lorsqu'il déplaît à un méchant voisin, le plus gentil peut ne pas vivre en paix.	Soki ndeko oyo azali kovanda na nzinga nzinga azali motema mabe, oyo ya motema malamu akoki kovanda na kimia te.
Si on doit attendre que les flics se pointent, alors on est foutu !	Soki tosengeli kozela ba pulusu baya, wana tosambwe !
Ils ont tiré avec des balles explosives pour tuer.	Babetaki masasi na ba masasi oyo ya bombe pona koboma.
"""Pars, emmène les tiens de ces funestes lieux, / du triomphe des Grecs épargne-leur l'insulte : / Ilion te remet le dépôt de leur culte. / Cherche-leur un asile, et qu'au-delà des mers / leur nouvelle cité commande à l'univers ! """	"""Kende, mema batu nayo na bisqua ya mate ana, / Kolonga ya ba Grecs ezangisi bango kofingama : / Ilion apesi bango lokumu epayi na bango. / Lukela bango esika ya kobatama, musika na ba ebale / mboka na bango ya sika ezali kokumbela mokili ! """
J'ai passé des heures à chercher la clé que j'avais laissée tomber.	Nalekisi ba ngonga pona koluka fungola oyo nakweyisaki.
Je m'excuse mais je ne pourrai participer en personne à la réunion.	Nasengi bolimbisi mpo nakokoka te koya na likita.
Offrir l'amitié à qui veut l'amour, c'est donner du pain à qui meurt de soif.	Kopesa bondeko na moto oyo alingi bolingo, ezali lokola kopesa lipa na moto oyo azali kokufa na posa ya mayi.
Mais périsse celui auprès duquel tu trouveras tes dieux ! En présence de nos frères, examine ce qui t’appartient chez moi, et prends-le. Jacob ne savait pas que Rachel les eût dérobés.	Alakelama liwa moto oyo okokomisa nzambe na yo ! Liboso ya ba ndeko na biso ya mibali, tala nini yayo ezali epayi na ngai, mpe zwa yango. Jacob ayebaki te ete Rachel ayibaki bango.
Le coureur le plus rapide ne peut pas courir le 100 mètres en 9 secondes.	Mutu oyo akimaka mango koleka akoki te kokima ba metres nkámá na ba secondes libwa.
Le sentiment de faire l'objet de pitié est horrible.	Mposa ya kosala ete bayokela yo mawa ezalio mposa moko mabe.
Henry James était américain à sa naissance.	Henry James azalaki américain uta kobotama naye.
Il y a du mérite, même chez le législateur atteint d'arriération mentale. Il pose les questions que tout le monde a peur de poser de peur de paraître simple.	Ezali na lokumu, ata epayi ya mosali mibeko oyo azali na makanisi mukie. Atuni mituna oyo batu nyonso bazali kobanga kotuna pona bobangi ya komonana lokola bayebi te.
Les Grecs l'ayant poursuivi, il perd sa femme : s'apercevant de son absence, il retourne la chercher ; son ombre lui apparaît, et lui dit que Cybèle la retient dant la Phrygie.	Ba Grecs balandi ye, abungisi muasi naye : ntangu amoni bozangi naye, abaluki pona koluka ye ; elilingi naye ebimeli ye, mpe ayebisi ye ete Cybèle azalaki na Phrygie.
L'amour n'est-il pas censé durer toujours ?	Bolingo esengeli te kowumela libela ?
Et tout à coup cette idée de la mort évoqua en lui toute une série de souvenirs lointains et intimes, ses adieux à son père, à sa femme, les premiers temps de son mariage et son amour pour elle !	Mbala moko likanisi oyo ya liwa elamusaki mabanzo ya kala ebele mpe ya bomoto naye, kolaka papa naye, muasi naye, ba ntangu ya ebandeli ya libala naye mpe bolingo naye pona muasi naye !
Si possible, les Japonais semblent préférer choisir un conjoint qui leur ressemble, chercher une situation stable qui assure une promotion lente mais régulière et mettre leurs économies à la banque.	Soki ekoki kosalema, ba Japonais balingaka kopona balongami oyo bakokani na bango, koluka lolenge moko ya kimia oyo ekowumela mpe komatisa mutu malembe malembe kasi malamu mpe kotia nkita na bango na banque.
Maria a acheté à Nathan une copie de « How to Win Friends and Influence People » de Dale Carnegie.	Maria asombeli Nathan mokanda ya « Lolenge nini kokoma na baninga mpe kondimisa batu » ya Dale Carnegie.
Pars tout de suite, ou tu seras en retard à l'école.	Kende sikoyo, soki te okozala na sima na kelassi.
J'espère que vous ferez un bon somme et que votre migraine va vite disparaître.	Nabanzi ete bokozala mosolo ya malonga mpe pasi na bino ekosila na lombango.
Hé les garçons, arrêtez de vous battre. Allez, séparez-vous !	He bana mibali, botika kobunda. Koma, bokabwana !
Il n'y a vraiment aucun peuple qui, lors des cent dernières années, ait enduré autant que les Juifs.	Ezali na batu moko te na mokili, oyo uta mibu nkámá eleka, banyokwama koleka ba Yuda.
J'annule ma réservation pour le vol numéro deux pour New York le dix mai.	Nabomi ba réservation nasalaki pona pepo ya mibale pona New York ya mokolo ya zomi na sanza na mitano.
« Dire qu’on peut acheter une clé USB de 64 Go pour 16 euros… On vit une époque formidable. » « Et ce prix aura encore dégringolé dans dix ans… »	« Koloba ete nakoki kosomba USB ya 64 Go na 16 euros ... Tozali koleka eleko moko ya kitoko makasi. » « Motuya yango ekobongwana lisusu na mibu zomi oyo mazali koya... »
« Je fais partie d'un think-tank » « Ah ben j'ignore si tu réfléchis beaucoup, là dans ton cercle, mais ouais, t'es pas mal tankée. »	« Nazali modo ya batu oyo bapesaka makanisi na ba konzi » « Ah nayebi te soi okanisaka mingi, kasi wana na bisika nayo, kasi eh, okanisi mabe. »
Un être peut-il créer les cinquante milliards de galaxies, chacune d'elles d'une centaine de milliards d'étoiles, et ensuite se réjouir à l'odeur de la viande de chèvre que l'on brule ?	Ekelamu moko akoki kokela millards ntúkú mítáno ya galaxies,moko nango ezala na ba milliards nkámá ya minzoto, mpe na sima nango kosepela na musuni ya ntaba oyo bazali kotumba?
Elle était redevenue sombre et bizarre; ses dernières réponses étaient incohérentes ou moqueuses, son cœur s'était refermé.	Azkomi lisusu muindo mpe lolenge moko ya kokamwa; biyano naye ya suka mazalaki malamu te to pe ya litio, motema naye ekangamaki.
Le suspect s'était caché dans les montagnes pendant trois semaines.	 Mutu oyo bakaniselaki likambu abatamaki na ba ngomba pona mposo misatu.
Des soufflets appliqués par des mères mécontentes sur la joue de leurs filles, venues en cachette à la danse, retentissaient au milieu des rires de la jeunesse qui avait la permission de s’amuser.	Mipepe oyo ba mamans na kanda basalaki na matama ya bana na bango ya basi, bayaki kobina na ndenge ya kobatama, kati na koseka ya bilenge oyo bazalaki na ndingisa ya kosakana.
Marie s'est enfermée à clé dans la salle de bains et elle refuse de sortir.	Marie akangamaki na kikozo mpe aboyaki kobima.
C'est sympa de ta part d'essayer de me remonter le moral.	Ezali malamu mingi indegne ozali kopesa ngai makasi.
Évidemment, un jeu comme ça, ça peut avoir des conséquences très graves pour les personnes ayant une paire de chaussettes fleuries à l'intérieur de leur tiroir réservé aux gants à pois bleus.	Ya solo, lisano ya boye, ekoki kozala na ba makambu ebele ya minene pona batu bazali na ba chaussettes ya folklo na kati ya bibombeli na bango.
Je regrette de ne pas vous avoir compris ; vous parlez trop vite.	Nazali na pasi ya kososola bino te ; boyo loba mbangu mingi.
Lieutenant, ma patience est plus courte que mon épée.	Lieutnant, kimia na ngai ezali mukuse koleka mbeli na ngai.
Je suis désolé de t'amener tous ces ennuis.	Esali ngai pasi ndenge na memeli yo makambu oyo.
Etre raisonnable en toutes circonstances ? Il faudrait être fou...	Esengeli kozala na makanisi na ntangu nyonso ? Esengeli opal na liboma...
« Can » est le mot exact pour exprimer la capacité et « may », celui pour demander la permission.	«Nako » ezali liloba oyo esengeli pona kolakisa bokasi mpe «Nakoki », pona kosenga ndingisa.
J’ai souvent remarqué que les jeunes filles ne savent pas s’intéresser aux œuvres sérieuses, écrites cependant pour leur bien. Cela me confond, je l’avoue, car rien ne peut leur faire plus de bien qu’une lecture instructive.	Na sosoli ete bilenge bana basi bayebi te indegne ya koyeba makambu ya malonga, oyo ebongisami pona bolamu na bango. Ezali kobungisa ngai, na ndimi, pamba te eloko moko te ekoki kosala bango malamu koleka kotanga makambu oyo ya koteyisa.
Algerian power is corrupt and criminal against the Kabyle.	Algerian power  ezali lisanga ya miyibi mpe babomi oyo bazali kobundisa ba Kabyle.
Malgré la pluie, on a joué au foot.	Ata mbulam tobetaki lisano ya ndembo.
Quoique gros, court et ventripotent, à jambes grasses et à mains épaisses, il était doué de la finesse des aubergistes de Suisse, auxquels il ressemblait.	Ata munene, mukuse mpe libumu, makolo minene mpe maboko minene, azalaki na makoki ya ko pumbwa lokola basali ya hotel ya Suisse, oyo akokanaki na bango.
Les arabes algériens sont content lorsque les kabyles se font tuer par leur armée arabo-islamiste.	Ba arabes ya Algérie bazalaka na esengo ntangu ba Kabyles ba bomaka bango epayi ya mapinga ya arabo-islamiste.
Garde tous tes objectifs à l'esprit et décide des détails selon les circonstances !	Bomba makanisi nano nyonso na molimo mpe zwa mokano ya makambu na lolenge makambu ezali.
Si vous étiez plus responsable et que vous ne dépensiez pas tout votre argent, vous pourriez le payer maintenant.	Soki bozalaki batu ya makanisi mpe bosilisaki misolo na bino nyonso te, bokokaki kofuta sikoyo.
""" Je vous atteste ici, qu'infidèle envers moi / mon pays pour toujours a dégagé ma foi ; / que je puis rompre enfin le serment qui m'enchaîne, / révéler ses secrets, et lui vouer ma haine. """	""" Nazali koyebisa bino awa, ata soki ebosanaka ngai / ekolo na ngai ekozala kaka na makanisi na ngai ; / ete nakoki kolapa ndayi oyo ezali kokanga ngai na miniololo, / kopanza ba sekele naye, mpe kopesa ye koyina. """
N'aie crainte, je serai discret et ne dirai pas ce qu'ils ne savaient pas bien.	Kobanga te, nakozala na nkunku mpe na koyebisa te oyo bayebi malamu te.
Les expériences de la vie impriment des traces vivaces sur la plaque sensible de son esprit.	Mayele ya mokili na bomoyi etikaka bilembo na molimo na biso.
"La polémique se poursuit quant à ""l'exemption des Cols Blancs"" qui exempte des travailleurs cols blancs spécifiques du temps de travail ""8 heures par jours, 40 heures semaines"" prévu par la loi sur le temps de travail."	Koswana ezalaki kokoba na oyo etali ''Bolengeli ba modega ya pembe'' kolengele basali ya biro oyo bazalaki kobengama basali ya modega ya pembe, bazalaki kosala kaka pona ngonga ''mwámbe na mokolo, ngonga ntúkú mínei na poso'' ndenge mobeko elobi na maye matali gonga ya misala.
On joue au cowboy et aux Indiens ? Je me proclame shérif et vous devez tous m'obéir.	Tosali kosala lisano ya mpuku na miawu? Na mibengi mokonzi esengeli botosa ngai.
Si tu veux mon avis, Dan n'a jamais mis les pieds en Italie, sinon comment expliquerais-tu qu'il ne connaisse aucun mot en Italien alors qu'il prétend y avoir vécu pendant dix ans ?	Soki olingi oyeba likanisi na ngai, Dan atikala kotia matambe naye te na Italie, soki te ndenge nini akoki koloba ata liloba moko te na lokota ya italie kasi alobaka avanda kuna pona ba mibu zomi ?
C'est un garçon de stature moyenne, qui porte une chemise bleue à carreaux et un pantalon court gris. Il porte des chaussettes horribles et des baskets bleues.	Azali elenge mobali moko ya nzoto minene te mikie mpe te kati kati, azo lata simisi ya langi ya bulé na pantalo moko ya mukuse ya langi ya mbwé. Azali kolata soseti ya mabe penza mpe sapatu ya langi ya bulé.
Ça ira, tu peux le faire! Garde confiance en toi! Tu es déjà un nageur hors pair.	Eko simba, okoki kosala yango! Zala nakondimba na yo moko! Osi okomi mobeti monene ya mayi.
Ha ha ha ! Vous voulez tuer toutes les mouches ?	kiekiekie! Olingi obuka ngai panzi na koseka?
C'est sans aucun doute l'une des pires idées que j'aie jamais entendue.	Ezali solo likanisa ya mabe oyo nano nayoka te.
J'ai trahi la foi conjugale, que j'avais jurée à don José, mon mari.	Na buki mobeko ya libala, oyo na lapaki ndayi epayi ya sango José, mobilai na ngai.
Maxime a passé la soirée entière à chercher sur internet des photos de célébrités.	Maxime alekisi mpokwa mobimba koluka na internet bilili ya baye bakenda nsango.
Les forces d'occupation mènent désespérément des campagnes massives d'arrestation pour essayer d'empêcher un soulèvement général dans les territoires occupés. Cependant, ce soulèvement reste inévitable si cette occupation inhumaine continue.	Mapinga ya ba paya oyo bayingela ontei ya ekolo bazali kokanga bato mingi mingi pona kopekisa botomboki ya bakolo mboka bisika basili koyingela. Na yango, botomboki yango esngeli kaka esalema soki koyingelas ya ba paya oyo ezali kokoba.
Partez tout de suite, ou vous serez en retard.	Boloba sikoyo, soki te bokozala na sima.
Gardez toujours un esprit ouvert pour de nouvelles connaissances.	Bozala na mayele ya kofungwama pona boyekoli makambu ya sika.
Il existe partout des hommes de bien pour dénoncer au pouvoir ces individus d'humeur atrabilaire qui veulent déposer les princes et opérer, sans la consulter, le déménagement d'une société.	Ezali na bato ya malamu pna kofunda bakonzi ya mitema mabe oyo balingi bozwa mikano kasi batuni bakonzi ya likolo te, koningisa ekolo mobimba.
Les garçons, ne croyez surtout pas que cette bête entrera dans la maison.	Bana mibali, bokanisa kutu te nyama oyo akokota na ndako.
« Tu sais bien qu'il ne faut pas réveiller un lion qui dort. » « Évidemment on ne doit pas le réveiller ; on doit profiter de l'occasion pour le vaincre ! »	« Oyebi malamu ete esengeli te kolamusa nkoyi na pongi. » « Solo esengeli te kolamusa ye ; kasi kobeta ya na ntangu azali kolala pona kolonga ye ! »
Je suis entré dans cet état d'esprit où un homme écoute et écoute et commence à ardemment désirer apercevoir un agent de police.	Nakomi na esika oyo moto ayokaka ayoki mpe abandi kolikia ete akomona ata pulusu moko.
Chérie, tu veux bien passer chercher le gosse à l'école, ce soir ?	Bolingo, okoki koleka na eteyelo ya mana po ozwa bongo, na mpokwa ya lelo ?
Le détective Dan Anderson est retourné à la maison de Linda armé d'un mandat de perquisition.	Molukisi Dan Anderson azongaki na ndako ya Linda na mokanda ya mandat de perquisition.
Un regard vers l'avenir est nécessaire: qui ne regarde pas vers l'avant ne progressera pas; et comme on fait son lit, on se couche (comme on prépare ses repas, on mange).	Bomoni mosika ezali na litomba penza: moto oyo atalaka liboso te akendaka musika te; lolenge moko tobongisaka mbetu, pona kolala (denge tolambaka biloko, pona kolia).
C'était suffisamment grave qu'il ait l'habitude d'arriver en retard au travail, mais qu'il arrive soûl est un comble, et je vais devoir m'en séparer.	Ezalaki mabe mingi lolenge amesanaki koyaka mosala na sima ya ngonga, kasi koya na mosala na kwiti wana penza ezali mate koleka, mpe esengeli nakabwana naye.
C'est comme si vous n'aviez pas de famille, alors vous parlez de la mienne.	Ezaslik lokola bozali na libota te, bozali kolobela ya ngai.
Le virus de l'herpès tue beaucoup d'éléphanteaux, partout dans le monde.	Mikolobe ya herpès ebomaka bana ya nook mingi, bisika nyonso na mokili.
Chaque génération, sans doute, se croit vouée à refaire le monde. La mienne sait pourtant qu'elle ne le refera pas. Mais sa tâche est peut-être plus grande. Elle consiste à empêcher que le monde se défasse.	Génération nionso, ekanisaka ete bakobandela mokili ya sika. Ya ngai eyebi ete ekobandelisa yango te. Kasi mosala ya kosala ekoki kozala munene koleka. Ezali kopekisa mokili epanzana.
Descends chercher du vin à la cave.	Kita kende kozwa vino na nse.
Nul n'imagine que l'avenir puisse être différent du passé.	Moto moko te akanisaka ete lobi oyo ekoya ekokesena na lobi oyo eleka.
Vous devriez arriver tôt pour qu'il puisse lire votre manuscrit avant votre discours.	Esengeli boya na liboso ya ntangu po ete atanga makomi na bino liboso ba ntanga yango na misu ya bato.
À une époque où l'on faisait taire les voix des femmes et où l'on congédiait leurs espoirs, elle a survécu pour les voir se mettre debout et se prononcer et tendre la main pour prendre un scrutin.	Na ntangu oyo bazalaki kokangisa basi minoko mpe koboma elikya na bango, alongaki po ete amona bango lelo kotelama mpe kotanda loboko pona kopesa ya bango likanisi na maponami.
Tous sur des lits brodés, admirent tour à tour / l'air, le regard brillant, les traits du faux Ascagne, / sa douce voix, ses dons que la grâce accompagne.	Banso zinga zinga ya mbeto ya wolo, kolula moko moko / lolenge, etaleli ya makasi, bilembo ya Ascagne ya lokuta, / mongongo na ye ya Pete, mpe libonza lye ye oyo ezalaki elongo.
Si un mec te paie un verre dans un bar, tu peux être sûre qu'il cherche à coucher avec toi.	Soki mobali asombeli yo nkopo ya masanga na ekala, okoki kososola ete alingi ayeba nzoto nayo.
Le Dr Miller souhaite que vous patientiez quelques instants.	Munganga Miller alingi ozela mukie.
L'utilisation d'asticots pour les soins de la plaie est bien plus efficace que le traitement médical moderne, car les asticots ne mangent que la chair nécrosée, mais sans abîmer la chair vivante autour.	Bosaleli ba nkusu pona kobikisa mpota ezali makasi koleka nkisi ya mundele,  pamba te ba nkusu baliaka kaka mposo oyo ekufa, kati na kobatela mposo ya bomoi oyo ezali zinga zinga.
C'est une marque d'un esprit malin de témoigner de la joie, quand on reprend ou quand on châtie quelqu'un ; gardez-vous donc bien de tomber dans cette faute.	Ezali molimo ya bokotisi mayele mabe soki ozalitten koyika ensengo, ntangu ozali konyokola to kopesa moto pasi ; Bosala keba makasi ya kokweyisama na mbeba wana te.
Si vous voulez que vos employés soient heureux, vous devez leur verser un salaire décent.	Soki olingi basali na bino bazala na esengo, bosengeli kofuta bango lifuti ya malonga.
Proposer aux étudiants étrangers de venir étudier en France en langue anglaise est la proposition la plus bête que j'ai jamais entendue.	Kosenga na bana kelassi baya kotanga na France na lokota ya Anglais ezali likanisa ya buzoba oyo naino nayoka te.
Est-ce que tu penses que les poils sur la poitrine sont sexy ?	Okapis ete nkunza na ntolo ezali kitoko?
Par quels chants, par quelles musiques évoquer cette figure souverainement terrible et souverainement bonne, qui se voile aujourd’hui de clartés et s’endort aujourd’hui dans la lumière ?	Na ba nzembo nini, Mindule nini tokoki kotangela elongi wana ya kitoko, oyo lelo etondisami na nasa mpe elali na nse ya pole.
Ne perds pas confiance Mike.	Kobungisa elikiya te Mike.
Au rez-de-chaussée du palais se trouvent une salle de bal, un salon des miroirs, une salle à manger, un salon des trophées de chasse et un cabinet chinois.	Na nse ya ndako ya etezi ezali na ndako ya mayangani, ndako ya matalatala, ndako ya kolia, ndako esika ba coupes ya bokila mazali mpe ndako ya b a chinois.
Laissez toujours la priorité aux véhicules venant de droite.	Botika mituka mazali kowuta na loboko ya mobali baleka liboso.
Ce pigeon a volé de San Francisco à New York.	Ebengá oyo apimbwe kolongwa San Francisco ti New York.
Je suis comme cette folle de Sainte-Agathe qui sortait à chaque minute sur le pas de la porte et regardait, la main sur les yeux, du côté de La Gare, pour voir si son fils qui était mort ne venait pas.	Nazali lokola liboma ya muasi oyo Santu-Agathe oyo azalaki kobima ngonga nyonso liboso ya ekuke mpe azalaki kotala, liboko na misu, na ngambo ya ndako ya engunduka, pona kotala soki muana na ye ya mobali oyo akufa azalaki koya te.
Je vais joindre Jim et lui demander de venir.	Nazo kende kokutana na Jim mpe na senga ye aya na biso.
Une cellule psychologique a été mise en place au sein du lycée suite à l'attentat.	Lisanga moko ya balandi mitungisi ya makanisi esalami na eteyelo sima ya attentat oyo esalemaki.
Certains pensent, à tort, que les jeux vidéo sont la source de nos maux.	Basusu bakanisaka, na bozangi koyeba, ete masano ya nitendo  nde mazali komemela biso mankama.
Ça serait vraiment cool si Obama se laissait pousser une chouette et épaisse coiffure afro.	Ekozali kitoko mingi soki Obama akolisi suki naye ya bato moindo.
Les voisins voient que la boîte aux lettres n'est pas vide.	Ba voisins bazali Pomona ete exila ya boyambi mikanda ezali polele te.
Dans l’amour entre l’homme et la femme, il y a toujours une minute où cet amour atteint son plus haut degré, où il n’a plus rien de réfléchi ni rien de sensuel.	Na bolingo kati ya muası na mobali, ezali kaka na ngonga moko oyo bolingo ekomaka na suka nango, oyo eloko ya koloba to pe ya lolango esilaka.
Une suite est convergente si elle admet une limite finie. Elle est divergente sinon.	Lisolo ekobaka soki ezali na esika ya kosuka. Soki te ekomaka pasi.
Je suis sûre que vous devez avoir beaucoup de questions.	Nayebi ete bosengeli kozala na mituna ebele.
"Les Danois disent ""I love you"". Ils ont carrément renoncé à leur langue !"	Ba Danois balobaka ''Nalingi yo''. Babosani lokota na bango !
L'outil de liaison est au-dessus de la phrase en cours de traduction et est la première icône sur la gauche; il ressemble à une combinaison d'un caractère japonais et la lettre A.	Eloko ya kosangisa maloba ezali likolo ya ndelo oyo ezali kolimbolama mpe ezali elembo ya liboso na loboko ya muasi; ekokani na makomi ya ba japonais mpe na nkoma ya A.
""" Vos malheurs sont finis, votre asile assuré ; / vous n'allez point chercher sur de lointaines rives / un empire inconnu, des terres fugitives. """	""" Ba mpasi na bino exile, Ngunda na bino endimami ; / bokokende koluka na ba mboka musika te / oyo eyebani te, mabele ya bakimi. """
Elizabeth Taylor était mon actrice préférée.	Elizabeth Taylor azalaki actrice na ngai oyo nalingaki mingi.
Ne me touchez pas, espèce de porc !	Kosimba ngai te, ngulu !
J'attends avec impatience le jour où Mlle Cobb va revenir, je peux vous dire.	Nazali kozela mukolo oyo mademoiselle Cobb akozonga, nayebisa bino.
Je vous répète, ma bien-aimée Éthel, que je reviendrai bientôt vous arracher de cette prison ou m’y ensevelir avec vous.	Nabandeli koyebisa bino, wa ngai wa bolingo Éthel, nakoya kala te kobimisa bino na boloko oyo to nakokufa na bino elongo.
Le discours artificieux d’un Grec resté dans le camp séduit le peuple.	Nsango ya lokuta oyo ya Grec oyo atikalaki na camps na nbatu.
Les délits des mandataires du peuple et de ses agents ne doivent jamais être impunis. Nul n'a le droit de se prétendre plus inviolable que les autres citoyens.	Ba mbeba ya batindami na ba peuple mpe basali nan bango esengeli te ezanga mbano. Moto moko te akoki komikanisa likolo ya baimboka basusu.
Ouvrez votre livre à la page 17 et lisez tout le texte à voix basse. Dans un quart d'heure, je vous poserai des questions sur ce texte, afin de vérifier si vous l'avez bien compris.	Bofungola buku na bino na lonkasa ya zomi na sambo mpe botanga makomi nyonso na mongongo ya nse. Na miniti zómi na mitano, nakotuna bino mituna na makomi oyo, mpo ya koyeba soki bososolaki yango malamu.
Se rappeler qu'un tableau — avant d'être un cheval de bataille, une femme nue, ou une quelconque anecdote — est essentiellement une surface plane recouverte de couleurs en un certain ordre assemblées.	Kozongisa makanisi ete etando — yambo ezala mpunda ya etumba, mwasi ya motakala, to pe lisapo songolo — ezali na bonene etando eye ezipami na langi oyo isangisami malamu na lolenge songolo.
Ecoute, Israël ! Le Seigneur, notre Dieu, le Seigneur est un !	Yoka,  Israël ! Mokonzi, Nzambe na biso, azali kaka moko !
Puisque Marika n'est pas là et qu'elle ne s'intéresse pas à reprendre contact avec toi, tu ferais mieux de l'oublier.	Lokola Marika azali wana te mpe azali na ntina te ya kokutana lisusu na yo, ekozala malamu obosana ye.
Le colonel Collins est marié et a une fille. Quand elle a du temps libre, elle aime courir, jouer au golf et camper.	Colonel Collins abala mpe azali na mwana moko ya mwasi. Ntango azalaka na mwa ngonga, asepelaka kokima mbangu, mpe kosakana na lisano ya golf mpe kovanda na  zamba.
Pour lui, le climat arctique d'Arkhangelsk était l'enfer sur terre, mais pour elle qui a grandi dans cette région, Arkhangelsk était un paradis sur terre.	Mpo na ye, ntango ya arctique ya Arkhangelsk ezalaki lifelo o kati ya mokili, kasi mpo na ye oyo akoalaki na engumba wana, Arkhangelsk ezalaki paradiso o kati ya mokili.
Il vous faudra deux semaines avant de recevoir l'article.	Esengeli na bino mposo mibale liboso boyamba makomi yango.
Vas-y doucement et ça ira tout de suite mieux.	Sala malembe mpe ekoleka sika malamu.
Ça ressemble à une blessure par balle tirée à bout portant.	Ezali lokola mpota ya masasi babeti mpembeni.
Quand ce concurrent n'aura plus de clients, il devra fermer ses portes !	Ntango moto oyo azali koluka kokokana na biso akozala lisusu na basombi te, akokanga bikuke naye !
Pour Ray Bradbury, « Jules Verne symbolise l'histoire entière de l'humanité ».	Mpo na Ray Bradbury, « Jules Verne azali elembo ya bomoto ya mokili mobimba ».
Le bébé très malade était sous haute surveillance par les médecins.	Mwana moke oyo azalaki kobela makasi azalaki na botali maboko ya ba minganga.
C'est très gentil de ta part de m'envoyer un si joli cadeau.	Olakisi motema malamu na yo na likabo ya kitoko oyo otindeli ngai.
À cette époque Tony avait la soixantaine bien tassée et était toujours capable de travailler dur, mais il avait désormais un tout nouveau camion, une nouvelle tondeuse, tout un tas d'autres outils et trois personnes pour l'aider.	Na eleko oyo Tony akokisaki mpenza mibu ntúkú motóba mpe azalaki kaka na makasi ya kosala mosala makasi, kasi azalaki na motuka monene ya sika, masini ya mandefu ya sika, bisaleli misusu mpe bato basato mpo na kosunga ye.
En plus du programme général il existe des cours spécialisés dans les fondamentaux de la mécanique, une formation est aussi assurée pour l'acquisition des compétences et savoirs nécessaires à l'utilisation de différents types de machines.	Kolongola bibongiseli ya monene ezali na mateya oyo masalemi mpo na boyekoli mecaniki, liteya ebongisami mpo na kolengela boyebi bolamu ya bosaleli  masini misusu na lolenge esengeli.
Sami est gay et il ira en enfer.	Sami azali pede mpe akokende lifelo.
Je veux acheter une chemise pour ma petite soeur.	Nalingi nasomba simisi mpo na leki na ngai ya mwasi.
Le docteur a tiré le papier de sa poche.	Monganga abimisi lonkasa na libenga na ye.
Un jour nous nous réconcilierons (Un jour ou l'autre le souvenir du sein qui nous a allaités nous fera nous retrouver).	Mokolo moko tokoyokana (Mokolo moko to mususu mabanzo ya libele oyo tomelaka elongo ekozongisa biso makanisi).
Les options d'achat donnent le droit d'acheter un titre à un certain montant, appelé prix d'exercice, à une date donnée. Celles de vente, donnent le droit de vendre.	Maponi mpo na kosomba epesi ndingisa ya kosomba eloko na motuya songolo, oyo ebengami motuya ya bosaleli, na mokolo moko songolo. Iye ya koteka, ipesi ndingisa ya koteka.
Un rêveur est quelqu'un qui peut seulement trouver son chemin au clair de lune, et sa punition est qu'il voit l'aube avant le reste du monde.	Moloti azali moto oyo akoki komona nzela na ye kaka na kongenga ya sanza, mpe etumbu na ye ezali ete amonaka ntongo liboso ya bato.
J'avais peur de poser des questions parce que je ne voulais pas paraître stupide.	Nazalaki na bobangi ya kotuna mituna mpamba te naboyaki nabima zoba.
J'ai l'impression qu'il ne va pas me laisser m'en sortir si facilement.	Nakanisaki ete akotika ngai te nabima na mpete nyonso.
Il s'est mis à pleuvoir pile poil quand j'ai voulu sortir.	Mbula ebandi kobeta makasi kaka ntango nalingi nabima.
Ma jeune sœur perd patience, car son mari revient souvent de son travail en état d’ébriété.	Leki na ngai ya mwasi  abungisaka nkimya, mpamba te mobali na ye azongaka mingi mosala na milangwa.
Désolé pour le bordel !	Mawa mpo na mobulu !
Hé ! Ta balle vient juste de casser ma vitre !	Hé ! Bale na yo euti kopanza tala-tala na ngai !
Hélas, aucun éléphant ne vit dans le magnifique pays des Sorabes.	Mawa, nzoku moko te avandaka na mboka kitoko ya ba Sorabes.
J'espère que vous savez que la dernière chose que je veuille faire est de vous blesser.	Nabanzi ete boyebi likambo ya nsuka nakosala ezali kozokisa bino.
Vous rougissez et souriez toute seule, Éthel ; vous êtes heureuse, car vous ne rougissez pas du passé, et vous souriez à l’avenir.	Ozali kosilika mpe koseka yo moko, Éthel ; ozali na esengo, mpamba te ozali kosilikela te maye maleka, mpe ozali koseka mpo na maye makoya.
Nous allons commencer la conférence dans quelques secondes mais auparavant j'aimerais remercier mes collègues, avec qui j'ai travaillé durant ces trois années.	Tokobanda likita na secondi moke kasi liboso nakolinga kotonda banınga na ngai ya mosala, baoyo nasalaki na bango mibu misato miwuti koleka.
Aucun homme ne peut les connaître, aucun chasseur ne peut leur tirer dessus avec de la poudre ou du plomb - Les pensées sont libres !	Ata moto moko te akoki koyeba bango, moto ya bokila moko te akoki kobeta bango masasi ya putulu to mpe ebende - Makanisi mazali pole!
Je pensais que vous seriez tuée. Je me réjouis d'avoir eu tort.	Nabanzaki ete ozalaki ya kokufa. Nasepeli mpo na mikosamaki.
Si vous avez la moindre question, concernant les cours, ou bien des problèmes administratifs, n'hésitez pas à m'écrire un e-mail, je tâcherai d'y répondre aussi vite que possible.	Soki ozali na motuna, na maye matali mateya, to mpe makambo ya bino, kobanga te kokomela ngai na internet (email), nakosala nyonso mpo na koyanola yango na lombango.
De retour dans son bureau, elle décrocha son téléphone et composa le numéro de Charlie.	Kaka ntango azongi na bilo, azwi telefone na ye mpe abeti nimero ya Charlie.
Allô ! Avec qui je parle ? Tu ne me reconnais pas ? C'est moi, Aldo !	Alo! Nazali kosolola na nani ? Ozali koyeba ngai lisusu te ? Ezali ngai, Aldo !
Certains l'aiment chaud, qu'ils disent. Peut-être parlent-ils du lait, ou alors du hérisson. Que croyez-vous que ce soit ?	Basusu balingaka yango ya moto, ndenge balobaka. Ntango mosusu azali kolobela miliki, to mpe mboke. Okanisi ezali nini ?
Les Français sont vraiment un peuple bizarre : parmi ceux qui lisent cette phrase, un sur deux va vérifier si l'espace avant le double point est bien fine et insécable.	Ba Français bazali mpenza bato moko ndenge: kati ya bato oyo bazali kotanga lisakola liye, moko likolo na mibale kati na bango akokende kotala soki ntaka liboso ya mputu mibale ezali malamu.
Je me fiche de savoir qui est votre père. Vous devez quand même obéir à mes ordres.	Nazali na ntina te ya koyeba nani azali tata na yo. Osengeli mpe otosa mibeko mya ngai.
Je connais le gamin qui court.	Nayebi mwana oyo azali kokima mbangu.
Hot dogs, noix et graines, morceaux de viande ou de fromage, raisins entiers, bonbons durs ou gluants, maïs soufflé, morceaux de beurre d'arachide, légumes crus, raisins secs, chewing-gum et guimauves sont des risques connus d'étouffement pour les enfants.	Lipa batia boudin, mukokoli mpe mbuma, eteni ya mosuni to mpe fromage, mbuma ya mimbimba, bonbons ya makasi to mpe sukali, masangu, mwamba ya ngumba, ndunda ya mibesu, mbuma ya kokawuka, mpe bazoka izali makama mayebani mpo na kokanga bana mpema.
Afin de pouvoir bénéficier du service des soins infirmiers tel que prévu par l'assurance suivi des soins infirmiers, il faut que le caractère nécessaire de ces soins ait été reconnu (autorisation de recours à des soins infirmiers).	Mpo ya bozwi lisungi ya minganga ndenge ebongisami na assurance elandelami na lisungi ya minganga, esengeli sikoyo koyeba soki lisungi wana esalemi na ndenge elongombani (ndingisa ya kolanda lisungi ya  minganga).
La guerre froide est peut-être terminée, mais la peur de la guerre n'a pas encore disparu des esprits.	Bitumba esila ntango mosusu, kasi bobangi ya bitumba esili naino te na mitu ya bato.
"La magicienne Sarah. Apparemment, certains l'appellent ""La grande Mage"" ou quelque chose comme ça."	Moto ya soloka Sarah. Liboso, basusu babengaka ye ‘‘Moto ya soloka monene'' to mpe nkombo moko songolo.
Cette offre est réservée aux clients qui reçoivent ce courriel : n'oubliez pas de vous identifier sur le site pour en bénéficier !	Likabo oyo ebongisami na basombi oyo bayambaka nsango oyo na nzela ya internet: kobosana te komikomisa na site ya Internet mpo na ozwa likabo yango !
ll y a trop de gens dans cette pièce.	Bato baleki ebele na esika oyo.
Le vague souvenir d'un gars qui lui avait parlé la nuit d'avant refaisait surface du fin fond de son esprit.	Mabanzo ya molili ya mwana mobali oyo asololisaki ye na butu oyo elekaki ekomaki kozonga na moto naye.
Eh ben voyons !	Ah totala naino !
En légalisant la Gestation Pour Autrui, on a inauguré la vente mondiale de bébés sur Internet. Aurez-vous les moyens d'avoir un bébé de riche ou bien vous contenterez-vous d'un bébé de pauvre ?	Na bondimi mibeko ya bomemi zemi mpo na moto mosusu, bafungoli nzela na mombongo ya boteki bana mikie na Internet. Okozala na makoki ya kozwa mwana mukie ya moto ya mbongo to mpe okozwa kaka mwana mukie ya mobola ?
Comment ça s'est passé dernièrement, Frank ?	Elekaki ndenge nini na mbala ya nsuka, Franck ?
Désolé, il est plus de 16 heures, le département est fermé. Appelez encore demain matin !	Mawa, tosili toleki ngonga ya zomi na motoba, bilo ekangamaki. Benga lisusu lobi na ntongo !
Hé ! N'entrez pas dans le jardin s'il vous plait !	Hé ! Kokota na bilanga te nabondeli yo !
La conscience de sa supériorité donnait à ses rapports avec les femmes une certaine nuance de dédain, qui avait le don d’éveiller en elles la curiosité, la crainte, l’amour même.	Boyebi ya bozali likolo ya bato nyonso ezalaki kokomisa bomoto na ye liboso ya basi lokola mwa lolendo, moto oyo azalaki kolamusa boluki boyebi, bobangi, mpe bolingo.
J'irai partout où vous voulez que j'aille.	Nakokende bisika nyonso okolinga nakende.
Condillac, avec le sensationnalisme, révolutionna le concept de l'esprit, faisant du langage et du geste les précurseurs des idées, faisant voler en éclats la conception de Locke du langage comme simple médium passif.	Condillac, na bosikisiki, akotisaki mbongwana ya molimo, akomisaki maloba mpe misala ntoma ya makanisi, apumbwisaki na mopepe makanisi ya Locke oyo ezalaki na maloba ya mpamba etonda goigoi.
L'énergie solaire semble pouvoir offrir plus d'espoir que les autres sources d'énergie, notamment parce que les régions consommatrices d'eau se trouvent assez proches de l'équateur et disposent d'une atmosphère relativement propre.	Nguya ya moi ezali kopesa elikya koleka biloko misusu oyo epesaka nguya, mpo ete bingumba misusu oyo basalelaka mayi bazali mpembeni mingi ya équateur mpe bazali na mopepe ya mpeto.
Je suis désolé d'avoir raté votre anniversaire.	Nazali na mawa ya kozanga mokolo ya mbotama na yo.
Quand j'ai demandé à Nico comment il fallait faire pour être « trusted user », il m'a répondu qu'il fallait coucher. Ah ! Bravo !	Ntango natunaki Nico ndenge nini esengeli kosala mpo na kozala «moto oyo bakondimela », ayanolaki ngai ete esengeli kolala. Ah! Longonya!
La remarque que tu as faite à la fête à propos du poids de Lisa était totalement déplacée.	Liloba oyo olobaki na nteke na maye matali monene ya Lisa ezalaki mpenza malamu te.
C’est une vérité universellement admise, qu’un célibataire en possession d’une fortune solide se doit de vouloir prendre femme.	Ezali bosolo oyo eyebani mokili mobimba, ete mobali ya likombe oyo azali na bomengo ya makasi asengeli azwa mwasi.
Johnny a demandé Alice en mariage et elle a accepté.	Johnny asengaki abala Alice mpe ye andimaki.
Théo se sent responsable pour ce qu'il s'est passé.	Théo azali komimona na mokonzi mpo na maye malekaki.
IA signifie Intelligence Artificielle.	IA elingi koloba mayele moto asali.
Tu te mets le doigt dans l'oeil !	Ozali komitia mosapi na liso !
Sache être toi-même, et tu ne seras jamais un jouet du destin.	Yeba kozala yo moko, mpe okozala ata mokolo moko te eloko ya kosakanela lobi.
S'il vous plaît, s'il vous plaît, continuez de chanter faux !	Tobondeli yo, tobondeli ya, koba na koyemba mabe !
Je suis bien content que « brol » soit enfin rentré dans le Robert : c'est un de mes mots belges préférés !	Nazali mpenza na esengo ete « brol » asili kozonga na Robert : ezali moko ya maloba na ngai ba belges balingaka !
Les soldats obéirent à leur commandant sans poser de questions.	Basoda batosaka mokonzi na bango kasi batunaka mituna te.
La vieillesse nous attache plus de rides en l'esprit qu'au visage ; et ne se voit point d'âmes, ou fort rares, qui en vieillissant ne sentent l'aigre et le moisi.	Bobange enunisaka biso mingi molimo ke elongi ; mpe emonisamaka te, mingi te, nakonuna tomimonaka nkele.
L'amour a ses propres règles et un rythme que la législation peut difficilement suivre.	Bolingo ezali na mibeko ya yango moko mpe lolenge oyo mibeko ya leta ekoki kolanda te.
J'ai dû payer une forte somme pour le récupérer.	Nafutaki mbongo ebele mpo na kozwa ye.
N'ayant pas reçu de réponse, il se mit à courir, faisant ainsi tomber de l'escalier le fantôme, si bien qu'il dégringola de dix marches et demeura immobile dans un coin.	Na bozangi kozwa eyano, akomaki kokima mbango, kokweisa bongo elima na ematelo, ata soki akweyaki na bimateli zom mpe atikalak nye na ebombamelo.
Depuis quelques semaines, rien de spécial ne s'est passé.	Euti koleka mwa mposo, eloko moko te ya malonga esalemaki.
Il paraît que tu as gagné la compétition; félicitations!	Emononaki lokola olongaki masano; longonya!
Qu'est-ce qu'un sot ? Peut-être ce n'est qu'un esprit peu exigeant qui se contente de peu. Un sot serait-il un sage.	Zoba elingi koloba nini? Ntango mosusu ezali molimo makasi te eye esepelaka na makambo ya mike. Zoba akomaka moto ya bwanya.
Aucun pécheur n'est jamais sauvé après les vingt premières minutes d'un sermon.	Ata mosumuki moko te abikaka nsima ya miniti tuku mibale ya botubeli.
Parce que c'était un ingénieur aéronautique particulièrement brillant dans le Japon des années 1930, qui a réalisé le rêve de milliers de gamins : concevoir un avion exceptionnel.	Mpo ezalaki ingenieur moko ya bwana na mboka Japon na mobu nkoto yoko na nkama libwa na ntuku isato (1930), oyo akokisaki ndoto ya bana nkama : kokela mpepo ya ndenge mosusu.
Désolé, j’ai effacé par erreur le mail que tu venais de m’envoyer. Tu peux me le renvoyer ?	Mawa, nabomi na libunga email oyo otindelaki ngai. Okoki kotindela ngai yango lisusu ?
Ecoutez voir!	Yoka mpe tala!
Si vous connaissez une personne faisant l'objet de maltraitance, cette brochure pourra lui être utile.	Soki oyebi moto oyo bazali konyokola ye, buku eye ekoki kozala na ntina mpo na ye.
Si tu veux épouser ma fille, tu seras obligé de respecter nos traditions familiales.	Soki olingi kobala mwana na ngai ya mwasi, osengeli kotosa bonkoko ya libota na biso.
L'esprit du sport de Pierre de Coubertin a été complètement abandonné aux marchands du temple.	Molimo ya masano ya Pierre de Courbetin esundolamaki na bateki ya tempelo.
Je dispose de quelques informations internes à propos des projets de cotation en bourse de la société.	Nazali na nsango ya sekele ya kati na ntina ya mikano oyo mitali mosolo ya kompani.
Je vais sortir chercher mon oncle, il a un peu bu, donc je vais prendre la voiture à sa place pour le ramener.	Nakokende koluka noko na ngai, ameli mwa ndambo ya masanga, bongo nakei kozwa motuka mpo nakumba ye.
Rien n'est moins que le moment présent, si vous entendez par là cette limite indivisible qui sépare le passé de l'avenir.	Eloko moko te eleki ngonga ya sikoyo, soki oyoki wana nde ndelo oyo ekaboli lobi oyo eleka na lobi oyo ekoya.
Un jeune homme pauvre peut seul savoir ce qu'une passion coûte en voitures, en gants, en habits, linge, etc. Si l'amour reste un peu trop de temps platonique, il devient ruineux.	Elenge mobali ya mobola nde akoki koyeba nini elakisi kozala na bolingo mpo na mituka, ba gants, bilamba, etc. Soki bolingo etikali mpo na ntango mokie komonisama te akomaka mobola.
Le FBI le surveille depuis 1987.	FBI elandelaka ye uta mobu nkoto yoko na nkama libwa na ntuk mwambe na sambo (1987).
Pierre ne passait plus ses nuits à s’amuser comme il aimait tant autrefois à le faire.	Pierre azalaki lisusu te kolekisa butu na ye na kosakana lolenge azalaki kolinga kozala kala.
Revenez la semaine prochaine et les vêtements seront prêts.	Zonga mposo ekoya bilamba ekozala ya kobongama.
On se verra au nouvel an.	Tokomonana na ebandeli ya mbula.
Pas moyen de me souvenir où j'ai planqué mon fric !	Nakoki te koyeba bisika natie mbongo na ngai !
Je parie que Kylia a aimé son cadeau d'anniversaire.	Nazali na kondima makasi ete Kylia asepelaki na libonza na ye ya mbotama.
Vous auriez dû me prévenir que cela allait arriver.	Esengelaki oyebisa ngai ete ekokaki koya.
"L'occupation de la totalité de la ville de Jérusalem constituera une étape essentielle et le début d'une ""solution finale"" dans l'anéantissement du peuple palestinien autochtone."	Bozwi mboka ya Yerusalem mobimba ekozala eyano na likambo ya ntina  mpe ebandeli ya ''eyano ya nsuka'' na bosilisi ba nkolo mboka ya palestine.
Regardez ce qu'elle a apporté pour ma fête d'anniversaire !	Tala oyo amemeli ngai mpo na nteke ya mbotama na ngai !
Dites ce que vous voulez, ça ne me dérange pas.	Loba eloko olingi, ekosala ngai eloko te.
La limite forestière, au-delà de laquelle aucun arbre ne pousse plus, se situe, dans les Alpes allemandes, à une altitude d'environ dix-huit-cents mètres.	Mondelo ya zamba, koleka bisika oyo ata nzete moko te ezali kobota, ezali, na nzete ya ba Allemands, na likolo ya mpembeni ya ba metele nkama  mwambe.
Ce que tu me demandes constitue un engagement important ; laisse-moi y réfléchir...	Oyo ozali kotuna ngai ezali ndayi ya motuya ; tika ngai nakanisa...
Je suis désolée d'avoir raté ton anniversaire.	Nazali na mawa ya kozanga mokolo ya mbotama na yo.
Ton père aurait aimé te voir devenir un respectable officier de l'armée régulière, mais pas un voyou des forces spéciales.	Tata na yo alingaki amona yo kozala moto ya botosi na mapinga ma ekolo, kasi te moto ya yauli ya makasi ya ndenge mosusu.
Un des meilleurs chanteurs de Heavy Metal vient de s'éteindre en la personne de Ronnie James Dio.	Moko ya bayembi minene ya Heavy Metal awuti kotika mokili na nkombo ya Ronnie James Dio.
Avez-vous joué à The Legend of Zelda ?	Obetaki lisano ya The legend of Zelda ?
Les premiers arrivés auront les meilleures places.	Baye bakokoma liboso bakozwa bisika ya malamu.
Je suis si fatigué de tes commentaires arrogants que, maintenant, je ne lis presque rien de ce que tu écris afin d'éviter de tomber sur l'une de tes conneries hautaines.	Nalembi maloba ya bato ya lolendo, sikoyo,natangaka lisusu makomi na yo te mpo nakokima kokwea na yoko ya bozoba na yo ya lolendo.
Ok, je suis content que tu puisses venir.	Ok, nazali na esengo ete ozonga.
Toute personne accusée d'un acte délictueux est présumée innocente jusqu'à ce que sa culpabilité ait été légalement établie au cours d'un procès public où toutes les garanties nécessaires à sa défense lui auront été assurées.	Moto nyonso oyo afundami kosala likambo ya mabe azali lokola azali na likambo te ti mokolo oyo mbano na ye ekokatama na bazuzi  ntango esambeli na ye nyonso ekosila.
J'ai contemplé son déhanché tzigane et me suis demandé l'intérêt d'adorer la sainte vierge.	Natalaki etamboli na ye ya kovanda esika moko te mpe na mituni ntina ya kokumisa santu Maria.
Les parents voient la nouvelle génération comme une génération très éloignée de la réalité et occupée à poursuivre des rêves irréalisables.	Baboti bamonaka bana ya mikolo oyo lokola bazalaki mosika na mokili ya solo mpe balandaka ndoto oyo ekosalamaka te.
Buvez tout de suite votre verre de jus de tomate!	Mela mbala moko nkopo na yo ya jus ya tomate!
A force de rouler sa bosse, on en voit du paysage !	Soki omipesi na mosala okokoma !
Quoi ? Alex, c'était une fille ? J'ai toujours cru que c'était un garçon.	Nini  ? Alex, azalaki mwana mwasi   ? Nazalaki kokanisa ete azalaki mwana mobali.
D'ailleurs un procès, mais c'est très amusant.	Yango kosamba, kasi ezali elengi.
Nous devrions consacrer notre temps à créer du contenu pour notre site web plutôt que de gâcher du temps à nous préoccuper de détails esthétiques mineurs.	Tosengeli kopesa ntango na biso mpo na kosala site internet na biso kasi te kolekisa ntango na botali maye mazangi ntina.
Le président Ho Chi Minh a bourlingué durant trente années à travers le monde pour chercher la voie au salut national.	Mokonzi ya Ho Chi Minh atambolaki mibu ntuku misato na mokili mpo na koluka nzela ya kimia ya mboka.
Danny n'a pas le sens du beau.	Danny ayebaka eloko ya kitoko te.
On a cru que le choléra a définitivement disparu, mis il revient de plus belle.	Tobanzaki ete choléra esilaki libela, kasi ezongi lisusu.
Tout ce que tu as à faire c'est t'asseoir là et répondre aux questions du médecin.	Oyo esengeli na yo kosala ezali kovanda kuna mpe koyanola na mituna ya monganga.
Durant le sommeil, le cerveau traite préalablement les informations acquises et les transforme en mémoire de longue durée. Un temps de sommeil court peut déjà contribuer à l'amélioration d'une capacité nouvellement apprise.	Na ntango ya mpongi, bongo ezwaka liboso makanisi nyonso oyo ezwaki mpe ebongolaka yango na makanisi ya ntango molayi. Ntango moko ya mpongi ya mokuse ekoki kosunga na kobongisa makasi oyo oyekoli.
Jason, qui était en charge du projet, a été renvoyé pour cause de corruption.	Jason, oyo azalaki kokamba misala yango , babenganaki ye mpo na kanyaka.
Elles disent toutes qu'elles ne veulent pas qu'on ne s'intéresse à elles que pour leur physique, mais passent toutes les trois-quarts de leur temps à s'en occuper.	Balobaka bango nyonso ete balingaka te tolanda bango mpo na nzoto na bango, kasi balekisaka ntango na bango nyonso na kotonga nzoto.
Le chat est enfermé dans le placard. Peux-tu le laisser sortir ?	Nyawu akangemi na armoire ya monene. Okoki kotika ye abima ?
J'ai remarqué que j'avais grandi lorsque j'ai commencé à suivre les conseils de mes parents.	Nayaki koyeba ete nakoli ntango nabandaki kolanda mateya ya baboti na ngai.
Bref, vous auriez dû accepter cette responsabilité.	Na mokuse, okokaki kondima mokumba oyo.
Marie a disparu sans laisser de traces. Peut-être a-t-elle été enlevée.	Marie abungi mpe atiki elembo te. Ntango mosusu balimwisi ye.
Sur une fiche de paie est indiqué : Le salaire brut et le salaire net.	Na mokanda ya kofuta ekomami : lifuta ya monene mpe lifuta ya şoke nsima ya kofuta mpako.
Hé ! Je ne m'attendais pas à te rencontrer ici ! Le monde est petit, n'est-ce pas ?	He  ! Nabanzaki te ete nakokutana na yo awa ! Mokili ezali mokie, bongo te ?
Attendez à la gare, je viendrai vous chercher.	Bozela na esika engunduka etelemaka, nakoya kozwa bino.
J'espère qu'il ne nous arrivera rien de grave.	Nabanzi ete eloko ya mabe ekokomela biso te.
Quand le sage montre la lune, l'imbécile regarde le doigt.	Ntango moto ya bwanya azali kolakisa sanza, zoba azali kotala mosapi.
Ouais, j'ai un nouveau boulot mais il n'a rien d'extraordinaire.	Eh, nazwi mosala ya sika kasi ezali mpenza likambo ya motuya te.
Quand vous vous tenez si proche de la mort, sachant qu'elle ne vous touchera pas, vous sentez quelque chose de spécial !	Ntango bokokoma mpene ya liwa, yeba ete ekosimba yo te, okoyoka eloko ya ndenge mosusu.
Jamais je ne pourrai oublier cet horrible épisode de mon enfance.	Ata mokolo moko te nakoki kobosana likambo oyo ya mabe ya bomwana na ngai.
Jim regarda à droite et à gauche avant de traverser la rue.	Jim atalaki na loboko ya mobali mpe na oyo ya mwasi yambo ya kokatisa nzela.
Nous parlons trop vite pour les étrangers qui viennent en France.	Tozali koloba mbangu mpo na bapaya oyo bawuti France.
Eh ! Tu as oublié ton baiser. Désolé, tes clés !	Eh ! Obosanaki lipwepwe na yo. Mawa, bafungola na yo  !
J'ai un but, une tâche, disons le mot, une passion. Le métier d'écrire en est une violente et presque indestructible.	Nazwi mokano, mosala moko, liloba moko, mposa moko. Mosala ya kokoma ezali makasi mpe lokola ya koloba te.
Il ne faut pas se fier aux choses qui ne peuvent pas arriver, car c'est justement celles-là qui arrivent.	Esengeli te komipesa na biloko oyo bikoki kokoma te, yango nde ekomaka.
Stop, attendez !	Telema, zela !
Le professeur a commandé quelques nouveaux livres de New York.	Molakissi abengisi buku ya sika na New York.
L'occasion de sauver des vies sera bientôt perdue.	Libaku ya kobikisa bomoi ya bato ekolimwa kala te.
Elle était assise au bar, descendant les verres de whisky les uns à la suite des autres.	Avandaki na nganda, kolandisa nkopo ya masanga makasi moko nsima ya mosusu.
Je sais que tu penses avoir compris ce que tu pensais que j'avais dit, mais je ne suis pas sûr que tu as réalisé que ce que tu as entendu n'est pas ce que je voulais dire.	Nayebi ete okanisi ososoli oyo okanisi nalobaki, kasi nandimi te ososoli ete maye okoki mazali te oyo ngai nalingaki koloba.
""" D'abord ce Latium, cette terre fatale, / tu les crois séparés par un court intervalle ; / mais la mer, devant toi s'agrandissant toujours, / de ta longue carrière allongera le cours. """	""" Liboso ya Latium, mabele ya lima oyo, / okanisi ete bakabwani na mwa ntaka ; /kasi mayi ya minene, liboso na yo ezali kokoba kaka, / na mosala na yo ya molai ekokolisa mateya. """
En continuant à massacrer des populations civiles malgré une dénonciation internationale généralisée, cet État raciste et colonialiste voudrait banaliser le fait de tuer des populations civiles en grand nombre.	Na bokobi na koboma bana mboka ata soki mokili mobimba efundi likambo yango, Leta oyo ya misala mabe mpe balingaka bato ya loposo mosusu te balingi kokomisa bobomi ya ba bana mboka ebele eloko mpamba.
D’aucun dira que le numéro treize porte malchance.	Moto moko te akoloba ete nimero zomi na misato ememaka libaku mabe.
Le moindre mot de critique la rend nerveuse.	Liloba moko kaka ya kotonga ekomisaka ye nkanda.
J'avais senti une pression sur mon épaule et je m'étais retourné.	Nayokaki kilo na lipeka na ngai mpe nabalukaki.
Brian a acheté du rouge à lèvres pour Kate.	Brian asombaki epakoli mbebu ya motane mpo na Kate.
L'ail dégage une odeur forte.	Ayi epesaka nsolo ya makasi.
Il nous a fallu adapter nos vies aux nouvelles circonstances.	Esengelaki na biso komesanisa bomoi na biso na makambo ya sika.
Si on remonte la poupée avec la clé sur le côté de son torse, elle fera des cercles avec ses bras et avancera en faisant des culbutes.	Soki totie fungola na ntolo ya mwana popi, akosala ba selekele na maboko ma ye mpe akopusana na kobaluka baluka.
Je serais ravie si vous pouviez vous joindre à nous pour déjeuner.	Nakozala na esengo soki okoki koya kolia na biso bileyi ya ntongo.
Si vous trouvez une erreur, merci de laisser un commentaire.	Soki bomoni mbeba, matondo mpo na kotikela biso liloba.
Que des idées stupides ne te viennent pas à l'esprit !	Makanisi ya buzoba mayela yo na molimo te  !
Le nouvel album de « Take That », c'est de la balle !	Album ya sika ya « Take That », ezali kitoko !
Le passé est un œuf cassé, l’avenir est un œuf couvé.	Kala ezali liki oyo epasuka, lobi ekoya ezali liki ya mobimba.
Je me rends compte que je ne suis peut-être pas l'homme le plus séduisant du monde mais j'espère quand même que tu envisageras de sortir avec moi.	Nasili kososola ete nazali mobali ya kitoko koleka na mokili te kasi nazali kolikya ete okondima kobima na ngai.
Les téléspectateurs ne voient que ce que la caméra montre.	Batali na teve bamonaka kaka oyo camera elakisaka.
Je refuse de répondre à une question aussi stupide.	Naboyi koyanola motuna ya buzoba.
Il faisait sombre, la Lune brillait d'une lumière claire, la neige reposait sur la campagne verte, tandis qu'une voiture, lente comme la vitesse de l'éclair avançait autour du coin circulaire.	Ezalaki molili, Sanza engengaki na pole, neige ekweyaki likolo ya matiti ya langi ya mpondu, ntango motuka, ezalaki koleka na mopanzi.
Kylia a refusé que j'appelle une ambulance alors je l'ai amené à l'hôpital par moi-même.	Kylia aboyaki nabenga ambulance yango namemaki ye ngai moko na lopitalo.
Quand je suis rentré à la maison, j'ai trouvé bizarre que la porte fût ouverte.	Ntango nazongaki na ndako, namonaki na bokamwi ndenge ekuke ezalaki ya kofungwama.
Si l'on devait nommer les pays d'après les mots qu'on y entend d'abord, l'Angleterre s'appellerait “damn it”.	Soki esengeli tobenga mboka na mboka na nkombo oyo toyokaka bato balobaka mingi, Angleterre elingaki ebengama “damn it”.
Tommy ne savait pas répondre à la dernière question.	Tommy ayebaki kopesa eyano te na motuna ya nsuka.
Ils sont partis pour New York.	Bakendaki New York.
Il n'y a aucun moyen de le convaincre. Il insiste absolument que le seul moyen de résoudre le problème est le sien.	Ezali na lolenge moko te ya kondimisa ye. Azali kotingama kaka ete lolenge moko ya  kosilisa likambo ezali kaka oyo ye azali kokanisa.
Il n'arrive rien de neuf. Ce sont toujours les mêmes vieilles histoires qui arrivent à de nouvelles gens.	Ya sika ezali te. Ezali kaka makambo moko wana ya kala nde ekomelaka bato ya sika.
«Es-tu sûre de vouloir que je te le dise ?» «Je suis toute ouïe !»	«Ozali nakondima ete olingi nayebisa yo yango?» «Nafungoli matoyi ! »
Nous avons passé des heures à chercher comment régler ceci.	Tolekisi ba ntango koluka ndenge nini kosilisa yango.
Elle est tellement têtue. Je parie que si elle est jamais réincarnée, elle sera une bactérie capable de survivre dans le vide sidéral.	Azali matoyi mangbongi (Moto makasi). Nabanzi soki azongi na bomoi, akozala mikolobe oyo ekoki kowumela ata bisika eloko ezali te.
Et ainsi, dans cet esprit, laissez-moi vous parler, aussi clairement et ouvertement que je le peux, de certains problèmes spécifiques que je crois que nous devons, en définitive, affronter ensemble.	Mpe yango, na molimo wana, botika ngai nayebisa bino, mpe na lolenge ya nsembompe polele ete nakoki kosala yango, makambo misusu nabanzi ete tosengeli kobunda na yango elongo.
L'une des meilleures applications de l'internet est d'apprendre l'espéranto et de prendre contact avec des membres d'autres peuples.	Moko ya bisaleli ya malamu ya internet ezali koyekola esperanto mpe kosolola na bato ya bisika bisusu.
Si ton frère te dit : « Je suis seul, faible et las » , / Ton devoir est d'offrir le secours de ton bras / À ton frère.	Soki ndeko na yo alobi nayo : « nazali ngai moko, na makasi te mpe ya kolemba, » , / etinda na yo ezali kopesa loboko na yo / Na ndeko na yo.
Quand Jésus commençait sa longue passion, Le crachat qu'un bourreau lança sur son front blême Fit au ciel à l'instant même Une constellation!	Ntango Yesu abandaki monyokoli na ye ya molai, nsoyi babwakelaki ye na elongi ezalaki na ngonga wana na likolo lokumu monene!
Salut, je suis Ryan.	Mbote, nkombo na ngai Ryan.
Les fleurs que j'ai cueillies, comme le complément d'objet direct est placé avant le verbe il y a accord , soit ies pour cueillies.	Ba fololo oyo nabuki, ezali complement d'object direct oyo etiamaka liboso ya likelelo (verbe).
Wow, c'est joli. La mer brille.	Oh, ezali kitoko. Mayi ya monene ezali kongenga.
J'en ai assez de mes problèmes pour m'inquiéter des vôtres.	Nazali na makambo ebele mazali kotungisa ngai mpo namitungisa na oyo ya yo.
Le procureur a requis quinze ans de prison ferme.	Mokonzi ya bazuzi akati etumbu ya mbula zomi na mitano ya boloko.
La civilisation, au sens réel du terme, ne consiste pas à multiplier les besoins, mais à les réduire délibérément, volontairement. Cela seul amène le vrai bonheur, le véritable contentement.	Kimundele, na ndenge ya solo ya nkombo, ezali te mpo na kobakisa mposa, kasi kokitisa yango na makasi te. Oyo kaka nde ememaka esengo ya solo, esengo ya solo.
J'ai laissé par inattention à la maison les documents importants que je voulais emmener à la boîte. Serais-tu assez gentille de me les apporter maintenant ?	Nabosanaki na bokebi te mikanda ya motuya na ndako oyo nalingaki namema na esika ya mosala. Okazala na motema malamu ya komemela ngai yango sikoyo?
Je ressens une impression de vide.	Nazali koyoka lokola polele.
Daniel a un bon boulot.	Daniel azali na mosala ya kitoko.
« Je voudrais un costume, s'il vous plaît. » « Puis-je vous demander pour quelle occasion ? »	« Nalingaki kazaka, nabondeli yo. » « Nakoki kotuna yo ezali mpo na likambo nini ? »
La ministre des finances française Christine Lagarde a pris la direction du Brésil, dans le cadre d'une tournée, destinée à réunir des soutiens en faveur de sa candidature.	Minsitre ya mwasi oyo atali misolo ya mboka France Christine Lagarde akendeki mombembo na mboka Bresil, mpo na koluka lisungi mpo na maponami na ye.
C'est mon pote. Vous le connaissez, les mecs ?	Azali moninga na ngai. Boyebi ye, bilenge mibali ?
S'il a encore l'audace de se pointer ici, tu m'appelles tout de suite.	Soki ozali na nkanza ya koya awa, benga ngai mbala sikawa.
Mark drague tout ce qui bouge.	Mark alulaka nyonso.
Hugo a posé plusieurs questions à Marie, mais elle a refusé d'y répondre.	Hugo atunaki mituna ebele na Marie, kasi aboyaki koyanola.
Un facile succès couronne son message : / il parle, il adoucit la superbe Carthage, / de sua puissante reine apprivoise l'orgueil, / et les Troyens déjà sont sûrs d'un doux accueil.	 Lokumu moko ya mpete ezalaki na nsango na ye : / azali koloba, azali kolembisa Carthage, / mokonzi na ye ya mwası ya kitoko azalaki kopesa lolendo, / mpe ba Troyens bazalaki kobongama mpo na koyamba ye malamu.
A vos marques, prêts... partez !	Na bilembo na bino, bobongami.... Bokende !
La star était assise à l'arrière de la limousine noire.	Moto akenda nsango avandaki na kiti ya nsima ya limousine ya mwindo.
La valeur d'une œuvre d'art peut changer grandement selon l'identité supposée de l'artiste, même si l'œuvre elle-même ne change pas.	Motuya ya mosala ya ntoki ekoki kobongwana makasi kolanda nkombo ya mokeli na yango, ata soki mosala yango ebongwami te.
Angela doit aller chercher le fric.	Angela asengeli kokende koluka mosolo.
Comment Sa Majesté pourrait-elle se tromper..?	Ndenge nini mokonzi akoki komikosa..?
La conformité de la signature au verso avec l'original est, par la présente, officiellement certifiée.	Bokokani ya mokoloto na nsima ya mokanda na oyo ya solo ezali, na yango, endimami libela.
Si j'avais su votre numéro de téléphone, je vous aurai appelé.	Soki nayebaki nimero na yo ya alo alo (telefone), nalingaki nabenga yo.
Il y a eu une explosion dans le labo.	Bombe ebetaki na kati ya labo.
J'ai lu, compris et accepté la déclaration de confidentialité.	Natangaki, nasosoli mpe nandimi monkanda ya bobombi sekele.
Les preneurs d'otages s'échappèrent avec un policier, malgré un court échange de tirs.	Bato bazwaka bato na makasi bakimaki na pulusu moko, ata nsima ya ngonga moke ya bobetani masasi.
Deux semaines ont passé et je ne vous ai pas vus.	Mposo mibale ileki mpe namonaki bino te.
Vous devez vous asseoir et vous reposer.	Bosengeli kovanda mpe kopema.
Si vous aviez lu l'horaire avec plus de soin, vous ne vous seriez pas trompé de train !	Soki botangaki linaka na bokebi, bolingaki bobunga engunduka te!
Ne bougez pas, je reviens.	Koningana te, nazali koya.
Aujourd'hui, on fera prêter serment aux nouveaux avocats.	Lelo, ba avocats ya sika bakolapa ndayi.
J'aurais aimé que tu ne m'aies pas trouvée.	Nalingaki nasepela soki okutaki ngai te.
J'attrape des petits boutons sur le visage. Je me demande si je dors suffisamment ces temps-ci.	Nazali kobima mbuma mike na elongi. Nazali komituna soki nazali kolala ndenge elongombani mikolo oyo.
Tu auras plein d'occasions de rencontrer des filles lorsque tu iras à la fac.	Okozala na libaku mingi ya kokutana na basi ntango okokende na université.
À Washington, personne ne savait à quoi s'attendre.	Na Washington, moto moko te ayebaki nini ekoya.
Je regardais les infos.	Nazalaki kotala nsango.
Vous ne devez pas renoncer simplement parce que vous n'avez aucun talent.	Esengeli otika kaka boye te mpo ozali na likabo ata moko te.
Les mystères seront résolus lorsque le coffre sera enfin ouvert.	Mabombami makoyanolama ntango sanduku ekosila kofungwama.
L'ammoniaque est un gaz liquide incolore à odeur forte.	Ammoniaque ezali mopepe ya mayi ezanga langi na nsolo ya makasi.
Le comptable de la société a été envoyé en prison pour avoir tripatouillé les comptes.	Motali mosolo ya company atindami na boloko mpo asimbaki misolo ya mosala malamu te.
Il est vraiment chiant à nous sortir ses blagues vaseuses à tout bout de champ.	Ezali mpenza buzoba mpo na kosalele biso maseki ezanga ntina ntango nyonso.
Tu es supposé aider tes amies lorsqu'elles ont des ennuis.	Osengeli kosunga baninga na yo ntango bazwami na mikakatano.
""" Le doux aspect du Xanthe adoucit vos destins ; / notre Ilion revit relevé par vos mains. / Puisse un destin plus doux respecter votre ouvrage ! / Que la Grèce de Troie épargne au moins l'image ! """	""" Lolenge ya nkimia ya Xanthe ezali kolembisa lobi na bino ; / nkosi na biso etelemisaki na maboko na bino. / Lobi moko ya nkimia elanda misala na bino ! / Grèce ya Troie ebatela ata elilingi ya mpamba ! """
Fata a sarit in sus şansa şansa plecării New York.	Fata a sarit in sus şansa şansa plecării New York.
Tu ne regardes la télé que le vendredi.	Otalaka tele (etando eke) kaka vendredi.
Je suis le meilleur ami, le meilleur soutien, le meilleur partenaire que tu auras jamais.	Nazali moninga monene mpenza, mosungi monene, mosalisi monene koleka oyo nyoso okozala na ye.
Le conducteur s’en est à peu près sorti, mais le type à l’arrière n’avait pas mis sa ceinture et il est mort sur le coup.	Motambwisi motuka abikaki mwa moke, kasi moto oyo azalaki na nsima atiyaki mokaba na ye te nde akufaki kaka wana.
Bonne nuit ! J'espère que tu seras prête demain.	 Butu elamu! Nalikyi ete okobongama lobi.
Mais pour son fils absent tendrement agité, / le héros veut le voir ; il veut qu'en diligence / Achate, secondant sa tendre impatience, / coure chercher Ascagne, et ramène à ses yeux / de l'espoir des Troyens ce gage précieux.	Kasi mpo na mwana na ye oyo azali te ya kopalangana na malembe, / elombe alingi amona ye ; alingi na bowelisi / Achate, na kosalisa na motema lukuluku na ye na ye, / akimi koluka Ascagne, mpe azongisa na miso na ye / elikya ya ba Toloyé elaka ya motuya.
Quand iras-tu à Caen ? demanda Myriam à Eddie.	Ntango nini okokende na Caen ?  atunaki Myriam na Eddie.
Ses yeux ont observé mon expression faciale pour savoir si je lui parlais franchement.	Miso na ye etalaki ezaleli ya elongi na ngai mpo na koyeba soki nazalaki koloba na ye na bosolo.
Franchement, Hugo est un fan de Star Trek.	Solo, Hugo azali molandi ya Star Trek.
Retourne dans le van.	Zonga na kati ya lungu.
Quand on fait circuler des camions militaires sans plaque d'immatriculation, transportant des troupes sans marques d'appartenance nationale, chez ses voisins, c'est que non seulement on les envahit mais qu'en plus, on en a honte.	Ntango bazali kotambwisa mituka ya mapinga ezanga plaque d'immatriculation, na komema mapinga bazanga bilembo ya bozalisami ya ekolo, epai ya baninga, ezali kaka te ete topunzi bango kasi mingi mingi, toyokeli yango nsoni.
""" O catastrophe horrible ! ô souvenir affreux ! / Hélas ! en écoutant ces récits douloureux, / d'Ulysse, de Pyrrhus, auteurs de nos alarmes, / quel barbare soldat ne répandrait des larmes ? """	"""O Likama ya nsomo ! O bokundoli ya kobangisa ! / Mawa ! na koyoka sango oyo ya mpasi, / ya Ulysse, ya Pyrrhus, bakomi mabangisi na biso, / soda mabe nini oyo akosopa mpizoli te ? """
Envoie les gosses au lit !	Tinda bana na mbeto !
Grace à son conseil, nous avons pu terminer plus tôt que prévu.	Mpo na toli na ye, tosilisaki liboso ya ntango tokaniselaki.
Il est beaucoup plus facile pour un philosophe d'expliquer un nouveau concept à un autre philosophe qu'à un enfant. Pourquoi ? Parce que l'enfant pose les vraies questions.	Ezali makasi mpenza mpo na moyi-makanisi na kolimbola likanisi moko ya sika na moyi-makanisi mosusu koleka na mwana. Mpo na nini? Mpo ete mwana azali kotuna mituna ya solo mpenza.
Je suis presque sûre que Mathis habite à Park Street.	Nazali na kondima ete Mathis avandi na Park Street.
Un soir, cependant, lorsque Miss Baker revint au collège quelques minutes avant l'heure où tous les étudiants devaient être rentrés, elle trouva une voiture sur sa place de parking.	Kasi, mpokwa moko, ntango Miss Baker autaka na kelasi na ngonga moke liboso ya bayekoli nyoso basengelaki kozonga, azuaki mutuka moko na bisika na ye ya parkingi.
Certains rapports disent que l'explosion a eu lieu dans une boîte en métal noire, d'autres dans une poubelle.	Balapolo misusu elobi ete ekindo esalemaki na kati ya sanduku ya libende yoko ya moindo, misusu na kati ya fulu yoko.
Le bébé saura marcher dans quelques jours.	Mwana akotambola na nsima mikolo mike ekoya.
Bobby Womack était une légende de la soul américaine.	Bobby Womack azalaki nkombo monene na nzembo ya soul ya amerika.
Quand elle s'est présentée au guichet, elle n'a plus retrouvé son billet d'entrée dans son sac à main.	Ntango akomaki na lininisa, azuaki lisusu te na saki ya ye ya maboko mokanda na ye ya kokotela.
Tu n'es pas tombée amoureuse j'espère ! Je ne supporterais pas ! Que cet homme puisse devenir mon beau-frère ; je ne pourrais absolument pas supporter ça !	Okwei na bolingo te nalikeyi ! Nakokoka kokanga motema te ! Mobali oyo akoma semeki na ngai; nakokoka kokanga motema na eloko wana te!
Vous devez vous en aller… poursuivit Anna Sergeevna en chuchotant. Vous m’entendez, Dmitri Dmitrich ?	Esengeli ete okende... ekobaki Anna Sergeevna na koloba na mongongo ya nse. Oyoki ngai, Dmitri Dmitrich ?
Va falloir mettre un sacré coup de collier si tu veux arriver à avoir la moyenne en maths cette année.	Ekosenga kotiya mongombo ya kingo soki olingi kolonga ndambo na maths mbula oyo.
Vis dans le présent, et ne réveille pas sans cesse un passé auquel tu ne peux rien changer.	Bika na ntango ya lelo, mpe kolamusa te mbala na mbala ntango eleka eye okoki kobongola eloko moko te.
Les forces d'occupation viennent de lancer une opération de grande envergure visant à arrêter ou à tuer le plus grand nombre de résistants.	Mapinga ya bobotoli mauti kobanda misala yoko ya monene ya kotelemisa to koboma motuya monene ya batomboki.
Il y a des choses que l'intelligence seule est capable de chercher, mais que par elle-même elle ne trouvera jamais. Ces choses, l'instinct seul les trouverait, mais il ne les cherchera jamais.	Ezali ba biloko oyo kaka mayele nde ekoki koluka, kasi na yango moko kaka ekozua te. Biloko oyo, molimo yango moko ekozuaka yango, kasi ekolukaka yango te.
Je continue de dire que je suis innocent, mais personne ne m'écoute.	Nazali kokoba koloba ete nazali mpeto, kasi ata moto moko te atikali koyokela ngai.
Tony a enlevé sa chemise et a nettoyé le piano avec.	Tony alongolaki simisi naye mpe asokolaki piano na yango.
En général, on ne peut pas tellement se fier au fait qu’une tournure semble naturelle ou non. Par exemple, il arrive fréquemment que quelque chose sonne faux, mais que ce soit simplement dû à un manque d’expérience.	Mingi-mingi, tokoki kolikya mpenza te ete monyoko ekoki kozala ya mokili to te. Ndakisa, ekomaka mbala na mbala ete eloko moko eza lokola ya mbata, kasi na ezali kaka pona bozangi ya boumeli na bisaleli.
Larry Ewing est marié et père de deux enfants.	Larry Ewing abalà mpe aza tata ya bana mibale.
Père s'est soudainement senti malade et nous avons appelé un docteur.	Tata akomaki maladi na ko sutuka  kaka boye mpe to bengisaki dokotolo moko.
Je te promets de te rendre cette cassette vidéo dans une semaine.	Na laki ko zongisela yo bande ya video na poso moko.
Le décret sert au gouvernement pour obtenir plus d’argent, car il lui permet de recevoir les biens des communautés religieuses, de s’emparer de leurs bénéfices et de réduire les revenus de leurs membres.	Mobeko esalisaka mbulamatari pona ko zua mbongo mingi na ebakisi, mpo ete esungi ye na ko zua biloko ya masangani ya bitonga, ko kamata ya bango matomba mpe ko kitisa bozui ya bayangani na yango.
Le Téléthon est une émission TV française organisée tous les ans pour récolter des fonds afin de financer la recherche médicale.	Téléthon ezali émission yoko ya TV ya ba falansé oyo esalamaka bambula nyoso pona ko sangisa mbongo na tina ya ko sala bolukiluki ya kisi.
La marine américaine s'est excusée après que des pilotes aient dessiné un pénis géant dans le ciel.	Mapinga ya mayi ya amerika esengaki bolimbisi na sima ya kumbi-pepo ko sala elilingi ya libolo monene na likolo na lola.
Théo était évidemment inquiet de ce qui pourrait arriver.	Théo azalaki na ko mi tungisa pona oyo ekokaki ko koma.
Maxime était un chauffeur de camion avant de devenir un pilote de voiture de course.	Maxime azalaki motambwisi ya mutuka liboso ya ko koma mokumbi ya mituka ya masano ya kokima mbangu.
On n'a jamais employé tant d'esprit à vouloir nous rendre bêtes ; il prend envie de vouloir marcher à quatre pattes quand on lit votre ouvrage.	Nanu basalela te molimo na bokasi boye pona ko komisa biso ba zoba ; epesi posa ya ko tambola na makolo minei tango moto atangi buku na yo.
Une nouvelle ligne directrice de l'UE a été rapportée. En conséquence, à l'avenir seules les bananes courbées vers la droite seront autorisées.	Molongo ya etamboleli ya sika ya UE epesamaki. Na tina, na mikolo ezo ya kaka bitabe engunzami na ngambo ya loboko-ya-mobali nde eko ndimama.
J'espère que vous pourrez résoudre rapidement la situation.	Na likyi ete boko kata likambo wana na lombango.
« Gabriel a offert à Marie une boite de pralines et une rose à longue tige pour son anniversaire. » « C'est vraiment mignon. »	« Gabriel apesaki Marie molangi ya pralines mpe fololo-rose ya nzete molayi pona mbotama na ye. » « Eza penza kitoko. »
Le gagnant n'est pas celui qui a tiré le premier, mais celui qui a atteint sa cible en premier.	Molongi eza te oyo abetaki ya liboso, kasi oyo asimbaki ya yambo na motambo.
Toutes choses égales par ailleurs, le résultat est meilleur que je ne l'espérais.	Biloko nyoso na bokokani bisika mosusu, eyano ezali malamu koleka ndenge na likyaki.
Il y a peut-être un moyen de faire fuir la bête.	Eza tango mosusu na nzela ya ko kimisa nyama.
Vous ne m'aviez pas dit que vous étiez docteur.	Oyebisaki ngai te ete ozalaki dokotolo.
Vous voulez bien quitter la pièce pendant quelques minutes afin que je puisse poser quelques questions à votre fils ?	Okoki ka bima na bisika pona ngonga moke mpo ete natuna mituna nzike na mwana na yo?
Eric est dans notre équipe de football.	Eric azali na lisanga ya biso ya ball ya makolo.
Au début, il dessinait des caricatures et nombre de ses ouvrages et de ses lettres - même des dossiers juridiques - contiennent des illustrations de sa main.	Na ebandeli, azalaki ko sala mayemi ya maseki mpe mingi ya misala na ye mpe makomi na ye -ata mikanda na ye liboso ya mibeko- etondi na mayemi esalemi na maboko na ye.
Vous savez à quoi l'enfer ressemble.	Oyebi na nini lifelo ekokani.
Vous devez essayer Chicago pizza à croûte profonde.	Osengeli ko meka pizza Chicago ya poso monene.
Andy a suspendu sa chemise dans le placard.	Andy atiyaki simisi na ye na lomwale.
Le flingue de Gabriel a disparu.	Munduki ya Gabriel ebungaki.
J'ai vérifié partout.	Na luki bisika nyoso.
N’hésitez pas à demander des conseils à votre pharmacien au sujet de médicaments en vente libre.	Ko banga te ko senga toli epayi ya moyi-kisi wa yo ko landana na bakisi na boteki ya pwasa.
Tu auras beau amener le cheval à la rivière, mais tu ne le feras pas boire pour autant.	Oko koka na komema farasa na ebale, kasi oko melisa ye na makasi ata soki moke te.
Le prince Basile faisait assurément tout ce qu’il fallait pour arriver, à marier sa fille avec Pierre, mais il le faisait nonchalamment et sans s’en douter, avec l’assurance évidente que sa conduite était toute simple.	Kunzi Basile asalaki na bosolo nyoso oyo akokaki pona ko koma, na ko balisa mwana na ye ya mwasi epayi ya Petelo, kasi asalaki yango na goigoi mpe na kozanga ko sosola, elongo na ko ndima makasi ete ezaleli na ye ezalaki ya pepele penza.
Pour faire court, elle est sur la No Fly List et nous pourrions avoir été suivis jusqu’ici par un drone.	Na mukuse, azali na No Fly List mpe tokoki ko zala kolandamaki kino awa na drone.
Compte tenu des problèmes énergétiques globaux, nous ne pouvons pas nous permettre de négliger l'énergie des masses qui ont un ennemi déclaré commun.	Kolandana na makambo ya lotiliki na bomoko, tokoki te ko mi tinda ko vandela lotiliki ya masangani oyo bazali na monguna baponi ya bomoko.
Certains croient dur comme fer qu'un ange gardien les protège.	Ba ike ba ndimeli makasi lokola libende ete anjelu mokengeli moko azo batela bango.
Il m'appelle Pete.	Abengaka ngai Pete.
Est-ce que tu ne te rappelles pas de ce qui s'est passé hier ?	Ogundoli te oyo elekaki lobi loleki ?
Je ne ferai pas semblant d'être désolé.	Nakosala te lokola nazali ya ko yoka mawa.
J'ai consacré deux heures hier à essayer de réparer cette radio en panne.	Na lekisaki ngonga mibale pona ko meka ko bongisa radio wana yakobeba.
Vous ne savez donc pas, Sarah, combien vaut cette coupe ?	Oyebi kasi te, Sarah, boni ntalo ya kopo oyo ?
Après ma mort, j'espère que les gens diront de moi : « Ce type me devait certainement un bon paquet d'argent. »	Na sima ya liwa na ngai, na ikyi ete bato bako loba likolo na nga: « mobali oyo azalaki solo-solo na motango malamu ya mbongo na ngai. »
Je ne laisserai rien de mal vous arriver.	Nako tika te eloko ya mabe ekomela yo.
« Luca, quelle fille tu trouves la plus belle de la classe ? » « Hmm, peut-être Marie… » « Hein, Marie ? Elle est pas si belle que ça, si ? »	« Luca, mwanamwasi nini nde omoni aza ya kitoko koleka na kilasi ? » « Hmm, tango mosusu Marie… » « Hein, Marie ? Aza na ye mpe kitoko penza te, boye te ? »
Marie a sorti son pistolet et a tiré.	Marie abimisaki munduki na ye ya muko mpe abetaki.
Heu...	Heu...
Rien qu'une seconde ! Cet appel pourrait être important.	Kaka segonde moko! Ebengeli oyo ekoki ko zala ya motuya.
À l'hôpital, l'infirmière lui a lu la majorité des lettres de sa femme.	Na lopitalo, munganga atangelaki ye mingi mikanda ya mwasi na ye.
Je suis désolé que tu n'aies pas bien dormi.	Na yoki mawa ete okokaki ko lala malamu te.
La première chose que fit Andrew fut de trouver son frère Simon et de lui raconter.	Eloko ya yambo oyo Andrew asalaki ezalaki ko kutana na ndeko na ye ya mobali mpe ko beta ye lisapo.
Ils ont cherché partout, mais en vain, le garçon disparu.	Balukaki bisika nyoso, kasi na bozangi, mwana-mobali alimwaki.
Regarde M'man, je sais lire !	Tala M'man, na yebi ko tanga !
Les quatre premiers garçons qui ont été secourus ont maintenant la possibilité de manger de la nourriture normale.	Bana mibali minei ya liboso baye ba bikisamaki baza lelo na makoki ya ko lia bilei ya sembo.
On lève le camp à l'aube.	Tozo bimasa makoki lobi na tongo makasi.
Vous ne saviez pas que Marie aimait cuisiner.	Oyebaki te ete Marie alingaka ko lamba.
Il est évident que le parti des Pirates va résoudre tous les problèmes économiques et financiers de l'Allemagne, de l'Europe et peut-être même du monde.	Eza ya ko monana pwasa ete lingomba ya ba Pirates eko silisa makambo nyoso ya mombongo mpe bozui ya Allemagne, ya Europe mpe tango mosusu ya mokili mobimba.
Hé là! Ne me tirez pas si violemment!	He wana! Bo beta nga masasi mabe makasi boye te!
Quand une personne est folle, on la considère comme telle, mais quand des milliers de personnes sont atteintes de la même folie, on appelle cela religion.	Tango moto aza liboma, ba monaka ye kaka boye, kasi tango bankoto ya bato ba zuami na liboma oyo wana kaka, ba bengaka yango lingomba.
Je lis le New York Times.	Na tangaka New York Times.
La CIA procède à une analyse détaillée des antécédents de tous les nouveaux employés.	CIA esalaka bolukiluki na bozindo ya bisaleli ya basali nyoso ya sika.
Vos lèvres sont bleues, vous devriez sortir de l'eau.	Bebo na yo eza bulu, osengelaki obimisa na mayi.
On aide plus un être en lui donnant de lui-même une image favorable qu’en le mettant sans cesse en face de ses défauts. Chaque être normalement s’efforce de ressembler à sa meilleure image.	Ba salisaka mingi ekelamu na ko pesa ye etaleli ya ye moko ya malamu koleka ko tiyaka tango nyoso liboso ya botau na ye. Ekelamu nyoso asalaka makasi pona ko kokana na elilingi na ye ya kitoko ko leka.
C'est le bébé le plus charmant que j'aie jamais vu.	Aza mwana kitoko koleka na baye nyoso nasi na mona.
Il coupa le moteur mais laissa les clés sur le contact.	Akataki motelo kasi atikaki fongola nakati ya contact.
Je pars en France pour étudier la peinture.	Na kei na bofanlansa pona ko tanga ko sala mayemi.
Un gardien a ramené dans la salle le petit garçon en chaise roulante après son opération chirurgicale, suivi d'une longue file de parents inquiets.	Mokengeli moko a zongisaki na kati ya engumba mwana mobali moke moko likolo ya kiti ya kotambola na sima ya bopasuli na ye, na kolandama na molongo molayi ya baboti batondisami na ko banga.
Il faut être toujours ivre. Pour ne pas sentir l'horrible fardeau du temps qui brise vos épaules, il faut s’enivrer sans trêve. De vin, de poésie ou de vertu, à votre guise. Mais enivrez-vous !	Esengeli mikolo nyoso kozala molangwi. Pona ko yoka te kilo somo ya tango oyo ebukaka mapeka nayo, esengeli ko langwa na kozanga bokati. Na masanga ya bosambeli, na nzembo to na bolamu, na lolenge nayo. Kasi langwa na yo!
J'ai tout de suite viré ce garçon perturbant de la classe.	Na benganaki mbala moko mwana-mobali wana motungisi ya kilasi.
Eh fiston, rentre au pays fissa !	Eh mwana, zonga na mboka noki!
Le bout de sa cravate était dans sa tasse à café, mais il n'a pas remarqué.	Songe ya nkekele naye ezalaki na kati ya kopo naye ya kawa, kasi ayebaki te.
C'est une opportunité inespérée que nous serions stupides de laisser passer, il faut frapper un grand coup.	Eza ndingisa elikyamaki te oyo tokokaki ko zala bazoba pona ko lekisa yango, esengeli ko beta mbata ya monene.
Des larmes pourraient bien couler sur ton visage, je ne regarderai pas en arrière.	Pinzoli ekoki ata ko kita na elongi na yo, nako tala na sima te.
Après avoir réglé l'alarme pour sonner à 7 heures, elle est allée dormir.	Na sima ya ko bongisa lompete ya ngonga pona ko beta na 7 h, akendaki ko lala.
Les secours en montagne sont en alerte 24 h sur 24.	Bobikisi na kati ya bangomba bazalaka miso nga ngonga 24 likolo ya 24.
La protection absolue de la vie privée sur Facebook est une illusion, elle n'existe pas en réalité.	Bokengi ya malonga penza ya bomoyi ya bomoto na Facebook eza lokuta, ezalaka n'ango penza na bosolo te.
Précédemment, la distribution des impôts sur les trois ordres n’était pas équilibrée: en effet les deux premiers ordres en étaient exempts.	Na mikolo mileki, bokaboli ya mpako likolo ya milongo misatu ezalaki ya sembo te: ya solo milongo mibale ya yambo ezalaki ya nsomi.
La foi c'est entamer la première marche, même lorsqu'on ne voit pas la totalité de l'escalier.	Bondimi ezali ko banda etamboli ya yambo, ata tango moto azo mona te mobimba ya ebuteli.
Ne jette aucun objet par la fenêtre.	Ko bwaka ata eloko moko te na lininisa.
Je suis désolé de te déranger, mais il y a un appel téléphonique pour toi.	Na sengi bolimbisi na ko tungisa yo, kasi ezali na ebengli ya allo-allo pona yo.
Vous devriez laisser le vin respirer quelques minutes avant de le boire.	Esengeli otika masanga epema ngonga moke liboso ya ko mela yango.
Normalement je paye en carte de crédit plutôt qu'en liquide.	Na bizaleli na ngai, na futaka na kalata ya credit koleka na mbongo ya maboko.
« Eh bien, Dieu merci, les œufs frais avec lesquels vous l'avez bombardé ne sont pas rouges ! Autrement, il aurait cru que vous l'aviez blessé ! »	« Eh malamu, Nzambe matondi, maki ya mobesu oyo bo tutaki ye n'ango eza ya motane te ! Na ndenge mosusu, akokaki ko kanisa ete ozokisaki ye! »
Personne n'est responsable du crash de Wall Street. Personne n'a organisé la spéculation qui l'a précédée. Tous deux sont le fruit du libre choix et de la décision de centaines de milliers d'individus.	Moto moko te aza ebandeli ya ekwelakwela ya Wall Street. Moto moko te asalaki bolimboli ezalaki liboso na yango te. Bango nyoso mibale bazali mbuna ya maponomi mpe ekateli ya bankama nkoto ya bato.
Quand tu as une attitude positive, tu cherches des solutions aux problèmes que tu peux gérer, et tu ignores les choses qui sont hors de ton contrôle.	Tango ozali na ezaleli ya kondima, olukaka biyano na makombo oyo okoki ko kata, mpe otiki biloko eye ezali libanda ya makoki na yo.
"En signant le traité de Tripoli en 1796, notre second Président John Adams écrivit : ""Les États-Unis n'ont en eux-mêmes aucun caractère d'inimitié à l'encontre des lois, de la religion ou de la tranquillité des Musulmans."	"Na ko ndimela onzela ya elembo liyokani ya Tripoli na mobu 1796, mokonzi ya mibale ya ekolo na biso John Adams akomaki : ""Amerika ezali na yango moko ezaleli ata moko te ya bozindo kotelemela mibeko, lingomba to kimya ya baislamu."
Des fois, il rigole de ses propres conneries.	Na tango mususu, asekaka likolo ya bozoba na ye moko.
Dans des temps difficiles comme ceux-là, aucun effort ordinaire ne peut sortir notre entreprise du rouge.	Na batango ya matata lokola wana, bokasi moko te ya nsomi ekoki ko longola kompanyi na biso na botane.
Un bébé, c'est adorable.	Mwana moko, eza kitoko.
Si j'utilise le français pour parler philosophie, je deviens folle.	Soki na saleli lifalansé pona ko lobela boyi-makanisi, nakomaka liboma.
Un major est au-dessus d'un capitaine.	Major azalaka likolo ya capitaine.
Ben il est marrant, lui ! Il avait qu’à être là à l’heure, s’il voulait qu’on l’emmène.	Ben ezalaka mosepelisi, ye! Azalaki kaka ya ko koma na tango, soki alingaki to mema ye.
Vous avez reçu un choc important.	Ozuaki likama monene.
Les gardiens de prison seront en grève pendant trois jours à partir de minuit.	Ba kengeli ya boloko bakozala na grève pona mikolo misatu kobanda minuit.
J'ai finalement compris ce que tu essayais de me dire.	Na limboli suka-suka oyo ozalaki ko meka ko yebisa ngai.
Si tu n'arrêtes pas d'essayer, tu feras des progrès.	Soki otiki te ko meka, oko sala ya minene.
Les villageois étaient convaincus que la série de meurtres était liée à un culte satanique.	Bana-mboka bazalaki na ko ndimisama ete bikela ya liwa ezalaki ya ko kangama na lingomba ya satana.
Attends une seconde, je reviens tout de suite. Ne raccroche pas !	Zela seconde moko, nazo zonga kaka kala mingi te. Ko kata te!
L'important, ce n'est pas l'université où tu as obtenu ton diplôme, mais ce que tu as appris lorsque tu y étais.	Ya malonga, ezali te kelasi ya likolo esika ozuaki dipoloma na yo, kasi biye osalaki tango ozalaki wana.
Le temps passé ne reviendra jamais; personne ne connaît l'avenir.	Tango eleki eko zonga lisusu te; moto moko te ayebi lobi.
C'est un chien qui rencontre un crocodile. Le crocodile dit au chien : - Salut, sac à puces ! Et le chien lui répond : - Salut, sac à main !	Eza mbwa oyo akutani na ngando. Ngando alobi na mbwa : - Mbote, saki ya bampese ! Mpe mbwa ayanolaki ye : - Mbote, saki ya maboko !
Ma montre coûte moins que la tienne.	Montre na ngai ezali ya talo mingi kolela oyo ya yo.
À mon premier cours de C, je n'arrivais pas à comprendre le moindre truc en classe. Dieu merci j'ai obtenu d'un ami programmeur qu'il m'explique comment tout le machin fonctionnait.	Na kalasi na nga ya yambo ya C, nazalaki ko koka ko yoka eloko moke te na kilasi. Matondi na Nzambe nazuaki lisungi ko huta moninga moko ya programmeur mpo alakisa ngai ndenge nini biloko nyoso wana etambolaka.
Annie est brune et Madeleine blonde.	Annie aza suki ya langi ya kawa mpe Madeleine mosuku.
Il éprouvait la jouissance intime de l’homme qui, après une longue attente, voit enfin luire les premiers rayons du bonheur désiré.	Azalaki ko yoka elengi ya moto oyo, na sima ya ko zela molayi, amoni suka-suka ko ngenga miinda ya esengo elingami.
Autant l'amour est aimable dans le cœur des jeunes gens, autant il est inconvenant dans celui qui a passé la fleur de l'âge.	Na montango bolingo eza ya kitoko na motema ya bilenge, na montango eza ya somo na kati ya oyo alikisa fololo ya eleko.
Thomas est un mec super sympa avec qui traîner.	Thomas aza mobali ya malamu pona ko zala na ye.
Le sport peut apporter de la joie, il peut libérer l'esprit et il peut embellir la vie.	Lisano ekoki ko yela esengo, e koki ko fongola molimo mpe e koki ko benda bonzenga na bomoyi.
Il faut traduire, commenter, publier, imprimer, réimprimer, clicher, stéréotyper, distribuer, crier, expliquer, réciter, répandre, donner à tous, donner à bon marché, donner au prix de revient, donner pour rien, tous les poètes, tous les philosophes.	Esengeli ko balola, ko sapola, ko sakola, ko komisa, ko komisa mbala mosusu, clicher, stéréotyper, ko koma na bililingi, ko kabola, ko ganga, ko limbola, ko tanga, ko tangà, ko pesa na banso, ko pesa na ntalo moke, ko pesa na ntalo ya suka, ko pesa pamba, bayembi nyoso, bayi-makanisi.
Il n'écoute que des groupes rock des années cinquante.	Ayokaka kaka ba lisanga ya rock ya mibu ntuku mitano.
Regardez ailleurs une minute ! Je vais vite me changer.	Tala esika mosusu na minute moko ! Nazo kenda ku balola bilamba kaka noki.
J'aurais peut-être laissé plus d'espace sur la gauche, dans la direction du regard du modèle.	Nakokaki kotika tango mosusu esika monene na gauche, na ngambo ya etaleli ya ndakisa.
Saute sur la créature pour la tuer.	Pimbwa lokolo ya ekelamu pona ko boma yango.
Dave est le nageur le plus rapide parmi mes camarades de classe.	Dave nde azali mobeti mayi ya mbangu na kati ya baninga na ngai ya kilasi.
Ce n'est pas l'espèce la plus forte, qui survit, ni la plus intelligente, mais la plus réactive aux changements.	Ezali te motindo ya makasi, nde etikalaka na ko bika, eye ya mayele koleka mpe te, kasi eye ya ko yanola malamu na mbongwama.
Nous essayons tous d'être ce qu'aucun d'entre nous ne pourrait être, sauf quand certains d'entre nous seraient ce que le reste désirait.	To mekaka biso nyoso ko zala eye ata moko te na kati na biso ekokaka ko zala, soki te baike na kati na biso bakozala biye misusu balingaki.
J'avais peur de poser des questions car je ne voulais pas avoir l'air idiote.	Nazalaki na somo ya ko tuna mituna mpo na lingaki te na zala lokola zoba.
Le charme romantique de l'espace vit toujours en certains d'entre nous.	Bemba ya bolingo ya mpepo ezali na kaka baike kati na biso.
Le docteur a contrôlé le rythme cardiaque du patient et sa pression artérielle.	Dokotolo a talaki etamboli ya motema ya mokoni mpe mopepe arterielle na ye.
Dieu me garde contre mes amis; en ce qui concerne mes ennemis, je m'en charge moi-même.	Nzambe abatelaka ngai liboso ya baninga na ngai; na oyo etali banguna na ngai, na taleli yango ngai mei.
Je me demandais juste quelles langues tu parles.	Nazalaki kaka ko mi tuna minoko nini olobaka.
La surcharge rendant la possession des terres onéreuse, l'humble propriétaire abandonna son champ, ou le vendit à l'homme puissant; et les fortunes se concentrèrent en un moindre nombre de mains.	Libakisi na bokomisi bozuwi ya mabélé ya ntalo koleka, mokolo atikaki bilanga na ye, to atekaki yango epa ya moto ya makasi; mpe bongo ya konzo etikalaki na maboko ya batu mike.
Il a été chargé d'une mission top secrète.	Apesamaki mosala ya sekele makasi.
Clark dit qu'il n'oubliera jamais de travailler chez l'un des présidents les plus vénérés des États-Unis.	Clark alobi ete ako bosanaka ata soko moke te ko sala epayi ya moko ya bakonzi ya lokumu ya ekolo ya  Amerika.
Veuillez attendre, car vous serez transporté chez vous en ambulance.	Tosengi ozela, mpo oko memama epayi na yo na ambulance.
Tante Kelly nous a invités aujourd'hui pour déguster de la glace.	Tata-mwasi Kelly abengisaki biso lelo pona ko meka balafe.
Une minute correspond à soixante secondes.	Munite moko ezali ba segonde ntuku motoba.
En 2006, la revue Business Week a déclaré le Bhoutan comme le pays le plus heureux d'Asie et le huitième plus heureux du monde, selon une enquête réalisée par l'université de Leicester en 2006 appelée « Carte du Bonheur ».	Na mobu ya 2006, buku ya Business Week esakolaki Bhoutan kozala ekolo ya esengo na bikolo nyoso ya Asia mpe ya mwambe na kati ya mokili mobimba, ko landana na bolukiluki yoko esalemaki na université ya Leicester na mobu ya 2006 ebengami « Carte du Bonheur ».
Tenez le bébé doucement.	Zua mwana na malembe.
Cela se voit sur son visage qu’il plaisante.	Emonani na elongi na ye ete azo sala liseki.
Quelque grande que puisse être la chaleur de l'été, il est incivil de paraître devant qui que ce soit les jambes nues, la poitrine, l'estomac et le cou découvert.	Elandi te monene ya molunge na eleko ya moyi makasi, ezali mabé ko koma liboso ya moto moko te na makolo bolumbu, tolo, libumu mpe kingo polele.
Je suis horriblement occupée parce que la date limite de remise du rapport approche.	Naza na mosala mingi mpo ete mokolo ya suka epusami.
La confiance de l'innocent est le meilleur levier du menteur.	Elikya ya moto ya peto nde ezali fimbo ya mokosi.
La rentrée sociale se fera la deuxième semaine du mois de septembre.	Bozongi ya batu eko salema na mposo ya mibale ya sanza ya libwa.
L'année dernière je vivais à Sanda City.	Mbula eleki nazalaki ko bika na Sanda City.
Ce soir encore, je suis Charlie, je suis flic.	Na pukwa ya lelo, ngai nde Charlie, nazali pulusi.
Si vous reculez, vous ne ferez pas d'affaires.	Soki ozongi sima, okoki ko sala mimbongo te.
L'alphabet kurde se compose de trente-et-une lettres : a, b, c, ç, d, e, ê, f, g, h, i, î, j, k, l, m, n, o, p, q, r, s, ş, t, u, û, v, w, x, y, z.	Alfabet ya bakurde ezali na bilembo ntuku misantu na moko : a, b, c, ç, d, e, ê, f, g, h, i, î, j, k, l, m, n, o, p, q, r, s, ş, t, u, û, v, w, x, y, z.
En présence d'étrangers, cette épouse est un ange, avec son mari c'est un véritable démon.	Na miso ya bapaya, mwasi wana azali anjelu, na miso ya mobali na ye azali molimo mabe.
Finalement, il fut décidé que les magasins seraient équipés de caméras de surveillance.	Suka-suka, ezuwamaki ete ba magasins eko tiyama na ba caméras de surveillance.
Merci d'arriver au moins quinze minutes avant le début de la rencontre.	Motondi pona ko koma na mokuse na ba minute ntuku na mitano liboso ya ebandeli ya likita.
Hugo a couché le bébé sur une couverture.	Hugo alalisaki mwana na bolangiti.
Le voleur ou l'arnaqueur qui a amassé une grande fortune par ses méfaits a de meilleurs chances que le petit voleur d'échapper aux pénalités rigoureuses de la loi.	Moyibi to moto ya lokuta oyo asi a tondisa mbongo kouta mabe na ye aza basanse ko leka moyibi moke ya ko kima lifuti ya matata ya mibeko.
Je n'arrive pas à croire qu'il ait eu les couilles de demander une augmentation de salaire au patron.	Nakoki  ko ndima te ete azalaki na makasi ya ko tuna libakisi ya lifuti na patron.
Le conservateur du musée voulait que la peinture égyptienne soit prise en sandwich entre deux épaisses plaques de plexiglas.	Mokolo ya musée alingaki ete peinture ya boégiputo ezuwama na bokangami kati ya biloko mibale ya plexiglas.
Elle savait que sa réaction avait été stupide.	Ayebaki ete ezaleli na ye ezalaki ya bozoba.
J'ignorais vraiment que vous aviez ce sentiment.	Na yebaki ete ozalaki na koyoka wana te.
Comme vous le savez, nous nous sommes réunis ici pour fêter mon anniversaire.	Ndenge boyebi yangu, to sanganaki awa pona mbotama na ngai.
Un an a passé depuis qu'elle est venue ici.	Mbula moko eleki tango ayaki awa.
OK, ça maintenant ! La combinaison de ceci et ça pourrait être vachement sexy !	OK, oyo sikoyo ! Ko tiyama elongo ya biloko oyo mpe ekoki ko zala kitoko makasi !
L'officier de police de service sentit un vieil homme s'approcher derrière lui.	Moto ya pulusi ya mosala oyakaki mobangé moko azo pusana sima na ye.
On peut mettre en doute le fait qu'une personne sache communiquer dans plus de cinq langues différentes et en lister pourtant onze sur son profil.	Moto akoki ko ndima mpo ko tia tembe ete moto ayeba ko loba minoko mitano mpe kasi ko koma zomi na moko na profil na ye.
Hélénus, méditant ces mystères profonds, / de sa tête sacrée abaisse les festons, / présente à Jupiter un pompeux sacrifice, / implore d'Apollon la bonté protectrice, / me conduit dans son temple, et me dit :	Hélénus, na ko kanisa basekele ya bozindo, / na mutu na ye mosantu ekitisaka bafololo, / alakisi na Jupiter sacrifice monene, / asengi  n'Apollon bolamu ya bokengeli, / a kumbi ngai na tempelo, mpe ayebisi ngai:
Il traîne à l'arrière ou il court devant. Parfois, il marche un petit moment à nos côtés; le bonheur.	Azo tikala na sima to akimaka liboso. Na bangonga, etambolaka muke pembeni na biso; bolamu.
Martin Luther King Junior avait convaincu les citoyens noirs de manifester pacifiquement.	Martin Luther King Junior andimisaki batu ya mboka ya moindo na ko tambola na boboto.
C'est ce petit détail qui m'a mis la puce à l'oreille, sinon je ne l'aurais jamais su.	Eza détail muke oyo nde efungolaki nga matoyi, nde nakokaki ko yeba yango te.
Je devine à ton visage que tu as de bonnes nouvelles.	Na sosoli na elongi na yo ete ozali na basango malamu.
« Je pense que vous feriez un joli couple. » « Hein ?! »	« Na kanisi ete bokokaki ko sala libala kitoko. » « Hein ?! »
Les examens de la mi-semestre auront lieu dès la semaine prochaine. Bachoter la veille ne t'avancera à rien, et il n'y a que des questions impossibles. Alors commence dès maintenant à bosser.	Mimekano ya ndambo ya semestre eko salema ko uta mposo ezo ya. Bachoter kozanga ko lala eko bakisela yo eloko moko te, mpe eza kaka na mituna impossible. Sikoyo banda sika awa ko sala.
Le fait que la sagesse vienne avec les années ne soit voit pas, avant que la sagesse et les années aient déjà passé.	Eleko ete mayele eyaka na bambula emonanaka te, liboso mayele mpe bambula esili ko leka.
Rachel Corrie était une Américaine qui a été tuée à Gaza.	Rachel Corrie azalaki moamerika oyo abomamaki na Gaza.
« Tu ne me reconnais pas ? Je suis Ethan. » « Ethan ! Bien sûr ! Pourquoi ne t'ai-je pas reconnu tout de suite ? »	« Oyebi ngai lisusu te ? Nazali Ethan. » « Ethan ! Ngai nde! Pona nini na yebaki yo te kaka tango wana ? »
Rockefeller a été gouverneur de New York.	Rockefeller azalaki mokonzi ya engumba ya New York.
Chut...vous parlez trop fort.	Chut...ozo loba makasi penza.
Il a donné à la police un faux nom et une fausse adresse.	Apesaki na pulusi kombo ya lokuta mpe bisika ya kofanda ya lokuta.
Je suis désolé de te créer tous ces soucis.	Limbisa ngai pona ko salela yo ba makambo oyo nyoso.
« Tu m’en donnes un bout ? » « D’accord, on fait moitié-moitié. »	« Opesi ngai ndambo ? » « Boye, tosala ndambo-ndambo. »
Il m'a dit que, quoi qu'il puisse arriver, il y était préparé.	Ayebisaki nga ete, elandi te eloko oyo eko koma, azalaki ya ko bongama.
Es-tu plutôt à la recherche d'une autre fonction dans l'informatique ? N'hésite alors pas à prendre contact, de manière à ce qu'un de nos consultants puisse vous aider dans votre recherche d'un poste intéressant.	Ozali ko luka mosala mosusu na kati ya informatique ? Ko banga te sikoyo ko kota na bosololi, na lolenge ete moko ya ba consultant na biso akoka na ko salisa yo na kati ya bolukiluki ya esika ya mosala ya malonga.
"Comment dit-on ""good bye"" en allemand ?"	"Ndenge nini balobaka ""botikala malamu"" na ki allemand ?"
Comment peut-on attendre d'une femme qu'elle soit heureuse avec un homme qui insiste pour la traiter comme si elle était un être humain parfaitement normal ?	Ndenge nini moto akoki ko zela ko uta mwasi ete azala na esengo elongo na moto oyo azo sala makasi pona ko zua ye lokola moto ya sembo ?
D'après les résultats des tests, il paraît évident que la première solution est la meilleure.	Ko landana na ba matomba ya mimekano, ezali lokola eyano ya yambo nde ya malamu.
J'aime mieux être un météore superbe, chacun de mes atomes rayonnants d'un magnifique éclat plutôt qu'une planète endormie. La fonction de l'homme est de vivre non d'exister.	Nalingi mingi ko zala météore kitoko, moko na moko ya ba atomes na ngai ya ko pela na ko ngenga kitoko koleka planète yako lala. Mosala ya moto ezali ya ko bika kasi te ya ko zala.
Il me disait qu'en juin, il irait en France.	Azalaki ko yebisa nga ete na sanza ya motoba, akokende na bofalansa.
Je croyais que tu aimais apprendre de nouvelles choses.	Nakanisaki ete olingaki ko yekola biloko ya sika.
Re !	Re !
Je t'en supplie, écoute ce que j'ai à te dire jusqu'au bout avant de piquer une crise sur moi.	Na sengi na yo, yoka oyo nalingi ko yebisa yo ti na suka liboso ya ko palangana likolo na ngai.
Le New York Times vérifie sa galerie tout le temps.	New York Times etalaka galerie na yango ngonga nyoso.
Afin que ta phrase paraisse naturelle, il ne suffit pas que tu parles la langue que tu écris, il faut que tu saches écrire.	Po ete elobeli na yo ezala lokola ya mbotama, esengeli kaka te oloba monoko oyo ozali ko koma, esengeli oyeba mpe ko koma.
Dégagez, les gamins !	Bobima, bana !
Tu auras beau essayer, tu ne seras pas capable de finir ça en un jour.	Okokaki komeka ndenge nyoso, okozala na makoki ya kosilisa oyo na mokolo moko te.
Voila une bouteille de vin blanc que j'ai apportée pour nous.	Tala molangi ya vino ya mpembe oyo na yelaki yo.
J'ai l'impression que quelqu'un surveille mes faits et gestes.	Nazo yoka lokola moto moko azo landela misala mpe bisaleli na ngai nyoso.
Ce qui rend malheureux en amour, c'est moins de ne pas être aimé quand on aime, que d'être encore aimé quand on n'aime plus.	Oyo esalaka pasi na bolingo, ezali te kolingama te tango olingi, koleka ko lingama lisusu tango moto alingi lisusu te.
Rentrez votre chemise dans votre pantalon !	Kotisa simisi nayo na kati ya patalo nayo !
Sa reprise de « All along the watchtower » en hommage à Jimi Hendrix a laissé les fans sur leur faim.	Esaleli na ye ya « All along the watchtower » na lokumu ya Jimi Hendrix etikaki balandi likolo ya nzala na bango.
Ce n'est pas immoral pour un romancier de mentir. Au contraire, plus les mensonges sont gros et habiles, et plus les gens du peuple et les critiques vous louangeront.	Ezali mabe te pona mokomi ko kosa. Na ndenge mosusu, na mingi lokuta ezali monene mpe makasi, mpe mingi bato ya mboka mpe ba critiques bako kumisa yo.
Cela se voit sur son visage qu’il ment.	Emonani na elongi na ye ete azali ko kosa.
Un tel est mort. Pourquoi irai-je à son enterrement puisque, j’en suis certain, il n’ira pas au mien ?	Moto songolo akufi. Pona nini nako kende na ekundama na ye mpo ete, naza na ko ndima, ako kende na oyo ya ngai te ?
Jules a éteint la lumière dans le salon et est monté dans sa chambre.	Jules abomaki mwinda nakati ya salon mpe amataki na chambre na ye.
Elle aimait le tennis et devint coach.	Alingaki lisano ya tennis mpe akomaki molakisi.
Le prix est deux fois plus élevé que l'an passé.	Ntalo ezali mbala mibale likolo koleka mbula eleki.
Bonne nuit ! J'espère que vous serez prête demain.	Butu elamu! Nalikyi ete okozala prete lobi.
Thomas est venu me chercher à la sortie de mon cours de danse.	Thomas ayaki ko luka ngai na kilasi na ngai ya mabina.
Ils ont lancé un appel de fonds pour l'aide aux réfugiés.	Ba lansaki mobengo ya mbongo pona ko salisa ma ba réfugiés.
Un chèque en blanc ? Ça on n'en voit que dans les films !	Chèque moko ya pembe ? Oyo to monaka ete kaka na bafilm!
L'avenir a beaucoup de chemins - choisis sagement.	Mikolo ezo ya eza na ba nzela mingi - pona na mayele.
Ce type est fort pour lancer des balles à trajectoire incurvée.	Moto oyo aza makasi na ko bwaka ba balle na nzela ya ko tengama.
On m'a rapporté hier l'agréable nouvelle que vous étiez revenue de votre voyage.	Ba yelaki nga lobi loleki sango ya esengo ete ozongaki uta na mobembo nayo.
Kylia est un fan des Red Sox.	Kylia aza molandeli ya ba Red Sox.
Le bruit sonore de perceuse donna mal au crâne à son mari.	Makelele ya mongongo ya perceuse epesaki mabe na mokuwa ya mutu ya mobali na ye.
D’après la police, la victime n’est pas morte sur le coup, mais suite à ses blessures.	Na maloba ya bapolisi, victime oyo abebisami akufaki mbala moko te, kasi pona na bapota.
Ça a beau s'appeler Mac OS X, ça ne signifie pas que le code source ait été mis-à-jour.	Oyo eza bien na kobengama Mac OS X, elingi kolobate ke mibeko ya eutelo etiamaki na ntango.
Timéo tenait une petite lampe de poche dans sa main gauche.	Timeo asimba ki mwinda ya poche ya moke na loboko ya mwasi.
Je suis désolée, je dois répondre à des messages.	Limbi sa nga, esengeli na zongi sa ba nsango.
Si vous montez l'escalier et tournez à droite vous trouverez votre chambre.	Soki bo mati na basikalie mpe bo balouka na loboki ya mobali, boko mona esika na bino ya kolala.
Depuis le début, j'ai remarqué qu'il y a quelque chose qui cloche.	Banda ebandeli, na monaki ete eza na eloko ezalikotambola te.
Si on me marche sur le pied gauche, on ne m'attrape pas le droit.	Soki ba tambolisi nga na likolo ya mobali, bako simba nga na lotomo te.
Il semblait clair que le sénateur rejetterait le traité.	Ebandaki komonana ete ke senateur ako bwakisa traite.
L'amour réciproque des frères et sœurs assure l'avenir de la famille.	Bolingo moko ya ba ndeko ya mibali na ba ndeko ya basi ebongissaka mikoli ezali koya ya libota.
Il faut laisser aux gens le soin d'inventer leurs propres valeurs en leur donnant au départ le maximum de liberté de création. Car à un certain niveau de profondeur, si une culture est réelle, elle est libératrice. Mouloud Mammeri	Botikaka bato na mabongi si ya kosala komeka na bangomoko nako pesa nbago banda ebandeli bosomi ebele ya kosala. Mpamba te na tango ya nivo ya bozindo, soki mimeso ezali ya solo, ezali bosomi. Mouloud Mammeri
Ne vous inquiétez pas les gars, je m'en occupe.	Bo mitoungisama te ba ninga, nako talela yango.
Je n'ai pas à chercher de boulot, on m’en propose sans arrêt.	Esengeli na louka mosala te po ete bazo nsenga ye mbala ebele.
Maxime a attrapé la balle avec sa main gauche.	Maxime a yamba ki balle na loboko ya mwasi.
Tu seras gentil d’utiliser le pied à coulisse plutôt que ta règle : c’est quand même plus précis !	Ekozala bien pona yo na kosalela likolo ya koyeba ke ba regle nayo: Ezali polele mpenza !
La femme à l'apparence étrange a été prise pour une sorcière.	Mwasi azalaki na bomonana ya bokyesano te azwa maki lokola ndoki.
C'est la chose la plus stupide que tu aies jamais faite.	Ezali eloko ya buzoba osala nani te.
Si tu rêves de lancer ta propre affaire mais que tu restes planté là à t'amuser et à ne rien faire pour cela, tu ne parviendras à rien.	Soki ozali ko loto ko banda zulunalo nayo mpe ozo fanda kaka nakosakana sans kosala eloko, okoka ko sala yango te.
Ça serait chouette si vous aviez un quartier de citron vert que je puisse presser dans mon eau glacée.	Ekozala malamu soki bozali na bandimo ya ngai ya mayi ya pondu po te nafika yango na mayi na ngai ya mpio.
Je vais aller acheter un ticket, alors merci de surveiller mes sacs une minute.	Naliki kokende kosomba tike, bongo nakotondo yo botondi soko okokengele basakosi na ngai ngonga moko.
D'où es-tu, Karen ?	Ozali moto ya wapi, Karen?
Je cherchais à tuer le temps.	Nazalaki kolekisa ntango.
Il est tordant de voir des gens, par ailleurs éduqués, se soumettre, pour organiser leurs vies, aux préceptes de sorcellerie d'un autre âge et de superstitions ridicules comme celles du Feng Shui.	Ekosekisa komono ete bato, baye penza matanga, komipesa, kobongisa bomoyi bwa bango, na mitindo ya bondoki ya mbula esusu pe biyambayamba esila ngala lokola oyo ya Feng Shui.
Un os dit à un chien: fais gaffe, je suis dur. Le chien lui répond: ça ne fait rien car moi, je n'ai rien d'autre à faire.	Okuwa elobi na mbwa: sala keba nazali makasi. Mbwa eyanoli ye: ekosala eloko te, po ngai nazali eloko esusu ya kosala te.
Il occupe un poste important dans la société.	Azali na mosala ya motuya okati lingomba.
Retire tes bas, garde ton masque !	Tika boye, batela dongolomiso nayo!
Tous les vrais grands hommes aiment à se laisser tyranniser par un être faible, et Gaudissart avait dans Jenny son tyran.	Bato nyonso ya minene ya solo, bamitikaka kokonza na makasi na moto motau pe Gaudissart azalaki na Jenny mokonza naye.
Chuck Norris peut remporter une partie de Puissance Quatre en trois coups.	Chuck Norris akoki kolonga eteni ya nguya inei na makofi misato.
Thomas est passé à Questions pour un champion.	Thomas azalaki na momekano ya motuna po na molongi.
On ne peut pas jeter une habitude par la fenêtre. On doit lui faire descendre l'escalier à coups de poings, marche après marche.	Tokoki te kobwaka ezaleli na lininisa. Tokokitisa ye na ebuteli na makofi, botamboli sima ya botamboli.
Chaque année, le commissaire aux Droits fondamentaux rend compte de son activité au Parlement.	Mobu na mobu, komisele ya bosemboya tina enene asangeli misala mya ye na palema.
Toutes les choses sont dites déjà; mais comme personne n'écoute, il faut toujours recommencer.	Makambo manso masili malobami; kasi lokola moto moko te azalaki koyoka, esengeli tango nyonso kobandela.
Tu me racontes des conneries.	Ozali kosebisa bozoba.
Ce fut bon pour moi d'avoir à me mesurer, pour l'intelligence, avec les garçons du village et d'être ainsi forcé de constater que leur tête valait bien la mienne.	Azalaki malamu po na ngai komimeka, po na mayele, na bilenge mibali ya mboka pe komono na makasi ete mito na bango mizali na motuya koleka ya ngai.
LibreOffice est une suite bureautique libre et gratuite qui offre des modules de traitement de textes, tableur, présentation, dessin vectoriel, base de données, et édition de formules mathématiques.	LibreOffice ezali eteni ya birotiki ya somi pe ofele eye ekopesa etando ya lolenge ya kosalela makoma, Tableur, bokambi, elembo vectoriel, ebombelo ya sango, pe ebongoli ya formules ya matematiki.
Si tu es rentré directement à la maison comme tu l'as dit, comment ça se fait que j'ai vu ta voiture garée devant le pub ?	Soki ozongaki mbala moko na ndako lokola olobaki, boni namonoki motuka nayo loboso ya nganda.
Excusez mon indiscrétion, mais avez-vous des problèmes à la maison?	Limbisa ngai na bozangi bobombi na ngai, kasi ozali na mikakatano na ndako?
Attention, ne laissons pas cet enseignant se réunir avec nous, il rapporte ce que nous disons à notre directeur.	Keba, kotika te molakisi oyo asangana na biso, ayebisaka moyangeli na biso nyonso tolobaka.
Je retourne avec mon ex petite copine.	Nazongeli moninga na ngai ya motema oyo ya kala.
Ce sont les premiers à combattre quand sonne la révolte.	Bazali bato ya yambo kobunda tango botomboki bobandaka.
Un désir curieux de mon âme s'empare ; / je brûle d'admirer un destin si bizarre, / de voir, d'entretenir le successeur d'Hector.	Posa lya bokamwi ezali kozwa molimo na ngai; / Nazali na moto ya kozala na lisengelo ya bokamwi,/ komono, kobatela mokitani ya Hector.
Je ne sais pas quel est le message de « Lost », mais je connais celui de Twitter : tout le monde désire être important.	Nayebi te sango ya «kobunga», kasi nayebi moto oyo ya Twitter: moto nyonso alingi azala na tina.
Lorsque vous tournerez à gauche, vous verrez un bâtiment blanc.	Tango okobaluka na loboko ya mwasi, okomona ndako ya pembe.
N'ennuie pas les problèmes avant que les problèmes ne viennent t'ennuyer.	Kotungisa mikakano te liboso ete mikakatano maya kotungisa yo.
Il y a seulement une décennie, le 8 mai 1980, que le Mont St Helens entra en éruption.	Ezali kaka na eleko ya mibu zomi, na mokolo ya mwambe ya sanza ya mitano o mobu koto yoko kama libwa tuku mwambe (le 8 mai 1980), tango ngomba ya St Helens ebimaki.
Plus sûrement qu'un régime oppressif, les excès nous raviront pis peut - être que la liberté même: le goût de parler d'amour.	Na tembe te koleka mokonzi ya minyoko, bolekisi bikobotolo biso mabe kolela ata bosomi yango moko: posa yakosololoa bolingo.
Un homme seul et vulgaire vaut mieux qu’une meute nombreuse et débile.	Moto azali ye moko pe yauli ezali malamu koleka lipinga ya mingi pe bozoba.
Le chevalier et le dragon décidèrent de laisser de côté épée et souffle de feu et de discuter de leurs différents.	Momeli punda pe elima bazwaki mokano ya kotika mopanga pe mopepe ya moto po te basolola maye bazali kokabola bango.
Ca me rend malade.	Ezali kobelisa ngai.
Pourriez-vous me rappeler de téléphoner à mon conseiller académique demain à 21 heures  ?	Okoki kosalisa ngai nakundola kobenga na aloalo molaki akademiki na ngai lobi na ngoga ya tuku ibale na moko?
Aidez Hugo à charger le camion.	Salisa Hugo atiya biloko na motuka.
On joue au cowboy et à l'Indien ? Je m'autoproclame shérif et vous devez tous m'obéir.	Tokosakana na kikoboyi pe kiindia. Namibendi sherifi pe esengeli bino nyonso botosa ngai.
On a utilisé les mathématiques pour calculer comment avait été formé l'univers immédiatement avant et après le Big Bang.	Tosalelaki bamatematiki po na kotuya lolenge molongo esalemaki mbala moko sima ya Big Bang.
Et ceux que l'on voyait danser étaient pris pour des fous par ceux qui ne pouvaient entendre la musique.	Pe baye tomonoki bazali kobina bazwamaki lokola bato ya maboma na baye bakokaki koyaka moziki te.
Je pensais que vous aviez dit que vous ne pouviez pas manger de poisson cru.	Nakanisi ete olobani ete okoki koliya mbisi ya mobeso te.
Ce qui est effrayant avec cette ère d’Internet, c’est cette tendance à s’imaginer que seules les choses qui ont du sens au niveau mondial auraient une valeur.	Ya kobangisa ezali ete eleko eye ya internet, ezali lolenge eye ya kokanisa ete kaka maye mizali na tina o mokili mobimba nde bizali na motuya.
Mais uniquement dans le champs quand personne ne me voit, sinon ce sera une catastrophe.	Kasi ezali bobele na bilanga tango moto te akomona ngai, soki te ekozala mabe penza.
La première chose que vous entendez en arrivant à Vegas est le ching ching ching des machines à sous.	Eloko ya yambo okoyoka soki okomi na Vegas ezali makelele ya ching ching ching ya masini ya se.
Nous épluchâmes les archives de police concernant cet incident mais nous ne trouvâmes aucune mention de témoins ayant vu un grand barbu.	Tozalaki kotongola mikanda mya kala mya polisi botali likambo oyo kasi tomoni eloko yoko te likolo ya banzengeneke baye bamonaki moto ya monene na mandefu.
« Oh non ! Mon café a refroidi. » « Je vais tout de suite t'en chercher un autre, mon chéri. »	« O te! Kawa na ngai ekomi malili. » « Nazali kokende sika oyo kaka kolukela yo mosusu, bolingo na ngai. »
Il m'est venu ce matin une idée géniale. Mais ce sont à présent des doutes qui me viennent.	Na tongo ya lelo nazwaki likanisi ya motuya penza. Kasi sika oyo bizali nde batembe bizali koyela ngai.
Les enfants de ces temps pensaient que toutes les questions de la vie pouvaient être résolues aussi facilement qu'on recommence un jeu sur ordinateur.	Baba ya mbula eye bakanisi ete mituba nyonso ya bomoyi bikokaki koyanolama na pete lokola kobeta lisano na lodinatele.
Lucy était la plus timide et la plus jolie des filles du pays, Caroll le plus brave et le plus noble des garçons du canton.	Lucy azalaki elenge mwasi ya soni pe kitoko penza kati ya bilenge basi nyonso na mboka, kasi Caroll azali elombe pe na lokumu kati ya bilenge mibali ya canton.
Au salon de maquillage, elle déposa sur une petite table les fleurs qu'on lui avait offertes, considéra durant une seconde son reflet dans le miroir, déboutonna le haut de son corsage et se laissa tomber dans un fauteuil.	Na ndako ya bokembisi elongi, atie likolo ya mesa eke bafololo maye bapesaki ye, na bokanisi sekondi moko elilingi naye na talatala, na bofungoli likolo ya elamba naye ya mosala pe amibwaki na kiti.
Il tenait dangereusement le carton de gâteaux par le bolduc, un doigt passé dans la boucle, au centre.	Asimbaki mabe kalato ya lipa ya sukali na bolduc, mosapi moko elekaki na lifungu, katikati.
Il incarne un incorrigible goût de la jactance, une incapacité à résister aux facilités de la pensée toute faite, une obsession de l’intrigue. Bref, de la part d’un ministre, l’irresponsabilité.	Amonisi posa ya bosemboli te na lolendo, bozangi makoki ya koboya ya pasi te ya likanisi esalemi, motungisi ya bozangi polele. Na bokuse, kowuta na ministele, bozangi mayele.
J’ai le regret de vous annoncer que nous n’avons pas donné suite à votre période d’essai.	Nazali na mawa ya koyebisa bino ete topesaki te bolandani ya eleko ya bomeki.
Lisa en veut à Stan.	Lisa alingami na Stan.
Nous avons passé beaucoup de temps à chercher un parking.	Tolekisaki ngonga mingi koluka ebombelo mituka.
Heureux est le mortel qui, du monde ignoré, vit content de soi-même en un coin retiré.	Esengo na mowei oyo, na mokili ebosana, azali kobika na esengo na ye moko na esika ebombana.
Je n'ai jamais appris l'allemand, ça ne nous empêche pourtant pas d'échangées des idées en espéranto.	Natikala koyekola alemani te, ekopekisa biso te kokabola makanisi na lokoto ya bikolo biike.
Est-ce que vous pensez que vous pourrez être à la maison à deux heures et demi ?	Okanisi okoki kozala na ndako sima ya ngonga ibale na ndambo?
Toutes les armées du monde rêvent d'avoir un soldat comme Rambo, mais l'ironie c'est que même l'armée américaine n'en a pas un. Rambo n'existe que dans le cinéma.	Mapinga manso ya mokili mazalaki kobanza kozala soda lokola Rambo, kasi litiyo ezali ete ata lipinga ya amelika ezali ata moko te. Rambo azalaka kaka na sinema.
Déroule encore tous les fils d'or et prends le vent, espère au soir sauver ton souffle et pars devant ! - Un seul sommeil, si long silence.	Fungola lisusu ba singa ya wolo nyonso pe kamata mopepe, likya ete na pokwa okobatela pema na yo pe kende loboso! Kaka pongi moko, kimya molayi.
Le gang est devenu la famille de Sami.	Lisanga ya bato mabe ekomi nde libota ya Sami.
J'espère que tu plaisantes.	Naliki ete ozali kosakana.
Dans l'article d'ouverture de cette série, j'ai défini les concepts fondamentaux que nous pouvons utiliser lorsque nous parlons de greffons.	Na buku ya bofungoli ya bolandani oyo, nalimbolaki biteni ya motuya penza eye tokoki kosalela tango tokoloba tina ya biteni.
Je hais ce type.	Nayina moto oyo.
Si vous voulez me punir à ce propos, ainsi que pour le fait que le Bureau ne respecte pas l'horaire, alors faites-le.	Soki bolingi kopesa etumbu po na maye, pe lisusu po te bilo etosaka ngonog te, sala yango.
L'instruction est le besoin de tous. La société doit favoriser de tout son pouvoir les progrès de la raison publique, et mettre l'instruction à la portée de tous les citoyens.	Bolakisi ezali posa ya moto nyonso. Lingomba esengeli kopono na nguya na ye nyonso bokoli ya tina polele, pe kotiya botangisi polele na bana mboka.
Le directeur du personnel aimerait faire votre connaissance.	Moyangeli ya bato ya mosala alingi koyebana na bino.
Merci d’avoir accepté de m’héberger le temps que je trouve un appart. Tu m’enlèves une sacrée épine du pied !	Matondo po na kondima ete na vanda na ndako na yo ngonga ete nazwa ndako. Ozali kolongola sende esantu na lokolo na ngai!
Je suis contente que tu m'aies invitée à la fête.	Nasepeli po ete obengisi ngai na lipati na yo.
Patrick ne sait pas écrire correctement.	Patrick ayebi kokoma malamu te.
Ouvre la fenêtre, on meurt de chaud ici.	Fongola lininisa, tozali kokufa na moto awa.
N'essaie pas ensuite de réduire ta consommation de cigarettes mais, plutôt, ne fume que tes propres cigarettes, n'en sollicite aucune des autres et n'en accepte pas d'eux !	Komeka te kokitisa bomeli likaya kasi, mingi penza, mela kaka makaya na yo moko, kosenga ya bato basusu te pe kondima ya bato basusu te.
Dr Hideo Noguchi mourut en Afrique en 1928.	Dr Hideo Noguchi akufaka na afrika na mobu koto moko kama libwa na tuku mibale na mwambe (1928).
C'est un show à l'américaine.	Ezali etaliseli lolenge ya amelika.
Tous les garçons tombent amoureux de Julia.	Bilenge mibali nyonso bazali na bolingo na Julia.
Le comptable de la société a été envoyé en prison pour faux en écritures.	Botangi mosolo na kopani atindamaki na boloko pona bakomi mabe.
Les escargots sont toujours prêts à s'accoupler. Pas besoin de leur passer du Barry White.	Bambembe bazalaka tango inso ya kobongama kosangana. Ezali na tina te kopesa bango Barry White.
L'amour est, comme la médecine, seulement l'art d'aider la nature.	Bolingo ezali, lokola kisi, bobele toki ya kosalisa lizalisami.
Le plus lourd bagage pour un voyageur, c'est une bourse vide.	Mokumba ya kilo koleka po na mobembi, ezali libenga ya pamba.
Je ne suis pas sûre que je puisse lui faire confiance.	Nayebi te soki nakoki kozala na boliki na ye.
Je connais quelqu'un avec qui tu travailles.	Nayebi moko moko osalaka na ye.
La radio est trop forte. Baisse le volume.	Ladio ezali na makelele makasi mingi. Kitisa mongongo.
Je n'aurais jamais dû laisser filer cette occasion.	Nakokaki te kolekisa libaku eye.
Aucun de mes camarades de classe ne vit près d'ici.	Moko te ya baninga na ngai ya kelasi avandaka awa.
Je ne suis pas née ici mais j'y ai passé toute ma prime enfance.	Nabotamaki awa te kasi nalekisaki bomwana na ngai nyonso awa.
Aucun autre élève de la classe n'est aussi génial que lui.	Ata moyekoli moko te ya kelasi azali mayele koleka ye.
C'est en voyant un moustique se poser sur ses testicules qu'on réalise qu'on ne peut pas régler tous les problèmes par la violence.	Ezali tango okomona ngungi na mabumbu na yo ete okomanyola ete babongisaka makambo nyonso te na bokasi.
Quels problèmes ont-elles rencontrés ?	Mikakatano nini bakutanaki na yango?
""" Teucer, je m'en souviens, banni de son pays, / dans Chypre, alors soumise à notre obéissance, / vint de Bélus mon père implorer la puissance. / Rempli d'un grand projet, de son état nouveau / il voulait que Bélus protégeât le berceau. """	"""Teucer, nakundoli ete, babenaki ye na mboka naye, / na Chypre, pe amitikaki na botosi na biso. / Nabotondisami na mwango enene, ya ekolo naye ya sika/ alingaki ete Belus abatela mbeto ya mwana. """
Une exposition à ne rater sous aucun prétexte.	Bomonisi moko ya kozala te o nzela nyonso ya lokuta.
Hey, je peux te parler une seconde ?	Mbote, nakoki kosolola na yo mwa moke?
Je me souviens de son visage, mais je ne peux pas me souvenir de son nom.	Nakutoli elongi naye, kasi nabosani kombo naye.
Quels sont les deux premiers chiffres de votre code postal ?	Mitango mibale ya yambo ya elembo ya posita nayo bizali nini?
La connaissance de soi, c'est la descente aux enfers, qui ouvre la voie de l'apothéose.	Bomiyebi, ezali kokita olimbe, eye ekofungola nzela ya lokumu moto akomipesa.
Regardez juste le texte surligné à l'écran.	Tala kaka makoma milendisami na etando.
Nos plans ont échoué à la dernière minute.	Miango na biso mikweyi na ngonga ya suka.
La révolution que Napoléon fit dans l’âme humaine par la politique et la guerre, Victor Hugo la continua et la compléta par la littérature.	Mbongwana ya Napoleon ezalaki na molimo ya moto o nzela ya politiki pe etumba, Victor Hugo akobaki pe akokisai yango o nzela ya koma nzenga.
Entrerais-tu dans une salle de réunion où se trouvent des gens que tu ne connais pas en disant : « Salut les mecs ! » ? Alors pourquoi le fais-tu sur un site web ?	Okokota na esika ya bokutani epayi wapi ezali na bato oyebi te pe koloba: « Mbote bandeko! » ? Kasi po nini okosala yango na etando?
L'instinct, c'est l'âme à quatre pattes ; la pensée, c'est l'esprit debout.	Lombi, ezali molimo ya makolo minei, makanisi, ezali molimo ngwi.
Au cours de sa conférence, il parlera de finance, bourse, taux d'intérêt...	O tango ya likita naye, akolobela makambo ma nkita, libenga, motuya ya mileki...
Aucun amour n'est laid, aucune prison n'est belle.	Bolingo moko te ezali mabe, boloko yoko te ezali malamu.
Vous devez lire entièrement et accepter les règles pour avoir le droit de télécharger, d'installer et d'utiliser.	Esengeli kotanga mobimba pe kondima mibeko po ya ndingisa ya bozwi o nzela ya etando, kotiya pe kosalela yango.
Sara a trente et un stylos.	Sara azali na bikomeli tuku misato na moko.
Quels changements attendre de la réalité augmentée pour les enseignes et les magasins ?	Mbongwana nini bokozela ya bomatiki maye mazali solo po ya bilakiseli pe magazini?
Je me souviens que vous alliez souvent prendre le thé chez Betty, quand vous étiez une petite fille.	Nakundoli ete bozalaki kokende mbala mingi kozwa ti epayi ya Betty, tango ozalaki elenge mwasi penza.
Google a décidé de réformer la langue française et colle désormais les « y » et les « a » pour faire « ya», qui ne veut rien dire...	Gogoli ezwi mokano ya bokangi lokota ya lifalanse pe boti yango banda lelo na ba  «y»  pe na ba  «a» po te ekoma  «ya» eye elingi kolakisa eloko yoko te...
Certains bébés apprennent à nager avant même d'avoir un an.	Balezi misusu bayekolaka konana liboso ya bokokisi mbula moko.
Il m'a remis son numéro de téléphone sur un bout de papier.	Apesaki limelo naye ya aloalo na kasa eke.
Un jour, ce seront les États-Unis qui feront face à de graves problèmes séparatistes sur leur propre territoire.	Mokolo moko ekozala ameriki nde ekozwama na mikakatano ya makasi ya bakaboli na mabele na bango mei.
C'est les Arabes qui nous ont apporté les 1, 2, 3, 4, 5... Sans eux, on en serait encore aux chiffres romains. Vous imaginez la galère ?	Ezali balabo nde bayelaki biso makomi moko, mibale, misato, minei, mitano... Soki po na bongo te, tolingaki tozala nanu mitango ya baroma. Bozali kokanisa bwale?
Un suffisant lecteur découvre souvent ès écrits d'autrui des perfections autres que celles que l'auteur y a mises et aperçues, et y prête des sens et des visages plus riches.	Motangi ya bokoki akundolaka mbala mingi makomi ya ès ya bato basusu ya bobongi nye mosusu ete ya mokomi ya y atiaki et amonaki, pe y endimbola tina pe elongi ya bozwi penza.
Veuillez laisser un message après le signal sonore ou bien nous jeter des bonbons dans la boîte aux lettres.	Nasengi nayo na bokebi otika maloba sima ya elembo ya kolela to pe tikela biso ba bombo na engbongolo ya mikanda.
Je suis navré, je n'ai pas pu vous écrire plus tôt.	Nayoki motema pasi, nakokaki te kokomela yo noki.
J'aurai un entretien avec le professeur à 13 h 30.	Nakozala na lisolo na moteyi na ngonga ya zomi na misato na monuti tuku misato.
Il vit dans un appartement de luxe près de Central Park.	Avandaka na ndako ya motuya penepene na Central Park.
La confiance en soi est une chose saine, tant qu'elle ne rend pas les autres malades.	Komindima ezali eloko ya motuya, soki ekopesa pasi te na basusu.
Je vous serais reconnaissant de bien vouloir m'envoyer des renseignements sur votre établissement.	Nakotondo yo motondi soki otindeli ngai mayebisi matali esika nayo ya mosala.
Je vais sauvegarder ma partie avant d'affronter ce boss.	Nakobomba eteni na ngai yambo ya kobunda na mokonzi oyo.
Ce que tu as dans le coeur déteint sur ton visage.	Maye ozali na yango na motema emonanaka mabe na elongi nayo.
Mais, dit-elle en tombant à mes genoux, il y a quelque horrible méprise : je n’aime que toi dans le monde ; tu peux m’en demander les preuves que tu voudras.	Kasi, yebisa ye ete na bokweyi na mabolongo naye, bizali na bibunga biike ya somo: Nalingaka kaka yo na mokili; okoki kosenga ngai bilembo okolinga.
J'ai pensé que Ethan allait demander à Henriette de l'accompagner à Boston.	Nakanisaki ete Ethan akosenga Henriette akende elongo naye na Boston.
Il fut pris d'un accès de panique et commença à frapper contre le mur avec les poings.	Azwamaki na somo ndenge na ndenge pe abetaki makofi na efelo.
Il est tellement ouvert aux impressions qui effleurent à peine le commun des esprits doués et vibrants qu’il trouve cette expression admirable et étrange : « l’oreille voit ».	Azali penza polele na maye makotuta kaka manso ya milimo mizali pe ya bolengi epayi azwi elobeli ya lisimbi pe ya ndenge: «litoyi limonaka».
L'amour est en France une comédie, en Angleterre une tragédie, en Italie un opéra et en Allemagne un mélodrame.	Bolingi na Fransa ezali lisano, na ekolo ya Baangele ezali likambo ya mawa, na Itali ezali lisano pe na Alemani ezali lisano.
Je me demandais quand tu allais me dire que tu m'aimais.	Nazali komituna tango nini okoyebi ngai ete olingaka ngai.
L'avocat attendait Ben.	Mosambeli azalaki kozela Ben.
C’est toujours la même histoire. Vous oubliez toujours où vous mettez les choses. Regardez dans vos poches.	Ezali tango nyonso ezali lisitwale mei. Bobosanaka tango nyonso esika otiyaka biloko. Tala na babenga nayo.
Passé un certain âge, les blessures mettent longtemps à guérir.	Boleki mibu miike, bapota bizwaka tango molayi ya kobika.
« Bon, je vous laisse dans votre petit coin… Je vois que vous y êtes très bien », dit Mlle Schérer en passant.	« Malamu, natika yo na ebombamelo nayo eke. Namoni ete ozali malamu penza », moseka Schérer alobi na boleki.
""" De cent fameux combats on recherche la trace : / ici le fier Pyrrhus signalait son audace ; / là le fils de Thétis rangeait ses bataillons ; / ici c'était leur flotte, et là leurs pavillons. """	"""Na mitumba maye kama ya boyebani tozali koluka elembo:/ awa moto ya lolendo Pyrrhus amonisaki bopikiliki naye;/ esika wana mwana ya Thétis azalaki kobongisa batayo naye;/ awa ezalaki litepa na bango, pe kuna ema na bango. """
J’aurais aimé avoir un mignon petit frère, ou un grand frère cool.	Nalingaki penza kozala leki ya mobali ya kitoko, to pe yayaya mobali ya malamu.
Aucun de mes gars ne veut s'engager dans les forces spéciales.	Ata mokote ya baninga na ngai alingi koyingela na mapinga.
Aucun autre garçon dans notre classe n'est plus studieux que Jack.	Ezali na elenge mobali moko te na kelasi na biso azali moyekoli ya mosala koleka Jack.
Vous pouvez mettre vos affaires dans le casier puis choisir un code pour le fermer.	Okiki kotiya biloko nayo na sanduku pe kopona elembo ya bokutu po na kokanga yango.
Sortez ! Ne jouez pas ici !	Bobima! Bosakana awa te!
Tu arrives trop tard. La rencontre est terminée depuis trente minutes.	Okomi na sima penza. Likita esilaki eleki bongo minuti tuku misato.
« Dis, c’est vrai que tu sors avec Ethan ? » « Hein ? Qui t’a dit ça ? »	« Loba, ezali ya solo obimaka na Ethan? » « Nini ? Nani ayebisi yo yango ? »
Quand tu dis : « Salut les mecs ! » ou « Salut les potes ! » à un groupe de gens que tu ne connais pas, comment sais-tu que l'un d'eux aurait pu être ton futur patron ?	Tango olobi: « Mbote baninga! «  to pe « Mbote maninga! » Na lisanga ya bato oyebi te, lolenge nini oyebi ete moko na bango akozala mokonzi na yo mikolo mizali koya?
Bonsoir, chérie !	Mbote, bolingo na ngai!
Si vous voulez savoir la vérité, écoutez les fous.	Soki olingi koyeba bosolo, yoka bato ya liboma.
Votre avenir est devant vous, surtout ne vous retournez pas.	Makambo mayo ma sima ezali liboso nayo, kasi mingi kozonga sima te.
Allez de l'avant tout en sachant que, bien plus tôt qu’il n’y paraît, de nouveau s’ouvriront les larges allées par lesquelles passe l’homme libre, pour construire une société meilleure.	Kende liboso na boyebi ete, manso makomonana, mbala mosusu makofungwama ba nzela minene otei ya nini moto ya bosomi, ya botongi lingomba eleki malamu.
L'iris japonais, qui est associé à la fête des garçons (5 mai), n'est pas une fleur très jolie.	Fololo iris ya ekolo Zapo, lisangisamaka na eyenga ya bana ya mibali (mokolo ya mitano ya sanza ya mitano), ezali fololo ya kitoko penza te.
Pour trouver cinquante personnes pour une fête, on doit envoyer à New York cent invitations. A Hollywood, vingt-cinq suffisent.	Po na kozwa bato kutu mitano po na eyenga, esengeli kotika na New York kasa ya mbelela kama moko. Kasi na Hollywood, tuku mobale na mitano ekoki.
Mathis est apparemment chauffeur de camion.	Mathis azali bo mokumbi motuka.
Rien de tel après une dure journée de boulot que de se poser dans le canapé et regarder un film.	Nini ya kosala sima ya mokolo ya makasi ya mosala ete kopesa na kiti pe kotala ekela ya bilili ya etando.
Elle est tombée amoureuse d'un mec gay du gymnase.	Azali na bolingo na elenge mobali akosala bolingo na mibali na ndako ya galasisi.
Bonjour. Es-tu Jackie Scott ?	Mbote. Ozali Jackie Scott?
Partout à la radio il y a des nouvelles de l'explosion qui a eu lieu récemment.	Bisika nyonso na ladio bizali na basango ya ekindo eye asalemaki eleki kala te.
La dernière fois que je suis allé au concert de Lady Gaga, bien qu'elle eût fini toutes ses chansons, beaucoup de personnes dans le public n'étaient pas satisfaites.	Mbala ya suka nakendeki na konsele ya Lady Gaga, Ata kutu esilisaki ba nzembo na ye nyonso, bato mingi ba ye lisanga basepelaki te.
Un journal intime est une excellente façon de garder une trace des évènements de ton passé et de penser à ton futur.	Zolonale ya motema ezali lolenge ya malamu penza ya kobomba elembo ya masalami ya bomoyi bwayo ya kala pe kokanisa makambo mayo makoya sima.
J'aimerais que vous me disiez ce qui s'est passé.	Nalingi oyebisa ngai maye malekaki.
Ne posez pas de questions, contentez-vous de suivre les ordres.	Kotuka mituna mingi te, sepela kolanda mitindo.
Ils ont tenté d'affronter notre position avec leurs lourds robots J-23, mais nous avons contré la poussée en déployant des milliers de mines intelligentes et en concentrant nos tirs de mitrailleuses.	Bamekaki kobunda etemeli na biso na barobo ya kilo ya J-23, kasi tokangaki bopusani na bango na botieyi koto ya bagelenadi pe kokangama na bobeti ya bamitayezi.
Les bâtons de colle et les gommes font partie de ces choses qu'on perd plus souvent qu'on en voit la fin.	Banzete ya mpaka pe gome bizali boko ya biloko biye tobungisa mingi penza tango tokomaka na suka.
Un fonctionnaire du Conseil de Transition a déclaré à la presse qu'il prévoit que la production de pétrole atteigne un million six cent mille barils par jour d'ici un an.	Mosali ya leta ya lilako ya boleki alobaki na likita ete azali kobanza ete kosala pitolo ekokoma miliyo moko koto kama motoba ya engbongbolo mbula moko ezali koya.
Tous les dimanches, je me rends en voiture au temple bouddhiste du coin. Je conduis très vite, avec la musique à fond.	Mikolo minso ya lomingo, nakendeke na tempelo ya mayembi ya bouddha na esika ebombana. Nakumbaka na lombango penza, na muziki ya se.
La pollution est telle à New York que les joggeurs portent souvent un masque quand ils courent.	Bobebisi ezali ete na New York ete bakimi mbango balataka dongolomiso tango bakimaka mbango.
Tous les passagers de la voiture dirent qu'ils voulaient sortir se dégourdir les jambes.	Babembi kati ya motuka balobi ete balingi kokita konyolusa makolo.
Quand je couche avec elle, j'ai l'impression de me taper une poupée gonflable.	Tango na lalaka na ye, nazalaka na liyoki ya kobete popi ya kovimba.
Il peut courir 100 mètres en douze secondes.	Akoki kokima metele mokama na sekondi zomi na mibale.
Dites ce que vous voulez, cela ne me gêne pas.	Loba maye ozali na mango, yango makobulunginya ngai te.
Là, je me sens à l'abri, protégé par l'amour de tous les miens.	Kuna, nazalaka na kimya, nabatelami na bolingo ya baye ya libota na ngai.
Les médecins ont prélevé le bloc cœur-poumons sur un patient en état de mort cérébrale pour le transplanter sur un malade atteint de mucoviscidose.	Minganga bakamataki libanga motema pe lipululu na mokoni azalaki lolenge ya moweyi ya bokoni ya moto po nakotiya yango na mokoni ya misisa.
S'il vous plaît, laissez un message après le signal ou quelques caramels dans notre boîte aux lettres.	Bolimbisi, tika sango sima ya elembo to pe babombo miike na sanduku ya mikanda na biso.
Je me suis brûlé le bout du doigt.	Namitumbi songe ya mosapi.
Amanda et Wolfgang choisirent Perpignan pour leur voyage de noces.	Amanda pe Wolfgang baponoki Perpignan po ya mobembo na bango ya libala.
Cher journal, aujourd'hui j'ai rendu ma femme presque dingue avec la musique du groupe belge Telex. C'était très marrant.	Molingami zolonale, lelo nakomisaki mwasi na ngai penepene liboma na muziki ya lisanga Telex ya beleziki. Ezalaki penza kosekisa.
Dix-sept matelots sur le coffre du mort... Yo ho ho ho et une bouteille de rhum !	Basali ya masuwa zomi na sambo na sanduku ya moweyi... Yo ho ho ho pe molangi ya mayi ya bomoyi!
Vue de la Lune, la Terre ressemble à une balle.	Na botali sanza, mokili ezali lokola ndembo.
Qu'as-tu donc à perdre à l'inviter à un rencard ? Un peu de fierté sans doute ?	Okobungisa nini na bobyangi ye na elaka. Mwa lolendo na tembe te?
Les enfants étaient assis autour du feu de camp et écoutaient Gabriel qui racontait des histoires de fantômes.	Bana bavandaki zongazonga ya moto ya nganda pe bazalaki koyoka Gabriel kobetele bango masese ya bilima.
Partout où tu iras, tu seras bienvenu.	Bisika binso okokende, okotombelama boyei malamu.
C'est bien de pouvoir concentrer tout son esprit sur son travail. Mais on oublie complètement les gens autour de soi.	Ezali malamu kosangisa molimo naye nyonso na mosala. Kasi kobosana te nye bato baye bazali zongazonga na yo.
Excusez-moi, mais est-ce que vous pourriez vous déplacer un peu pour que je puisse m'asseoir ?	Limbisa ngai, kasi okoki te kolongwa mwa moke po te navanda?
Découvrant que sa femme l'avait souvent trompé, de rage il veut la tuer, mais pas moyen de soulever le cercueil où il était depuis deux ans.	Kokundola ete mwasi naye azalaki mbala na mbala kokosa ye, na kanda alingi koboma ye, kasi azali na lolenge te ya kotombola sanduku esika wapi azalaki eleki bongo mibu mibale.
Ma soeur est une idiote.	Ndeko na ngai ya mwasi azali zoba.
Il essayait de ne pas trop penser à ses propres problèmes.	Azali kolinga mingi penza te kokanisa mikakatano naye mei.
Vous devriez sortir ces animaux de la cage.	Bosengeli kobimisa banyama baye na ndako ya bibwele.
Cette région tropicale reçoit chaque année 1800 mm de pluie en moyenne.	Etuka eye ya molunge ezwaka mbula nyonso bamilimetele koto moko kama mwabe ya mvula na katikati.
Certains Palestiniens qui vivent prisonniers près du mur de séparation raciste en Cisjordanie ne peuvent même pas voir le lever du soleil de leurs maisons.	Bata bayike ya mokili ya palestini baye bakobika bo bakangemi penepene na efelo ya bokabwani ya botali loposo na Cisjordania bakoki ata te komono bolamuki ya moyi na bandako na bango.
Punaise, ça faisait un moment que j'étais pas passé, qu'est-ce que ça bouge maintenant sur Tatoeba !	Liyanzi, ezali bongo ngonga moke tango nalekaki te, nini ezali koningana sika oyo na Tatoeba!
Je n'aurai pas cru une seule fois que Théo ne disait pas la vérité.	Nakokaki kondima ata mbala moko te ete Théo azalaki koloba bosolo te.
J'ai entendu dire qu'il ne fallait jamais épouser son premier amour.	Nayokaki koloba ete esengeli te kobala bolingo na yo ya yambo.
Il discutait de la réunion d'hier soir avec son ami Jesse jackson.	Bazalaki kosolola po na likita ya lobi na pokwa na moninga naye Jesse Jackson.
Désolée pour le bordel !	Bolimbisi po na mobulu.
N'ayez crainte de la vie. Croyez qu'elle vaut la peine d'être vécue et votre foi aidera à créer le fait.	Kobanga bomoyi te. Ndima ete ezali malamu kolongama pe boyambi na yo ekosala likambo.
Je suis désolé d'être tellement en retard. La réunion m'était complètement sortie de l'esprit.	Bolimbisi naye penza na sima makasi. Nabosanaki penza ete nazali na likita.
La femme se marie dans l'espoir que son mari change, mais il ne change pas.	Mwasi abalaka na elikya ete mobali naye akobongwana, kasi abongwani te.
J'ai vu un homme bizarre avec des lunettes noires, tourner autour des toilettes pour dames.	Namonaki moto ya bokamwi alati maneti ya mwindo, azali kobaluka zongazonga ya zongo ya basi.
Dieu lui a donné un visage magnifique et une voix merveilleuse.	Nzambe apesa ye elongi ezenga pe mongongo ya kokamwa.
Thomas m'a demandé que tu passes le voir tout de suite.	Thomas asengi ngai ete okende komona ye sika sika oyo.
Elle se souvient de la voiture de Monsieur Black.	Azali kokundola motuka ya tata Black.
Ce procès traînait dans les délais, dans le lacis inextricable de la procédure, arrêté par les ambages d’un odieux avocat.	Kosambisama eye ezali kokende na bosundolami, na bobendi ya bokakoli te ya bolandi,  eye epekisami na bopolele ya mosambeli ya mabe.
Désolé, mais j'ai déjà une religion, et je ne m'en sers pas beaucoup.	Bolimbisi, nasili nazali na eyamba, pe nasalelaka yango mingi penza te.
Je n'ai pas écouté ce que tu me disais, à vrai dire je m'en cogne comme de mes premiers dragibus.	Nazalaki koyoka te nini ozalaki koloba, ya bosolo namituti lokola babambo na ngai ya yambo ya dragibus.
Dean mange vraiment beaucoup, n'est-ce pas ?	Dean aliyaka penza mingi, eza bongo te?
Aucune clé n'est nécessaire, on tape un code.	Ezali na fungola moko te ezali na tina, totia elembo.
Nous sommes prêts à tout pour envoyer notre enfant dans une bonne université.	Tomibongisi na nyonso po te totinga mwana na biso na eteyelo ya likolo ya malamu.
« De la sorte, il passa un an et dix mois, après quoi, sur les conseils des médecins, on commença à le sortir et une belle charrette à bœufs fut construite grâce à l'ingéniosité de Jean Denyau. »	« Na lolenge eye, alekisaki mbula moko na sanza zomi, sima na yango, na mateya ya minganga, babandaki kobimisa ye pe likalo ya ngombe ya kitoko etongamaki o nzela ya bwanya ya Jean Denyau. »
Ce n'est pas une maison de fous. C'est une clinique pour les personnes mentalement instables.	Oyo ezali ndako ya bato ya liboma te Ezali kiliniki po na bakoni ya moto ya kimya te.
Le hall d'exposition de notre société a été un succès auprès des dames.	Ndako ya bomonisi ya lingomba na biso ezalaki elonga po na basi.
J'y fonde une cité ; je l'appelle Ilion : / l'heureuse colonie applaudit à son nom. / Je l'invite à chérir sa demeure nouvelle, / à bâtir de ses mains sa haute citadelle.	Nakobanda site; nakobenga yango Ilion:/libonga ya esengo likobetele kombo na yango maboko. / Na kobyanga ye po te alinga efandelo eye ya sika,/ atonda na maboko maye engumba ya likolo.
Allô ! Qui parle ? Tu ne me reconnais pas ? C'est moi, Aldo !	Alo! Nani azali koloba? Oyebi ngai te? Ezali ngai, Aldo!
Cherchez et vous trouverez. Ce qui n'est pas cherché reste caché.	Luka pe okozwa. Eye elukami te etikali ya kobombana.
Si tu vas épouser un gars qui vit en Italie, tu devrais apprendre l'italien.	Soki okobala mobali ezalaka na Itali, esengeli koyekola kiitali.
Lorsque vous voulez que ceux qui travaillent soient contents, vous devez leur payer un salaire suffisant.	Soki  olingi ete baye bazali kosala bazala na esengo, esengeli kofuta bango lifuta likoki.
Loin de reléguer les arts dans la classe des superfluités utiles, il faut les mettre au nombre des biens les plus précieux et les plus importants de la société humaine.	Mosika ya botindi ba ntoki na kelasi ya bopamba ya litomba, esengeli kotiya o molongo ya biloko bya motuya pe maye ya tina penza ya lingomba ya bomoto.
Il ne faut pas jeter par terre ni os, ni coque d'œuf, ni pelure d'aucun fruit, ni autre chose qui ne se mange point: il est plus séant de les poser sur le bord de l'assiette.	Esengeli te kobuaka o nse mikuwa te, poso ya liki te, poso ya mbuma te, ata eloko esusu eliamaka te: ezali malamu penza kotiya mango zinga zinga ya sani.
Mon copain ressemble à ta copine.	Moninga na ngai ekokani na moninga na yo.
Les femmes étaient terrifiées, et le cœur de Nathan battait à se briser dans la poitrine, tandis qu'il écoutait les cris douloureux d'un être qu'il avait jadis si tendrement aimé qu'il chérissait encore.	Basi babangaki, pe motema ya Nathan ezalaki kobeta lokola epasuka na ntolo, tango azalaki koyoka bogangi ya pasi ya moto oyo kalakala alingaki na bolingo ya solo pe azalaki kolinga lisusu.
Parle à tout le monde dans le langage de l'amour. N'élève pas la voix. Ne jure pas. Ne fais pas de vilaines choses. Ne cause pas de larmes. Calme les autres et montre de la gentillesse.	Loba na moto nyonso na lokota ya bolingo. Kotombola mongongo te. Kolapa ndai te. Kosala makambo ya mabe te. Kolelisa te. Bondela basusu pe lakisa bango boboto.
Vous ne voulez pas vous marier non plus, exact ?	Bolingi kutu kobala te, ya solo?
Tu ne penses pas que les cookies qu'on a faits aujourd'hui sont les meilleurs de tous ?	Okanisi te ete ba bisikiti tosali lelo bizali kitoko ya nyonso?
Une femme a apporté au photographe une photo de son mari décédé, prise alors qu'il portait un chapeau.	Mwasi moko amemeli mokangi foto, foto ya mobali naye moweyi, eye akangaki tango alataki ekoti.
Salut les gars! Nous commençons une autre vidéo sur YouTube.	Mbote ba ndeko! Tobandi elili ya filime esusu o etando ya Youtube.
Le site est d'ores et déjà disponible en sept langues et nous espérons pouvoir introduire de nouvelles options dans les prochaines semaines.	Esika esili elengelami na kota sambo pe toliki koyindisa maponi ya sika na ba posa mazali koya.
Aux États-Unis d'Amérique, vingt millions de nouveaux emplois ont été créés dans les deux dernières décennies, la plupart d'entre eux dans le secteur des services.	Na ekolo ya ameliki, misala ya sika miliyo ntuku ibale ekelamaki na eleko  ya mibu zomi mibale ya suka, mingi o kati ya yango mingi na nzela ya bosalisi.
"""Salut! Je m'appelle Nick. Content, de te –"" – ""J'ai un copain."""	"""Mbote! Kombo na ngai Nick. Nasepeli, ya yo –"" –""nazali na moninga."""
Qu'est-ce que tu as offert à Mike pour son anniversaire ?	Obonzeli Mike nini na eyenga naye ya mbotama?
Je suis désolé d'annuler le rendez-vous à la dernière minute.	Bolimbisi po na kosukisa bokutani na ngonga ya suka.
Tu manques de suite dans les idées.	Ozali na molongo te na makanisi.
La bouffe est prête !	Bilei bibongisami!
Chaque fois qu'un tel échec survient dans un autre service, je suis tenté de les traiter d'idiots, mais alors, des gens comme vous se présentent pour montrer ce à quoi la vraie bêtise ressemble.	Tango nyonso bokwei ya lolenge oyo eyaka na bosalisi esusu, namekaka komona yango lokola buzoba, kasi, bato lokola bino bomimonisaka po na kolakisa bosoto ya solo ekokani na nini.
Hé, gamin ! Ici, c'est notre territoire !	Mbote, mwana! Awa, ezali mabele na biso!
Je n'ai jamais joué au golf, mais je crois que je vais essayer.	Nabeta nanu golf te, kasi nakanisi ete nakomeka.
Au cas où tu aies l'intention de m'envoyer de l'argent, alors ne m'en envoie pas trop peu.	Tango okokanisa kotindela ngai mbongo, bongo kotindela ngai moke te.
Ils sont en train de dispenser l'amour avec les mains sales.	Bazali kopanza bolingo na maboko bosoto.
Pour avoir quelques d'informations sur les problèmes économiques du Japon, vous ne trouverez aucun livre très utile.	Po na kozwa mwa basango ya likambo ya mombongo ya Zapo, okomona ata mokanda moko te ya tina.
Je me suis rendu dans une nouvelle épicerie qui a ouvert dans le quartier et ai reçu un don de pain gratuit.	Nakendaki na magazini ya sika ya episi eye efungwami na kalatye pe bapesi ngai libonza ya mapa ya ofele.
Je n'ai pas vu Rick depuis qu'il est rentré de Nouvelle-Zélande.	Namonaki Rick te uta azongaki na ekolo Nouvelle-Zélande.
Eh ben, tant mieux! Ce sera d'une pierre deux coups!	Na yango, malamu penza! Ekozala ya libanga moko makofi mibale!
Je dois reconnaître, que j’aurai rien compris sans sous-titres.	Esengeli nayeba, ete nalingaki kotongola te na bozangi kombo ya se.
Eh ben voyons ! Et puis quoi encore ?	Bongo tokomona! Pe nini lisusu?
Vous étiez censée être mon amie !	Esengelaki ozala moninga na ngai!
Permettez que je vous pose quelques questions, je vous prie.	Nasengi ete natuna yo mwa mituna, nakosenga yo.
Qu'importe si ces politiques disséminées partout sur la planète provoquent le chaos social comme en Grèce ou ailleurs.	Ata nini soki bapolitiki eyingeli bisika nyonso o planeti pe bizali kobimisa mobulu ya lingomba lokola na ekolo ya greki pe bisika mosusu.
L'homme qui a appelé il y a une heure était Frank.	Moko abengaki eleki bongo ngonga moko ezali Frank.
J'ai traversé une épreuve terrible.	Nalekaki na momekano ya somo.
Où dois-je me rendre pour être admis en salle des urgences ?	Nakokende wapi po te nandimama na ndako ya lombango?
Vous devez étudier dur pour rattraper votre classe.	Esengeli nayo koyekola makasi po te okoma esika moko na kelasi nayo.
Défiez-vous de ces cosmopolites qui vont chercher loin dans leurs livres des devoirs qu'ils dédaignent de remplir autour d'eux. Tel philosophe aime les Tartares, pour être dispensé d'aimer ses voisins.	Bokeba na bato baye ya engumba baye bazali koluka mosika na mikanda na bango misala maye bazali koboya kokokisa zinga zinga na bango. Moto ya bwanya songolo alingi baTartares, po balingisa ye kolinga baninga naye ya pembeni.
Demandez et l'on vous donnera; cherchez et vous trouverez; frappez et l'on vous ouvrira.	Senga pe bakopesa yo; luka pe okozwa; beta pe bakofungolela yo.
Combien de langues Charlotte peut-elle parler ?	Kota boni Charlotte akoki koloba?
Laissez tomber ! C'est trop risqué.	Totika kaka! Ezali penza komitia na likama.
N' aie pas peur ! Si tu m'aides, tout ira bien.	Kobanga te! Soki osalisi ngai, nyonso ekoleka malamu.
Mais a-t-il conscience du message négatif qu'il envoie ?	Kasi azali na boyebi ya sango ya mabe azali kotinda?
La police est certaine de l'appréhender au bout du compte, où qu'il aille.	Polisi ezali na elikya ete suka suka bakokanga ye, ata akei wapi.
Si l'Etat persiste à imposer systématiquement de nouvelles taxes aux Français, ils quitteront la France.	Soki leta elendi kondimisa na makasi o nzela ya bwanya bampako ya sika na ba falanse, bakotika ekolo Fransa.
Qui ne parvient pas au fleuve Jaune n'a pas l'esprit en paix, et une fois parvenu n'a plus que ses yeux pour pleurer.	Moto oyo akoki te na ebaye ya manzani azangi molimo ya kimya, pe tango akolonga ezali kaka na miso naye po na kolela.
Je parie que tu te demandes comment ça marche.	Nabeti mondenge ete ozali komituna lolenge etambwisamaka.
Je ne connais pas la clé du succès, mais celle de l'échec est d'essayer de plaire à tout le monde.	Nayebi fungola ya elonga te, kasi oyo ya bokwei ezali komeka kosepelisa moto nyonso.
Pour la seconde fois en un mois, il y a eu un puissant tremblement de terre au Mexique.	Po ya mbala ya ibale na sanza moko, ezalaki na bolengilengi ya nguya ya mabele na ekolo Mexique.
Ils disent que le Jour de Colomb, le fantôme de Christophe Colomb sort de sa tombe et parcourt le monde en punissant les méchants enfants qui ne croient pas en Christophe Colomb.	Baloba ete mokolo ya Colomb, Elima ya Christophe Colomb ebimi na lilita naye pe kotambola na mokili na bopesi etumbu na bana ya kanda baye bandimaka Christophe Colomb te.
Pourriez-vous expliquer la dernière section plus précisément ?	Bokoki kolimbola eteni ya suka na polele penza.
Un ordinateur c'est comme un frigo : on le branche et ça marche.	Lodinatele ezali lokola filigo: opelisi yango pe esali.
Je t'appellerai dès que j'en aurai fini avec mon travail.	Nakobenga yo tango nakosilisa mosala na ngai.
Helen garde sa chambre toujours propre.	Helen abatelaka elalelo naye tango inso peto.
Il travaille en tant qu'enseignant, mais en réalité c'est un vampire.	Asalaka lokola molakisi, kasi na bosolo azali elima.
Éveillé, le souvenir de son Éthel dominait toutes ses pensées ; endormi, ce souvenir devenait comme une image fantastique qui illuminait tous ses rêves.	akasumuka, ekundoli ya  Éthel naye ezalaki kokonza makanisi maye manso; na bolali, ekundoli eye ezalaki kokoma elili ya kokamwisa eye ezalaki kongengisa ba ndoto naye nyonso.
"Faites bien attention à mettre le bon objet avant de m'envoyer votre e-mail, autrement il finira dans le dossier ""pourriel""."	"Sala penza keba ya kotia tina liboso ya kotindela ngai e-mail, noki te ekosuka na ebombelo ya mikanda ""epola""."
Si c'est urgent, est-ce que je peux lui envoyer un message sur son téléavertisseur... ?	Soki ezali na lombangu penza, okoki kotindela ye sango na etando naye ya bokebisi...?
L'agent de police indiqua que ça avait l'air d'une blessure par balle volontaire à la tête.	Polisi alobi ete ezalaki lokola pota ya lisasi na moto ya bolingi.
De belles paroles, une belle mélodie. La chanson est tout de suite devenue ma préférée.	Maloba kitoko, loyembo kitoko. Nzembo eye ekomi mbala moko nzembo na ngai ya bolingi.
Mon père ordonne alors de repasser les flots, / d'aller interroger les trépieds de Délos, / d'apprendre dans quels lieux doivent finir nos peines, / nos travaux renaissants, nos courses incertaines.	Tata na ngai apesi mibeko ya kongoma ba mbonge,/ Kende kotuna mosali ya Délos, / koyoka ete na bisika nini ba pasi na biso bikosila, / misala na biso ya mbongwana, bopoti na biso eyebani te.
"Pour les personnes qui comprennent quelque chose à propos de l'art, il n'y a pas besoin de mots. On dit ""Hm!"" ""Ha!"" ou ""Ho!"", et avec cela tout est exprimé."	"Po na bato baye bakotongolo eloko nini na tina ya ntoki,  tina ya maloba ezali te. Balobi ""Hm!"" ""Ha!"" to pe ""Ho!"", pe na yango nyonso elobami."
J'ai aimé, j'aime, j'aimerai l'idée de Tatoeba.	Nalingaki, nalingi, nakolinga likanisi ya Tatoeba.
Si c'est pas cassé, faut pas chercher à le faire réparer.	Soki ebukani te, esengeli te koluka kobongisa yango.
Il espère revenir l'an prochain.	Akolikya kozonga mbula ezali koya.
Pitié est morte, amour est enterré.	Ngolu akufi, bolingo akundami.
S'il te plaît, s'il te plaît, continue de chanter faux !	Soki olingi, soki olingi, koba koyemba mabe!
Le commandant de l'unité a donné l'ordre de déposer les armes.	Komanda ya limpinga apesi mitindo ya kokitisa mandoki.
Pour quelqu'un qui est censé être expert, vous ne semblez pas en savoir long.	Po na moto oyo asengeli kozala nganga ya mayele, ekozwa bino ngonga mingi te ya boyebi.
Le joyeux Ned se proposait de revenir le lendemain à cette île enchantée, qu'il voulait dépeupler de tous ses quadrupèdes comestibles.	Mwaesengo Ned asengi kozonga lobi na esanga ya nsai, alingaki kolongola nyonso ya yango ya makolo minei eye elyamaka .
Ne soyez pas méchant, s’écria Anna Pavlovna en le menaçant du doigt.	Bozala na kanda te, Anna Pavlovna agangi na bobangisi ye na mosapi.
Hier, Jules a été blessé dans un accident de moto, donc il ne pourra pas participer au cours de gym pour le moment.	Lobi, Jules azokaki na likama ya tukutuku, na yango akoki te kozala na liteya ya gasisi na ngonga eye.
Tu parles en premier; je parlerai ensuite.	Loba liboso, nakoloba sima.
J'espère que vous serez des nôtres.	Naliki ete okozala ya biso.
Selon mes dispositions en ce temps-là le contenu de ce livre devait être formé par des données, qui seraient pour la présentation des choses spirituelles, des informations cohérentes pour les pensées utilisées dans le domaine des sciences naturelles.	Engebene na mabongisi na ngai na tango ena bokwi ya buku eye esengelaki kosalema na bilembo, maye masengeli na bimoniseli ya molimo, ba sango elongobani po na makanisi matina na etando ya zebi ya mokili.
La chirurgie laser peut corriger certains problèmes de la vision.	Bopasoli o nzela ya laser ekoki kobokisa mikakatano maike ya bomoni.
Eh ben mon cochon !	Malamu ngulu na ngai!
L'opinion publique joue un rôle important dans le domaine politique.	Likanisi ya bomoto ezali na motuya monene na makambo ma politiki.
Je passe l'info à Noah.	Napesi Noah sango.
Amiral, un vaisseau non identifié s'approche de notre position.	Amiral, masuwa mayebani te mazali kopusana na etemeli na biso.
J'irais décrocher la lune si tu me le demandais.	Nakokende kozwa sanza soki osengi ngai yango.
Vous devriez lui présenter des excuses pour être arrivés en retard.	Esengeli kosenga ye bolimbisi po te akomi na sima.
Au secours ! au secours ! Arrière, sacrilège ! infâme ! maudit !	Lisalisi! Lisalisi! Zonga sima, lisantola! Soni! Abeba!
Tu laisses toujours la fenêtre ouverte lorsque tu dors.	Otikaka tango inso lininisa polele tango olalaka.
Has your appetite changed?	Posa nayo ebongwani?
Tu dois fermer la porte quand tu vas aux toilettes, hein ?	Esengeli kokanga ezibeli na bokei zongo, oyoki?
Il est de votre devoir de terminer ce boulot.	Ezali lotomo nayo kosilisa mosala moye.
Lorsqu'on ne vous recevra pas et qu'on n'écoutera pas vos paroles, sortez de cette maison ou de cette ville et secouez la poussière de vos pieds.	Tango bakoyamba bino te pe bakoyoka maloba ma bino te, bobima o ndako ena to pe o engumba pe bopupola putulu o makolo ma bino.
J'aimerais visiter New York un jour.	Nakolinga mokolo moko kokende New York.
"""Et si on jouait à se lancer la balle?"" - ""Oui, pourquoi pas?"""	"""Pe soki tosakani na bobwaki ndembo?"" - ""Iyo, po na nini te?"""
Elle aime en paroles mais guère en actes. (Amour de poule qui n'a pas de sein!)	Alingaka na maloba kasi na misala te. (Bolingo ya soso eye ezali na mabele te!)
J'ai passé l'aspirateur dans les chambres pendant toute la matinée.	Nalekisaki ebendi putulu na elalelo tongo nyonso.
À quelle heure allons-nous arriver à Akita si nous prenons le train de 9 h 30 ?	Tokokoma na Akita na ngonga nini soki tozwi engunduka ya 9h30?
Jamais on ne corrompt le peuple, mais souvent on le trompe, et c'est alors seulement qu'il paraît vouloir ce qui est mal.	Mokolo moko te bakopesa kanyaka na bato, kasi mbala mingi bakokosa bango, pe ezali tango ena kaka ekomonisama bolingi maye mazali mabe.
Je ne veux pas savoir si tu n'aimes pas ta tante Marie. Tu n'as qu'à juste te forcer à sourire et supporter tant qu'elle est ici.	Nalingi koyeba te soki olingaka tata ya mwasi nayo Marie te. Esengeli osala makasi ya koseka pe kondima tango azali nanu awa.
Avant de se lancer dans ce genre de thérapie, les souhaits de la patiente elle-même doivent être soigneusement pris en considération.	Yambo ya komipesa na bosalisi bokono ya lolenge eye, litombeli ya mokoni ye moko esengeli na bokebi penza kopesama lokumu.
Le livre « Je vous demande le droit de mourir » raconte l'épisode tragique de la mort de Vincent Humbert.	Buku « Nasengi nayo ndingisa ya kokufa»  elobeli lisolo ya mawa ya liwa ya Vincent Humbert.
Si vous voulez que ça se passe bien entre nous, il va falloir jouer cartes sur table et ne pas nous mentir comme la dernière fois.	Soki olingi ete eleka malamu kati na biso, esengeli kozala na bosolo pe kokosa biso te lokola mbala eleki.
Avez-vous déjà fait l'expérience de quelque chose de vraiment étrange et que vous ne pouvez pas vraiment expliquer, mais qui, lorsque vous y pensez vraiment sans l'ignorer, vous fait finalement très peur ?	Bosila kosala bomeki ya eloko ya bokamwi penza pe bokoki kolimbola penza te, kasi eye, tango bozali kokanisa yango na bobosani te, na suka ekobangisa bino mingi?
Commencez tout de suite, ou vous serez en retard.	Bobanda sika sika oyo, noki te bokokoma sima.
Georgette pense qu'Oliver passe trop de temps sur les jeux vidéos.	Georgette akanisi ete Oliver alekisaka tango mingi na masano ya bilili.
Il savait qu'ils n'allaient pas lui faire de fleur, que ça allait être sa fête.	Ayebaki ete akopesa ye fololo te, ete ekozala lipati naye.
Le diable se cache dans les détails, ainsi que vous le savez tous.	Satana abombamaka na makambo mingi, lolenge lona boyebi manso.
Vous m'arrêtez pour violence domestique? Franchement, les mecs!	Bokangi ngai po na bokasi etali ndako. Na koloba polele, baninga!
Si vous voulez que je vous embrasse, tout ce que vous avez à faire est de demander.	Soki bolingi nayokisa bino soni, eloko bosengeli kosala nde kosenga.
Les gens meurent, normalement, si on les tue.	Bato bakufaka, na momeseno, soki babomi bango.
Cependant, il y a des jeunes qui dorment à côté de leur téléphone mobile et l'une des premières choses qu'ils font chaque matin est de regarder leurs messages et les appels « perdus » reçus durant la nuit.	Nzokande, ezali na bilenge balalaka pene pene na aloalo na bango pe eloko ya liboso basalaka tongo nyonso ezali kotala ba sango et bobengi « bobungi» bazwaki na butu.
Chérie, offre du café aux invités.	Molingami, pesa kawa na bapaya.
""" Voulez-vous avec moi fixer ici vos jours ? / Les ports que je construis, ces murailles nouvelles, / tout est à vous. Allez, à ces rives fidèles / confiez vos vaisseaux, livrez-vous à ma foi : / Troyens ou Tyriens seront égaux pour moi. """	"""Bolingi elongo na ngai kotya mikolo na bino awa? / bizibeli nazali kosala, ebakata ya efelo eye ya sika, / nyonso ezali ya bino. Bokende, na balibongo eye ya loboko / bobomba bamasuwa, bomipesa na boyambi na ngai: ba Troyens to pe ba Tyriens bakozala lolenge moko po na ngai. """
Cette voiture a le coffre sous le capot. Le moteur est à l’arrière.	Motuka eye ezali na mogbukulu nase ya kapo. Masini ezali na sima.
Je savais ce qu'il avait en tête, tout comme il savait ce que j'avais dans la mienne ; et tuer étant hors de question, nous fîmes ce qu'il y avait de mieux après ça.	Nayebaki nini azalaki na yango na moto, lokola ayebaki nini nazalaki na yango na moto na ngai ; et koboma ezalaki mwango te, tozali eye ezalaki ya malamu sima na yango.
À vrai dire, je n'aime pas la musique classique. D'un autre côté, Molly est vraiment à fond dedans.	Koloba bosolo, nalingaka te nzembo ya kimya. Na epai mosusu, Molly azali penza na kati na mozindo.
Monsieur Brown cherche ses propres verres.	Tata Brown azali koluka ba talatala na ye ya miso.
Les enfants ne connaissent ni le passé, ni l'avenir - ce qui est à peine le cas chez les adultes - ils jouissent du présent.	Bana nayebi tango eleka te, tango ekoya te - ezali ndenge moko epai ya bakolo - bakosepela na eleko ya lelo.
Il relut toutes les pages du dossier dans l'espoir d'y trouver un détail nouveau.	Atangi lisusu bakasa ya ebombelo ya mikanda na elikya ya komona makambo ya sika.
Les policiers disent qu'ils savent que vous aviez un complice.	Ba polisi balobi ete bayebi ete ozali na moninga ya likambo.
A ton anniversaire, cette année, tu as eu 28 ans, Andrew, n'est-ce-pas ?	Na eyenga nayo ya mbotama, mbula eye, okokisi mibu tuku ibale na mwambe, Andrew, ezali boye te?
Il est possible que je sois centenaire, ou plus ; mais ne saurais le dire parce que je n'ai jamais vieilli comme les autres hommes, pas plus que je me souviens d'une quelconque enfance.	Ekoki kosalama ete nazala na mbula kama, to ya koleka, kasi nakoki koloba yango te zambi nazali kokoma mpaka te lokola bato basusu, ata moke te tango nakokundola bomwana ata nini.
J'adore ce jeu, et je vous préviens, je gagne toujours !	Nalingaka lisano eye, pe nalaki bino ete nalongaka tango nyonso.
"Pour arriver à exterminer ou à chasser tous les Palestiniens de leurs terres ancestrales, l'on a adopté une politique de déshumanisation en les assimilant tous à des ""terroristes."""	"Po na koboma to pe kobengana ba palestini nyonso na mabele ya bakoko na bango, esengelaki kosalela politiki ya bomoto te nakokomisa bango nyonso ""babangisi bato""."
S'il me fallait définir la vie en un mot, je dirais : « Vivre, c'est créer ! »	Soki esengeli na ngai kolimboma bomoi na liloba lyoko, nakoloba: « Kobika, ezali kokela! »
Dans la gravure, le clerc porte une balance où les poids disent que l’égalité et la liberté amènent au soulagement du peuple.	Na botubi, kalaka azalaki komema bomeki epai wapi kilo ekoloba ete bokokani pe bonsomi ekomema libondi na bato.
J'ai passé les meilleures vacances qu'on puisse s'imaginer.	Nalekisi bopemi ya kitoko penza eye bokoki kokanisa.
C'est mon rêve d'avoir un fils qui prendra ma suite lorsque je prendrai ma retraite.	Ezali ndoto na ngai kozala na mwana akokitana ngai tango nakozwa bosili sanza.
Leo a commencé à rugir quand il avait deux ans.	Leo abandaki koganga tango azalaki na mibu mibale.
Enzo ressemble exactement à un gars que je connais.	Enzo akokani lolenge moko na moto moko oyo nayebi.
N'importe quel appartement ira tant que le loyer est raisonnable.	Ndako ata nini ekozala soki mbongo ya ndako ekanisami malamu.
Je souhaitais vivement de pouvoir ramener à Paris ce superbe spécimen des paradisiers, afin d'en faire don au Jardin des Plantes, qui n'en possède pas un seul vivant.	Nalakaki penza komema na Paris elembo eye bonzenga mingi ya ndeke eye ya lola, na tina ete napesa yango bo libonza na elanga ya banzete, eye ezali ata na moko te ya bomoi.
Ça ne te fera aucun mal de te trouver ridicule. Résigne-toi à être l'idiot que tu es.	Ekosala yo ata mabe te ya komimona pamba. Tika kozala zoba eye ozali.
L'adaptation est la clé pour survivre.	Bomeseni ezali fungola po na kobika sima.
Aucun sport n'est aussi populaire que le foot au Brésil.	Ezali na lisano moko te eye elingama lokola lisano ya ndembo na Brésil.
Il a ouvert la cage et a libéré les oiseaux.	Afungoli ndako ya ndeke pe akangoli ba ndeke.
J'ai eu le sentiment que tu allais me le demander.	Nazali na liyoki ete olingaki kosenga ngai.
Elle a réussi à faire marche arrière dans l'allée étroite.	Alongi kozonga sima na nzela moke.
« Ça, c’est une photo de quand mon grand frère était venu me voir. » « Ouah, il te ressemble comme deux gouttes d’eau ! C’est toi, là ? » « Raté ! Moi, je suis là. »	« Oyo, ezali foto tango yaya na ngai ya mobali ayaki kotala ngai. « « Ah, akokani nayo lokola matanga mibale ya mayi! Ezali yo, awa? »  « Ezangi! Ngai, nazali awa. »
Quiquonque voudra participer devra s'adresser à notre agence.	Moto nyonso alingi kozala asengeli kosolola na kopani na biso.
Gloire au Père et au Fils et au Saint Esprit. Comme il était au commencement et maintenant et toujours et pour les siècles des siècles. Amen.	Nkembo na Tata, pe na Mwana pe na Elimo Santu. Lokola ezalaki na ebandela pe sikawa pe na bileko binso seko. Amen.
Quant à Bolkonsky, personne n’en disait mot ; ses plus proches parents regrettaient seuls sa mort prématurée et plaignaient sa jeune femme enceinte et son original de père.	Pona Bolkonsky, moto moko te alobaki ata liloba; baboti baye ya pene pene bango moko bazalaki na mawa ya liwa naye ya mbalakata pe bazalaki koyokela mawa mwasi naye ya nzemi pe ya tata naye mei.
Vos vies seront épargnées si vous vous rendez.	Bomoi na bino makobatelama soki bomipesi.
Je croyais que Ethan aurait eu besoin d'aide pour entrer et sortir de la douche.	Nakanisa ete Ethan akozala na posa ya lisalisi po na kokota pe kobima na esika ya kosukola.
Aussi cette bande effrénée s'abandonnait-elle, sans contrainte, aux plaisirs d'une folle orgie. Pierre, qui seul peut être avait conservé sa raison, faisait de vains efforts pour contenir ses camarades.	Pe lingomba eye ezanga ndelo emisundolaki, na lisengisi te, na bisengo ya ekobo ya liboma. Petelo, oyo akokaki ye moko abombaki mayele maye, azalaki kosala makasi ya pamba po na kopekisa baninga naye.
Thomas est sorti de prison au bout de 30 ans.	Thomas abimaki na boloko na mibu tuku misato.
La tente du cirque était dressée dans un parking.	Ema ya esika ya masano etyamaki na ebombelo mituka.
L'Allemagne et la France vont s'affronter vendredi au stade Maracana.	Alemani pe Fransa bakokutana mokolo mwa mitano na libanda ya lisano ya Maracana.
Après bien des années d'efforts pour trouver l'homme de ses rêves, Barbara décida d'abandonner tout espoir et consentit à épouser Lucien.	Sima ya ba mbula ya kosala makasi po na kozwa mobali ya ba ndoto naye, Barbara azwaki mokano ya kobwaka elikya pe kondima kobala Lucien.
Il a été battu avec une barre de fer dans une bagarre lors d'un match de football.	Abetamaki na ebende na bitumba tango ya lisano ya ndembo.
Car ce que l'on a couché noir sur blanc, on peut tranquillement l'emporter chez soi.	Bongo maye babombi na mwindo pe na pembe, bakoki na kimya penza komema yango na ndako naye mei.
Kylia vit en Caroline du Nord.	Kylia avandaka na nordi ya Caroline.
J'espère que Maxime ne sortira jamais de prison.	Naliki ete Maxime akobima mokolo moko te na boloko.
Cabha est allée cuisiner, quant à sa belle mère elle continue à carder sa laine.	Cabha akei kolamba, bongo mama bokilo naye akobi kotonga kunza.
Il vient toujours exprimer sa reconnaissance au Nouvel An et pendant les fêtes.	Ayaka tango nyonso koloba botondi naye na mobu ya sika pe na tango ya biyenga.
Elle a joué aux cartes avec Roy.	Abetaki kalati elongo na Roy.
Les poèmes que l'auteur a lui-même lu à voix haute ont fait grande impression.	Makomi lya toki eye mokomi ye mei atangaki na mongongo makasi esepelisaki mingi penza.
""" L'horrible Céléno, s'opposant à leurs vœux, / seule ose m'annoncer la colère des cieux, / et menace mes jours de la faim homicide. / Parle : que de mon sort ta sagesse décide. """	"""Céléno moto ya somo, atelemelaki bilako na bango, / moto moko amekaki koyebisa ngai kanda ya likolo, pe kokanela mikolo na ngai ya nzala ya koboma moto. / Loba: ete po na libaku na ngai bwanya bwayo mokokana. """
Continue de t'entraîner tous les jours, au bout d'un moment ça viendra tout seul.	Koba komilengele mikolo nyonso, na sima ya tango ekoya yongo moko.
Je suis désolé d'avoir causé tant de problèmes.	Bolimbisi po na kosala mabe mingi penza.
Nous pensons qu'un internet libre et ouvert peut aider à créer un monde meilleur.	Tokanisi ete etando ya internet ya pamba pe ya polele ekosalisa kokela mokili ya kitoko penza.
Le boulot paie bien, mais d'un autre coté, je dois travailler douze heures par jour.	Mosala ezali kofuta malamu, kasi na ngambo esusu, nasengeli kosala ngonga zomi na mibale na mokolo moko.
Nous sommes sortis, malgré la pluie.	Tobimaki, atako mvula ezalaki konoko.
Il a volé le téléphone cellulaire de son camarade et l'a caché dans le sac d'un autre étudiant.	Ayibaki aloalo ya moninga naye pe abombaki yango na libenga ya moyekoli mosusu.
Vous allez vraiment à Boston le we prochain ?	Bokokende penza na Boston suka ya poso ezali koya?
Je vous fiche mon billet qu'il n'y arrivera pas.	Nakopesa yo tike na ngai akoya naye te.
Vous pensez que nous n'avons rien pigé ?	 Bokanisi ete tokososola eloko te?
J'ai laissé par inattention à la maison les documents importants que je voulais emmener à la boîte. Serais-tu assez gentil de me les apporter maintenant ?	Natikaki na ndako na bozangi bokebi mikanda ya tina eye nalingaki komema na ebombelo mikanda. Okozala penza na bolingo ya komemela ngai mango sika oyo?
Quelqu'un a menacé de tuer cet homme politique.	Moto moko akanaki koboma moto wa politiki.
Ici, tireur, tu peux démontrer ton art pour de bon !	Awa, mobeti, okoki kolakisa mosala nayo libela.
Les gens sont vraiment furieux quand ils ont l'impression qu'on se moque d'eux. C'est pourquoi ceux qui ont confiance en eux-même se mettent rarement en colère.	Bato bazali penza na kanda mabe tango bakanisi ete bazali kotyola bango. Po na yango baye bazali na boliki na bango mei basilikaka mingi mingi te.
Ma mamie disait qu'après la pluie vient le soleil, elle était optimiste, voilà tout.	Koko na ngai ya mwasi azalaki koloba sima ya mvula moi ebimaka, azalaki moiesengo, nyonso wana.
Elle n'est pas uniquement mignonne, mais également gentille.	Azalaki bobele bonzenga te, kasi pe boboto.
Vous vous regardez dans le miroir et vous vous sentez comme une personne minable.	Bokomitala na talatala pe bokomiyoka lokola moto ya mawa.
J'aimerais voir M. Terry Tate.	Nalingaki komona Tata Terry Tate.
Soyez patiente madame, il ne va pas tarder à arriver.	Zala na motema pio mama, akowumela te koya.
L'amour rend les femmes jolies et les hommes bêtes.	Bolingo ekomisaka basi bonzenga pe mibali banyama.
J'en parlerai avec Marty et je verrai ce qu'il en pense.	Nakosolola na Marty pe nakomona nini azali kokanisa.
Ce triste sire avait un cachet de cire.	Ezali mawa sire azalaki na tampo ya ekengeli.
C'est une espèce de câble complètement bidulique avec un bout de fibre optique mal collé à un embout plastique, sans doute fabriqué en Chine, et qui devrait figurer au bêtisier de la technologie.	Ezali lolenge ya singa ya lotiliki nye ya eloko songolo na songe na yango ezali na monkinga ya opitiki etyami mabe na eloko ya plastiki, na tembe te esalemi na ekolo Sini, pe eye esengeli komonisama na zoba ya tekinologi.
Cette fleur exhale un merveilleux parfum.	Fololo eye elumbaka malasi kitoko.
Je regrette que tu aies autant d'ennuis.	Nazali na mawa ete ozali na mitungisi mingi.
Ils ont mis les voiles sur le cap de Bonne-Espérance, et embarqué pour le bout du monde.	Batyaki bilamba ya masuwa na nzela ya Bonne-Espérance, pe bayingeli po na kokende na suka ya mokili.
Raphaël a voulu prouver son amour à Marie, mais je crois qu'il est allé un peu trop loin.	Raphaël alingaki kolakisa bolingo naye na Marie, kasi naliki ete akendeki mwa mosika.
Désolé de pinailler mais le point à l'intérieur des guillemets est à éliminer.	Bolimbisi na kotondolo kasi elembo na kati ya giyeme ezali ya kolongola.
""" Ah ! si ce peuple affreux brave les lois humaines, / il est, il est des dieux qui, par de justes peines, / récompensent le crime et vengent le malheur. """	"""Ah! Soki bato baye ya somo babukaka mibeko ya bato, / ezali, ezali ya banzambe oyo, na bitumbu ya semba, / bakofuta bobe pe bakobekola mabe. """
Quand on fera danser les couillons, tu ne seras pas à l'orchestre.	Tango tokobinisa bilema, okozala na lingomba ya miziki te.
Est-ce que cela vous dérange d'attendre une minute ?	Bokoki soki ekotungisa bino te kozela ngonga moke?
Yanis et Marie sont allés en croisière près de l'Italie pour leur lune de miel, mais le bateau a coulé et Yanis s'est noyé dans sa cabine.	Yanis pe Marie bakendaki na bobembo pene ya ekolo Itali po na kosepela sima ya libala, kasi masuwa ezindaki pe Yanis atyolaki na kati ya kabine naye.
Madame Parker le salua avec un sourire.	Mama Parker apesaki ye mbote na bosepeli.
Dix minutes après qu'ils aient passé Nara, l'auto s'est retrouvée sans essence.	Sima ya monuti zomi na boleki Nara, motuka ezangaki esasi.
Boit une tasse de lait. Ça te fera du bien.	Mela kopo moko ya miliki. Ekosalisa yo.
C'est une assistante efficace et digne de confiance.	Azali mosalisi ya makasi pe ya lokumu ya boliki.
Dans cette activité on voit tout de suite le résultat.	Na mosala eye tokomona sika sika oyo elembo.
Tous allèrent à la fête, hormis Jo.	Banso bakendeki na lipati, longola Jo.
C'est bien de laisser le bébé pleurer de temps en temps.	Ezali malamu kotika mwana kolela tango na tango.
Certains de ses officiers ont protesté.	Boko ya ba ofisye naye baboyaki.
Il faudrait que vous pensiez au genre de travail que vous voulez faire.	Esengeli okanisa mosala nini olingi kosala.
Ne recule pas !	Kozonga sima te!
Modeste et court d'imagination, Justin ne connaissait le mal que par ouï-dire.	Modeste azangi makanisi, Justin ayebi mabe se na bilobaloba.
Mathis est hanté par les démons de son passé.	Mathis atambwisami na ba zabolo ya tango naye eleka.
Je retourne voir le docteur vendredi prochain.	Nakozonga komona monganga mokolo ya mitano ezali koya.
C'est à tour de rôle qu'elles se lèvent pour danser sur la piste de danse.	Ezali na ngala ete bakotelema po na kobina na esika ya libini.
L'action est une suite d'actes désespérés qui permet de gagner du temps.	Ekela ezali molongo ya bikela ya bolongoli elikya eye ekosalisa kozwa ngonga.
Que s'est-il passé, Sally ?	Nini elekaki, Sally?
J'ai voulu livrer le portrait d'un homme qui a probablement fait beaucoup de mal aux gens qui l'entouraient.	Nalingaki kotika elili ya moto oyo nabomoni asalaka mabe mingi na bato zinga zinga naye.
Si tu apprends à faire des tours de cartes tu seras toujours l'attraction de la soirée.	Soki oyekoli kosala zolonganu na ba kalati okozala tango nyonso bobendi ya pokwa.
Aucun des quatre garçons n'avait d'alibi.	Moko te ya bilenge bane azalaki na posa.
Vouloir des preuves que j'ai raison veut dire admettre que je peux avoir tort.	Kolinga bilembo ete nazali na tina elingi koloba ete nakoki pe kozala na mbeba.
J'espère que ça marchera.	Naliki ete ekotambola.
Elle ne disait pas un mot et semblait perdue dans ses pensées.	Nazalaki koloba ata liloba yoko te pe azalaki lokola moto abungi na makanisi maye.
L'hiver le plus froid que j'aie jamais vécu fut un été à San Francisco.	Eleko ya elanga eleki malili eye nabika ezalaki eleko ya molunge na San Francisco.
Ils veulent des réponses à des questions que vous ne devriez pas poser.	Balingi biyano na mituna eye bosengeli kotuna te.
Le Lord roule en Ford.	Lord atambolaka na motuka ya Ford.
Vous devriez sortir et vous amuser.	Esengeli bobima pe bosanaka.
Certains disent qu'il est dans la nature humaine de soutenir l'outsider.	Baike balobi ete ezali na lizalisami ya bomoto ya kosalisa bopaya.
Tatoeba : déjà entendu parler de batailles de phrases ? Ben ouais, c'est ce qu'on fait pour se détendre.	Tatoeba: Esi oyoka koloba bitumba ya bisakola? Malamu, oyo nde esalemaka po na kopema.
J'étais si pressé que j'ai oublié de fermer la porte à clé.	Nazalaki penza mbangu ete nabosanaki kokanga ezibeli na fungola.
Ça alors ! Vous croyez comme ça qu'ils vont déposer les armes? Tu parles !	Yango pe! Bondimi yango ete bakotika mandoki? Olobi!
Allô, ici Hugo. J'aimerais parler à Ann.	Alo, ezali Hugo. Nalingi kosolola na Ann.
Une année M et Mme Davis ont été invités à un réveillon de Noël dans un hôtel.	Mbula moko eleki Tata pe Mama Davis babyangemaki na butu ya eyenga ya mbotama ya Yesu na lotele.
Bien que je n'aie presque aucun argent, je suis heureuse avec toi.	Ata ko nazali na mbongo soki moke te, nazali na esengo elongo nayo.
Aucune échappatoire possible: c'est une voie sans issue. Nous sommes piégés comme des rats.	Mokalo ata moko te ekosalema: ezali nzela ezangi esika ya koleka. Batyeli biso motambo lokola ba puku.
Bruce était terriblement déçu quand sa copine l'a quitté, mais il s'en est remis peu de temps après.	Bruce asisolami makasi penza tango moninga naye wa bolingo etikaki ye, kasi amizongisaki sima ya mwa tango.
Ayez la gentillesse de fermer la porte à clé quand vous sortez.	Zaka na boboto ya kokanga ezibeli na fungola soki obimi.
Je t'ai obligée à être présente et alerte.	Nabosani yo ozali awa pe na bokebi.
Je me souviens de l'aventure de l'été passé.	Nakundoli libaku ya eleko ya molunge elekaki.
J’aurais aimé qu’il aille à l’université.	Nalingaki ete akende na eteyelo ya likolo.
Vous voulez un plateau avec ?	Bolingi sani na?
Il semblerait que vous aviez tort.	Ezalaki lokola bozalaki na mbeba.
Samy devient trés intéressé par L'Islam.	Samy azali kosepela mingi na isilami.
Ma mutation à l’étranger a été l’occasion pour moi de faire table rase du passé et de repartir sur de nouvelles bases.	Motindi na ngai na mboka ya bapaya ezalaki eleko po na ngai kolongola makambo nyonso ya kala pe kobanda lisusu makambo ya sika.
Quintus est en colère et frappe Marcus.	Quintus azali na kanda pe abeti Marcus.
Espèce de cinglé !	Moto ya liboma!
Je reçois beaucoup de lettres et j'y réponds toujours.	Nazwaka ba koma mingi pe nayanolaka mango tango nyonso.
Tu es la plus chouette petite copine que j'ai jamais eue.	Ozali elenge mwasi bonzenga makasi oyo natikala kozwa te.
Mon père est doué pour faire la cuisine. Quant à ma mère, elle est douée pour manger.	Tata na ngai azali na makoki penza ya kolamba. Po na mama na ngai, azali na makoki penza ya kolya.
Hé, gardez vos distances avec le patron, aujourd'hui, il a l'air vraiment énervé à propos de quelque chose.	Eh, bozala mosika na mokonzi, lelo, azali komonana asiliki po na likambo songolo.
J'ai l'impression que vous pourriez vouloir voir ceux-ci.	Nakanisi ete okolinga komona maye.
Le collier de diamants était faux.	Pauni ya dyama ezalaki ya mabe.
Sortez ou entrez.	Bima to kota.
À seulement dix-neuf ans, Joseph Louis Lagrange pose les bases du calcul variationnel.	Kaka na mbula zomi na libwa, Joseph Louis Lagrange etye misisa ya mituya ya mbongwana.
""" Approchez : de nos dieux l'autel va nous défendre, / ou sous le même fer nous expirerons tous. """	"""Bopusana: na ba nzambe na biso ya lotale bakobundela biso, / po na se ya ebende mei banso tokokufa. """
Il a épousé son amour de lycée.	Abali bolingo na ye ya kelasi.
Le reproche ressemble au vent ; si on le voit, on le sent.	Epaleli ezali lokola mopepe; soki omoni yango, oyoki yango.
J'aimerais offrir quelque chose de spécial à Nathan pour son anniversaire.	Nalingi kobonzela Nathan eloko ya motuya penza na eyenga naye ya mbotama.
Ne dites pas à Louis que vous êtes un flic.	Koyebisa Louis te ete ozali polisi.
L'ours n'omit de chercher dans aucun endroit alors qu'il cherchait des insectes juteux.	Ours atiki te koluka esika mosusu tango azali koluka nyama eke ya mai mingi.
Je ne peux pas ignorer les ordres de mon officier supérieur.	Nakoki te kobunga mibeko ya mokonzi na ngai.
Comme j'avais oublié mon téléphone portable, je fus heureuse qu'il existe encore des points d'appel téléphonique en cas d'urgence.	Lokola nabosanaki aloalo na ngai, Nasepeli ete ezali na bisika ya bobengi na aloalo na tango ya lombango penza.
« Une paix injuste est préférable à une guerre juste », disait Cicéron.	"Ciceron alobaki ete ""Kimia ya bozángi bosémbo eleki etumba esembo""."
Elle rêva qu'un prince venait sur un cheval blanc pour l'emmener.	A loti mwána wa mokonzi aye likolo ya mpunda ya pembe pona ko mema ye.
Gordon est intéressé par le mode de vie japonais.	Gordon a sepelisi na ndenge yako  bika ya ba japonais.
Merci pour le chocolat! J'espère que les crêpes t'ont plu, et j'espère que tu as passé une bonne journée aussi.	Matondi pona sokola! Naza na elikya galeti esepelisaki yo, naza pe na elikya ozo likesa mokolo kitoko.
Ton copain en a eu marre de t'attendre et vient juste de partir.	Moninga nayo alembi ko zela. A uti ko kende.
L'ancien président français, Nicolas Sarkozy, a été mis en examen pour trafic d'influence, corruption active et recel de violation du secret professionnel.	Nicolas Sarkozy, Tata mokonzi ya France atiami na botunituni pona mombongo mwa bonkútú, kanyaka, bobómbi elóko na bobuki ya sekele ya mosala.
La troupe était sous les ordres d'un lieutenant.	Limpinga ezalaki na see ya molongo ya lietena moko.
Un robot tueur peut choisir et attaquer des cibles sans intervention humaine.	Robo mobomi akoki ko pona  pe ko kobanda kobundisa mokánelami ata lipaso ya moto ezangi.
Elle a l'air heureuse, mais dans son for intérieur, elle souffre.	Amonani neti aza na esengo, kasi kati naye, aza na pasi.
Hugo s’amuse à jouer une sonatine en do majeur en montant d’un demi-ton uniquement de la main droite.	Hugo azo komi sepelisa nako beta eleli na do ya likolo, azo mata na ndambo ya eleli kaka na loboko ya mobali.
Johnny a demandé sa main à Alice et elle a accepté.	Johnny asengi Alice libala, ye pe andimi.
""" Là, des fiers Locriens s'élève la cité ; / là, commandant en paix à l'humble Pétilie, / Philoctète est content d'un coin de l'Italie ; / et, de Salente enfin inondant les sillons, / Idomenée au loin répand ses bataillons. """	""" Wana, ba fiers Locriens emi monisa na mboka ; / wana, eza yako pesa mibeko na ndenge ya kimya oyo ya humble Pétilie, / Philoctète asepela na coin ya mboka Italie ; / mpe, ba Salente enfin oyo etondisi ba sillons, / Idomenée na mosika azo bongiga mpona ba bataillons naye. """
Berg expliquait à Véra, avec un tendre sourire, que l'amour venait du ciel et n'appartenait point à la terre.	Berg ayonoli Véra na kongwenya ya kolimba, ete bolingo e uti na lola pe eza ya mokili te.
Louis s’était caché un peu en arrière, à l’abri d’un tronc d’arbre, de sorte qu’elle ne pouvait le voir.	Louis a bombamaki muke na sima ya nzete, na ndenge akokaki ko mona ye te.
La procrastination est comme la masturbation : c'est marrant jusqu'à ce qu'on prenne conscience qu'on se baise soi-même.	Kozongisa ko sala eloko nsima ezali neti ko mi sepelisa yo moko na ba posa ya nzoto: ezali ya esengo ti na tango oko kokisa ete ozo misala pasi yo moko.
Restez à l'écoute. Dan revient après la pause.	Tikala na boyoki. Dan ako zonga sima na bopemi.
Je ne connais aucun de ces garçons.	Na yebi ata moko ya mibali oyo te.
La balle est passée à deux doigts du visage de Timéo, alors qu'il sortait du bistrot dans un état d'ébriété avancé.	Motopi eleki pembeni ya elongi ya Timeo, na tango azalaki ko bima na nganda nakati ya ko langwa makasi.
"Jérusalem est une ville de paix, et pour qu'elle soit en ""paix"", il faudrait en effacer tous les Palestiniens qui y vivent et même sont qui y ont vécu et y sont enterrés."	"Yerusalemu ezalaki mboka ya kimia, na pona azala na ""kimia"" esengeli ko boma ba nkolo Palestine nionso oyo baza ko vanda kuna, tina na ba oyo bavandaki kuna mpe ba kundami kuna."
Certains croient que la famille royale britannique descend directement de la lignée du roi David.	Misusu ba kanisaka ete libota ya mokonzi ya ekólo ya baangelé ba uti semba na etuluka ya nkumu-mobali Davidi.
Justin Bieber est même encore plus célèbre que Katie Holmes.	Justin Bieber aza na mompela ko leka Katie Holmes.
L'appareil, un Boeing 777-200, qui a quitté Kuala Lumpur samedi à 0 h 41 (vendredi 17 h 40 à Paris), devait arriver à Pékin à 6 h 30 locale (23 h 30 à Paris).	Ndeke, Boeing 777-200, oyo e utaki Kuala Lumpur mokolo mwa mpóso  na 0 h 41 (mokolo mwa mítáno 17 h 40  na Paris), esengaki ko koma na Pékin na 6 h 30 (23 h 30 na Paris).
Les outils de repérage par satellite soulèvent de nouvelles questions à propos de l'intimité à un système juridique qui n'est pas resté en phase avec la technologie.	Bisaleli ya bomoni nako leka nzela ya ba satellite ememi mituni ya sika ya boyéi likolo ya mobongisano ya mibeko oyo etikali ko kokana te na mayele ya kosala ya lelo.
La société dans laquelle ils vivent est très différente de la nôtre.	Lingomba ya lelo ekeseni mingi na oyo ya biso ya kala.
Les policiers en sont venus à bout, le voilà donc en prison actuellement.	Ba mbila ba longi ye, yango lelo  asuki na ndako ya kaka.
Jessica avait chanté une chanson.	Jessica ayembaki nzembo.
J'ai remarqué qu'il n'en fout pas une. Cela sent les vacances !	Na lembetelaki ete azo kokina ata muke te. Neti tango ya bopemi ebandi!
Je vous dirai tout ce que vous voulez savoir.	Nako yebisa yo nionso olingi ko yeba.
Je n’ai pas cru un traître mot de ce que m’a dit Arthur.	Na ndimaki ata eloko moko te na oyo Arthur ayebisaki nga.
Il a essayé de récupérer son manque de sommeil en faisant un somme.	A mekaki ko lala muke pona ko zongela bozangi bua ye bua pongi ya moke.
Le christianisme a beaucoup fait pour l’amour en en faisant un péché.	Matéya ma Krístu esali ebele pona bolingo pe masumu.
Pour un baiser, que faut-il avant tout prendre en compte ? Le chanteur Max Raabe répond à cette importante question.	Pona lipwépwe,  nini oyo esengeli ko sala liboso? Moyembi Max Raabe ayanoli na motuya oyo ya motuya.
Je ne sais pas avec quelles armes la troisième guerre mondiale sera menée, mais la quatrième se fera avec des bâtons et des pierres.	Nayebi te soki na minduki nini  etumba ya misatu ya mokili mobimba eko salema, kasi ya mine ekosalema na fimbo pe na mabanga.
Seul un intellectuel masculin embrumé par le désir sexuel a pu nommer le beau sexe le modèle réduit, aux épaules étroites, aux hanches larges et aux jambes courtes.	Mpenza moto wa mayéle ya mobali oyo posa ya nzoto etie na molili akokaki ko benga nzoto ya muasi eloko ya muke, oyo ya lipeka muke, ngei minene pe na makolo ya mike.
Pourquoi as-tu peur de Derek ?	Ozo banga Derek pona nini?
La ceinture de sécurité ne sert à rien, ça n'a jamais sauvé la vie d'aucun Chinois sur la route ! Bon, après il est vrai qu'ils ne la mettent pas ...	Nkámba ya ekenge eza tina te, etikali ko bikisa ata Chinois moko te na nzela! Malamu, kasi, oyo ya solo ezali ete bango balataka ango te.
Nous croyons devoir, en vue de la liberté humaine, de la dignité humaine et de la prospérité humaine, reprendre au ciel les biens qu’il a dérobés à la terre, pour les rendre à la terre.	Pona lipanda ya mutu, pe pona lokumu na bolamu ya mutu, to sengeli ko botola lola biloko oyo ayiba mokili, pona ko zongisa ango na mokili.
Je suis contente que tu aies posé cette question.	Na sepeli na ndenge otuni lituni oyo.
Il évoque souvent ses souvenirs de l'époque du lycée.	A betelaka biso lisolo ya ekundoli naye ya tango azalaki ko tanga.
Certaines jeunes filles sont attirées par des membres de gangs parce que ça leur semble excitant.	Bana basi misusu baza ko bendama na batu ya ekunda po eza neti esengisi na miso na bango.
Test pratique d'enregistrement sur MPEG-4 AVC: traditionnellement d'usage facile, dispose désormais d'une haute qualité d'image et de son.	Limeki ya bosali ya libateli na MPEG-4 AVC: na bonkóko ezalaka pete, kasi ekomi sika oyo na elilingi pe na elili ya malonga.
Foutez le camp d'ici !	Bo bima awa!
Félicitations pour ton anniversaire.	mokangya pona mokolo ya mbotama nayo.
Il s'est arrangé pour s'échapper par la fenêtre.	Ami bongisi pona ko kima na nzela ya Iininisa.
La tentative de rendre le paradis réel sur terre apporte toujours l'enfer.	Ko meka ko sala lola ekoma ya solo na mokili ememaka kaka lifelo.
Tenez le gosse à l'écart de l'étang !	Ko tika muana pembeni ya eziba te !
Ô ce terrible amour a irrémédiablement fauché toutes les fleurs nouvelles de mon âme.	O, bolingo oyo ya somo ekati mbe nionso ya elimo na nga.
Sylvie avait soudain résolu de surprendre le colonel et Pierrette, de saisir les lettres et de confondre les deux amants qui la trompaient.	Sylvie ayanganaki mbalakaka ko kanga kolonele na Pierrette, mpe ko botola mikanda, mpe kobulunganisa ba makango oyo mibale bazalaki ko kosa ye.
Sabu a tourné balance du FBI.	Sabu akoma mokengi ya FBI.
Sans la connaissance des langues étrangères tu ne pourras jamais comprendre le silence des étrangers.	Kozanga ko yeba minoko ya ba paya eza ko zanga ko kokwa kimya na bango.
Coupez la viande en tranches minces.	Kata misunyi eteni mike mike.
Nous avons pour devoir de laisser à la postérité ce que nous savons et ce que nous aurons récolté.	Toza na lotomo ya ko tikela ba nkoko oyo to yebi mpe oyo to buka.
Il n'y eut aucun témoin.	Ko zalaki ata nzénénéké moko te.
Il paraît que le nouveau prof d’anglais est un beau gosse qui ressemble à Nathan Cruise.	Na yoki ete moteyi ya angele aza mobali monzenga akokani na Nathan Cruise.
Je m'excuse pour ce qui s'est passé ici.	Na sengi bolimbisi pona oyo elekani awa.
Son neveu vit en Amérique.	Mwana-nkasi naye a vandi na Amerique.
Une empreinte carbone est la somme de pollution au dioxyde de carbone que nous produisons par nos activités. Certaines personnes essaient de réduire leur empreinte carbone parce qu'elles sont inquiètes du changement climatique.	Elembetele ya kaboni ezali abakiso ya bobebisi na nzela ya dioxyde ya kaboni oyo tozali ko bimisa na nzela ya misala na biso. Batu misusu bazo luka ko kitisa elembetele ya kaboni na bango mpo baza na bobangi ya mbongwana ya kilima.
"""Je me demande où il est passé."" ""Inutile de le chercher. Il est aux toilettes en train de chatter avec son téléphone."""	"""Nazo mituna alekeli nzela nini."" ''Ntina te ya ko luka. Aza sima ndako azo solola na telefoni."
Quel mignon bébé. Coucou !	Muana muke kitoko mpeza. Mbote!
« Que vous est il-donc arrivé, Berthe ? », demanda Noah en portant doucement la pauvre folle à l'arrière.	« Nini ekomelaki yo, Berthe ? », atunaki Noah tango azo mema na malembe muana muasi ya liboma na sima.
Celui qui pose une question risque cinq minutes d'avoir l'air bête. Celui qui ne pose pas de questions restera bête toute sa vie.	Oyo ako tuna aza na likama yako bima zoba miniti tano. Oyo a tuni te ako tikala zoba bomoi naye mobimba.
Eh Thomas, j'ai entendu dire par le téléphone arabe que toi et Suzie sortiez ensemble. Bravo !	Eh Thomas, nayoki na masolo ete yo na Suzie bokomi elongote lisanga. Longonya!
L'avion s'approche de New York.	Ndeke ekomi pembeni na New York.
L'animal en haut à gauche est censé être un dragon.	Niama likolo kuna na ngambo ya muasi ekokanisa na engilíma.
Ils ont attrapé les voleurs la main dans le sac.	Ba kangi moyibi na likambo na maboko.
Hum! tu peux accepter cela ?	Hum! Yo okoki ko ndima ango?
A force de tirer sur la corde, il ne se verra plus rien proposer.	Kolutisa ebele, ako ya ko zanga nionso.
La mort, c'est comme une compétition où chacun espère arriver le dernier.	Liwa eza neti momekano esika batu nionso balingi bakoma mutu ya suka.
Janvier est le mois du dieu Janus, dieu au double visage, des passages et des portes.	Yanwari eza sanza ya esesli Janus, eseseli ya elongi lipasa, ya ba nzela mpe ezibeli.
Luca a disparu sans laisser de traces.	Luca a limwe neti na ndoto.
Le docteur prit mon pouls.	Monganga azui ngonga na nga.
L'évolution procède comme un bricoleur qui, pendant des millions et des millions d'années, remanierait lentement son œuvre, la retouchant sans cesse, coupant ici, allongeant là, saisissant toutes les occasions d'ajuster, de transformer, de créer.	Epusaneli aza neti mosalisi oyo, na ba mbula ebele makasi, azo bongola malembe malembe musala naye, nako kata awa, ko benda awa, ako kobumela mondongo nionso pona kolongibinya, kobongolanisa, kokela.
Henry n'a pas plus de six dollars.	Henry azangi ata dollar motoba.
Êtes-vous capables de sauter par dessus une chaise à partir de la station debout ?	Ozali na bokoki ya ko pumbuka likolo ya kiti ko lungwa na etelemelo?
Ce gosse qui n'arrête pas de gueuler me tape vraiment sur les nerfs !	Muana muke oyo azo ganga boye, azali ko pesa ngai kanda!
Au début, je regardais juste les phrases françaises, mais avant que j'en prenne conscience, j'étais captivé par leur traduction.	Na ebandeli, nabandaki ko tala kaka masakola ya lifalanse, kasi liboso na yelibinya nazalaki yako senginya na libongoli na bango.
Vous savez que c'est illégal, n'est-ce pas ?	Oybe ete eza bobuki mobeko, na kosi ?
Il n'existe aucun traitement au complexe d'infériorité.	Kisi ya nsoni ya bonse ezali te.
Sur la vidéo, l'on voit clairement l'un des soldats d'occupation en train de se battre avec des femmes pour essayer d'arrêter une enfant de douze ans.	Na kati ya video emonani na sangisangi ete soda moko ya bobotoli azo ko bunda na bana basi pona ko kanga muana muke ya mbula zomi na mibale.
La commission prendra une décision durant la session d'hiver, agendée fin octobre.	Komisyo eko zua mokano na tango ya mosala oyo eko salema na tango ya malili ya sanza ya zomi.
Une idée fausse mais répandue sur Christophe Colomb est qu'il impressionna un jour une tribu d'indigènes en prédisant une éclipse de lune. La vérité c'est qu'il la déclencha.	Likanisi ya lokuta oyo esi panzani likolo ya Christophe Colomb eza ete mokolo moko a kamwisaki ingili ya bai-mboka na tango aloba mambi makoya likolo ya ekilipisi. Solo eza ete ye nde a bandaki ango.
Pouvez-vous me donner le code postal de New York ?	Bokoki ko pesa nga kobuba ya posita ya New York?
Pour mon mari, je suis le porte-manteau de son luxe, l'enseigne de ses ambitions, une de ses vaniteuses satisfactions. Il n'a pour moi ni affection vraie ni confiance.	Pona mobali nanga nazali ebaka kazaka ya lipombo naye, elembo ya monene-ya-posa naye, moko na bosepeli ya lipombo naye. Aza ata na bolingo to elikiya na nga.
Il y a un professeur qui affirme que si Alex utilise bien des mots, ce serait une grossière erreur d'appeler cela un langage.	Kozali moteyi moko oyo azo loba polele ete soki Alex asaleli maloba oyo malamu, eko zala libunga monene yako benga yango mangala.
« Ma pitoyable vie n’a fait que contribuer au réchauffement climatique. » « Sois pas si triste. Tu fais de moi une femme heureuse. Tu crois que c’est absurde, ça ? »	"Bomoyi na nga ya mawa ezali ko bakisa ndenge mokili ezali kokoma moto koleka. » « "" "" Ko zala mawa te. Komisa nga muasi ya esengo. Okanisi oyo eza eloko ya buzoba? »"
Beaucoup de gens, même sur Tatoeba, écrivent par erreur « mn » au lieu de « min » pour l'abréviation de minute.	"Batu ebele, ata na Tatoeba, bazali ko sala mbeba na ko koma ""mn"" esika ya ""min"" pona ko kondisa  ya minite."
La rencontre de la star avec ses fans a créé un mouvement de foule.	Bokutani ya oyo ayebana na ba fana naye ememi ebele ya batu.
Garde la taule pendant que je suis parti.	Bomba lobwaku tango na bimi.
De nouveaux Russes, dis-tu ? Merveilleux ! C'est exactement ce qu'il nous fallait !	Olobi Ba Russes ya sika? Likamwa! Na ndenge tolingaki penza!
N'aie pas peur d'essayer de nouvelles choses.	Ko banga te to meka biloko ya sika.
Il n'est pas rare qu'une grande souffrance fasse suite à un grand amour.	Monyokoli munene ememaka mpe bolingo munene.
Danny n'a pas le sens de la beauté.	Danny ayebi makambo ya kitoko te.
Un être peut-il créer les cinquante milliards de galaxies, chacune d'elles d'une centaine de milliards d'étoiles, et ensuite se réjouir de l'odeur de la viande de chèvre que l'on brûle ?	Oyo a keli ntuku itano mobwa ya minzoto, akoki ko sepela na solo ya niama ya ntaba ya ko tumba?
Les gens qui parlent beaucoup d'eux - aussi excellents qu'ils puissent être par ailleurs - donnent l'impression d'être immatures.	Batu oyo bami kumsisaka ebele, ata soki eza pona makambo ya malonga koleka, ba zalaka kaka neti bazanga mayele.
Les deux opinions ont des mérites et des démérites, aussi ne vais-je pas décider tout de suite laquelle soutenir.	Makanisi oyo mibale mazali na ya malamu pe na ya mabe, yango nako kata likambo sika sika oyo te.
Il a été promu au rang de sergent.	Ba matisi ye na mompete ya seleza.
Il semble que beaucoup de dégâts aient été causés par la bataille d'hier.	Na moni ete bitumba ya lobi ememi bobebi ebele.
Au sein d'un temple égyptien régnait un esprit de grave simplicité.	Na kati ya tempelo ya ba egypito kozalaki molimo moko ya bompamba makasi.
Marika est le genre de fille qui peut te donner un solide coup poing dans le visage si elle était jalouse.	Marika aza lolenge ya basi oyo akoki ko beta yo likofi na elongi soki aza na zuwa.
Mon programme télé préféré a été annulé.	 Pologalami na nga oyo na linga ya televizo ekolongani.
French Data Network c'est l'association que je préside.	Nazo kamba litondoli ya French Data Network.
La saison des pluies prendra fin dans deux semaines ou un peu plus.	Mvula eko sila moene ya poso mibale.
Tu as intérêt à bien réfléchir avant d'accepter de faire ça.	Osengeli ko kanisa malamu liboso ya ko ndima ko sala ango.
John Wayne était une des stars de cinéma les plus populaires de ce siècle.	John Wayne azalaki moko na ba oyo bayebana makasi na sekulo oyo.
Quelles sont les cinq premières lettres de votre adresse mail ?	Pesa nga kalaka mitano ya liboso ya ngambo nayo?
On voudrait revenir à la page où l'on aime, et la page où l'on meurt est déjà sous nos doigts !	To lingi to zonga na lokasa esika bolingo ezali, mpe lokasa esika liwa ezali ekomi naino na misapi!
Pour autant que je sache, c'est l'un des meilleurs médecins de la ville.	Na ndenge nayebi, aza munganga oyo aleki malamu na engumba.
Tu pourras me poser au bureau mercredi ?	Okoki ko tika nga na mosala mokolo mwa misato.
La nuit était pleine de silence, et le ciel avait une hauteur démesurée. Des bouquets d’arbres débordaient, sur les longues lignes des murs. La ville entière dormait. Les feux des avant-postes brillaient comme des étoiles perdues.	Butu etondaki kimia, pe likolo emonanaki likolo yako leka. Maboke ya ba nzete ezalaki ko sopana, likolo yaba nzela ya efelo. Engumba mobimba elalaki. Minda ya ndako ya nsilinzi ebandaki ko ngela neti minzoto.
Après la construction d'une ou deux grandes usines aux abords ou dans une ville, les gens viennent chercher du travail et bientôt, une zone industrielle commence à se développer.	Nsima ya ko tonga moko to bisalelelo ya minene mibale na ndelo, to na kati ya engumba, batu baye ko luka misala, na muke ndámbo ya etando monana ekoli.
On ne se voit pas tous les jours, donc à chaque fois qu'on se retrouve, on est content de se voir.	To monanaka mikolo nionso te, yango tangu nionso to monanaka to sepelaka.
""" Sur cet augure heureux ne formez aucun doute ; / avancez seulement, et suivez cette route ; / elle mène à Carthage. """	"'' Likolo ya sango oyo ya esengo kozala na tembe te; / kende kaka liboso, pe landa nzela oyo; / eko mema yo na Carthage. """
Il paraît que Carol et Will ont rompu.	Na yoki sango ete Carol na Will bakati bolingo nabango.
Tu es très prodigue. Bah, si tu veux payer pour moi, ça ne me dérange pas.	Oza mutu ya bikamwisi ebele. Bah, soki olingi ko futela nga, mabe te.
Il y a un an et demi, j'ai failli mourir.	Tozalaki mbula moko na ndambu, na lingaki na kufa.
Il est sorti de prison en creusant un tunnel.	Akimi boloko na nzela ya nse ya mabele.
Dans des temps durs comme ceux-ci, aucun effort ordinaire ne peut sortir notre compagnie du rouge.	Na ntangu ya pasi neti oyo, makasi ya momeseno ekoki ko bimisa kompani na biso na bokwei te.
Le poète disait : «Ce sont les chats que j’aime que les chiens parce que les chats ne travaillent avec les militaires».	Mokomi ntoki alobaki: «Na lingi nyawu ko leka mbwa po nyawu asalaka te na sokoro».
Il semble que tu aies retrouvé ta confiance en toi-même.	Na moni neti ozongisi boliki elikya na yo moko.
La propreté est l'oeuvre des gens propres.	Bopeto eza mosala ya batu ya peto.
Lorsque la confiance en nos institutions est faible, nous devrions réduire l'influence corrosive de l'argent dans notre politique, et insister sur les principes de transparence et d'éthique dans le service public.	Na tango elikia to tia na kati yaba ekonzelo na biso ekomi ngotobobo, tosengeli ko kitisa ebuloa ya eliaka ya mbongo nakati ya mopelengano na biso, mpe kolendendala litosi ya bomonisi pe nkwakolo na mosoko ya bato banso.
Je ne m'attendais pas à ce qui allait arriver.	Nakanisaki te elingaki ko koma.
Je ne ressens pas que de l'amitié pour toi. Je ressens plus que ça. Depuis que je te connais, je suis tombée amoureuse de toi.	Naza kaka te na molukano ya mbamba pona yo. Oyo nazo yoka eleki wana. Banda nayebi yo, na linga yo makasi.
Wow! Votre idée est géniale.	Ko kamwa! Likanisi nayo eza ya mayele mpenza.
Veux-tu te joindre à moi pour pratiquer la danse de salon ?	Olingi ko pusana pembeni na nga po to meka mabina na ndako?
Je connais vos numéros.	Nayebi ba nimero na bino.
« Mais le crime parfait n'existe pas », répliqua l'homme, dans la propriété duquel se trouvait la voiture, « ...du moins pas tant que je n'ai pas récupéré mon véhicule ».	« Kasi lizimi ya kobongo nye ezalaka te », ndenge mutu oyo ndako naye ebombaki mutuka azongisaki, nako loba, «...soki na zui nanu lisusu mutuka na nga  ».
Les algériens soutiennent l'armée criminelle algérienne et le pouvoir corrompu algérien seulement par pure haine des kabyles.	Ba nkolo algerie bazo ko temisa limpinga ya babomi ya algerie mpe na bokonzi monyakami kaka mpona boyini likolo ya ba kabyles.
Beth a dit à Chris de se laver, sans quoi elle n'irait pas en sortie avec lui.	Beth ayebisi Chris a sokola, pamba te ako bima naye te.
Tu n'es qu'une garce.	Oza kaka bulawayo ya pamba.
Le peuple anglais pense être libre, il se trompe fort ; il ne l'est que durant l'élection des membres du parlement: sitôt qu'ils sont élus, il est esclave, il n'est rien.	Bana mboka ya angleterre bakanisi baza na lipanda, bami kosi makasi; baza na lipanda kaka na tango ya maponami ya batu ya palema: na tango ba ponami, bango bakomi bana misala, bazali eloko te.
Elle a fait cuire une tarte aux pommes pour son mari.	Asaleli mobali baye lipa ya sukali na mbuma.
Nous avons plusieurs chantiers à finir avant d'envisager chercher de nouveaux clients.	Tozali na ntonga ebele yako silisa liboso ya ko kanisa ko luka basombi ya sika.
Tony court une ou deux fois par an.	Tony akimaka mbala moko to mibale na mbula.
Pour commencer, il y a le requin gris ordinaire, nommé par les marins « procureur des mers ».	"Pona ko banda, kozali mbisi munene ya mbwe Motaabano, oyo batu ya masuwa ba bengi ""likonzi na mayi »."
J'écoute un livre audio de Harry Potter avec le baladeur que je viens d'acheter.	Nazali ko yoka mukanda oyo etangami ya Harry Potter na nzela ya apaleyi ya nzembo oyo na uti ko somba.
Frantz de Galais, le fils du château — qui était étudiant ou marin ou peut-être aspirant de marine, on ne savait pas… — était allé à Bourges pour y chercher une jeune fille et l’épouser.	Frantz de Galais, muana ya ekpangba — oyo azalaki moyekolo to mutu ya masuwa to tango mususu oyo aza na posa yako koma mutu ya masuwa, to yebaki na biso te...— akendaki na Bourges pona ko luka muasi mpe ko bala ye.
Lorsque je suis avec un bébé qui pleure, j'ai le goût de pleurer moi aussi !	Tango nazali na muana muke oyo azo lela, naza na posa nga moko yako lele mpe.
Dès les premières années de la vie, nous recevons, de nos parents et de nos proches, un certain nombre de croyances qui conditionnent la recherche d'informations supplémentaires.	Ko banda mbula ya liboso ya bomoyi, to zoko zua ko uta epayi baboti mpe na ba ndeko, boyambi oyo eko mema biso to luka sango yako bakisama.
Aucun autre livre n'est aussi lu que la Bible.	Ata mukanda moko te etangama ko leka Biblia.
Jim court aussi vite que Ron.	Jim azo ko kima mbangu ko leka Ron.
Mener une vie satisfaisante se ramène à une simple question : lorsque vous éteignez la lumière, le soir, et que votre tête repose sur l'oreiller, qu'entendez-vous ? Votre âme chanter ou rire Satan ?	Ko zala na bomoi yako mi sepelisa ezo zongisa na lituni obe moko: na tango obomi muinda na butu, mpe mutu nayo elali likolo ya mbeto, nini ozo yoka? Elimo nayo ko yemba to ko seka Satana?
Alain décrivait sa femme comme une fille impétueuse, qui parlait vite, savait mentir et n’avait aucun sens de la pudeur.	Alain azalaki ko komola muasi naye neti muana muasi ya matata, oyo alobaka mbangu, ayebaki ko kosa mpe azalaki ata na soni te.
Dites stop à la paresse intestinale !	To telemisa bolembu ya libumu.
"""Il faudrait légèrement décaler le tableau vers la droite."" - ""Comme ça ?"" - ""Là c'était presque trop."""	"""Esengeni ko tindika etanda muke na loboko ya mobali."" - ""Boye?"" - ""Wana elekaki muke ebele."""
Pourquoi voudrais-tu partager ce type d'information avec des gens que tu connais à peine ?	Pona nini olingi ko kaba sango ya lolendo oyo na batu oyo o uti ko yebana na bango.
Au vu de son manque total de gratitude, après tous les efforts que j'ai faits pour elle, je me dis que j'aurais mieux fait de pisser dans un violon.	Nako mona kozanga maa ya litondo naye, na sima ya lotomo nionso oyo na sali pona ye, na milobi ete na sali mosala ya mpunda.
Continuez à marcher tout droit et vous verrez l'arrêt d’autobus au coin de la rue.	Koba na ko tambola liboso nayo oko mona etelemelo ya bisi na nsuka ya nzela.
Veuillez me notifier par courriel tout bogue détecté ou fonctions manquantes que vous voulez voir incluses dans les futures versions du calculateur d'indice de masse corporelle.	Bo yebisa nga na mokanda ya singa miko yonso boko kutana na ngo to oyo ezangi bolingi to bakisa na masini ma kotuya ya ndenge ya nzoto.
To et arie avaient subitement perdu leur lettre m respective, la seule qu'ils avaient en commun.	To na arie ba bungisaki na mbala moko kalaka ya m, kalaka oyo bazalaki nango na bomoko.
J’aime à sentir l’odeur des papiers imprimés.	Na lingaka solo ya lokasa ya mokanda.
La discussion se poursuivit au Ministère des Affaires Étrangères à propos de l'intégration sociale et de la politique d'entrée des étrangers au Japon.	Eweli ekobina na Mosongo ya Mambi ya Bosangani na oyo etali ya bokitisi ya lingomba mpe ya mopelengano ya bokoti ya ba paya na Japon.
Sans oxygène, tous les animaux auraient disparu depuis longtemps.	Soki mopepe te, ba niama nionso balingaki ko sila kala.
Je voulais te toucher un mot de ce qui s'est passé.	Na lingaki na yebisa yo eloko moko likolo ya makambo oyo elekanaki.
Les gens s'extasient souvent devant les merveilleux couchés de soleil rouges, qui leur font justement apercevoir le niveau extrême de pollution dans laquelle ils se trouvent. On ne voit que ce qu'on veut voir.	Batu ba kamuaka makasi liboso ya moyi ekotana ya mokobo motane, oyo ezo lakisa bongo ndelo ya bobebi ya mopepe nakati oyo ba zali. To monaka kaka oyo to lingo ko mona.
Thomas dit qu'il veut ressembler à Brad Pitt.	Thomas alobi alingi akokana na  Brad Pitt.
La loi condamne le faux témoignage.	Mobeko epekisi bosakoli ya lokuta.
Compte tenu de son intérêt pour les enfants, je suis certain que l'enseignement est la carrière idéale pour elle.	Nako landa litomba pona bana mike, naza na ko ndima ete liyekoli ezali musala oyo esengeli na ye.
J'ai senti un contact léger sur mon épaule.	Na yokaki bokangi ya pepele na lipeka.
Si un policier vous arrête pour circulation abusive sur la voie de gauche, a-t-il carte blanche pour fouiller le contenu de votre téléphone aussi ?	Soki mbila akangi yo pona ko lekisa ko tambwisa na nzela ya loboko ya mwasi, epesi ye lilingisi pona ko lukaluka nakati ya telefoni mpe?
Diane est aussi ta demi-sœur, George.	Diana azali mpe ndeko nayo ya muasi, George.
Tous les soirs j’écoute la radio.	Butu nionso nayokaka lolaka.
Brian a acheté un rouge à lèvres pour Kate.	Brian asombaki bokembisi eteke pona Kate.
Et il arriva qu'à minuit, l'Éternel frappa tous les premiers-nés du pays d'Égypte, depuis le premier-né de Pharaon assis sur son trône jusqu'au premier-né du prisonnier assis en sa prison ; et tous les premiers-nés du bétail.	Ekomaki ete na midi ya butu, Nkolo abeti nkoloto ya mboka mobimba ya Egypito, nako banda na muana ya liboso ya Falo oyo avandi na ngwende ti na muana liboso ya mokangemi na boloko; mpe bana liboso ya etonga.
Je l'aime à la folie. Mes mains tremblent sur le clavier, pour peu que je pense au charme qu'il dégage. Il faut que je me sorte de cette situation qui me mène peu à peu à ma perte.	Na lingi ye neti liboma. Maboko na nga ezo ko lenga likolo ya ekembe, kaka nako kanisa lisengelo oyo ezo uta epai naye. Esengeli na bima na likambo oyo ezo mema nga na libungi.
M. et Mme. West sont en lune de miel.	Tata na Mama Ba West ba uti ko balana.
"""Est-ce que la lettre contenait des éléments nouveaux?"" - ""Non, seulement de vieilles histoires."""	"""Na tuni soki mokanda ezalaki na makambo ya sika na kati?"" - ""Te, kaka makambo ya kala."""
Aucun accord n'a été conclu.	Boyokani moko te ezuamaki.
Tu devras regarder le film quand tu en auras l'occasion.	Eko senga olanda film oyo mokolo oko koka.
Si on a compris que la volonté du peuple n'existe pas, alors il n'y a pas loin jusqu'à la reconnaissance que la démocratie représentative est plus démocratique que la démocratie directe.	Soki to sosoli ete ndinga ya mo-mboka ezalaka te, yango eza mosika te pona bosimi ete demokrasi ya lilakisi eleki demokrasi ya nsemba.
Qui que vous soyez qui voulez cultiver, vivifier, édifier, attendrir, apaiser, mettez des livres partout.	Ata oza nani oyo alingi ko lona, ko pesa bomoyi, ko kolisa, ko lembisa, ko kitisa motema, bo tia mikanda bisika nionso.
Trouvez un boulot !	Luka mosala!
Quand je suis rentré à la maison, j'ai trouvé bizarre que la porte soit ouverte.	Na tango na zongi ndako, na monaki ango ya bokamwisi ete ememeli ezala yako fungwama.
Je ne me suis pas rendu compte que mon portefeuille avait disparu jusqu'à ce que je sois rentré.	Na sosolaki te ete potomoni na nga elimwaki kaka tango na zongi ndako.
Le docteur veilla le vieil homme malade toute la nuit, versant lichée de whisky après lichée de whisky dans la bouche ouverte du vieillard jusqu'à ce qu'il mourût.	Munganga atalaki mpaka wana mobeli butu mobimba, ako bonga masanga ya makasi muke muke na kati ya monoko polele ya mpaka tii akufi.
J'ai passé la matinée à essayer de trouver quoi faire.	Na lekisi mokolo nako luka eloko yako sala.
Pour ce qui concerne votre demande de congés, vous devrez encore attendre un peu.	Pina oyo etali bosengi ya pobemi nayo, esengeli ozela lisusu muke.
Les scientifiques ont découvert de nouveaux médicaments, il y a donc toujours de l'espoir pour les personnes dans le coma.	Batu ya mayele ba lomboli ba kisi ya sika, ko za kaka elikya pona ba oyo bazali na koma.
Je me rends compte que je ne suis peut-être pas l'homme le plus séduisant du monde mais j'espère quand même que vous envisagerez de sortir avec moi.	Na moni ete naza mobali monzenga ko leka na mokili oyo ako sepelisa batu nionso, kasi nazali na elikia ete oko ndima ko zala na nga.
Le Canton du Jura est situé à 15 km de la France.	Mboka ya Jura eza na 15 km mosika ya France.
Le chef de la guilde relégua Vince à une position de sous-officier parce qu'il abusait de son pouvoir.	Mokonzi ya Guilde Relagua Vince aza na esika ya mokonzo ya nse po azimbaki na bokonzi.
Le bleu-vert exprime la couleur de l'eau claire ; c'est un bleu brillant et clair.	Bule ya mayi ya pondu elakisi mokobo ya mayi ya bwee; ezali bule ya ngeli ngeli mpe ya bwee.
Je veux particulièrement remercier notre équipe de vente qui a battu des records.	Na lingi na ndenge ya nga moko na pesa matondo na ekipi ya boteki oyo ba teki ebele ko leka mikolo nionso.
Il existe un degré de stress dans tous les métiers.	Ko banga ezali na misala nionso.
Si Thomas découvre que je vous ai dit ceci, il me tuera.	Soki Thomas a ko dindola ete nayebisaki yo makambo oyo, ako boma nga.
Quand la cloche sonne, les élèves sortent dans la cour pour prendre leur goûter.	Ntango ngonga ebeti, bana kelasi ba bimi na kulu pona ko lia.
Tommy n'a pas pu répondre à la dernière question.	Tommy akokaki ko yanola na lituni ya suka.
Grant a refusé d'admettre sa défaite.	Grant aboyi ko ndima libomi naye.
Allez chercher la caméra.	Bokende ko luka kamela.
Lâchez prise.	Bo tika kaka.
Je ne vais pas te laisser me commander.	Nako tika te bo kobyanga nga.
Ouvrez votre esprit à de nouvelles connaissances.	Fongola elimo nayo na boyebani ya sika.
Ça n'a aucun foutu sens.	Eza na mokendo ata muke te.
Mon mari est un chic type.	Mobali na nga aza mutu malamu.
Et je ne me tiendrais pas ici ce soir sans le soutien inflexible de ma meilleure amie depuis les derniers 16 ans, la pierre angulaire de notre famille, l'amour de ma vie, la Première Dame de la nation, Michelle Obama.	Pe na lingaki na telema awa te na pokwa ya lelo soki ezalaki ngonzi te ya moninga na nga oyo toyebani ko leka mbula 16, esukeli ya libota na nga, Mwasi ya liboso ya mboka, Michelle Obama.
J'attends toujours qu'on me dise ce qui s'est passé.	Nazo zela kaka ba yebisa nga oyo elekanaki.
Le Qatar refuse que les ouvriers népalais, embauchés pour préparer la coupe du monde de football, retournent chez eux pour assister aux obsèques de leurs proches, tués dans le séisme récent.	Qatar eboyi ete batu ya misala ya Nepal, oyo ba bamataki na mosala pona ko bongisa coupe du monde, bazonga na mboka na bango pona ko kunda ba ndeko na bango oyo ba kufaki na bolengilengi ya mabele ya kala te.
Les vampires vivent éternellement, à moins qu'ils ne soient tués.	Ba kundwi ba kufaka kaka soki ba bomi bango.
Sur base de l'aveu et des documents y annexés, le tribunal de commerce vérifie si les conditions de la faillite sont effectivement réunies et déclare la faillite ouverte par jugement.	Likolo ya bo ndima mpe na mikanda oyo eyaki na ngo, esambiselo ya monbongo ako tala soki lisengi ya bokwei ezali ya solo, sima ako sangela bokwei oyo efunguami na bosambi.
Oui ! Je la tuerai ! tu verras, je la tuerai !	ee! Nako boma ye ! Oko mona, nako boma ye !
J'ai passé toute l'après-midi à chercher mes clés.	Na lekisi nsima ya midi mobimba nako luka fungulo na nga.
Selon la recherche effectuée par Gunnar Samuelsson, Jésus n'est peut-être pas mort sur une croix. Il est possible qu'il soit plutôt mort sur un poteau ou sur un tronc d'arbre.	Engebenena ya boluki oyo esalemi na Gunna Samuelsson, eza neti Yesu akufaki na ekukusu te. Ekoki ko zala ete akufaki nde likolo ya likonzi to nzete.
Entre une langue vivante, parlée au total par des centaines de milliers de gens dans le monde...	Kati ya monoko oyo ezo lobama na monkama ya nkoto ya batu na mokili.
Mets tes bottes en caoutchouc, sinon tu auras les pieds mouillés !	Ti sapato nayo ya ndembo, pamba te oko kozala na makolo ya ko pola.
C'est OK, c'est in, c'est bath.	Malamu, eza malamu.
Elle est plutôt bien foutue.	Aza na likambo ya mabe.
Je considère personnellement la mort d'un artiste comme Lou Reed tragique.	Nazo mona liwa ya moi ntoki nete Lou Reed ya mawa.
Attendre un ami pendant longtemps, ça m'énerve.	Ko zela moninga tango molayi epesaka kanda.
Parfois, Spencer est tellement attaché à Trang que ça amène celle-ci à penser qu'il est surprotecteur.	Tango mususu Spencer aza yako kangama makasi na Trang tino ememi ye akanisa ete kimobateli naye eleki.
Mon cousin Teddy a étudié en français à l'université et a étudié à Paris pendant un an.	Ndeko nanga Teddy atangaki na kifalansa na kelasi pe a tangaki na Paris mbula moko.
Les chiens de Robert sont entraînés pour tirer un traîneau dans des conditions extrêmes.	Ba mbua ya Robert ba tangi ko benda mituka mike na bisika ya makasi ko leka.
Ce que j'étais incliné à considérer comme une phrase exaltée se révéla être une amère réalité, contre laquelle on avait voulu me prévenir !	Oyo nalingaki ko mona neti lisakola ya munene eyaki ko bima bozali ya bololo, oyo bolingaki ko kebisa nga.
Daniel ressemble à un Ouïgour.	Daniel akokani na Ouïgour.
« Bonjour, je cherche un costume de cérémonie. » « Puis-je vous demander pour quelle occasion ? »	« Mbote, nazo luna elamba ya nkuta. » « Nakoki ko tuna yo ezalaki na eposa nini ? »
La frontière de la bulle solaire est l'héliopause, à peu près à cinquante unités astronomiques du Soleil, là où la pression du vent solaire est réduite à la minuscule pression entre les étoiles, dans notre bras de la galaxie.	Mopaka ya moyi ebangami heliopause, na pembeni ya nkutu itanu ya ndambo yako tanga ya Moyi, esika kilo ya mipepe ya moyi eza yako kita na esika ya minzoto, nakati ya minzoto na biso.
Je ne suis pas sure d'être prête pour cela.	Na banzi te nakomi nyongo pona yango.
L'un des chasseurs a été touché par une balle et a dû être amené à l'hôpital où il se remet maintenant rapidement.	Moko yaba mokula ezuamaki na lisasi moko mpe ba memi ye na lopitalo esika azo bika mbangu.
La situation actuelle de la Turquie montre avant tout une profonde division de la société.	Ndenge yako zala ya Turquie elakisi bokaboli ya mozindo ya lingomba.
Êtes-vous sûr que vous ne voulez pas que je vous amène à l'hôpital ?	Ya solo olingi te na mema yo na lopitali ?
Je suis désolée de te déranger, mais il y a un appel téléphonique pour toi.	Limbisa mutungisi na nga, kasi kozali mutu azo ko benga yo na singa.
Les boissons alcoolisées sont associées à une augmentation des cancers de la bouche, du pharynx, du larynx, de l'œsophage, du côlon-rectum, du sein et du foie. Le risque augmente avec la dose.	Masanga makasi ezo tambola elongo na malali ya kansele ya monoko, lilekisi, nzela ya mongongo, zelu, libele pe na libale. Bokebi ya likama ezali kobakisama na kobakisa epimelo.
À mesure que le réchauffement de la planète s'intensifie sous l'effet du changement climatique, les conflits pourraient alors, eux aussi, s'intensifier.	Lolenge mokili ezali kokoma molunge makasi na tina ya mbongwana ya nzebi, mobulungano, mpe lokola, ekoki koya makasi.
Tu es bizarre, je ne t'ai pas du tout encore aidée et tu m'appelles génie.	Ozali na lolenge ya kokamwisa, nayino na sungi yo te kasi ozali kobenga ngayi moto ya bwana mingi.
Le vrai amour ne blesse pas volontairement. Le vrai amour demande toujours pardon. Le vrai amour pardonne toujours.	Bolingo ya solo ezokisaka na nko te. Bolingo ya solosolo esengaka tango nyonso bolimbisi. Bolingo ya solo elimbisaka tango nyonso.
As-tu décidé de ce que tu allais offrir à Nathan pour son anniversaire?	Osoyebi eloko oko bonzela Nathan mpona eyenga ya mbotama naye?
Il n'a pas d'intérêt pour quelque sport impliquant un travail d'équipe ou des réponses rapides à d'autres joueurs.	Azangi litomba na masano oyo esengaka mosala ya litonga to biyano ya lombango epayi ua banika babeti.
Je suis très relax.	Nazali kimya penza.
L'infirmière de ma mamie est très gentille.	Monganga ya koko nangayi azali na boboto mingi.
Oh vous, peuples du monde ! Vous savez, certainement, que Mes ordres sont les lampes de mon amoureuse providence parmi Mes serviteurs.	Oh bino, bato ya mokili! Boyebi ete, mitindo na ngayi ezali mwinda ya molingami na ngayi kati ya basali na ngayi.
L'électricité a rendu les bougies peu utiles dans nos vies.	Lotiliki ekomisi minda ya mafuta tina te na bomoyi na biso.
Est-ce que je peux poser une question à laquelle tu n'es pas obligé de répondre ?	Nakoki kotuna motuna moko oyo okoki kopesa eyano to te?
Mark Zuckerberg m'a volé mon idée !	Mark Zubeckerberg ayibi makanisi ma ngayi!
"Surgit la question: ""L'internet est-elle aussi un moyen de communication en masse?"""	Motuna etunamaki: ''Internet azali mpe nzela ya kosolola mpona bato ebele?''
Il est bizarre et je n'aime pas les gens bizarres.	Ezali lolenge mabe, na lingaka bato ya motindo oyo te.
Espèce de porc dégoûtant !	Tala ye kuna lokola ngulu ya bosoto!
"Est-il possible de réaliser 70 copies de votre rapport paru dans ""Le Réseau"" de novembre et de les distribuer à nos agents?"	Ekoki kosalema ete obimisa ndakisa tuku sambo ya maloba oyo opanzaki na ''Le Réseau'' ya sanza ya zomi na moko mpe okabola yango epayi ya basali na biso?
Qui est ta star de télé préférée ?	Nani nde olingaka mingi na television?
Les enfants d'Adam sont membres d'un seul corps, et sont tous issus de la même essence.	Bana ya Adama bazali binama ya nzoto bobele moko, mpe bawuti na mosisa moko.
Arrêtez le voleur ! Il s'est enfui avec mon sac à main !	Kanga moyibi! Akimi na sac à main na ngayi!
Ouvre ton sac s'il te plait, que je puisse voir ce qu'il y a dedans.	Fongola sac na yo nasengi yo, namona nini ezali na kati.
Parce que nous rejetons la même chose que les gens de toutes les confessions rejettent : L'assassinat d'hommes, de femmes et d'enfants innocents. Et il est de mon premier devoir comme Président de protéger le peuple Étasunien.	Mpona ete toboyaka eloko moko mpela moko bato ya biyamba nyonso: Koboma bato, basi mpe bana baye bayebi eloko te. Ezali mosala nangayi ya yambo lokola tata mokambi ya ekolo oyo kobatela bana mboka ya Etats-Unis.
C'est un jeudi soir que j'ai tenu la promesse que je lui avais faite.	Ezalaka mokolo ya mosala mineyi na pokwa nde nakokisaka elaka na pesa naye.
« Miroir, miroir au mur, qui est la plus belle dans tout le pays ? » — « Votre Majesté la Reine, vous êtes la plus belle ici, mais Blanche-Neige est mille fois plus belle que vous. »	''Talatala, talatala na etutu, nani nde azali bonzenga koleka ekolo mobimba? '' - ''Nkumu, yonde oleki bonzenga awa, kasi mbula ya pembe ezali mbala koto bonzenga koleka yo. »
"Les Russes utiliseront toutes sortes d'armement pour défendre leurs intérêts géostratégiques au Moyen-Orient et aucun État voyou, terroriste ou criminel, même ""civilisé"", ne les fera reculer."	Bayi Russi bakosalela bi bundeli ndenge na ndenge mpona kobate esika nabango kuna na ngele mpe Engumba ata moko te ya yawuli, babomi, ''baye bayekola'', bako koka kozongisa bango sima te.
J'ai adjoint le nom de mon mari au mien.	Na samgisi kombo ya mobali nangayi na oyo ya ngayi.
Nous attendons la sortie du premier numéro de notre revue avec crainte et impatience.	Tozali kozela bobimi ya lokasa nayo ya yambo na bobangi mpe motema moto.
Tu vends des voitures d'occasion, pas vrai ?	Otekisaka mituka basalela, boye te?
Mike a quelques amis en Floride.	Mike azali na boko baninga na Floride.
Les Martin nous ont invités à leur fête d'anniversaire.	Babengisaki biso na lipati mpona eyenga ya mbotama yaba Martin.
Kylia a remis la trousse de premiers soins là où il l'a trouvée.	Kylia azongisaki sanduku ya lisalisi ya yambo esika okamataki yango.
A bientôt, Ian.	Olele, lan.
Les preneurs d'otages s'échappèrent, malgré un court échange de tirs avec un policier.	Baye bakangaki bato bakimaki, atoko matoki mabetaki kati ya bango mpe ba pulusu.
Ça a suscité mon intérêt quant à comment certains noms propres internationaux sont écrits en japonais.	Ebendaki bokebi nangayi komona boni boko bakombo ya bato ya bituka misusu ejali kokomama na lokoto ya bayi Japon.
L'industrie locale était florissante par tout le pays pendant la période Edo grâce à l'effort de promotion de chaque clan.	Company ya mboka ezalaki kokende liboso na mboka mobimba na eleko ya Edo mpona tina ya makasi mpona tombwa ya libota moko na moko.
"Aujourd'hui, une femme qui travaille comme mécanicienne automobile est ""cool"", alors qu'un coiffeur masculin est automatiquement étiqueté ""gay"" par beaucoup."	Lelo, mwasi oyo azali kosala lokola mobongisi motuka azali ''malamu'', nzoka nde mobali oyo azali kobongisa bato suki abwingami mbala moko ''pede'' na bato ebele.
Vous devez me laisser gérer ceci.	Botika ngayi na yangela oyo.
Le délai de traitement est le temps nécessaire qu’il nous faut pour préparer l’article à la livraison.	Tango mpona kosala yango nde tango oyo esengeli mpona to lengela mokanda oyo ebima.
Vous avez changé depuis que je vous ai vus l'an passé.	Obongwani uta namona yo mobu moleki.
Si vous ne bougez pas immédiatement, vous serez arrêtés.	Soki okimi sikaawa te, okokangama.
Si vous voulez traverser la rue, vous devez attendre que ce soit vert.	Soki olingi kokatisa balabala, osengeli kozela ekoma na langi ya mayi ya pondu.
Toutes les lettres ont pour principe ‘A’ ; l’univers a pour principe l’Etre Primitif.	Makoma nyionso mobeka nango ezali 'A'; Molongo ezali na mobeko Ejali ya ebandeli.
Je demandais des comptes à mes employés.	Nzalaki kosenga basali nangayi bazongisa maloba.
La famille avait gentiment accepté de répondre aux questions de l'inspecteur.	Libota ba ndimaki na boboto nyonso koyanola mituna ya molukiluki.
Dire que j'ai gâché des années de ma vie, que j'ai voulu mourir, que j'ai eu mon plus grand amour, pour une femme qui ne me plaisait pas, qui n'était pas mon genre!	Koloba ete na bebisi mibu ya bomoyi nangayi, ete nalingaki kokufa, ete nazali na bolingo nangayi monene, mpona mwasi oyo azalaki kosepelisa ngayi te, oyo azalaki ya lolenge nangayi te!
J'espère qu'il a compris et qu'il va me laisser tranquille.	Nalikya ete asosoli mpe akotika ngayi kimya.
Ethan était surpris par les infos.	Ethan akamwaki naba sango.
Quand j'ai repris conscience, j'ai remarqué que j'étais couché sur le plancher.	Tango mayele nangayi ezongaki, namonaki ete na lalaki na libaya.
Vous autres, mathématiciens, n'êtes qu'une bande de pervers !	Bino basusu, baye bayekola mituya, bozali etonga ya bato babunga nzela!
Retournez dans le van.	Bozonga na van
Pour chaque dîner, où son devoir de fidèle sujet l'avait obligé à manger comme tout le monde, il s'imposait une pénitence de deux journées de nourriture au pain et à l'eau.	Pona biloko nyoso, to mosala naye lokola mondimi etindaki ye koliya lokola bato nyonso, amipesaki etumbu ya mokolo mibale koliya lipa mpe komela mayi.
Tu auras beau essayer, tu ne seras pas capable de finir cela en un jour.	Okomeka nayo ndenge olingi, okokoka kosilisa ango namokolo moko te.
J'ai dû abandonner la fac et prendre un boulot.	Nakomaki nakotika kelasi mpo na kobanda mosala.
Nous nous sommes trouvés à court d'argent.	Tokomaki nakomona ete mbongo esilaki biso.
Vous pouvez vous rendre de Washington à New York par le rail.	Okoki kolongwa Washington kino New York na nzela ya egbunduka.
Envoyez les gosses au lit !	Tinda bana bakende kolala!
La zone au-dessus de huit mille mètres est connue comme zone de la mort.	Esika ezwami likolo yaba metres kotomwambe eyebani lokola esika ya liwa.
Au nouvel an, nous passons un long moment en famille.	Na mbula ya sika, tolekisaka tango mingi na libota.
Jack était fatigué par cinquante miles de marche.	Jack alembaki tango atambolaki ba kilometres tukumitano.
Si tu regardes les paroles de la chanson, tu te rends compte que c'est à peine sensé, non ?	Soki otali maloba ya nzembo, okomona ete ezali penza na tina te, boye te?
L’alphabet de l'espéranto comprend vingt huit lettres : a, b, c, ĉ, d, e, f, g, ĝ, h, ĥ, i, j, ĵ, k, l, m, n, o, p, r, s, ŝ, t, u, ŭ, v, z.	Alphabet ya lokoto espéranto ezali naba lettres tuku mibale n'a mwambe : a, b, c, ĉ, d, e, f, g, ĝ, h, ĥ, i, j, ĵ, k, l, m, n, o, p, r, s, ŝ, t, u, ŭ, v, z.
J'ai perdu le pari.	Nakweyi na lisano.
Vous devez arrêter de vous inquiéter.	Bosengeli kotika mitungisi.
Elle a fichu son petit copain à la porte.	Abengani mwa moninga naye.
« Désolé, je t’ai posé une question déplacée ? » « Non, pas du tout. » « Alors pourquoi tu réponds pas ? »	''Natungisami, natuni yo motuna mabe? ''''Te, ata muke te. ''''Ebongo pona nini ozoyanola te? »
Je suis M. Tanaka, votre nouveau voisin. Enchanté de faire votre connaissance.	Nazali M. Tanaka, mozalani nayo ya sika. Nasepeli koyeba yo.
Kevin a été élevé par sa tante à la campagne.	Kevin abokolamaki na tata mwasi naye na mboka.
Je connais la fille avec qui tu parlais hier.	Nayebi mwana mwasi ozalaki kosolola naye lobi.
Déconnectez l'alimentation du modem, attendez environ une minute, puis connectez de nouveau le câble.	Longola  modem na lotiliki, zela pene pene ya minuti moko, zongisa yango lisusu.
Oublions le passé et parlons de l'avenir.	Tobosana maye maleka, tosolola natina ya lobi.
L'amour fait parfois faire des bêtises.	Tango mosusu bolingo ememaka moto na bozoba.
Suivre la même ligne éducative est très important. Si un parent choisit de faire une chose et l'autre parent fait le contraire, l'enfant est confus.	Kolanda nzela moko ya boyekoli ezali na motuya mingi. Soki moboti moko aponi eloko moko mpe mosusu asali oyo ekeseni, mwana abulanganisani.
Ne blasphémez pas, jeune homme, dit le prêtre avec un sérieux effrayant. Dieu vous frapperait de sa malédiction, il vous rendrait fou; je crains que vous ne le soyez déjà, car vous parlez comme un être privé de raison.	Kotuka te, elenge mobali, sango alobaki Nzambe akobete na bilakela mabe, akokomisa bino liboma; nazali nakobanga ete bosili kozwa liboma, mpona bozali koloba lokola bato ya bolema.
Véhiculer votre message est bien plus important que d'essayer de le dire exactement comme un locuteur natif le dirait.	Kopesa maloba na lolenge mosusu, lokola na bilembo ya nzoto ezali na motuya makasi na tina ya koluka koloba lokola moto abotama na monoko yango.
Le plombier pompa l'eau pour la faire sortir du tuyau.	Mobongisi mpompi ebendi mayi mpo ete abimisa tubo.
Si vous en voulez une, il vous faudra trouver la vôtre.	Soki olingi yango, esengeli oluka ya yo.
Ne laissez pas votre chien en laisse si vous voulez qu'il vous soit attaché.	Kotika imbwa na yo na bozenga te soko olingi akangama na yo.
Eh bien, j'ai adoré.	Na boye, nasepeli.
À force de voir des émoticônes partout, je perds l'habitude de chercher des traits d'humour dans les textes eux-mêmes.	Nakozongela komona ba bililingi ya kosekisa bisika nyonso, nabungisi bizaleli ya koluka bisika ya kosekisa na kati ya mikanda yango moko.
Le consommateur saura quel type de poisson il achète, comment il a été produit et d'où il provient.	Moleyi akoyeba mbisi nini akosomba, lolenge nini babomi ye mpe awutaki wapi.
Garde tes leçons de morale, tes conseils et recommandations pour toi-même. J'en ai marre de ton attitude arrogante.	Bomba mateya na yo ya bato malamo, toli na mpe mitindo mpona yo meyi. Nalembi bizaleli na yo ya goyi-goyi.
À quel niveau a-t-il joué un rôle dans le programme de recherche ?	Na mosanda nini asalaki mosala na mosala ya koluka-luka ?
Lorsque j'étais gosse, Maman reprisait nos chaussettes lorsqu'elles avaient des trous. De nos jours, la plupart des gens les jettent et en achètent de nouvelles.	Tango nazalaki mwana moke, mama abandaki kotonga ba chaussete na biso tango ezalaki ya kotoboka. Na mokolo ya lele, bato mingi babwakaka yango mpe basombaka mosusu ya sika.
Bobby doit aller au lit à 7h30.	Esengeli na Bobby alala na 7h 30.
Le devoir était si compliqué que personne de la classe ne l'a terminé.	Momekano ezala mpasi mingi na tina ete moto moko te akokaki kosilisa yango.
J'ai pensé qu'il serait amusant de chanter ensemble quelques chansons.	Nakanisaki ete ezalaki na maseki koyemba elongo ndambo ya banzembo.
Grace donnait l'impression d'être en colère.	Grace azalaki komonisa ete azalaki na nkanda.
Mets la radio en marche; l'émission va commencer.	Fongola radio; emission elingi ebanda.
Mais le comté du fromage éponyme, c'était le comté de quoi, en fait ?	Kasi likambo ya comté ya fromage éponyme, ezalaki likambo ya comté nini, na suka?
Croix de bois, croix de fer, si je mens, je vais en enfer.	Ekulusu ya nzete, ekulusu ya ebende, soki nakosi, nakokende na lifelo.
Le bol en verre s'est brisé en petits morceaux.	Sani ya moke ya mbele epasuki na biteni ebele.
À l'aspect du fantôme envoyé par les dieux, / je frémis, ma voix meurt, et mes cheveux se dressent.	Lolenge ya elima kowuta na banzambe,/ nazali na kobanga, mongongo ekimi, mpe suki ya moto etelemi.
Ma vie privée ne vous regarde pas, la vôtre ne m'intéresse pas.	Makambo na ngayi etali bino te, ya bino mpe etali ngayi te.
Tu devrais faire des excuses à ton père pour ne pas être rentré pour l'heure du diner.	Esengeli osenga bolimbisi epayi ya tata na yo mpona kozonga sima ya ngonga ya bileyi ya mpokwa.
Cesse de rêver et ouvre les yeux.	Tika kolala mpe fongala miso.
Larry Ewing est marié.	Larry Ewing abala.
Parlez dans le micro.	Loba liboso ya micro.
Grant échoua dans presque tout ce qu'il entreprit - jusqu'à ce qu'on lui donne le commandement de l'armée de l'Union.	Grant alongaki te na pembeni ya makambo nyonso amekaki kosala - kino ete bapesaki ye bokonzi ya mapinga ya Lisanga.
« Quand l’étoile du berger se reflète dans la rivière, il est temps d’aller se reposer », disait régulièrement Maxime à Marie avec un petit sourire malicieux.	« Tango monzoto ya mobateli ya bampate epesi mpole na ebale, ezali tango ya kopema », ezalaki koloba na bosongeli Maxime epayi ya Marie na kongwene ya mayele mabe.
Veuillez ne pas répondre à ce courriel frauduleux et ne cliquez en aucun cas sur les liens contenus dans le courriel.	Kozongisa eyano te na makanda oyo ya lokuta kowuta na internet mpe komeka kokota soko moke te na banzela ezali na kati na yango.
Si vous deviez aller vivre sur une île déserte et ne pouviez emmener qu'un seul livre avec vous, lequel choisiriez-vous ?	Soko esengameli yo obika na kati ya esobe mpe okoki komema bobele buku moko, buku nini okopona?
C'est peu : pour mieux encore assurer sa victoire, / Cassandre, qu'Apollon nous défendait de croire, / rend des oracles vains que l'on n'écoute pas.	Ezali moke: likolo lisusu kokomisa solo elongi na ye, / Cassandre, oyo Apollon apekisaki biso tondimela, / azali kokomisa mateya pamba kino bato bazali koyoka lisusu te.
Miner des astéroïdes pourraient permettre d'extraire des ressources utiles à l'exploration spatiale directement dans l'espace.	Kotiya mitambo likolo ya ba astéroïdes ekoki kopesa nzela mpona kozwa bisaleli ya motuya na misala na kati ya sanza mbala moko na likolo ya mapata.
Nous devrions sans doute nous laisser Tom savoir ce qui s'est passé.	Ebongi ete na kotela ngwi yonso otikela biso Tom ayeba maye malekaki.
Si nous sommes solidaires, nous pourrons faire sortir le Diable de l'enfer.	Soko tozali na boyokani, tokoki kobimisa diabolo na lifelo.
L'armée finnoise est sur le champ de bataille.	Mapinga ya mboka Filandia bazali na mondelo ya bitumba.
L’amour est une passion essentiellement égoïste.	Lolango ezali eloko ya moyimi mingi.
Pour être une économie de la connaissance véritablement compétitive, l'Europe doit renforcer son aptitude à produire des connaissances  par la recherche, à les diffuser par l'éducation et à les appliquer grâce à l'innovation.	Pona kozala bomengo ya koyebana na momekano ya makasi, esengeli na Europa alendisa makoki ma ye ya kobimisa makanisi ya sika na nzela ya boluki, mpe kopanza makambo makomonana - na nzela ya mateya mpe kotiya yango na misala na nzela ya kokotisa makambo ya sika.
Casey habite à Tver.	Casey abikaka na Tver.
Arthur demanda à Jeanne quels étaient ses plans pour l'avenir.	Arthur atuni Jeanne makanisi maye na mikolo mizali koya mizali nini?
Parlez franchement, en avez-vous marre ?	Loba na bosolo, balsili kolembisa yo?
Edward regarda Kathy dans les yeux et lui demanda si elle pensait ce qu'elle disait.	Edward atala Kathy na miso mpe atuni ye soki azali kokanisa makambo azali koloba.
Pourquoi m'as-tu réveillée pour me dire quelque chose d'aussi important ? Maintenant, je ne vais jamais pouvoir me concentrer sur mon travail !	Mpona nini olamusi ngayi mpona oyebisa ngayi eloko moko ya motuya makasi boye? Sika oyo, nakokoka lisusu kosala mosala malamo te!
Ce qu'il y a de plus beau en ce monde, c'est un amour légitime qui s'avance paisiblement sur une route fleurie, avec l'honneur à sa droite et la sécurité à sa gauche.	Eloko ya malonga mingi na kati ya mokili, ezali bolingo ya solo, oyo epusanaka na kimya na kati ya nzela etundi fololo, na longonwa na loboko ya mobali mpe kimya na loboko ya mwasi.
À en juger d'après la taille de cette empreinte de pas, je dirais que l'auteur du crime fait environ un mètre quatre-vingts.	Na kotala matambi ya makolo maye, nakoloba ete moto asali mbeba maye azali molayi kino metele yoko mpe centimetele tuku mwambe.
J'ai abandonné tout espoir de survie.	Nabungisi elikya nyonso yakotikala lisusu na bomoyi.
J'espérais ne pas devoir travailler le dimanche.	Namikaniselaki ata moke te kosala kino na mokolo ya lomingo.
Un cœur joyeux est un bon remède, mais un esprit abattu dessèche les os.	Motema etondami na esengo ezali eyano elamo, kasi molimo etukami ezali ekawusaka mitema.
Il n'y a aucun souci, je l'espère.	Nakanisi ete likambo moko ezali te.
J'adorerais sortir avec toi.	Nakosepela makasi kobima na yo.
De même que la chenille choisit, pour y poser ses œufs, les feuilles les plus belles ; ainsi le prêtre pose ses malédictions sur nos plus belles joies.	Na lolenge mbinzo aponaka nkasa ya kitoko mpona kobwaka maki na ye, nganga nzambe atiyaka botutu likolo ya matama na biso.
On demande au peuple de se partager les miettes pendant que la brioche est gardée bien au chaud.	Bazali kosenga na bato bamikabola bilei ya mike-mike biye bitikalaka, na tango kalundele ebombami na moto.
J'aimerais un vol direct pour New York.	Nakolinga pepo ya mbala moko kino New York.
Ca y est, ça te démange encore. Tu cherches les embrouilles, c'est ça ?	Ekoki, ezali kosala yo lisusu mokosa. Ozali koluka makambo, yango nde?
Entendez vous dans nos campagnes Mugir ces féroces soldats? Ils viennent jusque dans vos bras, Égorger vos fils, vos compagnes!	Boyokaka na ba campagne na biso basoda ya nkanda konganga? Bayaka kino na maboko na bino, koboma bana mpe basi na bino.
Je vous rejoins dans une minute.	Nazali koya kala mingi te.
Nous avons tous grandi dans la croyance que chacun a droit a son opinion, cependant, certains croient désormais que toutes les opinions se valent.	Kokolaki biso nyonso na bondimi ete moto na moto azali na makoki ya kopesa makanisi ma ye, banosusu bakanisaka kobanda lelo ete makanisi nyonso ezali na motuya.
Les fruits que vous aviez promis d'envoyer ne sont pas arrivés.	Bambuma olakaki kotinda ekomi nayino te.
Descendez la rue pendant 5 minutes et vous verrez le magasin sur votre droite.	Kende na bala-bala koleka miniti mitano mpe okomona magasin na loboko ya mobali.
"""Marika t'attend en bas."" ""Je descends tout de suite la voir."""	"""Marika azali kozela yo kuna."" ""Nazali kokita sika oyo mpona mokutana na ye."""
Dites donc ! Vous croyez comme ça qu'ils vont déposer les armes? Penses-tu !	Tala nayino ! Okanika ete bakotika bitumba bobele boye? Okanisi bongo!
Le premier qui répète cela à ma femme, je l'étrangle, compris ?	Moto ya liboso oyo akobandela koloba yango lisusu epayi ya mwasi na ngayi, nakoboma ye, boyoki?
Je regrette que tu aies mal compris mes intentions.	Nakanisi ete ososoli makanisi na ngayi malamo te.
Kylia a sorti son flingue.	Kylia abimisi mondoki na ye.
Ma tête est restée coincée à la sortie et je n'ai pas pu sortir.	Moyo na ngayi ekangamaki na tango ya kobima mpe nakokaki kobima lisusu te.
Vous devez prendre ces pilules.	Esengeli omela nkisi.
Tout le monde dans la pièce a vérifié sa montre en même temps.	Bato nyonso na kati ya ndako batali montre na bango mbala moko.
Aïe! Cela fait mal, ça me démange de partout.	Mama na ngayi! Ezali kosuwa, ezali kosala ngayi mokosa.
Elle habite au 56 Russell Square.	Afandaka na bala-bala Russell Square numero 56.
Kamui no ken était une sorte d'histoire de samourai / ninja qui se passait au cours de la transition entre la chute du shogunat des Tokugawa et la Restauration sous l'Empereur Meiji en 1868.	Kamui no ken ezalaki lisapo ya bakonzi ya Japon (Samurai) / ninja oyo elekaki na mikolo ekabolaki bokweyi ya bokonzi bwa shoguna ya ba Tokugawa mpe Bozongisi na eleko ya Mokonzi Meiji na mibu 1868.
—Mais qu'est-ce qui vous fait supposer qu'il nous laissera quelque chose? —Ah! mon enfant, il est si riche, et nous sommes si pauvres! —Cette raison ne me paraît pas suffisante, je vous l'avoue, maman....	—Kasi  eloko nini ezali kolakisa yo ete akotikela biso eloko moko?—Ah! Mwana na ngayi, azali na bomenga, kasi biso tozali babola! — Tina oyo ezali ya kokoka te, nazali koyebisa yo, mama ...
Je cherchais Andy. Sais-tu où il est ?	Nazaki koluka Andy. Oyebi soki azali wapi?
J'espère que tu me diras tout ce qui s'est passé.	Nakanisi ete okoyebisa ngayi maye manso malekaki.
Il se sentit si malheureux, si fâché contre lui-même qu’il lui prit une forte envie de pleurer…	Amiyokaki mawa mingi, mpe komisilikisa kino akomaki na mposa ya kolela.
Aucun des camarades de classe de Théo ne lui a offert de l'aide.	Moninga moko te ye kelasi ya Théo asalisaki ye.
Tu te rappelles la fois où on est allés à Boston ensemble ?	Ozali komikanisela mbala moko tokendaki na Boston elongo?
Le nouveau travail de Layla lui a permis d'accéder aux dossiers confidentiels de la prison.	Mosala ya Layla ya sika ememi te komona ba mikanda ya boloko ya konombama.
« Ça va ? Pas trop blessée ? » « Non non, ça va très bien. Je suis même ravie que ça l’ait faite me parler en toute franchise. » « Je vois. Tant mieux. »	« Ozali malamu? Ozoki mingi te? » «Te te, nazali malamu. Nasepeli lolenge ememi ye kosolola na ngayi na polele nyonso. » «Nazali komona. Malamu. »
Terrible accident d'hélicoptère dans un cimetière belge, les sauveteurs ont déjà dégagé plus de 500 corps.	Likama ya helicoptere na ekunda ya bato na mboka Belgique, basalisa bato babimisi 500 nzto ya baweyi.
Bonsoir, mon chéri !	Mbote, molingami.
Je ne ferai pas semblant d'être désolée.	Nakokosa te kozala ya kotukama.
Kim vit avec Ken.	Kim avandaka elongo na Ken.
Une habitude ne peut être jetée par la fenêtre ; elle doit être contrainte à descendre les escaliers, une marche à la fois.	Bizaleli ebwakamaka te nyoso na mbala moko; esengeli ebongolamaka malembe-malembe.
Kate a eu l'occasion de jouer un rôle important dans un film.	Kate azwaki libaku ya kosala mosala makasi na film moko boye.
Si vous voulez cet emploi, vous devez faire acte de candidature avant demain.	Soki olingi mosala moye, esengeli okotisa dossier lelo.
Nous ne percevons, pratiquement, que par le passé, le présent pur étant l'insaisissable progrès du passé rongeant l'avenir.	Tososolaka kaka, na bosolo, na maye maleka, maye mazali kosalama sika awa ezali bokobi ya maye maleka, maye tokoki kosimba te mpe exali koliya maye makoya.
Evidemment tu es terriblement déçue maintenant, n'est-ce pas ?	Na komonisa polele, ozali mpenza ya kotukama saja awa, ezali bongo?
Les différences entre les histoires des deux parties impliquées dans l'accident étaient si grandes que les autorités ont eu du mal à décider qui disait la vérité.	Bokeseni na kati ya maloba ya ngambo mibale basalaki accidentezalaki makasi mingi kino ete bakonzi bazalaki na pasi mpona kozwa mokano likolo ya moto azalaki koloba solo.
Tous les êtres vivants tirent leur énergie de la lumière solaire. Les cellules des plantes le font directement, les animaux indirectement, en mangeant les plantes et les autres animaux.	Bato mpe biloko nyonso bizali na bomoyi bizwaka bokasi na bango na moyi. Biteni ya nzete esalaka yango mbala moko, banwama mbala moko te, na tango bazali koliya matiti mpe banwana misusu.
Le mari de Marie est aussi son chéri, et même son amant.	Mobali ya Marie azali mpe molingami na ye, mpe lisusu moninga na ye.
Je ne suis pas sûre de suivre ce que vous dites.	Nazali na elikya te na kolanda maye malobi yo.
Traduire des phrases une par une est trop lent pour vous ? Vous voulez élever votre rang sur Tatoeba, ou le rang de votre langue, à la vitesse de la lumière ? Eh bien, c'est pour vous !	Kolimbola mindelo ya maloba moko moko ezali kokende malembe mpona yo? Olingi otombola lokumu na yo na kati ya Tatoeba, to lokumu ya lokota na yo, na lomango lokola lombongo ya mpole. Na boye, ezali mpona yo!
À l'hôtel, vérifiez où est la sortie de secours avant d'aller au lit.	Na Ndako ya bapaya, Tala liboso esika nini ekuke ya kokima ezali yambo ya kolala.
Celui qui tient l'os, le chien ira suivre sa main.	Moko oyo azali na mokuwa, imbwa akokangama na ye.
Les musées sont la grande fierté de New York.	Bamosole ezali limpambu ya mboka New-York.
Rien ne tue comme un amour trahi !	Eloko moko te ebomaka lokola likambo ya bombanda.
Quand je travaillais dans une école publique, j'avais de dix à quinze étudiants par classe.	Tago nazali kosala na eteyelo ya mbula-matadi, nazalaki na bana ya kelasi zomi nz mitano na kelasi moko.
Une scène angoissante s'accompagne forcément d'une chouette qui hulule ou de loups qui hurlent à la pleine lune.	Tango ya kobangisa eleka elongo na konganga ya ndeke oyo agangaka na butu to mpe konganga ya imbwa.
J'espère que tout retourne à la normale.	Nazali na elikya ete makambo nyonso ezonga malamu na lombango.
Quoi d'étonnant si la prison ressemble aux usines, aux écoles, aux casernes, aux hôpitaux, qui tous ressemblent aux prisons ?	Eloko ya kokamwa ezali wapi, soko boloko ezali kokokana na bisika ya mosala, ba eteyelo, da camp ya basoda, balopitalo, yango nyonso mpe lisusu ezali kokokana na baboloko.
Je me suis presque faite écraser par un camion.	Etikalaki moke batuta ngayi na motuka.
On ne peut pas dire que la civilisation ne progresse pas, car pour chaque guerre, ils trouvent de nouvelles façons de vous égorger.	Tokoki koloba te ete mokoli ezali kozonga sima, mpo ete na bitumba nyonso ya sika, bazali kobimisa lolenge ya sika ya koboma bato.
Puis-je récupérer ma caution s'il vous plaît ?	Nakoki kozwa mosolo ya caution, soki olingi?
Elle a un ravissant visage rond.	Azali nalongi kitoko na lolenge ya lilala.
"- À quoi penses-tu en entendant le mot ""bit(t)e"" ? - Eh bien, à une bitte d'amarrage, bien sûr, mais je pense que toi, tu penses à autre chose."	"Ozali komikanisela nini tango ozali koyoka liloba ""bit(t)e""? - Nabongo, nayebi ete makanisi nayo ezali bisika mususu."
C'est sympa de votre part d'essayer de me remonter le moral.	Ezali malamo mingi mpona yo komeka kopesa ngayi makasi?
Ce temps est à crever de chaud, j'ai tout simplement pas envie de sortir.	Tango oyo ezalina na molunge makasi, nazali bobele na posa ya kobima libanda te.
Il a occupé les assaillants suffisamment longtemps pour que les renforts arrivent.	Alekisi tango ya miyibi kino ete basoda basusu baya.
""" Quand le perfide Ulysse eut à sa lâche envie, / vous ne l'ignorez pas, immolé ce héros, / en silence d'abord pleurant ses noirs complots, / pleurant de mon ami la triste destinée, / je traînais dans le deuil ma vie infortunée. """	"SW""Tango Ulysse mopengwisi ayokaki posa na ye ya mabe, / bobosani yango te, kopesa mbeka molongi oyo, aleli nayino na kimya mayele na ye ya molili, /kolela na tina ya moninga na gayi liwa ya mabe, / nazalaki komema matanga na bomoto na ngayi ya kotukama. """
Je suis désolé de devoir te laisser seul.	Nazali na mpasi ya kotika yo, yo moko.
Je tourne à gauche, à droite ou je continue tout droit ?	Nabaluka na loboko ya mwasi, ya mobali to nakoba nzela.
Il ne faudrait pas célébrer la date de la découverte de l'Amérique, car il s'agit également de la date du début de la colonisation et de l'anéantissement des peuples amérindiens.	Esengeli te kosala elambo ya mokolo mindele bakomaki na America, mpona ezali mpe lisusu mokolo ya ebandeli ya kimongamba mpe ya kokomisa eloko pamba bakolo mboka, ba ameridien.
Il n'y a pas si longtemps, nous entendîmes un père, dire en présence de sa famille étendue : « Je veux qu'aucun de mes garçons ne soit avocat. »	Kala mingi te, tozaliki koyoka tata moko, koloba liboso ya libota na ye nyonso: « Nalingi mwana na ngayi moko te ya mobali ekoma molobeli bato. »
Je pense que vous voudrez m'écouter jusqu'au bout.	Nakanisi te ete olingi koyoka ngayi kino na suka.
La première victime fut un de mes meilleurs amis et sa perte me causa un vif chagrin; la seconde était tout simplement un Allemand.	Moleki mbeka ya liboso azalaki moko ya baninga ya ngayi mpe liwa na ye epesaki mawa mingi; ya mibale azalaki mo alema
Après être resté dans le coma pendant trois semaines, Nathan reprit connaissance.	Na sima ya kibika mikolo misato na coma, Nathan ezongisaki makani na ye.
Le Dr Smith a beaucoup de patients.	Monganga Smith azali na babeli mingi.
Le seul qui gagne à chaque fois au Casino, c'est l'Etat.	Moto bobele moko alongaka tango nyonso na Casino, ezali Mbula-matadi.
Tout à coup on le pousse ; et cette masse horrible, / déployant à grand bruit sa ruine terrible, / s'écroule, tombe, écrase en se précipitant / des bataillons entiers, remplacés à l'instant.	Na pwasa babandi kotindika ye; nzoto oyo ya mbinga ya kobangisa, / koganga na makasi suka na ye ya mabe, / ekweyi makale-kale, ekwyi na kopanzana / Masanga ya basoda ya mibimba, etiyamaki na esika na yango na lombango.
Une évaluation exclusivement comportementale de la psychologie néglige les problèmes familiaux, les conditions scolaires et une quantité de couches de problèmes qui peuvent nuire au développement émotionnel et psychologique d'un enfant.	Kolandela makambo bobele na lolenge ya bizaleli ya bato kolanda psychologie etiyaka pembeni makambo ya mabota, makambo matali lolenge ya koyekola mpe makambo mosusu makoki kobebisa bokoli esengo mpe ya makanisi ya mwana.
Tu joues tellement aux jeux vidéos, tu ne penses pas que c'est du temps gaspillé pour rien ?	Osakanaka mingi na masano ya jeux vidéos, ozali koyeba ete ozali kolekisa tango.
Tout ce pourquoi le Révérend Martin Luther King avait travaillé si dur semblait perdu.	Maye manso Nganga Nzambe Martin Luther King asalaki na bokasi nyonso, emonanaki lokolo ekendeki mayi.
J'ai appelé une ambulance à partir du bureau du directeur.	Nabengaki motuka ya babeli kowuta biro ya mokonzi.
La tradition orale existe depuis des centaines d'années.	Bopanzi nsango na nzela ya maloba esalamaka kowuta mbula mokama na mokama.
M. Wilson est en colère contre Dennis.	Ndeko Wilson azali na nkanda ya Dennis.
Hey ! Scott ! Paie ma facture !	Hey ! Scott ! Kota mbongo na ngayi!
Tu ne connais donc pas, Sarah, la valeur de cette coupe ?	Sarah, bongo oyebi te, motuya ya mbeka oyo?
Malgré tous mes efforts, je ne pourrai pas rendre le rapport vendredi.	Ata kutu makasi nyonso nazali kosala, nakokoka te kopesa rapport na mokolo ya mitano.
J'espère que l'on pourra garder le contact.	Nakai ete tokokoba kokutana.
Hélas ! j'y fus suivi par mon destin funeste. / Des malheureux Troyens j'y rassemble le reste : / sur la rive des mers un nouvel Ilion, / élevé par mes mains, avait reçu mon nom.	Kasi! Suka na ngayi ya mabe elandi ngayi. /Bato ya mawa ya Troya, nazali kosangisa oyo etikalaki: / na tina ya bokula ya bibale nkosi mosusu, / abokolami na maboko na ngayi, azwaki nkombo na ngayi.
Nous avons loué un appartement quand nous vivions à New York.	Tobandaki kofutela na ndako moko ya monene tango tozalaki kobika na New York.
Je pense très rarement en termes de mots. Une pensée vient, et je peux essayer de l'exprimer par la suite.	Nakanisaka mingi-mingi te na tina ya maloba. Likanisi moko eyeyi, mpe nakoki koloba yango na sima.
Quel âge ont vos soeurs ?	Bandeko na yo ya basi bazali na mibu boni?
Tout portrait qui est peint avec sentiment est un portrait de l'artiste, pas du modèle.	Bililingi nyonso esalami na tableau na esengo ezali mbuma ya mosala ya bato ya misala ya maboko, ya bamodeliste te.
J'espère que ça ne vous dérange pas si je pars tôt.	Nakanisi ete ekosala yo mabe te soki nakeyi liboso ya ngonga.
J'ai passé un mois en vacance au Japon et c'était génial.	Nalekisaki sanza moko na Japon mpe ezalaki kitoko mingi.
Où est Monsieur Owen ?	Mbutamutu Owen azali wapi?
Mettre un terme à la dégradation des écosystèmes de la planète peut s'avérer le plus grand défi auquel l'humanité ait été confrontée.	Kitiya ndelo na bobebisi ya zamba mpe nyama ezali na yango (écosystèmes) ekoki kozala etumba monene oyo mokili abunda nayino te.
« T’avais déjà mangé vietnamien ? » « Nan, c’était la première fois aujourd’hui. » « C’était bon, hein ? » « Ouais, c’était trop bon. »	«Esila yo koliya bileyi ya Vietnam?» «Nan, ezali mbala ya liboso lelo» «Ezalaki kitoko, bongo?» «Solo, ezalaki kitoko mingi.» »
Je sais que vous avez passé les trois dernières années en prison.	Nayebi ete olekisaki sanza misato mileki na boloko.
Le lendemain matin elle me dit dans le creux de l'oreille: «Nous rentrons à Paris ce soir. Il dit qu'il n'est pas question qu'il me laisse seule dans un endroit aussi triste. C'est comme ça.»	Lokolo elandi na togo alobi na ngayi na litoyi: «Tozali kozonga na Paris lelo na butu. Alobi, likambo ya kotika ngayi moko na esika ya boye ya mawa ezali te. Ezali boye.»
J'ai été avocat pendant 28 ans et Garde des Sceaux pendant 28 jours. Si je suis le seul ministre de la Justice à ne pas avoir commis d'erreur, c'est parce que je n'ai pas eu le temps.	Nazalaki mosambeli ya bato kino mbula tuku mibale na mwambe, mpe lisusu mobateli ya bilembo ya mboka (Garde des Sceaux) mikolo tuku mibale na mwambe. Soko nazali ministre ya kokata makambo oyo nayino asala ebunga te, ezali mpo ete nawumeli nayino te
Nos conceptions de l'ouvrier-créateur, de quelque religion qu'elles nous viennent, sont bien les inventions les plus médiocres, les plus stupides, les plus inacceptables sorties du cerveau apeuré des créatures.	Makanisi na biso likolo ya mosali-mokeli, kowuta na lingomba sonholo to mpakala, ezali mabanzo ezali bwanya, ya bolema, maye makoki kondimama soko moke te kowuta na bongo ya bisalami batonda na bomo (kobanga).
« Vous n’êtes pas mariés, avec ta copine ? » « Bien sûr que non. » « Ah bon ? Je croyais que si. »	« Bobalani ye na makango na yo ? » « Te, tobalani te. » « Ezali boye ? Nakanisaki ete bosi bobalana. »
Le chirurgien m'a convaincu de subir une opération de transplantation.	Monganga oyo asalaka lipaso andimisi ngatyi kosala lipaso mpona kokitanisa biloko ebebi na nzoto.
Femme, vent, temps et fortune se changent comme la lune.	Mwasi, mopepe, tango mpe bomengo ebongolamaka lokola sanza.
Je vous connais suffisamment bien pour savoir que vous n'aviez pas vraiment l'intention de sortir avec Hugo.	Nayebi yo malamo mpona koyeba ete ozali na makanisi te ya kobima na Hugo.
Tout à coup il cacha son visage de ses deux mains, et s’enfuit hors de la grotte en répétant avec un accent terrible : « Pas devant moi ! »	Na pwasa, abombi azipi elongi na maboko na ye, mpe abimi na lombango libanda ya libanga nakosongela koloba na lolenge mosusu: « Liboso na ngayi te! »
J'écris des lettres que je n'envoie jamais.	Makomaka mikanda oyo nakokaka kotindelaka bato te.
Tu es mon joli coeur.	Ozali motema na ngayi ya kitoko.
Je me rends au cabinet du Docteur Dupont pour qu'il me renouvelle mon ordonnance.	Nakeyi na biro ya monganga Dupont mpo ete apesa ngayi ordonance mosusu.
L'entreprise escomptait en fait un léger recul au troisième trimestre, mais a cependant dépassé les attentes et même réalisé un bénéfice.	Compani ezongaki moke sima na eteni ya misato ya mbula, kasi ekokaki koleka mosanda bakonzi bazalaki kozela mpe esalaki mbongo.
Miwako, je vous présente Kenny.	Miwako, Nazali kolakisa yo Kenny.
La démocratie, c'est l'écoute des peuples. Le peuple américain a parlé. Sachons, nous aussi, en tirer les conséquences.	Démocratie ezali koyokela bato. Bato ya America basili koloba. Toyeba biso mpe kozwa toli na tina na yango.
Ayant remis les statues de ses dieux entre les mains d'Anchise, il le charge sur ses épaules, et traverse la ville, se retirant sur le mont Ida.	Esili ye kopesa bikeko ya banzambe na ye na maboko ya Anchise, amemi ye na mapeka, mpe batamboli na mboka, kino bakeyi na ngomba ebwangami Ida.
Arrêtez de vous poser des questions inutiles.	Botika kotika mituna ezanga tina.
« Je peux résister à tout, sauf à la tentation. » est un mot d'esprit typique d'Oscar Wilde.	« Nakoki kokanga motema na nyonso, kasi na momekano ya basi te» ezali maloba ya molimo eyebana ya Oscar Wilde.
Tu peux sortir si tu reviens avant 7 heures.	Okoki kobima soko okozonga yambo ya ngonga sambo.
Personne n'est autorisé à quitter la salle de classe avant que la cloche sonne.	Moto moko te akoki kobima libanda ya kelasi soko nayino babeti ngonga te.
Jim est apprécié de tous ses copains de classe.	Jim andimami epayi ya baninga na ye ya kelasi.
De temps à autre elle se sentait libre. Pourtant elle ne savait pas encore vraiment que le liberté était un sentiment.	Na ngonga moko to mosusu, azalaki komimona na bonsomi. TuKasi ayebaki nayino te ete bonsomi ezali eloko bato boyokaka na nzoto.
Les gens meurent, normalement, si vous les tuez.	Bato bakufaka, ya solo, soko babomi bango.
En passant du rang de planète à celui de planétoïde, Pluton est aussi devenu transsexuel.	Na koleka lolongo ya ba planete kokoma na molongo ya ba planete ya mike, Pluton ekomi mpe monzoto ya mwasi mpe ya mobali.
Êtes-vous sûre de ne pas vouloir attendre jusqu'à demain ?	Ozali na elikya nyonso te ete olingi okoma kino lobi te?
Mlle. Green m'a appris l'anglais.	Ndeko mwasi. Green ayekolisaki ngai anglais.
La déstabilisation des pays de la région sera très bénéfique pour que cet État raciste et colonialiste continue à occuper plus de terres et à opprimer les autochtones avec ses pratiques abjectes d'une autre époque.	Bobebisi mboka ya etuka ekozala na litomba mpo na ekolo eye ekesenisaka lomposo ya nzoto mpe ya kokonza bato basusu  ezali kokoba kobotola bitando biyike mpe konyokolo baimboka na misala mabe mya ntango eleka kala.
La chanteuse a enflammé la salle en faisant une reprise très sensuelle de « I really got you now » des Kinks.	"Moyembi ya mwasi aningisaki eteni ya ndako ntango azongelaki na monzele nyonso loyembo ""I really got you now"" ya ba Kinks."
Nous devons engager un pro.	Esengeli tozwa na mosala moto oyo ayebi mosala malamu.
C'est le dernier album de Carrie Underwood.	Ezali album ya nsuka ya Carrie Underwood.
Si vous regardez avec attention, vous verrez que la boîte est munie d'un double fond.	Soki botali na bokebi nyonso, bokomona ete linzanza ezali na biteni mibale.
Si tu trouves une méchante femme et l'épouses, alors tu seras sûr d'avoir des difficultés plus tard à être heureux.	Soki ozwi mwasi ya bizaleli mabe mpe obali ye, yeba ete ekozala mpasi mpo ozala na esengo na nsima.
Tu sors avec un autre type ?	Okomi kobima na mobali mosusu ?
Vous ne devez pas vous mettre au lit, mais vous pouvez vous asseoir dans un fauteuil ou vous promener dans la chambre.	Esengeli te kolala na mbeto, kasi okoki kofanda na kiti to kotambola na eteni ya ndako ya kolala.
Tu penses pouvoir me mettre une trempe à ce jeu ? Ramène tes fesses, je vais te mettre une de ces déculottées.	Okanisi ete okoki kosakana na ngai ? Yaka awa, natanda yo mbata.
Max expliqua à Julia pourquoi il n'a pas pu venir à sa fête d'adieu.	Max ayebisaki na Julia ntina nini ayaki na feti na ye ya nsuka te.
Je suis tellement bourré que je ne peux plus sentir mon visage.	Nalangwi kino nazali lisusu kokoka koyoka elongi na ngai te.
"""Je me souviens des temps anciens"" Qui connaît la suite de ce poème?"	"""Nakanisi lisusu ntango ya kala"" Nani ayebi maloba matikali ya likomi liye ya ntoki (poème) ?"
Son titre officiel est directeur général de l'Agence pour l'environnement.	Mpifo na ye ya mosala ezali Mokambi Agense ya makambo ma nzinganzinga.
Prendre un bain m'aide à libérer mon esprit de mes soucis.	Kosukola esungaka ngai na kolongola mitungisi na molimo.
Le week-end, j'emmène mes chiens dehors pour une longue promenade dans le parc.	 Na nsuka ya mposo, nakokende kotambola na mbwa na ngai o kati ya park.
La vie est un sommeil, l'amour en est le rêve, et vous aurez vécu, si vous avez aimé.	Bomoyi ezali mpongi, bolingo nde ndoto ya mpongi, soki oyeba bolingo, nzoka nde osila kobika bomoyi yango.
Il dit, donne l'exemple, et sur son bras guerrier / d'Androgée expirant charge le bouclier, / saisit de ce héros l'épée étincelante, / de son casque embelli d'une aigrette flottante / pare son front superbe.	Alobi, pesa ndakisa, mpe na loboko na ye ya elombe/ Androgée nsima ya kopema akamataki nguba, / abotoli elombe oyo mopanga mwa moto, / na ekoti na ye lokola ndeke kotepa-kotepa/azipaki moto na ye.
Nous prenons les commandes par téléphone.	Tozwaka bakomande na telefone.
Comme vous ne l'avez pas lu, dites ce que vous voulez.	Lokola botangaki yango te, boloba oyo bolingi.
« À quel âge êtes-vous venue en France ? » « Toute petite. » « À Paris ? » « L'an dernier. »	Oyakaki na France na mbula boni ? » « Elenge mwana-mwasi. » « Na Paris ? » « Mobu moleki. »
Tout le monde a été excité par les nouvelles de la victoire.	Moto nyonso asepelaki na nsango ya elonga.
Vous aussi mangez quelque chose, si vous ne voulez pas risquer une maladie.	Yo mpe liya mwa eloko, soki olingi  kozwa likama ya kobela te.
La partie s'est terminée en nul par triple répétition de la position.	Lisano esukaki na libungutulu na mbala misato nyonso bazongelaki yango.
En voyant le visage de sa femme couvert de rondelles vertes, il a eu une attaque. Encore une victime du concombre tueur !	Komona elongi ya mwasi na ye etondisami na bokilikili ya mayi ya mpondu, elingi koloba abundaki. Lisusu mozwi likama ya kokombre mobomi !
Je me suis senti soulagé lorsque tous les problèmes ont été pris en charge.	Nayokaki esengo makasi ntango makambo nyonso ezuaki biyano.
Ce mec est tellement nul qu'il faudra le conserver dans le formol, quand il sera mort.	Mobali oyo azali ntina te mpe esengeli kotiya ye na formol ntango akokufa.
On trouve partout quelque chose de meilleur que l’Angleterre, tandis qu’il est excessivement difficile de retrouver loin de la France les charmes de la France.	Okomona bisika nyonso eloko ya malamu koleka Angleterre, kasi ezali mpasi makasi kokuka bisengo ya France mosika na France.
Mathis s'est levé et est allé chercher un second morceau de gâteau.	Mathis atelemaki mpe akendaki koluka ndambo mosusu ya gato.
Je pensais que ma copine était normale, mais il s'avère qu'elle était un succube !	Nakanisaki ete moyebani ya ngai ya mwasi azalaki malamu, kasi esalemi ete azalaki ndoki, mwasi ya butu.
Pourquoi voudriez-vous partager ce type d'information avec des gens que vous connaissez à peine ?	Ntina nini olingi kokabola nsango ya lolenge loye na bato oyebani na bango kaka sikoyo?
Tout le weekend, j'ai attendu un appel important.	Nsuka ya mposo mobimba, nazelaki mbela moko ya motuya.
Lorsque j'étudiais à l'université, j'ai toujours passé des nuits blanches avant les examens.	Ntango nazalaki moyekoli na Université, nazalaki kotanga butu mobimba yambo ekizame esalema.
Si le médicament ne marche pas, peut-être devrions-nous augmenter la dose.	Soki nkisi ezali kosimba te, ntango mosusu esengeli tobakisa dozi.
Croire qu'un programme informatique puisse correctement traduire une lettre d'une langue naturelle vers une autre relève de la pensée magique.	Kokanisa ete masini ekoki kolimbola monkanda oyo ekomama na nkota songolo na nkota mosusu ezali ndoto.
Comme le hasard fut pour une fois bon avec Ethan, il fit trouver à Maria la lettre d'amour non envoyée qu'il lui avait écrite.	Lolenge mokolo wana Ethan alamukaki malamu, akutaki  monkanda ya bolingo oyo akomelaki Maria kasi atindelaki ye te.
Il a pardonné à sa soeur.	Alimbisaki ndeko na ye ya mwasi.
Il se dépêche de rattraper le retard.	Akeyi na lombango koluka kokokisa ngonga oyo alekisaki.
Je t'assure que l'honnêteté paie sur le long terme.	Nakoyebisa yo ete bosembo efutaka na ngonga molayi.
Débrouillez-vous, ne comptez sur personne (comme dit la poule : frappe du bec, pas de sein (à téter)).	Misalisa, kotalela moto te (Lolenge soso alobaka: beta monoko, kasi mabele te (ya komela).
On observe qu'en France, le plus souvent, les critiques musicaux sont sourds et les critiques d'art aveugles. Cela leur permet le recueillement nécessaire aux idées esthétiques.	Tomonaka na France, mbala mingi, ete baoyo batongaka miziki bakufa matoyi mpe baoyo batongaka ntoki bakufa miso. Yango nde esungaka bango bamanyola malamu makanisi ma estetike.
Écoute, regarde et ne bouge pas.	Yoka, tala mpe koningana te.
Lui-même il se retrouve au plus fort des combats. / Il voit le noir Memnon de ses ardents climats / traîner ses noirs guerriers.	Ye moko azali na mozindo ya bitumba. /Amoni Memnon moindo ya bizaleli na ye ya makasi / komema babundi na ye ya moindo.
Je pars m'envoler pour New York ou toute autre destination.	Nazali kopimbwa na New York to esika mosusu.
"""Vous êtes ici pour suivre mes ordres."" ""Dans tes rêves, mon pote !"""	"""Bozali awa mpo na kolanda mibeko na ngai."" ""Ozali kolota, moninga na ngai !"""
Les discussions entre les employés et la direction n'aboutirent à aucun résultat clair.	Masolo ya basali na bakonzi ekopesa litomba ya malamu te.
Je ne gère pas leur société.	Nakambaka kompanyi na bango te.
Arrêtez d'être aussi attardée, bordel !	Tikaka kozalaka zoba bongo!
Tout au bout des voies carrossables existent quatre ou cinq petits villages. Ils se trouvent disséminés sur les pentes montagneuses dans des forêts de chênes.	O kati ya nzela ya kitoko, mboka minei to mpe mitano izali. Bapanzanaki likolo ya ngomba ya zamba ya chêne.
La Chine a balayé les restes de l'impérialisme britannique en 1997 avec la rétrocession de Hong-Kong. A l'avenir, elle se débarrassera de la présence impérialiste américaine en renforçant sa présence militaire en Extrême-Orient.	Ekolo Chine ekombolaki ndambo oyo etikalaki ya lokoloni ya ekolo Grande-Britanye na mobu 1997 ntango abotolaki Hong-Kong. Mikolo mizali koya, akobengana lokoloni ya ekolo Amerika na komatisa ma mapinga ma ye na Extrême-Orient.
Dick m'a passé la photo.	Dick apesi ngai foto.
N'est-il pas temps, les mecs, d'enterrer la hache de guerre et d'oublier le passé ?	Ntango ekoki te, baninga, ya kokunda mopanga ya etumba mpe kobosana maye malekaki ?
Je suis désolé de vous déranger pendant que vous parlez.	Mawa na ndenge nazali kotungisa yo ntango ozali kolola.
Elle avait la taille bien prise, une jupe demi-longue, des souliers hauts, l’air doux et effronté d’une gamine qui devient jeune fille.	Azalaki elenge mwasi na nzoto kitoko, jupe ya mwa mokuse, sapato ya likolo, azalaki na elongi ya kimya mpe ya elenge mwasi oyo akoli.
N'êtes-vous pas opposé à ce que j'ouvre la fenêtre pour laisser sortir la fumée ?	Nakoki kofungola lininisa mpo ete milinga ebima ?
Ce joli bébé est le fruit de leur passion.	Bebe oyo ya kitoko azali mbuma ya bolingo na bango.
John et Sue décidèrent enfin de couper la pomme en deux.	John mpe Sue bayokani bakata pome na biteni mibale.
Je crains pour l'avenir de l'espèce humaine.	Nazali kobanga na oyo etali lobi na biso bato.
Si je vous le disais, je devrais vous tuer.	Soki nayebisi yo, esengelaki naboma yo.
Mike a un ami qui vit à Chicago.	Mike azali na moninga moko oyo azalaka na Chicago.
Il est né d'une mère juive et d'un père musulman, cela l'a beaucoup aidé à cultiver une certaine ouverte d'esprit.	Abotami na mama moyuda mpe na tata musuluma, yango esalisi ye mingi mpo ete azala na molimo ya kofungwama.
C'est l'église où Blake est enterré.	Ezali Eklezia oyo bakundaki Blake.
Martha est une excellente pianiste.	Martha azali mobeti monene ya piano.
Si je savais bien dessiner, je peindrais des images dans le style de « Où est Charlie ? », mais sans Charlie.	Soki nayebaki kosala liyemi, nalingaki nazwa bilili lolenge ya « Charlie azali wapi ? », kasi Charlie azali te.
Mierscheid mérite le prix Nobel pour sa découverte de la corrélation entre la production d’acier brut en Allemagne de l'Ouest en millions de tonnes et le résultat électoral de la SPD en pourcentage de voix.	Mierscheid asengeli kozwa mbano mpo na bobomboli na ye ya bomoko kati ya bosali ebende na Alemani ya westi na bamiliyo ya toni mpe etalisi bilembo ya maponami ya SPD na mituya ya mingongo.
Vous cherchez un costume ? Pour quelle occasion ?	Bozali koluka kazaka? Mpo na ntina nini ?
Avant tout, reste à prouver que la réduction du temps de travail crée de nouveaux emplois.	Likolo ya nyonso, esengeli koyeba ete kokitisa ngonga ya mosala ekobota misala ya sika.
Qu'apprendre d'un chien ? Que lorsque les êtres aimés arrivent à la maison, il faut toujours courir les accueillir.	Okoyekola nini o nzela ya mbwa? Ntango nyonso balingani bakokoma na ndako, esengeli ntango nyonso kokima mbangu mpo na koyamba bango.
Je garde de beaux souvenirs de cet endroit.	Natikali na makanisi ya malamu ya esika oyo.
Elle n'est pas le type de fille que tu imagines.	Azali lolenge ya bilenge basi oyo ozali kokanisa te.
Ce n'est pas tout à fait exact. C'est même complètement faux dans de nombreux cas.	Ezali mpenza bongo te. Ezali kutu na makambo mingi na ndenge wana te.
La loi sur le transfert des obligations de surveillance de l'étiquetage de la viande bovine a été votée sous un autre nom.	Mobeko mpo ya botindi mibeko ya mokengeli lolenge ya kotiya elembo ya ngombe endimamaki na nkombo mosusu.
Zut, j'ai encore raté le train !	Zut, nazangi lisusu engunduka.
N'appelle pas les flics, mec !	Kobenga bapolisi te, ndeko !
Nuit effroyable ! hélas ! de ces scènes affreuses / qui pourrait retracer les tragiques horreurs? / Quels yeux pour ce désastre auraient assez de pleurs?	 Butu ya nsomo! Mawa ! Na maye makobangisa/nani akoki  kokanisa maye ya mabe? /Miso nini ekolemba te kolela maye ya mpasi esalamaki?
Tu dis que je le connais bien, mais en réalité, on me l'a présenté la semaine dernière.	Olobi ete nayebi ye malamu, kasi na bosolo,  balakisaki ngai ye na mposo eleki.
Ferme-la et écoute, gamin.	Kanga monoko mpe yoka, elenge.
Imaginez un peu ce qu'il a dû subir pour en arriver là aujourd'hui.	Kanisa moke mpasi amonaki mpo ete akoma esika azali lelo.
La société change de plus en plus de visage.	Esika ya mosala ezali kokoma ya sika ntango na ntango.
Jennifer se bat.	Jennifer azali kobunda.
Il faut attaquer l'opinion avec ses armes : on ne tire pas des coups de fusil aux idées.	Esengeli kobunda na maye mazali kolobama na mandoki na ye: babetaka makanisi masasi te.
Frank étudiait principalement la sociologie à l'université.	Frank atangaki mingi mpenza sosiolozi na université.
Les sous-traitants disent qu'après avoir terminé tous les travaux requis conformément au cahier des charges, Jules aurait carrément refusé de payer leurs factures ou ne leur aurait payé qu'un tiers du montant qu'ils avaient facturé.	Baye batali makambo ya mbongo balobi ete, nsima ya bosilisi misala engebene na mikanda ya charges, Jules asengelaki koboya kofuta bafactures to mpe asengelaki kofuta kaka ndambo ya mbongo eye basengaki ye.
Est-ce que vous avez baisé ensemble, les mecs ?	Bosilaki kopesana bipwepwe, bandeko mibali ?
Si tu demandes à une femme quelle est sa marque préférée et qu'elle répond par une marque de chocolat, c'est qu'elle est belge !	Soki otuni mwasi nkombo ya eloko oyo alingaka makasi koleka, mpe soki ayanoli yo na nkombo ya shokola, elingi koloba ete azali belge !
l'Europe doit affronter les problèmes que pose le vieillissement de sa population.	Eropa esengeli eluka kolonga mikakatano oyo bobange ya bato ba ye bazali kotuna.
La pluie crépita doucement sur le toit de la cabane.	Mbula ebandaki kobeta malembe malembe likolo ya motondo ya ndako ekie.
Jonathan Swift me défendrait.	Jonathan Swift akobundela ngai.
Après avoir roulé sa bosse, tant en France qu'en Amérique, il décida de s'installer dans un village isolé du Roussillon.	Nsima ya kokosa mokonzi na ye ya mwasi na France to na Amerika, azuaki mokano ya kokende kofanda na mboka moko ebatama ya Roussillon.
Nous allons devoir doubler notre budget pour l'an prochain.	Esengeli tomatisa mbala mibale misolo na biso mpo na mobu mozali koya.
Certaines années, au même titre que certains poètes, certains politiciens et certaines belles femmes, se distinguent par une renommée qui va bien au-delà du lot commun, et 1929 fut clairement une telle année.	Mibu misusu, lolenge moko na bakomi ntoki misusu, bato ya politiki misusu mpe basi misusu ya kitoko, bayebanaka o nzela eye ezalaki ya moto nyonso te, mpe mobu nkoto moko nkama libwa na ntuku mibale na libwa (1929) ezalaki polele mobu mona.
"L'""État"" terroriste que les services secrets occidentaux manipulent pour la destruction d'États laïcs et souverains est une opportunité pour ce système raciste et colonialiste de prospérer."	"""Ekolo"" ya bobangisi oyo basali ya misala ya sekele ya mboka ya Eropa basalelaka mpo na kobebisa bikolo laiki mpe ya bosomi ezali eposa mpo na bakaboli langi ya bato mpe bato oyo batondi mposa ya kokonza mboka misusu bafuluka."
Ils vidèrent des bouteilles de vin de Bordeaux dans le caniveau devant les caméras de télévision, en criant des slogans contre la France qui refusait la guerre en Iraq.	Basopaki milangi ya vino ya Bordeaux o kati ya talase liboso ya bapanzi nsango, mpe babandaki koganga mpe kobwaka bibwakela na France zambi eboyaki bitumba na Iraki.
L'homme ordinaire tient la religion pour vrai, l'homme sage la trouve fausse et les chefs, utile.	Moto motawu amonaka losambo ezali bosolo, moto ya mayele amonaka yango mabe, mpe bakonzi bamonaka ntina na yango.
""" Mais vous, si je vous sers, ô généreux Troyens ! / si je sauve vos jours, qu'on épargne les miens ! """	""" Kasi bino, soki nasaleli biso, ô baTroyens ya mitema malamu ! / soki nabikisi mikolo na bino, babikisa mpe ya ngai. """
Je suis désolé d'apprendre que vous aviez appelé chez moi hier alors que j'étais absent.	Bolimbisi, nayoki ete obengaki na ndako na ngai lobi kasi nazalaki te.
Le nom de Barry Taylor a été avancé pour le poste de président.	Nkombo ya Barry Taylor etiamaki liboso mpo na kiti ya bokonzi.
J'ai compris que la rumeur était fondée.	Nasosoli ete nungunungu ezalaki ya solo.
Si tu étais un espion essayant de te faire passer pour un natif et que tu le disais de cette manière, il est probable que tu te ferais prendre.	Soki ozalaki monongi oyo azalaki komimonisa lokola mwana ya awa na lolenge oyo, ekoki kosalema bakanga  nde yo.
On ne peut appeler parfum l'odeur de ce parfum parce qu'il pue !	Tokoki kobenga nsolo oyo malasi te mpo ezali nsomo mabe.
Tu te trompes lorsque tu penses qu'il a tort.	Ozali komikosa ntango ozali kokanisa ete asali mabe.
Aucune autopsie n'a été effectuée.	Bopasoli ebembe ata moko esalamaki te.
La cliente pousse la porte et entre dans la boutique.	Mosombi biloko atindiki ekuke mpe akoti kati ya butiki.
Ne bouge pas un instant, pendant que j'arrange ta cravate.	Koningana ata moke te ntango nazali kobongisa kalavati na yo.
Je suis content que la pluie se soit arrêtée.	Nasepeli ndenge mbula esili.
T'es-tu rendu compte que dernièrement les étudiants de classe primaire ont grandi ?	Omoni ndenge mikolo oyo eleki bana ya kelasi ya yambo bakoli ?
Elena est la plus grande fille de la classe.	Elena azali mwana-mwasi ya mokolo ya kelasi na ye.
Voilà déjà six mois que je connais Louise.	Nsanza motoba eleki uta nayebani na Louise.
Que s'est-il passé pour que tu rigoles ainsi ?	Likambo nini esekisi yo boye?
L'actrice préférée de Noah est Ellen Page.	Mosali ya bilili (film) oyo Noah alingaka koleka ezali Ellen Page.
""" Ne crains ni Céléno, ni ses menaces vaines, / ni ces tables qu'un jour doit dévorer ta faim ; / le destin t'aidera ; compte sur le destin ; / compte sur la faveur d'Apollon qui m'inspire. """	"""Kobanga Céléno, to matumoli na ye te, /ata mesa iye nzala na yo ekolia mokolo moko ;/ nzambe akosunga yo, talela ye; / tiya kondima na yo na ngolu ya Apollon oyo apesaka ngai mayele. """
"""Tu ne sens pas que quelque chose brûle?"" ""Oh, je suis parti et j'ai fait brûler le toast."""	"""Ozali koyoka nsolo ya kozika te?"" ""Oh, nazongaki mpe toast eziki na nsima."""
Je doute de tout, y compris de mes propres doutes.	Natiaka ntembe na nyonso, ata na oyo etali ntembe na ngai moko.
Un des plus gros problèmes dans notre société moderne, c'est que les gens ne voient pas le monde comme moi.	Likambo moko ya mpasi na mokili na biso ya lelo, ezali ete bato bazali komona mokili lolenge ngai nakomona yango te.
Tu préfères les mecs mignons ou les mecs qui ont la classe ?	Osepelaka na mibali ya kitoko to na ba oyo ya kelasi ?
Nous ne sommes pas ouvert pour Thanksgiving.	Tofungolami te mpo na Thanksgiving.
Ça fait un bail ! On se retrouve enfin.	Mwa mikolo eleki ! Nsuka nsuka tokutani lisusu.
Les météorologues sont des gens qui en savent énormément sur la géophysique, la thermodynamique et la climatologie, mais qui ne savent quasiment rien du temps qu'il fera demain.	Bato ya meteyolozi bazali baye bayebi mingi mpenza makambo matali géophysique,  thermodynamique mpe climatologie, kasi bayebi ata moke te mokolo mwa lobi ekozala lolenge nini.
Tu devrais refaire le test. Le résultat peut avoir été un faux positif.	Esengelaki osala lisusu ekizame. Ntango mosusu eyano ezali ya lokuta.
Profite de l'occasion pour la remercier.	Salela eposa oyo mpo na kopesa ye matondi.
Vous ne devez pas renoncer, vous pouvez réussir. Je m'en remets à vous.	Esengeli kotika te, bokoki kolonga. Namitiki na maboko na bino.
Mon mari gagne 100.000$ par an.	Mobali na ngai afutamaka 100 000 dolar na mobu moko.
Tous les pull-overs de ce type sont en rupture de stock en ce moment. Nous les commanderons à la boutique principale à Tokyo.	Bilamba ya malili ya lolenge oyo bisili nyonso na ngonga oyo. Tokosenga batindela biso misusu na babutiki ya monene na Tokyo.
Un démocrate auto-proclamé qui a la chance de vivre en démocratie, mais qui jure constamment après les politiciens sans s'engager lui-même en politique, n'a vraisemblablement pas compris le mot «Démocratie».	"Moto oyo amibengi mondimi mwa demokrasi mpe azui ngolu ya kobika kati ya demokrasi, kasi ntango nyonso akonyonga na nkombo ya bato ya politiki, mpe amikotisi ye moko na politiki te ye, asosoli mpenza malamu te ntina ya liloba ""demokrasi""."
Les journaux à scandale prétendent que le concombre tueur aurait sodomisé la vache folle.	Bazunale ya mabe izali koloba ete kokombre ya mobomi esangisaki nzoto na ngombe ya liboma na nzela ya nsima.
Marie voulait un tatouage qui signifiât « Amour et fidélité » mais il signifie en vérité « Imbécile d'étranger » en chinois.	"Marie alingaki nzoloko oyo elobi ""Bolingo mpe bosembo"" kasi na monoko ya bato ya Chine ndimbola na yango ezali ya solo ""Zoba ya mopaya""."
Ils veulent augmenter la production de nourriture en faisant pousser de nouvelles espèces de riz.	Balingi komatisa motango ya bileyi na nzela ya lolenge ya boloni loso ya sika.
"Imaginez si chaque fois que quelqu'un faisait une faute de grammaire, nous ne pouvions que lui répondre ""Erreur de syntaxe."" en le laissant se débrouiller avec ça."	"Ekozala nsomo soki ntango nyonso moto akosala libunga ya gramere, tokoyanola ye kaka ""libunga ya sentaksi"" mpe totiki ye abunda na yango bongo."
Les services administratifs et les institutions devraient solliciter la réaction du public afin d'évaluer et d'améliorer leur niveau de collaboration et d'identifier de nouvelles opportunités de coopération.	Misala ya Leta mpe mangomba basengeli kozwa makanisi ya bana ya mboka mpo ete bamona mpe babongisa lolenge ya kosala elongo mpe komona mabaku ya sika ya bolendisi bondeko.
On ne remerciera jamais assez William Christie d'avoir permis qu'après plus de trois siècles, certains arts refleurissent en France.	Tokozanga maloba ya kotonda William Christie te na ndenge apesaki nzela, nsima ya bileko misato, na misala miyike ya ntoki mingenga na France.
C'est le manager du département marketing.	Ezali Manager ya departema ya marketingi.
Le clown faisait un drôle de visage.	Klown atyaki elongi ya kosekisa.
Tu auras une nouvelle montre pour ton anniversaire.	Nakopesa yo ntango ya sika na mokolo ya mbotama na yo.
Certains groupes disposent de l'équipement, mais ne savent pas comment l'utiliser.	Mangomba mayike mazali na bikipema, kasi bayebi lolenge ya kosalela yango te.
Ça coûte plus cher de frapper un penny que ce que vaut un penny lui-même.	Kosala mbongo eleki mbongo yango moko na ntalo.
Préparez vos hommes. Nous partons à l'aube.	Bobongisa bato na bino. Tolongwa na ntongo makasi.
À huit heures, il faudra que je me mette en route. Autrement, j'arriverai trop tard à l'arrêt de bus.	Na ngonga ya mwambe, esengeli nazala na nzela. Soki boye te, nakokoma nsima na esika bazuaka bus.
Marie feignit d’avoir un mal de tête pour éviter de répondre aux questions de sa cousine.	Marie akosaki ete azali na moto mpasi mpo ayanola mituna ya ndeko na ye ya mwasi te.
En 1912, le tailleur autrichien Franz Reichelt meurt en sautant du premier étage de la Tour Eiffel pour tester sa nouvelle invention, le costume parachute, qui ne fonctionne pas......	Na mobu 1912, motongi bilamba ya mboka Autriche Franz Reichelt akufaka na kopumbua wuta étage ya yambo ya Tour ya Eiffel zambi azalaki komeka kazaka ya parachute eye asalaki, kasi ezalaki kosala te...
Ce sont tous des putains de malades mentaux.	Bazali bango nyonso bato ya liboma.
Je suis désolée que tu n'aies pas bien dormi.	Nayoki motema mpasi komona ete olalaki malamu te.
Si on vit pour chercher vengeance, il est préférable de creuser une tombe pour deux.	Soki tozali na bomoyi mpo na kozongisa mabe na mabe, ekozala malamu kotimola lilita mpo na bato mibale.
Hé ! J'ai appris que tu étais en couple. T'en avais marre de ta vie de chien errant ou bien de bouffer des boîtes ?	Hé! Nayokaki ete ozalaki na ndako ya libala.  Olembaki bomoyi na yo ya kotambola lokola mbwa abungi nzela to olembaki  kolya bileyi ya manzanza ?
Les options d'achat donnent le droit d'acheter un titre à un certain montant, appelé prix de levée, à une date donnée. Celles de vente, donnent le droit de vendre.	"Nzela ya bosombi ekopesa ndingisa ya kosomba mokanda na ntalo moko boye, ebengami ""ntalo ya likolo"", na ngonga eye epesami. Eye ya boteki, epesaka ndingisa ya koteka."
C'est techniquement illégal.	Ezali nde kobuka mibeko.
Gabriel mourra en prison.	Gabriel akokufa na boloko.
Tu la feras pleurer, quoi que tu dises.	Okolelisa ye kaka, nyonso okoloba ezali mpamba.
Aaron tua Elizabeth.	Aaron abomaki Elizabeth.
Le peuple britannique se tourna vers un nouveau leader : Winston Churchill.	Bato ya ekolo Grande-Bretagne baponaki mokonzi ya sika: Winston Churchill.
Cela me semble incroyable qu'à l'époque je n'avais pas prévu ce qui se serait passé.	Ezali kokamwisa ndenge na ntango ya kala, nalengelaki te makambo makokaki koya.
Les associés en nom collectif sont obligés solidairement et indéfiniment à tous les engagements de la société.	Basangani ya kompanyi moko basengeli, na bondeko mnpe kino suka, batiya maboko na mosala nyonso ya kompanyi.
Gardez vos papiers dans votre poche intérieure.	Tiya mikanda na yo na libenga na yo ya kati.
La Révolution française n'a pas eu seulement pour objet de changer un gouvernement ancien, mais d'abolir la forme ancienne de la société.	Mbongwana ya France ezalaki kaka te na mwango ya kolongola leta ya kala, kasi mpe komema etamboli ya sika mpo na mokili.
Ce mec est complètement taré !	Mwana mobali oyo baloka ye.
L'homme menotté a donné un coup de boule à l'agent qui l'escortait dans sa cellule.	Moto batiaki minyololo abetaki likofi na policier oyo azalaki komema ye o boloko.
Le politicien flamand Bart De Wever est une véritable gangrène dans la politique belge.	Mosali politiki Flamand Bart De Wever azalaki mbuma mabe na politiki ya Belgique.
J'ai mal à une dent à l'arrière, à gauche.	Nazali na mpasi na lino ya nsuka, o loboko ya mwasi.
Entre parenthèses, le fait que les branchies du poisson soient d'un rouge brillant est dû à la présence de nombreux vaisseaux capillaires sanguins, comme il s'en trouve dans les poumons.	Na yango, langi ya motane ya mbanga ya mbisi oyo ezali kongenga ewuti na misisa ya makila ya mikemike oyo ezali na kati na yango, lolenge ezalaka na lipululu.
Holly saute sur le trampoline.	Holly azali kopimbwa likolo ya Trampoline.
Il s'est tenu à mon côté chaque fois que je me trouvais dans les ennuis.	Azalaki ntango nyonso mpene na ngai ntango nazalaki na mikakatano.
Vous ne regardez la télé que le vendredi.	Bokotala tele kaka mokolo ya mitano.
Anne est pom-pom girl.	Anne azali pom-pom girl na ngai.
Celui-là à des sourcils tellement dense, qu'il doit surement être aveugle!	Ye oyo kuna nsuki ya miso eleki ebele, nalikei ete azali moto akufa miso.
Je m'en fous comme de l'an quarante ! Peut-être davantage, tout bien réfléchi...	Etali ngai te lokola na mobu ntuku inei ! Ntango mosusu koleka, nsima ya kokanisa malamu...
La marche n'a résolu les problèmes de racisme ni en 1983 ni à l'heure actuelle.	Kokita na balabala mpe kotambola etikala kosilisa bokaboli langi ya nzoto ya bato te ezala na mobu 1983 to lelo awa.
J'espère que ce que tu manges est sain.	Nalikei ete biye ozali kolya bizali peto.
L'intelligence d'un compagnon ne présente pour les femmes aucun intérêt pratique, seulement un avantage reproductif, voire décoratif.	Mayele ya mobali ezalaka na ntina moko te mpo na mwnasi, kasi tina na yango ezalaka bobele mpo na kobota, to lokumu.
Elle a mentionné un hébergement bon marché que je pourrais chercher.	Alobelaki esika ya bopemi ya ntalo moke oyo nakoki koluka.
L'amour ne tue pas l'amour, mais les hommes tuent l'amour.	Bolingo ebomaka bolingo te, bobele bato nde babomaka bolingo.
Miki est tombée éperduement en amour avec un type qu'elle venait de rencontrer.	Miki akueyi bolingo makasi na mobali moko oyo awuti kokutana na ye.
Quand j'ai entendu le message, j'ai voulu pleurer.	Ntango nayokaki sango, nalingaki nalela.
Il y a une jeune fille dans le solitaire jardin. La petite espagnole, avec ses grands yeux et ses grands cheveux, sa peau brune et dorée, ses lèvres rouges et ses joues roses, l’andalouse de quatorze ans, Pepa.	Ezali na elenge mwasi moko o kati na elanga. Elenge mwasi ya mboka Espanye, na miso ma ye ma minene pe suki molayi, loposo lya pembe pe wolo, bambembo ya motane pe matama ya langi ya rose, elenge mwasi ya sud ya espagne ya mibu 40, Pepa.
A Tokyo, la saison froide démarre mi-novembre.	O engumba Tokyo eleko ya elanga ebandaka na kati-kati ya sanza na zomi na moko.
La police passe les bandes de surveillance vidéo au peigne fin, suite à un cambriolage dans le centre-ville.	Bapolisi batalaki na ekenge nyonso bilili bya kamera bwa bokengeli, sima boyibi esalema o kati ya engumba.
Aucune issue, aucun moyen (ni porte, ni porte).	Nzela ata moko te, epusa moko pe te (ata ekuke te, ata ekuke te).
Quelle époque terrible que celle où des fous dirigent des aveugles.	Eleko moko somo wapi bato maboma bazali kotambuisa bato bakufa miso.
C’est par un premier court saut que Yanis fit la connaissance de Maria.	Ezalaki na saut ya mokuse ya yambo nde Yanis akutanaki na Maria.
Stop ! N'entrez pas !	Stop! Kokota te!
Elle fait très bien Mickey.	Azali komekela malamu penza Mickey.
Pour moi, chanter et danser c'est particulièrement important.	Po na ngai, koyemba na kobina ezali na tina makasi.
Si vous voulez nous convaincre, utilisez des arguments différents.	Soki bolingi tondima bino, bosalela argument misusu.
Il ressemble à quelqu'un en train de chercher qui ne sait pas du tout précisément ce qu'il veut vraiment trouver.	Azali lokola moto azali koluka kasi ayebi te eloko nini azali koluka.
Tout le monde t'insulte pour ta conduite arrogante et pourtant, tu continues toujours à harceler les gens avec tes commentaires chiants.	Bato banso bazali kofinga po na ezaleli nayo ya lofundu, kasi ozali kokoba ntango nyonso kotumola bato na malabo na yo ya bosoto.
Joyeux Halloween !	Feti ya Halloween elamu!
À l'époque Tony était au milieu de la soixantaine et encore capable de travailler dur, mais il avait un camion flambant-neuf, une nouvelle tondeuse, un ensemble d'autres équipements et trois personnes pour l'aider.	Na ntango wana, Tony azalaki pene pene na bamvula tuku motoba, kasi azalaki nanu na makasi ya mosala. Azalaki na motuka ya sika makasi, masini ya sika ya kokata matiti, bisaleli bisusu pe bato misato ya kosunga ye.
""" Thymète le premier, soit lâche trahison, / soit qu'ainsi l'ordonnât le destin d'Ilion, / des Grecs favorisant la perfide entreprise, / dans nos murs aussitôt prétend que l'on l'introduise. """	"""Thymète ya yambo, kozanga bosembo, / to mabongisa ya Nzambe pona bomoyi ya Ilion,/ Bata ba Grese bazalaki kopesa mabaoko na mokuta oyo ezalaki kosalema, / likolo lya bifelo bua biso o mbala moko alingi batanga kombo mua ye. """
Êtes-vous certains d'avoir fait tout ce que vous étiez censés faire ?	Ozali na tembe te ete osali manso osengelaki kosala?
À vos marques, prêts, partez!	Bobongama, bozala ekenge, bokende!
Plus de cent experts en robotique pressent les Nations Unies d'agir de façon à empêcher le développement des « robots tueurs ».	"Banganga mayele ya makambo ma robotike 100 koleka bazali kotya Lisanga lya Bikolo (ONU) panzi likolo mpo ete bapekisa kosala barobo baye bakoboma bato""."
La cour d'appel a confirmé hier l'ordonnance de référé interdisant à mon mari de porter mes culottes.	Esambiseli ya bobyangi (Cour d'appel) endimaki lobi eleki mokanga mokopekisa mobali na ngai kolata bakiloti na ngai.
L’hiver, j’allais pieds nus dans la boue en soufflant dans mes doigts tout rouges ; on voyait mes cuisses à travers mon pantalon.	O eleko ya elanga to Hiver nazalaki kokende makolo ngulu na potopoto pe kotiya mopepe na maboko manga zambi ezalaki motane penza; Okokaki komona mipende na ngai otei ya patalo.
Le commerce, la publicité, le trafic, tous ces échanges qui constitue le corps de notre monde, avait disparu.	Mombongo, publisite, trafike, mibongo nyonso oyo ezalaki kosala mokili na biso ezala, elimwaki.
Ce procès a mis un terme à sa carrière politique.	Lisambisi eye esukisaki mosala naye ya politiki.
Machida est une ville intéressante avec un mélange de vieilles et de nouvelles choses.	Machida ezali engumba kitoko oyo esangisi biloko bya kala pe biloko bya sika.
Sans être joli garçon, César n’avait rien dans sa personne qui s’opposât à ce qu’il fût aimé.	Ata ko azalaki elenge mobali ya kitoko te, César azalaki na eloko te na bomoto na ye oyo ekokaki kosala ete alingama te.
Sammy Davis était un chanteur excellent.	Sammy Davis azalaki moyembi monene.
Un motel ressemble à un hôtel, mais c'est plus petit et utilisé principalement par des gens qui voyagent en voiture.	Motel ezali lolenge moko na hotel, kasi ezali moke pe baye basalelaka yango ezali mingi bato baye basalaka mobembo na motuna.
Maman ! Arrêtez ! Vous me mettez mal à l'aise !	Mama! Tika! Nasepeli na makambo ozosala te!
J'espère que vous plaisantez.	Naliki ete ozali kosakana.
Certaines araignées sont calmes et se laissent manipuler facilement, alors que d'autres sont assez farouches et essayent de mordre au moindre toucher.	Mampulututu misusu bazali kimya pe bamitikaka noki penza kosimbama, kasi basusu bazalaka na kanda pe bakomeka koswa soki olingi kosimba bango.
Au lieu de régler le problème, l'entreprise a viré le lanceur d'alerte.	Esika ya kobongisa makambo, kompani ebengani moto oyo alobelaki likambo.
Évidemment c'est toujours quand je suis loin de tout accès à Internet que le serveur décide de tomber en rade.	Ezalaka kaka soki nazali mosika ya internet nde serveur ya internet ekufaka.
Voici mon secret. Il est tout à fait simple : on ne voit bien qu'avec le cœur. Le plus important est invisible aux yeux.	Sekele na ngai yango oyo. Ezali pasi te: Bamona malamu kaka na motema. Oyo ya motuya koleka emononoko na miso te.
Il existe des milliers de langues dans le monde entier, mais l'espéranto est le seul pont vers tous ceux qui les parlent.	Ezali na bakota nkoto na nkoto o mokili mobimba, kasi kota ya esperanto ezali yoko gbagba komema epayi ya baye banso bakoloba yango.
Pour la chasse aux lions : vous achetez un tamis et vous allez dans le désert. Là, vous passez tout le désert au tamis. Quand le sable est passé, il reste les lions.	Po na koboma bankosi: bosomba kiyungulu pe bokende na esobe. Kuna, bolekisa esobe mobimba na kiyungulu. Tango zelo esili, bankosi nde bakotikala.
Vous devez être conscient de vos responsabilités familiales.	Esengeli koyeba nini ezali mosala na yo pona na libota.
Tu ne perds jamais espoir, hein ?	Obungisi elikya ata mokolo moko te, hein?
Je me souviens de cette chanson, elle était sur toutes les lèvres quand j'étais au lycée. Ça nous rajeunit pas tout cela...	Nayebi nzembo oyo, ezalaki na minoko ya bato banso tango nazalaki na Lycée. Ezali kozongisa biso bilenge te makambo oyo...
Vous ne perdez jamais espoir, hein ?	Bobungisi elikya ata mokolo moko te, hein?
Je me souviens de cet homme... Il parlait tant qu'il en était envahissant ! et sa femme était de la même trempe, elle ne savait pas se taire...	Nayebi mobali oyo... Azalaki koloba lokola tshaku! mwasi na ye pe azalaki lolenge moko na ye, ayebaki kokanga monoko te.
Sur la Lune, il y a un cratère qui porte le nom d'Albert Einstein.	Kuna na Sanza, ezali na lobwaku moko o kombo ya Albert Einstein.
Vous devez sortir si vous voulez fumer.	Esengeli kokende libanda soki bolingi komela likaya.
La mort se présente sous différents visages mais le résultat final est toujours le même.	Liwa eyaka na nzela ndenge na ndenge kasi na suka mbuma na yango ezalaka kaka moko.
Il savait reconnaître les ennuis quand il les entendait venir.	Ayebaki kososola ntango mikakatano bizalaki koya.
J’ai aperçu au milieu d’eux Rask attaché à un arbre, tandis que deux milords, nus jusqu’ici comme des païens, se donnaient sur les os de grands coups de poing.	Namonaki o kati na bango Rask yakokangama na nzete. Na ntango wana bamilord mibale, motakala lokola bapagano, bazalaki kobetana makofi na mikuwa.
Vous devriez emmener votre voiture au garage de Enzo. Il fait un plutôt bon travail.	Esengeli komema motuka na yo na garaje ya Enzo. Asalaka mosala malamu penza.
Il n'y a rien de plus odieux pour une femme que ces caresses qu'il est presque aussi ridicule de refuser que d'accepter.	Ezali na eloko te ya mabe po na mwasi koleka bakarese oyo akoki konzima te pe koboya te.
Certains enfants jouent tout le temps aux jeux vidéo.	Boko bana bazali ntango nyonso kobeta masano ya video.
Vous ne devez pas descendre du train avant son arrêt.	Esengeli te kokita engunduka yambo etelema.
L'idée que Dieu ait créé Adam puis Ève à partir d'une de ses côtes est une erreur de traduction de la Génèse, « adama » signifiant simplement « terre » et sa « côte » signifiant en fait « créature », sans précision de sexe...	"Likanisi ete Nzambe akelaki Adamu yambo akela Eva na moko ya mipanzi na ye ezali bemba ya limbola ya buku ya libandeli, ""Adamu"" elingi kaka koloba ""mabele"" pe ""mopanzi"" na ye ezali ""ekelamo"", kasi elobi te moto nani azali mobali to pe mwasi..."
L'homme passe sa vie à raisonner sur le passé, à se plaindre du présent, à craindre l'avenir.	Moto alekisaka bomoyi na ye kokanisa maye maleka kala, koyimayima mpo na lelo, pe kobanga lobi.
Passé cette limite, il n'est pas permis de prendre des photos avec un flash.	Koleka mondelo oyo, epesami te kokanga bafoto na flash.
La rencontre est un élément important des relations humaines.	Bokutani ezali ekolo ya motuya na boyokani o kati ya bato.
Je ne peux pas régler les stations de la radio. Le bouton de sélection des stations de la radio est cassé	Nazali kokota te kobongisa bastasyo ya radio. Esika ya kofina po na kopona bastasyo ya radio ebukani.
Il y eut subitement une période de violence terrible et de haine entre les blancs et les noirs.	Ekomaki mbala moko eleko ya mobulu pe ya boyinani kati ya mindele pe bayindo.
« Sans toi je me meurs. » « Je viendrai à tes funérailles. »	« Soki yo te, nakokufa » « Nakoyaka na matanga na yo. »
Il a des traces de rouge à lèvres sur ses joues.	Azali na bilembo ya rouge-à-lèvre na matama naye.
Mademoiselle Green m'a posé deux questions.	Ndeko-muasi Green atunaki ngai mituna mibale.
Les gens ne vous disent-ils pas que vous ressemblez à Audrey Hepburn ?	Bayebisaka yo te ete okokani na Audrey Hepburn?
Le commandant de l'unité donna l'ordre de déposer les armes.	Mokonzi ya Unite ya basoda apesaki mobeko ete batika mandoki.
Je promets de le rapporter tout de suite.	Nalaki ete nakozongisa yango sika sika oyo.
Le monde physique paraît l'ouvrage d'un être puissant et bon, qui a été obligé d'abandonner à un être malfaisant l'exécution d'une partie de son plan.	Mokili ezali komonana lokola mosala ya moto moko ya nguya pe ya malamu, oyo asengalaki atika moto mabe kokokisa ndambo ya mwango naye.
Ne mettez pas le bébé dans le sac !	Kotiya mwana moke na sac te !
James Allison et Tasuku Honjo ont gagné le prix Nobel de médecine.	James Allison na Tasaku Honjo balongaki prix Nobel ya minganga.
Si vous pensez que c'est à l'école, assis sur une chaise, à écouter un prof, qu'on apprend une langue, alors vous vous fourrez le doigt dans l'œil.	Soki bokanisi ete ezali nde na eteyelo, ofandi na kiti, koyokaka molakisi, nde bayekolaka nkota, na bongo bozali komikosa.
Ça fait les muscles, tu pourras bientôt casser des noix avec les fesses.	Ekomi makasi, kala te okobuka ndika na masoko.
Neil Armstrong fut le premier astronaute à marcher sur la lune.	Neil Armstrong azalaki moto ya yambo oyo atambola na sanza.
Bob se pressa de revenir à la maison pour regarder l'émission de télé.	Bob asalaki azonga nokinoki na ndako mpo na kotala émission na télévision.
La plupart des employés attendent une augmentation de salaire une fois par an.	Basali mingi bazelaka bamatisela bango lifuta mbala moko na mobu.
Ferme-la. Sinon, tu seras virée.	Kanga yango. Soki te, tokobengana yo.
Gabriel était stone.	Gabriel azalaki elema.
Qui prendra en charge notre classe lorsque Mme Smith quittera l'école ?	Nani akokamata kelasi na biso ntango Mme Smith akolongwa na eteyelo?
Ca nous a pris cinq minutes pour traverser le tunnel.	Ekamataki biso minuti mitano mpo na kokatisa nzela ya nse ya mabele.
Pendant l'époque stalinienne, les prisonniers des camps de concentration devenaient esclaves au service de l'État.	Na ntango ya Staline, bakangami oyo bazalaka esika moko bakomaka bawumbu na mosala ya Leta.
Sortir avec elle et manger à notre restaurant préféré me manquait.	Kobima elongo na ye mpe kolia na malewa na biso oyo tolingaki ezangaki ngai.
La vérité est en marche et rien ne l’arrêtera.	Bosolo ezali koya, eloko moko te ekotelemisa yango.
Le détective mit six mois à tirer au clair cette affaire.	Bolopoli esalaki nsanza motoba mpo na kotia polele likambo oyo.
Le sage n'est pas celui qui donne les bonnes réponses, mais celui qui pose les bonnes questions.	Moto ya bwanya azali oyo apesaka biyano ya malamu te, kasi oyo atunaka mituna ya malamu.
L'entreprise assure le service sans pause à midi.	Kopani esalaka mosala na bopemi te na zanga.
Tant pis pour elle ! songeait le jeune homme plein de rancune, si elle souffre, elle l’aura mérité et subira son châtiment !	Etali ye ! Elotoki mwana mobali oyo atondi na nkanda, soki anyokwami, ekokokana na ye mpe akozwa na etumbu na ye !
Si un ami te critique avec de bonnes intentions, alors tu ne dois pas seulement l'accepter avec joie, mais en plus le remercier.	Soki moninga moko atongi yo na makanisi ya malamu, na bongo koyamba yango kaka na esengo te, kasi tonda mpe ye.
La balle est passée à cinq centimètres de mon visage.	Mbuma elekaki na ntaka ya 5 cm ya elongi na ngai.
Je me suis senti mal et me suis rendu à l'hôpital, mais en définitive ce n'était pas grave.	Namiyokaki mabe mpe nakendaki na lopitalo, kasi na nsuka ezalaki likambo ya makasi te.
La société a rappelé toute sa nourriture pour bébé qui avait été produite au mois de juillet.	Kopani ebengaki biloko na yango nyonso mpo na mwana moke (bébé) oyo esalemaki na sanza ya sambo.
Penser ce que nous ne ressentons pas est nous mentir à nous-mêmes, de la même manière que nous mentons aux autres lorsque nous disons ce que nous ne pensons pas.	Kokanisa oyo toyokaka te ezali komikosa biso moko, na lolenge moko tozali kokosa basusu ntango tozali koloba maye tozali kobanza te.
Vous direz aux hussards de passer les derniers et de brûler le pont, comme je l’ai ordonné.	Yebisa basoda baleka bato ya nsuka mpe batumba gbagba, lokola napesi motindo.
Ferme-la. Sinon, tu seras viré.	Kanga yango. Soki te, okolongwa mosala.
Tout ce que vous dites peut être retenu contre vous.	Nyonso bozali koloba ekoki kobalukela bino.
C'est là qu'étaient ses armes, / c'est là qu'était son char ; là, son superbe espoir / veut voir la terre entière adorer son pouvoir.	Wana nde esika mandoki na ye mazalaki, / Wana nde likalo na ye ezalaki; wana, elikiya na ye mpenza / alingi komona mokili mobimba kosambele bokonzi na ye.
Quand j'ai revu mon vieil ami, à qui je n'avais pas donné de mes nouvelles depuis dix ans, il m'a vraiment battu froid.	Ntango namonaki lisusu moninga na ngai ya kala, oyo napesaki ba sango na ngai te eleki mbula zomi, ayambaki ngai malili mpenza.
Ne dites pas que je ne vous aurai pas prévenu !	Boloba te ete nayebisaki bino te !
Lorsque tu entres en classe, tu te tiens debout derrière ta chaise et tu attends que le professeur donne la consigne pour s'asseoir.	Soki okoti na kelasi, telema nsimaa ya kiti na yo mpe zela molakisi aloba ete ovanda.
Jules récupère de ses blessures.	Jules abandi kobika na ba mpota na ye.
Les grandes villes présentent un potentiel trop élevé d'émeutes.	Bingumba minene bizalaka na eposa ya matomboki mingi.
Les deux premiers ours blancs à jamais avoir posé le pied en Islande, ont été abattus, au terme d'un périple de cinq-cents kilomètres à la nage. Drôle de récompense !	Ours mibale ya mpembe ya yambo baye bakomaki na Islande, babomaka bango, na nsima ya kotambola ba kilometele nkama mitano ya konana. Mbano ya kokamwisa!
Si tu lis à nouveau ce livre, tu l'auras lu trois fois.	Soki otangi lisusu buku oyo, okotanga yango mbala misato.
Les cris et les hurlements affolés du foyer et de ses invités excités rendit la confusion indescriptible lorsqu'on découvrit qu'à peine quoi que ce soit du coûteux immeuble pouvait être sauvé.	Makelele mpe kolela ya koleka ya mabota mpe ya bapaya  na ye epesaki kilikili ntango bamoni sika ete ndako moko ya ntalo ekokaki kobikisama.
Au début, ils rejetèrent la proposition, mais un pasteur les pressa d'accepter.	Na ebandeli, baboyaki likanisi yango, kasi mokengeli moko atindaki bango ete bandima.
Dix policiers ont été affectés à la patrouille de cette zone.	Bapulusu zomi batiamaki na bobatelami ya etando oyo.
Il a présenté une excuse de ne pas s'être rendu à la fête.	Asengaki bolimbisi ndenge akendaki na feti te.
Le garçon a cassé la vitre avec une balle de baseball le week-end dernier.	Mwana mobali apanzaki kitalatala na balle ya baseball mposo eleki.
Si vous devez mille livres à votre banquier, vous êtes à sa merci, mais si vous lui devez un million de livres, il est à la vôtre.	Soki ozali na nyongo ya Livres nkoto epa i ya banquier nayo, okomi ya ye, kasi soki ozali na nyongo na  ye yaba livres milioni mobimba, akomi na maboko na yo.
Jean et Pierre sont fous, ils regardent la télé toute la journée.	Joanne mpe Petelo bazali maboma, batalaka television mokolo mobimba.
Bien que je n'aie pas de diplôme universitaire, je suis parvenu à un poste extraordinaire à l'Académie Royale des Sciences de Suède et je peux même participer à la décision sur le prix Nobel.	Atako nazali na lipolome ya université te, nazwaki ebonga ya likolo na Académie Royale des Sciences na Suède mpe nakoki ata kozala mpo na kozwa mokano na oyo etali prix Nobel.
Ma fiancée est venue sans crier gare et je me suis senti gêné.	Mokango na ngai ayei na mpwasa mpe nayokaki nsoni.
À l'aide, à l'aide, appelez un docteur je vous en supplie !	Lisungi, lisungi, bobenga monganga nabondeli bino !
Un matin, Marie vint à moi. Elle était rayonnante, et il y avait sur sa douce figure quelque chose de plus angélique encore que la joie d’un pur amour. C’était la pensée d’une bonne action.	Na ntongo moko, Marie ayaki epai na ngai. Azalaki kongenga, mpe na elongi na ye ya boboto eloko moko ya koleka ya bangelus lokola esengo lokola bolingo ya solosolo. Ezalaki likanisi ya mosala malamu.
La mission d'un avocat est de prouver que son client est innocent.	Mosala ya molobeli ezali kotalisa ete moto na ye azali na mbeba te.
J'espère que mes souhaits pourront se réaliser.	 Nalikei ete matombeli na ngai makokokisama.
Un prisonnier est plus possédé de l'idée de s'enfuir que son gardien n'est possédé de l'idée de le garder. Donc un prisonnier doit toujours réussir à se sauver.	Mokangaki azalaka mingi na likanisi ya kokima koleka mokengeli na ye na makanisi ya kokengela ye. Na boye, mokangami asengeli ntango nyonso akoka kokima.
Bayard dit qu'il n'avait pas peur des fantômes, mais quand il entendit des bruits en provenance du premier étage supposé vide, il se carapata sans tarder.	Bayard alobi ete abangaki bilima te, kasi ntango ayokaki makelele kobima na etage ya liboso oyo bakanisaki kozala mpamba, akimaki na lombango.
Celle qui était préalablement ministre de l'énergie a été, dimanche, élue présidente.	Oyo azalaki na ebandeli ministre ya energie, mokolo ya lomingo, aponamaki prezida.
Aucun des camarades de classe de Kylia ne l'aimait.	Ata moninga moko te ya kelasi ya Kylia alingaki ye.
Un pantalon serré se dit aussi cintré. Collant s'il est étroit, moulé, pas seulement court. On dit aussi effilé, tiré, ajusté.	Pantalon oyo ekangami balobaka ete esili kotiama mokaba. Collant soki ezali moke, kokanga nzoto, kaka mokuse te. Balobaka mpe moke, ebendama, babongisi.
L'homme que j'ai rencontré hier était Monsieur Hill.	Mobali nakutanaki na ye lobi ezalaki mwana mboka Hill.
Selon une étude de l'université Cornell, les accusés au visage peu attirant ont 22 pour cent plus de chances d'être condamnés que ceux qui sont attirants.	Engebene na bolukiluki moko ya université Cornell, bafundami na elongi ya kobenda bokebi mingi te bato ntuku mibale na mibale likolo ya mokama bazali na konzo ya kokweyisama koleka baye bazali na bilongi ya bobendi bokebi.
La police a contacté le FBI pour qu'ils les aident à trouver le criminel.	Pulusu ebengaki FBI mpo basunga bango na kokanga babomi.
"Le panneau dans le parc disait ""Pelouse interdite""."	"Ekomamaki na etanda ya park ""Pasipalumu bapekisa""."
Les policiers de la ville de New York portent un uniforme bleu sombre.	Pulusu ya engumba New York balataka elamba ya langi ya bule mohindo.
Avant de pouvoir écrire des données sur un disque, vous devez d'abord créer une partition, ensuite un système de fichiers par dessus, et finalement monter ce système de fichiers.	Yambo ya kotiya biloko na disque, esengeli yambo okabola yango, na nsima système ya lisanga ya nkasa na likolo, mpe na nsuka kotiya système ya lisanga ya nkasa.
À l'examen oral, réagis vite, évite ce que tu ignores ou connais mal, mais surtout montre ce que tu maîtrises ou connais bien.	Na momekano ya maloba, yanola mbango, kima maye oyebi te to oyeebi malamu te, kasi talisa polele maye oyebi malamu.
Aux États-Unis d'Amérique, il existe des syndromes collectifs qui n'existent pas ailleurs, comme par exemple l'« Abus Rituel Satanique » ou l'« enlèvement par des extra-terrestres » et qui ne sont « révélés » que sous hypnose.	Na  États-Unis d'Amérique, boko makambo ya bato nyonso mazali maye mazwamaka bisika bisusu te, ndakisa « Abus Rituel Satanique » to « konetwama na ba extra-terrestres » mpe maye « mamonisami » kaka lokola na ndoto.
Dans la cour de l’école, un gamin est tombé et s’est mis à crier comme un cochon qu’on égorge.	Na libanda ya eteyelo, mwana moke ya mobali akwei mpe abandi koganga lokola nsombo bazali kokata nkingo.
Un clou qui dépasse se fera taper dessus.	Sete oyo eleki likolo ekobetama.
Mieux vaut le chagrin que le rire, car avec un triste visage on peut avoir le cœur joyeux.	Mpasi na motema eleki koseka, zambi na elongi ya mawa okoki kozala na motema ya esengo.
Je ne discute pas les faits que vous présentez mais seulement les conclusions que vous en tirez.	Nazali kotia ntembe te na maye ozali kotalisa kasi bobele na maye ozali kosukisa.
Prière de frapper avant d'entrer dans les toilettes.	Tosengi na yo obeta yambo ya kokota na zongo.
Nous espérons que vous pourrez vous joindre à nous à ce séminaire.	Tolikyi ete bokosangana na biso elongo na mateya maye.
Je vais aller acheter un ticket, alors s'il te plaît, surveille mes sacs une minute.	Nakokende koluka ticket, na bongo nasengi yo, okengela saki na ngai minute moko.
Elle lui a posé des questions, mais il a refusé de répondre.	Atunaki ye mituna, kasi aboyaki koyanola.
"""OK"" est-il répertorié dans le Robert ?"	"""OK"" ezwami na Robert ?"
Il vit en marge de la société.	Azali kobika engebene na lolenge ya bato te.
Une fille du premier Earl de Gowrie était courtisée par un jeune gentilhomme bien inférieur à elle en rang et en fortune.	Mwana mwasi moko ya Earl na Gowrie ya yambo bazalaki kolula na elenge mobali moko oyo azalaki na nse na ye  na molongo mpe na mosolo.
Si certains sont venus à la rencontre de leurs amis, d'autres sont venus les raccompagner.	Soki basusu bayei kokutana na baninga na bango, basusu bayei kotika bango.
Penses-tu sérieusement à poursuivre une carrière de pilote de course automobile ?	Obanzi ya solo ete okosala mosala ya mokumbi mituka ya masano?
Tandis que je rêve, les souvenirs de mon enfance et de ma jeunesse me reviennent un à un, doux, calmes, riants, comme des îles de fleurs sur ce gouffre de pensées noires et confuses qui tourbillonnent dans mon cerveau.	Wana ezali ngai kolota, mambi ma bomwana mpe ma bolenge ya ngai mazali kozongela ngai moko nsima na mosusu, bopolo, kimiya, nakosekaka, lokola bisanga ya fololo likolo ya makanisi oyo ya mozindo mpe ya mobulu maye mazali kotungisa bongo na ngayi.
Tu commences sérieusement à me casser les couilles !	Obandi ya msolo mpenza kotungisa ngai !
Le technicien légiste trouva des résidus de coup de feu sur la main de la victime.	Molukiluki ya mibeko akutaki  bilembo ya lisasi na maboko ya mozwi likama.
Le père de Roger Miller est décédé lorsqu'il avait un an et sa mère est tombée malade peu après. Il a donc été envoyé vivre avec son oncle à Erick, dans l'Oklahoma.	Tata ya Roger Miller akufa na ntango ye azalaki na mobu moko mpe mama na ye abelaki kaka na nsima wana. Atindamaki kokende kovanda elongo na noko na ye Erick, na Oklahoma.
Il n'y a aucun moyen de confirmer qu'il est en vie.	Lolenge moko ya koloba ete azali na bomoyi ezali te.
Sortons d'ici avant que les flics n'arrivent.	Tolongwa awa yambo bapulusu ekoma.
Sami, un adolescent gay, a fait son coming out à sa mère.	Sami, elenge moko pede, amitalisaki polele epai ya mama na ye.
J'ai hâte que le printemps arrive afin que l'on puisse s'asseoir sous les cerisiers.	Nazali kokimela ete eleko ya moyi eya mpo ete tokende kovanda na nse ya nzete.
Ce vendeur persévérait à me demander d'acheter une voiture.	Moteki oyo atiaki molende ya kotuna ngai nasomba motuka.
A un os qui se plaignait à un chien qui n'arrêtait pas de le ronger, ce dernier répondit: Eh ben, toi tu es tellement dur et moi, je n'ai rien d'autre à faire.	Na mokuwa moko oyo ezalaki komitungisa mpo na imbwa moko oyo azalaki ntango nyonso koliya yango, na boye ayanolaki: E bongo, yo ozali mpenza makasi mpe ngai, nazali na eloko mosusu ya kosala te.
L'art de la citation est l'art de ceux qui ne savent pas réfléchir par eux-mêmes.	Lolenge ya kotanga maloba ya basusu ezali lolenge ya baye bayebi kokanisa bango moko te.
Le progrès est un joli mot. Son moteur en est le changement. Et le changement a ses ennemis.	Bokoli ezali liloba kitoko. Motele na ye nde mbongwana. Mpe bongwana ezali na banguna na ye.
L'humour peut être disséqué comme une grenouille, mais la chose meurt dans l'opération et les entrailles rebutent quiconque à l'exception du pur esprit scientifique.	Maseki ekoki kopanzana lokola ligorodo, kasi eloko yango ekufaka na lipaso mpe misopo ezongaka longola makanisi ya moto ya mayele.
Je croyais que vous m'aviez dit que vous ne connaissiez pas Nathan.	Nabanzaki ete olobelaki ngai ete oyebi Nathan te.
Vous devriez demander à Arthur ce qu'il s'est passé.	Bonsengelaki kotuna Arthur maye malekanaki.
Les problèmes de transport de notre ville sont minimes quand on les compare à ceux des capitales comme Londres et New York.	Makambo ya bikumbi na engumba na biso mazali moke soki tokokanisi yango na bingumba mokonzi lokola Londres mpe New York.
Un ambassadeur est un honnête homme que l'on envoie mentir à l'étranger pour le bien de son pays.	Ntoma azali moto ya nsembo oyo batindaka mpo akende kokosa na mboka ya bapaya mpo na bolamu ya ekolo na ye.
Tu as remarqué que les héros de films d'action semblent n'être jamais à court de munitions ?	Omoni ete bilombe ya ba films ya bitumba bamonanaka lokola bibundeli na bango bisilaka te ?
Pourrais-tu poser ce sac ailleurs ?	Okoki kotiya saki oyo epai mosusu ?
L'officier de police en service sentit un vieil homme s'approcher derrière lui.	Mokonzi ya pulusu na ngonga ya mosala ayokaki mobange mobali moko kobelema na nsima na ye.
Lucie avait une bague à chaque doigt de sa main gauche.	Lucie azalaki na lopete na misapi nyoso ya loboko na ye ya mwasi.
Au début du vingtième siècle, nombreux étaient ceux qui pensaient que Vénus était un monde aqueux. Maintenant, au vingt-et-unième siècle, nous savons que Vénus est un grand four brumeux.	nNa ebandeli ya ekeke ya tuku mibale, mingi bazalaki kobanza ete Vénus ezali mokili ya mayi. Sikawa, na ekeke ya ntuku mibale na moko, toyebi ete Vénus ezali etando monene ya molili.
Ce mec est complètement à la masse, quel dingue !	Mobali oyo azali mpenza monene, oyo zoba !
L'association entre trolls et ponts a une longue histoire qui se prolonge jusqu'à nos jours dans la culture populaire anglaise.	Lisangana ya bikelamo ya kokamwa mpe gbagba ezali na lisolo molayi oyo ekei kino na mikolo ya lelo na momesano ya bato ya ngelesa.
C'est à propos de mon mari, docteur ; il dort très mal.	Ezali mpo na mobali na ngai, monganga, azali kolala mabe makasi.
Vous devez passer une audition avant de pouvoir rejoindre le chœur.	Esengeli oleka na komekama yambo ya kokota na lingomba ya bayembi.
Je vous supplie d'attendre jusqu'à 15 h, heure à laquelle elle sera de retour.	Nabondeli bino bozela kino ngonga ya misato nsima na nzanga, ngonga oyo akozonga.
Je suis désolé que tu aies dû attendre si longtemps.	Natungisami lolenge ozeli ntango molayi.
J'ai sorti mon pistolet et j'ai tiré.	Nakamataki bondoki na ngai mpe nabetaki.
Jack ne répond pas à mes lettres.	Jack azali koyanola mikanda na ngai te.
Je suis désolé de vous déranger, mais il y a un appel téléphonique pour vous.	Natungisami lokola natungisi yo, kasi bazali kobenga yo na telefone.
Il y a quelques jours, ma copine Sophie a déménagé d'Edmonton, en Alberta, vers Victoria, en Colombie-Britannique.	Eleki mwa mikolo, moninga na ngai Sophie alongwaki Edmonton, na Alberta, mpo na kokende kovanda na Victoria, na Colombie-Britannique.
Comme le chien revient à son vomissement, le sot retourne à sa folie.	Lokola imbwa azongelaka bisanza na ye, zoba azongelaka bolema na ye.
J'ai noté son numéro de téléphone sur un bout de papier.	Nakomaki numero na ye ya telefone na mwa lokasa.
On a fait le métier pour essayer de le retrouver, mais il avait la monnaie pour sa cavale.	Tosalaki mosala mpo na komeka kozwa ye, kasi azalaki na mosolo mpo na kokima.
Tu peux le regretter autant que tu veux, mais ça ne te fera aucun bien maintenant.	Okoki koyoka mpasi mpo na yango ndenge olingi, kasi ekosala yo bolamu ata moko sika te.
Je veux qu'on soit sincère et qu'en homme d'honneur, On ne lâche aucun mot qui ne parte du cœur.	Nalingi ete tozala nsembo mpe bato ya lokumu, toloba kaka maye mawuti na motema.
Quelqu'un a tuyauté les membres de la bande sur leur surveillance par la police.	Moto moko akimisi baietonga na bokengeli na bango na pulusu.
Rita est la bru de Dan.	Rita ezali makango ya Dan.
Depuis déjà tout à l'heure tu as complètement perdu ton sang-froid et tu es énervé. Ne peux-tu pas attendre un peu et te calmer ?	Uta kala kaka sikoyo obungisi nkonzo na yo mpe osilikaki. Okoki kozela moke te mpe ovanda kimiya ?
Vous devez acheter un nouveau costume à porter pour votre entretien d'embauche.	Osengeli kosomba kazaka ya sika olata mpo na lisolo na yo ya kozwa mosala.
« Où étais-tu passé ? » « Je viens d'en bas. » « Qu'est-ce que tu fabriquais ? » « Je suis allé faire pipi. »	« Okendaki wapi ? » « Nawuti na nse. » « Ozalaki kosala nini ? » « Nakendaki kosuba. »
Le blâme ressemble au vent ; si on le voit, on le sent.	Pamela ezali lokola mopepe ; soki omoni yango, okoyoka yango.
Je suis désolée de vous déranger, mais il y a un appel téléphonique pour vous.	Bolimbisi na motungisi, bazali kobenga yo na telefone.
Entrez votre nom et votre adresse.	Kotisa nkombo na yo mpe esika na yo ovandaka.
Tu n'en as pas le cran.	Ozali na lolenge elongobani mpo na yango te.
Ce n’était pas pourtant le parfait ensemble des beautés de cette statue de marbre qui venait de le frapper ainsi ; c’étaient les charmes de ce corps ravissant qu’il devinait sous cette légère gaze.	Ezalaki na yango bonzenga ya ekeko ya marbre nde ewutaki kobeta wana te ; ezalaki nde bonzenga ya nzoto ya kokamwisa oyo azalaki komibanzela.
Un lis blanc est vraiment magnifique à regarder.	Mbeto ya mpembe ezali mpenza kitoko na kotala.
Tu laisses toujours la fenêtre ouverte quand tu dors.	Otikaka ntango nyoso loninisa polele ntango olali.
Sami a épousé un jeune mec gay.	Sami abali elenge mobali moko pede.
Vous savez que vous n'êtes pas autorisées à vous trouver ici. Sortez !	Boyebi ete bopesameli ndingisa ya kozala awa te. Bima !
""" À travers les écueils, le courroux de la mer, / nous cherchons les beaux lieux promis par Jupiter : / là nous attend la paix ; là nos yeux avec joie / verront se relever les murailles de Troie. / Vivez, conservez-vous pour les jours du bonheur. """	""" Kolekela mbonge, kanda ya ebale, / tozali koluka esika kitoko Jupiter alakaki : / kuna kimiya ezali kozela biso ; kuna miso na biso na esengo / makomona bitutu yaTroie kotelema lisusu. / Bobika, bomibatela mpo na mikolo ya esengo. """
Le lieutenant Dan Anderson a exclu que Linda pourrait être un suspect.	Lieutenant Dan Anderson andimi te ete Linda azali moto mabe.
Je suis presque sûre que Nathan habite sur Park Street.	Nandimi moke ete Nathan avandaka na Park Street.
Je n'aime pas sortir m'amuser, et reste souvent à la maison à faire du café, et à jouer aux échecs et au jeu de go avec mes amis.	Nalingaka kokende kosakana te, mpe kotikala ntango nyonso na ndako kosala café, mpe kosakana lisano ya mabunga mpe lisano ya go na baninga na ngai.
"Lorsque levant ses yeux par l'espoir animés, / tendant au ciel ses mains : "" Jupiter ! dit mon père, / si les pleurs quelquefois désarment ta colère, / lis dans nos cœurs, hélas ! et, s'ils sont vertueux, / confirme, par pitié, ces présages heureux ! """	"Ntango anetolaki miso ma ye na elikiya, / atombolaki maboko na ye likolo : "" Jupiter ! tata na ngai alobaki, / soki kolela ekitisaka ntango mosusu  nkanda nayo, / tanga na mitema na biso, kasi ! mpe, soki bazali na mabongi, / ndimisa, na mawa, bato oyo ya esengo ! """
Tu n'oublies jamais d'envoyer un cadeau d'anniversaire à ta mère.	Obosanaka kotindela mama nayo libonza ya eyenga ya mbotama te.
Il est très important de se laver soigneusement les mains après avoir changé la couche d'un bébé.	Ezali na motuya mingi kosokola maboko malamu sima ya kobongola mwana elamba.
Attendez un moment et ne quittez pas, s'il vous plait.	Zila moke mpe kokende te, nasengi nayo.
Si j'ai des dettes, je dois rembourser en tout, y compris les intérêts, environ le double.	Soki nazali naba nyongo, nasengeli kofuta yango na nyoso, ata mpe ba matabisi, pene pene na mbala mibale.
J'espère que je n'aurai jamais à refaire ça.	Nalikiya ete nakozongelaka oyo lisusu te.
Alpha, bêta et gamma sont des lettres grecques.	Alpha, bêta mpe gamma ezali makoma ya baela.
Il y trouvera un Egmont et un Orange, les vaillants guerriers de l'Empereur Charles, aussi avisés au conseil que redoutables sur le champ de bataille.	Akokuta kuna Egmont mpe Orange, babundi ya mpiko ya mokonzi Charles, bayebi mpesa malamu toli na esika ya bitumba.
Louis est un gentleman qui garde toujours son calme.	Louis azali mobali ya solosolo oyo abatelaka tango nyoso kimya.
Prenez un verre vide et une grande serviette. Mettez la serviette sur le verre et dites « abracadabra, trois fois chat noir » et voilà... le verre est plein !	Kamata kopo pamba mpe lisume ya monene. Tiya lisume likolo ya kopo mpe loba « abracadabra, mbala misato nyawu ya mohindo » mpe tala... kopo etondi !
Chronique d'une mort annoncée est un roman de l'écrivain colombien Gabriel García Márquez.	Chronique d'une mort annoncée ezali roman ya mokomi ya colombie Gabriel García Márquez.
Je vous dirai ce que vous voulez savoir.	Nakoyebisa bino maye bolingi boyeba.
""" Calchas veut qu'aussitôt la voile se déploie : / tous nos traits impuissants s'émousseront sur Troie, / si, dans les murs d'Argos revolant sur les eaux, / les Grecs ne vont chercher des augures nouveaux. """	""" Calchas alingi ete tango kaka elamba ekozipolama : / bisika nabiso nyoso ya bolembu makokita na Troie, / soki, na bitutu ya Argos kopumwaka likolo ya mayi, / bayela bakoluka ba augures yasika te. """
J'espère vivement que l'intervention chirurgicale ne sera pas trop désagréable et que tu vas récupérer rapidement.	Napanza ete lipaso ekozala mpenza mabe te mpe okobima nalombango.
Thomas a été candidat à l'émission Des chiffres et des lettres.	Thomas azalaki canditat na émission yamitango mpe makomi.
Nous jouions souvent de la house dans le parc.	Tozalaka kosakana mingi lisano ya house na libanda.
Ne me laissez pas à ma mort une inquiétude sur votre avenir ; promettez-moi d’accepter cet étranger pour époux.	Bosalate ete nakufa nangayi nazala na mitungisi mpona lobi nabino ; laka ngayi ete okondima kozwa mopaya oyo lokola mobali ya libala.
On garde les boules et les guirlandes de Noël dans un carton jusqu'à l'année prochaine.	Tobatela mbuma mpe bisalelo ya Noël nakati ya carton kino mobu mozali koya.
Maxime ne voulait pas qu'aucun de ses amis sache qu'il était un dealer.	Maxime alingaki te ete moninga naye ata moko ayeba ete azali motekisi biloko.
La dernière fois que je le vis, il portait une chemise bleue et un pantalon blanc.	Mbala ya suka namonaki ye, alataki simisi ya bule mpe pantalon ya pembe.
Comme les experts ont été dans l'incapacité de traduire le texte ancien, les officiels du musée demandent au public de s'y essayer.	Lokola baye bayebi bakomaki nako limbola maloba ya kala te, basali ya musée basengi na bato nyonso bameka.
Je crois que c'est Sophia Lauren qui m'a causé ma première érection.	Nabanza ete Sophia Lauren nde atelemisaka nzoto nangayi mbala ya liboso.
Cordiales félicitations pour votre anniversaire, Monsieur Poppins. En effet, vous avez eu 75 ans hier, n'est-ce pas ?	Longoniya mingi mpona mokolo ya mbotama nayo, Mbutamutu Poppins. Na boye, okokisaki mobu tuku sambo na mitano lobi, boye te ?
Un jour, le garçon a disparu sans laisser de trace.	Mokolo moko, elenge mobali abungaki kozanga kotika bilembo.
Ici on exige un esprit alerte.	Awa basengi ekenge.
Il fut élevé au rang de colonel il y a deux ans.	Anetolamaki na molongo ya colonel eleki mibu mibale.
J'aimerais bien essayer de ramener ma machine à laver qui est toujours à Lyon en Allemagne.	Nakosepela komeka komema machini ya kosokola bilamba ya ngayi oyo ezali kino sikoyo na Lyon na Allemagne.
Sabu est devenu une balance du FBI.	Sabu akomi monongi ya FBI.
Pourquoi ton code ne marche pas ? Déjà arrête de coder avec les pieds, mets des commentaires, et seulement après je verrai ce que je peux faire pour toi.	Pona nini code nayo ezali kosala te ? Tika ko coder na makolo, tiya mwa maloba, mpe kaka sima nde nakotala nini nakoki kosala mponayo.
Nul ne peut fuir son destin.	Mokote akoki kokima mwango naye.
Si j'étais le proprietaire du restaurant, je dirais aux employés qu'ils servissent les clients en souriant.	Soki nazalaki nkolo malewa, nalingaki kolobela basali ete basalela ba clients na esengo.
Les questions décontenancèrent le témoin.	Mituna mabulanganisaki motatoli.
Apparemment, il n'y a rien qui ne puisse se produire aujourd'hui.	Nakotala, elokomoko te ekoki kosalema lelo.
Certains seraient prêts à vendre leur mère pour mettre la main dessus.	Boko bakoselingwa koteka ba mama na bango pona kozwa yango.
Ah ben bravo !	Ah ebongo longoniya !
Je suis désolé d'être habillé comme ça.	Bolimbisi lokola nalati boye.
Sami était inquiet de la réaction que pourraient avoir les autres personnes.	Sami amitungisaki na oyo basusu bakokaki kosala.
Pour être garantis de prendre du fric aux ados, il faut sortir des albums avec des titres en anglais !	Pona kozala na etingiya ete ekozwa eloko uta nabilenge, esengeli obimisa banzembo na mikonza na lokoto ya ngelesa !
Tout ce que tu fais c'est d'essayer d'échapper à la réalité.	Nyoso ozali kosala ezali kokima bosolo.
""" O comble de grandeur ainsi que de misère ! / Non, vous ne voyez pas une ombre mensongère ; / oui, malgré moi je vis, et pour souffrir encor. """	""" O litondi ya bonene mpe ya mawa ! / Te, bozali komona elilingi ya lokuta te ; / hiyo, atako bongo nazali kobika, mpe pona konyokwama lisusu. """
Hum, hum !	Hum, hum !
J'espère que quelqu'un verra cela.	Nalikya ete moto moko akomona yango.
Liliana est un prénom de fille et son diminutif courant est Lili, cependant Iana est parfois utilisé, étant la seconde partie du prénom.	Liliana ezali kombo ya bana basi mpe bokuse nango oyo eyebani ezali Lili, kasi Iana esalelamaka mpe ndango mususu, lokola ezali eteni ya mibale ya kombo.
Alan Turing, un des héros britannique de la Seconde Guerre mondiale, le gouvernement anglais l'a castré chimiquement, de même que des milliers d'autres personnes, parce qu'il était homosexuel. Il a fini par se suicider.	Alan Turing, moko ya bilombe ya babritannique na etumba ya mibale ya mokili mobimba, bokulaka yaba ngelesa balongolaki ye kimobali, elongo na kiasa ya batu misusu, mpo ete azalaki homosexuel. Asukaki nako miboma.
L'anthropologue américaine Margaret Mead a déjà dit qu'il ne faut jamais sous-estimer ce qu'un petit groupe de personnes dévouées peut accomplir.	Anthropologue ya america Margaret Mead asilaki koloba ete esengeli te kotala pamba oyo etonga moke ya bato baye bamipesi ekoki kosala.
Il y a toujours eu une minorité ayant peur de quelque chose et une grande majorité ayant peur de l'obscurité, de l'avenir, du passé, du présent, d'eux-mêmes et de leurs propres ombres.	Ezalaka tango nyoso na ndambu ya bato baye bazali kobanga eloko moko mpe bato ebele baye bazali kobanga molili, ya lobi, ya kala, ya sika awa, ya bango moko mpe ya bililingi nabango moko.
Je t'avais pourtant prévenu de ne pas jouer au petit malin avec moi.	Nakebisaki yo ete osalela mayele mabe na ngayi te.
C'est une victoire à la Pyrrhus. Dans une victoire à la Pyrrhus, le vainqueur perd plus qu'il ne gagne.	Ezali elonga na lolenge ye Pyrrhus. Na elonga na lolenge ya Pyrrhus, molongi abungisaka koleka ndenge azali kolonga.
Henry veut te voir.	Henry alingi komona yo.
Mathis est dans le coma et les docteurs ne sont pas sûrs qu'il va survivre.	Mathis azali na coma mpe minganga bayebi malamu te soki akobika.
Ne t’en va plus dire à d’autres garçons que tu les aimes, OK ?	Kokende lisusu koyebisa bilenge mibali misusu te ete olingi bango, toyokani?
« What à Wonderful World » fait partie de mes morceaux préférés.	« What à Wonderful World » ezali moko yaba nzembo nalingaka mingi.
Nul ne voit jamais si clair aux affaires d'autrui que celui à qui elles touchent le plus.	Moko te amonaka malamu makambu yabatu misusu koleka yaye moko.
Sami and Layla avaient besoin de regagner leur confiance.	Sami na Laylabazalaki na bosenga yakozongela boyokani nabango.
Aujourd'hui, j'étais censé étudier à la bibliothèque, mais je me suis réveillé vers midi.	Lelo, nasengelaki kotanga na bibiliothèque, kasi nalamukaki na zanga.
Jim est le diminutif de James.	Jim nde bokuse ya James.
Rien d'étonnant à ce qu'elles aient refusé l'offre qu'elle leur faisait.	Yakokamwisa ezali te nalolenge baboyi oyo apesaki bango.
Ne dites pas des conneries.	Koloba buzoba te.
Ils ont battu la campagne à la recherche de la victime.	Bakendaki koluka baye bzwamaki na likama.
Pourriez-vous me dire le code postal de New York ?	Okoki koyebisa ngayi code postal ya New York ?
Je perds mes dents. Je meurs en détail.	Nazali kobungisa mino nangayi. Nazali kokufa ndambu ndambu.
Alex décrirait correctement l'objet et sa couleur, même s'il ne l'avait jamais vu auparavant.	Alex akotalisa malamu eloko yango na langi nayango, ata soki nanu amona yango te.
Je ne laisserai rien de mal t'arriver.	Nakotika mabe ekomela yo te.
Désolé mon amour, je suis encore coincé au bureau.	Bolimbisi bolingo nangayi, nakangami lisusu na mosala.
Je voudrais envoyer ce paquet au Japon par voie maritime.	Nalingi kotinda liboke oyo na Japon nanzela ya mayi.
Je n'aime pas mentir, mais ça me parait nécessaire dans certains cas.	Nalingaka kokosa te, kasi emonanaka ya motuya ndango mosusu.
Il faut des historiens, pour rendre compte des événements ; des témoins imparfaits, qui déclinent l'expérience singulière ; des romanciers, pour inventer ce qui a disparu à jamais : l'instant présent.	Esengeli baye batanga mambi maleka, pona kotalisa makambo ; batatoli baye babongi te, baye baboyi maye babikaki ; bakomi, pona kobimisa oyo elimwa libela : lelo ya mpwasa.
Ma tante habite à New York.	Tata mwasi nangayi avandaka na New York.
J'espère que personne ne te dira cette phrase.	Na banza ete moto te akolobela yo maloba oyo.
Si jamais Jason m'appelle, dis-lui que je ne suis pas là.	Soki  Jason abengi ngayi, lobelaye nazali te.
À l'hôpital, l'infirmière lui a lu la plupart des lettres de sa femme.	Na lopitalo, monganga ya mwasi atangelaki ye mingi ya mikanda ya mwasi naye.
Vous.... vous avez un nez... heu... un nez... très grand.	Bino.... bozali na zolo moko... heu... zolo moko... monene penza.
Je devine que ce que j'ai dit n'est pas très clair, mais c'est la seule façon que j'ai de l'expliquer.	Na banza ete oyo nalobi ezali polele penza te, kasi lolenge se moko nazali nayango yakolimbola yango wana.
À certains moments, j'ai envie de plaquer ce boulot.	Na batango misusu, nazali na posa yakotika mosala oyo.
Nous ne savons pas encore s'il s'est vraiment cassé la jambe. Ils vont en faire une radio.	Naino toybi te soki solo abukani lokolo. Bakotala yango na radio.
Dans ce métier on voit tout de suite les résultats.	Namosala oyo tomonaka na lombango mbano.
À la seconde où le facteur passe, il fonce dehors pour ramasser son courrier.	Kaka na tango momemi sango aleki, akeyi libanda mpona kozwa mukanda naye.
Le baiser est la plus sûre façon de se taire en disant tout.	Lipepwi nde lolenge ya malamu yako vanda nye mpe koloba nyonso.
Qui va là ? cria le sergent d’une voix rauque.	Nani ekeyi kuna ? Sergent abelelaki namongongo makasi.
Tout d'abord, gardez fermement en tête la prévention de la criminalité ! Avant de sortir, verrouillez les portes !	Na yambo, tiya na moto bobatelami na bobomibomi ! Yambo kobima, kanga molango !
Vous racontez de belles histoires d'amour.	Bozali kobeta lisolo malamu ya bolingo.
Si vous continuez de vous entraîner, vous serez dans un mois un très bon joueur de tennis.	Soki bokobi kosala, na sanza moko okokoma mobeti tennis monene.
Êtes-vous capable de sauter par dessus une chaise à partir de la station debout ?	Ozali namakoki ya kopumbwa kiti moko wana ezali yo yako telema ?
Ne pleure jamais pour un homme car le seul qui mérite tes larmes ne te fera jamais pleurer.	Kolelaka te mpona mobali jambi oyo alongobani na mpizoli nayo akotikala kolelisayo te.
Il n'y a aucun pays de la terre où l'amour n'ait rendu les amants poètes.	Ezali na mboka moko te na mokili wapi bolingo ekomisaka bakwelani bakomi ya ntoki te.
L'objective de cette entreprise est de gagner la confiance et le respect de nos clients.	Makambo companie oyo ezali kolanda ezali ete tokoma nakozwa etingiya mpe limemiya yaba clients na biso.
Les rires, les cris joyeux s’élevaient de tous les côtés.	Koseka, koganga na esengo ezalaki kowuta bipayi binso.
Il y a plus de sept ans, les États-Unis poursuivaient al Qaeda et les Talibans avec un large soutien international. Nous n'y sommes pas allés par choix, nous y sommes allés par nécessité.	Eleki mobu sambo, Etats-Unis ezalaki kolanda  al Qaeda mpe Talibans na simbisi monene ya bikolo misusu. Tokendaki nabolingi te, tokendaki mpo ezalaki ya motuya.
Hé, que s'est-il passé ?	Hé, nini esalemaki ?
Je ne connais aucun aveugle.	Nayebi mutu ya lolanda ata moko te.
À peine aperçut-il la silhouette du poulet, que ni une ni deux il dégaina son flingue avant de balancer la purée.	Kaka na tango amonaki soso, ete moko to mosusu te abongisaki mopanga naye.
J'appelle de la part de Monsieur Simon.	Nabengi na kombo ya Mbutamutu Simon.
Ne faites pas comme si vous ne saviez pas danser !	Kosala lokola obungikobina te !
Je te fiche mon billet qu'il n'y arrivera pas.	Napesi yo lokasa na ngayi akokoma te.
Les êtres sensoriels, dans tout l'Empire Galactique, pouvaient envoyer des messages télépathiques à travers de grandes distances.	Baye bazalaka na mayoki mingi, na bokonzi Galactique mobimba, bakokaki kotinda basango na bongo naba ntaka milayi.
Attendez, ne vous tirez pas dessus !	Bozela, bomiboma te!
Il fut fatigué d'être l'avocat du diable et maintenant accepte chaque idée qu'ils proposent, peu importe qu'elle soit idiote.	Alembaki kozala molobeli ya satana mpe sikaawa ndima makanisi nyoso azali kopesa, ata soki ezali yabolema.
Je n'ai pas pu sortir à cause de la forte pluie.	Nabimaki te mpona mbula makasi.
Lisa a reproché à Marc de souvent mettre tout dans le même sac.	Lisa apamelaki Marc lolenge yakotiaka makambo nyoso elongo.
Quelles sont les cinq premières lettres de votre adresse électronique ?	Baletele mitano ya liboso ya adresse email na yo ezali nini?
J'espère qu'il y aura ici une station de métro dans l'avenir.	Nabanzi ete etemelo ya métro ekozala awa na mikolo mizali koya.
Durant son mandat, de nombreuses nouvelles lois ont été promulguées.	Na mikolo ya mosala na ye, mibeko mingi ya sika mibimaki.
Cela te dérangerait-il de me fournir un peu d'aide pour certains problèmes que je rencontre ?	Ekotungisa yo kosunga ngai na boko makambo nakutanaka na yango?
Est-ce que tu as vraiment laissé ta voiture ouverte avec les clés sur le contact ?	Otikaki solo motuka mwa yo polele na fungola elongo?
Vous devez réaliser vos plans.	Bosengeli kokokisa miango mya bino.
L'opinion est une chose par laquelle je tente d'expliquer pourquoi tout le monde devrait penser comme moi.	Likanisi ezali eloko oyo nazali komeka kolimbola mpo na nini bato  basengeli kokanisa lokola ngai.
Combien nous savons peu, nous nous en apercevons lorsque nos enfants commencent à poser des questions.	Toyebaka bobele moke, tokomaka na kososola yango ntango bana na biso babandaka kotuna biso mituna.
On regarde une femme savante comme on le fait d'une belle arme : c'est une pièce de cabinet, que l'on montre aux curieux.	Batalaka mwasi ya mayele mingi lokola basalaka na bondoki ya bonzenga: ezali eteni moko ya bilo, oyo batalisaka bato ya bokebi mingi.
Ha ha ha ! Tu veux tuer toutes les mouches ?	Ha ha ha ! Olingi koboma nzinzi nyonso ?
Tant que je respire, j'espère.	Ntango nazali kopema, nazali na elikya.
Le regard vide des yeux de poupées m'a toujours effrayé.	Etaleli ya miso ya bana popi ebangisaka ngai.
« Désolée, je t’ai posé une question déplacée ? » « Non, pas du tout. » « Alors pourquoi tu réponds pas ? »	"""Nayoki mawa, natunaki motuna mabe ? » «Te, ata moke te. """"Bongo mpo na nini ozali koyanola te ? »"
Laissez votre message après le bip.	Tinda nsango na yo nsima ya bip.
Pardonnez-moi d'être franc ; votre visage ne me revient pas.	Limbisa ngai mpo na kozala na bosembo; nazali koyeba yo lisusu te.
J'attendais à peine depuis une minute quand il arriva.	Nazalaki kozela mpene ya munite moko ntango ye akomaki.
Ce type est vraiment sexy.	Mobali oyo azali na nzoto.
J'espère que le bateau ne fera pas naufrage dans la tempête qui s'annonce !	Nalikei ete masuwa ekozinda te na mbonge ezali koya !
Tu verras, un jour, tu trouveras l'amour.	Okomona, mokolo moko, okozwa bolingo.
Jules se sentait sous pression pour trouver un moyen de résoudre le problème.	Jules azwamaki na mikakatano mpo na koluka nzela ya kozua eyano na likambo.
C'est un champ de bataille. Une seule règle: survivre.	Ezali elanga ya bitumba. Mobeko se moko: kobika.
Voir son charmant visage me détend.	Komona elongi na ye ya boboto ezali kosepelisa ngai.
C'est le second article de la série sur les infrastructures de greffons.	Oyo ezali monkanda ya mibale ya makambo etali boyangeli misala ya oyo batiaka na etape.
Il paraît que le nouveau de la classe d’à côté est trop beau gosse.	Ekoki kozala ete mwana ya nsima ya kelasi ya mpembeni azali kitoko makasi.
Nick mésestime quiconque vient de la campagne.	Nick azuaka bato bawuti mboka lokola bato mpamba.
Si Dieu a béni les États et régimes racistes et colonialistes, ceci voudrait-il également dire qu'il a maudit les Vietnamiens, les noirs sud-africains, les Iraqiens, Ies Afghans, les Vietnamiens et les Palestiniens ?	Soki Nzambe apamboli mboka na boyangeli iye ikabolaka lomposo, yango elingi koloba alakela bavietnamien, bayindo ya Afrique du sud, ba Irakien, ba Afgan, ba Vietnamiens na ba Palestinien mabe ?
Ferme les yeux,  fiston, tu ne vas pas tarder à dormir tranquille.	Kanga miso, mwana, okoumela te kolala mpongi ya kimya.
C'est un essai politique brillant, enlevé.	Ezali mokano kitoko ya politiki, elongolami.
Je connais Jim depuis mon enfance.	Nayebi Jim uta bomwana na ngai.
Insouciant du passé, peu satisfait du présent, on veut deviner l'avenir.	Lobanzo te na maye maleka, kosepela te na maye ya lelo, tolingi kokanisa maye makoya lobi.
Son adresse venait d'un talent inné surprenant et non de plusieurs années de pratique.	Maloba na ye ezali likambo ya mbula ebele ya kosala te kasi  likambo ya kokamwa uta mbotama na ye.
J'écoute un audiolivre sur Harry Potter avec le baladeur que je viens d'acheter.	Nazali koyoka buku ya Harry Potter na ladio (fono) nauti kosomba.
Cela se voit sur son visage qu’il est triste.	Elongi na ye ezali kolakisa ete azali na mawa.
De là le feu divin, pour nous guider, sans doute, / vers la forêt d'Ida suit sa brillante route, / prolonge dans les airs ses sillons radieux, / jette une odeur de soufre, et se perd à nos yeux.	Na kuna moto ya bonzambe, oyo ezali kolakisa biso nzela, ya solo, / epai na zamba ya Ida ezali kolanda nzela ya kitoko, /ezali kotindika mwinda na likolo, / ezali kopesa solo ya soufre, mpe ezali kolimwa na miso na biso.
"Quand j'entends le mot ""culture"", je sors mon revolver."	"Ntango nayokaka nkombo ya ""zebi"", nabimisaka revolver na ngai."
J'espère que tu sais que la dernière chose que je veuille faire est de te blesser.	Nabanzi ete oyebi eloko ya nsuka oyo nakoki kosala ezali kozokisa yo.
C'est le bonhomme de neige le plus moche que j'aie jamais vu.	Oyo azali moto moko ya mabe koleka na baye banso namona.
Quand est passé l'épisode ?	Epizodi yango eleki mokolo nini ?
Noah est d’autant plus content de son sort qu’il est fier de ne pas avoir eu à demander de l’aide de quelqu’un.	Noah azali na esengo na oyo ekomeli ye mpo asengaki lisungi ya moto te.
Si tu n'es pas sorti de la douche d'ici cinq minutes, je coupe l'eau chaude !	Soki na miniti mitano obimi na douche te, nakokati mayi ya moto !
J'espère que nous pourrons nous arranger pour venir à ta fête.	Nakanisi ete tokoki kosala nyonso mpo toya na fete na yo.
Dites à ces personnes de se retirer, afin que l'hélicoptère puisse se poser.	Boyebisa bato wana balongwa, mpo na elikoptere ekoka kokita.
Les gars ! Attendez !	Bana-mibali ! Bozela !
Hier soir j'ai regardé un film allemand en version originale sur le programme Arte.	Lobi eleki nalandaki filime allemand moko na lolenge na yango ya liboso na pologalame ya Arte.
La somme des dons et des cotisations versées par un individu à un ou plusieurs partis ne peut excéder 7 500 euros par an.	Lisanga ya makabo mpe mosolo oyo moto na moto apesa esengeli  koleka te 7 500 euro na mbula.
Je te suis reconnaissant pour ce que tu as fait précédemment.	Natondi yo mingi mpo na oyo osalaki mikolo mileki.
L'équipe japonaise, vainqueur de la Coupe du Monde, est rentrée enthousiasmée par cette victoire.	Ekipi ya Japon, molongi coupe du monde, ezongaki mboka na esengo ya elonga.
La police a enquêté sur le passé du suspect.	Pulusi etunaki bomoyi ya kala ya moto bakanisaka mabe.
La Garde meurt mais ne se rend pas !	Mokengeli akufi kasi amikabi te !
Je ne regrette pas ce qui s'est passé la nuit passée.	Nazali koyoka mawa te na oyo elekaki lobi na butu.
Où puis-je poser ces bières ?	Nakoki kotiya masanga oyo wapi ?
Je voulais vous toucher un mot de ce qui s'est passé.	Nalingaki nabetela yo mwa lisolo ya likambo oyo esalemaki.
La recherche de «fleuve» renvoie un avertissement que cette recherche est illégale sur l'Internet chinois, ces jours-ci.	"Soki obeti nkombo ""fleuve"", monkanda moko ekobima mpe koloba ete epekisami koluka nkombo yango na interneti na mboka Chine, mikolo oyo."
Tout ce que vous devez faire, c'est tirer profit de cette occasion rare.	Nyonso bosengeli kosala, ezali kosalela eposa eye ezalaka mingi te.
Hey, je viens d'avoir une bonne idée.	Hee, nauti kozwa likanisi ya malamu.
Il ne les quitte pas, dans leur retraite sombre, / qu'au nombre des vaisseaux il n'égale leur nombre. / Puis il retourne au port, partage son butin.	Akotika bango te na ntango ya mpasi / na motuya ya masuwa ekokani te na mitango nyonso. / Na nsima azongi na libongo, mpe abakoli mbano na ye.
Vous regardez vos belles images.	Bozali kotala bililingi kitoko ya bino.
J'ai l'impression que quelque chose d'horrible est sur le point d'arriver.	Nazali kokanisa ete eloko moko ya mabe elingi esalema.
Marie trouve son copain adorable.	Marie azali komona moninga na ye mobali lisimi.
Kitty a 12 ans et elle ne peut toujours pas lire.	Kitty azali na mibu 12 kasi ayebi kaka kotanga te.
Un bon archer atteint la cible avant même d’avoir tiré.	Miso ya mobomi ndeke ekangaka ndeke yambo ye abamba libanga.
Je présente mes excuses pour ne pas avoir immédiatement répondu.	Nasengi bolimbisi mpo napesaki eyano mbala moko te.
Bien que l'échec des négociations soit évident, certains gardent un peu d'espoir.	Ata ko ezomonana ete masolo ya boyokani ekokende liboso te, bato basusu bazali na mwa na elikya.
J'espère que tu te plais ici.	Nabanzi ete osepeli kozala awa.
Le paysan, dans son labour, arrache peu à peu quelques secrets à la nature, et la vérité qu'il dégage est universelle.	Mosali elanga, na mosala na ye, azali kozua moke moke basekele ya mabele, mpe bosolo oyo abimisaka endimamaka mokili mobimba.
Les nouvelles de la mort de son fils furent un choc.	Nsango ya liwa ya mwana na ye ya mobali ekataki ye motema.
Raphaël était un mec génial.	Raphaël azalaki mobali moko malamu.
Je me souviens avoir vu Sami un peu gros, mais je n'aurai jamais imaginé qu'il deviendrait aussi gros que ça.	Nakanisi namonaka Sami azalaka mwa monene, kasi natikala kokanisa te akokaki kokoma monene boye.
L'honnêteté paye à la longue.	Bosembo efutaka ata ndele.
Désolé, mon patron est en train de dormir. Revenez demain, je vous prie.	Mawa, mokonzi na ngai azali kolala. Nabondeli yo, zonga lobi.
Tu n'écoutes pas, hein ?	Oyokaka te,  hein  ?
Trouvez un boulot, de façon à pouvoir subvenir aux besoins de votre femme et de vos enfants !	Luka mosala oyo ekoleisa mwasi mpe bana na yo !
Si tu n'es pas content, va respirer ailleurs !	Soki osepeli te, kende kopema esika mosusu !
Hé bien, je me lève tôt, donc je veux dormir, là.	Na bongo, nalamukaka ntongo mpenza, bongo nalingi nalala, kuna.
Cette piste d'atterrissage sera opérationnelle dans quelques semaines.	Libanda ya mpepo oyo ekofonguama nsima ya mwa mposo.
J'essayais de prouver quelque chose.	Nazalaki koluka eloko moko.
L'agent de police a indiqué que ça avait l'air d'une blessure par balle volontaire à la tête.	Polisi alobaki ete ezalaki lokola mpota ya masasi oyo babeti na moto.
Vous étiez à court d'idées.	Makanisi esilaki bino.
Il est si naturel d'estimer ce qu'on aime qu'on voudrait que partout on l'estimât de même.	Ezali malamu kokanisa ete oyo tolingaka, mpe tolingaka nyonso esalema na bopete lolenge tokanisaka.
Changez de train à Chicago pour New York.	Bozwa engunduka mosusu na Chicago mpo na kokende New York.
Est-ce que je connais les secrets des millionnaires ?	E bongo ngai nayebi basekele ya millionnaires (bazwi misolo ebele) ?
Tom avait du rouge à lèvres partout sur son visage.	"Tom azalaki na ""rouge à lèvre"" na elongi na ye nyonso."
"""Peux-tu m'expliquer ceci ?"" ""Il n'y a rien à expliquer. Ce sont les ordres et nous devons les suivre."""	"""Okoki kolimbolela ngai oyo ?"" ""Eloko ya kolimbola ezali te. Ezali mibeko mpe esengeli tolanda yango."
Comme maman renarde attendait, inquiète, le retour de son petit en frémissant d’impatience, elle fut si heureuse lorsqu’il arriva qu’elle eut envie de pleurer et lui fit un gros câlin.	Lokola mama mokenge azalaki kozela, na kobanga nyonso, bonzongi ya mwana na ye, atondisamaki na esengo ntango mwana azongaki, mposa ya kolela ekangaki ye mpe ayambaki mwana na ye.
J'ai apporté les bonnes réponses aux questions.	Napesi biyano ya malamu na mituna.
On utilise les pointillés pour le modèle, et les traits continus pour la réalité.	Basalelaka ba pointiye mpo na modeli, mpe batrait oyo elandami mpo na bosolo.
Nous ne comprenons pas que vous puissiez encore chercher pourquoi Bernadette Dejeu a été tuée.	Tozali kososola te mpo na nini bozali kokoba koluka boyeba mpo na nini Berandette Dejeu akufaki.
Je peux parfaitement gérer une classe de soixante élèves.	Nakoki kokamba malamu kelasi ya bana 60.
Ça m'a coûté 50 dollars pour réparer ma montre.	Nafuti 50 dollar mpo na kobongisa montele na ngai.
Il y a eu de nombreux meurtres, l'année passée.	Bato ebele babomamaki, mobu moleki.
Les seules traces de doigt que la police a trouvé sur la poignée de porte étaient de Kylia.	Bilembo ya maboko oyo bapolisi bamonaki na loboko ya ekuke ya ndako ezalaki ya Kylia.
Les deux pays partagent 500 km de frontière.	Mboka yango mibale ikaboana na ndelo ya kilometele 500.
Je sais que certains d'entre vous veulent revenir aux choses telles qu'elles étaient mais ça ne va pas arriver.	Nayebi ete mposa ya basusu kati na bino ezali makambo ezonga lolenge ezalaki kala, kasi tika nayebisa biso ekosalema te.
Les médecins recommandent des médicaments pour combattre les maladies.	Minganga basengi tozwa nkisi mpo na kokimisa makoni.
Dan est un shérif adjoint à la retraite.	Dan azali shérif molandi  ya kokende epaso (retraite).
Ça reviendra moins cher sur le long terme de faire table rase du système existant et de tout refaire nous-mêmes.	Ekozala motuya mpo na biso soki totiki maye mazali mpe tobandeli nyonso biso moko.
Ne bouge pas ou je te tue.	Koningana te to nabomi yo.
Plus je me connais moi-même, plus ma vie devient claire.	Soki namiyebi ngai moko malamu, bomoi na ngai mpe ekokoma malamu.
J'ouvre la porte et je vois deux garçons qui se tiennent côte à côte.	Nafungoli ekuke mpe namoni bana mibali mibale batelemi penepene.
Les roses se fanèrent et Annie pleura beaucoup.	Bafololo rose ekuakaki mpe Annie alelaki mingi.
Mon opinion correspond à peu près à la tienne.	Makanisi na ngai ekokani mwa moke na makanisi na yo.
C'est l'un des plus beaux mecs que j'ai jamais vus.	Azali moko ya mibali ya kitoko makasi oyo namona naino te.
Perdu dans mes pensées, j'ai raté mon arrêt.	Makanisi eleki, naleki arret na ngai.
Pendant les nuits d'insomnie, ta venue, je l'espère.	Ntango mpongi esilaka na butu, mposa ya motema na ngai ezalaka ozonga.
Tommy ne sut pas répondre au dernier problème.	Tommy ayebaki kozongisa na likambo ya nsuka te.
"Ouvrez une image et choisissez une disposition d'image. Cliquez sur ""Ouvrir"" pour ouvrir une image. Cliquez sur ""Quitter"" pour quitter l'application. La fonction ""Disposition d'image"" vous permet de visualiser dans n'importe quelle disposition."	"Fungola elilingi moko mpe mpona libongisi moko ya elilingi. Finá ""Kofungola"" mpo na kofungola elilingi. Fina ""Kobima"" mpo na kobima na aplikasion. Okoki kotala bililingi na bapozision nyonso soki otoki na ""pozision ya elilingi""."
Va chercher la caméra.	Kende koluka kamera.
Maintenant que vous en parlez, qu'est-il arrivé à cet homme qui travaillait ici ?	Lokola bozali kolobela yango sika, nini ekomeli mobali oyo azalaki kosala awa?
Quand c'est l'anniversaire d'un membre de la classe, l'enseignante dessine toujours un drapeau sur le tableau.	Ntango ezalaka mokolo ya mbotama ya moto moko ya kelasi, molakisi ayemaka kaka bendele na etando (tableau).
Ce foutu ordinateur ne marche pas.	Ordinatere oyo ya buzoba ezali kosala te.
Si vous avez l'intention de rester en contact, demandez-lui ses coordonnées.	Soki olingi bobengana, senga ye numero na ye.
Si je n'écris pas pour me vider l'esprit, je deviens fou.	Soki nakomi te mpo nabimisi maye mazali na bongo na ngai, nakobela liboma.
La littérature est une affaire sérieuse pour un pays, elle est, au bout du compte, son visage.	Litelatili ezali likambo ya motuya mpo na mboka, mpo yango nde na nsuka ezali elilingi ya mboka.
Est-ce ce que vous voulez que je dise ?	Olingi naloba ?
Carl semblait très heureux.	Carl azalaki lokola na esengo makasi.
Quand il est question de créer de nouveaux contacts, Jérôme trouve ça difficile.	Koluka baninga ya sika ezalaka mpasi makasi mpo na Jérôme.
Le braquage de banque est souvent utilisé par les groupes armés comme un moyen pour obtenir de l'argent.	Bato ya mandoki bakendaka mingi-mingi kobuka ndako ya misolo mpo na koyiba mosolo.
Le sport qui occupe la première place dans le monde, c’est sans le moindre doute le football.	Lisano ya yambo na mokili mobimba, ata ntembe te, ezali nde ndembo.
Je classe sa musique comme du rock.	Mpo na ngai miziki na ye ezali rock.
Les analystes parlent déjà d'une possible «fusion du coeur de la livre».	"Bayekoli ya makambo moko moko bazali kolobela makoki ya ""bosangisi motema ya buku""."
Un homme a failli mourir en Californie après avoir tenté de poser pour un selfie avec un serpent à sonnette.	Mobali moko alingaki akufa na Californie nsima ya komeka kozwa foto na nyoka.
Reviens de suite, s'il te plait.	Kowumela te, nabondeli yo.
Arthur a le rôle du méchant.	Arthur azwi mosala ya moto mabe.
Ah ! ma chère miss, je serais heureuse de vous voir devenir la femme d'un bon fermier et être une de nos voisines.	Ah ! Ndeko mwasi, mposa na ngai ezali okoma mwasi ya mosali bilanga moko malamu mpe okoma moto moko ya mpembeni na biso.
En France, ce ne sont pas les couilles que l'on coupe mais la tête.	Na Falansia bakataka mimbanga te, kasi bakataka nde moto.
L'individu est le produit et le producteur de la culture.	Moto nde azali elembo mpe mosali zebi.
L'amitié, mon ange, ignore les banqueroutes du sentiment et les faillites du plaisir. Après avoir donné plus qu'il n'a, l'amour finit par donner moins qu'il ne reçoit.	Boninga, anzelu na ngai, ebosanaka nzela ya satima mpe bokwei ya esengo. Nsima ya kopesa koleka oyo azali na yango, bolingo esukaka nakopesaka moke koleka oyo ezuaka.
Certains événements de mon enfance sont très clairs, d'autres, en revanche, ne sont qu'un vague souvenir.	Nayebi makambo misusu nasala na bomwana na ngai, kasi makambo misusu mazali lokola mabanzo ya polele te.
Un million de migrants sont entrés en Europe en 2015. Il s'agit d'un record depuis la Seconde guerre mondiale.	Bamigran milion moko bakotaka na Eropa na mobu 2015. Likambo ya boye etikala kosalema te uta Etumba ya mibale ya mokili mobimba.
Je regrette qu'un engagement préalable m'empêche d'accepter votre aimable invitation.	Bolimbisi, nakoki kondima invitation na yo mpo nazali na mabongisi mosusu nasalaki.
Ils ont rendu hommage à Johnny Hallyday.	Bapesaki lokumu na Johnny Hallyday.
Quand il vit Jésus passer, il dit...	Ntango amonaki Yesu koleka, alobaki...
Il marmonnait encore quelque chose concernant les hôpitaux à la fin de la fête, quand il a glissé sur un morceau de glace et s'est brisé la jambe gauche.	Azalaki koloba na kati ya monoko makambo matali mapitalo na nsima ya feti, ntango aselimwi na galási mpe abukani lokolo na ye ya mwasi.
À droite se trouve un champ d'orge, tandis qu'à gauche se trouve un champ de blé.	Na loboko ya mobali ezali elanga ya orje, mpe na loboko ya mwasi ezali elanga ya ble.
Le procureur m'appela également en tant que témoin.	Nzuzi mokonzi abengaki ngai mpe lokola nzeneneke.
Le premier symptôme de l'acculturation est de penser que la langue de l'autre est plus cool. La conclusion inévitable est la disparition de ta langue.	Elembo ya liboso oyo etalisaka ete moto abungisi bonkoko na ye ezali kokanisa ete nkota ya baninga ezali malamu koleka oyo ya ye. Suka na yango ezali nkota na yo ekolimua.
Es-tu sûre de ne pas vouloir attendre jusqu'à demain ?	Okoki penza kozela kino lobi te?
Faites-moi confiance : la réponse à cette question, je ne la connais pas, mais j'y réfléchis.	Ndimela ngai : nazali na eyano na motuna wana te, kasi nazali koluka yango.
Les fiançailles de M. Rogers et de Mlle. Smith ont été annoncées hier.	Bukueli ya M. Rogers mpe ya Mlle. Smith epesamaki lobi eleki.
C'était romantique de marcher au clair de lune.	Ezalaki lolango kotambola na nse ya pole ya sanza.
Il a donné un faux nom et une fausse adresse à la police.	Apesaki nkombo mpe adresi ya lokuta na bapolisi.
Top secret !	Sekele ya likolo !
Le couteau était si émoussé que je ne pus couper la viande avec et je dus recourir à mon couteau de poche.	Mbeli yango ezalaki na mino ata mokie te mpe ekokaki kokata ngombe te yango wana nasalelaki mbeli ya ngai moko ya poshe.
Je suis navrée, je n'ai pas pu t'écrire plus tôt.	Bolimbisi, nazui makoki ya kokomela yo kaka sikoyo.
Wow! Quelle merveilleuse idée.	Kitoko ! Likanisi moko malamu.
Quoi qu'il puisse arriver, tu ne dois pas oublier de sourire.	Na nyonso okokaki kobosana koseka te.
Voici encore dix coups pour toi, maudit salopard, pour avoir chié sur mon parterre de fleurs !	Zua lisusu bafimbo 10, nyama, mpo osumbi likolo ya bofolo na ngai !
Maxime vit Marthe attendre à l'arrêt de bus.	Maxime amonaki Marthe azalaki kozela na esika oyo bazelaka bus.
Sors tout de suite.	Bima sikasik'oyo.
Si F est un sous-espace vectoriel de dimension finie d'un espace préhilbertien réel E, alors F et F orthogonal sont supplémentaires.	Soki F ezali sous-espace vestoriel ya etando ya suka ya espace prehilbertien reel E, F and F orthogonal bazali supplementaire.
Chacun est une Lune et possède une face cachée qu'il ne montre à personne.	Moto nyonso azali sanja, azalaka na elongi moko alakisaka bato te.
Paul est une personne tellement plaisante que tout le monde l'aime de suite.	Paul azali moto malamu yango wana bato banso balingaka ye mbala moko.
C’est une fille très grande ; elle porte un sweat blanc et un T-shirt bleu. Elle a aussi un pantalon à rayures plutôt joli et des baskets.	Azali muana muasi moko molayi makasi. Alati sweat ya pembe na t-shirt ya bule. Azali mpe na patalo ya banzela-nzela ya kitoko na babasketi.
"""Chéri, viens te coucher."" ""Non, pas tout de suite. Je dois encore traduire quelques phrases sur Tatoeba."""	"""Cheri, yaka olala."" ""Te, sikoyo te. Esengeli nalimbola nanu mua ndambo ya bafraze na Tatoeba""."
Désolé de ne pas avoir répondu plus tôt à ton message, j'étais occupé.	Bolimbisa, nazalaki na mosala yango wana nayanolaki na mesaje na yo mbala moko te.
Aucun de nous n'avait la moindre idée de ce qui allait arriver.	Moko te kati na biso ayebaki nini elingaki esalema.
Vous devez arriver à midi.	Esengeli bokoma na midi.
Je n'ai jamais compris cette volonté de vouloir constituer coûte que coûte des classes mixtes.	Natikala kososola te esika posa wana ya kosangisa bana basi na mobali na bakelasi moko ewuta.
Daniel a obtenu un bon emploi.	Daniel azui mosala ya malamu.
Vous ne vous souvenez plus où vous avez mis votre clé.	Obosani esika otiki fungola na yo?
J'aurai une rencontre avec le professeur à une heure et demi.	Nakokutana na mosakisi na ngonga zomi na misato na ndambo.
Hmm ! Oui, j'y crois.	Hmm ! Iyo, nandimi yango.
Ne reculez pas !	Kozonga sima te !
Mathis n'a pas amené ses clés.	Mathis amemi bafungola na ye te.
Lorsqu'on a pénétré le fond des choses, la perte des illusions amène la mort de l'âme, c'est-à-dire un désintéressement complet sur tout ce qui touche et occupe les autres hommes.	kokoti na mozindo ya makambo, efungolaka miso mpe ebomaka bomoto. Nyonso oyo etali baninga ekomaka pamba.
Ils sont actuellement en train de l'amener pour lui poser des questions.	Bazali komema ye mpo batuna ye mituna.
Grâce à ton aide, j'ai pu enfin venir à bout du démon du jeu.	Na lisungi na yo, nakokaki kolonga molimo mabe ya lisano.
Je ne peux pas dire que M. Kelly ait vécu une vie de saint.	Nakoki koloba te papa Kelly azalaki na bomoyi ya basantu.
J'espère que vous ne direz à personne que vous m'avez vu sortir de cette maison.	Nabanzi bokoyebisa moto te bomoni ngai kobima na ndako oyo.
Sur son char aussitôt la brillante déesse / revole vers Paphos, lieux charmants où sans cesse / l'encens le plus parfait, les plus nouvelles fleurs / embaument cent autels de leurs douces odeurs.	Likolo ya likalo na ye, na mbala moko nzambe-muasi ya mayele /apumbaki na Paphos, bisika kitoko / malasi ya kitoko koleka nyonso, bafololo ya sika koleka / bitondisi etumbelo na malasi kitoko.
Cependant le vent tombe et meurt avec le jour. / Des Cyclopes cruels j'aborde le séjour : / je l'ignorais.	Mopepe ekueyaka mpe ekufaka na mokolo. /Na bacyclopi ya mabe nakobanda mobembo: / nayebaki te.
Appelles moi quand tu seras arrivé.	Benga ngai ntango okokoma.
Nous sommes obligés de considérer comme fous beaucoup de nos esprits originaux — au moins jusqu'à ce que nous soyons devenus aussi malins qu'eux.	Esengeli totala milimo na biso ma ebandeli lokola maboma - kino tokoma na mayele mabe lokola bango.
Le directeur de la recherche fit faire au département un travail complet de test du nouveau produit.	Mokambi ya mabi ma boluki atindaki departement na ye esala batesti nyonso ya produit ya sika bazali kobimisa.
Suppose que tu t'y sois rendu et qu'elle ne s'y soit pas trouvée et qu'en plus il ait plu.	Banza soki okendaki kuna, omoni ye kuna te mpe mvula ebeti lisusu.
Un chasseur tire sur un lièvre et le rate d'un mètre à gauche, puis d'un mètre à droite. Statistiquement, le lièvre est mort.	Mobomi-nyama abetaki mandoki na simbiliki kasi elekaki metele moko na loboko ya muasi , mpe metele moko na loboko ya mobali ya nyama. Kolandisa bastatistiki, simbiliki akufi.
Les belles femmes sont à la fois le paradis et l'enfer.	Basi ya kitoko bazali paladisio mpe lifelo.
Elle a refusé son offre de soutien.	Aboyi lisungi na ye.
Il rentra à la maison en passant par Hong Kong.	Azongaki ndako koleka na nzela ya Hong Kong.
Écoutez, si vous voulez.	Boyoka, soki bolingi.
Bonsoir, mon trésor ! Que je suis content d'être enfin à la maison !	Mbote, molongani na ngai ! Esengo etondi ngai kozonga na ndako !
Au bout de quelques minutes, elle coula un regard vers la porte, comme attirée par ce courant d'amour, et ses yeux, sans hésiter, se plongèrent dans les yeux de Rodolphe.	Sima baminiti mokie, abuakaki miso na ekuke, lokola abendamaki na courant ya bolingo. Mbala moko miso ma ye  mazindaki kati ya miso ma Rodolphe.
Théo est couché sur le canapé à regarder la télé.	Théo atandi nzoto na kanape mpe azali kolanda TV.
Vous ne devez pas couper les cheveux tout de suite.	Esengeli te kokata suki sikasika oyo.
Ma clé USB contient un virus.	Fungola USB na ngai ezali na virus.
Je suis content que tu n'aies pas appelé Hugo.	Nasepeli lolenge obengi Hugo te.
Tu auras beaucoup de cadeaux pour ton anniversaire.	Okozua makabo ya ndenge na ndenge mpona mbotama na yo.
Nous devrions demander à Kylia de revenir.	Esengeli tobenga Kylia azonga.
Les gendarmes arabes algériens ont tiré à balles réelles sur des jeunes manifestants kabyles qui étaient pacifiques. Ils ont tué 128 jeunes kabyles et ont handicapé des milliers de kabyles à vie.	Bajendarme arabe ma Algeri babeti masasi na bilenge ma kabyle oyo bazalaki ata na mandoki te kasi babimaki na balabala koyokisa mongongo na bango. Babomi bilenge 128 ma kabyle mpe babuki maboko na makolo ya bato nkoto na nkoto kati ya bana ma Kabyle.
Êtes-vous au courant que votre nom a été prononcé lors d'un procès contre le gouvernement fédéral ?	Oyebi ete nkombo na yo etangamaki na procès na gouvernement federal?
Lors de la première guerre mondiale, « Anne of Green Gables » fut distribué par le gouvernement polonais aux troupes dans les tranchées pour leur rappeler pourquoi ils se battaient.	Na ntango ya Etumba ya liboso ya mokili mobimba, gouvernement ya Poloni ekabolaki « Anne of Green Gables » na basoda oyo bazalaki na etumba mpona babosana te tina ya etumba bazalaki kobunda.
Il ne montre aucun intérêt pour la science.	Azali kolakisa bolingi mpona siansi ata mokie te.
Notre chat regardait des gamins s'amuser dans la rue.	Kondoko na biso azalaki kotala bana mikie kosakana na balabala.
Stephen Colbert est un type plutôt délirant.	Stephen Colbert azali penza moto ya liboma.
Une bagarre a opposé les ouvriers à des agents de sécurité.	Bitumba esamaki kati ya basali na bapulusi.
Tu es folle de te coltiner un va-nu-pieds pareil, ma puce!	Moninga nangai, ozali liboma ku linga likambo ya ndenge oyo!
La crosse d'une carabine américaine est une arme aussi dangereuse que le canon lui-même, surtout lorsqu'elle est maniée par un bras puissant.	Crosse ya mibundi ya Amerika ezali manduki ya makasi ete manduki oyo nyoso, soki ezali na maboko ya makasi penza.
Sa Majesté attend.	Mokolo ya ekolo azozela.
J’ai toujours cru que les étudiants en médecine étaient des gens vaillants et très occupés. Jusqu’à ce que je te rencontre.	Nakoki kokanisa ete ma landami ya medecine bazalaka batu ya bwanya mpe bazalaka namisala ebele. Na mtango nako kutana nayo.
Celui qui lui rend visite, doit être préparé à entendre des reproches, souvent bruyants, ou à se voir affecter quelque tâche.	Moto oyo aye kosunga ye, esengeli ayeba ke akozua bareproche, mpe akopesama makambo yakosala.
On se voit au nouvel an.	Tokomonana na sanza akoya.
Ensuite Hamilcar fit sortir une galère armée d’une catapulte à chaque bout.	Nasuka Hamilcar abimisaki minduki ya liboma na tango nyoso.
C'est un type méchant.	Azali moto ya makasi.
Les scientifiques continuent de découvrir de nouveaux médicaments, il y a donc toujours de l'espoir pour les personnes dans le coma.	Banamayele bazali ko sosola bamedikama, tozali na makanisi pona batu oyo baza na coma.
Lis la rubrique des annonces si tu cherches un boulot.	Landa ba mitu ya baanonce soki ozoluka mosala.
Aucun grand artiste ne voit jamais les choses telles qu'elles sont vraiment. S'il le faisait, il cesserait d'être un artiste.	Artiste ya makasi amonaka makambo te ndeke ezali. Soki asali yango, akosila kozala artiste.
Je suis tombé dans un nid d’euro-collabos qui ne savent pas ce que l’Europe cache. Intelligents, mais pas malins.	Namibiki na lulu ya bacolabo oyo bayebi te ndenge Europe esalaka. Bana mayele, mte ya mitu te.
On vit plus longtemps, et c'est tant mieux, mais c'est pas pour bosser plus !	Tozo bwele makasi, eza malamu, mte azali ko bosser mingi te!
Le lendemain de sa première sortie avec Luca, Marie fut dans la lune toute la journée. Elle ne fut pas du tout attentive en classe et n’eut pas d’appétit.	Nalobi ya sorti naye na Luca, Marie azalaki na lune na journe nyoso. Azalaki kosimbia te na kilasi mpe azali na apeti te.
Tout le monde aurait voulu qu'il soit élu gouverneur.	Moto nyoso alingaki abonama mokonzi ya province.
Vous étiez toujours très gentille.	Ozalaka kaka mwana ya kimia.
Chut ! Je dors !	Chut! Nalali!
Dites à quiconque se présente que je suis sorti !	Yebisa moto nyoso akoya awa ete nakei libanda!
Il passait son temps au café à suivre du regard les passantes.	Alikisaka tango naye na cafe kotala bana mwasi oyo bazoleka.
J'ai entendu un bruit bizarre venant du garage.	Nayoki makelele ya mabe koyaka na garage.
N'oublions pas d'accélérer la mutation des gares en carrefour de l'intermodalité, lieux de communication, d'échange et de citoyenneté.	Kokanisa ko accelerer milindo ya basolokoto te na intermodalite, epai ya comunikasion, ya eshange mpe ya bwana mboka.
Tu donnes l'impression que c'est très simple.	Ozali kosala neti ezali pete makasi te.
Je commençai à douter de l'exactitude de sa déposition.	Nakomaki komituna soki maloba alobaki ezali penza solosolo.
Je suis désolé, je ne te reconnais pas.	Bolimbisi, nazali koyeba yo lisusu te.
Si vous vous trouvez dans les sables mouvants, vous vous enfoncerez plus lentement si vous ne bougez pas.	Soki ozali na bugulo yako tambola, okozika makasi soko ozo bouger te.
Il s'en fout comme de l'an quarante.	Azali na ye kuna ata mokie te.
Arrêtez d'être aussi attardés, bordel !	Botika mpe bozuba wana, ko !
Tu demandais des comptes à tes employés.	Ozalaki kosenga mbongo epa yaba sala nayo.
"""Tu es là pour suivre mes ordres."" ""Dans tes rêves, mon pote !"""	"""Ozali wana ko landa makanisi na ngai."" ""Na ndoto nayo, moninga nangai !"""
Quelles sont les conclusions que vous pouvez dégager de ces tests ?	Misuki nini oyo okoki kosala na test oyo?
L'argument le plus stupide que j'ai entendu quant à la prétendue désuétude du passé simple est : « Personne ne parle comme ça. »	"Makanisi oyo ya liboma nayoki na mikiko ya tango oyo eleki eza ""moto alobaka na ndenge wana te. »"
« Les Écossais disent non à la séparation de l'Empire Britannique ». C'est le résultat d'un sondage d'opinion effectué le jour du vote.	"""Baekose balobi te na bokabwani ya Empire Britannique"". Ezali makoki ya sondage ya batu oyo esalami na mokolo ya boponani."
Pour être un astronome, on a besoin d'étudier, mais pour être un astrologue, il suffit juste d'être un raté et un grand menteur.	Kozala astronome, esengeli otanga, kasi kozala astrologue, esengeli ozala mwana mayele te mpe molobi ya lukuta.
Si un jour les nombreuses langues européennes viennent à disparaître, ce jour-là l’Europe – en tant que concept et projet – cessera d’exister.	Soki mokolo moko na maloba ya ba mindele epukani, na mokolo wana – eyo kaka makanisi mpe projet – ekosila ko exister.
Je n'ai rien compris aux quatrièmes de couverture, c'est pour ça que je lis.	Na komprendre eloko moko te na quatrieme couverture, nakanisi ete nazotanga.
Il a attrapé la balle avec sa main gauche.	Azuhaki balle na maboko naye ya likuani.
Si vous aviez suivi les conseils de vos médecins, vous ne seriez peut-être pas dans cet état.	Soki olandaki ba conseils ya ba medecins nayo, okokaki kozala na eta wana.
La fortune s'est tournée contre lui.	Mbongo ezongelaki ye te.
Cet article aurait pu être fabriqué à un prix concurrentiel l'an passé, mais ce n'est plus possible.	Mokanda wana esengeli esalama na prix concurntiel sanza eleki, nano ekoki kosalama te.
Ce n'est que depuis hier que j'ai entendu les infos.	Kaka ezalaki lobi nayokaki sango wana.
Tes nouveaux amis pourraient se moquer de certains de tes agissements.	Baninga nayo ya sika bakoki koseka masali nayo.
Si vous voulez oublier n'importe quoi sur le champ, prenez note de vous en souvenir.	Soki okanisi te likambo nyoso na ngonga oyo, sala nyoso ose rapele nakambo wana.
Mieux vaut nourrir un peuple que de le satisfaire de belles paroles.	Ya malamu eza kolisa banamboka ete ko lisa ye na maloba ya malamu.
J'espère qu'Emi ne va plus tarder. Je suis las de l'attendre.	Nakanisi ete Emi ako tarder te. Nazali awa kozela ye.
Mélanie, dit-elle à la cuisinière, si vous faisiez la brioche ce matin, puisque la pâte est prête. Mademoiselle ne se lèvera pas avant une demi-heure, et elle en mangerait avec son chocolat… Hein ! ce serait une surprise.	Mélanie, alobeli lambisa, okoki kosala brioche na tongo ya lelo, fufu ezali sikita. Mwanamwasi akolomuka te nangonga oyo, ete akolia yango na chocolat naye. Hein! kozala yakusutuka kaka.
Elle était plutôt timide mais depuis qu'elle est allée en Fac elle s'est vraiment épanouie.	Azalaki na makoki te, tango akendaki na kilasi asi akomi mwana mayele.
Des centaines de soldats mangèrent en silence autour de leurs feux de camp.	Ba sanza yaba solokoto baliaki na kimia autour ya moto ya mivandeli na bango.
Dégagez le passage... ils vont s'enfuir !	Tika nzela... bakokima !
New York est accessible en train depuis Washington.	Okoki kokende na New York na nzela ya train kohuta Washington.
Tu ressembles à une avocate.	Azoluka lokola mwana mibeko.
Voila Ṛabaḥ il est de retour.	Wana Rabah azongi.
Le week-end passé, Thomas et ses amis ont joué au basket.	Na weke-end oyo eleki, Thomas na baninga naye babinaki na basket.
Vent du Faou ne ment jamais il annonce toujours la pluie.	Mopepe ya Faou elobaka lokuta te, heanonsaka kaka mbula.
Écris ici ton adresse de contact, je te prie.	Koma awa adresse nayo, nasengi yo.
Si je te le disais, je devrais te tuer.	Soki nayebisaki yo, nakokaki kuboma yo.
Das muss während meines Aufenthaltes in Australien passiert sein.	Das muss während meines Aufenthaltes in Australien passiert sein.
Qui ne s’est point brusquement détourné de son chemin pour suivre, le soir, dans les détours d’une rue déserte, une robe flottante, un voile blanc tout à coup reconnu dans l’ombre ?	Atalaki sima ya nzela naye te po alanda nzela wana, na pokwa, na balabala oyo ezngi batu, na robe ya makasi, bavwale ya mundele oyo eyebani na moindo?
Et pas seulement cela, les marchandises dans les magasins de la marque étaient en général plus chères que partout ailleurs.	Mpe wana te, na biloko na na kati ya likumba ezalaki kaka na prix ya makasi epai mosusu.
Un objet inanimé peut suivre le courant, mais seule une chose vivante peut s'y opposer.	Elokoyo ebujaka te elandaka mopepe, mpe oyo ibikaka elendaka te.
Des trois lettres, l'une était adressée : à Son Excellence Monseigneur N. ; la seconde : à Monsieur le Comte P. ; la troisième : à Monsieur D.	Na kata ya mikanda misato wana, moko ezalaki ya musali ya zambe N.; ya mibale ezalaki ya Compte T.; ya misato ezalaki ya ndeko D.
Je ne suis pas Charlie.	Naza Charlie te.
Le passage de l'école élémentaire au cours moyen est considéré par certains comme le premier pas vers l'âge adulte.	Milekeli ya kilasi ya bana emonanaka na bato mosusu neti litamboli ya moko ti na age ya ebonge.
Il n'existe aucune question idiote, il n'y a que des idiots.	Makanisi ya liboma azalaka te, oyo ezalaka eza bato ya liboma.
Je suis content qu'ils aient réparé le chauffage, mais maintenant il fait trop chaud.	Naza na esengo ete bareparaki chauffage wana, kasi na tangoyo moyi ezobeta makasi.
Ne vous inquiétez pas. Je suis docteur.	Kobanga te. Naza nganga.
Mon oreille gauche coule.	Litoi nangai ya gauche ezobela.
Allô, ici Raphaël à l'appareil. J'aimerais parler à Ann.	Allo, awa Raphael na alo alo. Nalingi na solola na Ann.
N'oublie pas de sortir mes affaires du coffre !	Bimisa miloko nangai na coffre!
Le type de sport que nous pratiquons dépend du temps et de la saison.	Mabina oyo tozo bina edependra ka na temps mpe na liobo.
Rentrez chez vous !	Zonga na ndako nayo!
"L'autre jour un contrôle de la qualité de l'eau a été mené chez nous. Ce contrôle a été réalisé par une entreprise renommée appelée ""Centre d'analyse de l'environnement"" ou quelque chose comme ça."	"Mokolo moko eleki kontrol ya mayi esalemaki epayi na biso. kontrol esalamaki na kompanyi moko oyo eyebana na nkombo  ""Centre d'analyse de l'environnement"" nto nkombo moko mua bongo."
Certains locuteurs de l'anglais pensent que l'omission du sujet ne se produit pas dans leur langue, cependant, le sujet de phrases telles que : « Thank you » ou « Bless you » est omis.	"Balobeli basusu ya lokota ya Anglais bakanisaka ete bolongoli ""sujet"" esalemaka na monoko na bango te, nzoka nde,  ""sujet"" ya masakola lokola: ""Thank you"" to ""Bless you"" etiamaka te."
Soudain, le niveau de la rivière est monté et elle est sortie de son lit.	Na mpwasa, mosanda ya mayi ya ebale emataki mpe elongwaki na mbeto na yango.
Avez-vous déjà conduit un van ?	Osilisa kokumba lungu ?
Cette idée que nous étions en train de discuter hier en classe a piqué mon intérêt.	Likanisi oyo tozalaki kosolola lobi na kelasi ebendaki bokebi na ngai.
Cette phrase n'a pas de possesseur. Vous pouvez l'adopter et la changer, pourvu qu'elle corresponde toujours aux autres traductions directes, auquel cas vous devriez prévenir les traducteurs de vos changements, en commentant leurs traductions.	Lisakola liye lizali na mozwi ya eloko te. Okoki kindima mpe kobongola yango, soki ekokokana na ntango okobalola esengeli okebisa bobaloli ya mikanda na mbongwana na yo, na kopesaka maloba na ntina ya bobaloli.
Arrêtez de vous inquiéter.	Botika komitungisa.
Timéo n'a pas besoin d'un coach.	Timéo azali na bosenga ya molakisi te.
Pour ce qui concerne le vin de qualité, aucun pays ne peut égaler la France.	Na maye matali vino ya malamu, mboka moko te ekomikokisa na mboka France.
John et Eva sont meilleurs amis.	John mpe Eva bazali baninga ya malamu mingi.
Mathéo et Marie ont une vingtaine d'enfants, mais ils ne sont pas certains du chiffre exact.	Mathéo mpe Maria bazali na bana kokoma ntuku mibale, kasi bayebi mpenza motuya ya bana na bango te.
Je me suis préparé une tasse de chocolat chaud.	Namilambeli kopo ya chocola ya moto.
L'hiver le plus froid que j'ai jamais vécu était un été à San Francisco.	Elanga ya malili makasi oyo namona naino te ezalaki oyo namonaki na mboka San Francisco.
Elle ne put le convaincre d'accepter un chèque personnel.	Ye akokaki kondimisa ye cheque na ye ya banki te.
Il y a deux ans, je ne parlais aucun mot de turc, maintenant, je peux même lire des livres dans cette langue.	Eleki mbula mibale, nazalaki koloba ate liloba moko ya lokota ya turc te, kasi sika, nakoki kotanga buku ikomama na lokota yango.
Au petit séminaire, les pères n'avaient en fait pas le souci de nous éduquer ; ils s'évertuaient à nous « dresser », pour que nous soyons obéissants comme des petits moutons.	"Na likindo ya moke, basango bazalaki komotungisama te na ntina ya kotangisa biso; bazalaki kosala makasi mpo na ""kondimisa biso makambo"", mpo ete tozala na botosi lokola bana na mpate."
Mike a une amie qui vit à Chicago.	Mike  azali na moninga ya mwasi avandaka na mboka Chicago.
Il était tellement soupçonneux qu'il ne croyait qu'à ses propres mensonges.	Azalaki kobanga-banga mingi kino ete abandaki kondima kaka lokuta na ye moko.
J'ai été enchanté de vous rencontrer. J'attends de vos nouvelles avec impatience.	Nazalaki na esengo ya kokutana na yo. Nazali kozela nsango na bino na lombango.
Nous nous connaissons depuis que nous sommes gosses.	Toyebana kobanda bomwana na biso.
Je choisis de voir la perfection divine dans chaque cellule de mon corps.	Naluki komona libongi ya Nzambe na kati ya eloko moko-moko ya nzoto ya ngai.
J'ai appelé les flics.	Nabengaki basoda.
Nous avions mis l’un et l’autre tout notre esprit à cacher un si complet et si bel amour aux yeux du monde ; et nous y réussissions.	Totiyaki biso mibale molimo na biso nyonso na kobomba bolingo ya kokoka mpe ya kitoko koleka na miso ya mokili ; mpe tozalaki kokoka yango.
Mme Harris est très réservée sur l'avenir de son fils.	Ndeko mwasi Harris alingaka koloba na ntina ya mwana wa ye te.
Il est amusant de savoir que la beauté des jardins japonais ne se retrouve dans aucune autre culture.	Esekisaka koyeba ete bonzenga ya bilanga ya bajaponais, ezalaka na zebi mosusu te.
Je serai revenue dans deux semaines.	Nakozonga lisusu na nsima ya mposo mibale.
Tous les membres de la famille se réunissent pour rencontrer le nouvel an tous ensemble.	Libota mobimba basanganaka mpo na kokota elongo na mbula ya sika.
Quand elle a quelque chose dans le crâne, elle ne l'a pas ailleurs.	Ntango azalaka na likanisi, akendeke na yango esika mosusu te.
J'ai ouvert la caisse. Elle était vide.	Nafungolaki sanduku ya mosolo. Yango ezalaki na eloko te.
Si vous en voulez un, il vous faudra trouver le vôtre.	Soki ozali na bosenga ya moko, esengeli oluka ya yo.
Timéo n'en est pas à sa première arrestation pour conduite en état d'ébriété.	Ezali mbala ya liboso te Timéo akangama mpo na kotambwisa motuka na milangwa.
Arrête d'être toujours révérencieux avec les gens parce qu'ils sont riches ou puissants. Ça te rend pathétique, vraiment !	Tika kozala ntango inso na bopolo liboso ya bato mpo bazali bato ya mosolo to ya nguya mingi. Ezali kosala yo maya mpenza !
Je suis sûre que Ethan saura comment faire.	Nazali na bosolo ete Ethan akoyeba lolenge ya kosala.
Lorsqu'un homme est devenu célèbre, il est remarquable qu'il retrouve beaucoup de copains de classe dans sa vie.	Ntango moto ayebani mingi, bokomona ete akokutana na baninga mingi ya kelasi na bomoyi na ye.
Le sénateur rejeta des demandes répétées pour un entretien.	Senateur aboyaki koyanola na bosengi basengaki ye mbala mingi na masolo.
Il nous remit juste une carte et courut en avant. Nous qui étions laissés en arrière, dûmes poursuivre avec juste la carte sur laquelle nous reposer.	Apesaki biso bobele monkanda na nsima akendaki na lombango. Biso baye totikalaki na nsima, tolandaki bobele monkanda, mpo topema.
Prenez à droite et traversez la rue, vous serez rendu sur place.	Kamata loboko ya mobali, na nsima katisa balabala, okokoma wana.
Montez s'il vous plaît ! Le train part tout de suite.	Nasengi yo omata ! Engunduka ekolongwa sasaipi.
Dors bien, Sean.	Lala malamu, Sean.
Je sais que tu as passé les trois dernières années en prison.	Nayebi ete olekisaki mbula misato eleki na boloko.
Si tu pouvais revenir une fois dans le passé pour recommencer une nouvelle vie, tu voudrais y revenir à quel âge ?	Soki okokaki kozonga lisusu na mikolo mileka mpo na kobandela bomoyi mosusu, okolinga ozonga na mbula boni?
Dan a accepté un poste à un cabinet d'avocats respectable.	Dan andimaki mosala na bilo ya basambisi ya bato oyo bato batosaka mingi.
Partez, à présent ! Personne ne doit remarquer que vous m'avez rendu visite.	Bokende, sika awa. Moto moko ayeba te ete oyaki kotala ngai.
Eh bien, c'est compliqué.	Ya solo, ezali alima te.
Peut importe que le chat soit noir ou blanc, l'important, c'est qu'il attrape les souris.	Loposo ya nyawu ya moindo to mpembe ezali na motuya te, eloko  nyawu akanga mpuku.
Kevin me pompe l'air, il me colle tout le temps !	Kevin azali kotika ngai nazwa mopepe te, azali kokangama na ngai ntango inso.
Je ressens encore du chagrin quand je pense à mon premier amour.	Nayokaka lisusu maya ntango nakanisaka bolingo na ngai ya liboso.
Grace n'est pas encore venue.	Grace azongi naino te.
Cela s'explique par le fait que je suis de Chicago en fait, tous les autres viennent des banlieues.	Yango ezali kolimbolama mpo ngai nazali moto ya Chicago, basusu bawuti na mboka ya mike.
La CIA te surveille.	CIA ezali kokengela yo.
Peu à peu je compris, que la production de viande est très dangereuse pour le milieu naturel.	Malembe-malembe nasosoli ete mpo na kobimisa nyama ya koliya, ezali mabe mingi mpo na zamba.
Matthew me comprend et c'est si bien d'être compris.	Matthew azali kososola ngai mpe ezali malamu mingi ezala kososola.
Je pense que vous devriez vous en tenir à votre programme d'entraînement.	Nakanisi ete ebongaki otia makasi kaka na pologalame na yo ya komekola.
Timéo espère qu'il ne devra pas vivre à Boston pendant plus d'un an.	Timéo  akanisi ete  akovanda  lisusu te na Boston koleka mbula moko.
Tania aime Frank et Frank aime Tania, mais en espéranto, entre eux se situe cet accusatif.	Tania alingaka Frank mpe Frank alingaka Tania, kasi na lokota ya espéranto, na kati na bango ezali na kofundama.
Tu regardes de belles images.	Ozali kotala bilili ya kitoko.
Montée sur son balai noir, la belle sorcière rouquine survola le ciel par une nuit de pleine lune.	Na likolo ya nkombo na ye ya moyindo, ndoki ya mwasi apumbwi lokola ndeke na likolo na butu ezalaki na sanza ya mobimba.
Je ne permettrai à personne de dire que je mens, s’écria Rostow, le visage enflammé et tremblant d’émotion.	Nakotika te moto oloba ete nazali kokosa, engangaki Rostow, na elongi ya kovimba mpe na kolenga na kobanga.
Vous étiez fantastique.	Ozalaki malamu mingi.
Oui, mon nom est Karen Smith.	Iyo, nkombo na ngai ezali Karen Smith.
Alors, écoutez le médecin, sinon vous n'irez pas bien.	Na yango, yoka monganga, soki te okokende mosika te.
Marie est allée se refaire une beauté aux toilettes.	Maria akei komibongisa na zongo.
Et si tu cherchais un peu par toi-même avant de demander aux autres ?	Soki olukaki naino yo moko yambo ya kotuna bato basusu ?
Comme j’épelais curieusement le livre énigmatique, devant la fenêtre baignée d’un clair de lune, soudain il me sembla que le doigt de Dieu effleurait le clavier de l’orgue universel.	Lokola nazalaki kotanga na kokwama buku ya masese, liboso ya lininisa ezalaki kokotisa mpole ya sanza, na pwasa namoni lokola mosapi ya Nzambe ezalaki kobeta lindanda ya mokili mobimba.
Le scandale a presque ruiné sa carrière.	Mbeba asalaki lokola ebebisa mosala na ye.
L’amour ne commence ni ne finit comme nous le croyons. L’amour est une bataille, l’amour est une guerre, l’amour grandit.	Bolingo ebandaka mpe esilaka te na lolenge tokanisaka. Bolingo ezali etumba, bolingo ezali etumba, bolingo ekolaka.
J'abandonne. Quoi que je fasse, tu sembles ne jamais être content.	Natiki. Ata nasala ndenge nini, lokola ozali kosepela te.
Honnêtement, ses discours sont toujours ennuyeux.	Na bosolo, masikulu na yo malembisaka bato.
Je ne sais comment vous faire percevoir leur expression. Supposez que vous employiez un geste très inconvenant envers une femme à l'esprit délicat : c'est de cela qu'elle aurait l'air.	Nayebi te lolenge nini nakoki kososolisa bino maloba na bango. Kanisela ete osali elembo moko ya mabe epai ya mwasi songolo oyo ayebi makambo: na yango nde akozala na lolenge boye.
Combien de fois vais-je devoir te répéter que tu ne peux pas crier à l'intérieur ?	Mbala boni nasegeli nazongela koyebisa yo ete okoki te konganga na kati ?
Faites gaffe à ce que vous dites !	Keba na maye ozali koloba !
Rachel et Léa répondirent, et lui dirent : Avons-nous encore une part et un héritage dans la maison de notre père ?	Rachel mpe Léa bazongisi eyano, mpe balobi ete : tozali lisusu na ndambo mpe bomengo na ndako ya tata na biso ?
Noah est de toute évidence un fan de Star Trek.	Noé azali na makasi nyonso molingi monene ya Star Trek.
Jésus est né en 1940 avant Chuck Norris.	Yesu abotamaki na mobu 1940 yambo ya Chuck Norris.
Écoute, ma petite Jenny, disait-il en fiacre à une jolie fleuriste.	Yoka, leki na ngai Jenny, azalaki koloba na kati ya motuka ya mpunda, na moloni fololo ya mwasi atonda bonzenga.
C'est dommage qu'ils aient bloqué la rue principale pour une canalisation d'eau éclatée.	Ezali mawa na lolenge bakangi balabala ya monene mpo na nzela ya mayi ebukanaki.
J'avais à peine réglé ce problème qu'un autre venait me tracasser.	Esilisaki ngai kopesa eyano na motungisi nazalaki na yango, motungisi mosusu eyei.
Un vrai Français ne va pas au Mac Donald pour y manger ; il préfère festoyer, et cela, il le fait ailleurs.	Mofalanse ya solo akendeke te na Mac Donald mpo na koliya; alingaka kosala feti, mpe asalaka yango bisika bisusu.
Ma femme a abandonné tout espoir de me convaincre de tondre la pelouse aujourd'hui.	Mwasi na ngai alembi na komeka kobongola makanisi mpo ete nakata paspalume lelo.
J'espérais avoir tort.	Nabandaki kozela ete nazwa likweyi.
Puissent les dieux te donner un mari, un foyer et la grâce de la paix, car il n'y a rien de plus grand et de meilleur que cela.	Tika banzambe bapesa yo mobali, libota mpe ngolu ya kimya, mpo na ezali na eloko mosusu te ya motuya.
Vous ne devez vous faire aucun souci d'un tsunami du fait de ce séisme.	Bokoki kobanga te na ntina ya bomati ya mosanda ya mayi kowuta na volcan.
Une femme intelligente doit nous laisser nos rêves.	Mwasi ya mayele asengeli kotika biso na bandoto na biso.
Laissez le jus s'écouler, puis placez le rôti sur un plat.	Tika mayi ya malala ekita, na nsima tiya myama ya moto moko na sani.
Dieu vous bénisse !	Nzambe apambola bino!
Le seul moyen de démontrer mon problème d'embrayage était de pousser à fond les gaz.	Lolenge bebele moko ya kolakisa motungisi na ngai ya embrayage ezaliki kobenda na gaz na bokasi nyonso.
Brian laissa la porte ouverte.	Brian atikaki ekuke polele.
Le champion remporte la victoire.	Molongi azwi elonga.
Le commissaire aux Droits fondamentaux et ses suppléants ne sont pas autorisés à être membres d'un parti ni à exercer une activité politique.	Ntoma ya makambo matali mibeko ya moboko mpe bakitami ba ye epesameli bango ndingisa te bazala bato ya mangomba ya politiki to mpe lisusu kosala na makambo ya politiki.
Que fais-tu sur la voiture ? Descends tout de suite !	Ozali kosala nini likolo ya motuka ? Kita na lombango !
Mon cœur bat tellement fort qu'il semble vouloir éclater.	Motema na ngai ezali kobeta makasi mingi lokola elingi kopanzana.
Tu racontes encore des mensonges.	Ozali koloba lisusu makambo ya lokuta.
Ne lui dites rien ! Elle le répète à tout le monde !	Koloba na ye eloko te ! Azongelaka koloba yango na bato nyonso !
Le fer est trop chaud, tu vas brûler le linge.	Felo ya kongoma ezali na moto makasi, okozikisa bilamba.
J'ai vérifié le porte-monnaie à nouveau, et constaté qu'il était vide.	Natali lisusu libenga, mpe nazali komona ete ezali na eloko te.
Excusez le désordre ! Je suis rentré tard.	Limbisa bozangi ya alima! Nazongaki mpenza nsima.
Un homme qui est capable d'admettre une faute et de demander pardon est un homme digne de mon amour.	Mobali oyo azali na makoki ya kondima libunga mpe kosenga bolimbisi azali mobali oyo akoki kozwa bolingo na ngai.
Le parfum No. 5 de Chanel est le parfum le plus vendu au monde.	Malasi te. 5 ya Chanel ezali malasi etekamaka mingi na mokili mobimba.
Le RAID matériel n'est pas géré directement par le système d'exploitation mais par une carte dédiée, appelée contrôleur RAID.	RAID matériel ezali kokonzama te na sisteme ya kosalela, kasi na carte moko esalama mpo na yango, ebengami RAID.
Je cherchais Andy. Savez-vous où il est ?	Nazalaki koluka Andy. Oyebi esika azali ?
J’espère que vous ne trouverez plus qu’on s’ennuie chez moi ?	Nazali na elikya ete okomona ete bato bazali ya kolemba epai na ngai ?
Certains pensent que la pub est une forme de lavage de cerveaux.	Bato basusu bakanisaka ete publicité ezali kosukola bongo ya bato.
Je suis prêt à parier que tu ne te rappelles pas la première fois où nous nous sommes rencontrés.	Nazali ya kobongama mpo na kobeta zeke ete ozali te komikanisa mbala ya liboso ntango tokutanaki.
Ce bureau a été supprimé au cours de je-ne-sais-quelle réforme administrative, du coup il n'y a à présent plus personne pour s'occuper de ce type de dossiers.	 Bilo oyo okangamaki na kati ya nayebi te kobongolana ya etamboliseli nini, na pwasa ezali lisusu te na bato mpo na kolandela minkanda ya lolenge loye.
Aucun de ces projets ne s'est une fois approché de la réalité.	Ata mwango moko te ekokanisaki na makambo ya solo.
Je serais ravie de chanter pour vous.	Nakozala na esengo koyemba mpo na bino.
Au début les chirurgiens ne voulaient pas opérer car le patient pesait moins de 45 kg et n'était pas en très bon état de santé.	Liboso, minganga bazalaki koboya kopasola ye mpo mobeli azalaki na bakilo na nse ya 45 Kg mpe azalaki na nzoto malamu te.
Il l’a appelé, l’autre a fait semblant de n’avoir pas entendu.	Babengi ye, mosusu asali lokola ayoki te.
C'est tellement débile !	Ezali mpenza mabe mingi !
Kim est de deux ans plus âgé que lui.	Kim azali mokolo na ye na mibu mibale.
Vous auriez un bon livre à me conseiller ?	Ozali na buku ya malamu mpo oteya ngai ?
Veuillez respecter le protocole et vous conformer à l'étiquette.	Osengeli otosa molongo ya molulu mpe omikokisa na elembo etiyama.
Comment fais-tu pour regarder un documentaire sur la famine en Éthiopie en mangeant un big mac, tu n'as vraiment aucune morale.	Osalaka ndenge nini mpo na kotala documentaire kolobela nzala na mboka Éthiopie na ntango ozali kolia big mac, ozali mpenza na bomoto te.
Si je te donnais un doigt, tu prendrais peut-être toute la main.	Soki napesi mosapi, okozwa ntango mosusu loboko mobimba.
Si tu ne peux pas voler, alors cours. Si tu ne peux pas courir, alors marche. Si tu ne peux pas marcher, alors rampe, mais quoi que tu fasses, tu dois continuer à avancer.	Soki okokoka kopumbwa te, boye kima ata mbango. Soki okokoka kokima te, boye tambola. Soki okoki kotambola te, kasi ngoluma, kasi ata ndenge te nyonso okoki kosala, osengeli okoba kokende liboso.
Notre projet est le dernier point de l'ordre du jour. Comme les députés seront fatigués à ce moment-là, il passera sans doute sans longue discussion.	Mwango na biso ezali masola ya nsuka na makambo tokolobela lelo. Lokola ba député bakolemba na ntango wana, bakoleka na lombango, kozanga kosolola mingi na ntina na yango.
C'était très amusant de parier à Las Vegas.	Ezalaki liseki mingi kobeta masano ya mosolo na Mboka Las Vegas.
Cet exercice m'a ramené plusieurs années en arrière.	Momekano (exercice)  oyo ezongisi ngai mbula ebele na nsima.
Sa proposition semblait absurde mais se révéla rétrospectivement géniale.	Maloba maye mazaki komonana lokola bolema, kasi emonisamaki na nsima kozala na bwanya.
Les peuples maritimes ont cet avantage inestimable, d'être moins exposés que les nations agricoles, à l'action des mouvements étrangers.	Bato babikaka na bokula ya ebale bazali na bolamu ya bapaya moke, na bokeseni na bato ya mboka basalaka bilanga, na mosala ya botamboli ya bapaya.
Le parking à l'arrière de l'école est presque vide.	Esika ya kotelemisa mituka na nsima ya eteyelo ezali lokola na eloko te.
Sans cela, tout irait plus mal encore, et notre espèce ne veut pas être façonnée à demi.	Na bozangi yango, nyonso ekokoma lisusu mabe, mpe bato balingi te kokoma bato ya ndambo.
La nouvelle tendance pour boire une vodka est de la mettre directement dans l'œil. Cependant cela risque d'endommager grièvement votre vision.	Lolenge ya sika ya komela wiski ya vodka ezali kotiya yango mbala moko na liso. Kasi yango ezali na bokebi na kobebisa miso na yo na bokasi
L'amour n'est pas un jeu, donc tu ne peux pas choisir les meilleurs morceaux !	Bolingo ezali lisano te, na yango okoki kopona biteni ya kitoko te .
Comment arrêter d'en vouloir à son ex ?	Ndenge nini kotika koyina molingami na yo ya kala ?
Il faut que Enzo recommence depuis le début.	Esengeli ete Enzo abandela uta na ebandeli.
Lucy n'a pas compris la blague de Jeanne.	Lucy asosoli lisano ya Jeanne te.
Ta position est peut-être un peu à coté de la cible, mais tout de même proche.	Bososoli na yo ezali mbala mosusu libanda moke na likambo tozali kolobela, kasi ezali mpembeni na yango.
Des millions de gens du monde entier pleurent la disparition de Nelson Mandela.	Bamilio ya bato na mokili mobimba bazali kolela na ntina ya liwa ya Nelson Mandela.
Aah ! Mon ordinateur s'est à nouveau bloqué.	Aah ! Ordinateur na ngai ebebi lisusu.
Mon ami a rompu avec sa copine et maintenant, il veut sortir avec moi.	Moninga na ngai ya mobali aboyani na mwasi na ye, sika oyo alingi kobima na ngai.
Qui est plus utile, le soleil ou la lune ? La lune, bien entendu, elle brille quand il fait noir, alors que le soleil brille uniquement quand il fait clair.	Eloko nini ezali na motuya mingi, moyi to sanza ? Sanza, esila eyebana, epesaka mpole na molili, kasi moyi engengaka kaka ntango nyonso mpole ezali.
Elle possède un charmant petit magasin à Gamla stan.	Azali na magazini ya kitoko ya moke na mboka Gamla stan.
Ce genre de détails subtils créent pour le lecteur un roman psychologique qui nous oblige à lire quasiment comme le ferait un détective.	Biloko ya mike-mike oyo ebotaka na makanisi ya motangi buku ya makanisi oyo ememaka biso totanga lokola esalaka bato basalaka bolukiluki (detective).
Vous connaissez l'association grâce à laquelle de nombreux quartiers ont subi des améliorations.	Boyebi lisanga (association) likolo na yango ba quartier mingi ebongisamaki.
Je suis doué pour résoudre les problèmes.	Nazali na bwanya ya kopesa eyano na mitungisi ya bato.
Tu plaisantes, j'espère ?	Ozali kokosa, nakanisi ?
Le loup, se sentant mordu par les chiens, lâcha Sophie et commença avec eux une bataille terrible.	Mbwa ya zamba, komimona ete aswami na imbwa, atiki Sophie mpe abandi etumba ezangi bolimbisi na bango.
Saute ! N'aie pas peur ! Ce n'est pas très haut !	Pimbwa ! Kobanga te! Ezali likolo mingi te !
Je hais courir des risques.	Nayina kozala na keba-keba.
C'était folie de sa part de tenter de nager dans l'eau glacée.	Ezalaki bolema mpo na ye komeka konana mayi ya malili makasi (glace).
Ce type a une liaison avec ta sœur.	Mobali oyo azali na litonga na ndeko na yo ya mwasi.
De nombreux artistes connus vivent à New York.	Bato ebele ya ntoki baye bayebana babikaka na New York.
Offrir consiste à donner à un autre ce qu'on aimerait bien garder pour soi.	Kokaba ezali kopesa moto mosusu eloko oyo okolinga obomba mpo na yo moko.
Le délire d'un homme est appelé une insanité. Le délire de milliers d'hommes est appelé une religion.	Bolema ya moto ebengami liboma. Bolema ya bato ebele ebengami eyamba.
La racine d'une fleur est aussi faible que le doigt d'un bébé.	Mosisa ya fololo ezalaka na bolembu nyonso lokola mosapi ya mwna moke oyo abotami sika.
Céline est désolée que tu saches qu'il n'était pas sincère.	Céline azali na mawa koyeba ete moto wana azalaki na solo te.
La connaissance humaine est limitée, mais nous ne savons pas où se trouvent ces limites.	Boyebi ya bato ezali na ndelo, kasi toyebi mosanda ya ndelo yango te.
Ce médicament ne m'a été d'aucun secours.	Nkisi oyo esalisi ngai ata moke te.
""" Mais vous, de ce haut rang de l'épouse d'Hector / à quelle humble fortune êtes-vous descendue ? / Quel sort peut remplacer tant de grandeur perdue ? / Honorez-vous ici la cendre d'un époux ? / Est-ce Hector ou Pyrrhus qui dispose de vous ? """	"""Kasi bino, bozali na likolo, na molongo ya mwasi ya Hector / na bokitisi ya bozwi nini bokomi ? /Eloko nini ekoki kozwa esika ya bomengo bobungisi ? / Ozali komemya mputulu ya mobali na yo ? / Ezali Hector to Pyrrhus nde bazali kotinda yo ? """
Une administration scolaire est faite de directeur, de secrétariat, de surveillance générale et de censorat.	Bokonzi ya eteyelo ezalami na mokambi ya eteyelo, secretaire, bobateli ya bomengo nyonso mpe mobali ya alima.
À chaque instant, il nous vient à l'esprit des idées de concierges et de femmes de ménage. S'il n'en fût pas ainsi, nous ne pourrions entendre ces personnes ni en être entendus. Cela est donc bénéfice.	Na ngonga nyonso, tomikaniselaka makanisi ya mokambi ya ndako mpe ya basali ya basi. Soki ezalaki bongo te, tokokaki koyoka bato baye te, mpe koyokamela te. Yango ezali boye na motuya.
Je sais pas ce que j'ai, c'est peut-être le resto d'hier, j'ai passé la matinée à dégobiller.	nNayebi te eloko nazali na yango, ezali tango mosusu bilei ya lobi, nalekisi ntongo nyoso na kosanza.
Il est allé dans les coulisses après le show.	Akendaki na bisika ya kobatama na nsima ya koyemba.
Le chargement était trop lourd pour qu'un conducteur puisse le transporter seul.	Mokumba ezalaki mingi koleka mpo mokumbi akoka kotambwisa ye motuka moko.
Puis-je demander à quoi tu travailles ?	Nakoki kotuna ozali kosala mosala nini ?
La radio est trop forte. Baisse le volume, je te prie.	Radio ezali kobeta makasi mingi. Kitisa mongongo ya radio, nabondeli yo.
Inutile d'essayer de filer à l'anglaise, vous y passerez, comme tout le monde !	Ezali na ntina te omekola kokima lokola ba ingelesa, okoleka na molongo lokola bato nyonso !
Je pense que l'intégralité des écoliers français utilisent ou ont utilisé ces célèbres tubes de colle jaune.	"Nakanisi ete bayekoli nyonso ya lifalanse basalelaka to basila kosalela bisaleli ya kosangisa biloko ebengami ""tubes de colle jaune""."
Enzo et Marie se sont rencontrés à la fête du nouvel an.	Enzo mpe Maria bakutanaki na nteke ya nsuka ya mbula.
Le spectacle raconte l'histoire d'un patron de la maffia du New Jersey qui est en psychothérapie.	Lisano lipesaki lisolo ya mokonzi ya makambo ya molili na mboka New Jersey oyo azali na bokono bwa bolema.
Quand j’étais gamin, on jouait au bilboquet pendant un temps avec des potes, c’est à celui qui en réussissait le plus d’affilée.	Ntango nazalaki mwana moke, tozalaki kosakana na nzete na nsinga elongo na baninga, ezalaki ye nde azalaki kozwa elonga mingi.
Je suis partie tôt de la maison pour être sûre ne pas rater le train.	Nalongwaki ndako na ntongo makasi mpo ete nazanga engbunduka na ngai te.
Ma jolie demoiselle, oserais-je hasarder de vous offrir mon bras et ma conduite ?	Ndek ya mwasi ya bonzenga, nakoki kopesa yo loboko mpe botambwisi na ngai ?
Cette balle, est-elle la tienne ou la sienne ?	Motopi moye ezali ya yo to ya ye ?
Le garage de Ethan est rempli de choses qu'il n'utilise jamais.	Esika ya kobomba biloko ya Ethan etondi na biloko basalelaka te.
Cette ville attire les touristes non seulement par l'abondance de monuments historiques restaurés avec amour, mais aussi par le charme du paysage environnant et la proximité du littoral.	Engumd oyo ebengaka bobele bapaya te mpo na bikeko ebele ya mbula elaka biye bibongisamaki na bolingo nyonso, kasi mpe lisusu mpo na bonzenga ya bisika bizali nzinga-nzinga na yango mpe na bokula ya mayi.
Un rossignol est plus apprécié par les hommes qu'un aigle, mais il vit justement plus souvent en cage.	Ndeke oyo ya Rossignol ayembaka na ntongo azali na motuya koleka mpo na bato koleka mpongo, kasi abikaka na solo mingi-mingi na boloko.
Cette situation ne souffre aucun retard et doit être résolue dans les meilleurs délais.	Likambo oyo esili koleka naino ntango te mpe esengeli epesama eyano na lombango.
J'habite dans la cambrousse, donc si tu veux venir me voir j'espère que t'as une bagnole.	Nabikaka na cambrousse, na yango soki olingi koya kotala ngai, nakanisi ete ozali na motuka.
Si vous pouviez dire à votre mari d'éviter de mettre le volume de la radio à fond quand il jardine le dimanche matin, j'en serais heureux.	Nakosepela mingi soki okoki koyebisa mobali na yo amatisaka mongongo ya radio makasi mingi te na mokolo ya eyenga, ntango akataka matiti na lopango.
La serveuse ne vit rien.	Mosali amoni eloko te.
Comment voulez-vous croire qu'une simple femme de ménage, noire, mère célibataire de surcroît, ne dise pas la vérité ?	Ndenge nini okoki kondima te ete mosali ya pamba ya mwasi, ya moyindo, ya monzemba lisusu, aloba solo te?
Hé, ne touchez à rien !	Keba! Kosimba eloko te !
Quand quelqu'un sort de son esprit et revient à la normale, il ne se souvient de rien.	Tango moto abimi na molimo na ye mpe azongi na bomoto, ayebaka lisusu eloko te.
Il a passé tout son temps à regarder l'écran.	Alekisi tango na ye nyonso na kotala télévision.
Mme Charrigaud, sous l'immobilité de son sourire, songeait : − Quel idiot, ce Victor!	Ndeko mwasi Charrigaud, na sima ya kosenga moke, akanisi: - Zoba nini azali Victor oyo !
La responsable marketing est en réunion avec le directeur du comité exécutoire.	Mokonzi ya Marketing azali na eyangani na mokonzi ya comité ya kokokisa mikano.
La cérémonie d'enterrement se déroula dans une atmosphère triste.	Mayangani ya kokunda elekaki na lolenge ya mawa mpenza.
Reprends tes esprits !	Zogisa makanisi !
Un jour, je m'avisai de médire de l'amour : il m'envoya le mariage pour se venger.	Mokolo moko, namikebisaki koloba mabe na tina ya bolingo: ye atindeli ngayi libala mpona kolakisa nkanda na ye.
Vous feriez mieux d'envoyer chercher le médecin immédiatement.	Okosala malamu kobenga monganga sasayipi.
Il serait dommage que tu laisses cette opportunité t'échapper.	Ekozanga mpasi kotika likambo oyo koleka.
Je m'appelle Sara.	Nkombo na ngayi Sara.
La haine allume des querelles, l'amour couvre toutes les offenses.	Koyina etindaka koswana, bolingo ebombaka mabe nyonso.
Le conflit a atteint son paroxysme lorsque certains hommes politiques ont accusé leurs adversaires de collusion avec les grandes entreprises.	Bobendani ekomaki makasi tango bato mosusu ya politiki bafundaki bato ya bombanda na bango koyokana na ba compagnie ya minene.
Les gens qui ont peur de se tromper ne feront aucun progrès en conversation anglaise.	 Bato bazali na kobanga kosala bibunga, bakokende liboso soko moke te na masolo na lokota ya lingelesa.
Vous devriez accomplir votre devoir.	Obengami kokokisa mosala na yo.
Si elle me voit avec lui, elle en parlera avec ses copines.	Soki amoni ngayi na ye, akoloba yango na baninga naye.
Quand je nettoyais après le festival de l'école, j'ai perdu une clé du bâtiment, et j'ai été forcé d'écrire une lettre d'excuses.	Nabungisaki fungola ya lopango  tango nazalaki kokombola na sima ya elambo ya eteyelo, mpe esengelaki nakoma mokanda ya bosengi bolimbisi.
Cet article traite des progrès de la recherche contre le cancer.	Mokanda oyo alobeli bikamwa ezali kosalama na boluki na tina ya bokobo bwa Cancer.
Yanis prépare quelque chose de spécial pour l'anniversaire de Lucie.	Yanis azali kobongisa eloko moko ya kokamwa na elambo ya bokokisi mbula ya Lucie.
Tout individu qui utilise ou travaille avec l'espéranto, est un espérantiste, et chaque espérantiste a parfaitement le droit, de considérer la langue comme un simple moyen d'intercompréhension internationale.	 Moto nyonso asalelaka to asalaka na lokota ya esperato, abyangami masali ya esperanto, mpe mosali nyonso ya esperanto azali na makoki ya kozwa lokota lokola bobele eloko ekopesa nazela ya bososoli na kati ya bato na molongo mobimba.
En pensant, l'image de sa première femme lui traversa l'esprit.	Na kokanisa, lilingi ya mwasi na ye ya liboso ekomeli ye na molimo.
Je suis navré pour ta sœur.	Nazali mpasi na tina ya ndeko na yo ya mwasi.
Jusqu'où les émissions télé sont-elles prêtes à aller afin d'augmenter leur audience ?	Kino wapi ba emission ya televion ekozali yakobongisama mpona kobakisa balandi ?
Mais je suis convaincu que pour avancer, nous devons dire ouvertement les choses que nous avons sur le cœur, et qui sont trop souvent dites, seulement derrière des portes fermées.	Kasi nazali na kondima ete mpona kokende liboso, esengeli toloba na polele makambo tozali na yango na motema, mpe elobamaka mingi na nkunku.
Eh bien, si tu ne m'arrêtes pas, je veux que tu me reconduises chez mes amis.	Na boye, soki otiki te, nalingi ete omema ngayi esika ya baninga na ngayi.
Laisse-moi demander à Gabriel, s'il veut nous accompagner.	Tika natuna Gabriel, soki alingi kokende na biso elongo.
Nous essayons d'aller à Boston au moins une fois par an.	Tomekaka kokende Boston soki mingi mbala moko na mbula.
À l'entrée du métro, chacun présente son ticket ou son badge de proximité sur le verre de la tête de lecture.	Na ekuke ya metro, moto moko moko alakisaka ticket to alakisaka abonnement na esika endimaka yango.
Ne panique pas !	Kobanga te !
Certains enfants ont recours au suicide afin d'échapper à une pression insupportable.	Bona mosusu bamibomaka mpona kokima mitungisi oyo bakokaka te.
Vous devriez demander pardon à Thomas pour l'avoir nommé ainsi.	Esengeli osenga bolimbisi epayi ya Thomas na tina ya lolenge obengaki ye.
J'avais l'impression de devoir une explication à Thomas.	Namonaki lokola nazalaki na makambo ya kolimbola epayi ya Thomas.
Certains employés de santé passent davantage de temps à faire de la paperasse qu'à prendre soin de patients.	Basali mosusu ya bokolongono ya nzoto balekisa tango mingi na kosala eloko te na tango ya kosalisa babeli.
Elle vit avec une petite pension.	Abikaka na mosolo moke.
""" Peuple heureux ! vous voyez s'élever votre ville ; / et nous, dit le héros, nous cherchons un asile ! "" / Il marche cependant, de son voile entouré ; / et, mêlé dans la foule, il en est ignoré."	"""Bato ya esengo ! Bomoni engoma kotelema; / mpe biso, elobi molongi, tozali koluka ebombelo. "" / azali kotambola kasi, na masuwa ezingami; / mpe emikotisi na kati ya bato, abosanaki yango."
Il a fallu une campagne télévisée nationale pour finalement retrouver Sami.	Esengelaki kopanza nsango na télévision nationale mpona komona lisusu Sami.
Nous avons reçu plusieurs messages de menace de la part des séparatistes et nous avons déposé plainte contre eux auprès de la police.	Tozwaki maloba mingi ya kobangisa kowuta na bato ya bokabwani mpe tofundaki bango na police.
Si tu n'arrives pas à résoudre ce problème, demandes à ton professeur.	Soki okoki kosala likambo yango te, tuna moteyi na yo.
L'héroïne, les policiers l'ont trouvée, au cours d'un contrôle de routine, dans le double-fond d'une soute de camion.	Molongi ya mwasi, basoda bamoni yango na kati ya ya esika babombaka biloko na nse ya motuka, na tango bazaki kosala mosala na bango ya mokolo na mokolo ya ko controler bato mpe mituka,
Je suis désolé, j’ai effacé par erreur le courriel que tu venais de m’envoyer. Peux-tu me l'envoyer à nouveau ?	Nasali mbeba, nabomi na koyeba te mokanda nasilaki kotinda na internet. Okoki kotindela ngayi yango lisusu ?
Elle a perdu la clé de son casier alors qu'elle nageait dans la piscine.	Abungisi fongola ya armoire na ye tango azalaki kosukola na eziba ya mayi.
J'ai de la viande, du fromage et des tomates dans mon sandwich.	Nazali na mosuni, fromage mpe tomate na kati ya sandwish.
Il voudrait savoir si vous jouez aux échecs.	Alingaki ayeba soki oyebi kosakana na masano ya échec.
Ils nous demandent de maintenir le chauffage sous 26 degrés, mais dans leurs bureaux, on crève de chaud ! « Faites ce que je dis et pas ce que je fais », comme d'habitude.	Bazali kosenga biso tokoba kotiya moto na mosanda 26, kasi na biro na bango, moto ezali koleka ! « Bosala oyo nazali koloba kasi oyo nazali kosala te », lokola na momesano.
Dites-moi ce que vous savez de l'incident.	Yebisanga makambo maye oyebi na tina ya likama.
Retournez vous asseoir.	Zonga na esika na yo ya kovanda.
Je me souviens lui avoir remis la clé.	Nazali komikanisela napesaki ye fungola.
Le Président Lincoln fut assassiné d'une balle dans la tête, juste derrière l'oreille gauche.	Mokonzi ya mboka Lincoln abomamaki na lisasi na moto, na mopanzi ya litoyo ya mwasi.
La victoire semblait à portée.	Elonga ezali pembeni.
Peut-être les athées devraient-ils aussi commencer à sonner aux portes pour annoncer aux gens leur heureux message.	Tango mosusu, esengeli mpe bato bandimaka Nzambe te, babanda mpe kobeta ba ekuke ya bato mpona koteya bango.
"""Je vis à Roubaix"", dit Jackie."	"""Navandaka na Roubaix"", Elobi Jackie."
Quand vous voulez tromper le monde, dites la vérité.	Soki olingi okosa bato, loba solo bosembo.
Même le mot dépression lui-même était le produit terminologique d'un effort pour adoucir la connotation de trouble profond. Au siècle dernier, le terme crise était normalement employé.	"Ata nkombo ya dépression yango moko esalamaki na kosala makasi mpona kolembisa mokumba ezali likolo ya nkombo ya ""liboma"". Na mokama ya mibu mileki, nkombo ""crime"" ezalaki kolobama na bopete nyonso."
La beauté de Césarine n’était ni la beauté d’une lady, ni celle des duchesses françaises, mais la ronde et rousse beauté des Flamandes de Rubens.	Bonzenga ya Césarine ezalaki te bonzenga ya lady, mpe soko moke te ya basi ya bomengo ya France, kasi bonzenga ya loposo kitoko ya basi ya ba falamand.
Je ne saurai jamais si j'ai eu raison de lui faire confiance.	Nakoyeba te soki nasalaki malamu kotiyela ye elikya.
Je veux que vous me disiez tout ce que vous savez à ce propos.	Nalingi ete oyebisa ngayi nyonso oyebi na tina ya likambo oyo.
Vous devez montrer du respect à vos invités.	Esengeli olakisa botosi epayi ya bapaya na bino.
Cette femme est capable de concentrer ses efforts et son énergie pour réaliser efficacement et avec ardeur ses projets.	Mwasi oyo azali na makoki ya kofanda mpe kosangisa makasi mpe molimo na ye mpona kotelemisa makanisi maye na lolenge ya makasi mpe ya kobenda bato.
Arrêtez de filmer.	Kata kozwa bilili.
Elle aimerait qu'il prenne contact avec son fils le plus vite possible.	Akolinga kokutana na mwana na ye na lombango.
Le sourire que vous envoyez revient vers vous.	Liseki ozali kotinda ezonga epayi na yo.
Elle a préparé un hérisson de viande de porc hachée pour la fête.	Alambi nyama ya ngulu ya kokata mpona elambo.
Eh bien ne te gêne pas !	Na bolamu, koyoka soni te !
J'ai le sentiment que vous ferez un très bon avocat.	Nazali komona ete okozala mosambeli ya bato ya malamu.
Presque toutes les mises en œuvre de la mémoire virtuelle divisent l'espace d'adressage virtuel d'une application en pages ; une page est un bloc d'adresses mémoires virtuelles contiguës.	"Pembeni ya kokotisa na mosala ya mémoire virtuelle ekabolaka esika ya kobongisa emonanaka na tango ya koiya makambo na lokasa; Lokasa ezali molongo ya ba adresse ""mémoires virtuelles contiguës""."
Nous sommes toujours brutaux envers ceux qui nous aiment et nous servent en silence.	Tozalaka na bonyama epayi ya bato balingaka biso mpe basalisaka biso kimya.
Quand tu conduis, tu dois respecter le code de la route.	Tango ozali komema motuka, esengeli obatela mibeko ya nzela.
Nous demanderons à Jeanne, vierge, sainte et martyre, de prier Dieu pour la grandeur et pour la gloire de la France!	Toko  senga na Jeanne, ngondo, mosanto mpe mbeka, asambela Nzambe mpona monene mpe lokumu ya France.
J'ai obtenu une excellente note à l'évaluation, et cela me rend très heureux.	Nazwi malamo na momekana ya kelasi, yango ezali kopesa ngayi nsai.
"Pourquoi Gogol a-t-il brûlé la seconde partie des ""Âmes mortes"" ?"	"Na tina nini Gogol atumbi etei ya mibale ya buku ya ""Âmes mortes""?"
La confiance est un risque, et éviter les risques est le nom du jeu en business.	Kolikya na bato ezali na bokebi, kasi bokebi ezali nkombo ya lisano ya mombongo.
J'ai sauté de joie lorsque j'ai entendu les nouvelles.	Napimbwaki na esengo na tango nazwaki basango yango.
Je ne filerai pas de rencard à qui que ce soit qui n'est pas mignon.	Nakoki te kobima na moto oyo azali kitoko te.
Il a filé sans demander son reste.	Akeyi na lombango kozanga kosenge mbongo ya sanze.
Une femme est comme votre ombre, courez après, elle vous fuit ; fuyez-la, elle vous court après !	Mwasi azali lokola elilingi na yo, kolanda ye na sima, akokima; soki okimi ye akolanda yo na sima !
Coupez la mozzarella en dés de 7 mm environ.	Kata fromage ya mozzarella na biteni kokokana na 7 mm.
Il y a mille canaux par lesquels la beauté de notre âme peut monter jusqu'à notre pensée. Il y a surtout le canal admirable et central de l'amour.	Ezali na banzela mokama nakolanda yango bonzenga ya molimo na biso ekoki komata kino na makanisi na biso. Ezali migi-mingi nzela ya kokamwisa mpe ya kati-kati ya bolingo.
Mais en attendant, il fuit : le temps fuit sans retour, tandis que nous errons, prisonniers de notre amour du détail.	Kasi nakozela, akimi: tango ekimaka ezongaka te, na tango tosalaka mabunga, mikangami na boloko ya bolingo na biloko nyonso.
La seconde étape, la plus importante, comportera l'apprentissage de nouvelles structures morphosyntaxiques.	Eteni ya mibale, ezali na motuya koleka, etali koyekola lolenge ya sika ya kobongisa maloba.
Hugo essayait d'oublier son chagrin d'amour en jouant du piano.	Hugo azalaki komeka kobosana mpasi ya bolingo na ye, na kobeta piano.
Quand vous allez prendre le médicament, il va commencer par agir sur les symptômes, comme la douleur, tout de suite, mais cela ne veut pas dire que l'ulcère va se guérir tout de suite.	Ntango bokozwa nkisi, ekobanda kosala na bilembo, lokola mpasi, mbala moko, kasi elingi koloba te ete mpota esalaka lipipi esili mbala moko.
Ce serait dommage de laisser se gâcher notre dur labeur.	Ekozala mawa kotika kobeba mosala na biso ya mpasi.
Le placard restera là où je l'ai placé, il n'y a là-dessus aucun doute.	Alumwalu enene ekotikala esika natiyaki yango,  wana  ntembe ezali te.
Mathis et Marie ont passé leur lune de miel à l’étranger.	Mathis mpe Marie balekisaki mikolo milandaki libala na bango na mboka ya bapaya.
La maison de mon voisin a fait l'objet d'une revue dans le numéro du Florilège de l'Architecture du mois dernier.	Ndako ya moninga avandi mpembeni na ngai ekomamaki na  zuluna ya motango ya Florilège ya ntoki-ndako na sanza eleki.
Les autorités ont lancé un appel à la population.	Bakonzi babengisi bana mboka.
La professeure de chant de Marie est une soprano lyrique avec une voix longue, impressionnant !	Molakisi ya nzembo ya Marie azali soprano lyrique na mongongo ya molayi, ya malamu mpenza.
Elle dit, et soudain s'évanouit dans l'air ; / elle fuit, et, malgré mes soupirs et mes larmes, / d'un entretien si doux elle interrompt les charmes.	Mwana mwasi alobi, mpe mbala moko akatswi; / akimi, mpe, ata mpema na ngai mpe mpizoli na ngai, / na masolo ya esengo akati bonzenga.
J'espère que tu passes du bon temps !	Nakanisi ete ozali kolekisa ntango malamu !
Que va faire Trump maintenant ? Attaquer la Chine ? Détruire la Russie ? Anéantir l'Iran ? Il ne fera rien car les États-Unis ont déjà essayé de faire tout ceci bien auparavant, mais ils y ont lamentablement échoué.	Nini Trump akosala  na ngonga oyo ? Kobundisa Chine ? Kopanza Russie ? Kobebisa Iran ? Akosala eloko te mpo Amerique amekaki kosala oyo nyoso liboso kasi azuwaki te.
Un différend qui s'éternise prouve que les deux parties ont tort.	Mindondo oyo esilaka te ezali kolakisa ete bango nyoso bazali na mbemba.
Personne parmi les mortels n'est si grand qu'il ne puisse être associé à une prière.	Moto moko te na kati ya bakufi azali monene mpo asangisama na mabondeli.
Je fais appel à vous pour contribuer à la nouvelle clinique.	Nabengisi yo mpo na osunga lopitalo oyo ya sika.
En France, le dix-septième siècle est l'époque de la littérature classique.	Na mboka France, ekeke ya zomi na sambo ezali eleko ya mikanda mpe nkota efulukaki.
À leur tête, Pyrrhus, une hache à la main, / frappe à coups redoublés sur les portes d'airain. / Les gonds tremblent ; des ais la vaste épaisseur s'ouvre.	Na moto na bango, Pyrrhus, epasoli na liboko, / abeti mbala mibale likolo ya ekuke ya libende ya motane. \Biteni ya mabende biningani; biteni ya mabaya ya monene mafungwami.
Les flics recherchent la planque de la bande.	Bapulusu bazali koluka libombami ya miyibi.
Parfois, la coupe du monde de football permet de mettre de côté les tensions communautaires au sein d'un pays, en se rangeant derrière l'équipe nationale.	Mbala mosusu, lisano ya motope mpo na mokili mobimba etiaka mpembeni boko kilikili na kati ya bato na mboka moko, bango banso batelemaka nsima ya basani  ya ekipi ya ekolo na bango.
Il a écouté les nouvelles à la radio en nourrissant son chien.	Ayokaki  nsango na radio ntango azalaki koleisa mbwa na ye.
Tous les sauvages savent danser.	Bana mboka nyonso bayebaka kobina.
L'image ne correspond pas à la réalité.	Elilingi ekokani na bosolo te.
Je suis vraiment désolé, mais je suis obligé d’annuler notre réunion du 27 février.	Nazali mpenza na mawa, kasi nasengeli koboma likita  ya biso ya 27 ya sanza ya mibale.
Je suis désolé. Je retire ce que j'ai dit.	Nazali na mawa. Nalongoli oyo nalobaki.
J'organise une chasse au trésor pour la fête du treizième anniversaire de mon fils.	Nazali koluka mbongo mpo na nteke ya mibu zomi na misato ya mbotama ya mwana na ngai ya mobali.
Mon mari gagne cent mille dollars par an.	Mobali na ngai afutamaka 100,000 dolale na mbula moko.
Nous espérons revenir l'an prochain.	Tokanisi  kozongela mobu oyo ekoya.
Sachez donc que plus nous aimons, moins nous devons laisser apercevoir à un homme, surtout à un mari, l’étendue de notre passion.	Yeba ete ntango tolingani mingi,  tokoki kotika komona moto mingi te, mingi mobali, na etando ya bolingo na biso.
Toute maman qui se respecte couvre de baisers son bébé.	Mama nyoso oyo amitosaka apepwaka mwana na ye.
""" Au sortir d'Ilion, notre antique séjour, / (peut-être d'Ilion vous savez l'infortune) / traînant de mers en mers une vie importune, / enfin l'onde en courroux m'a jeté dans ces lieux. """	"""Na bobimi ya Illion, epai tokovanda kala, /(ntango mosusu boyebi bobola ya Illion) / kowayawaya na bibale na bomoyi ya mitungisi, / na nsuka londende ya nkanda ebwakaki ngai na bisaka oyo. """
Le secteur informatique vit une période de croissance.	Makambo ya bisalelo ya sika ezali kobika na eleko ya bokoli.
Raphaël et Marie sont membres d'une société secrète.	Raphaël mpe Marie bazali bato  ya lisanga moko ya sekele.
Formez des boules de 3 cm de diamètre et déposez-les sur une feuille de papier d'aluminium beurrée.	Sala mabungutulu ya satimetele misato mpe tiya yango likolo ya nkasa ya aliminium ya mpembe batiya manteka.
Non seulement tu veux m'exploiter pour tes propres intérêts, mais tu ne manques jamais de me faire des commentaires arrogants à chaque fois que tu en as l'occasion.	Olingi kaka osalela ngai mpo na litomba na yo moko te, kasi ozangisaka te kobakisa mwa maloba ya enzombo ntango nyonso libaku epesameli yo.
Ce que le paysan ne connaît pas, il ne le bouffe pas. Si le citadin savait ce qu'il bouffe, il deviendrait immédiatement paysan.	Oyo moto ya mboka ayebi te, aliyaka yango te. Soki moto ya engumba ayebaka oyo azali koliya, akokoma na lombango moto ya mboka.
Je n'ose pas enquêter trop profondément, de peur de découvrir l'horrible vérité !	Nakomeka kolukaluka na bozindo te, noki te nakokundola bosolo ya kobangisa !
Il appartient à une espèce disparue. Peut-être est-il le dernier plouc au monde.	Azali ya baye basila kolimwa. Ntango mosusu azali moi-mboka ya nsuka mpenza na mokili.
Elle se mit pourtant à ranger avec soin les documents, les notes, par une habitude de bonne ménagère qui ne voulait rien laisser en désordre derrière elle.	Abandaki kobongisa malamu minkanda, na ezaleli ya mwasi malamu ya ndako oyo alingaki kotika eloko moko na mobulu nsima na ye te.
L'odeur des chaussettes sales me donne envie de vomir.	Nsolo ya soseti ya bosoto epesaka ngai mposa ya kosanza.
Parfois, Enzo venait retrouver ses anciens camarades.	Ntango mosusu, Enzo azalaka koya kokutana na baninga ya kala.
J'ai fait tout mon possible pour cela, et je pense que vous avez manifesté le plus grand intérêt à appréhender non seulement ces règles, mais également « l'esprit » de cette merveilleuse création du Maître, Zamenhof.	"Nasalaki nyoso esengeli mpo na yango, mpe na banzi  ete bokolakisa litomba ya monene ya koyeba kaka mibeko wana te, kasi lisusu ""molimo"" ya bokeli ya kokamwa ya Moteyi, Zamenhof."
Mon mari est un expert dès qu'il s'agit de cuisiner chinois.	Mobali na ngai  azali makasi  soki esengeli kolamba bileyi ya ba chinois.
Pratique davantage de sport, sinon tu seras en surpoids.	Salaka lisano koleka, soki te okozala na ba kilos koleka.
Rick était très excité d'avoir réussi l'examen.	Rick asepelaki mingi na kozwa  na momekano.
J'ignorais pourquoi je n'étais pas censée me rendre dans cette partie de la ville.	Nayebaki te mpo na nini nasengelaki te nazala na ngambo oyo  ya engumba.
Je préfère laisser les rideaux ouverts pour laisser entrer la lumière de la lune.	Nasepeli kotika ba lido polele mpo  ekotisa mwinda ya sanza.
Permettez que je me présente.	Botika ngai namilakisa.
Une dispute éclata dans l'enceinte du hall de la convention, et les coups de poing se mirent immédiatement à pleuvoir.	Koswana ebandaki na kati  ya ndako ya bosangani, mpe makofi ebandi mbala moko.
Monsieur l'adjoint ne s'occupe que de son propre intérêt.	Mokonzi molandeli  atalaka kaka litomba oyo ya ye.
Le nouvel album de « Take That », il déchire !	"Apasoli alibum ya sika ya ""Take That"" !"
Une armée est composée d'une avant-garde, d'une arrière garde et du gros de l'armée.	Limpinga  ezali na ebateli moko ya liboso, ebeteli moko ya nsima mpe monene ya limpinga.
Il ne faut pas chanter victoire avant la bataille.	Okoki koyemba elonga te liboso ya etumba.
Les bonsaïs sont des arbres miniatures, qui dans leur milieu naturel, pourraient atteindre les 10 à 20 mètres de hauteur.	Bonsaïs izali nzete ya mike, eye na kati ya zamba, ikoki kokoma ba 10 kino 20 metele ya molayi.
Magnifique appartement de luxe à louer en Espagne.	Ndako kitoko ya kofutela na Espagne.
C'est ridicule et même absurde de réfléchir à la supériorité de l'homme sur la femme ou de la femme sur l'homme.	Ezali litiyo mpe ntina te ya kokanisa bokonzi ya mobali likolo ya mwasi to mpe ya mwasi likolo ya mobali.
Est-ce que ça te dérange d'allumer la télé ?	Ekotungisa yo soki na kopelisa télé ?
Que l'homme ne vienne pas facilement à la connaissance de lui-même, mais ait besoin d'une recherche, tient vraisemblablement à ce qu'il a dans son enfance, développé un système de croyances fausses.	Mobali aya te na bopete ya mayele na ye moko, kasi  azala na mposa ya koluka, kokamata bosolo na oyo ya bomwana na ye, kolimbola  ndenge ya makanisi mabe.
Si vous voulez vraiment apprendre à connaître un endroit, vous devez sortir des sentiers battus.	Soki bolingi mpenza koyeba esika moko, bokoki kobima na nzela  ya kala.
Son visage ovale était sa marque de fabrique.	Elongi na ye ya  libungutulu ezalaki ndenge na ye ya kosalema.
L'art japonais de l'arrangement floral est appelé Ikebana.	Ntoki ya ba japonais ya ebongiseli fulele ebengami Ikebana.
Chaque fois que j'apprends qu'un artiste que j'aime, qu'un écrivain que j'admire viennent d'être décorés, j'éprouve un sentiment pénible, et je me dis aussitôt : Quel dommage !	Ntango nyonso soki nayoki ete moi-ntoki oyo nalingi, ete mokomi moko oyo nalulaka  bawuti kozwa palata, nayokaka satima ya mpasi, mpe namilobeli mbala moko: Mabe nini !
Si tu es mécontent de ta vie privée, je te conseille de t'inscrire sur Facebook. C'est le meilleur moyen de t'en débarrasser.	Soki osepeli na bomoyi na yo moko te, napesi yo toli ya komikomisa na Facebook. Ezali nzela ya malamu  ya kotika yango.
Contrairement aux idées reçues, les forêts ne sont pas le poumon de la planète elles ne produisent qu'un tiers de l'air que nous respirons.	Engebene na makanisi ozwaki te, zamba izali  lipululu ya planeti te ipesaka kaka  eteni ya isato ya mopepe oyo topemaka.
Wendy n'a pas toujours été intéressée par les festivals japonais.	Wendy amipesaka mikolo nyonso te na biyenga ya ba japonais.
Mr Mitchell a exigé que je verse le reste de l'argent pour la fin de la semaine.	 Mitchell alingaki ete natiya  mbongo etikalaki na nsuka ya mposo.
Les meilleurs de tous les parents sont ceux qui permettent à leurs enfants de suivre leurs talents naturels.	Bababoti  ya malamu bazali baoyo bandimelaka bana na bango kolanda  makoki ya bango ya mbotama.
Enlevez vos mains de vos poches quand vous me parlez !	Bolongola maboko na bino na mabenga ntango bozali koloba na ngai.
L'envoi de courriers ou de relevés de comptes ou de communications de la banque sera fait au détenteur du compte à l'adresse indiquée au moment de l'ouverture du compte.	Kotinda minkanda  to  minkanda ya konti to ya masolo ya banki  ekosalema na mokolo konti na nzela epesamaki na ngonga ya bofungoli konti.
On l'avait informé que tous les employés de l'entreprise seraient présents pour l'occasion.	Bayebisaki ye ete basali banso ya kompani bakoki kozala wana na libaku.
Avec mes respectueux hommages, je vous prie de bien vouloir agréer, Madame la Ministre, l'expression de ma très haute considération.	Na botosi  ya ngai ya lokumu, nasengi na yo  koyamba, mama ministele, elobeli ya ngai ya lokumu koleka.
Il faisait si chaud que j'ai dormi avec la fenêtre ouverte.	Molunge elekaki makasi ete nalalaki lininisa polele.
Pour autant que je sache, c'est un chic type.	Na maye nyonso nayebi, azali mobali moko ya kitoko.
Je suis sorti juste après avoir achevé ma série parce que j'étais trop content de moi. J'ai laissé tomber mon équipe.	Nabimaki kaka nsima ya kosilisa molongo ya mituna na ngai mpo nasepelelaki na ngai mingi. Natikaki ekipi na ngai epola.
Pourquoi ne m'as-tu pas avoué plus tôt que tu m'aimais ?	Mpo na nini oyebisaki ngai te uta kala ete olingaka ngai ?
Incapable de répondre aux questions de l’instituteur, je me suis couvert de honte devant mes camarades de classe.	Kozanga koyanola na mituna ya motangisi, namiyokaki nsoni liboso ya baningai na gai ya kelasi.
Ben, tu sais, cette histoire, je m'en bats les couilles.	Ben, oyibi,  nsango oyo, etali ngai te.
Nous deux savons que vous deux mentez.	Biso mibale toyebi ete bino mibale bozali kokosa.
Le grand mec en train de fumer un cigare là-bas est un réalisateur célèbre.	Mokolo ya mobali  azali komela makaya  azali mosali filime monene.
"L'un des plus importants monuments de l'art ancien est la ""Chronique des temps passés"", écrite par la plume d'un auteur inconnu."	"Moko ya  motuya ya bikeko monene ya ntoki ya kala "" Makambo ya ntango eleka"", ekomama na losanla ya mokomi ayebani te."
De nombreux clients viennent consulter cet avocat.	Ebele ya bakiliya  bayaka kotala molobeli oyo.
Maintenant que le gosse est tombé dans le puits, il ne nous reste plus qu'à limiter les dégâts.	Lokola sika  mwana akweyi na kati ya libulu,  etikali na biso kaka kosukisa mbemba.
Après quelques années, au lieu de « La Langue Internationale du Docteur Espéranto », le nom court d' « espéranto » entra en usage. En ce jour nous célébrons donc le cent-vingt-cinquième anniversaire de l'espéranto à travers le monde entier.	Na nsima ya mibu, na esika ya  « Monoko ya mokili mobimba ya monganga  Espéranto»  nkombo mokuse ya «  espérato » ekolobama. Na mokolo oyo  tozali kosepela bongo mibu nkama ntuku mibale na mitano ya mbotama ya espéranto na mokili mobimba.
Le mois d'octobre dernier était plus chaud que la normale.	Sanza ya zomi eleki molunge ezalaki makasi koleka momesano.
Depuis que j'ai appris l'existence de l'université, j'ai toujours voulu y suivre les cours.	Banda nayebaki ete universite ezali,  nalingaka kaka kotanga  kuna.
J'ai passé la semaine entière à travailler sur ce dossier.	Nalekisaki  mposo mobimba kosala na dosye oyo.
C'est avec Karl Friedrich Schinkel qu'il fit les esquisses des décors et des costumes pour son opéra « Ondine »; et des objets d'art rappelant cette œuvre ornaient sa chambre à Berlin.	Ezali na Karl Friedrick Schinkel nde asalaki ebandela ya ekembisi mpe ya  kazaka mpo na teyatele ya miziki na ye « Ondine  »; mpe biloko ya ntoki ya kokanisa mosala  ebongisaka eteni ya ye ya ndako ya kolala na Berlin.
Soudain, ils se sont mis à crier, deux d'entre eux se sont levés et ont failli se frapper.	Mbala moko, babandi koganga, mibale kati na bango batelemaki mpe balingangi babunda.
On l'a appelée Alice, comme sa tante.	Babengaki ye Alice, ndenge moko na tata mwasi na ye.
Les amis de Léo longent l'allée en courant.	Baninga ya Léo bazoleka nzela na kokima.
Oui, je l'ai beaucoup aimée, mais d'un autre côté elle m'a causé énormément de soucis.	Ya solo, nalingaki ye mingi, kasi na esika mosusu atungisaki ngai mingi.
"La ville de Brno est souvent appelée ""le plus grand village de République Tchèque"" malgré ses 400 000 habitants."	"Engumba ya Brno ebengamaka mingi ""mboka ya munene ya republiki Tcheque"" ata ba 400 000  ya bato."
Le parc national de Plitvice en Croatie est un des plus beaux endroits en Europe.	Nzamba ya mboka ya Plitvice na Croasie eza esika moko ya kitoko na Europa.
Le propriétaire du restaurant l'autorisa à emmener les restes du repas chez elle pour nourrir tous ses chiens.	Mokolo  nganda  a ndimi a mema ndabu ya biloko yakolia epayi naye mpo nakoliesa ba mba  naye.
« Vous êtes mariés, avec ta copine ? » « Bien sûr que non. » « Ah bon ? Je croyais que si. »	«Bobalani, na moninga na yo? » « te. » «Ah malamu? Nakanisaka  ete ee. »
Je me serais noyée si vous ne m'aviez pas sauvée.	Nalingaki na dinda soki obikisaki ngai te.
Il lut la totalité de l'Ancien Testament en un an.	Atangaki mobimba ya bondeko bwa kala na mbula moko.
Bravo ! Tu as joliment réalisé ce dessin.	Longonya! Osalaki liyemi oyo kitoko
Aimes-tu le rock and roll ?	Olingaka rock and roll?
J'ai attendu ta sortie de prison.	Nayokaki ko bima nayo na boloko.
Il l'a trouvée entrain de l'attendre.	Akutaki azo zela ye.
Mon fauché de mari m'a emmenée au Macdo pour notre anniversaire.	Mobali nangai a memaki ngai na Macdo mpo na mbotama nabiso.
Quand on a compris que le malentendu est le lot de la condition humaine, il n'y a aucune honte à se tromper, mais seulement à omettre de corriger ses erreurs.	Tango  to sosoli ete boyokani te eza ebele ya  kozala ya kibomoto, koza soni ata mokote komi kosa, kasi  kobongisa kaka  mabunga.
Hugo est à juste titre très fier d'avoir gagné la médaille de bronze.	Hugo  aza semba na bolongi ya nzele ya bronze
Le philosophe qui veut éteindre ses passions ressemble au chimiste qui voudrait éteindre son feu.	Philosophe oyo alingi a koma molozi akokani na chimiste oyo alingi a koma na moto naye
La puissance de l'amour et de la compassion est infiniment plus forte que la puissance des armes.	Makasi ya bolingo mpe ya mauwa  eza makasi mpo na libela koleka makasi ya mondoki
Je parie que tu ne pourras pas deviner où j'étais la nuit dernière !	na tie tembe ete okoyeba te esika nazalaki butu eleki!
Êtes-vous prêts à vous engager dans une armée qui défend un État raciste et colonialiste ?	Ondimi ko banda na limpinga oyo ezo telemela leta ya boposo ya nzoto mpe ya mboumbu?
Jules m'envoie sans arrêt des SMS.	Jule azo tindela ngai ba SMS tango nyoso.
Le tofu peut être utilisé pour remplacer la viande.	Tofu eza natina mpo nako salela yango naesika   ya nyama.
Ça me rend triste que tu quittes cette ville.	Ezo sala ngai mpasi ete otika engumba oyo.
Même si tu pars loin, restons en contact par téléphone.	Ata zoki okeyi mosika,  totikala  nakombena na tshobo.
Pourriez-vous poser ce sac ailleurs ?	Olingi kotia sakoshe oyo esika mosusu?
Quand il est allé rendre visite à son détestable voisin, Enzo était armé de pied en cap.	Tango akendaki kotala moninga naye ya mabe, Enzo azalaki na mondoki na mutu ti na makolo.
On ne peut vous forcer à témoigner contre votre mari.	Tokoki ko busa yote  ko sakola natina ya mobali nayo.
Venus, planète déserte dotée d'épais nuages d'acide sulfurique, augurait-elle l'avenir de la Terre ?	Venus, planete mokili mokauka eza na lipata monene ya acide sulifurike, ekotungiza lobi ya mabele?
« Capitaine, peut-on dire qu'un objet est perdu si on sait où il se trouve ? » « Non. » « Alors, Capitaine, votre montre de gousset n'est pas perdue, car je sais qu'elle repose au fond de la mer. »	«Kapitene, ekoki kolobama ete eloko  ebungi soki bayebi esika ezali? » « te. » «Ntango yango, kapitene, motele nayo ya moke embungaki te, kutu na yebi te ezalaka na kati ya mai monene. »
Pensez-vous que nous devrions attendre en espérant que cela change?	Bokanisi ete tokoki ko zela nakotia elekia ete wana ekobongana.
Le garçon revint bientôt à lui, le rose lui revint aux joues, il sauta des genoux du vieil homme et dansa, sur le sol, autour de lui.	Mwana mobali  akomizongela yemoko lobi,  roze ekomi na matama naye, a pembi na makolo ya mobange ya mobali mpe abini, na mabele, nzinganzinga  na ye.
Il n'est jamais mort, au château s'est caché, il y vit encore, en sommeil installé.	Akufaki te, na ndako azalaki kobombana,  aza na bomoi, nakati ya pongi kaka.
Cette vidéo m'a fait pleurer, je ne vais plus mentir.	Video oyo elelisaki ngai, nalingi ko kosa lisusu te.
Nous sommes en période de crise, et le vrai changement, la vraie mutation ne sont pas encore prêts.	Toza na tango ya kokoso, mpe kobongola ya salo, mpe kokende ya solo ekokismi nanu te.
Mon grand-père ne se souvient de ce qui s'est passé hier, mais peut décrire en détail ce qui s'est passé il y a quarante ans.	Papa nkoko nangai azoyeba lisusu te oyo elekaki lobi, kasi akoki kokoma   nyoso oyo  elekaki na ntuku minei ya mbula.
Veuillez joindre à votre proposition une enveloppe timbrée à votre adresse.	okoki kotia na kobanza nayo mukanda ya  esika nayo.
Le repas achevé, tous, par de longs discours, / de leurs amis perdus redemandent les jours ; / leurs cœurs sont partagés par l'espoir et la crainte : / sont-ils vivants encore ? ou bien, sourds à leur plainte, / sont-ils déjà couverts des ombres de la mort ?	Bileyi yakosila, nyoso, na masolo molai; / ya baninga naye oyo babugaki  basengi mikolo; / mitema nabango ekabwani na elikia mpe kobanga : /baza na bomoi lisusu? Tango mosusu, kimia na bosengi nabango, / bazipani   nanu  na elili ya liwa?
Il y avait plus d'invités que prévu à la fête d'anniversaire.	 Bapaya balekaki  mingi kolekaki  na eyenga ya mbotama.
Un Canadien de 19 ans a battu le record du monde le mois dernier pour un aller-retour sans arrêt à la nage à travers la Manche.	 Canadien moko ya mbula zomi na libwa a  bimaki molongaki ya mboko nzaza eleki mpo na kokende -kozonga  nakotika te   kobeta mai na maboko
Tous les événements sont produits les uns par les autres, je l'avoue ; si le passé est accouché du présent, le présent accouche du futur.	Eyenga nyoso  ekosalema na moko koleka misusu, na ndimi ; soki lobi epesiki  mokonzi,  mokonzi akopesa  lobi.
Soudain j'ai remarqué que ma montre avait disparu.	Mbalamoko namonaki ete montele nangai ebungaki.
J'ai le sentiment que vous serez un très bon avocat.	Naza na liyanga ete okozala molobeli malamu.
Robin est l'ami de Batman.	Robin aza moninga ya B atman.
Vous pensez que nous n'avons rien compris ? Vous vous trompez, nous vous avons très bien compris.	Bokanisi ete toyokaki eloko te? Bomikosi, toyokaki malamu.
Pourquoi hésiter jamais sur notre devoir, quand il se reconnaît d'emblée à ce signe : le devoir c'est ce qui nous embête.	Ponanini kotatabana te na bosengisi nabiso, tango amiyebi mbalamoko na bilembo : bosengi nde ezo tungisa biso.
Vous devez lui présenter des excuses quand vous le verrez.	Ebongi kosenga ye mbolibisi tango okomona ye.
Les voleurs respectent la propriété. Ils veulent seulement que la propriété devienne leur propriété afin qu'ils puissent plus parfaitement la respecter.	Miyibi batosaka mosolo. Balingi kaka ete mosolo wana  ezala mosolo nabango mpo ete ba tosa yango mpeza te.
Vous pouvez dire ce que vous voulez, je n'y comprends que dalle.	Bokoki koloba nyoso oyo bolingi, nazoyoka te.
Dépêchez-vous ! Sinon je ne pourrai pas vous amener à l'école.	Sala mbangu! Soki te nakomema yo na kelasi te.
Comme les fenêtres n’avaient plus une seule vitre, il s’était décidé à les boucher en clouant des planches : on ne voyait pas clair, mais il faisait chaud.	Lokola lininisa ezalaki kaka na kitalatala moko, bakanisaki kokanga yango na mabaya : tozalaki komona  tempeza te, kasi mulunge ezalaki.
Vous devez m'enseigner ce que vous savez.	Okoki kotangisa ngai oyo oyebi.
Avec le développement des réseaux, une quantité énorme et sans précédent de messages vole autour de la planète.	Na bobongisi ya rezo, bebo ya mikanda  ezo pimbwa nzinganzinga na mokili.
Si nous devons juger le futur de l'étude des océans par son passé, nous pouvons certainement nous attendre à de nombreuses découvertes excitantes.	Soki tolingi kolobela lobi ya kelasi ya mai minene koleka lobi nayango,  tokoki mpe kozela  ebele ya bokondoli ya bomoi.
Il était tellement fatigué qu'il a dû piquer un somme avant de reprendre son boulot.	Azalaki ya kolemba makasi te a ibaki mbongo liboso abandela musala.
Pourquoi est-il si difficile d'établir que la cellule nerveuse constitue l'unité de base du tissu nerveux ?	Mpo nanini eza mpasi kosala ete misisa ya nzote ezala moko ya mutuya ya mposo  ya  nzoto?
Elle refusa de jouer avec la chose, s'assit tout simplement et semblait fâchée.	Aboyaki kosakana na eloko, avandi  naye kaka mpe asalaki yako silika.
Le Sphinx avait mangé des centaines de personnes en route pour la ville de Thèbes, parce qu'ils ne purent répondre à l'énigme astucieuse que le Sphinx leur demandait.	Sphnix aliaki  kama ya bato na nzela mpo na engumba ya Thèbes, mpo ba kokaki te koyanola  na mituna  ya makasi oyo Sphinx asengaki.
Fermez-la. Sinon, vous serez viré.	Bokanga-ye. Soki te, bokolokwa musala.
Crois-tu qu'elle se sent à l'aise dans son nouvel appartement ?	Okanisi ete akosala malamu na ndako naye ya sika?
Ok, je lâche.	Ok, na tiki.
Levez la main et demandez la permission si vous avez besoin de sortir de la classe.	Tombola lisapi mpe senga nzela soki oza na posa ya kobima na kelasi.
Les parents de Nora possède soixante dix pourcent de la banque.	Baboti ya Nora  baza na ntuku nsambo ya mbongo ya banki.
Je suis heureuse que tu l'aies aimé.	Naza na esengo ndenge  olingaki ye.
Pour être une personne intéressante, tu dois nourrir et entraîner ton esprit.	Mpo ozala moto ya motuya, esengeli oleisa mpe kobenda molimo nayo.
Elle est venue pour causer des ennuis.	Ayaki mpo asala mobulu.
Avant de partir, n'oubliez pas de faire remplir par votre tuteur la fiche d'évaluation de votre stage.	Loboso ya kokende, kobosana te kotondisa koleka moboti mukanda  mwa malakisi ya koyekola musala.
Louis ressemble plus à un alchimiste qu'à un magicien.	Louis a kokani mingi na moyebi siansi  koleka nganga.
Elle s'est fait couper les cheveux parce qu'elle aimait les cheveux plus courts, non parce qu'elle a perdu son amour.	Amikatisaki suki mpo alingaka suki ya mokuse, te mpo abungisaki mobali naye.
Le roi espère et croit que l'amour que lui témoigne actuellement son peuple durera toujours.	Mokonzi atie elikia mpe ko ndima ete litatola sikoyo ya batu eko wumela seko.
Aucun argument religieux, historique, politique, moral, juridique ou sécuritaire ne pourrait justifier les conditions d'humiliation extrême et de punition collective auxquelles sont soumis les Palestiniens dans leur propre pays.	Ata litatoli ya bokristo, masolo yakala, politiki, molale, juridiki, to bokengi ekoki te ko talisa soki  bokitisi ya suka mpe ya etumbu  ya bosangani naoyo ya botosi yaba Palestiniens nakati ya mboka nabanga moko.
Dan n'arrivait pas à croire que Linda puisse faire quelque chose d'aussi stupide.	Dan azokoka te kondima  ete Linda akoki kosala likambo moko mpe  ya buzoba.
Au commencement de la rencontre, on a lu un message de salutation du président.	Na ebandeli ya kokutana, totangaki  sango  ya bosesi ya tata mokonzi
Ca s'est produit auparavant et ça se produira probablement à nouveau.	Esalemaka kala mpe ekoki  salema lisusu.
Je suis désolé, je me suis trompé de numéro.	Bolimbisi, namikosaki  numero.
J'aurais aimé que tu aies appelé au préalable.	Nalingaki ete obenga nanu.
Vous feriez mieux d'en acheter un neuf plutôt que d'essayer de le réparer.	Ekozala malamu osomba ya sika naesika omeka kombongisa yango.
Elle a passé les dernières années de sa vie avec un chagrin caché.	Alekisaki mobu mileki ya bomoi naye na mawa ya ko bombana.
L'affreux petit canard se changea en un superbe cygne.	Somo  libata ya muke ebongwani  Cygne ya malamu.
Le cargo spatial explosa quelques secondes après le lancement.	Cargo spatial epezanaki ba segondi eleki sima ya kobibwa.
He Ho ! Il y a quelqu'un ?	He Ho! Mutu azali?
Hé, les gars ! Quoi de neuf ?	He, bilenge! Nini ya sika?
Anna Freud eut une profonde influence sur Hollywood.	Anna Freud  azui libemba makasi na Hollywood.
Elle a passé des heures à la salle de gym à essayer de perdre du poids.	Alekisaki   ba ngonga na ndako ya gym komeka bungisa kilos.
Avez-vous lu l'article sur l'Asie dans le Time ?	 Omekaki kotanga article ya Asie na ngonga?
Je confesse à Dieu tout-puissant et à vous mes frères et sœurs, que j'ai gravement péché en pensée, en paroles, par action et par omission : c’est ma faute, c’est ma faute, c’est ma très grande faute.	Nasengi bolibisi epa ya nzambe  monene mpe na bino  mandeko-mibali mpe bandeko-basi, ete na sumukaki makasi nakokanisa, na maloba, na bizaleli mpe  na ko lekisa : eza mabe nagai, eza mabe nagai, eza mabe nagai ya monene.
Je ne supporte pas ton indifférence. Si tu me laisses, je meurs.	Nazo koka kara nayo te. Soki otiki ngai, na kufi.
Cette phrase prise hors contexte ne présente pas beaucoup d'intérêt.	Falaze oyo esali  libanda  ya likambo  ezo lakisa mpeza ntina te.
Les secours scrutèrent la zone, à la recherche de l'enfant.	Basalisi bazo manyola esika, mpo koluka mwana.
Tu penses sûrement que les femmes sont avant tout belles et minces, et que pour le reste elles feraient mieux de la fermer.	Okani mpeza mpo ete  basi baza nanu kitoko mpe mike, ete mpo  na oyo etikali  ekosala malamu kokanga.
Le jour où on pourra se téléporter, je connais quelques salles de bains où il y aura foule.	Mukolo oyo tokoki ko bengana, nayebi bisika  ya esekolelo esika batu bazalaka ebelé.
Il est impératif d'accorder un traitement spécial à ce navire pour qu'il puisse passer les obstacles de la bureaucratie et quitter le port dans les délais.	Eza ya motuya sala  libongisi ya monene na masuwa oyo mpo eleka  mabaku ya makabo ya buro mpe ebima na libongo na tango.
Quand j'étais adolescente, mes parents ne me laissaient jamais sortir avec des garçons, alors j'étais toujours triste.	Tango nazalaki elenge, baboti nangai bazalaki kotika ngai te na bima  na bana-mibali, yango nazalaki kaka ya mawa.
Je me souviens fréquemment de mon enfance heureuse.	Nakanisaka tango nyoso na bomwana nangai ya esengo.
Quand les gens me parlent du temps qu'il fait, j'ai toujours la forte impression qu'ils veulent me dire autre chose. Ce qui m'angoisse terriblement.	Tango batu balobelaka ngai mpo na tango basalaka, nakanisa  kaka ete balingi ba yebisa ngai eleko mosusu. Oyo ezo tungisa ngai  makasi.
Il faut que tu me retrouves ma dinde ou que tu me la payes. Va la chercher dans les environs, elle ne doit pas être loin.	esengeli  ozwa dinde nangai soki te ofuta ngai. Kende koluka ye singasinga, akoki kozala mosika te.
Anza, ce sont les gémissements que certains entendent la nuit, dans des maisons où des personnes auraient été égorgées ou auraient subi une mort violente.	Anza, eza kolela ya batu musus bazoyoka na butu, na ba ndako esika batu   bakufa to yaba oyo bazwaki liwa ya pasi.
Nous avons tendu une embuscade à plusieurs centaines de leurs nouveaux robots J-37 derrière les lignes ennemies dans une zone de rassemblement et nous les avons tous détruits en envoyant un troupeau de moutons chargés d'explosifs à travers leur campement.	Totiyaki mitambo ebele na mikama ya ba robo J-37 nabango ya sika  sima  ya milongo ya binemi na esika ya bosangani mpe tobebisaki  bango nyoso na kotinda  etonga   ya meme kotonda na ba explosifs nakati  kambi nabango.
Attendez une minute !	Zela miniti moko!
Arrêtez de m'énerver. Je suis occupé.	Botika ko silikisa ngai. Naza kipe.
À aucun moment nous n'avons rendu votre adresse électronique disponible à un autre utilisateur sans votre permission.	Ata tango moko te tosalaki  adresi nayo eletronike  polele na mosaleli mosusu  na bosenga nzela nayo te.
Faites votre devoir, et laissez faire aux dieux.	Bo sala bisengisi nabino, mpe bo tika bi zambi ba sala.
Ils le feront changer de conduite (ils lui changeront la marche).	 Ba kobongolisa ye  etambuisi (ba kobongolisa ye kotambola).
Au téléphone : « Eh bien, ma chérie, que fais-tu ? »	Na njombo  : « Eh malamu,  bolingo nangai, ozo zala nini? »
La balle pénétra sa poitrine, le laissant dans un état critique.	Bale ekoyingela ye na tolo , ekotika ye na état ya mabe.
Et moi qui me mêle de tout ! Ils vont tout de suite me dire: mange ton casse-croûte et tais toi. Mais, il n'est nulle  question de pain, ici ! Juste, de la gloire.	Sikoyo ngai namikotisi na makambu nyoso Bakoyebisa  ngai nyoso  sikoyo : lia bileyi nayo mpe fanda kimia. Kasi, eza lituna ya lipa te, awa! Kaka, ya lokumu.
Voici maintenant prête la carte des idées. Réfléchis maintenant à comment tu peux les assembler dans un certain ordre. Numérote-les et saisis-les dans l'ordinateur selon l'ordre trouvé.	Tala sikoyo bokokisi yandakisa ya mayele. Kanisa sikoyo na ndange nini okoki ko  sangisa bango  nakati ya mitindo moko. Tia ba chiffre mpe koma yango nakati ya odinatele nakolanda  mitindo ukutaki.
Oui, c'est Anthony.	boye, eza Anthony.
Hey, je t'ai pris une bière.	Hey, nasweli yo masanga.
Je ne connais aucun autre moyen de le faire.	Nayebi ndenge mosusu te ya kosala.
Pour fermer la boîte de dialogue vous devez cliquer sur le X en haut à droite de la fenêtre.	Mpo na kokanga saduku ya masolo esengeli bofina na X likolo ya loboko ya mobali  ya  lininisa.
Moins le blanc est intelligent, plus le noir lui paraît bête.	Mindele mike baza mayele, ba mwindo ebele ba basoba.
La chirurgie esthétique n'est pas prise en charge par la plupart des contrats d'assurance.	Bobongisi  ya poso ezwamaka  penza te na ndakisa   ya  kontra  ya assurance.
Comme l'a dit Lincoln à une nation bien plus divisée que la nôtre, nous ne sommes pas ennemis mais amis. Bien que la passion les ait éprouvés, elle ne doit pas briser nos liens d'affection.	Ndenge  Linconln lobaki na mboka moko ya kokabwana koleka ya biso, toza binemi te kasi baninga. Lokola  mawa ekomelaki bango, ekoki kobebisa te  bosangini ya bolingo nabiso.
Vous auriez dû apprendre à nager quand vous étiez jeunes.	 Esengelaki  boyekola kobeta mai tango bosalaki bilenge.
C'est un ancien copain de lycée.	Asa moninga ya kala ya kelasi.
T'es vraiment un mec génial.	Osa mobali moko malamu mpesa.
Bonsoir, la soirée est super, vous ne trouvez pas ?	Mbote, bokotani oyo eza malamu,boyebi yango
Dans l'image suivante, nous voyons un cliché aérien du quartier général de la société.	Nakati ya elilingi elandi , tomoni cliché likolo ya esika monene ya lingomba.
Je n'aurais jamais cru qu'il puisse faire une chose aussi horrible.	Nakokaki kondima te  ete akokaki  kosala eloko ya mabe boye.
Pourquoi on n'arrive pas à envoyer d'e-mail sur ta boîte aux lettres, c'est bizarre.	 Pona nini tozo koka te ko tinda ba mail na sanduku ya  mikanda nayo,  eza mistik.
Ne jetez aucun objet par la fenêtre.	Bobwaka eloko moko te na lininisa.
Un robot tueur est une arme autonome, qui peut choisir et attaquer des cibles sans intervention humaine.	Robo moko ya koboma eza mondoki yaye moko, nani akoki kopona mpe ko landela nsuka nabosangi ya lisungi ya moto.
Un flacon de shampooing coûte autant qu'un tube de dentifrice.	Molangi ya shampooing eza talo koleka  kisi ya minu.
À vos marques, prêts, partez !	Na bilembo, kotala, kende!
Elle lui cria de revenir, il ne s'arrêta pourtant pas, ni ne regarda en arrière, mais se sauva.	Abeleli ye azonga, atelemi kaka te, mpe atali na sima te,kasi a kimi.
Mon coeur ne se résout pas à t'oublier.	Motema nangai ezo ndima te kobosana yo.
Je reviens tout de suite.	Nazoya kaka sikoyo.
Le loyer moyen pour un appartement à Manhattan est d'environ 4 000 $ par mois.	kofutela  ndako moko na Manathattan eza nakati ya 4000 $na nsansa.
La nuit dernière j’ai fini de lire The Magic Mountain.	Butu eleki nasilisaki  kotanga  The Magic Mountain.
J'ai ouvert la porte et j'ai vu deux garçons debout l'un à côté de l'autre.	Nafongolaki porte mpe namoni mibali mibale yako telema moko  pene ya mosusu.
J'ai pensé qu'une promenade dans le parc pourrait soulager nos esprits de nos ennuis.	Nakanikaki ete kotambola nakati ya nzamba ekokaki ko kitisa milimo  ya binemi nabiso.
L'impression de liberté en matière de langue ressemble à celle en matière d'habillement : tout le monde est persuadé de suivre son propre style selon son libre arbitre, mais tout le monde porte la même chose en même temps.	kobanza ya limemia nakati ya monoko ekokani na oyo  ya  kolata : batu nyoso  balingi kolanda  style naye na bosomi , kasi batu nyoso balati ndenge moko na tango moko.
Ce serait cool que tu viennes.	Ekozala malamu oya.
Tu n'arrives pas à fermer cette valise parce que tu as mis trop de choses dedans.	Ozo koka  kokanga  sanduku oyo te mpo otiaki  biloko ebele nakati
Mlle Sato est la nouvelle secrétaire du président.	Mlle Sato aza mokomeli ya sika ya tata mokonzi.
La situation du logement ne montre aucun espoir d'amélioration.	Likambo ya ndako  ezo lakisa ata  elikia  te ya kobongisa.
Parlez à haute voix quand vous faites votre discours.	Loba na mongongo makasi tango ozo sala  discours nayo.
Ceci est un magnifique champ de lavande en France.	Oyo eza elenga moko ya kitoko ya Lavande na france.
Vous avez été si gentil avec moi, et j'ai passé un séjour très agréable. Merci beaucoup.	Ozalaki malamu mingi na ngai, mpe nalekisaki mikolo malamu. Matondi mingi.
« J'emmènerai mon chien pour que tu puisses faire sa connaissance. » « Quoi ?! Ne t'aventure pas à amener ce cabot ici ! »	« Nakoya na bwa nangi mpo ete  oyeba ye. » « nini ?! Komeka te komema  nyama wana awa ! »
Jack a passé six examens le mois dernier.	Jack alekisaki motoba ya momekano nzanza eleki.
Sors d'ici, tout de suite !	Bima awa, sikoyo!
C'est la première à main droite puis la seconde à main gauche.	Eza ya liboso na loboko ya mobali mpe ya mibale na loboko ya mwasi.
J'aime bien réaliser des tours de magie pour les gamins, mais ils tombent parfois à plat.	Nalingaka ko sala mingi  bongaga -nkisi po na bana, kasi esimbaka te.
La tempête qu'on redoutait n'est pas venue, mais le ciel est resté sombre et menaçant.	Ekumbaki tozalaki kobanga eyaki te, kasi mapata etikalaki moyinda mpe mabe.
Bonjour chéri, je reviens à la maison.	Mbote molingami, nazali kozonga na ndako.
Internet, téléphones portables ou numérisation... Quelles conséquences l'évolution technologique apporte-t-elle aux opinions, comportements et intérêts politiques des gens ?	Internet, telefone ya maboko to bisalelo misusu ya mikolo oyo... Mbeba nini bokei liboso ya bisaleli ya bato ezali komema na makanisi, bizaleli mpe makambo ya politiki ya bato ?
La vérité est pure, mais elle est douloureuse. Aucune personne égoïste saine d'esprit n'accepterait jamais les choses telles qu'elles sont. Ainsi va le masochisme inhérent à la «vérité».	Bosolo ezalaka mpeto, kasi esalaka mpasi. Ata moto moko te ya mopimi ya molimo mpembe akondima makambo motindo ezali. Boye nde minyokoli bato bamipesaka ntango ya boyebani nzoto mpo na bazwa esengo esalamaka kokokana na «bosolo».
Le pape a lu son message de Noël.	Papa atangaki nsango na ye mpo na eyenga ya mbotama ya Yesu Kristu.
Je ne pense pas qu'il existe une culture où le viol n'est pas considéré comme un crime très grave.	Nabanzi ete ezali na ebikeli moko te oyo bokamati basi na makasi emonanaka te lokola ekela ya bobuki mobeko.
L'une de ces routes amène à la station.	Moko ya nzela iye ekeyi kino na station.
Eh, écoutez ceci.	Eh, boyoka oyo.
Une fois lâché, un mot se répand partout.	Ntango elobami mbala moko, liloba epanzani bisika nyonso.
Au moment où Adèle se levait, elle aperçut à ses côtés James, qui tenait les yeux fixés sur elle. Le jeune homme détourna promptement la vue comme s'il avait été surpris en flagrant délit.	Na ntango Adèle alamukaki, amonaki James na mopanzi na ye, azalaki kotala ye. Elenge mobali alongolaki na lombangu elongi lokola nde bakangi ye na kati ya mbeba.
L'une des meilleures manières de nous aider est de traduire d'une langue étrangère que vous connaissez vers votre propre langue natale, ou la plus forte de vos langues.	Lolenge mosusu ya komisalisa biso na biso ezali ya kobalola lokota ya bapaya oyo boyebi na lokota na bino ya mboka, to lokota oyo eleki nkota nyonso ya bino na makasi.
Mon père n’a pas voulu que j’aille étudier aux États-Unis.	Tata na ngai alingaki nakenda kotanga na États-Unis te.
Blanc sur rouge, rien ne bouge. Rouge sur blanc, passe devant.	Mpembe likolo ya motane, eloko moko ekoningana te. Motane likolo ya mpembe, leka liboso.
Le lendemain de sa première sortie avec Nathan, Marie était dans la lune toute la journée. Elle n’était pas du tout attentive en classe et n’avait pas d’appétit.	Lobi oyo elandaki bokutani na ye ya yambo na Nathan, Marie azalaki na sanza mokolo mobimba. Azalaki kolandela makambo na kelasi te mpe azalaki ata na mposa ya koliya te.
J'ai essayé de lui expliquer que nous n'étions pas responsables de son erreur ; cependant, il a refusé d'écouter.	Namekaki kososolisa ye ete tozalaki na kati ya libunga na ye te ; kasi, aboyaki na ye koyoka.
Tu devrais nettoyer cette coupure tout de suite, tu ne voudrais pas avoir une infection !	Osengelaki kopetola mpota wana sikawa, osengeli ozwa mikolobe te !
Après le procès, ils ont libéré les prisonniers.	Nsima ya kosamba, babimisaki bakangami.
Martin Luther King Junior était le fils d'un pasteur noir.	Martin Luther King Junior azalaki mwana ya Pasteur ya lomposo mwindo.
Arrêtez d'être aussi attardées, bordel !	Tika kozongisa makanisi nsima, esika ya ekobo !
Le discours du Premier ministre était conçu pour mettre en colère les partis de l'opposition.	Lisikulu ya ministele ya yambo esalamaki mpo na kotombokisa mangomba ya batelemeli.
Je suis désolé, mais je ne suis pas celui que vous croyez.	Nayoki mawa, nazali oyo bozali kokanisa te.
Ces problèmes seront résolus dans un proche avenir.	Makambo oyo ekozwa biyano na mikolo mizali koya.
Enzo a disparu sans laisser de trace.	Enzo alimwaki atiki ata elembo te.
Quoi que le destin ait créé, le destin y mettra un terme.	Atako bomoyi ebandaki, yango nde ekosukisa.
Peux-tu m'expliquer pourquoi tu as refusé son offre ?	Okoki koyebisa ngai mpo na nini oboyi likabo na ye ?
Elle me disait que certains jours, elle en voulait à la terre entière.	Azalaki koloba na ngai ete mikolo misusu, aboyaki mokili mobimba.
Plusieurs jeunes disent se sentir abandonnés par la société.	Bilenge mingi balobaka ete bamimonko ete bato basundola bango.
Jean est brave en apparence, mais lâche en réalité.	Jean azali mobali ya bokasi na kotala ye, kasi na bosolo alemba.
Peut-être est-il temps, pour les athées, de commencer eux aussi à frapper aux portes, afin de répandre leur message de bonheur dans le monde.	Ntango mosusu ngonga ekoki, mpo na baye bandimaka Nzambe te, bango mpe babanda kobeta bikuke, mpo ete bakoka kopalanganisa nsango ya bomengo na mokili.
Tu peux chercher où tu voudras : tu ne trouveras pas une seconde mère.	Okoki koluka epai olingi: ekozwa mama ya mibale te.
Je pense que Jules n'a pas compris ce que tu disais.	Nabanzi ete Jules asosolaki makambo ozalaki koloba te.
Tu auras beau essayer, le résultat sera le même.	Okomeka mbala mingi, eyano ekozala kaka motindo moko.
Seul un esprit audacieux pourra résoudre cette énigme.	Bobele molimo ya bopikiliki nde ekoki kozwa eyano na lisese oyo.
Apparemment, ce n'est pas exact.	Nakotala, ezali solo te.
Je suis Charlie.	Ngai nde Charlie.
Tom refuse de recevoir des ordres de Anne.	Tom aboyi kozwa mitindo ya Anne.
Devinez qui d'autre a déménagé à Boston.	Meka kokanisa nani mosusu alongwi kovanda na Boston.
Allô, c'est Tom à l'appareil. J'aimerais parler à Ann.	Allô, ezali Tom. Nakosengela nasolola na Anne.
Comment se fait-il que ce gosse ait toujours triste mine et les larmes aux yeux ?	Ndenge nini mwana oyo azalaka ntango nyonso na mawa mpe pizoli na miso ?
Y a un flic qui s’amène !	Ezali soda moko azali koya !
Ils parlèrent doucement, pour ne pas réveiller le bébé.	Bazalaki kosolola malembe, mpo balamusa mwana te.
Au moment où je tenais le bébé dans mes bras, il commença à pleurer.	Ntango namemaki mwana,  abandaki kolela.
Ce boulot me tue.	Mosala oyo ezali koboma ngai.
Je réalisai alors que cette horrible cave était le seul endroit qui pouvait sauver nos vies.	Namonaki ete libulu oyo ya nsomo ezalaki esika se moko oyo ekokaki kobikisa bomoyi bwa biso.
Je ne suis pas flic. Je le promets.	Nazali soda te. Nalaki yango.
Nul n'est censé ignorer la loi.	Moko te asengeli kobunga mobeko.
On a déjà appelé les flics.	Basilaki kobengisa basoda.
Vous savez que vous n'êtes pas autorisé à vous trouver ici. Sortez !	Boyebi ete bopesami ndingisa te mpo na kozwama awa. Bobima !
Je jure, c'est une des meilleures choses que j'aie jamais mangée.	Nakati seleka, ezali moko ya biloko ya kitoko mingi oyo naliya naino te.
Il fut rétrogradé au rang de lieutenant.	Bozongisaki ye nsima na lopete ya lieutenant.
N'aie pas peur ! Si tu m'aides, tout ira bien.	Kobanga te ! Soki osungi ngai, nyonso ekotambola malamu.
Sur son visage, je vis un joyeux sourire.	Na elongi na ye, namonaki koseka ya esengo.
T'es un gamin bizarre.	Ozali mwana moko  ya kokamwa.
Je connais certains des garçons.	Nayebi bana mibali misusu.
Mike a appelé son chien Spike.	Mike abengaki mbwa na ye Spike.
Elle envoie des textos à son mec.	Azali kokomela makango na ye mwa nsango.
Il a été assez gentil pour m'offrir une boisson froide.	Azalaki na boboto mingi mpo na kopesa ngai masanga ya mpiyo.
Je pensais que vous pourriez vouloir que ceci vous soit rendu.	Nakanisaki ete okolinga bazongisela yo oyo.
Noah fut condamné à la prison à vie sans possibilité de libération conditionnelle.	Noah bakatelaki ye etumbu ete asala boloko bomoyi bwa ye mobimba  ata ndenge ya kotika ye mwa bonsomi ezali te.
J’ai tenté de leur serrer la main, mais j’ai senti que mon geste était incongru.	Namekaki kopesa bango mbote na loboko, kasi nayokaki ete likambo nasalaki ezalaki ya bobongi te.
Il nous faut connaître les détails de cet acte terrible.	Tosengeli koyeba manso ya mike ya likambo oyo ya nsomo.
À force de vouloir bouffer autant de viande, on n'a plus assez de terres à cultiver pour les faire bouffer.	Lokola tokomi kolinga koliya mosuni ya nyama mingi, tozali lisusu na mabele mingi te ya kolona mpo na koleisa bango.
Vous posez beaucoup de questions, hein.	Bozali kotuna mituna mingi, hein.
Frank Zappa était un musicien américain.	Frank Zappa azalaka alanga nzembo ya mboka America.
Je ne dirai aucun mot.	Nakoloba eloko moko te.
La réalité paraît différente de l'avenir auquel nous nous étions attendus.	Ebikeli ekeseni na oyo ekoya na maye tozalaki kozila.
C'est dingue de sortir par ce temps.	Ezali bolema kobima na ntango oyo.
On s'est débrouillé pour le récupérer sans qu'elle le sache.	Tobundakibundaki mpo na kokamata yango na ndenge ayeba yango te.
La grande majorité des élèves lycéens que je connais ne savent pas lire un mot qu'ils ignorent ni agencer les lettres dans le bon ordre, sans parler de prononcer le mot de façon correcte ou naturelle.	Mingi kati ya bayekoli baye nayebi bayebi kotanga ata liloba moko te oyo bayebi te to kotiya letele na molongo elongobani, kozanga ete bakoma na koloba liloba yango na motindo elongobani to ndenge ezalaka.
Kylia se fait un max de blé.	Julia azali kosangisa blé.
Je vais essayer, mais je te promets rien.	Nakomeka, kasi nalaki yo eloko te.
Après un bref discours, le maire prit quelques questions des journalistes.	Nsima na lisukulu ya bokuse, mokonzi ya engumba azwaki mwa mituna ya bapanzi nsango.
C'est une espèce en voie de disparition.	Ezali lolenge eye elingi kolimwa.
Je suis vraiment contente que tu sois là, Arthur. Merci, hein.	Nasepeli mingi na ndenge ozali wana, Arthur. Matondi, hein.
Je me suis sauvé sans rien dire puisque je ne voulais pas perdre notre amour.	Nakendaki ata koloba eloko moko te mpo nalingaki kobungisa bolingo na biso te.
Cordiales félicitations pour votre anniversaire, Monsieur Poppins.	Longonya mingi mpo na eyenga ya mbotama na yo, mwana mboka Poppins.
La saison des fêtes est ma période préférée de l'année.	Eleko ya biyenga nde eleko nalingaka mingi na kati ya mobu.
Le jeune homme riche et complaisant se sentait étrangement attiré par la stricte vie ascétique menée par les membres de quelques-uns des ordres monastiques.	Elenge mobali mozwi mpe ya komiyokisa esengo amiyokaki mopaya na bomoyi oyo ya kobika na komizangisa bisengo misusu oyo bandimi basusu ya molongo ya nsango bazalaki kobika.
Arthur a atteint le grade de colonel.	Arthur akomi na lopete ya colonel.
Essayer de le ramener serait imprudent.	Komeka kozongisa ye ekozala bozangi bokebi.
Le mari est dans le jardin, il est couché et dort sous un arbre.	Mobali azali na libanda, aminyolosi mpe alali na nse ya nzete.
Monsieur Savaron vient de battre complétement le célèbre avocat que nos adversaires étaient allés chercher à Paris.	Savaron awuti kolonga molobeli oyo ya lokumu oyo batelemeli na biso bakendaki koluka na Paris.
Ouais, je me sentais mal quand nous avons rompu, mais ça ne m'empêche pas de dormir.	Iyo, nazalaki komiyoka mabe ntango tokataki, kasi yango ezangisi ngai mpongi te.
Les questions confondirent le témoin.	Mituna mibulunginisaki motatoli.
Je dirais que le pire est passé.	Nakoloba ete ya mabe makasi eleki.
Vous me devez une excuse.	Bosengeli kosenga ngai bolimbisi.
Apparemment, aucun compromis n'est envisageable.	Nakomonana, ata boyokani moko ekoki kosalema te.
J'ai claqué tout mon fric en conneries.	Nasilisaki bozwi na ngai nyoso na makambo ya mpamba mpamba.
Je sus content que tu aies appelé.	Nasepeli ndenge obengi.
Hum...	Hum...
J'espère qu'elle verra cela.	Nalikye ete akomona yango.
Ethan dit que l'alerte était venue du laboratoire.	Ethan alobi ete elembo ya bokebi ewutaki na esika ya bolukiluki (labo).
Vous en avez assez de cette bande de racailles ? Eh bien on va vous en débarrasser.	Olembi na lisanga oyo ya bibosono ? Bongo bakolongolela biso yango.
Il gagne le double de mon salaire.	Azwaka lifuti na ngai mbala mibale.
Appelez ça comme vous voulez !	Benga yango lolenge olingi !
La taverne de l'Ours Gris, à ce que James m'assure, a depuis longtemps une réputation équivoque, et il s'est commis des crimes nombreux dans son voisinage.	Libulu ya mbwa ya zamba ya mpembe-moindo, na oyo James asosolisi ngai, ezalaka uta kala na lokumu ya polele te, mpe asalaki mbeba mingi na bazalani na ye.
Quand on joue à chat, celui qui est le chat doit courir après les autres joueurs pour en toucher un qui, à son tour, devient le chat.	Ntango ozali kosakana lokola nyawu, oyo azali nyawu esengeli akima nsima ya basakani basusu mpo asimba moko na bango, na ngala na ye, akoma nyawu.
Comme c'est souvent le cas, Henry n'était pas chez lui.	Lokola ezalaka ntango nyonso, Henry azalaki epai na ye te.
À Ankara, j'ai dit clairement que l'Amérique n'est pas - et ne sera jamais - en guerre avec l'Islam. Nous affronterons, cependant, sans cesse les extrémistes violents qui posent une grave menace à notre sécurité.	Na mboka Ankara, nalobaki polele ete America ezali te mpe ekozalaka te na bitumba na Islam. Tokobundisa, bongo, ngonga nyonso baye balekisi ndelo na kanza mpe bazali kotiya kilikili na nkimya ya biso.
Si cela ne vous dérange pas, je voudrais poser quelques questions à Théo.	Soki yango ekotungisa yo ye, nakosepela kotuna Théo mwa mituna.
Le visage de l'ennemi m'horrifie, car je vois combien il ressemble au mien.	Elongi ya monguna ezali kobangisa ngai, mpo nazali komona lokola ekokani boni na oyo ya ngai.
Ne dites pas de conneries !	Koloba bozoba te !
Je n'arrive pas à me rappeler quelles sucreries j'aimais lorsque j'étais enfant.	Nazali kokoma kokanisa lisusu te boko bisika bizalaki kosala sukali ntango nazalaki mwana.
Si tu veux m'épouser, tu dois te mettre à genoux et me donner une bague.	Soki olingi kobala ngai, osengeli kofukama na mabolongo mpe olatisa ngai lopete na mosapi.
En amour, qui doute accuse.	Na bolingo, oyo atiye ntembe azali kofunda.
Je suis Alex. Nous nous sommes rencontrés à l'hôtel la semaine dernière.	Nazali Alex. Tokutanaki na hotel mposo eleki.
C'est tout ce qui t'intéresse, hein ?	Nyoso oyo nde ezali kosepelisa yo, Hein?
N'aie pas peur de poser des questions.	Kobanga kotuna mituna te.
Saviez-vous qu'au Japon, si vous portez un tatouage, vous ne serez pas autorisé à vous baigner dans beaucoup des stations thermales ?	Boyebi ete na Japon, soki ozali na nzoloko na nzoto, okozala na ndingisa ya kosokola na bisika mingi te ?
Le consultant, placé sous l'autorité du Chancelier, a donné un avis au comité sur des questions importantes.	Mopesi toli, oyo atiyami na nse ya bokonzi ya mokonzi ya mboka, apesaki makanisi na komite likolo ya mituna ya ntina.
Es-tu capable de sauter par dessus une chaise à partir de la station debout ?	Ozali na makoki ya kopumbwa likolo ya kiti na ndenge ya kotelema ?
Le peuple aime les rois qui savent l'épargner - il estime encore plus ceux qui savent régner.	Bato balikanga bakonzi baye bayebi kobatela bango - bazalaka mpe na limemya epai ya baye bayebi kokonza.
Tant pis si tu t'inquiètes pour Jules.	Etali yo soki ozali komitunisa mpo na Jules.
Vous voulez un verre de soda ?	Olingi komela kopo ya soda ?
Est-ce que tu as regardé le match de foot à la télé ?	Otalaki lisano ya ndembo na etando eke ?
Êtes-vous sûre de vouloir aller jusqu'au bout ?	Ondimisami ya solo ete okokende kino na nsuka?
Aucun athée digne de ce nom n'essaiera de prouver que Dieu n'existe pas.	Ata moboyi Nzambe moko te ya lokumu akokoka kotalisa ete Nzambe azalaka te.
La confiance des innocents est le meilleur outil du menteur.	Boliki ya baye bayebi makambo te ezali nde esaleli ya malamu koleka ya bakosi.
Si Dieu nous a faits à son image, nous le lui avons bien rendu.	Soki Nzambe asalaki biso na elilingi na ye, biso tozongiselaki ye yango.
Thomas pourra t'expliquer tout cela en détail.	Thomas akolimbolela yo nyonso wana malamu.
Est-ce que le Roi Albert aurait une relation secrète avec la Princesse Diana ? Je ne crois pas. Il est trop gros.	Solo mpenza mokonzi Albert azali na boyokani na nkuku na mwasi mokonzi Diana ? Nandimi te. Azali monene mingi.
Elle engagea un détective privé pour surveiller son mari.	Azwaki na mosala monongi mpo na kokengela mobali na ye.
Nous devons nous assurer que vous êtes humain. Quelles sont les cinq premières lettres de votre adresse électronique ?	Tosengeli kondimisama solo ete bozali bato. Maloba mitano ya yambo ya adresse électronique (mail) na yo ezali nini ?
Ha ! Ha ! Ha ! Ha ! Pas de soucis ! J'ai eu l'audace de bluffer.	Ha ! Ha ! Ha ! Ha ! Likambo te ! Nazwaki mpiko ya kokosa.
J'espère que tous ceux qui liront ces informations sauront que l'entrepreneuriat n'est pas pour les faibles.	Nalikiye ete moto nyonso akotanga nsango oyo, akoyeba ete kobandisa mosala to mombongo ezali mpo na bagoyigoyi te.
On ne s'aime jamais comme dans les histoires, tout nus et pour toujours. S'aimer, c'est lutter constamment contre des milliers de forces cachées qui viennent de vous ou du monde.	Balinganaka te lokola na masolo, bolumbu mpe mpo na libela. Mpiko ezali kobunda ntango nyonso kotelemelaka nguya ya yo ibatama to iye izali koya na mokili.
J'attendais des bonnes nouvelles de leur part.	Nazalaki kozila nsango malamu kowuta epai ya bango.
J'aimerais qu'il y ait des filles sexy dans ma classe.	Nakolinga ete basi oyo ya bonsenga bazala na kelasi nangayi elongo.
Ne te serais-tu pas retrouvé en train de chercher des choses sur lesquelles il y avait écrit 20% en plus ?	Okozwama te ete ozali koluka boko makambo natina nayango basi bakoma 20% ?
Les Grecs inventèrent la virgule, non pour leur littérature mais pour leurs acteurs, pour les avertir de prendre une longue inspiration en préparation d'une longue phrase à venir ; une virgule représente donc une pause.	Bayela bango nde babimisaki virgule, moi n'a makomi nabango te kasi mpona basali masani nabango, mpona nako kebisa bango été bazwa kopemama mingi mpona liloba ya molayi ezali liboso; naboye virgule elongi koloba kopema.
Cette couverture soyeuse convient parfaitement aux bébés.	Couverture oyo ya pepele elongobani penza na babebe.
"Les États-Unis avaient besoin de l'organisation terroriste autoproclamée ""État islamique"" car c'était la plus grande organisation armée sur laquelle ils pouvaient compter pour faire tomber la Syrie définitivement dans le chaos."	"États-Unis ezalaki naposa ya losanga yaba terroriste baye bamibengaka""État Islamique"" mpo été ezalaki lisanga ya munene ya lipinga oyo akanisaki okoki kokwehisa mpo na libela Syrie na libebi."
Nick sait très bien parler portugais. C'est parce qu'il l'étudie depuis 5 ans.	Nick ayebi koloba portugais malamu mingi. Ezali mpo ete azali kotanga ezali mobu mitano.
J'ai déjà lu tous les livres d'Harry Potter.	Nasila kotanga mikanda nyoso ya Harry Potter.
Pendant les vacances d'été, j'allais jouer au foot avec des copains presque tous les soirs.	Natango ya eyenga ya tango ya moyi, nazalaki kokende kosakana na motope nabaninga toloba mpokwa nyoso.
Père disait que le plus important est que je vive.	Tata azalaka koloba ete ya motuya koleka ezali ete nazala nabomoyi.
Nous devons réfléchir ensemble à l'avenir de l'Europe.	Esengeli tokanisa elongo mpona lobi ya Europa.
Vous devriez examiner les faits d'un point de vue médical.	Esengeli botala malamu makambo nandenge ya kimunganga.
La théorie des jeux montre que ce que nous nommons «principes moraux» ne sont jamais que les éléments de la stratégie permettant au groupe d'optimiser sa survie. Les hommes aiment à travestir leur âpreté sous des oripeaux de charité.	"Makanisi ya masano ezali kotalisa ete totangaka ""moboko ya bomoto"" ezali kaka boko makambo ezali kopesa mpila mpona lobiko. Bato babombaka bizaleli na bongo ya mabe o nzela ya lisungi."
Bah on s'en fout.	Etali biso te.
J'espère que nous pourrons nous arranger pour venir à votre fête.	Nazali  na elikya ete tokobongama po toya na lipati na yo.
Chaque cellule du cerveau est un petit tiroir vide à la naissance. A la mort, quelques tiroirs sont pleins, beaucoup sont coincés, d'autres enflés, mais la plupart sont toujours vides.	Cellule nyonso ya bongo eza tiroir ya pamba tango tobotamaka. O tango ya liwa ba tiroirs mosusu ezalaka ya kotonda, mingi ezalaka ekandami makasi, misusu evimbi, kasi mbala mingi, mingi ezalaka ya pamba.
Un panneau STOP au Japon a trois côtés alors qu'aux États-Unis, les panneaux STOP en ont huit.	Elembo ya STOP na Japon ezali na bangambo misatu bongo na Amerique elombo yoko ya stop ezali na bangambo libwa.
Le suspect doit laisser tous ses effets personnels sur la table.	Mokangami esengeli atika biloko naye nyonso na mesa.
Le cambrioleur est rentré chez lui par effraction.	Moyibi akotaki epayi na ye na nzela elongobani te.
Le tueur a attrapé la machette alors qu'il s'approchait lentement de sa victime chancelante.	Mobomi abetaki  mopanga o tango azalaki koya pene ya moko abomaki na malembe penza.
Les soldats d'occupation sont autorisés par leur gouvernement raciste et colonialiste à tirer à balles réelles même contre des mineurs qui leur jettent des pierres.	Baye bamapinga bazwaki ndingisa epayi ya boyangeli na bango ya kotala loposo ya nzoto pe ya kinoko babetaki bato masasi ya solo ata bana ya mike baye bazalaki kobwakela bango mabanga.
Nous ne devrions avoir aucun souci.	Tosengeli kozala na mawa ata moke te.
Quand je suis arrivé à la maison, je me suis rendu compte que l'une de mes valises avait disparu.	O tango nakomaki na ndako, namonaki ete moko ya basanduku na ngai ebungaki.
Il faut remonter au Moyen Âge pour en retrouver l'origine.	Esengeli kozonga otango ya kala po yakoyeba ewuta wapi.
Continuez à chercher.	Koba koluka.
Je croyais que vous aviez dit que vous alliez être en vacances.	Nakanisi ete olobaki okokende bopemi.
Cela se voit sur son visage qu’il est joyeux.	Ezali komonana na elongi naye ete ezali na esengo.
Aucun d'entre nous ne put arriver au pont à temps.	Moko te okati ya biso akomaki na gbagba na ngonga.
Il a décidé peu de temps après son retour en France d’abandonner sa carrière comme économiste pour se dédier à sa vraie passion, l’écriture, en Espagne.	Azwaki mokano sima ya bozongi na France, kotika mosala mwaye bo moto atali makambo ya mbongo po yakolanda bolingo naye ya solo ya kokoma makambo ya Espagnole.
À vrai dire, il n'existe pas de radical, de préfixe, de suffixe ou de finale... en espéranto, seulement une unité lexicale employée comme radical, préfixe, suffixe ou finale.	Koloba bosolo, eloko moko te ezanga ndelo, to pe suka...Nazali na elikya ete liloba lyoko kaka ekoponama kati na ndelo, to pe suka.
Il va lui falloir deux heures pour venir à bout de cette tâche.	Esengeli ngonga mibale po te asilisa mosala azali na yango.
Une odeur d'ananas se dégage sous le soleil.	Solo ya ananasi ebimi na moyi.
Le bruit court qu'un grand roi, notre ennemi cruel, / Idomenée, a fui le trône paternel ; / qu' abandonnés des Grecs, les rivages de Crète / promettent aux Troyens une douce retraite.	Makekele ya mokonzi, monguna na biso ya mabe ebimi, koloba ete akimi bokonzi ya tata; /abwakisi ba Grecs, bibale ya ba Crete/ balakaki ba Troyens bopemi ya kimya.
Il l'emmène dans son bureau et ils se mettent à parler d'amour.	Amemi ye na bilo na ye pe basololi makambo etali bolingo.
Voulez-vous dire que vous ne trouvez pas cela bizarre ?	Olingi koloba ete ozali komona eloko ya mabe te?
Vous n'oubliez jamais d'envoyer un cadeau d'anniversaire à votre mère.	Obosana te kotinda libonza ya eyenga ya mbotama na mama na yo.
Je suis sur la piste de la solution. Je l'aurai bientôt.	 Nazali na nzela yakozwa eyano. Nakozwa yango kala te.
Les gendarmes lui ont passé les menottes.	Baye bamapinga bati ye minyororo.
Dis-moi tes secrets sans en laisser une miette.	Yebisa ba sekele na yo nyonso pe kobomba ata moke te.
C'est marrant avec les gens comme vous : vous ne voulez pas vous salir les mains.	Ezali pasi pe mawa na bato lokola yo : Olingi te maboko na yo ezwa bosoto.
Hé ! Regarde ce qu'elle a apporté !	He ! Tala eloko nini amemi!
La nuit où la victime avait été tuée était celle du 14 au 15 décembre 1999.	O mutu eye moto akweyaki na bamoko ya bayimi akufaki ezalaki ya le 14 pe le 15 décembre 1999.
"""Traduttore, traditore"" est une expression italienne qui veut dire ""Traduire, c'est trahir"", il est évident que la version est un art difficile."	"""Traduttore, traditore"" Ezali maloba o italien pe ndimbola na yango ezali ""kolimbola ezali kowangana"" emonisi ete version eye ezali pasi penza."
"""Il me sera difficile, messieurs, de profiter de vos aimables dispositions à mon égard, objecta Bolkonsky, en regardant à sa montre, car il est temps que je sorte."" ""Où allez-vous donc ?"" ""Je me rends chez l’Empereur."""	"Ekozala pasi bandeko, nasalela komipesa na bino na bolingo po na ngai, objecta Bolkonsky, nabotali ngonga, po te tango ekoki nabima. ""Ozali kokende wapi ?"" ""Nazali kokende epayi ya mokonzi."""
J'habite à 10 km de la mer.	Navandaka pene ya mayi na 10Km.
Fais confiance aux gens, mais n'accepte pas de bonbons des étrangers.	Ndimela bato, kasi kondima te mabonza ya bato oyebi te.
Nous nous disons juste bonjour bonsoir.	Topesanaka kaka mbote ya pamba.
Aurions-nous un monde plus paisible si la vie de tous serait forcément enregistrée par les autorités ? Est-ce que cela dissuaderait les criminels et éliminerait le crime ? Pourrions-nous enfin prendre des marches partout la nuit sans crainte ?	Tokozala na mokili ya kimya penza tango bomoyi na biso nyonso ekozala ekomami na makasi epayi ya bakonzi? Solo ekobongola bato ya mabe pe mabe? Tokotambola mokolo moko na butu na bobangi te?
Que feriez-vous si vous aviez, disons, dix mille dollars ?	Okosala nini soki ozali toloba na 10 millions de dollars?
La couleur turquoise évoque la couleur de l'eau claire, c'est un bleu clair et pâle.	Langi ya bule ya mapata elakisaka langi ya mayi ya peto, ezali bule ya bopeto pe pete.
Je veux toutes vous remercier pour du bon boulot.	Natondi banso botondi po na mosala malamu.
Depuis qu'on a emménagé dans nos nouveaux bureaux, il faut que je change trois fois de train pour venir travailler le matin.	Uto tokotaki na babilo eye ya sika, esengeli na yingela na baengunduka misatu po na koya mosala na tongo.
N'oubliez pas de couper le gaz avant de quitter la maison.	Kobosana te koboma moto yambo ya kolongwa ndako.
On croyait, en se fondant sur ce qu'on savait jusqu'alors, que les soins dentaires les plus anciens dataient du néolithique, d'il y a sept à neuf millénaires.	Tokanisaki ete kolikya na maye toyebaki uto kala na maye matali bopeto bwa mino, ewutaki na bato ya kala kala penza eleki bongo bileko sambo to pe libwa.
J'aurais dû ramener ma caméra.	Esengelaki namema masini na ngai ya bilili.
Tommy n'a pas su répondre à la dernière question.	Tommy ayanoli na motuna ya suka te.
Hé, ouvrez la porte.	Eh, Fungola ezibeli ya ndako.
Cet article contient certaines idées vraiment nouvelles.	Makomi oyo ezali solo na makambo ya sika.
Arrêtez ce foutu bruit sur le mur !	Tika makelele ya buzoba na efelo !
De nombreuses applications font chou blanc, bien qu'elles fonctionnent correctement de manière interne, car leurs interfaces graphiques ne sont pas pratiques, dissuadant aussitôt les utilisateurs.	Bisaleli mingi ya tekinologi emonanaka malamu penza pe esalaka malamu o kati, kasi bilembo na yango esalaka malamu pe esepelisaka basaleli na yango te.
Béni tombe amoureux de sa partenaire appelée France.	Béni akomi na bolingo na moninga naye France.
Je ne sais ce que vous voulez que je dise.	Nayebi te naloba lisusu nini.
""" Qu'as-tu fait de ton père appesanti par l'âge, / d'une épouse, d'un fils, entourés de carnage, / entourés d'ennemis, et qui, sans mon secours, / par la flamme ou le fer auraient fini leurs jours ? """	"Osalaka nini po na tata na yo na kimobange naye, / na mwasi naye, mwana naye, na mikakatano naye, banguna naye, pe soki ezalaki po na lisalisi na ngai te,  moto to libende elingaki esilisa mikolo na bango ? """
La gagnante de Miss Univers de l'année dernière est très haute.	Molongi ya momekano ya miss ya molongo mobimba ya mbula eleki azali moto penza.
La cloche sonne à midi.	Ngonga ebetaki na nzanga.
Désolé de ne pas avoir répondu plus tôt à votre message, j'étais occupé.	Limbisa ngai po te nayanolaki maloba na yo te, zambi nazalaki na mosala mingi penza.
C'est un chic type, assurément, mais pas très malin.	Azali malamu, bosolo ezali ete, azali mayele te.
On peut se sacrifier pour ses propres idées, mais pas pour la folie des autres.	Okoki kopesa bomoyi po na makanisi na yo moko, kasi po ya bozoba ya basusu te.
Johnny a planté des graines de pommier continuellement pendant 46 ans.	Johnny azalaki kolona bambuma ya pomme nabokobi mibu 46.
Alors Jésus se retourna et vit ceux qui le suivaient et leur dit : « Que cherchez-vous ? »	"Pe Yesu abaluki pe amoni baye bazalaki kolanda ye pe alobi na bango : ""Bozali koluka nini? »"
Si tu es Palestinien, tu peux être condamné à la détention administrative sans inculpation ni procès pour des périodes de six mois renouvelables indéfiniment, même si tu n'as rien fait.	Soki ozali moto ya Palestini, Okotiama minyororo na ndako ya bakendemi ata osali mabe te pe likambo na yo eleki na bajuges te po na sanza motoba pe sanza esusu motoba na ndelo te, ata osali eloko te.
Sami ne pourra pas prouver cet alibi.	Sami akokaki komonisa bosenga naye te.
Pile je gagne, face tu perds.	Liboso nalongi, sima okweyi.
Il ordonna « mourir il doit pas, laisser courir ! », cependant le scribe écrivit malheureusement « mourir il doit, pas laisser courir ! »	"Apesi mobeko ""Kokufa akoki te, kokima ! »,Yango wana bato ya mobeko ya kokamwa bakomaki ""Kokufa, akokufa, kasi akokima te ! »"
La saison de la chasse est ouverte.	Eleko ya bokila efungwami.
Les réseaux de neurones artificiels peuvent être utilisés pour comprendre les réseaux de neurones biologiques ou résoudre des problèmes d'intelligence artificielle, sans nécessairement créer des modèles de véritables systèmes biologiques.	Bitando ya neurones artificiels ekoki kosalisa na komanyola bitando ya neurones ya biologie to pe kozwa biyano na mayele esalami na bato, ata ekobimisa te maye mazali bosolo ya basystèmes ya biologie.
Elle écrit ses poèmes d'une belle écriture sur des petits papiers qu'elle suspend partout dans son appartement.	Akomaki bapoèmes na ye na ekomeli kitoko na bapapiers azalaki kotia bisika nyonso na ndako naye.
Les documents relatifs à cette période sont particulièrement rares, peut-être à cause d'une longue série de désastres naturelles qui ont frappé la capitale.	Mikanda ya eleko ena ezalaki mingi penza te, tango mosusu ezali po na mikakatano mingi ya mokili maye masalemaki na engumba ena.
La mère ne saurait être passée sous silence quand nous parlons des succès de ses filles.	Mama akoki kovanda kimya te tango tozali kolobela elonga ya bana naye ya basi.
Le procureur a commencé un procès criminel.	Mokambi ya bajuges abandi esambiselo ya moyibi.
Le shérif vous attend dans son bureau.	Mokonzi ya engumba azali kozela yo na bilo naye.
J'étais contente de voir mes vieilles amies.	Nasepelaki mingi komona baninga na ngai ya kala.
Il n'y a pas de femme au monde qui puisse résister aux soins assidus et à toutes les attentions d'un homme qui veut la rendre amoureuse.	Ezali na mwasi moko te na mokili oyo akolonga liboso ya bolamu pe masengenya ya mobali oyo alingi ye.
On se mate le dernier épisode de Game of Thrones ?	Tokotala épisode ya suka ya Game of Thrones?
Comme j'ignore quelles questions me seront posées, je devrai improviser lors de ma présentation.	Lokola nayebi te bakotuna nga nini, esengeli na bongisa yango otango ya komimonisa na ngai.
Daniel et Stéphane ont fermé leur valise.	Daniel pe Stéphane bakangi bisaka.
Ils ont continué à chanter jusqu'à l'arrivée d'une équipe de secours.	Bazalaki koyemba kino baye basalisaki bango bakomaki.
Il est de ton devoir de terminer ce boulot.	Ezali ya motuya po na yo kosilisa mosala moye.
Pour beaucoup de gens le métier de coordinateur académique est obscur, il est plus simple d'expliquer directement ce que l'on fait au quotidien.	Po ya bato mingi mosala ya kalaka ya kelasi eyebani malamu penza te, ezali malamu koyebisa na bato nini esalemaka mokolo na mokolo.
C'était quand la dernière fois que tu as amené ton chien au parc ?	Mbala ya suka omemaki mbwa na yo na parc ezalaki nini ?
Vous devez coordonner vos plans avec les miens.	Esengeli kobongisa mwango na yo na oyo ya ngai.
C'est difficile de soigner un bébé qui pleure.	Ezali pasi kosalisa mwana oyo azali kolela.
Je vais chercher Robert à l'aéroport.	Nakeyi na libanda ya ndeke koluka Robert.
La nuit dernière, je suis resté à la maison, pour pouvoir recevoir votre appel téléphonique.	Butu eleki navandaki na ndako kozela bobengi nayo na téléphone.
Il faut que tu m'appelles immédiatement.	Esengeli obenga ngai mbala moko.
Je veux un inventaire très précis cette année, il ne s'agit pas de noter des chiffres au petit bonheur, compris ?	Nalingi osala inventaire ya malamu penza mbula oyo, esengeli te kaka ba chiffres, oyoki?
Ça fait justement une semaine que je suis arrivé à New York.	Ekoki bongo poso uto nakomaki na New York.
Qualifier une parole de parole haineuse est un moyen de limiter la liberté d'expression par la pression sociale.	Koloba ete liloba oyo ezali liloba ya koyina ezali lolenge ya kokanga bosomi ya bolobi o nzela ya minyororo ya social.
Il y a trois jours, elle a vendu ses cheveux, les plus beaux que j'aie jamais vus.	Eleki bongo mikolo misato uto atekaki nsuki naye, nsuki kitoko namona nanu te.
Le ciel est trop ennuagé pour qu’on puisse observer les étoiles.	Mapata ezali na londende mingi pe komona minzoto ezali pasi.
J'irais décrocher la lune pour toi si tu me le demandais.	Nakokende kozwela yo sanza soki osengi ngai yango.
Cette île était gouvernée par la France à une certaine époque.	 île oyo ekambamaki na France na eleko mosusu.
N'hésitez pas à faire une pause quand vous voulez.	Okoki kopema soki olingi.
Plus de 90 pour cent des visites d'une page web trouvent leur origine dans les moteurs de recherche.	koleka 90 pour cent ya bapaya bayebaka bisika bawuta o nzela etando ya boluki.
Si tu demandais à ton banquier où il plaçait son argent, tu devrais aussi demander à ton dentiste d'ouvrir sa bouche pour que tu puisses regarder ses dents.	Soki otuni moto ya banki esika abombaka mbongo naye esengeli pe kotuna monganga ya mino afungola monoko otala mino naye.
Les agents de police portent des uniformes bleus.	Bapolicers balataka bilamba ya bule.
Enfant, j'ai passé plusieurs années en Indonésie et entendu l'appel de l'adhan à la pointe de l'aube et à la tombée du crépuscule.	Mwana, navandaki mibu mingi na Indonésie pe nayokaki bobengi ya adhan banda tongo ti pokwa.
Il y a de la majesté dans son style.	Ezali na bokonzi na lolenge naye.
Je ne le connais ni d'Ève, ni d'Adam.	Nayebi ye te ata na nzela ya Eva to pe Adamu.
J'ai oublié d'envoyer des cartes postales du nouvel an à mes amis.	Nabosani kotinda mikanda ya botombeli mbula ya sika na baninga ba ngai.
Il était carrément méchant, jamais content.	Azali penza moto ya nkanda, ata mokolo moko te azalaka na esengo.
En ce qui concerne les condoléances devant la sépulture ouverte, nous vous prions de vous abstenir.	Na maye matali maloba ya bobondi liboso lilita ya kofungama, tosengi na bino bomipima.
N'oubliez pas d'éteindre le gaz en sortant.	Kobosana te koboma moto yambo ya kobima.
Arrêtez d'être si gentille !	Tika kozala malamu !
Le souci prête une grande ombre aux petites choses.	Makanisi etiaka molili na biloko mike.
Je roule mes propres cigarettes.	Nazali kobongisa bacigarettes na ngai.
Combien de temps a vécu la civilisation maya ?	Mbula boni civilisation ya maya ewumelaki?
Boule de Suif est un personnage qui surprend et qui a des caractéristiques qui n'appartiennent pas spécifiquement à sa classe sociale.	Boule de Suif ezali bomoto oyo ezali na lolenge ya komwisa na bizaleli oyo ezali ya classe sociale naye te.
Et si tu t'y étais rendu et si elle ne s'y était pas trouvée et si en plus il avait plu ?	Soki okendaki, soki azalaki te pe soki mbula ebetaki?
Je vous offre ma gratitude en échange de votre gentillesse.	Natondi yo botondi po ya esengo nayo.
Ne bougez pas à moins que je ne vous le dise !	Koningana te soki nayebisi yo te.
Il me fout la chair de poule.	Esalaki ngai malili na nzoto.
Ne change pas ton projet à tout bout de champ !	Kobongola mwango nayo te kaka boye.
Les flammes l’éclairaient, il devait avoir vingt et un ans, très brun, joli homme, l’air fort malgré ses membres menus.	Milolo ya moto ezalaki kongenga, azalaki na mbula 21, pembe, mobali bozenga, makasi ata ete biteni naye ya nzoto bizali mike.
Le silence fut si profond qu’on entendit dans la cour le murmure des cochers, les coups de pied et les bruits que font les chevaux en demandant à revenir à l’écurie.	 Kimya ezalaki bozindo pe toyokaki makelele yo ba cochers, makolo pe makelele ya bapunda kosenga ete bazonga na bisika balalaka.
Dors à côté de moi, il fera bientôt jour.	Lala pene na ngai, tongo etikali moke etana.
Ne mens pas, chéri.	Kokosa te bolingo na ngai.
Marie Dmitrievna, surnommée «le terrible dragon», n'avait ni titre ni fortune.	"Maria Dmitrievna, oyo ayebanaki na kombo ya ""dragon mabe"", azalaki moto panza pe mobola."
L’enfance est un papillon qui se hâte de brûler ses blanches ailes aux flammes de la jeunesse.	 Bomwana ezali  lokila lipekapeka oyo akoluka  kobika bolenge na ye na lombangu.
Je retourne en fac.	Nazongi na fac.
C'est un acte de cruauté que d'enfermer un petit enfant dans sa chambre.	Ezali bonyama kokanga mwana moke na chambre na ye.
New York est accessible par le rail depuis Washington.	Okoki kokende na New York o nzela ya engunduka kobanda Washington.
Trente rayons forment le moyeu, mais le vide, entre eux réalisé, forme l'essence de la roue.	Ba rayons tuku misatu esalaka mokokoli, kasi bopamba kati na bango esalaka ete roue ezalaka oyo ezali.
La capacité à produire des paroles nouvelles est un attribut de tout langage naturel.	Bokasi ya kobimisa maloba ya sika ezali bolamu ya monoko pete.
Une suspension de l'exécution fut ordonnée in extremis.	Bolongoli ya bosali oyo esengelaki kosalama ezalaki ya nkokoso penza.
Car les requins, nous les vîmes non pas à l'unité, ni par dizaines, ni par centaines, mais par milliers et myriades. Croyez-moi, il y a davantage de requins dans la mer que de mortels sur terre.	Kasi barequins, tomonaki bango na bomoko te kasi o molongo ya zomi,  kasi  o molongo na nkama te, nkoto te pe millions te. Ndimela ngai, barequins na ebale bazali mingi koleka baye bakokufa na mokili.
Qu'est-ce que ton mari t'a offert pour ton anniversaire ?	Mobali nayo epasi yo nini na eyenga ya mbotama nayo?
Ne vous inquiétez pas. Vous pouvez me faire confiance.	Komitungisa te. Ndimela ngai.
Thomas garde toujours des câbles de démarrage dans le coffre de sa voiture.	Thomas akengelaka ntango nyonso nsinga ya kopelisela na kati ya motuka na ye.
Surtout, ne ramène pas ce type au bureau.	Mingi mpenza, komema moto oyo na bilo te.
Bien après avoir rejoint le FMI en septembre 1992, recommence alors une histoire de souveraineté violée, de politiques imposées et d’asservissement néocolonial.	Na nsima ya kokota na FMI na nsanza ya libwà mobu 1992, likambo moko ya bokambi kozipama ebandelami , ya politiki ya kotiyama na makasi na boyebisami na boumbu ya sika.
La famille Van Horn est riche.	Libota Van Horn ezali na makoki.
Sa vie a basculé le jour où son mari est parti sans prévenir.	Bomoyi na ye ebebaki mokolo mobali na ye akendaki na ndenge alakaki ye te.
Cette personne a eu un étrange sourire sur la figure pendant un instant. Que pensez-vous que cela cache ?	Moto oyo akomaki na esekelo moko ya kokamwisa na elongi na ye mpo na ngonga moke. Okanisi ezalaki kobomba nini ?
Arrêtez de vous inquiéter pour cela.	Tika komitungisa mpo na yango.
Je ne réponds pas aux questions stupides.	Nakoyanola na mituna ya bozoba te.
Ce serait sympa si je parlais dix langues.	Ekokaki kozala kitoko soki nalobaki minoko zomi.
Enchanté de faire votre connaissance.	Nasepeli koyeba yo.
J'aime bien taquiner les gosses.	Nalingaka mingi kosekisa bana.
Vous feriez mieux de vous coucher pour vous reposer un peu; cela vous ferait du bien, car vous n'avez pas dormi de la nuit.	Ekozala malamu olala mpo opema mwa moke; wana ekosala yo bolamu mingi mpo olalaki butu mobimba te.
Sa figure devint bleue à l'écoute des informations.	Elongi na ye ekomaki bule ntango ayokaki nsango.
J'ai bien un permis de conduire mais pas de pratique de la conduite, aussi je n'ai pas confiance en mes capacités en la matière. Prenons le train pour aller où que ce soit.	Ya solo nazali na monkanda ya kotambwisa motuka kasi na esaleli ya kotambwisa te, lisusu nazali na elikya na makoki na ngai na likambo yango te. Tozuwa engbunduka mpo na kokende bisika nyonso.
Il est roublard, il saura tirer les marrons du feu.	Azali mokosi, akoyeba kolongola bolamu na kati.
Si tu veux être élu, tu vas devoir soigner ton image.	Soki olingi oponama lisusu, ekosenga obongisa elilingi na yo.
Il a traversé une terrible épreuve.	Alekelaki momekano moko ya makasi.
Pourquoi l'amour est-il si compliqué ?	Mpo na nini bolingo ezalaka mpasi boye ?
J'ai le sentiment que vous aviez autre chose à l'esprit.	Nakanisi ete ozalaki na eloko mosusu na moto.
J'aime Kevin Nash.	Nalingaka Kevin Nash.
Il est impossible que tu puisses sauter à deux mètres de hauteur.	Ekoki te opimbwa metele mibale likolo.
Vous savez tous ce que je ressens pour Marika.	Boyebi bino nyonso oyo nazali koyoka na motema mpo na Marika.
Il dit. Un air plus frais favorise nos vœux. / On entrevoit le port ; et, voisin de la nue, / le temple de Pallas se découvre à la vue.	Alobi. Mopepe ya mpiyo makasi esalaka malamu na matombeli na biso. /Tozali komona libongo; mpe, na mpene ya oyo ya polele, / tempelo ya Pallas emonani na miso.
Hugo est fiancé à Ruth.	Hugo azali mobandemi ya Ruth.
Grace arborait un regard indigné.	Grace  atalaki ya esengo te.
Vous voulez voir quelque chose d'amusant ?	Olingi omona eloko ya kosepelisa ?
Anchise explique l'oracle, et persuade aux Troyens qu'il s'agit de l'île de Crète, d'où est sorti un des anciens fondateurs de Troie.	Anchise alimboli liloba ya nzambe (na eleko ya kala), mpe andimisi Ba Troyens ete ezali esanga ya Crète, esika euta moko ya bankoko bakela Troie.
On a enlevé ses dents de sagesse à Brian.	Balongolaki mino ya bwanya ya Brian.
Trois fois j'étends les bras, et comme une vapeur / trois fois a disparu le fantôme trompeur.	Mbala misato natandi maboko, mpe lokola mopepe/ mbala misato ebungaki elima ya mokosi.
San Francisco est sur la côte Ouest des États-Unis.	San Francisco ezali na mopanzi ya eloli ya Etats-Unis.
J'ai passé les plus beaux moments de ma vie chez mon grand-père.	Nalekisaki ngonga na ngai ya bomoi kitoko koleka nyonso epai na koko na ngai ya mobali.
Tu regardes tes belles images.	Ozali kotala bilili na yo ya kitoko.
Les verres à double foyer sont aussi appelés bifocales.	Maneti ya bitaleli mibale ebengamaka mpe bifocales.
Les parlementaires méritent l'immunité et un salaire afin de garantir leur indépendance.	Bantoma babongi na litomba mpe lifuti mpo na kopesa bango ndanga na bonsomi na bango.
Où est l'entrée des urgences?	Wapi ekoteli ya lombangu mpenza ?
Le concert était fantastique, mais maintenant j'ai une faim de loup.	Lisano ya miziki (konsele) ezalaki kitoko, kasi sikawa nazali na nzala makasi.
Nous commençons à être à court d'idées.	Tobandi kozanga makanisi.
La critique des relations est parfaitement légitime.	Botongi ya boyebani ezali na ntina mpenza.
"Corrige ton fils, il te donnera du repos. Et fera les délices de ta vie."""	"Lakisa mwana na yo malamu, akopesa yo bopemi. Mpe akosala esengo na bomoyi na yo."""
Leur baiser avait été découvert par Charlotte.	Mapwepwe na bango egundolamaki na Charlote.
Oubliez ! C'est trop risqué.	Bosana ! Ezali likama ya makasi.
Je n'ai pas pu écouter l'émission de radio jusqu'au bout.	Nayokaki lolaka ya ladio kino na nsuka te.
Après que huit mois eurent passés et que sa peine d'amour se fut évanouie, Georges recommença à sortir avec des filles.	Na nsima ya sanza mwambe koleka mpe mpasi na ye ya bolingo kosila, Georges  abandelaki lisusu kolingana na basi.
Essayer de la convaincre n'a aucun sens.	Komeka kondimisa ye ezali na litomba te.
Il y a des enterrements de première classe comme si on allait au Paradis par le chemin de fer.	Ezali na makundi ya ntalo ya kelasi ya yambo lokola moto azalaki kokende paradizo na nzela ya engunduka.
Tandis que Laban était allé tondre ses brebis, Rachel déroba les théraphim de son père.	Ntango Laban akendeki kokata nsuki ya bampate na ye, Rachel aibaki terafimi ya tata na ye.
Quand une femme a le choix entre l'amour et la richesse,elle recherche toujours le compromis.	Ntango mwasi azali kopona kati ya bolingo na mbongo, alukaka kaka  esika moko na kati kati.
Vous seriez arrivés un peu plus tôt, vous auriez pu la rencontrer.	Okomaka liboso mwa moke, mbele okutaki ye.
Ton silence est justement une accusation sonore.	Nkimya na yo ezali efundami ya makasi.
Je m'approchai d'elle en disant : « Hé, qu'est-ce qui se passe ici ? »	Napusanaki mpene na ye na koloba: « Hé, nini ezali koleka awa ? »
Je connais la procédure.	Nayebi esaleli.
Je crois que, si vous le voulez, vous pourrez obtenir de bons résultats.	Nalikye ete, soki olingi, okoki kozwa biyano ya malamu.
L'homme, blanc en Europe, noir en Afrique, jaune en Asie, et rouge en Amérique, n'est que le même homme teint de la couleur du climat.	Moto, mpembe na Mpoto, moindo na Afrika, mosaka na Aziya, mpe motane na Amerika, ezali kaka moto moko oyo atiama langi ya kilima.
J'espérais que vous pourriez aider.	Nazalaki kolikya ete okosunga.
Les douze signes du Zodiac sont : le bélier, le taureau, les gémeaux, le cancer, le lion, la vierge, la balance, le scorpion, le sagittaire, le capricorne, le verseau et les poissons.	Bilembo zomi na mibale ya Zodiake bizali: mpate-mobali, ngombe-mobali, mapasa, lingato, nkosi, ngondo, emekeli-kilo, nkotó, mobwaki makula(moto ya litimbo), mbisi-ntaba-mobali, mosopi-mayi mpe mbisi.
Il a tendance à siffler les belles dames qu'il voit dans la rue.	 Azalaka na mposa ya kobetele piololo ike na basi kitoko baye amoni na nzela.
Le journal d'aujourd'hui rapporte que le premier ministre a abandonné l'idée de visiter les États-Unis.	Zunale ya lelo elobi ete moyangeli ya yambo atikaki makanisi ya kokende kotala Etats-Unis.
Le même résultat on peut l'obtenir en faisant un calcul rapide et direct, du style de la physique.	Eyano moko bakoki kozwa na kosala mituya ya lombango na mpwasa, na ndakisa ya fiziki.
Selon des sources bien informées, ____ Ltd. se prépare à rejoindre la première section de la bourse de Tokyo.	Engebene na masolo ya solo, ____ Ltd. ezali komibongisa na kokota na eteni ya yambo ya misolo ya Tokyo.
Sois comme un promontoire contre lequel les flots viennent sans cesse se briser.	Zala lokola ngomba eye mbonge ikoyaka kobukana likolo na yango ntango nyonso.
Je suggère que vous fassiez votre boulot et me laissiez faire le mien.	Nasengi osala mosala na yo mpe tika ngai nasala oyo ya ngai.
Une stagiaire de l'armée avait été contrainte à la démission après avoir été filmée nue à son insu, alors qu'elle prenait sa douche.	Moyekoli-mwasi moko ya mapinga atindamaki na makasi atika mosola na nsima ya kozwa bolumbu na ye na bilili ntango ayebaki te, nzoka nde azalaki kosukola nzoto.
Je promets que j'appellerai.	Nalaki ete nakobenga.
Je descends dans une minute.	Nakokita nsima ya monuti moko.
Helen descendit à l'arrêt suivant.	Helen akitaka na etelemi oyo elandi.
Je lui confie mes secrets et il ne les répète à personne.	Nalobelaka ye sekele na ngai mpe ayebisaka yango na moto te.
Il n'a pas de flingue.	Azali na bondoki te.
Le vampire embrassa son cou avec passion.	Vampire apwepwaki kingo na ye na esengo makasi.
Vous devriez libérer ces animaux de leur cage.	Osengelaki ofungola nyama na ndako na bango.
Avez-vous vérifié la boîte à idées, aujourd'hui ?	Otalaki na linzanza ya makinisi, lelo ?
Le ministre prévoit de visiter le Mexique la semaine prochaine.	Ministele alengeli kokenda na Mexique na mposo ya nsima.
Rendons hommage à MoḥYa, afin de ne pas oublier, lui qui nous écoute peut-être, puisqu'il vit jusqu'à présent à travers ses paroles, pour l'éternité.	Topesa lokumu na MohYa, mpo na kobosana te, ye oyo azali koyoka biso, mpo azali kobika kino sikoyo na nzela ya maloba na ye, mpo na libela.
On a un besoin urgent de nouvelles idées.	Ezail na mposa ya lombangu makasi ya makanisi ya sika.
Manon m'a demandé s'il était possible que j'aie des préjugés vis-à-vis de Arthur. Cela m'a fait réfléchir et j'ai décidé d'écarter ces préjugés, qui existaient bel et bien.	Manon atunaki ngai soki nakokaki kozala na makanisi ya nsima mpo na Arthur. Yango etindaki ngai nakanisa mpe nazuaki meko ya kolongola makanisi wana ya nsima, mpo ezalaki ya solo.
Sans surprise, la plupart des contributeurs en lojban n'indiquent aucun pays d'origine dans leur profil.	Ya kokamwa te, bapesi misolo mingi na lojban bayebisaka ata soki moke te mboka ya bouti na bisika ya komilobela na bango.
Le palais de l'Élysée est un hôtel particulier situé au no 55, rue du Faubourg-Saint-Honoré à Paris.	Ndako enene ya Elysée ezali lotele ya moto moko ezali na motango 55, nzela ya Faubourg-Saint-Honoré na Paris.
J'espère que vous trouverez ce que vous cherchez.	Nalikye ete bokozwa oyo bozali koluka.
Selon Andy Warhol, chacun aura quinze minutes de renommée.	Engebene na Andy Warhol, moto moko akozwa minuti zomi na mitano ya koyebana.
Il est difficile d'interroger son âme et de reconnaître sa petite voix d'enfant au milieu des clameurs inutiles qui l'entourent.	Ezali makasi kotuna na molimo ya moto mpe koyebela mongongo na yo ya bomwana na kati ya makelele ezanga ntina oyo ezingeli yango.
Dan veut lancer sa propre station de radio.	Dan alingi abanda ndako na ye moko ya bopesi nsango.
Tu ne te rappelles rien ?	Okundoli eloko te ?
L'acte connu sous le nom de terrorisme, qui nous prive en un instant de tous nos précieux jours de paix et de bonheur, mérite d'être appelé ennemi de l'humanité tout entière.	Likambo eyebani na nkombo ya bopanzi nsomo, oyo epimelaka biso mikolo kitoko ya kimya mpe esengo na biso, esengeli ebangama monguna ya mokili mobimba.
Ne fous pas le chantier dans mes dossiers, ils sont tous classés avec précision.	Kokotisa mobulu na kati ya mikanda na ngai te, ebongisami na polele mpenza.
Je serais ravie de chanter pour toi.	Nakosepela koyemba mpo na yo.
Je ferai semblant de ne pas savoir et ça ira.	Nakosala lokola nayebi te mpe nyonso ekoleka malamu.
J'aimerai beaucoup apprendre à danser.	Nakozala na mposa makasi ya koyekola kobina.
Kim est de deux ans plus âgée que lui.	Kim alekeli ye na mbula mibale ya bokulutu.
Je ne le connais qu'en bleu de travail, mais à l'audience, il est apparu en costume-cravate. Je l'ai à peine reconnu.	Nayebi ye kaka na bilamba ya bule ya mosala, kasi na esambelo, abimelaki na kazaka na kalavati. Nayebaki ye lisusu kaka sika.
C'est ainsi que Pandark se perdit dans sa chambre et on ne le revit plus jamais. Certains disent qu'il est mort de faim, d'autres qu'il erre encore à la recherche de ses CDs.	Boye nde Pandark amibungisaka na suku na ye kino bamonaka ye lisusu te. Baike balobaka ete akufa na nzala, misusu ete azali kotambolatambola koluka ba CD na ye.
Si ce maudit perroquet n'arrête pas tout de suite de crier, je lui tords le cou.	Soki tshaku oyo elakelami mabe etiki koganga sikawa te, nakobuka ye nkingo.
De plus en plus de médecins ont commencé à utiliser les nouveaux médicaments.	Mingi na kati ya minganga bambandi kosalela nkisi ya sika.
Nous vivons une époque où les gens affichent publiquement leur orientation sexuelle mais sont disposés à faire un procès à quiconque en prend note.	Tozo bika ba tango wapi bato bazo lakisa na pwasa bizaleli na bango ya mposa ya nzoto kasi babongami ko landela moto nyoso oyo ako lobela yango.
Partout sur son chemin il enseignait l'amour, la patience, et par-dessus tout, la non-violence.	Bisika nyoso na nzela naye, ayekolisaki bolingo, koyika mpiko, mpe likolo na nyoso, botiki-mobulu.
Ce scotch ne colle pas.	Skotch oyo ezo zuwa te.
Il ne s’agit plus de créer une belle œuvre, il faut savoir s’organiser une belle réclame.	Eza lisusu mambi ya ko sala mosola kitoko te, eza sango ya ko sala boyebisi malamu.
Quelle que soit la vitesse à laquelle tu puisses courir, jamais tu ne rattraperas une moto.	Elandi te bombangu oyo okokima n'ango oko koka te ko zuwana na tukutuku oyo eza liboso.
L'optimisation globale, de quoi s'agit-il ? C'est un peu comme si je te donnais une paire de jumelles et te demandais de me trouver la montagne la plus haute du monde, en n'utilisant que tes yeux.	Bokolisi monene, eza nini? Eza lokola na pesaki yo ba talatala mpe na sengaki yo oluka ngomba ya molayi koleka bangomba nyoso ya mokili, na kosalela miso kaka.
Cela ressemble à une forêt enchantée.	Oyo eza lokola zamba ya bondoki.
Certains de ses articles les plus anciens restent tout à fait d'actualité.	Maike ya makomi na ye ya kala etikali na tina ata lelo.
Mais cette info est-elle vraie ?	Kasi makambo oyo eza ya solo?
Énée est lui-même trompé. Didon l’embrasse, le caresse comme le fils du prince Troyen; et peu à peu la passion de l’amour se glisse dans son âme.	Enée ye moko akosamaki. Didon apwepwe ye, asimbi ye lokola mwana ya mwana ya mokonzi ya ba Troyen; mpe moke moke moto ya bolingo ebandaki ko kotela ye na molimo.
Sherlock Holmes semblait ravi à l'idée de partager ses chambres avec moi.	Sherlock Holmes amonanaki lokola ya kosepela na makanisi ya ko kabola elongo nanga basuku naye.
Il devrait profiter au maximum de l'occasion pour étudier.	A sengelaki ko toka mingi ko uta eleko oyo.
Ce gars sans cœur essaie de toutes ses forces de me ruiner.	Masta oyo na motema mabe azobunda na makasi na ye nyoso mpo akwisa nga.
Le professeur de sport aligna les élèves en rang d'oignons le long du stade avant de faire l'appel.	Moyekolisi ya sport atiyaki bayekoli na mikoloto ya matungulu liboso ya kobanda kobenge.
Des gens innocents meurent sans qu'aucune issue favorable ne voie le jour.	Batu baza na mbeba te bazo kufa kasi ata eleko moko ya malonga etikali ko zuwama te.
Celui qui chasse deux lièvres à la fois n'en attrape aucun.	Oyo azo landela nsimbiliki mibale azuwaka azangaka nyonso.
""" Mais qui pouvait si loin attendre une patrie ? / Et qui croyait Cassandre en ces temps malheureux ? / Cédons aux lois du sort, obéissons aux dieux. """	"""Kasi nani akokaki na mosika boye ko zelela etenyi? / Mpe nani andimelaki Kasandra na ba tango wana ya pasi? /To mi tika na mobeko ya mbese, totosa ba nzambe. """
Je me sens beaucoup mieux maintenant que ma boîte de réception est vide, car cela veut dire que j'ai traité tous les problèmes importants.	Na mi yoki malamu sikoyo ndenge sanduku nanga ya mikanda ekomi polele, mpo ete elingi ko loba ete na kataki makambo nyonso ya tina.
Les Américains auraient répondu différemment des Japonais.	Bana ya Amerika bakokaki ko yanola na bokeseni na bana ya Japon.
Les fauteurs de trouble ont eu un an d'emprisonnement, au cours duquel ils ont eu le temps de réfléchir à leurs actes.	Bato batyaki mobulu bapesamaki mbula moko ya boloko, eye na kati bako zuwa tango ya ko kanisela bisaleli na bango.
Il a plu et la poussière a disparu.	Enokaki mbula mpe putulu esilaki.
Il a compris son exercice grâce à l’explication de son camarade.	A yokaki etinda na ye na nzela ya bolimboli ya moninga na ye.
Je voudrais visiter New York.	Na lingaki na koma na New York.
En comparaison avec ses problèmes, les nôtres ne sont rien.	Na kokanisa na makambo na ye, oyo ya biso eza eloko te.
Dernièrement, j'ai découvert que la comptable de notre société volait de l'argent dans la caisse. Je l'ai alors immédiatement convoquée en entretien.	Eleki tango molayi, na sosolaki ete moyangeli mambi ma ko tango mosolo ya etelo ya biso azalaki ko iba mbongo na sanduku. Na bengisaki ye kaka mayangani.
La force athlétique est un sport où les athlètes en compétition doivent soulever un poids maximum cumulé de trois épreuves de poids, la flexion des jambes, le développé-couché et le soulevé de terre.	Makasi ya atletike eza masano epayi wapi bato ba tombolaka kilo esangisami elongo ya mimekano misatu ya kilo, oyo ya makolo ya ko ngunzama, oyo  ya kosala na kolala na se mpe oyo ya kotombola kauta na mabélé.
Je suis allé faire une radio des dents ce matin, j'ai attendu 1 heure dans la salle d'attente !	Nakendeki ko sala radio ya mino na ntongo ya lelo, nazelaki ngonga moko nakati ya suku ya kozilela!
Oliver demanda à ses parents, Jules et Marguerite, d'où les enfants venaient.	Oliver atunaki na baboti naye, Jules na Marguerite, soki bisika wapi bana bautaka.
Ils allaient la tuer.	Ba kokaki ko boma ye.
Une vraie amitié est celle qui a vécu et survécu à des moments difficiles.	Boninga ya solo eza oyo elekela mpe elongâ bileko ya mpasi.
Une fois que vous commencez, vous devez poursuivre.	Kaka soki obandi, osengeli okoba.
Un œuf de poule se compose de coquille, de blanc et de jaune.	Liki ya soso esalemi na nkuba, mpêmbè mpe mosuku.
Vous me semblez familier. Est-ce que je vous connais ?	Eza lokola na yebi yo. Na yebi yo?
Quand j'étais adolescent, j'avais plein de cheveux sur la tête et aucun poil sur la poitrine. Maintenant, c'est juste le contraire.	Tango nazalaki nanu elenge, nazalaki na suki ebele na mutu mpe ata soko suki moko te na tolo. Sikoyo eza lolenge mosusu.
Bande de salauds !	Lisanga ya ba zoba!
Les paroles les plus tendres ont moins de prise sur les femmes que les bijoux silencieux.	Maloba ya sukali koleka nyoso eza na makasi moke likolo ya basi liboso ya ba biju ya talo oyo kutu efandake kimya.
Pourriez-vous, s'il vous plait, me dire quel est votre numéro de téléphone mobile ?	Okoki, na bondeli penza, kopesa nga nimero nayo ya telefone mobile?
Les forces d'occupation n'autorisent personne à quitter la ville, y compris les malades qui ont besoin de se faire traiter dans des hôpitaux spécialisés.	Mapinga ya okipasyo ba boyi moto abima na engumba monene, ata bakoni oyo baza na mposa ya landelama na mapitalo minene.
Comment se fait-il qu'il déteste Molly ?	Ndenge nini ekomaki ete ayina Molly?
L'irresponsabilité de Clara me rend dingue.	Kozanga mayele ya komeme yaye mikumba ya Clara azo silikisa nga makasi.
La mondialisation signifie-t-elle la disparition des putes de villages ?	Ko fongwama na mokili eligni koloba ko bunga ya bandumba ya mboka?
Tu as insinué à demi-mot que tu voulais que je t'invite à sortir.	Omekaki koloba na ndambo-ya-liloba ete olingaki na benga yo mpo to bima elongo.
Boule de Suif s'adresse aux personnages les plus proches d'elle.	Boule de Suif asololi na bato baza penepene na ye.
Ceux qui ne connaissent pas l’amour des mots doivent être incapables d’écrire de belles phrases.	Baye bayebi te bolingo ya maloba bakozala na makoki te ya ko koma mikoloto kitoko.
Andrew rencontre Linda à l'école.	Andru akutani na Linda na kelasi.
Son anniversaire tombe justement le même jour que le mien.	Mokolo ya mbotama na ye ekweyi kaka mokolo moko na oyo ya ngai.
Je ne saurais être plus clair.	Nakokaki te ko zala pwasa.
Je te préviens, je suis gravement malade !	Na kebisi yo, naza ya ko bela makasi!
Lorsque le chien n'a pas envie de chasser, il monte sur ses pattes arrière.	Tango imbwa aza na mposa ya ko sala bokila te, atelemaka na makolo naye ya sima.
Comme ils ne sont pas là ce week-end, ils m'ont filé les clefs de leur appart.	Lokola bazali wana na suka ya poso oyo, ba tikelaki nga fongola ya ndako na bango.
Un certain M. Brown est passé vous voir en votre absence.	Moto moko na nkombo ya M. Brawun alekaki ko tala tango ozalaki te.
Après le camouflet que lui a infligé Angela Merkel, François Hollande restera à jamais dans les mémoires comme le président le plus nul de l'histoire de la cinquième république.	Na sima ya ezipameli oyo atiyaki na ye Angela Merkel, François Hollande akotikala libela na mitu lokola mokonzi ya zoba koleka banso oyo ya repibliki ya mitano.
Tu as bon cœur, Leo. Reste toujours tel que tu es !	Oza na motema malamu, Leo. Tikala kaka ndenge ozali!
Il jouait un rôle important au comité.	Azalaki na esika ya motuya na boyangani.
Je ne suis certes pas née ici mais j'y ai passé toute ma prime enfance.	Na botamaki solo awa te kasi na lekisaki bomwana na nga nyoso awa.
Est-elle brune, blonde ou rousse? – Je l'ignore. Son nom? Je me souviens qu'il est doux et sonore come ceux des aimés que la Vie exila.	Aza ya na suki ya langi ya kawa, ya mosuku to ngolo? –Nayebi te. Nkombo na ye? Na gundoli ete eza elengi mpe ya mongongo lokola oyo elingamaka eye la Vie akimisa.
Avec la mort du président, les nouvelles décisions politiques devront attendre l'approbation du Gouvernement.	Na kufa ya mokonzi ya ekolo, bikateli misusu ya bokambi ekozela ko ndimama ya guvernema.
Lucas vit à Rome, il est italien.	Lukas abikaka na Rome, aza mwana ya mboka Itali.
Le Nouvel An est une date sensible dans le calendrier.	Mokolo ya Mbula ya Sika eza mokolo ya lolenge n'ango na manaka.
Il dit à toute occasion qui se présente quel type formidable il est.	Alobaki na eleko nyoso epesameli lolenge kani o' wana azali moto moko ya malonga penza.
C'est la raison pour laquelle le résultat de l'autorisation de recours aux soins infirmiers de premier niveau doit être en rapport avec la quantité de soins infirmiers nécessaires.	Eza tina pona eye ba mbuma ya kopesama nzela ya ko zuwa kosimbama na minganga ya etelo ya yambo esengeli ekende elongo na motango ya minganga oyo esengeli.
Peu importe que nous soyons proches ou non, je ne peux pas lui demander de faire cela.	Elandi te soski toza baninga to te, nakoki te ko senga ye asala bongo.
Je pense que Enzo voudra s'asseoir.	Na kanisi ete Enzo ako fanda.
J'aurais voulu que Raphaël puisse venir à mon concert.	Na tombaki mingi ete Rafael akoma na ngombi na nga ya nzembo.
Il faut que tu rentres tes informations personnelles pour acheter un billet.	Esengeli okotisa mambi ma tali yo na bomoko pona ko somba tiké.
Lire sans amour, connaître sans admiration, éduquer sans cœur comptent parmi les plus graves des péchés contre l'esprit.	Ko tanga kasi kozanga bolingo, ko yeba kasi ko zanga esengo, ko yekolisa kasi kozanga motema eza na kati ya masumu ya minene liboso ya molimo.
Il est ici pour chercher la bagarre.	Azali awa pona ko luka bitumba.
Avoir la foi au cœur est plus important que comprendre avec ton esprit.	Ko zala na kondima na motema eza na motuya mingi ko leka ko yokisama na kati ya tema na yo.
Le bien-être est lié à la confiance en soi.	Bozalisami malamu eza ya ko kangema na ko ndimisama ya moto o' kati ya ye moko.
Gabriel est un gars fascinant.	Gabriel aza moto moko kitoko.
Joe et Caroline s'occupent de notre chien.	Joe na Karolina bazo batela mbwa na biso.
Êtes-vous sûrs de ne pas vouloir attendre jusqu'à demain ?	Bo ndimisami ete bo lingi ko zela kino lobi te?
Qui ménage le sou, perd toute la poche.	Oyo azo batela mosolo ya ebende moko, a bungisaka libenga mobimba.
Le dernier numéro du magazine sortira lundi prochain.	Motango ya suka ya magazini eko bima mokolo ya yenga ezo ya.
Au nom du Père et du Fils et du Saint Esprit. Amen.	Na nkombo ya Tata na ya Mwana na Molimo Mosantu. Amen.
Vous pourriez paraître au cirque comme dresseur de lions.	Okaki ko ko monana na zolongano ya masano lokola mofandisi ya ba nkosi.
Je suis désolé, je dois prendre congé des invités, maintenant.	Na sengi bloimbisi, nasengeli ko tika ba byangami, sikoyo.
En musique comme en rhétorique, une pause est souvent utilisée pour créer un effet dramatique.	Na bolanga nzembo lokolo na boyebi ya liloba, ko kataka na ba ngonga esalemaka mpona ko tiya efet dramatike.
C'est moi qui t'ai pris pour Roy en te voyant pour la première fois.	Eza ngai nde na bungisaki yo na Roy na ko mona yo mbala ya liboso.
Les algériens détestent Israël car leur religion leur permet de tuer des juifs.	Bana ya Aljeri ba yinaka Izrael mpo mambi ma nzambe na bango ma pesi bango nzela ya ko boma ba yuda.
L'afflux de travailleurs étrangers a causé un sérieux problème de logement, dans cette zone.	Boyei ya basali mosala ya kouta mboka mopaya ebotaki mbeba monene ya kozwa bandako, na ekolo oyo.
Regarde, regarde ce requin qui nous a suivi toute la nuit - eh bien il ne fait qu'attendre que tu te mettes à l'eau pour t'avaler.	Tala, tala mbisi mbwa-ya-mbu oyo elandelaki biso butu mobimba -ya solo ezo zela kaka o' mitiya na mayi mpo e' mela yo.
En privant leur population de la vision stéréoscopique que donne la connaissance d’une langue étrangère, les États de langue anglaise s’enferment dans une mentalité qui empêche leurs citoyens de comprendre les sociétés différentes des leurs.	Na ko pima bato na bango na bomoni ya zolongano oyo epesalemaka na boyebi na lokota ya ekolo mosusu, bituka ya monoko ya kingereza e' mi  kangeli na ezalisi oyo e pekisi bato na yango ko yokela mpe ndimela bato ya bisika oyo ekeseni na bango.
Le besoin de voir de beaux acteurs jouer dans des histoires irréelles est une forme puérile de rejet de la réalité.	Mposa ya ko tala ba nzenga ya ba langa masano ko sakana na kati ya masapo ya bosolo te eza moko ya bizaleli ya ko bwakisa bosolo ya makambo.
Pour se délasser de leurs fatigues, ils s'asseyaient au fond du jardin sous une tonnelle de rosiers grimpants, et ils faisaient des projets. Projets de bonheur et de travail, d'amour et de retraite.	Pona ko longa ba bolembu na bango, ba mesanaka ko fanda na kati ya elanga na se ya bafololo ya loze ya ko mata, mpe ko kanisela biye bakokaki ko sala. Makanisi ya bolamu mpe ya mosala, ya bolingo mpe ya bopemi.
Tandis que des centaines de millions de personnes sont sortis de la faim et de la pauvreté ces dernières années, nombreux sont ceux en Occident qui le déplorent et vouent le capitalisme aux gémonies.	Na tango ba nkama nkose ya bato ba fongwamaki ko uta nzala na bobola ba mbula oyo euti ko leka, mingi eza bato oyo na Elozi na poto bazo sepela na yango te mpe ba teki kapitalizme na bisika ya etumbu.
Au secours, je m'appauvris ! Le taux d'intérêt sur mon livret d'épargne est plus bas que le taux d'inflation.	Bosalisi, nazo kweya na bobola! Motango ya bozwi na buku na nga ya ekonzo eza na se makasi koleka motango ya bomati talo.
La nièce ressemble à sa tante.	Mwana mwasi okakani na tata mwasi na ye.
Le succès de Barbara ne fait aucun doute.	Ko longa ya Barbara eza ya ntembe te.
Tu n'as pas besoin de me faire un dessin. J'ai pigé.	Oza na posa ya kosalela nga eteyelo te. Na yoki.
Elle a menacé de me tuer.	Abangisaki nga ete ako boma nga.
Ma mamie a parlé avec nostalgie des merveilleux jours de son enfance.	Koko na nga ya mwasi alobaki na kokanisa mikolo kitoko ya bomwana na ye.
Quel bon tireur !	Tala mobeti malamu!
Terry a été très heureux d'apprendre cette nouvelle.	Terry azalaki ya ko sepela mingi na yoka sango ena.
Les nouveaux meubles sont arrivés aujourd'hui.	Ba kiti na biloko misusu ya sika ekomaki lelo.
Sire, je n'ai pas eu besoin de cette hypothèse.	Sire, nazalaki na mposa ya likanisi ena te.
Rien ne ressemble plus à l'amour divin que l'amour sans espoir.	Eloko moko te ekokani mingi na bolingo ya bonzambe koleka bolingo ezanga elikya.
« C'est un passe-temps étrange qu'elle a, l'élève transférée. » « Elle est mignonne, donc je n'ai aucun problème. »	« Eza lisano ya ko kamwa oyo aza n'ango, moyekoli-mwasi ya sika. » « Aza nzenga, na yango naza na likambo te. »
Le figuier forme ses premiers fruits et les vignes en fleur exhalent leur parfum.	Nzete ya figi eboti bambuma n'ango ya yambo mpe nzete ya vinyo na tango ya fololo epesi solo ya malasi kitoko.
L'internet est à la Chine, ce que la soupape est à la cocotte-minute, ça permet de garder la pression tout en évitant que ça explose.	Enterneti eza pona Shina, eye supape eza pona cocotte-minite, ezo kengela makasi na ko batela ete epasuka te.
Timéo n'avait pas le temps de fêter sa victoire; car le prochain objectif attendait déjà.	Timéo azalaki na tango ya ko sepela te na elonga na ye; mpo eloko ya ko landa elazaki ko zela kaka wana.
Je ne suis pas venue parce que personne ne m'a invitée.	Na yaki te mpo moto moko abengisaki ngai te.
J'ai vu dans ma vie plusieurs édifices magnifiques, mais jamais aucun plus beau ni plus riche.	Na mona na bomoyi na nga bandako minene mingi ya malamu penza, kasi natikala komona ata moko te oyo eleki na kitoko to bozwui.
""" Chaste Vesta ! dit-il, sainte divinité ! / Sacrés bandeaux ! autels parés pour mon supplice ! / Fer que j'ai vu briller pour l'affreux sacrifice ! """	"""Ngondo Vesta! alobaki, mosantu nzambe! / Basinga engebene ! bitumbelo ebongisami pona mpasi na nga! /Felo na monaki ezo ngenga pona mbeka ya somo! """
L'Angleterre, c'est un pays extraordinaire. Tandis qu'en France nous donnons à nos rues des noms de victoires : Wagram, Austerlitz..., là-bas on leur colle des noms de défaites : Trafalgar Square, Waterloo Place.	Bongeleza, eza ekolo moko kitoko koleka. Na ntongo na ekolo ya Bofalansa tozo pesa na ba balabala na biso ba nkombo: Wagram, Austerlitz..., wana bazo pesa na yango ba nkombo ya ko pengwa : Trafalgar Square, Waterloo Place.
Je suis désolé, mais je ne peux pas répondre tout de suite.	Bolimbisi, na penza, kasi nakoki te ko yanola sikoyo te.
Il faut chercher à éliminer les inégalités sociales.	Esengeli ko luka ko silisa kozanga boyengebene na libota.
Vous feriez mieux d’allier votre carrière et votre vie privée.	Ekozala malamu osangisa mosala na yo na bomoyi na yo.
Je suggère que tu entames une thérapie comportementale afin de te guérir de ton obsession des virgules.	Na sengi o banda kolandela monganga wa mambi ma mutu mpona ko bikisa bokono nayo kokangama na bikatisi ya maloba.
Si vous étiez resté ici, vous vous seriez beaucoup amusé.	Soki otilaki awa, nde okokaki ko mi sepelisa makasi.
Nous nous sommes accordés sur des prix fixes pour une période de trois ans à compter de la signature du contrat.	To yokanaki na bantalo ya ko bongwana te na bambula misatu ko banda na mokolo ya ko kanga boyokani.
Si je ne meurs pas d'une crise cardiaque, je mourrais de rage.	Soki na kufi te na bosituki ya motema, nako kufa na liboma.
M. Parker tenta de manger avec des baguettes.	M. Parker amekaki ko lya na bitenyi ya nzete.
Ma sœur est assistante d'un professeur d'université.	Ndeko-mwasi na nga aza mosalisi ya moko molakisi ya eteyelo ya likolo.
Nous sommes dans le négatif ce mois-ci. Si nous ne commençons pas à dépenser moins le mois prochain, nos économies seront épuisées.	Tozali na bozangi na sanza oyo. Soki to kitisi te lomeko ya bisalelo kino sanza ezo ya, ba ekonzo na biso ekosila.
Nous sommes ici dans une ville civilisée, et, quel que soit mon désir de livrer ces malfaiteurs à la justice, je dois néanmoins m'opposer de tout mon pouvoir à tout acte illégal.	Tozali awa na engumba ya bayebi, mpe, elandi te na lomeko na nga ya kolinga ko funda basali mobulu wana na bosambisi, kasi esengeli na telemela na makoki na nga nyoso bisaleli nyoso oyo eza libanda ya mibeko.
Cambronne à Waterloo a enterré le premier empire dans un mot où est né le second.	Kambrone na Waterlu akundaki ampire ya yambo na kati liloba oyo ebotisaki oyo ya sika.
L'adaptation est le secret de la survie.	Ko mesana nde sekele ya tikala na bomoyi.
C'était une femme sauvage, étrange, qui habitait l'endroit comme une ombre, à la recherche de plantes, de racines et de petits animaux, afin de préparer des potions, des onguents, qui pouvaient guérir autant que faire mourir.	Ezalaki mwasi moko ya bizaleli ya zamba, ya kokamwisa, oyo azalaki ko bika lokola elili, na bolukiluki ya matiti, misisa mpe banyama mikemike, mpona ko lamba ba kisi, ba mafuta ya balsame, oyo ekokaki ko bikisa mpela moko na ko pesa ko wa.
L'économie nationale croît à pas de géant, ces dernières années.	Ekonomia ya ekolo ezo kola na matambe minene, bambula oyo.
Je saluais les officiers.	Na zalaki ko pesa mbote na ba nkumu.
Recule de quelques pas, s'il te plait.	Zonga matambe ike na sima, na bondeli.
Pour bien écrire, il faut sauter les idées intermédiaires, assez pour ne pas être ennuyeux; pas trop de peur de n'être pas entendu.	Pona ko komà malamu, esengeli ko tika makanisi ya kolekela, make mpona ko zala motungisi te; ko banga te ko yokama te.
Le film était bon comme on ne peut l'imaginer, j'aurais voulu que tu viennes avec nous.	Filme ezalaki kitoko koleka oyo to banzami, nokokaki ko sepela ete oya na biso.
La société a demandé à la banque de lui prêter de l'argent pour acheter de nouvelles machines.	Kompanyi esengaki na banki ekopa bango mbongo mpo ba somba ba masini ya sika.
Les Polonaises ne voulaient pas que Justin Bieber vienne en Pologne.	Poloné  ba lingaki te ete Justin Biber akoma na ekolo ya Polonye.
Ne me dites pas que vous ne savez pas nager !	Oyebisa nga te ete oyebi ko bete mayi te.
Les dieux d'une religion en déclin deviennent les démons d'une naissante.	Ba nzambe ya missa oyo ezo kweya ba bongwamaka ba demo ya mosusu ozo botama.
Quand je couche avec elle, j'ai l'impression de me taper une étoile de mer.	Tango nazo sibana na mwasi yango, nayokaka lokola nazo lala mwana ya mbu.
Le puissant séisme à Hokkaido a causé d'importants dégâts.	Botetemeki ya mabele ya Hokaido esalaki bobebisi mingi.
Sally m'a donné suffisamment d'informations.	Sally apesaki bansango ekoki.
J'aurai beau essayer, je ne serai jamais capable de le rattraper.	Na mekaki na makoki na nga nyoso, na ko zala na makoki ya kozuwa ye te.
Il lui fallait accepter son destin.	Esengelaki andima etinda na ye.
Elle fut obligée d'épouser le vieil homme.	Azalaki sengele ya ko balana na mobali wana ya mobange.
Espérons que Raphaël puisse réparer ça.	Tolikye ete Rafael ako bongisa yango.
Je lui passerai ce message dès qu'il arrivera.	Na lekisela ye nsango kaka tango akomi.
Un type appelé Ethan a dit qu'il te cherchait.	Mobali moko abengami Etan alobaki ete azalaki ko luka yo.
J'espère que cela marchera.	Na likye ete eko zala malamu.
C'est dommage, mais ton personnage se fait tuer au début de la pièce.	Eza mawa, kasi elili na yo abomamaka na ebandeli ya lisano.
Lord Carnarvon était un égyptologue amateur.	Kunzi Karnavon azalaki motangi ya mambi ma Ejipito ya kala.
Le programme télé semblait vraiment intéressant.	Lonaka ya televizion emonaki lokola ya ko sepelisa penza.
Nous avons appelé le restaurant pour qu'il vienne nous livrer à domicile.	To bengaki restorant mpo ete ba komisela biso biloko na ndako.
Pour recevoir votre remboursement, veuillez renvoyer l'article non déballé.	Pona ko yamba bozongisami-mbongo na yo, tinda eloko  kasi ezala ya ko fungwama nanu te.
Je suis un peu pressé par le temps, j'ai juste le temps de sortir aller acheter des dapings et des youtiaos.	Naza na kati ya mwa mbangu, naza kaka na tango ya ko bima ko somba ba daping na ba yutiao.
Chaque année, plusieurs de ces langues non écrites disparaissent sans laisser la moindre trace.	Mbula moko moko, minoko ye bikolo nzike oyo eza makomi te e ka  bungaka etikala ko tika elembo ata soki moke te.
Le hibou chasse les rats.	Ba sulungutu esalaka bokila ya ba mpuku.
Mme. Bruce fut la première femme pilote à voler de l'Angleterre au Japon.	Madam. Bruce azalaki mwasi-motambwisi-mpepo ya yambo ko pubwisa ko uta Bongeleza ti na Japon.
Partout où tu iras, tu seras bienvenue.	Bisika nyoso okokende, oko zala moyei malamu.
Désolé de déranger, mais ma voiture est en panne. Pourrais-tu m'aider ?	Bolimbisi na ko tungisa, kisi mutuka na nga eza na mbeba. Okoki ko salisa nga?
L'automne qui vient me pousse à me sentir triste.	Eleko ya otono oyo ezo ya etindi na tonda na mawa.
Si attaquer l'Ukraine est si légitime, pourquoi la Russie ne le fait-elle pas officiellement en déclarant ouvertement la guerre à son voisin ?	Soki ko bundisa Yukreni eza sembo, pona nini Rusiya ezo sala yango te na nzela malamu na ko kosakola liboso ya bato nyoso butumba na moninga naye ya penepene.
Si je n'étais pas régulièrement fouillé à l'aéroport pour la recherche d'armes, je n'aurais plus aucune vie sexuelle.	Soki nazalaki ko salama bolukiluki na libanda mpepo pona mambi ma minduki, nde natikala ko zala na bomoyi ko sibana lisusu te.
Joseph ! Ramène ta fraise !	Yozefu! Zongisa mbuma na yo!
Ces nouvelles l'ont rendu content.	Basango wana esalaki ye ya ko sepela.
La Bible ne connaît pas les bombes atomiques, les accidents de la circulation, les crises financières, la cybercriminalité, le vacarme des autos ni la pollution atmosphérique : oh ! Dieu ! quels temps paradisiaques !	Bibliya eyebi ba bombe atimike te, bikwelakwela ya mobembo te, makama ya lombongo te, bopesi-liwa na nzela ya interneti te, makelele ya mituka to bobebisani ya pepo te: o ! Nzambe! Batango nini oyo lokola ya paradiso!
Cœur sans amour toujours loyer demande.	Motema ezanga bolingo esengaka kaka ya ko futela.
Rien ne vaut un bon plateau de fromage accompagné d'un bon vin.	Eloko moko te eleki sani ya fromaze elongo na vino malamu.
Rien ne meurt sans qu'une créature le pleure.	Eloko moko te ekufaka etikali na ekelamu oyo eko lelela yango te.
Marcus est devenu l'usurpateur.	Markus akomaki moyibi mozuwi na makasi.
Il écoute toujours les nouvelles à la radio.	Ayokaka kaka basango na nzela ya radio.
T'as l'air d'un cinglé avec cette cravate jaune.	Oza lokola zoba na nkekele na yo wana ya mosuku.
Dans un récent article à propos des activités pour préserver la jeunesse de notre cerveau, ils mentionnent l'espéranto en même temps que le Sudoku, ce qui montre que l'espéranto commence à faire partie de la culture populaire.	Na artikle moko likolo ya misala mpona ko batela bolenge bwa tema na biso, ba lobelaki lokota ya esperanto mpela moko na lisano ya Sudoku, eloko oyo elakisi ete esperanto ebandi ko koto na mimesano ya bato ike.
La folie est relative. Ça dépend de qui a enfermé qui dans quelle cage.	Liboma elandanaka na bileko. Elandani na ete nani nde akangelaki nani na kati ya mwa-ndako ya nyama nini.
Bathilde était douée d’un esprit supérieur.	Batilde latisamaka na elimo ya monene.
J'espère vous voir la prochaine fois que je serai à New York.	Na likye ko mona yo lisusu tango nako koma na New York mbala.
Le beau papillon rend visite à la rose jaune et boit la rosée de ses pétales.	Mpomboli kitoko ekeyi ko tala fololo rosa ya mosuke mpe ameli lomande ya matiti na ye.
Ne vous approchez pas du champ de force de la ville !	Ko pusana te pene ya bisiki ya bozito ya engumba!
Tu as sorti ton pistolet et tu as tiré.	Obimiselaki monduku moke na yo mpe obetaki.
Si je vous ai trompée, ma douce, c'est tout au plus en ayant échangé quelques mots doux avec celles que mes yeux trouvaient jolies. Ma bouche était complice, mais mon cœur, lui, n'en savait rien.	Soki nakosaki yo, molingami na ngai, ezali koleka mingi nasololaki na maloba sukali na baye miso ma ngai mazalaki komona bonzenga. Monoko na ngai ezalaki na likambo, motema na ngai, yango, eyebaki eloko te.
Au début, je regardais juste les phrases françaises, mais avant que j'en prenne conscience, j'étais captivée par leur traduction.	Na ebandeli, natalaki kaka masakola ya falanse, kasi liboso nayeba yango malamu, nazalaki kokangama na bobongoli na yango.
Le verdict de culpabilité rendu par le jury a lancé un large débat.	Bokati likambo ya bazuzi ebendi ntembe ya monene.
Vous auriez dû rejeter une proposition aussi injuste.	Esengelaki obwaka likambo wana ya mabe.
L'an passé, il a beaucoup plu.	Mobu moleki, mbula enukaki mingi.
Je t'en moque. Qu'est-ce qu'il aurait fait, mon mari, s'il ne m'avait pas eue?	Nazali koseka yo. Alingaki asala nini, mobali na ngai, soki azwaki ngai te ?
Pour faire court, il a épousé son premier amour.	Mpo na kokata makambo na mokuse, abalaki bolingo (mwasi) na ye ya yambo.
Dodo, l'enfant do.	Mpongi, mwana alali.
Il a passé une heure dans la cabine téléphonique.	Asalaki ngonga moko na ndako ya ebengeli.
Quand on baise, on pense plus clair.	Ntango opwepwi, mabanzo  efungwami.
De ces armes couverts, sous un sinistre augure, / nous nous mêlons aux Grecs, et dans la nuit obscure / par une heureuse erreur nous triomphons d'abord. / Plus d'un guerrier d'Argos descend au sombre bord.	Na mandoki mabombami, na mikolo mikoya ya mawa, / tosangani na ba Grecs, na butu ya molili / na mbeba moko ya esengo tokolonga liboso. / Mobundi koleka moko ya Argos bakendangi na katikati ya molili.
Les deux victimes de la fusillade se trouvent en unité de soins intensifs dans un hôpital des environs.	Baimakama mibale ya minduki bazali na lopitalo ya zinga zinga.
Nous ferons notre annonce jeudi.	Tokopesa nsango na biso na mokolo ya minei.
J’imaginais mon avenir.	Nazalaki kokanisa makambo na ngai ya nsima.
Tatoeba désapprouve les soliloques : Tu ne reçois pas de courriel d'alerte quand tu commentes tes propres phrases. C'est dur la vie !	Tatoeba aboyi maloba ya moto oyo azali komilobela: Ozuaka ba couriel  ya bokebi te soki olimboli masakola na yo moko. Bomoyi ezali mpasi !
Ils seront attaqués s'ils expriment un point de vue original, donc ils ne prennent aucun risque.	Bakobundisama soki balobi likambo ya kala, yango bazozua likama ata moko te.
"Dès qu'elle voit Priam vainement furieux, / moins couvert qu'accablé d'une armure inutile : / "" Quelle aveugle fureur, quel courage stérile ! / lui crie Hécube en pleurs. Où courez-vous ? Hélas ! """	"Ntango amoni Priam na nkanda ya mpamba, / abombami na minduki ya mpamba : / ""Oyo nkanda ya mpamba, oyo mpiko ya mpamba ! / Hécule agangeli ye na kolela. Ozali kokima wapi ? Mawa ! """
Un léger frémissement agita ce magnifique visage et ce beau corps.	Mwa kolenga moke eningisaki elongi ya kitoko mpe nzoto kitoko.
Dans son for intérieur, il savait bien qu'elle mentait.	Na kati ya motema na ye, ayebaki ete azalaki kokosa.
Espèce de traître !	Moto ya songi-songi !
Les différents animaux ont commencé à dire : « Ouah, ouah ! » et « Miaou, miaou ! » et « Cocorico ! »	"Nyama ndenge na ndenge babandaki koloba: ""Ouah, ouah! ""mpe ""Miaou, miaou ! ""mpe ""Cocorico ! »"
Il a effacé son discours de la cassette.	Alongolaki lisukulu na ye na kasete.
En tant que première de sa classe, c'est elle qui prononça le discours de remise des diplômes.	Lokola moto wa yambo na kelasi na ye, ezali ye nde apesaki lisukulu ya bopesi mapolome.
Un homme qui cherchait à vous rencontrer est venu pendant que vous étiez sorti.	Moto oyo azalaki koluka bokutana ayaki awa ntango obimaki.
Katie lit un journal d'économie.	Katie azali kotanga lokasa ya bopanzi nsango ya ekonomi.
Pourquoi avez-vous peur de Derek ?	Mpo na nini ozali  kobanga Derek ?
À chaque fois que je tente d'apprendre par moi-même le C++, je me retrouve coincé avec les pointeurs.	Na ngonga oyo nameki koyekola ngai moko C++, nakangamaka na bateyi bilembo.
Nul ne peut échapper à son destin.	Moto moko akoki kokima lisengelo na ye te.
Je n'ai aucun appétit sexuel.	Nazali na mposa ya kosangisa nzoto ata moke te.
Le football est un sport excitant.	Lisano ya ndembo ezali lisano ya kolamusa nzoto.
Thomas a programmé l'enregistrement de son émission préférée sur son magnétoscope.	Thomas abongisaki linaka ya bokotisi  lolaka (émission) na ye alingakaka na kati ya magnétoscope.
Foutez le camp !	Bima awa !
Vous avez arrangé le garage en bureau.	Obongoli ebongiselo mituka (garage) ekomi bilo.
La frontière est mince entre affirmation de soi et agression.	Ndelo ezali moke kati ya bondimi ya moto ye moko na litumoli.
Si vous voulez être heureux, rendez quelqu'un d'autre heureux.	Soki olingi ozala na esengo, sala moto mosusu azala na esengo.
Nous exécuterons évidemment consciencieusement vos ordres, vous pouvez en être sûr, Amiral en Chef Aladin.	Mokonzi Aladin, tokosala ya solo malamu mitindo na yo nyoso opesi biso, okoki kozala na elikya.
Il boite, il marche avec des béquilles.	Azali kotengola, azali kotambola na mikutele (béquilles).
Ne vous coupez pas le doigt.	Kokata mosapi na yo te.
Les Indiens étaient prêts à se mettre sur le sentier de la guerre à la moindre provocation.	Baindien babongamaki na nzela ya bitumba soki batumoli bango.
Miéla se mit à pleurer quand son neveu est arrivé.	Miela abandaki kolela ntango mwana mobali ya ndeko na ye akomaki.
Eileen était une très bonne élève et elle a obtenu une bourse pour étudier à l'Université de Syracuse.	Eileen azalaki mwana kelasi ya mayele mpe azuwaki  mosolo (bourse) mpo na kotanga na université ya Syracuse.
Tous les animaux, sauf l'homme, savent que l'activité principale de la vie est d'en profiter.	Nyama nyoso, longola kaka moto, bayebi ete mosala eleki na bomoi  ezali kozwa litomba na yango.
Son activité commerciale à New York fut un grand succès.	Mosala na ye ya mombongu na New York ezalaki na nkonzo moko ya monene.
Le dîner vient de me remonter faire coucou.	Bileyi ya nzanga epesi ngai makasi.
A chaque fois que je vois le drapeau finlandais, je me rappelle du beau visage de Marika, blanc aux yeux bleus.	Ntango nyonso namonaka bendele ya Finlande, nakanisaka elongi kitoko ya Marika, mpembe na miso ya bule.
C'est à Arthur de sortir la poubelle.	Ezali Arthur moto akolongola fulu.
Tout ce que nous savons sur lui, c'est qu'il aime le fromage de chèvre. Je vous souhaite plein de succès dans votre travail, les gars !	Oyo nyoso toyebi epai na ye ezali ete alingaka fromage ya ntaba. Natombeli bino nkonzo mingi na mosala na bino, bana-mibali.
J'en parlerai avec Marty pour voir ce qu'il en pense.	Nakolobela yango na Marty  mpo nayeba oyo azali kokanisa.
Votre pouls est-il parfois trop rapide (plus de 120 pulsations par minute) ou trop lent (Moins de 35 pulsations par minute) ?	Motema na yo ebetaka ngonga mosusu mbango (likolo ya 120 ya bobeti na monuti) to malembe mingi (na nse ya 35 bobeti na monuti) ?
Ce qui est très étonnant, chez les Asiatiques, c'est qu'ils parlent davantage les langues européennes que les langues de leurs propres voisins.	Eloko ya kokamwa, epai ya bato ya Azia, ezali nde balobaka mingi minoko ya bato ya mpoto koleka minoko ya bato bazali mpembeni na bango.
"L'un des mythes fondateurs de cette idéologie colonialiste est un soi-disant ""droit de retour"" attribué par un dieu tribal à tous les membres de la ""tribu"" qui désirent coloniser cette terre et en chasser les habitants autochtones."	"Yoko ya lisapo ya likanisi ya kokonza bato basusu ezali  ya bokosi ""droit de retour"" oyo epesamaki na nzambe ya ekolo mpo na bato banso ya "" ekolo"" baye balingi kokonza mabele oyo mpe kobengana bankolo mabele."
Le gouverneur fut surpris de la réponse de la commission.	Mokonzi ya etuka (Gouverneur) akamwaki na eyano ya lisanga ya bato batindamaki basala mosala (commission).
Ca semble trop beau pour être vrai.	Ezali kitoko makasi mpo na kozala ya solo.
Il y a plus de fous que de sages, et dans le sage même, il y a plus de folie que de sagesse.	Bato ya liboma baleki bato ya mayele, mpe na moto ya mayele, liboma ezali mingi koleka mayele.
Ce n'est pas trop vous demander que d'arriver à l'heure en classe.	Ezali kosenga yo mingi te soki okomi na kelasi na ngonga.
La vie est une tragédie pour celui qui sent et une comédie pour celui qui pense.	Bomoi ezali likambo ya mawa mpo na moto oyo azali koyoka mpasi mpe lisekisi na moto oyo azali kokanisa.
""" Un accueil séducteur le retient chez Didon, / et je crains un asile accordé par Junon. / Sa haine vigilante et sa fureur active / dans de pareils moments ne sera point oisive. """	""" Boyambi ya masenginyi ekangi ye epai ya Didon, / mpe nabangi Junon apesa ebombamelo. Koyina na ye ya bokengi mpe nkanda na ye ya maksi / na ngonga ya boye ekozala mpamba te. """
Quiconque a volé l'argent devrait être interpellé, être obligé à le rembourser et aller en taule.	Moto nyoso oyo ayiba mbongo akombengama, mpe akozongisa yango mpe akokende na boloko.
Conservez une boîte de poudre à lever dans le réfrigérateur pour qu'il continue à sentir propre.	Bomba linzanza moko ya poudre na kati ya frigo mpo  ekoba kozala na solo kitoko.
Il n'existe pas de souffrance qu'un excellent repas ne puisse apaiser pendant une heure ou deux.	 Mabe ezalaka te na bilei ya malamu oyo ekoki  kokitisa motema te na ntango moko to mibale.
La guerre est simple : il s'agit de transformer un morceau de fer en morceau de viande.	Etumba ezali na yango mpete : esengeli kobongola eteni ya libende na eteni ya mosuni.
Je veux que vous sachiez combien je suis désolé.	Nalingi oyeba  ndenge nazali na mawa.
Tu mérites d'être heureuse.	Ebongi ozala na esengo.
Pensez-vous que vous voudriez jamais réfléchir à sortir avec moi ?	Okanisi ete okoKi  kolinga kokanisa  kobima na ngai te ?
Ayant des doutes quant à l'honnêteté de l'accusé, l'avis du jury semblait réservé.	Kozala na ntembe na ntina ya bosembo ya mofundami ,  likanisi ya  basambisi ezalaki ya  kobombama.
Hé les gars !	Hé bana-mibali !
Le match a été annulé en raison de la forte pluie.	Lisano ya ndembo ezalaki te mpo na mbula makasi.
Mercredi, je rencontre des clients.	Mokolo mwa misala misato , nakokutana na bakiliya.
Pourquoi cela leur prend-il tant de temps pour établir ma connexion Internet ?	Mpo na nini ezali kozwa bango ntango ebele mpo na kozongisa connexion ya internet ya ngai ?
La pluie ne montre aucun signe de répit.	Mbula ezali kolakisa ata elembo moko ya kopema te.
Tandis que certains disent que ça ne durera que quelques minutes, d'autres pressentent que ça peut durer des mois.	Ntango bato basusu bazali koloba ete ekoumela kaka mpo na minuti moke,  basusu bazali kokanisa ete ekoki koumela ba sanza.
J'ai rêvé que j'allais nue en classe.	Nalotaki ete nakendaki motakala na kelasi.
"""À l'avenir, je ne veux plus jamais te voir ivre. Est-ce que tu m'as compris ?"" - ""Oui, mais ça aurait largement suffi si l'un de vous deux me l'avait dit."""	"""Mikolo mikoya , nalingi komona  yo lisusu na milangwa te. Oyoki ngai ? ""- ""Iyo, kasi elingaki ezala malamu soki moko na bino mibale ayebisaki ngai."""
S'il vous plaît, avancez vers l'arrière du bus.	Bolimbisi, bokende na nsima ya bus.
J'ai failli être renversé par un camion aujourd'hui.	Balingaki batuta ngai lelo na kaminyo.
Les chats sont plus malins que tu ne penses.	Nyau ezalaka mayele mabe koleka oyo ozali kokanisa.
Frédéric Chopin a écrit sa première oeuvre à 7 ans.	Frédéric Chopin akomaki  mosala na ye ya ntoki ya liboso na mbula 7.
Tu auras la charge des bébés dans cette chambre.	Okozala na mosala ya bana na suku oyo .
Celle-ci est une espèce rare d'araignée qui ne vit que dans cette région.	Oyo ezali lolenge ya limpulututu emonanaka te oyo ezalaka kaka na esika oyo.
Mon pote n'aime pas les homos, il ne couche qu'avec des mecs hétéros.	Moninga na ngai alingaka  bangebu te, balalaka  kaka na mibali  ya hétéros.
Les méchants seront renversés et disparaîtront.	Bato mabe bakokweisama mpe bakolimwa.
Elle lui a posé quelques questions, mais il a refusé de répondre.	Atunaki ye  mwa mituna, kasi aboyaki koyanola.
Sur une page était noté une liste de numéros de téléphone.	Na lokasa moko bakomaki ba numero  ya telefone.
Hugo a récupéré plus vite que nous avions prévu.	Hugo azwaki noki mpenza koleka oyo tozalaki  kokanisa.
Marie fait toujours tout avec pudeur, mais c'est en fait une garce.	Marie asalaka kaka nyonso na bosoni , kasi  azalaka kindumba.
Je me suis couché à minuit et demi.	Nalalaki na katikati ya butu na ndambo.
Elle a fait une tarte aux pommes à son mari.	Asalaki  tarte ya  pome mpo na mobali na ye.
Le paradis n'est pas sur la terre, mais il y en a des morceaux. Il y a sur la terre un paradis brisé.	Paradizo ezali na mokili te, kasi ezali ya ndambo. Na mokili paradizo ya kobeba ezali.
Aspire au calme, mais au travers de l'équilibre et non pas par l'arrêt de ton activité.	Likya na nkimia, kasi na komilengela mpe na kotika mosala na yo te.
"La chèvre dit à ses petits: ""Allez chercher des pierres, nous en remplirons le ventre du loup pendant qu'il dort."""	"Ntaba alobi na  bana na ye: ""Bokende koluka mabanga, tokotondisa yango na lubumu ya mbwa ya zamba ntango akolala."
Je n'ai simplement pas voulu que vous pensiez que j'étais radin.	Nalingaki kaka te bokanisa ete nazalaki mopimi.
Il alla chercher fortune ailleurs.	Akendaki koluka mbomengo na bisika mosusu.
Hisser les formations professionnelles initiales par l'apprentissage et par la voie scolaire au rang de filières de promotion sociale, d'exigence et de haute qualité éducative.	Matisa masolo ya ebadeli na koyekola mpe na nzela ya kelasi na molongo ya  bolakisi  ya komatisa lingomba, na mitindo mpe lolenge ya kotangisa malamu.
Tout mortel au plaisir a dû son existence ; par lui le corps agit, le cœur sent, l'esprit pense.	Mowei nyonso ya esengo  azwaka bomoi na ye; na ye nzoto esali, motema  koyoka, molimo kokanisa.
Je suis venu vous demander pour votre vulve, et vous m'avez suivi pour mon pénis (poteau).	Nayaki kotuna  yo mpo na  nzoto na yo ya mwasi , mpe  olandaki ngai mpo na nzoto na ngai ya mobali ( likonzi ).
Attendez une minute.	Zela moniti moko.
Nous lisons tous deux la bible jour et nuit, mais vous lisez noir là où je lis blanc.	Tozali kotangaka  biso mibale bibiliya moyi mpe butu, kasi ozali kotanga mwindo esika  nazali kotanga mpembe .
Beth est une fille bizarre qui aime les serpents.	Beth azali  mwana mwasi moko ya bokamwi oyo alingaka nyoka.
Je n'arrive jamais à avoir Nina au bout du fil.	Nazali kokoka kozwa Nina na telefone te.
Je t'aime trop, mon amour, ma chérie !	Nalingi yo mingi, bolingo na ngai, bolingo na ngai.
La police n'a trouvé aucun indice.	Polisi akuti ata elembo moko te.
Le ministère de la Santé met en garde.	Ministele ya Bokolongonu akebisi.
Brad Pitt est un acteur.	Brad Pitt azali mosani.
Dites à ces gens de reculer, afin que l'hélicoptère puisse se poser.	Yebisa bato wana bazonga nsima, mpo elikoptere  ekoka kokita.
Nous savons désormais que le témoignage qu'il donna était contraint.	Toyebi sikoyo ete litatoli  apesaki ezalaki ya kotindika.
Elle répond à toutes les demandes de renseignements du lundi matin au mercredi après-midi.	Ayanoli na  masengi nyonso ya koyeba banda mokolo mwa mosala moko na ntongo kino mokolo mwa misala misato na nsima ya nzanga.
Hey, nous n'avons pas terminé.	Hey, tosilisaki naino te.
Nous disposons d'un mandat pour fouiller votre propriété.	Tozali na ndingisa mpo na koluka na kati ya ndako na bino.
Mener les poules pisser et les ramener sans boire!	Mema nsoso  basuba mpe zongisa bango kopesa bango mai te.
Elle n'a pas voulu qu'il meure.	Alingaki  akufa te.
Si chaque génération meurt et laisse des fantômes, le monde finira par en être surpeuplé.	Soki  kola (libota) nyonso ekufi mpe etiki bilima, mokili ekosila  kotonda na bato ebele.
Travaille bien, car sinon tu devras recommencer ce cours l'année prochaine.	Sala malamu,  mpo soki te okoki kobandela  mateya oyo na mbula ekoya.
L'amour est comme l'oxygène.	Bolingo ezali lokola mopepe.
Un jour donc, la timide Augustine, armée d’un courage surnaturel, monta en voiture, à deux heures après midi, pour essayer de pénétrer jusqu’au boudoir de la célèbre coquette.	Mokolo moko boye,  Augustinine ya nkimia, alati  mpiko ya bonzambe, amati  na motuka, na ngonga mibale ya mpokwa, mpo nakomeka  kokota kino na ndako ya monene ya kitoko.
Un certain M. West a appelé durant votre absence.	M. West moko abengaki ntango ozalaki te.
Les affaires appellent mon père à Sydney deux fois par an.	Mosala ezali kobenga tata na ngai na Sydney mbala mibale na mbula.
C'est un mec génial.	Azali mobali moko ya malamu.
L'enquête a conclu que l'agent de police n'avait rien fait de répréhensible.	Bolukiluki emonisi ete mosali ya polisi esalaki eloko ya mabe te.
Si tu ne petit-déjeunes pas, tu auras probablement faim au cours de la matinée et tu ne seras pas aussi efficace au travail que tu pourrais l'être.	Soki olie bileyi ya ntongo te, okozala ntang mosusu na nzala na moyi mpe okozala makasi na mosala  oyo okokaki kozala te.
Hé ! de quoi tu parles ?	Hé  ! Ozali kolobela nini  ?
À trop vouloir expliquer l'inexplicable, on finit par excuser l'inexcusable.	Nakolinga kolimbola oyo ekoki kolimbolama te, okosilisa kolimbisa oyo ekoki kolimbisama te.
La course n'était pas égale, car le gagnant avait une avance au départ de dix secondes.	Kokima ezalaki ndenge moko te,  mpo molongi azalaki  liboso na ebendeli ya segonde zomi.
"Marie dit, pensive : « Tu es totalement passé à côté d'un ""détail"" d'une certaine importance, Tom, à savoir : ma grossesse ! »"	Marie alobi, na makanisi  : « Olekaki mpene ya eloko moko ya motuya makasi , Tom, ya koyeba : zemi na ngai ! »
Prenez dans le frigo ce que vous voulez.	Bozua na frigo oyo bolingi.
Les services secrets de ce pays raciste et colonialistes ont mené d'innombrables assassinats et opérations terroristes pour déstabiliser les pays de la région.	Mosala ya sekele ya mboka na oyo etali bokeseni ya poso ya nzoto mpe ya baumbu  esalaki bobomi ebele mpe misala ya bobangisi bato mpo na koningisa  ekolo ya mboka ya etuka.
La maîtrise d'une seconde langue retarde certains problèmes de santé mentale pendant au moins cinq ans.	Koyeba monoko ya mibale ezongisaka nsima makambo  misusu ya bokolongono ya bongo na ngonga ya moke mbula mitano.
Aucun colorant, agent de conservation ou arôme artificiel.	Langi moko te, moto ya kobomba to mpe mpimbo  ya mindele.
Le métier de contrôleur aérien est un métier qui procure énormément de stress.	Mosala ya basinzili ya likolo ezali mosala moko oyo epesaka mitungisi.
Si Thomas découvre que je t'ai dit ceci, il me tuera.	Soki Thomas ayebi ete nayebisaki yo eloko oyo, akoboma ngai.
Ne lâchez pas ! Tenez bon !	Kotika te ! Simba makasi !
Aucun homme n'a reçu de la nature le droit de commander aux autres. La liberté est un présent du ciel.	Ata mobali moko te azuaki lolenge ya bosembo ya kopesa motindo na  basusu. Bonsomi ezali likabo ya lola.
Quand la vie te présente mille raisons de pleurer, montre-lui que tu as mille raisons pour sourire.	Ntango bomoi ezali kotalisa yo ba ntina ebele ya kolela, lakisa ye ete ozali na ntina ebele ya koseka.
Au début, dans la mythologie grecque, l'histoire de l'Europe était une histoire d'amour.	Na ebandeli, na kati ya lisapo ya grecque, lisapo ya Europa ezalaki lisapo ya bolingo.
Il vaudrait mieux envoyer chercher de l'aide.	Ekozala malamu kokende  koluka  lisungi.
Vous avez gagné son coeur.	Olongi motema na ye.
Attends-moi, je reviens tout de suite.	Salisa ngai, nazali kozonga lisusu kaka sikoyo.
Les vampires vivent éternellement.	Bilima babikaka ntango nyonso.
Kounosuke Sakazaki fait partie du groupe « The Alfee ».	Kounosuke Sakazaki azalaka na lisanga  « The Alfee  ».
Si jamais vous me touchez encore, je vous tuerai.	Soki osimbi ngai lisusu, nakoboma yo.
Mettez vos bottes en caoutchouc, sinon vous aurez les pieds mouillés !	Botia ba sapato ya ndembo, soki te  bokozala na makolo epoli.
Il semblerait que notre planète connaisse une période de réchauffement climatique.	Ekoki kosalema ete mokili na biso  ezala na ntango ya moyi makasi .
C'est tellement cool !	Ezali mpenza malamu.
Quelle foutue guimbarde !	 Oyo motuka ya mabe  !
Elle m'a offert un album comme cadeau d'anniversaire.	Akabelelaki ngai buku ya foto lokola libonza ya mokolo ya mbotama na ngai.
Les jeunes mariés sortent juste de l'église.	Balongani ya sika babimi sikoyo na ndako ya Nzambe.
C'est l'amour du travail qui a fait de Jack ce qu'il est.	Ezali bolingo ya mosala nde esalaki  Jack oyo azali.
Je crois qu'il est improbable que des extraterrestres comme ceux que nous voyons dans les films aient jamais visité notre planète.	Nakanisi ete ezali ya motuya  ete bilili lokola oyo tomonaka  na bafilme bitikala kokoma na mokili na biso te.
Je sors juste une minute.	Nazali kobima kaka monuti moko.
Énée, après avoir équipé une flotte de vingt vaisseaux construits du bois du mont Ida, près de la ville d'Antandre, s'embarque avec les compagnons de sa fuite, et va chercher quelque pays où il puisse établir une colonie.	Enée, nsima ya kotia biloko ntuku mibale ya masuwa  etongami na mabaya na ngomba ya Ida, mpene ya engumba  ya Antandre, ekeyi na baninga oyo bakimaki, mpe  akei koluka mboka mosusu esika  akoki kotia  lisanga ya bato.
Ça m'énerve d'avoir laissé passer l'occasion de la rencontrer.	Ezali kopesa ngai nkanda  ndenge nalekisaki libaku  ya kokutana na ye.
La diligence est prête de repartir.	Lombangu elingi  kobandela .
M. Spencer travaille dans un magasin.	M.Spencer asalaka na kati ya magazini.
Papa, voyons si tu peux soutenir mon regard plus longtemps que moi.	Tata, mona soki okoki  kotala  ntango molayi koleka ngai
Enzo emporte son ours Teddy partout où il va.	Enzo amemaka mbwa na ye ya zamba Teddy bisika nyonso akendaka.
La boîte contient 20 unités.	Linzanza ezali na biteni 20.
""" Reconnais à mon sort les célestes décrets. / C'en est fait ; du destin la volonté jalouse / ne t'a point pour compagne accordé ton épouse. """	""" Yeba na mokako na ngai maloba ya lola. / Esalemi ; na bomoyi mokano ya zuwa / ozali na mozalani na yo mwasi na yo. """
En matière de chauffage il existe une multitude de solutions : bois, solaire, gaz, électricité...	Na oyo etali moto ya kosala ezali ebele : nzete, mwese, mopepe, lotiliki...
Alors, dans ma furie, / je me voue à la mort... Que m'importait la vie ? / Quel espoir me restait dans ces moments d'effroi ?	Na boye, na nkanda na ngayi, / namikabi na liwa... Bomoyi ezali na ntina nini mpo na ngai ? / Elikya nini etikalaki mpo na ngai na ntango wana ya nsomo  ?
La nuit était brumeuse, et un mystérieux rayon de lune essayait d’en percer les ténèbres.	Butu ezalaki molili makasi, mpe mwa mpole ya sanza ezalaki komeka kokenga na molili.
Y a-t-il quelqu'un ici, dans la classe, qui a entendu parler de Norman Finkelstein ?	Moto azali awa, na kelasi, oyo ayoki koloba na ntina ya Norman Finkelstein ?
Tu es sure de ne rien vouloir manger ?	Olingi solo koliya eloko te ?
Le terrorisme est le plus important facteur de division d'un pays et de création de régions autonomes.	Bobangisi bato ezali likambo ya motuya mpo na kobabola mboka mpe ya bokeli binguma bizali na bonsomi.
Pouvez-vous me mettre un exemplaire de ce produit de côté ? Je viendrai le chercher après-demain en fin de matinée.	Okoki kobombela ngai mbuma moko ya mosala oyo mpembeni ? Nakoya koluka yango nsima ya lobi na nsuka ya ntongo.
Il s'occupe du bébé.	Azali kotala mwana.
Y vont vous arracher l'foie... me bouffer en croquettes et suçoter vos succulentes balloches ballottantes !	Bakokende kuna kolongola likundu ... koliya ngai ndambo ndambo mpe kofiba nzoto !
La langue, qui se mourait, ressuscite en une explosion magnifique de mots retrouvés et nouveaux qu’elle avait oubliés et qu’elle ne connaissait pas.	Nkota, oyo ezalaki kokufa, esekwi na maloba ya kokamwisa oyo ezongeli mpe ya sika maye ebosanaki mpe maye mayebaki te.
L'amour ne pardonne pas.	Bolingo elimbisaka te.
Le clair de lune s'est répandu partout.	Mpole ya sanza engengi bisika binso.
Toutes les femmes deviennent comme leurs mères - c'est leur tragédie. Aucun homme ne le fait. C'est la sienne.	Basi nyonso bakomaka lokala ba mama na bango - yango likambo ya mawa na bango. Mobali moko te asalaka yango. Ezali ya ye.
En Angleterre au Moyen Âge, des villes entières jouaient au football lors de certains jours fériés, parfois avec jusqu'à cinq cents joueurs en même temps.	Na Angleterre na Moyen Âge, bingumba binso bizalaki kosakana lisano ya motope mokolo ya mosala te, ntango mosusu kino basakani nkama mitano mbala moko.
Nous avons aujourd'hui un nouvel élève qui rejoint notre classe.	Lelo tozali na moyekoli ya sika na kelasi na biso.
J'obtiens une commission de trois pour cent sur tout ce que je vends.	Nazali na mbano ya 3 likolo ya monkama na nyonso nazali koteka.
Un nouveau moyen de communication fut développé : le chemin de fer.	Lolenge ya sika ya kosolola ekolisamaki: nzela ya engunduka.
Il a des idées bizarres.	Azali na makanisi ya bokamwisi.
Désolé d'être resté sans contact si longtemps.	Mawa lolenge tosololi te ntango molayi.
Quand je suis en voyage d'affaires avec mes collègues, on rigole beaucoup.	Ntango nazali na mobembo ya mombongo na baninga na ngai, tosekaka mingi.
« Vous n’êtes pas mariés, avec ta copine ? » « Bien sûr que si. » « Ah bon ? Je croyais que non. »	« Bobalani naino te, na mobandani na yo ? » « Iyo. » « Boye ? Nakanisaki te. »
Il est impossible de faire concevoir à un homme naturellement aveugle qu'il ne voit pas.	Ezali pasi kondimisa mutu ya lolanda uta bomwana ete amonaka te.
« Est-ce que vous me connaissez ? » « Non, je ne vous connais pas. »	« Oyebi ngayi ? » « Te, nayebi yo te. »
Les coins de ses lèvres montraient une teinte bleutée qui causait vraiment du souci à l'infirmière.	Nasuka ya mbebu naye bilembo ya bleu ezali mpe ezali kotungisa minganga.
Le cœur du cyclone va frapper le sud de la Floride de plein fouet.	Motema ya cyclone ekobeta ngele ya Floride.
Notre récompense se trouve dans l'effort, et non pas dans le résultat. Un effort total est une victoire complète.	Mbano nabiso ezali na mpiko, kasi maye ekobima te. Mpiko ezali mobimba ya elonga.
Je ne suis pas encore prête à m'engager dans une relation sérieuse.	Naino na silingwi te kokota na bolingo ya solosolo.
Il a enregistré une victoire en course automobile constamment assurée, la dixième de la saison.	Azwi elonga na course ya mituka, mbala ya mibale.
La fleur est courte, mais la joie qu’elle a donnée une minute n’est pas de ces choses qui ont commencement ou fin.	Fololo ezali mokuse, kasi esengo oyo epesi na minute moko eleki makambo bizangi ebandeli mpe suka.
La mode est à l'hygiène, les microbes en mènent de moins en moins large. Et la Société protectrice des animaux qui ne bouge pas !	Makambo ya mikolooyo ezali na bopeto, microbes bazali kopanzana malembe malembe. Mpe societe oyo ebatelaka ba nyama oyo ezali kotambola te !
La manière de toucher le piano comme s'il s'agissait d'un clavecin n'est pas étrangère à la tradition classique française.	lolenge oyo yako simba piano ekeseni te na lolenge ya ba Français.
Son mari est un membre du clan Oda.	Mobali naye azali moyi clan Oda.
Il te faut te calmer et reprendre tes esprits.	Esengeli ovanda nye mpe okitisa motema.
On croirait entendre ta mère.	Tozalaki kokanisa ete tozali kozela mama nayo.
Combien de temps dois-je attendre pour la livraison ?	Nasengeli kozela konga boni pona ekende?
Le feu qui semble éteint souvent dort sous la cendre ; qui l'ose réveiller peut s'en laisser surprendre.	Moto oyo emonanaka ete ebomami mbala mingi ezalaka nase ya putulu; moto nani okotumola yango akozwama.
Le voleur s'est enfui sans laisser aucune trace.	Moyibi akimaki kozanga kotinga ata elembo.
Ceux qui ont connu une fois l'ivresse du pouvoir et en ont retiré de quelconques émoluments, ne serait-ce que pour un an, ne peuvent jamais l'abandonner de bonne grâce.	Baye bayeba bilangwa ya bokonzi mpe bazwa biteninabango, ata bobele mpona mobu moko, bakoki atamoke te kotika yango na pete.
Il est resté coincé au boulot.	Akangami na mosala.
Ils ne croyaient pas nécessaire de fermer leur voiture à clé, mais quand ils sont revenus, leur voiture n'était plus là.	Babanzaki ete ezalaki na litomba te kokanga mituka nabango na fungola, kasi tango bazongaki, mituka nabango mizalaki lisusu wana te.
Arrêtez d'être aussi attardé, bordel !	Botika kozala sima, boni boye !
Ce livre est l'équivalent littéraire des bonbons Haribo : on veut juste en goûter un, et on finit par dévorer le paquet tout entier.	Buku oyo ekokani na bonbons Haribo: olingi bobele komeka moko, kasi osuki nakoliya paquet mobimba.
Il n'y a aucune fierté à tirer de la destruction de pratiquement toutes les nations indiennes d'Amérique du Nord.	Lipambu moko te ezali na bobebisi nye bikolo nyonso ya ba indi ya likolo ya America.
Il est midi passé, c'est l'heure d'aller casser la croûte. Je suis passé à la boulangerie tout à l'heure, et j'ai acheté un bon casse-croûte.	Tozali koleka zanga, ekomi tango yakokende kobuka libanga. Nalekanaki na boulangerie kala te, mpe nasombi lipa.
Croyez ce que vous voulez.	Bondima oyo bolingi.
Tu peux m'expliquer pourquoi tu as refusé leur offre ?	Okoki koyebisa ngayi mpona nini oboyi maye bapesi yo?
Mangez et buvez autant que vous le voulez.	Boliya mpe bomela ndenge bolingi.
Le plus érudit, le plus pervers.	Oyo atangi mingi, oyo abeba makasi.
J'ai gâché toute la matinée à vous attendre.	Nabebisi tongo mobimba nakozela yo.
Des restes humains furent trouvés au cours de l'excavation.	Biteni ya bato emonanaki na tango ya bolukiluki.
Le Premier Ministre a repris sa promesse.	Ministre ya yambo asongeli elaka naye.
Je croyais tout ce que tu disais.	Nazalaki kondima nyonso maye ozalaki koyebisa ngayi.
Passons un appel.	Tobenga.
Georges Wolinski était un des journalistes tués le 7 janvier 2015 dans les locaux du journal satirique français Charlie Hebdo.	Georges Wolinski azali moko yaba palanganisi sango oyo abomamaki mokolo ya sambo sanza ya yambo na mobu koto mibale na zomi na mitano na balocaux ya journal satirique français Charlie Hebdo.
Notre pari a porté ses fruits.	Pari nabiso efuti.
Allô, c'est Luca. J'aimerais parler à Ann.	Allô, eza Luca. Nalingi kosolola na Ann.
J'ai cru que tu aimais nager.	Nabanzaki ete olingaka ko nana.
Cette question revient à demander à un parent quel enfant il préfère.	Motuna oyo ezali kotuna moboti mwana nini alingaka mingi.
Elles vont devoir te rappeler de suite.	Bakobenga yo lisusu.
Le nom de cette chanson est « Only You ».	Kombo ya ndako oyo ezali « Only You ».
Mon père a offert ses services à une société de négoce bien connue.	Tata nangayi asalaki na société ya négoce oyo eyebani malamu.
Je dis souvent qu'un médecin génial tue davantage de monde qu'un général génial.	Nalobaka tango nyoso ete  monganga mabe abomaka koleka mokonzi mabe ya mapinga.
Alice Amos vient d'ailleurs d'intégrer le club très fermé de la Mensa, qui regroupe les surdoués de la planète.	Alice Amos awuti kutu kokota na club ya Mensa, oyo ezali lisanga ya batu nyonso ya maele makasi ya mokili mobimba.
Le gosse saigne du nez.	Mwana wana azo tanga makila na zolo.
La formation de l'opinion ne consiste pas à essayer de vaguement interpréter des écrits, dans des langues qu'on ne maîtrise pas.	Kopesa makanisi ezali kaka kolimbola makomi pamba te, nabakota oyo oyebi malamu te.
Muse, raconte-moi ces grands évènements. Dis pourquoi de Junon les fiers ressentiments, Poursuivant en tous lieux le malheureux Énée, Troublèrent si long-temps la haute destinée D’un prince magnanime, humain, religieux. Tant de fiel entre-t-il dans les âmes des dieux !	Muse, lobela ngayi makambu minene wana. Loba pona nini Junon mayoki ya lipambu, kolandaka tango nyoso mobola Énée, Ebulanganisaka mokonzi magnanime, moto, mosambeli. Mafuta mingi ekotaka na mitema yaba zambe !
Je me demande bien où j'ai pu ranger ce fichu maillot de bain !	Nazomituna esika nini natiye maillot de bain !
Marche doucement jusqu'à la porte.	Tambola malembe kino na molango.
Pour être exact, son discours contenait plusieurs fautes.	Pona kozala sembo, liloba naye ezalaki na mabunga mingi.
J'espère que je n'ai pas écrit de bêtises.	Nabanza ete nakomi buzob te.
Mathéo savait qu'il y avait peu de chances que Marie soit occupée.	Mathéo ayebaki ete konzo ezali muke mpona Marie azala na mutu.
Tous deux ont joué un rôle important dans l'histoire de l'Europe.	Bango mibale basalaki mingi na mambi maleka ya Europa.
« Michael » est un nom masculin, mais « Michelle » est un nom féminin.	« Michael » ezali kombo ya mibali, kasi« Michelle » ezali kombo yabasi.
Ce parc est ouvert au public et il est gratuit.	Parc efungwami pona batu nyoso mpe ezali ofele.
Salut, mon nom est Tina.	Mbote, kombo nangayi Tina.
Je vais passer la nuit au commissariat.	Nakolala na commissariat.
Qui a appelé les flics ?	Nani abengi ba flics?
Tu dois faire montre de respect à tes invités.	Esengeli ko memiya ba biangami nayo.
Le corps du serpent ressemble à un tuyau.	Nzoto ya nyoka ezali lokola tuyau.
Je jure par tous les saints que c’est ainsi que cela s’est passé.	Nalapi ndayi na kombo yabasantu nyoso bongo nde elekanaki.
Eh bien, j'ai adoré ça.	Na bongo, nalingaki yango.
Je pense que Mathéo est un gamin vraiment gentil.	Nabanza ete Mathéo azali mwana mobali malamu.
Mike et Tom sont dans la même classe.	Mike mpe Tom bazali na kelasi moko.
J'avais l'habitude de beaucoup regarder ce dessin animé quand j'étais enfant, mais je ne peux plus trop me rappeler ce qui est arrivé au héros dans l'ultime épisode.	Nazalaki na momesano yako tala dessin animé tango nazalaki mwana, kasi nakoki lisusu kokanisa te maye makomela bilombe na eteni mususu.
L'amour rend aveugle, le mariage rend la vue.	Bolingo epesaka lolanda, libala efongolaka miso.
S'il te plaît, envoie chercher de l'aide.	Nabondeli yo, kende koluka lisungi.
Il s'est tenu à l'écart de la vie publique.	Amitiye pembeni na bomoyi ya bato nyonso.
Désolé, mais tout cela s'est produit si soudainement que je n'ai pas encore pu me charger de la situation.	Natungisami, nyoso wana ekomaki penza na puwasa.
As-tu entendu parler de l'époque où Mathis avait tenté de tuer Marie ?	Oyokaki koloba natina ya eloko wapi  Mathis alukaki koboma Marie ?
Sami vivait dans un comté très rural.	Sami zalaki kovanda na mboka.
Salut, Thomas ! Je suis très content de te voir. Tu as une mine superbe !	Mbote, Thomas ! Nasepli mingi komona yo. Ozali nzoto kolongono !
Ah ben t'as pas de bol !	Ozali malamu !
N'attache de prix qu'aux trésors que tu pourras emporter avec toi dans le paradis.	Tiya motuya kaka na bomengo oyo okoki komema yango na paradiso
Ce n'est pas étonnant qu'ils aient refusé son offre.	Azali yakokamwa te ete baboyi oyo apesi bango.
Tu ne dois pas sortir après le diner.	Osengeli kobima te sima yakoliya.
Dans notre démocratie, la Loi Pour la Liberté de l'Information, qui encourage la responsabilité par la transparence, est l'expression la plus importante d'un engagement national profond à assurer un Gouvernement ouvert.	Na democratie na biso, Mobeko mpona Bonsomi ya ba sango, oyo ezali kopesa piko na bonsomi, ezali etalisi ya motuya mingi ya ekolo elobaki bokulaka moko polele.
Il a passé sa vie à rêver.	Alekisi bomoyi naye nakolota.
La prise micro, c'est la verte ou la rouge ?	Singa ya micro, ezali ya langi ya mayi ya pondu to ya ya motani?
Il serait rompu, si vous l'aviez laissé échapper.	Elingaki ekatana, soki otikaki yango.
La colombe au col noir roucoule sur les toits, et sur les flots dormants se répand une voix, une voix qui cadence une langue divine, et d'un accent si doux, que l'amour s'y devine.	Ebenga oyo azali na langi ya moyindo na kingo azali kolela likolo ya ndako, mpe mongongo moko ezali koyokana, mongongo ezali kobimisa lolaka ya bonzambe, mpe elobeli ya bopolo, lokola bolingo ekanisi.
Je me gardai bien de rompre avec cette femme si forte et si bonne comédienne, car je ne sais pas si le véritable amour donne d’aussi gracieuses jouissances qu’en prodigue une si savante tromperie.	Naboyaki kokabwana na mwasi oyo yamakasi mpe mosekisi, jambi nayebite soki bolingo ya solo epesaka mpe esengo makasi na lokuta ya bwanya.
Cet insecte est dégoûtant.	Lipumbeli oyo ezali mabe.
Je me rends compte que vous autres ne seraient pas ici si vous ne le deviez pas.	Nakomi nakomona ete bino misusu bolingaki kozala awa te soki esengelaki te.
