verse_key,ngc,fr
RUT.1.1,"Ta masu madaledjaka bilombe Isalɛlɛ, ndja edaka enɛnɛ ta ngondo. Na bea momi omɔti o ngando e Bɛtɛlɛmɛ, ta mokpɔtɔ mo Yuda, akɛkɛ bodikama ta eliki e Moaba: yo, mwali o nde, engbanga na bana ba nde bami babae.","Du temps des juges, il y eut une famine dans le pays. Un homme de Bethléhem de Juda partit, avec sa femme et ses deux fils, pour faire un séjour dans le pays de Moab."
RUT.1.2,"Kombe e momi omina edaka Elimelɛki, kombe e mwali o nde edaka Naomi ko kombe i bana ba nde babae bami idaka Maloni na Kilioni. Badaka bato ba itungu i Epalata, ta ngando e Bɛtɛlɛmɛ e mo kpɔtɔ mo Yuda. Bakɛkɛ ta eliki e Moaba ko badikamaka oho.","Le nom de cet homme était Élimélec, celui de sa femme Naomi, et ses deux fils sappelaient Machlon et Kiljon; ils étaient Éphratiens, de Bethléhem de Juda. Arrivés au pays de Moab, ils y fixèrent leur demeure."
RUT.1.3,"Na bea Elimelɛki, momi o Naomi, agwaka ena ko Naomi adikaka yo mɛnɛ na bana ba nde bami babae.","Élimélec, mari de Naomi, mourut, et elle resta avec ses deux fils."
RUT.1.4,Bana bami babae bimina baosɔkɔ baseka ba eliki e Moaba ; o boso kombe e nde edaka Olopa ko o babae Luta. Ngɔngɔ i bobo boyeyoa oho mbuti na bianga domi.,"Ils prirent des femmes Moabites, dont lune se nommait Orpa, et lautre Ruth, et ils habitèrent là environ dix ans."
RUT.1.5,Maloni na Kilioni bagwaka pongono. Naomi adikaka yo mɛnɛ: pɛ bana ko pɛ momi.,"Machlon et Kiljon moururent aussi tous les deux, et Naomi resta privée de ses deux fils et de son mari."
RUT.1.6,"Kumu Yawɛ aokeaka bato ba nde ndjokwa: abapaka mia ma boyaka. Ehole eokaka Naomi bea, asalingoaka bɛngi akine eliki e Moaba, ayane ta mokpɔtɔ mo Yuda, engbanga na bakio ba nde.","Puis elle se leva, elle et ses belles-filles, afin de quitter le pays de Moab, car elle apprit au pays de Moab que lÉternel avait visité son peuple et lui avait donné du pain."
RUT.1.7,"Engbanga na bakio ba nde bali, Naomi adongaka ta polo edaka yo ko ayanaka ta mokpɔtɔ mo Yuda.","Elle sortit du lieu quelle habitait, accompagnée de ses deux belles-filles, et elle se mit en route pour retourner dans le pays de Juda."
RUT.1.8,"Naomi abalaka na bakio ba nde: «Edɛdi yanani, moto na moto ta ndako e nange e nde. Kina boo Kumu Yawɛ aokɔmeni bopele elenge akɔ no na bia ibagwa ko na mbi mɛnɛ!.","Naomi dit alors à ses deux belles-filles: Allez, retournez chacune à la maison de sa mère! Que lÉternel use de bonté envers vous, comme vous lavez fait envers ceux qui sont morts et envers moi!."
RUT.1.9,"Kina boo Yawɛ apɛ omɔti na omɔti o bino bogo ta ndako e momi okina!» Abhimbaka bakio ba nde babae bɛngi agbɔte na bu, endolo bayeaka mɛnɛ.","Que lÉternel vous fasse trouver à chacune du repos dans la maison dun mari! Et elle les baisa. Elles élevèrent la voix, et pleurèrent;."
RUT.1.10,Babalaka na nde: «Ngasa! Lakɛke na wɛ engbanga adi pako e wɛ».,"et elles lui dirent: Non, nous irons avec toi vers ton peuple."
RUT.1.11,"Endolo Naomi abasɔmbedjaka: «Bana ba mbi bali, yanani ta ndako i bino! Tina ndani wakimanakanini? Okani, naboani naikina bobota bana bami baboani boasɔni?.","Naomi, dit: Retournez, mes filles! Pourquoi viendriez-vous avec moi? Ai-je encore dans mon sein des fils qui puissent devenir vos maris?."
RUT.1.12,"Bana ba mbi, yanani adi no. Tengasa naimei mobange mɛnɛ naboaniti bokɛ naikina moki. Nongo nakabala boo nadi oko na ngulu, nadi na ndingo boo nadi bobota ; na bea naimani na momi ta bulu bu ko ngɔngɔ naboti bana bami.","Retournez, mes filles, allez! Je suis trop vieille pour me remarier. Et quand je dirais: Jai de lespérance; quand cette nuit même je serais avec un mari, et que jenfanterais des fils."
RUT.1.13,"Ibea, wambakeni mbunoko bakandoe? Oboanitini bokɛni meki mikina? Ngasa, bana ba mbi bali! Ndjokwa e mbi enɔi ndjokwa e bino, tengasa ebɔ e Yawɛ ebenedjini mɛnɛ!».","attendriez-vous pour cela quils eussent grandi, refuseriez-vous pour cela de vous marier? Non, mes filles! Car à cause de vous je suis dans une grande affliction de ce que la main de lÉternel sest étendue contre moi."
RUT.1.14,"Ehole eokaka bo bea, bayeaka naikina na ngulu mɛnɛ. Bea Olopa abhimbaka bokio bo nde ko amopaka ndese esuka, endolo Luta alonaka bogbɔtɔ na nde.","Et elles élevèrent la voix, et pleurèrent encore. Orpa baisa sa belle-mère, mais Ruth sattacha à elle."
RUT.1.15,"Naomi abalaka na Luta: «Endja, mbanda e wɛ ayani adi bato ba nde ko adi ba ndjakomba ba nde. Wɛ pongono yana!».","Naomi dit à Ruth: Voici, ta belle-sœur est retournée vers son peuple et vers ses dieux; retourne, comme ta belle-sœur."
RUT.1.16,"Endolo Luta amosɔmbedjaka: «Pɛ bolindedjani nokine bɛngi na yane.Tengasa polo esusu akɛke wɛ, mbi nakɛke ; polo esusu adake wɛ, mbi nadake. Bato ba wɛ badake bato ba mbi ; ko Ndjakomba o wɛ adake Ndjakomba o mbi;.","Ruth répondit: Ne me presse pas de te laisser, de retourner loin de toi! Où tu iras jirai, où tu demeureras je demeurerai; ton peuple sera mon peuple, et ton Dieu sera mon Dieu;."
RUT.1.17,"oho agwake wɛ, mbi pongono nagwake; ko ena polo akundakenibo. Kina boo Yawɛ apɛni etumbo epipo emitida boo yogo elogbɔtodje!».","où tu mourras je mourrai, et jy serai enterrée. Que lÉternel me traite dans toute sa rigueur, si autre chose que la mort vient à me séparer de toi!."
RUT.1.18,"Ehole enɛkɛ Naomi boo Luta adaka oko atingi bokɛ na nde engbanga, akinaka bobala na nde.","Naomi, la voyant décidée à aller avec elle, cessa ses instances."
RUT.1.19,"Na tina emina, bakɛkɛ bo babae engbanga mbunoko baimeaka ta ngando e Bɛtɛlɛmɛ. Ehole eimeakabo ta Bɛtɛlɛmɛ, ngando e isusu eokaka ndjokwa tine bobo. Ko bali badaka bohɔdjɔ: «Iyo oko Naomi?».","Elles firent ensemble le voyage jusquà leur arrivée à Bethléhem. Et lorsquelles entrèrent dans Bethléhem, toute la ville fut émue à cause delles, et les femmes disaient: Est-ce là Naomi?."
RUT.1.20,"Naomi abalaka na bu: «Pɛ bobeanini naikina Naomi , endolo beanini Mala tengasa Ndjakomba o ngulu isusu aokedjini ndjokwa enɛnɛ.","Elle leur dit: Ne mappelez pas Naomi; appelez-moi Mara, car le Tout-Puissant ma remplie damertume."
RUT.1.21,"Nakɛkɛ mɔmɔ molumake, endolo Yawɛ ahuledjini mɔmɔ ngasa! Tina ebobeani naikina Naomi nda? Kumu Ndjakomba o ngulu isusu aokedjini ndjokwa.».","Jétais dans labondance à mon départ, et lÉternel me ramène les mains vides. Pourquoi mappelleriez-vous Naomi, après que lÉternel sest prononcé contre moi, et que le Tout-Puissant ma affligée?."
RUT.1.22,"Edaka mondumba moyanaka Naomi ta mokpɔtɔ mo Yuda, donga ta eliki e Moaba engbanga na Luta, moto o Moaba, bokio bo nde mwali. Baimeaka ta ngando e Bɛtɛlɛmɛ, ta ehole ekabuke bo mbuma i ɔlɔge.","Ainsi revinrent du pays de Moab Naomi et sa belle-fille, Ruth la Moabite. Elles arrivèrent à Bethléhem au commencement de la moisson des orges."
RUT.2.1,"Naomi adaka na moto omɔti ta pako e muma nde, yona odaka o itungu i Elimelɛki. Adaka modieli mɛnɛ kombe e nde Boadji.","Naomi avait un parent de son mari. Cétait un homme puissant et riche, de la famille dÉlimélec, et qui se nommait Boaz."
RUT.2.2,"Luta, moto o Moaba, abalaka na Naomi: «Pani enɔi e bokɛ ta gbie, tine boandoa mingbɔndu mi mbuma i bule, imia madumbaka babukeli. Nadake ngɔngɔ i moto okeakeni mongandi.» Naomi abalaka na nde: «Kɛ mwana o mbi mwali.».","Ruth la Moabite dit à Naomi: Laisse-moi, je te prie, aller glaner des épis dans le champ de celui aux yeux duquel je trouverai grâce. Elle lui répondit: Va, ma fille."
RUT.2.3,"Luta akɛkɛ ko abangaka boandoa mbuma i bule ta gbie, ngɔngɔ i babukeli. Asakanaka na ibaku ipele, tengasa adua asipoa boo adaka bosala ta gbie e Boadji, moto o pako e Elimelɛki.","Elle alla glaner dans un champ, derrière les moissonneurs. Et il se trouva par hasard que la pièce de terre appartenait à Boaz, qui était de la famille dÉlimélec."
RUT.2.4,"Ngɔngɔ i moehole, Boadji ahulaka ta ngando e Bɛtɛlɛmɛ. Aiseaka babukeli ba mbuma na mibalo mi ko abalaka: «Kina boo Yawɛ adae engbanga na nu!» Bamosɔmbedjaka: «Kina boo Yawɛ aodjongoe!».","Et voici, Boaz vint de Bethléhem, et il dit aux moissonneurs: Que lÉternel soit avec vous! Ils lui répondirent: Que lÉternel te bénisse!."
RUT.2.5,"Boadji ahɔdjɔkɔ kapita o babukeli ba mbuma i bule: «Moseka mwali yona, adi o nda?».",Et Boaz dit à son serviteur chargé de surveiller les moissonneurs: A qui est cette jeune femme?.
RUT.2.6,Kapita o babukeli ba mbuma i bule asɔmbedjaka: «Adi moseka mwali o Moaba. Adoi engbanga na Naomi donga ta ngondo e Moaba.,"Le serviteur chargé de surveiller les moissonneurs répondit: Cest une jeune femme Moabite, qui est revenue avec Naomi du pays de Moab."
RUT.2.7,"Alosɛngi enɔi e boandoa mingbɔndu i mbuma i bule i mia mikadike, ehole ekanangebo maboke, ngɔngɔ i babukeli. Donga ehuma ye akweaki ta gbie, asali na bhingi esusu, mbunoko ahemi oko edɛdi mooehole mokɛkɛ.».","Elle a dit: Permettez-moi de glaner et de ramasser des épis entre les gerbes, derrière les moissonneurs. Et depuis ce matin quelle est venue, elle a été debout jusquà présent, et ne sest reposée quun moment dans la maison."
RUT.2.8,"Na bea Boadji abalaka na Luta: «Oka bopele mwambi mwali. Pɛ bokɛ andoa mbuma i bule ta gbie ekina ; ko pɛ bokɛ bohali na gbie ye, endolo yeyoa ya engbanga na basali ba mbi bali.","Boaz dit à Ruth: Écoute, ma fille, ne va pas glaner dans un autre champ; ne téloigne pas dici, et reste avec mes servantes."
RUT.2.9,"Endja bopele pamba ndani alenaka bo mbuma i bule ko daa ngɔngɔ i bana bali ibandoaka mbuma i bule. Nasii basali bami badae pɛ bopea. Ehole esusu okoka posa e madiba, kɛɛ amwake ta mbola ilumedji bami.».","Regarde où lon moissonne dans le champ, et va après elles. Jai défendu à mes serviteurs de te toucher. Et quand tu auras soif, tu iras aux vases, et tu boiras de ce que les serviteurs auront puisé."
RUT.2.10,"Ehole eokaka Luta bea, asuneaka boso mbunoko ta kpɔtɔ ko abalaka na Boadji: «Tina ndani nadihi mongandi mu ta miso ma wɛ ko tina ndani opini ekumu iye mbi odi mokɛndɛli?».","Alors elle tomba sur sa face et se prosterna contre terre, et elle lui dit: Comment ai-je trouvé grâce à tes yeux, pour que tu tintéresses à moi, à moi qui suis une étrangère?."
RUT.2.11,"Boadji asɔmbedjaka: «Batɔndeini meako misusu imikɔ wɛ na bokio bo wɛ, donga ehole egwaka muma wɛ, moda mokina wɛ sange e wɛ, nange e wɛ ko ngando e bakɔkɔ ba wɛ ; odoi adaa na bato ibadaa wɛ pɛ bodjeba.","Boaz lui répondit: On ma rapporté tout ce que tu as fait pour ta belle-mère depuis la mort de ton mari, et comment tu as quitté ton père et ta mère et le pays de ta naissance, pour aller vers un peuple que tu ne connaissais point auparavant."
RUT.2.12,"Kina boo Yawɛ aopute, tine meako mikɔi wɛ! Kina boo Yawɛ, Ndjakomba o Isalɛlɛ, aopute bonɔ, elenge adoi wɛ abolama ta nase i mangbangu ma nde!».","Que lÉternel te rende ce que tu as fait, et que ta récompense soit entière de la part de lÉternel, le Dieu dIsraël, sous les ailes duquel tu es venue te réfugier!."
RUT.2.13,"Luta abalaka: «Kina boo nadie mongandi ta miso ma wɛ, kumu o mbi ! Opini molema bogo, tengasa osoli na mwali mosali o wɛ, na bwɛla bosusu. Enakobea, naboanakiti boda nongo omɔti o basali bali ba wɛ.».","Et elle dit: Oh! Que je trouve grâce à tes yeux, mon seigneur! Car tu mas consolée, et tu as parlé au cœur de ta servante. Et pourtant je ne suis pas, moi, comme lune de tes servantes."
RUT.2.14,"Ta ehole e boyaka, Boadji abalaka na Luta: «Batama mbuti ko tomba ekenge e mwɛmbɛ, edubea ta mana ma ngai.» Ehole edaka yo na bato bakabuke mbuma i bule, Boadji amopaka baa mbuma bakalangake. Aiyaka elenge apalaka yo ko akinaka ikina.","Au moment du repas, Boaz dit à Ruth: Approche, mange du pain, et trempe ton morceau dans le vinaigre. Elle sassit à côté des moissonneurs. On lui donna du grain rôti; elle mangea et se rassasia, et elle garda le reste."
RUT.2.15,"Ehole angɔkɔ yo tine boandoa mbuma i bule, Boadji apaka mobeko adi basali ba nde: «Mokinani andoe nongo idjia idi ndanda i bibole, pɛ bomoyekeani .","Puis elle se leva pour glaner. Boaz donna cet ordre à ses serviteurs: Quelle glane aussi entre les gerbes, et ne linquiétez pas."
RUT.2.16,"Oboanini bosambeani mele mi mikina midi na mbuma, tina e nde bɛngi amiandoe. Pɛ bomoyolodjani.».","et même vous ôterez pour elle des gerbes quelques épis, que vous la laisserez glaner, sans lui faire de reproches."
RUT.2.17,"Na bea Luta andoaka mbuma i bule ta gbie mbunoko mɔmɔkɔ. Ngɔngɔ abomakaka mingbɔndu imiandoaka yo, alumedjaka sɛki emɔti na mbuma i ɔlɔge.","Elle glana dans le champ jusquau soir, et elle battit ce quelle avait glané. Il y eut environ un épha dorge."
RUT.2.18,Ayanaka na yu ta ibonga ko bokio bo nde mwali aenɛkɛ mbuma djandoaka yo. Luta aimedjaka naikina mia imakinaka yo ehole egolaka yo ko amapaka adi bokio bo nde.,"Elle lemporta et rentra dans la ville, et sa belle-mère vit ce quelle avait glané. Elle sortit aussi les restes de son repas, et les lui donna."
RUT.2.19,"Naomi ahɔdjɔkɔ Luta: «Busa bu andoi wɛ mbuma djɔ? Osali ta gbie e nda? Kina boo moto opi ekumu ye, adjongoame!» Na bea Luta atɔndeaka bokio bo nde meako imimedjaka moswa gbie ta polo esalaka yo. Abalaka kombe e moto omina edaka Boadji.","Sa belle-mère lui dit: Où as-tu glané aujourdhui, et où as-tu travaillé? Béni soit celui qui sest intéressé à toi! Et Ruth fit connaître à sa belle-mère chez qui elle avait travaillé: Lhomme chez qui jai travaillé aujourdhui, dit-elle, sappelle Boaz."
RUT.2.20,"Naomi abalaka na bokio bo nde mwali: «Kina boo Yawɛ adjongoame, iyo odai pɛ bokina boinedja bopele bo nde adi bato ba nde: edae adi bato ibadi mɔ kaoko ibagwa. Momi yona adi mwange e biso adi ta tei e molɔngɔ mo bato baboani bolosikoa!».","Naomi dit à sa belle-fille: Quil soit béni de lÉternel, qui se montre miséricordieux pour les vivants comme il le fut pour ceux qui sont morts! Cet homme est notre parent, lui dit encore Naomi, il est de ceux qui ont sur nous droit de rachat."
RUT.2.21,Na bea Luta Moaba abalaka: «Daa engbanga na basali ba mbi mbunoko basidje bobuka mbuma i ɔlɔge i mbi isusu.».,"Ruth la Moabite ajouta: Il ma dit aussi: Reste avec mes serviteurs, jusquà ce quils aient achevé toute ma moisson."
RUT.2.22,"Naomi asɔmbedjaka Luta, bokio bo nde: «Edi bopele tine wɛ bodala engbanga na basali ba nde bali. Tengasa okakɛ ta gbie e moto okina oboani boinedja saya.».","Et Naomi dit à Ruth, sa belle-fille: Il est bon, ma fille, que tu sortes avec ses servantes, et quon ne te rencontre pas dans un autre champ."
RUT.2.23,"Na bea Luta adaka mbuti na basali ba Boadji, tine boandoa mingbɔndu mi mbuma i bule, mbunoko ehole abukake bo mbuma i ɔlɔge ko na mbuma i bule ikasia. Ayeyoaka boda engbanga na bokio bo nde mwali.","Elle resta donc avec les servantes de Boaz, pour glaner, jusquà la fin de la moisson des orges et de la moisson du froment. Et elle demeurait avec sa belle-mère."
RUT.3.1,"Busa bomɔti, Naomi bokio bo Luta mwali, abalaka na nde: «Mwana o mbi, naboaniti bohombea polo e bogo, edi wɛ boda na sepi?.","Naomi, sa belle-mère, lui dit: Ma fille, je voudrais assurer ton repos, afin que tu fusses heureuse."
RUT.3.2,"Tengasa otungi bodjeba bopele boo Boadji yona osalaka engbanga na basali ba nde bali, adi mwange e biso. Enakobea mɔmɔkɔ mo busa bu, akɛke bopɛpɛ ɔlɔge ta polo e bhuda ekadjibomakakebo.","Et maintenant Boaz, avec les servantes duquel tu as été, nest-il pas notre parent? Voici, il doit vanner cette nuit les orges qui sont dans laire."
RUT.3.3,"Na bea sasosa bopele, sasuowa mosoloa ko lwa bisendja bi wɛ, ibinɔi na bopele. Na bea, okɛdea ta polo e bhuda, oho abomakaka yo ɔlɔge i nde; endolo kɔɔbo Boadji adɛ pɛ bodjeba boo odi ta polo emina mbunoko akasidja boyaka ko bomwaka.","Lave-toi et oins-toi, puis remets tes habits, et descends à laire. Tu ne te feras pas connaître à lui, jusquà ce quil ait achevé de manger et de boire."
RUT.3.4,"Ehole akɛke yo asaama, homba odjebe polo asamake yo. Ngɔngɔ osabatee ko okundoe esendja yena ekundi mako ma nde, osasambee ena ta mako ma nde . Yo mɛnɛ aotɔndeake meako miboani na wɛ bokɔ.».","Et quand il ira se coucher, observe le lieu où il se couche. Ensuite va, découvre ses pieds, et couche-toi. Il te dira lui-même ce que tu as à faire."
RUT.3.5,Luta amosɔmbedjaka: «Nakɔke misusu mitɔndeini wɛ.».,Elle lui répondit: Je ferai tout ce que tu as dit.
RUT.3.6,"Luta akɛkɛ ta polo e bhuda emina, oho akɔkɔ meako misusu mimotɔndeaka bokio bo nde.","Elle descendit à laire, et fit tout ce quavait ordonné sa belle-mère."
RUT.3.7,"Ehole esidjaka Boadji boyaka ko bomwaka, molema mo nde modaka na sepi, akɛkɛ asaama ta suka e bibole bi mbuma i ɔlɔge. Na bea Luta asabateaka bopɛtɛ bopɛtɛ, akundoaka esendja yena edipaka mako ma Boadji ko asamaka ena.","Boaz mangea et but, et son cœur était joyeux. Il alla se coucher à lextrémité dun tas de gerbes. Ruth vint alors tout doucement, découvrit ses pieds, et se coucha."
RUT.3.8,"Ta ndanda e bulu, Boadji aokaka piyɔ, asaninodjaka ko aenɛkɛ mwali asambi ta mako ma nde.","Au milieu de la nuit, cet homme eut une frayeur; il se pencha, et voici, une femme était couchée à ses pieds."
RUT.3.9,"Amohɔdjɔkɔ: «Wɛ nda?» Asɔmbedjaka: «Edi mbi, Luta, mosali o wɛ mwali. Anda sɔngɔ e esendja e wɛ mbunoko ono adi mbi, tengasa odi na kpatsi e bosikoa .».","Il dit: Qui es-tu? Elle répondit: Je suis Ruth, ta servante; étends ton aile sur ta servante, car tu as droit de rachat."
RUT.3.10,"Boadji amosɔmbedjaka: «Kina boo Yawɛ aodjongoe, mwana o mbi mwali! Bopele bosinedja wɛ edɛdi, bonɔi bo boso. Tengasa, odalati ngɔngɔ i menga bami, edɛ badieli kaoko batakeli.","Et il dit: Sois bénie de lÉternel, ma fille! Ce dernier trait témoigne encore plus en ta faveur que le premier, car tu nas pas recherché des jeunes gens, pauvres ou riches."
RUT.3.11,"Edɛdi, mwana o mbi mwali pɛ bobanga! Nokɔmeake misusu ma sengɛke wɛ, tengasa bato basusu ba polo ye badjebi boo odi mwali o mandi.","Maintenant, ma fille, ne crains point; je ferai pour toi tout ce que tu diras; car toute la porte de mon peuple sait que tu es une femme vertueuse."
RUT.3.12,"Nongo edɛdi adi mbi na kpatsi e bosikoa, endolo edi na mosikoi okina adi mbuti na wɛ bonɔ mbi.","Il est bien vrai que jai droit de rachat, mais il en existe un autre plus proche que moi."
RUT.3.13,"Hwɛ bulu bu iya; na bea puma ehuma, loendje kaoko moto omina adi bodima bosikoa. Ekada boo apali, kina boo aosikoe. Endolo akalona, nabali na wɛ ta kombe e Yawɛ boo nosikoake. Na bea boso boo busa boyɛ, hwɛ iya.».","Passe ici la nuit. Et demain, sil veut user envers toi du droit de rachat, à la bonne heure, quil le fasse; mais sil ne lui plaît pas den user envers toi, jen userai, moi, lÉternel est vivant! Reste couchée jusquau matin."
RUT.3.14,"Luta ahwɛkɛ ta mako ma Boadji ko asisoaka na hindihindi yana adaka bato pɛ bokokoledja bopele. Tengasa Boadji abalaka, moto adae pɛ bodjeba boo mwali omɔti aduaki ta polo e bhuda ye ekabomakakebo ɔlɔge.","Elle resta couchée à ses pieds jusquau matin, et elle se leva avant quon pût se reconnaître lun lautre. Boaz dit: Quon ne sache pas quune femme est entrée dans laire."
RUT.3.15,"Boso boo ayane, Boadji amotɔndeaka: «Pani esendja ye elwali wɛ ko epea bopele.» Luta apeaka esendja ko Boadji amoiseaka kilo mbuti na tuku ibae i mbuma ɔlɔge, amokamoaka na boangɔdjɔ ko amobakee ta molo. Ngɔngimina, Luta ayanaka ta ibonga.","Et il ajouta: Donne le manteau qui est sur toi, et tiens-le. Elle le tint, et il mesura six mesures dorge, quil chargea sur elle. Puis il rentra dans la ville."
RUT.3.16,"Ehole eimeaka Luta adi bokio bo nde, Naomi amohɔdjɔkɔ: «Mwana o mbi mwali, meako mimina minɔi bo?» Na bea Luta amotɔndeaka meako misusu mimokɔmeaka Boadji.","Ruth revint auprès de sa belle-mère, et Naomi dit: Est-ce toi, ma fille? Ruth lui raconta tout ce que cet homme avait fait pour elle."
RUT.3.17,"Abalaka: «Apini pongono kilo tuku ibae i mbuma i ɔlɔge, tengasa adjebedjakini boo, otayana mɔmɔ ngasa adi bokio bo wɛ.».","Elle dit: Il ma donné ces six mesures dorge, en disant: Tu ne retourneras pas à vide vers ta belle-mère."
RUT.3.18,"Na bea Naomi abalaka na nde: «Edɛdi mwana o mbi mwali, daaya mbunoko odjebe moda masukeake meako mimina. Tengasa, moto yona atadake na bogo mbunoko oko asidje meako mi busa bu!».","Et Naomi dit: Sois tranquille, ma fille, jusquà ce que tu saches comment finira la chose, car cet homme ne se donnera point de repos quil nait terminé cette affaire aujourdhui."
RUT.4.1,"Boadji akɛkɛ ta ekukɛ e ibonga , ko adaka oho. Aenɛkɛ mosikoi, yona obalaka Boadji boo yo adi na kpatsi e bosikoa Luta, bonɔ. Boadji abalaka na nde: «Mwange e mbi, duwa ko daa ya.» Moto omina asabateaka ko adaaka.","Boaz monta à la porte, et sy arrêta. Or voici, celui qui avait droit de rachat, et dont Boaz avait parlé, vint à passer. Boaz lui dit: Approche, reste ici, toi un tel. Et il sapprocha, et sarrêta."
RUT.4.2,Boadji abeaka bami domi ta tei e basuku ba ibonga ko ahɔdjɔkɔ boo adae na bu engbanga. Ehole edakabo.,"Boaz prit alors dix hommes parmi les anciens de la ville, et il dit: Asseyez-vous ici. Et ils sassirent."
RUT.4.3,"Boadji abalaka na mosikoi o Luta: «Naomi yona ahuli ta eliki e Moaba, atɛkɛkɛ gbie e Elimelɛki, mwange e biso.","Puis il dit à celui qui avait le droit de rachat: Naomi, revenue du pays de Moab, a vendu la pièce de terre qui appartenait à notre frère Élimélec."
RUT.4.4,"Mbi nadiaki ilɛno i botɔndea ko bobala na wɛ boo osombe gbie emina ta miso ma bato ba ibonga ko na basuku ibadi iya. Okapala boesomba, esomba; emitida bea, tɔndeani bɛngi nadjebe. Tengasa wɛ odi moto o boso odi na kpatsi boesomba ko mbi nadi na enɔei ngɔngɔ i wɛ.» Moto omina amosɔmbedjaka: «Eee, naesombaka.».","Jai cru devoir ten informer, et te dire: Acquiers-la, en présence des habitants et en présence des anciens de mon peuple. Si tu veux racheter, rachète; mais si tu ne veux pas, déclare-le-moi, afin que je le sache. Car il ny a personne avant toi qui ait le droit de rachat, et je lai après toi. Et il répondit: je rachèterai."
RUT.4.5,"Boadji abalaka: «Ehole asombake wɛ gbie ta mɔmɔ ma Naomi, watombake pongono Luta Moaba, mwali ogwa na momi, tine ebokɔ boo kombe e mowei edike bodieli bo nde.».","Boaz dit: Le jour où tu acquerras le champ de la main de Naomi, tu lacquerras en même temps de Ruth la Moabite, femme du défunt, pour relever le nom du défunt dans son héritage."
RUT.4.6,Mosikoi abalaka: «Naboaniti naesikoe esakadabo naisi djenge ta bodieli bo mbi. Esikoa wɛ mɛnɛ tengasa mbi nataboana bokɔ bea.».,"Et celui qui avait le droit de rachat répondit: Je ne puis pas racheter pour mon compte, crainte de détruire mon héritage; prends pour toi mon droit de rachat, car je ne puis pas racheter."
RUT.4.7,"Enakobea ta ehole eyou ta Isalɛlɛ, tine bosikoa ko bopa bodieli, moto omɔti adaka boihwa sapato i nde ko bodjipa adi moto okina. Sapato imina idaka elenge mbete e tati ta tei e Isalɛlɛ.","Autrefois en Israël, pour valider une affaire quelconque relative à un rachat ou à un échange, lun ôtait son soulier et le donnait à lautre: cela servait de témoignage en Israël."
RUT.4.8,Mosikoi abalaka na Boadji boo somba gbie emina. Na bea aiwaka sapato i nde ko amopaka.,Celui qui avait le droit de rachat dit donc à Boaz: Acquiers pour ton compte! Et il ôta son soulier.
RUT.4.9,Boadji atɔndeaka basuku ko bato basusu: «Ino bɛnɛ odini batemo boo nasombe ta mɔmɔ ma Naomi bodieli bosusu bo Elimelɛki bo Kilioni na Maloni.,"Alors Boaz dit aux anciens et à tout le peuple: Vous êtes témoins aujourdhui que jai acquis de la main de Naomi tout ce qui appartenait à Élimélec, à Kiljon et à Machlon."
RUT.4.10,"Natombi pongongo Luta moseka o Moaba, yona odaka mwali o Maloni o gwa, tine boo aimee mwali o mbi. Tengasa kombe e nde edike ta bodieli bo nde, esaka bunga ta tei e pako e nde ko ta tei e buku e Leta e ibonga i nde. Ino odini batemo bamina busa bu.».","et que je me suis également acquis pour femme Ruth la Moabite, femme de Machlon, pour relever le nom du défunt dans son héritage, et afin que le nom du défunt ne soit point retranché dentre ses frères et de la porte de son lieu. Vous en êtes témoins aujourdhui!."
RUT.4.11,"Na bea basuku ko na bato basusu ibadaka ta ekukɛ e ibonga babalaka: «Eee, lodimi lodi batemo. Kina boo Yawɛ aimedje mwali yo aduake ta ndako e wɛ; elenge Laele na Lea ibabotaka engbanga pako e bato ba Isalɛlɛ! Kina boo oimee moto monɛnɛ ta tei itungu i e Epalata ko moto o gala ta ngando isusu i Bɛtɛlɛmɛ!.","Tout le peuple qui était à la porte et les anciens dirent: Nous en sommes témoins! Que lÉternel rende la femme qui entre dans ta maison semblable à Rachel et à Léa, qui toutes les deux ont bâti la maison dIsraël! Manifeste ta force dans Éphrata, et fais-toi un nom dans Bethléhem!."
RUT.4.12,"Kina boo batitani ibopake Yawɛ na ndjea e moseka mwali yo, baimedje ndako e wɛ elenge ndako e Pɛlɛse, yena ebotaka Tamala Yuda!».","Puisse la postérité que lÉternel te donnera par cette jeune femme rendre ta maison semblable à la maison de Pérets, qui fut enfanté à Juda par Tamar!."
RUT.4.13,"Na bea Boadji atombaka Luta ko amoasɔkɔ. Ngɔngɔ i Boadji boda moki na Luta, Yawɛ adjongoaka Luta ko alwaka demi ko abotaka mwana momi.","Boaz prit Ruth, qui devint sa femme, et il alla vers elle. LÉternel permit à Ruth de concevoir, et elle enfanta un fils."
RUT.4.14,"Bali ba ngando i Bɛtɛlɛmɛ babalaka na Naomi: «Kina boo Yawɛ akumedjame! Yo, yoo ta busa bu aiokina botakedja mosikoi ta ibota i wɛ! Kina boo kombe e mwana omina ekɛ gala ta Isalɛlɛ!.","Les femmes dirent à Naomi: Béni soit lÉternel, qui ne ta point laissé manquer aujourdhui dun homme ayant droit de rachat, et dont le nom sera célébré en Israël!."
RUT.4.15,"Asɔmbedjake mohelo mo wɛ ko aobaneake ta bobange bo wɛ. Tengasa bokio bo wɛ mwali, yona okopale ko adi natɛtɔ enɛnɛ bonɔ bana bami sambo, aobotei mwana momi.».","Cet enfant restaurera ton âme, et sera le soutien de ta vieillesse; car ta belle-fille, qui taime, la enfanté, elle qui vaut mieux pour toi que sept fils."
RUT.4.16,"Naomi atombaka mwana ko amogopeaka ta bupa bo nde , aimeaka ndɛli.","Naomi prit lenfant et le mit sur son sein, et elle fut sa garde."
RUT.4.17,Bali ba ngando yena badumbeaka: «Naomi adihi pape!» Ko bamobakeaka kombe e Obɛde. Obɛde adaka sange e Yese ko Yese adaka sange e Dapiti.,"Les voisines lui donnèrent un nom, en disant: Un fils est né à Naomi! Et elles lappelèrent Obed. Ce fut le père dIsaï père de David."
RUT.4.18,Endja molɔngɔ mo bobotama mo bakɔkɔ ba Dapiti donga Pɛlɛtse: Pɛlɛse adaka sange e Eselɔne;.,Voici la postérité de Pérets. Pérets engendra Hetsron;.
RUT.4.19,"Eselɔne adaka sange e Lama, Lama adaka sange e Aminadaba;.",Hetsron engendra Ram; Ram engendra Amminadab;.
RUT.4.20,"Aminadaba adaka sange e Nasone, Nasone adaka sange e Salama.",Amminadab engendra Nachschon; Nachschon engendra Salmon;.
RUT.4.21,"Salama adaka sange e Boadji, Boadji adaka sange e Obɛde;.",Salmon engendra Boaz; Boaz engendra Obed;.
RUT.4.22,Obɛde adaka sange e Yese ko Yese adaka sange e Dapiti.,Obed engendra Isaï; et Isaï engendra David.
JON.1.1,"Yawɛ abalaka na Yona, mwana momi o Amitai :.","La parole de lÉternel fut adressée à Jonas, fils dAmitthaï, en ces mots:."
JON.1.2,"«Angɔ, kɛɛ ta ibonga inɛnɛ i Niniwe ko dumbea bobakebedja tine bobe bo bato ba mina, tengasa bobe bo bobo boimei mbunoko djɔno adi mbi.».","Lève-toi, va à Ninive, la grande ville, et crie contre elle! Car sa méchanceté est montée jusquà moi."
JON.1.3,"Yona angɔkɔ. Endolo tine botia bohali ta mbanda e Yawɛ, ahombaka bokɛ ta ibonga i Talasisi. Na bea atitaka ta ibongu i Yapo , ataneaka oho masuwa mamɔti i makɛkɛ ta Talasisi. Ngɔngɔ i nde boputa tike tine mɔndɔ, atiteaka ta kɔbɛ e masuwa mamina engbanga na basali ba masuwa, bɛngi atie bohali na Yawɛ.","Et Jonas se leva pour senfuir à Tarsis, loin de la face de lÉternel. Il descendit à Japho, et il trouva un navire qui allait à Tarsis; il paya le prix du transport, et sembarqua pour aller avec les passagers à Tarsis, loin de la face de lÉternel."
JON.1.4,Endolo Yawɛ alomaka lungu epipo ta diko i duwa enɛnɛ ko lungu emina eduedjaka mbonge yena eimeaka mbuti na bobukaka masuwa.,"Mais lÉternel fit souffler sur la mer un vent impétueux, et il séleva sur la mer une grande tempête. Le navire menaçait de faire naufrage."
JON.1.5,"Basali ba masuwa baimeaka na bɔɔ, ko moto na moto aimeaka bobea ndjakomba o nde. Badumbakaka leka losusu i lodaka na bu ta duwa bɛngi masuwa mahahane. Endolo Yona, atiteaka ta kɔbɛ e masuwa ko oho ahwɛkɛ hiyɔ ipipo.","Les mariniers eurent peur, ils implorèrent chacun leur dieu, et ils jetèrent dans la mer les objets qui étaient sur le navire, afin de se le rendre plus léger. Jonas descendit au fond du navire, se coucha, et sendormit profondément."
JON.1.6,Kapitɛni o masuwa abatamaka mbuti na Yona ko abalaka na nde: «Mondumba ndani Eboani bohwɛ hiyo moda mu? Angɔ ko ongɔnɔ ndjakomba o wɛ! Ndelekina aboani bolokea ndjokwa boo lodae pɛ bogwa.».,"Le pilote sapprocha de lui, et lui dit: Pourquoi dors-tu? Lève-toi, invoque ton Dieu! Peut-être voudra-t-il penser à nous, et nous ne périrons pas."
JON.1.7,Basali ba masuwa basabaleanaka: «Duani lobome djonga bɛngi lodjebe moto obei bɛndɔ ye!» Babomaka djonga ko ekwaka adi Yona.,"Et ils se dirent lun à lautre: Venez, et tirons au sort, pour savoir qui nous attire ce malheur. Ils tirèrent au sort, et le sort tomba sur Jonas."
JON.1.8,Bamohɔdjɔkɔ: «Lotɔndea moto osabea bɛndɔ ye? Ekɔi wɛ nde? Adongi wɛ djɔ? Ngando e wɛ nda? Odi moto o ekomi nda?».,"Alors ils lui dirent: Dis-nous qui nous attire ce malheur. Quelles sont tes affaires, et doù viens-tu? Quel est ton pays, et de quel peuple es-tu?."
JON.1.9,"Yona abasɔmbedjaka: «Nadi Moebele ko nakakumedje Yawɛ, Ndjakomba o busa yona okɔ duwa inɛnɛnɛ na ngondo.».","Il leur répondit: Je suis Hébreu, et je crains lÉternel, le Dieu des cieux, qui a fait la mer et la terre."
JON.1.10,"Ehole ebatɔndeaka boo atiaka bohali na mbanda e Yawɛ, bato bamina babangaka mɛnɛ. Bamohɔdjɔkɔ «Ekɔi wɛ mɛnɛ nde?.","Ces hommes eurent une grande frayeur, et ils lui dirent: Pourquoi as-tu fait cela? Car ces hommes savaient quil fuyait loin de la face de lÉternel, parce quil le leur avait déclaré."
JON.1.11,"Elenge oko edaka duwa engala, bamohɔdjɔkɔ naikina: Ediso bokɔ na wɛ nde, bɛngi duwa epɔpɔne tina e biso?».","Ils lui dirent: Que te ferons-nous, pour que la mer se calme envers nous? Car la mer était de plus en plus orageuse."
JON.1.12,Abasɔmbedjaka: «Tombanini ko bodumbanini ta duwa enɛnɛ ko duwa epɔpɔnɔke tina e bino. Tengasa nadjebi boo edi mbi moto obei bɛndɔ ye e lungu epipo tine e bino.».,"Il leur répondit: Prenez-moi, et jetez-moi dans la mer, et la mer se calmera envers vous; car je sais que cest moi qui attire sur vous cette grande tempête."
JON.1.13,"Enakobea, basali ba masuwa basapaka boluka kayi na ngulu e bobo esusu, bɛngi basɛmedje masuwa o ngondo; endolo baihɔnɔkɔ, tengasa lungu edaka oko engala na bopipo.","Ces hommes ramaient pour gagner la terre, mais ils ne le purent, parce que la mer sagitait toujours plus contre eux."
JON.1.14,"Na bea babeaka Yawɛ: «Eee Yawɛ longɔni, Pɛ bololangea mabe ma moto iyo! Ko pɛ bololangea bɛndo e makia ma moto iyo ta melo mi biso! Tengasa edi soti wɛ Ndjakomba okɔi ta bolulea bo wɛ!».","Alors ils invoquèrent lÉternel, et dirent: O Éternel, ne nous fais pas périr à cause de la vie de cet homme, et ne nous charge pas du sang innocent! Car toi, Éternel, tu fais ce que tu veux."
JON.1.15,"Ngɔngimina batombaka Yona ko bamodumbaka ta duwa enɛnɛ, na mbala emɔti duwa enɛnɛ yena etɔmbɔkɔ na ngulu, epɔpɔnɔkɔ.","Puis ils prirent Jonas, et le jetèrent dans la mer. Et la fureur de la mer sapaisa."
JON.1.16,Basali ba masuwa babangaka ko baokaka mangbai manɛnɛ ta boso bo Yawɛ; bamotumbeaka mbeka ko bamobhɛleaka bhɛli .,"Ces hommes furent saisis dune grande crainte de lÉternel, et ils offrirent un sacrifice à lÉternel, et firent des vœux."
JON.2.1,Yawɛ alomaka moswi omɔti monɛnɛ bomea Yona. Na bea Yona ayeyoaka masu masato ma moi ko masu masato ma bulu ta sɔpɔ i moswi monɛnɛ omina masu masato ko masu masato ma bulu.,"LÉternel fit venir un grand poisson pour engloutir Jonas, et Jonas fut dans le ventre du poisson trois jours et trois nuits."
JON.2.2,"Oho, ta sɔpɔ i moswi, Yona aongɔnɔkɔ Yawɛ, Ndjakomba o nde.","Jonas, dans le ventre du poisson, pria lÉternel, son Dieu."
JON.2.3,"Abalaka: Ta ndjokwa e mbi nabeaka Yawɛ, soti Yo asɔmbedjakani! Oho ta ngando e bago nasɛngɛkɛ ekamoi, soti Yo aokeani!.","Il dit: Dans ma détresse, jai invoqué lÉternel, Et il ma exaucé; Du sein du séjour des morts jai crié, Et tu as entendu ma voix."
JON.2.4,"Odumbakani ta tei e mbɛngɛ e modidi mopipo, ta tei e mbɛngɛ e duwa enɛnɛ; Oho ekɛdji e madiba etindodjakani! Ko mbonge diko i mbonge ikwaka diko i mbi!.","Tu mas jeté dans labîme, dans le cœur de la mer, Et les courants deau mont environné; Toutes tes vagues et tous tes flots ont passé sur moi."
JON.2.5,Nasabaleaka: «Endja obenganini bohali ta mbanda e wɛ! Enakobea mbi nadi oko na ndingo e boenɛ tepelo e wɛ esɛnɔke!».,Je disais: Je suis chassé loin de ton regard! Mais je verrai encore ton saint temple.
JON.2.6,"Madiba mbunoko ta dɔli, Ekɛdji e madiba ma mombɔndɔ mo modidi mopipo mohikakani! Mbuti mbuti na molo mo mbi, ndjani dji duwa isanangaka!.","Les eaux mont couvert jusquà môter la vie, Labîme ma enveloppé, Les roseaux ont entouré ma tête."
JON.2.7,"Nadindaka mbunoko ta polo ebangaka ikoli, kpɔtɔ idipeakani mikɔsɔ mi bikuke bi yu, sangɔngɔ i mbi seko! Endolo wɛ Yawɛ, Ndjakomba o mbi, Oihwini mɔ donga ta mombɔndɔ mo mbɛngɛ!.","Je suis descendu jusquaux racines des montagnes, Les barres de la terre menfermaient pour toujours; Mais tu mas fait remonter vivant de la fosse, Éternel, mon Dieu!."
JON.2.8,"Yana aimeaka mbi mbuti e bobungedja dingo, nasɔmbedjaka malɛi ma mbi adi wɛ Yawɛ, ko miongɔnɔ mi mbi miokamaka oho adi wɛ, mbunoko ta tepelo e wɛ esɛnɔke!.","Quand mon âme était abattue au-dedans de moi, Je me suis souvenu de lÉternel, Et ma prière est parvenue jusquà toi, Dans ton saint temple."
JON.2.9,"Bato i bakasapɛ na ba ndjakomba ba bikeko, bakabungedje bopele bokabapɛ Ndjakomba !.",Ceux qui sattachent à de vaines idoles Éloignent deux la miséricorde.
JON.2.10,"Endolo mbi, mbeka e mbi edake ndjembo i bosakoa. Napalaka bobanga botumbea wɛ mbeka, ko bokokedja mbuno djopaka mbi, tengasa edi wɛ Yawɛ yona oheledjini!.","Pour moi, je toffrirai des sacrifices avec un cri dactions de grâces, Jaccomplirai les vœux que jai faits: Le salut vient de lÉternel."
JON.2.11,Ko Yawɛ apaka simbisi na moswi ko mbala emɔti moswi ekangaka Yona o ngondo.,"LÉternel parla au poisson, et le poisson vomit Jonas sur la terre."
JON.3.1,Mobalo mo Yawɛ mobalaka na Yona mbala e babae:.,"La parole de lÉternel fut adressée à Jonas une seconde fois, en ces mots:."
JON.3.2,"«Angɔ, kɛ ta ibonga inɛnɛ i Niniwe ko dumbea oho mibalo mi opake mbi.».","Lève-toi, va à Ninive, la grande ville, et proclames-y la publication que je tordonne!."
JON.3.3,"Yona asumaka mobalo mo Yawɛ, angɔ ko akɛ ta ibonga i Niniwe. Enakobea Niniwe edaka ibonga inɛnɛ ta miso ma Ndjakomba, eboanaka na bokɔ masu masato bɛngi oehombee esusu.","Et Jonas se leva, et alla à Ninive, selon la parole de lÉternel. Or Ninive était une très grande ville, de trois jours de marche."
JON.3.4,"Yona abangaka mosala mo nde, adalaka busa itombo ta ibonga eni adumbee: «Ediki masu tuku inɛi, bɛngi ibonga i Niniwe i bedjame!».","Jonas fit dabord dans la ville une journée de marche; il criait et disait: Encore quarante jours, et Ninive est détruite!."
JON.3.5,"Bato ba ibonga i Niniwe badimaka Ndjakomba . Batombaka meko e bokia mia ko bolwa minyuku bobanga na onɔi na bodieli, mbunoko onɔi na botakeli.","Les gens de Ninive crurent à Dieu, ils publièrent un jeûne, et se revêtirent de sacs, depuis les plus grands jusquaux plus petits."
JON.3.6,"Ehole eokamaka gala emina adi mokondji o Niniwe, angɔkɔ ta ngbɛndɛ e bokumu, aihwaka bisendja bi nde bi bokumu, alwaka monyuku ko asadedjaka ta mihulu .","La chose parvint au roi de Ninive; il se leva de son trône, ôta son manteau, se couvrit dun sac, et sassit sur la cendre."
JON.3.7,"Kumu apaka mobeko boo bananganedje gala emina ta ibonga inɛnɛ i Niniwe: «Nabokimana mibeko mi mokondji ko na basali ba gala, esiami adi bato ko bingbɛndɛ, edae banɛnɛnɛ kaoko bakɛkɛkɛ: boyaka leka losusu ko bomwaka madiba.","Et il fit faire dans Ninive cette publication, par ordre du roi et de ses grands; Que les hommes et les bêtes, les bœufs et les brebis, ne goûtent de rien, ne paissent point, et ne boivent point deau!."
JON.3.8,"Kina boo bato ko bingbɛndɛ balwae minyuku, baongɔne Ndjakomba na bhingi. Kina boo moto na moto akine ndjea i nde ibe ko wusuwusu edi ta mɔmɔ ma nde.","Que les hommes et les bêtes soient couverts de sacs, quils crient à Dieu avec force, et quils reviennent tous de leur mauvaise voie et des actes de violence dont leurs mains sont coupables!."
JON.3.9,"Odjebi nda, ndelekina Ndjakomba aboani bohombedja malɛno ma nde ko bodongedja kɛlɛ ko bosɔmbedja malɛi ngɔngɔ boo losakagwa?».","Qui sait si Dieu ne reviendra pas et ne se repentira pas, et sil ne renoncera pas à son ardente colère, en sorte que nous ne périssions point?."
JON.3.10,"Ehole enɛkɛ Ndjakomba midjɔ mi: ko bakinaka ndjea i bobo ibe, ahombedjaka malɛno ma nde ko aibalomea naikina etumbo elɛdjɛkɛ yo bobapa.","Dieu vit quils agissaient ainsi et quils revenaient de leur mauvaise voie. Alors Dieu se repentit du mal quil avait résolu de leur faire, et il ne le fit pas."
JON.4.1,Yona aisepaka nongo na modjɔ momina ko alemoaka mɛnɛ.,"Cela déplut fort à Jonas, et il fut irrité."
JON.4.2,"Abalaka na Yawɛ: «Aa, Yawɛ editi ta meako mondumba mu, misabaleaki mbi ehole edaki mbi nadi adi mbi? Na tina emina nahombaki botia ta ibonga i Talasisi. Tengasa nadjebaka bopele boo odi Ndjakomba o epaeli ko o ndjokwa, okadae na molema moyai, oluma na epaeli ko na ndjea emina, okahombedje malɛno ma wɛ, napɛ bosombedja mabe adi bato ta mabe makɔibo.","Il implora lÉternel, et il dit: Ah! Éternel, nest-ce pas ce que je disais quand jétais encore dans mon pays? Cest ce que je voulais prévenir en fuyant à Tarsis. Car je savais que tu es un Dieu compatissant et miséricordieux, lent à la colère et riche en bonté, et qui te repens du mal."
JON.4.3,"Edɛdi mɛnɛ, Eee Yawɛ, tomba mohelo mo mbi. Tengasa enɔi na bopele nagwɛ boo nadae pɛ boda ta mohelo.».","Maintenant, Éternel, prends-moi donc la vie, car la mort mest préférable à la vie."
JON.4.4,Endolo Yawɛ amosɔmbedjaka: «Odɛibo! Olɛdji boo okɔi bopele mondumba malemoaka wɛ?».,LÉternel répondit: Fais-tu bien de tirriter?.
JON.4.5,"Yona aimaka sokolu e ibonga ko akɛkɛ asadedja ta pamba ekime moyi. Oho, asatongeaka ekpangba e ndjani emɔti ko asadedjaka ta etitimo emina tine boamba midjɔ i makwake ta ibonga i Niniwe.","Et Jonas sortit de la ville, et sassit à lorient de la ville, là il se fit une cabane, et sy tint à lombre, jusquà ce quil vît ce qui arriverait dans la ville."
JON.4.6,"Yawɛ Ndjakomba atɔedjaka mole momɔti ko amokandodjaka tine bopa piyɔ ta molo mo Yona, bɛngi amogɔledje molema. Mole momina mosepedjaka Yona.","LÉternel Dieu fit croître un ricin, qui séleva au-dessus de Jonas, pour donner de lombre sur sa tête et pour lui ôter son irritation. Jonas éprouva une grande joie à cause de ce ricin."
JON.4.7,"Endolo aya busa, Ndjakomba aimedjaka egungi okayake mele, eyakaka mole momina ko mokakanaka.","Mais le lendemain, à laurore, Dieu fit venir un ver qui piqua le ricin, et le ricin sécha."
JON.4.8,"Iyana aimaka moyi mopipo, Ndjakomba alomaka mopɛpɛ mo pamba ekime moyi mua, mopaka edjungu epipo . Moyi mobomaka molo mo Yona na ngulu. Mokuku mo Yona moembɛkɛ, abeaka bogwa ko abalaka: «Enɔi na bopele nagwɛ, endolo te boo nadae na bomɔ!».","Au lever du soleil, Dieu fit souffler un vent chaud dorient, et le soleil frappa la tête de Jonas, au point quil tomba en défaillance. Il demanda la mort, et dit: La mort mest préférable à la vie."
JON.4.9,"Ndjakomba abalaka na Yona: «Walɛdjɛkɛ boo wakɔkɔ bopele moda malemoaka wɛ tine mole mu?» Yona asɔmbedjaka: «Soti, edi okobea nakɔkɔ bopele moda malemoaka mbi mbunoko bobea nagwɛ!».",Dieu dit à Jonas: Fais-tu bien de tirriter à cause du ricin? Il répondit: Je fais bien de mirriter jusquà la mort.
JON.4.10,"Yawɛ abalaka naikina: «Oki saya ta molema tine mole i modai wɛ pɛ bokandodja, mokandoi oko ta bulu bomɔti ko mokakani oko ta bulu bokina! Na tina emina omokei saya?.","Et lÉternel dit: Tu as pitié du ricin qui ne ta coûté aucune peine et que tu nas pas fait croître, qui est né dans une nuit et qui a péri dans une nuit."
JON.4.11,"Na bea, mondumba ndani mbi nadae pɛ bookea Niniwe ndjokwa ta molema? Ibonga imina inɛnɛ idi na bato bonɔ koto mokama na tuku ibae, ibadi pɛ nongo bodjeba botikoanedja meako mipele kaoko mibe ko edi na bingbɛndɛ binɛnɛ?».","Et moi, je naurais pas pitié de Ninive, la grande ville, dans laquelle se trouvent plus de cent vingt mille hommes qui ne savent pas distinguer leur droite de leur gauche, et des animaux en grand nombre!."
MAT.1.1,"Endja molɔngɔ mo bakɔkɔ ba Yesu Kilito, motitani o Dapiti mwana o Abalayama.","Généalogie de Jésus-Christ, fils de David, fils dAbraham."
MAT.1.2,"Abalayama abotaka Isaka, Isaka abotaka Djakobo, Djakobo abotaka Yuda ko bange i nde;.",Abraham engendra Isaac; Isaac engendra Jacob; Jacob engendra Juda et ses frères;.
MAT.1.3,"Yuda abotaka Pɛlɛse ko Djela, na ndjea e mwali o nde Tamala; Pɛlɛsi abotaka Esɛlɔne, Elɛsɔne abotaka Alama;.",Juda engendra de Thamar Pharès et Zara; Pharès engendra Esrom; Esrom engendra Aram;.
MAT.1.4,"Alama abotaka Aminadabe; Aminadabe abotaka Nasɔni, Nasɔni abotaka Salimane;.",Aram engendra Aminadab; Aminadab engendra Naasson; Naasson engendra Salmon;.
MAT.1.5,"Salimane abotaka Boadji, na ndjea e Laaba; Boadji abotaka Obedi, na ndjea e Luta nange e nde; Obedi abotaka Yese;.",Salmon engendra Boaz de Rahab; Boaz engendra Obed de Ruth;.
MAT.1.6,"Yese abotaka mokondji Dapiti. Dapiti abotaka Salomo, na ndjea e mwali o Ulia;.",Obed engendra Isaï; Isaï engendra David. Le roi David engendra Salomon de la femme dUrie;.
MAT.1.7,"Salomo abotaka Loboame; Loboame abotaka Abia, Abia abotaka Asape;.",Salomon engendra Roboam; Roboam engendra Abia; Abia engendra Asa;.
MAT.1.8,"Asape abotaka Yodjapate, Yodjapate abotaka Yolame, Yolame abotaka Odjiase;.",Asa engendra Josaphat; Josaphat engendra Joram; Joram engendra Ozias;.
MAT.1.9,"Odjiase abotaka Yotame, Yotame abotaka Akadjia, Akadjia abotaka Edjekiasi;.",Ozias engendra Joatham; Joatham engendra Achaz; Achaz engendra Ézéchias;.
MAT.1.10,"Edjekiasi abotaka Manasi, Manasi abotaka Amona, Amona abotaka Djodjiase;.",Ézéchias engendra Manassé; Manassé engendra Amon; Amon engendra Josias;.
MAT.1.11,"Djodjiase abotaka Djekonia yo na bange i nde bami, ta ehole e botomba bana ba Isalɛlɛ ta ngondo e Babilɔne .","Josias engendra Jéchonias et ses frères, au temps de la déportation à Babylone."
MAT.1.12,"Ngɔngɔ i botomba bana ba Isalɛlɛ ta ngondo e Babilɔne, Djekonia abotaka Salatiela ko Saletiela abotaka Djolobabɛlɛ;.","Après la déportation à Babylone, Jéchonias engendra Salathiel; Salathiel engendra Zorobabel;."
MAT.1.13,"Djolobabɛlɛ abotaka Abihudi, Abihudi abotaka Eliakimi; Eliakimi abotaka Adjole;.",Zorobabel engendra Abiud; Abiud engendra Éliakim; Éliakim engendra Azor;.
MAT.1.14,"Adjole abotaka Sadoka, Sadoka abotaka Akimi, Akimi abotaka Eliwudi;.",Azor engendra Sadok; Sadok engendra Achim; Achim engendra Éliud;.
MAT.1.15,"Eliwudi abotaka Eliedjale, Eliedjale abotaka Matane, Matane abotaka Djakobo;.",Éliud engendra Éléazar; Éléazar engendra Matthan; Matthan engendra Jacob;.
MAT.1.16,"Djakobo abotaka Esepu, momi o Malia; ko Malia adaka nange e Yesu, obeakabo Kilito.","Jacob engendra Joseph, lépoux de Marie, de laquelle est né Jésus, qui est appelé Christ."
MAT.1.17,"Donga Abalayama mbunoko Dapiti, enɔkɔ mbota domi na inɛi, donga Dapiti mbunoko ehole yena etombama bana ba Isalɛlɛ ta ngondo e Babilɔne, enɔkɔ naikina mbota domi na inɛi mbunoko bobotama bo Kilito.","Il y a donc en tout quatorze générations depuis Abraham jusquà David, quatorze générations depuis David jusquà la déportation à Babylone, et quatorze générations depuis la déportation à Babylone jusquau Christ."
MAT.1.18,"Endja moda mobotama Yesu Kilito: Malia, nange e nde, ahɔmɔkɔ moki na Esepu. Endolo boso boo badae ndako emɔti, Malia aimeaka na demi na ngulu e Mwembo Mosɛnɔke.","Voici de quelle manière arriva la naissance de Jésus-Christ. Marie, sa mère, ayant été fiancée à Joseph, se trouva enceinte, par la vertu du Saint-Esprit, avant quils eussent habité ensemble."
MAT.1.19,"Esepu mohɔmi o nde adaka moto o bodjo. Elenge aidaka na posa e bomokedja Malia sɔni ta miso ma bato, atombaka meko e bogbɔtɔ na nde ta mbombi.","Joseph, son époux, qui était un homme de bien et qui ne voulait pas la diffamer, se proposa de rompre secrètement avec elle."
MAT.1.20,"Yana adaka Esepu bolɛdjɛ moda mobokokedja meako mimina, obwɛndji o Kumu asenɛmedjaka na ndjɔti ko abalaka na nde: «Esepu motitani o Dapiti, pɛ bobanga botomba Malia mwali o wɛ, tengasa mwana yona odi ta sɔpɔ i nde, amolwai na ngulu e Mwembo Mosɛnɔke.","Comme il y pensait, voici, un ange du Seigneur lui apparut en songe, et dit: Joseph, fils de David, ne crains pas de prendre avec toi Marie, ta femme, car lenfant quelle a conçu vient du Saint-Esprit;."
MAT.1.21,"Abotake mwana momi ko wamopake kombe Yesu, tengasa edi yo moto aheledjake bato ba ekomi e nde ta mabe ma bobo. ».","elle enfantera un fils, et tu lui donneras le nom de Jésus; cest lui qui sauvera son peuple de ses péchés."
MAT.1.22,Midjɔ mimina misusu makɔmɔke tine bokokedja mibalo imibalaka Kumu na ndjea e mbaeli o Ndjakomba:.,Tout cela arriva afin que saccomplît ce que le Seigneur avait annoncé par le prophète:.
MAT.1.23,"«Moseka oda pɛ bodjeba bami, yo alwake demi, abotake mwana momi, bamobeake Emanuelɛ!» Atingodjaka: «Ndjakomba engbanga na su».","Voici, la vierge sera enceinte, elle enfantera un fils, Et on lui donnera le nom dEmmanuel, ce qui signifie Dieu avec nous."
MAT.1.24,"Ehole esisoaka Esepu, asumaka mibalo mibalaka obwɛndji o Kumu na nde ko atombaka Malia elenge mwali o nde.","Joseph sétant réveillé fit ce que lange du Seigneur lui avait ordonné, et il prit sa femme avec lui."
MAT.1.25,Endolo Esepu aiputoana na Malia mbunoko ehole ebotaka Malia mwana momi ko amobeaka kombe Yesu.,"Mais il ne la connut point jusquà ce quelle eût enfanté un fils, auquel il donna le nom de Jésus."
MAT.2.1,"Yesu abotamaka ta Bɛtɛlɛmɛ ta mokpɔtɔ mo Yuda, ta ehole edaka Elode mokondji. Ta ehole emina, banganga ba mawɛi badongaka ta pamba ekime modakabusa baduaka ta Yelusalɛmɛ.","Jésus étant né à Bethléhem en Judée, au temps du roi Hérode, voici des mages dOrient arrivèrent à Jérusalem."
MAT.2.2,ko bahɔdjɔkɔ: «Mwana odi mokondji o Bayuda abotami yo djɔ? Loeni mondjɔtɔ o nde boima ta pamba ekime modakabusa ko lodoi amokumedja.».,"et dirent: Où est le roi des Juifs qui vient de naître? Car nous avons vu son étoile en Orient, et nous sommes venus pour ladorer."
MAT.2.3,"Ehole eokaka mokondji Elode gala emina, molema mo nde motungeamaka mɛnɛ engbanga emɔti na bato ba Yelusalɛmɛ.","Le roi Hérode, ayant appris cela, fut troublé, et tout Jérusalem avec lui."
MAT.2.4,"Aputoanedjaka bakondji ba banganga ba Ndjakomba ko na balehi ba mobeko, abahɔdjɔkɔ: Aboani Kilito bobotama djɔ?.","Il assembla tous les principaux sacrificateurs et les scribes du peuple, et il sinforma auprès deux où devait naître le Christ."
MAT.2.5,Bamosɔmbedjaka: «Ta Bɛtɛlɛmɛ e mokpɔtɔ mo Yuda. Tengasa endja mibalo mikomaka mbaeli o Ndjakomba:.,Ils lui dirent: A Bethléhem en Judée; car voici ce qui a été écrit par le prophète:.
MAT.2.6,"Wɛ, Bɛtɛlɛmɛ, ta tei e mokpɔtɔ mo Yudea, pɛ bosenɛ ngasa ta tei e mokpɔtɔ mo Yudea, tengasa edake na wɛ mokondji aimake, yona adaledjake bato ba mbi, Isalɛlɛ . ».","Et toi, Bethléhem, terre de Juda, Tu nes certes pas la moindre entre les principales villes de Juda, Car de toi sortira un chef Qui paîtra Israël, mon peuple."
MAT.2.7,"Na bea, Elode abeaka banganga ba mawɛi na mbombi ko ahombaka bodjeba adi bo ehole ndani eimaka mondjɔtɔ.","Alors Hérode fit appeler en secret les mages, et senquit soigneusement auprès deux depuis combien de temps létoile brillait."
MAT.2.8,"Na bea abalomaka ta Bɛtɛlɛmɛ, abalaka: «Kɛni ahomba soti e meako ta tina e mwana; ko ehole amotaneakeno, djebedjanini, bɛngi mbi pongono, nakɛ amokumedja.».","Puis il les envoya à Bethléhem, en disant: Allez, et prenez des informations exactes sur le petit enfant; quand vous laurez trouvé, faites-le-moi savoir, afin que jaille aussi moi-même ladorer."
MAT.2.9,"Ngɔngɔ iboka mibalo mi mokondji, bakɛkɛ. Baenɛkɛ naikina mondjɔtɔ yona oimaka ta dɔngɔ ikime modakabusa: bodala boso bo bobo ko aimeaka bo ta polo yena edaka mwana, moemaka.","Après avoir entendu le roi, ils partirent. Et voici, létoile quils avaient vue en Orient marchait devant eux jusquà ce quétant arrivée au-dessus du lieu où était le petit enfant, elle sarrêta."
MAT.2.10,"Ehole enɛkɛbo mondjɔtɔ omina, balumaka na mongandi.","Quand ils aperçurent létoile, ils furent saisis dune très grande joie."
MAT.2.11,"Bakwɛaka ta ndako ko baenɛkɛ mwana na nange e nde, Malia. Bakwaka magbundɔ tine bokumedja mwana; ngɔngɔ badipoaka bingbongolo bi bobo ko bamobondjeaka makabo: wolo, paka malasi, ko na malasi imakɔbo na mole mo mile.","Ils entrèrent dans la maison, virent le petit enfant avec Marie, sa mère, se prosternèrent et ladorèrent; ils ouvrirent ensuite leurs trésors, et lui offrirent en présent de lor, de lencens et de la myrrhe."
MAT.2.12,"Ngɔngɔ imina, Ndjakomba abatɔndeaka na ndjea e ndjɔti badae pɛ bosɔmbɔ adi Elode; na bea bayanaka ta ngando e bobo na ndjea ekina.","Puis, divinement avertis en songe de ne pas retourner vers Hérode, ils regagnèrent leur pays par un autre chemin."
MAT.2.13,"Ehole eyanaka banganga ba mawɛi, obwɛndji o Kumu ainɛmɛkɛ na Esepu na ndjɔti ko abalaka na nde: «Angɔ, tomba Mwana engbanga na nange e nde ko tiani ta Edjipito; dikamani oho mbunoko ehole eodjebedjake mbi ohuleni. Tengasa Elode ahombaka bowa mwana.».","Lorsquils furent partis, voici, un ange du Seigneur apparut en songe à Joseph, et dit: Lève-toi, prends le petit enfant et sa mère, fuis en Égypte, et restes-y jusquà ce que je te parle; car Hérode cherchera le petit enfant pour le faire périr."
MAT.2.14,"Esepu aangɔkɔ, atombaka mwana engbanga na nange e nde, ta ndanda e bulu ko atiaka ta Edjipito.","Joseph se leva, prit de nuit le petit enfant et sa mère, et se retira en Égypte."
MAT.2.15,Bayeyoaka oho mbunoko bogwa bo Elode. Midjɔ mimina miimeaka tine bokokedja meako mibalaka Kumu na ndjea e mbaeli o Ndjakomba: «Nabei mwana o mbi boima ta Edjipito .».,"Il y resta jusquà la mort dHérode, afin que saccomplît ce que le Seigneur avait annoncé par le prophète: Jai appelé mon fils hors dÉgypte."
MAT.2.16,"Ehole esipoaka Elode boo banganga ba mawɛi bamokosei, aimeaka na kɛlɛ enɛnɛ mɛnɛ. Apaka ndjea ebowakaka, ta Bɛtɛlɛmɛ ko ta ngando i mbuti, bobanga bana ba bianga bibae botita; bokimana midjɔ mimotɔndeaka banganga ba mawɛi, ta tina e ehole eimaka mondjɔtɔ.","Alors Hérode, voyant quil avait été joué par les mages, se mit dans une grande colère, et il envoya tuer tous les enfants de deux ans et au-dessous qui étaient à Bethléhem et dans tout son territoire, selon la date dont il sétait soigneusement enquis auprès des mages."
MAT.2.17,Na bea meako misusu mikokedjamaka elenge abalaka mbaeli o Ndjakomba Yilimeya:.,"Alors saccomplit ce qui avait été annoncé par Jérémie, le prophète:."
MAT.2.18,"«Moholi mokamaka ta Lama, biyo ko na bosayeana. Edi Laele ayeaka bana ba nde, aloni bamopingedje malɛi, tengasa bana ba nde bagwi .».","On a entendu des cris à Rama, Des pleurs et de grandes lamentations: Rachel pleure ses enfants, Et na pas voulu être consolée, Parce quils ne sont plus."
MAT.2.19,"Ngɔngɔ i bogwa bo Elode, obwɛndji o Kumu asenɛmedjaka na ndjɔti adi Esepu, ta Edjipito.","Quand Hérode fut mort, voici, un ange du Seigneur apparut en songe à Joseph, en Égypte."
MAT.2.20,"Abalaka na nde: «Angɔ, tomba Mwana engbanga na nange e nde ko yana ta ngondo e Isalɛlɛ, tengasa bato bahombaki bowa Mwana, basi bogwa.».","et dit: Lève-toi, prends le petit enfant et sa mère, et va dans le pays dIsraël, car ceux qui en voulaient à la vie du petit enfant sont morts."
MAT.2.21,"Na bea Esepu aangɔkɔ, atombaka Mwana engbanga na nange e nde ko basɔmbɔkɔ ta ngondo e Isalɛlɛ.","Joseph se leva, prit le petit enfant et sa mère, et alla dans le pays dIsraël."
MAT.2.22,"Endolo aokayo boo Alikelawusi atitanaka ta polo e sange e nde Elode elenge kumu ta mokpɔtɔ mo Yuda, abangaka boyana. Ndjakomba akebedjaka naikina Esepu na ndjɔti ko akɛkɛ ta mokpɔtɔ mo Galilea.","Mais, ayant appris quArchélaüs régnait sur la Judée à la place dHérode, son père, il craignit de sy rendre; et, divinement averti en songe, il se retira dans le territoire de la Galilée."
MAT.2.23,Akɛkɛ bodikama ta ngando e Nasaleta. Ekɔmɔ bea tine bokokedjama bo mobalo mo ba mbaeli ba Ndjakomba: «Abeamake mo Nasaleta.».,"et vint demeurer dans une ville appelée Nazareth, afin que saccomplît ce qui avait été annoncé par les prophètes: Il sera appelé Nazaréen."
MAT.3.1,"Oko ta ehole emina, Yoane Mobatisi adaka bodumbea ta etengelenge e Yuda ko abangaka boleha.","En ce temps-là parut Jean-Baptiste, prêchant dans le désert de Judée."
MAT.3.2,"Abalaka: «Hombedjani milema mi bino , tengasa Bokumu bo diko bobatami!».","Il disait: Repentez-vous, car le royaume des cieux est proche."
MAT.3.3,"Yoane adi yona obalaka buku e mbaeli o Ndjakomba Isaya: «Edi moholi mo moto yona adumbeaka ta etengelenge: Bɔngedjani ndjea e Kumu, Ninodjani ndjea e nde bodjɔ !».","Jean est celui qui avait été annoncé par Ésaïe, le prophète, lorsquil dit: Cest ici la voix de celui qui crie dans le désert: Préparez le chemin du Seigneur, Aplanissez ses sentiers."
MAT.3.4,Yoane adaka bolwa bisendja bikɔbo na ngungi i tito okabeebo kamela ko mosenge mokɔbo na iposo i tito ta bongo ; ayaaka ndoko ko pɔki i esika.,"Jean avait un vêtement de poils de chameau, et une ceinture de cuir autour des reins. Il se nourrissait de sauterelles et de miel sauvage."
MAT.3.5,"Bato badaka bokɛ adi yo bodonga ta Yelusalɛmɛ, Yuda esusu ko na mabonga mambuti na Yolodane.","Les habitants de Jérusalem, de toute la Judée et de tout le pays des environs du Jourdain, se rendaient auprès de lui;."
MAT.3.6,Badaka bohuodja pekato i bobo ko Yoane abainaka ta duwa e Yolodane.,"et, confessant leurs péchés, ils se faisaient baptiser par lui dans le fleuve du Jourdain."
MAT.3.7,"Elenge adaka Yoane aenɛ bapalusai ko na basadokai banɛnɛ bodua tine bodia inelo, na bea abalaka na bu: «Ibota i ndjɔ! Otɔndeini otieni kɛlɛ e Ndjakomba yena aduake nda?.","Mais, voyant venir à son baptême beaucoup de pharisiens et de sadducéens, il leur dit: Races de vipères, qui vous a appris à fuir la colère à venir?."
MAT.3.8,Botani mbuma i boinedja boo osɔmbɔtɔnini milema.,Produisez donc du fruit digne de la repentance.
MAT.3.9,"ko pɛ bolɛdjɛni bosabalea ta milema boo: Abalayama adi kɔkɔ e biso . Tengasa nabalaka na nu soti boo Ndjakomba aboani boimedja bodonga ta mabanga mi, batitani ba Abalayama!.",et ne prétendez pas dire en vous-mêmes: Nous avons Abraham pour père! Car je vous déclare que de ces pierres-ci Dieu peut susciter des enfants à Abraham.
MAT.3.10,Soka eyɛli mele tine bolena bitape na nginga: mole mosusu mopɛ bobota mbuma ipele mokwɛlɛmɛbi ko modumbamabi ta mosa.,Déjà la cognée est mise à la racine des arbres: tout arbre donc qui ne produit pas de bons fruits sera coupé et jeté au feu.
MAT.3.11,"Mbi noinakani na madiba tine boinedja boo osɔmbɔtɔnini milema; endolo yona aduake ngɔngɔ i mbi, aonabini na Mwembo Mosɛnɔke ko na mosa. Anɔini na suweya: naboaniti nongo bosunama tine bolodja ngɔli i sapato i nde.","Moi, je vous baptise deau, pour vous amener à la repentance; mais celui qui vient après moi est plus puissant que moi, et je ne suis pas digne de porter ses souliers. Lui, il vous baptisera du Saint-Esprit et de feu."
MAT.3.12,"Apeli ta ebɔ e nde ehɛhɛli tine bogbɔtodja mbuma na poso. Aboleabi mbuma ta ekenge e ndako, endolo atumbabi poso ta mosa mokadae pɛ bodimea.».","Il a son van à la main; il nettoiera son aire, et il amassera son blé dans le grenier, mais il brûlera la paille dans un feu qui ne séteint point."
MAT.3.13,"Ta ehole emina, Yesu adongaka ta mokpɔtɔ mo Galilea ko akɛkɛ ta Yolodane; aimeaka adi Yoane bɛngi ainame na nde.","Alors Jésus vint de la Galilée au Jourdain vers Jean, pour être baptisé par lui."
MAT.3.14,Endolo Yoane alonaka ko abalaka: «Edi mbi moto oboani boinama na wɛ ko wɛ odoi adi mbi!».,"Mais Jean sy opposait, en disant: Cest moi qui ai besoin dêtre baptisé par toi, et tu viens à moi!."
MAT.3.15,Endolo Yesu amosɔmbedjaka: «Kina boo ekɔme bea edɛdi! Tengasa endja mondumba moboanisu bokokedja meako mi bosoti mahɔdjɔkɔ Ndjakomba.» Na bea Yoane adimaka.,"Jésus lui répondit: Laisse faire maintenant, car il est convenable que nous accomplissions ainsi tout ce qui est juste. Et Jean ne lui résista plus."
MAT.3.16,"Oko ta ehole einamaka Yesu, aimaka ta madiba. Ta ehole emina busa bodipoamaka tina e nde: aenɛkɛ Mwembo mo Ndjakomba botita diko i nde elenge embenga.","Dès que Jésus eut été baptisé, il sortit de leau. Et voici, les cieux souvrirent, et il vit lEsprit de Dieu descendre comme une colombe et venir sur lui."
MAT.3.17,Ko kɔpi eokamaka donga ta busa bobala: «Iyo adi Mwana o mbi oepaeli; nasepi na nde mɛnɛ .».,"Et voici, une voix fit entendre des cieux ces paroles: Celui-ci est mon Fils bien-aimé, en qui jai mis toute mon affection."
MAT.4.1,"Ngɔngimina, Mwembo mo Ndjakomba modaledjaka Yesu ta e etengelenge bɛngi amekame na djabulu.","Alors Jésus fut emmené par lEsprit dans le désert, pour être tenté par le diable."
MAT.4.2,"Ngɔngɔ ibokia boyaka masu tuku inɛi ko mulu tuku inɛi, Yesu aokaka ndja.","Après avoir jeûné quarante jours et quarante nuits, il eut faim."
MAT.4.3,"Djabulu, mokosi, abatamaka mbuti na nde ko abalaka: «Soti okada Mwana o Ndjakomba, bala na mabanga mi mahombane miya.».","Le tentateur, sétant approché, lui dit: Si tu es Fils de Dieu, ordonne que ces pierres deviennent des pains."
MAT.4.4,"Yesu asɔmbedjaka: «Ekomama: Moto atahela oto na miya, endolo na mobalo mosusu mokime ta monɔkɔ mo Ndjakomba .».","Jésus répondit: Il est écrit: Lhomme ne vivra pas de pain seulement, mais de toute parole qui sort de la bouche de Dieu."
MAT.4.5,"Na bea, djabulu amodaledjaka mbunoko Yelusalɛmɛ, ibonga isɛnɔke, amobakeaka ta sɔngɔ e Tepelo.","Le diable le transporta dans la ville sainte, le plaça sur le haut du temple."
MAT.4.6,"Abalaka na nde: «Soti okada Mwana o Ndjakomba, sadumba na se; tengasa ekomama: Ndjakomba apabi ndjea adi babwɛndji tina e wɛ, ko bokabi na mɔmɔ ma bobo, tine boo eko e wɛ, esakataa ibanga.».","et lui dit: Si tu es Fils de Dieu, jette-toi en bas; car il est écrit: Il donnera des ordres à ses anges à ton sujet; Et ils te porteront sur les mains, De peur que ton pied ne heurte contre une pierre."
MAT.4.7,"Yesu amosɔmbedjaka: «Ekomama pongono: Oboaniti bomeka Kumu, Ndjakomba o wɛ .».","Jésus lui dit: Il est aussi écrit: Tu ne tenteras point le Seigneur, ton Dieu."
MAT.4.8,"Djabulu amotombaka naikina ta sɔngɔ e ikoli, amoinedjaka makumu masusu ma ngondo ko na ekumu e yu.","Le diable le transporta encore sur une montagne très élevée, lui montra tous les royaumes du monde et leur gloire."
MAT.4.9,"Ko abalaka na nde: «Nopake losusu, ekadabo okwi magbundɔ tine bokumeani.».","et lui dit: Je te donnerai toutes ces choses, si tu te prosternes et madores."
MAT.4.10,"Na bea Yesu abalaka na nde: «Donga ena, djabulu! Tengasa ekomama: Odi bokwa magbundɔ oko adi Kumu Ndjakomba o wɛ ko ongɔnɔ oko yo pɛ.».","Jésus lui dit: Retire-toi, Satan! Car il est écrit: Tu adoreras le Seigneur, ton Dieu, et tu le serviras lui seul."
MAT.4.11,"Djabulu amokinaka. Ko babwɛndji baduaka mbuti na nde, tine bomokɔmedja.","Alors le diable le laissa. Et voici, des anges vinrent auprès de Jésus, et le servaient."
MAT.4.12,"Ehole eokaka Yesu boo baisi Yoane Mobatisi ta bɔlɔkɔ , asɔmbɔkɔ ta Galilea.","Jésus, ayant appris que Jean avait été livré, se retira dans la Galilée."
MAT.4.13,"Endolo akinaka Nasaleta, akɛkɛ boda ta Kapalanauma, ibonga idaka mbuti na ibeke inɛnɛ i Galilea, ta mokpɔtɔ mo Djabilɔ ko na Nepetali .","Il quitta Nazareth, et vint demeurer à Capernaüm, située près de la mer, dans le territoire de Zabulon et de Nephthali."
MAT.4.14,Ekɔmɔkɔ bea tine bokokedja mibalo mi mbaeli o Ndjakomba Isaya:.,"afin que saccomplît ce qui avait été annoncé par Ésaïe, le prophète:."
MAT.4.15,"«Mokpɔtɔ mo Djabilɔ, mokpɔtɔ mo Nepetali, ngando i mbuti na ibeke inɛnɛ, ngando i pamba e Yolodane: ngando i Galilea i bakɛndɛli!.","Le peuple de Zabulon et de Nephthali, De la contrée voisine de la mer, du pays au delà du Jourdain, Et de la Galilée des Gentils."
MAT.4.16,"Bato ibahelamaka ta modidi, Baeni bohu bonɛnɛ! Tina e bia ibahelamaka ta modidi, Soti baeni bohu! Tina e bia bahelamaka ta ngondo e bago, He, bohu bonɛnɛ boenɛmi! ».","Ce peuple, assis dans les ténèbres, A vu une grande lumière; Et sur ceux qui étaient assis dans la région et lombre de la mort La lumière sest levée."
MAT.4.17,"Donga ta ehole emina, Yesu abangaka bodumbea ko abalaka: «Hombedjani milema mi bino, tengasa Bokumu bo diko boimei mbuti!».","Dès ce moment Jésus commença à prêcher, et à dire: Repentez-vous, car le royaume des cieux est proche."
MAT.4.18,"Yana adalaka Yesu ta yɔngɔ e mokula mo ibeke i Galilea, aenɛkɛ bange i bato babae ibia badaka baoweli ba swi: Simo obakeabo Piɛlɛ ko Andele mwange e nde. Ibo badaka badumba modjanga ta ibeke.","Comme il marchait le long de la mer de Galilée, il vit deux frères, Simon, appelé Pierre, et André, son frère, qui jetaient un filet dans la mer; car ils étaient pêcheurs."
MAT.4.19,Yesu abalaka na bu: «Kimananini ko noimedjeni bahombi ba bato.».,"Il leur dit: Suivez-moi, et je vous ferai pêcheurs dhommes."
MAT.4.20,"Oko ta ehole emina, bakinaka midjanga mi bobo ko bamokimanaka.","Aussitôt, ils laissèrent les filets, et le suivirent."
MAT.4.21,"Ehole edalakayo moohali na bu, aenɛkɛ bakina menga bami babae, Djake ko Yoane, bana ba Djebede. Badaka ta bwato bo bobo na Djebede, sange e bobo, bobɔngedja midjanga mi bobo. Yesu ababeaka.","De là étant allé plus loin, il vit deux autres frères, Jacques, fils de Zébédée, et Jean, son frère, qui étaient dans une barque avec Zébédée, leur père, et qui réparaient leurs filets."
MAT.4.22,"oko ta ehole emina, bakinaka bwato bo bobo, sange e bobo ko bakimanaka Yesu.","Il les appela, et aussitôt ils laissèrent la barque et leur père, et le suivirent."
MAT.4.23,"Yesu adaka bodala ta mokpɔtɔ mo Galilea mosusu; boleha ta ba sinagoga i bobo, botɔndɔ Bwɛndi Bopele bo Bokumu bo diko ko boheledja bato na biego ko na bitumbɛ basusu.","Jésus parcourait toute la Galilée, enseignant dans les synagogues, prêchant la bonne nouvelle du royaume, et guérissant toute maladie et toute infirmité parmi le peuple."
MAT.4.24,"Na bea gala e nde enanganaka ta ngondo e Sulia esusu ko bamolwɛkɛ bato ba bipeko bi tungu isusu ko bego i tungu isusu: bato ba miembo mibe, bato bamasiesie ko na bato ibabukeanaka mako. Na bea Yesu adaka bobaheledja.","Sa renommée se répandit dans toute la Syrie, et on lui amenait tous ceux qui souffraient de maladies et de douleurs de divers genres, des démoniaques, des lunatiques, des paralytiques; et il les guérissait."
MAT.4.25,"Emumu e bato emokimanaka; bodonga ta mokpɔtɔ mo Galilea, donga ibonga i Dekapole, i Yelusalɛmɛ, na mokpɔtɔ mo Yuda ko mo pamba e Yolodane.","Une grande foule le suivit, de la Galilée, de la Décapole, de Jérusalem, de la Judée, et dau delà du Jourdain."
MAT.5.1,"Ehole enɛkɛ Yesu emumu e bato, apeteaka ta ikoli ko adaa. Batingami ba nde babatamaka mbuti na nde.","Voyant la foule, Jésus monta sur la montagne; et, après quil se fut assis, ses disciples sapprochèrent de lui."
MAT.5.2,ko abangaka bobaleha:.,"Puis, ayant ouvert la bouche, il les enseigna, et dit:."
MAT.5.3,"«Sepi adi batakeli ta mwembo, tengasa Bokumu bo diko bodi tine bobo!.","Heureux les pauvres en esprit, car le royaume des cieux est à eux!."
MAT.5.4,"Sepi adi bia bayeaka, tengasa bapingedjamake!.","Heureux les affligés, car ils seront consolés!."
MAT.5.5,"Sepi adi bato ba bomwii, tengasa basangoake ngondo!.","Heureux les débonnaires, car ils hériteront la terre!."
MAT.5.6,"Sepi adi bia badi na ndja ko posa e bodjo, tengasa bagolake!.","Heureux ceux qui ont faim et soif de la justice, car ils seront rassasiés!."
MAT.5.7,"Sepi adi bia bakoke ba bina bu ndjokwa, tengasa babokeabi pongono ndjokwa!.","Heureux les miséricordieux, car ils obtiendront miséricorde!."
MAT.5.8,"Sepi adi bia badi na milema misɛnɔke, tengasa baenɛbi Ndjakomba!.","Heureux ceux qui ont le cœur pur, car ils verront Dieu!."
MAT.5.9,"Sepi adi bato bakaduedje bogo, tengasa babeamake bana ba Ndjakomba!.","Heureux ceux qui procurent la paix, car ils seront appelés fils de Dieu!."
MAT.5.10,"Sepi adi bato banɔngɔmɔkɔ tine bodjo, tengasa Bokumu bo diko bodi tina e bobo!.","Heureux ceux qui sont persécutés pour la justice, car le royaume des cieux est à eux!."
MAT.5.11,"Sepi ehole eosingakanibo, eonɔngedjinibo ko eokɔmeakani bo mabe masusu ta tina e mbi.","Heureux serez-vous, lorsquon vous outragera, quon vous persécutera et quon dira faussement de vous toute sorte de mal, à cause de moi."
MAT.5.12,"Sepani ko daani na mongandi, tengasa iputi i bino idi inɛnɛ oho o diko. Tengasa edaka okobea, elenge anɔngedjakabo ba mbaeli ba Ndjakomba ibadaka boso bo bino .».","Réjouissez-vous et soyez dans lallégresse, parce que votre récompense sera grande dans les cieux; car cest ainsi quon a persécuté les prophètes qui ont été avant vous."
MAT.5.13,"«Ino odini monana mo ngondo. Endolo monana mokataka ngɛngɛ, moda moboani na nu bomosɔmbedja naikina ngɛngɛ nda? Moditi na sɔngi naikina; bamodumbake sokolu ko bato bamodalakake.","Vous êtes le sel de la terre. Mais si le sel perd sa saveur, avec quoi la lui rendra-t-on? Il ne sert plus quà être jeté dehors, et foulé aux pieds par les hommes."
MAT.5.14,"«Ino odini bohu bo ngondo, odini pongono ibonga itongami diko i ikoli, ibɔngiti bobolama.",Vous êtes la lumière du monde. Une ville située sur une montagne ne peut être cachée;.
MAT.5.15,"Moto ta bawanedjake molinda tine bomokukea na katini. Enakobea, bakamosɛpɛe diko i esɛpɛi, tine boo mongɛsɛe bato basusu i badi ta ndako.","et on nallume pas une lampe pour la mettre sous le boisseau, mais on la met sur le chandelier, et elle éclaire tous ceux qui sont dans la maison."
MAT.5.16,"Na tina emina kina boo bohu bo bino bongɛse adi bato, bɛngi baenɛ misala mi bino mipele ko bokumedja Sange e bino yona odi ta busa.».","Que votre lumière luise ainsi devant les hommes, afin quils voient vos bonnes œuvres, et quils glorifient votre Père qui est dans les cieux."
MAT.5.17,«Pɛ bolɛdjɛni boo nadoi tine bodongedja mobeko mo Mose ko na eleho e ba mbaeli ba Ndjakomba. Naidua tine bomidongedja endolo nadua tine bomikokedja.,"Ne croyez pas que je sois venu pour abolir la loi ou les prophètes; je suis venu non pour abolir, mais pour accomplir."
MAT.5.18,"Tengasa, edi soti, nabalaka na nu: boso bo busa na kpɔtɔ bodimoe, pɛ nongo ikomi imɔti inɔi ikɛkɛ kaoko itɔnɔ ikadae diko idongetebi ta mobeko, mbunoko ta suka e midjɔ misusu.","Car, je vous le dis en vérité, tant que le ciel et la terre ne passeront point, il ne disparaîtra pas de la loi un seul iota ou un seul trait de lettre, jusquà ce que tout soit arrivé."
MAT.5.19,"Na tina emina, moto mosusu wadongedjaka mobeko momɔti ta tei e mu ko alehake bato bakina bokɔ bea, adake moto ngasa ta Bokumu bo diko. Endolo yona asumake mobeko ko alehake bakina bokɔ bea adabi moto monɛnɛ ta Bokumu bo diko.","Celui donc qui supprimera lun de ces plus petits commandements, et qui enseignera aux hommes à faire de même, sera appelé le plus petit dans le royaume des cieux; mais celui qui les observera, et qui enseignera à les observer, celui-là sera appelé grand dans le royaume des cieux."
MAT.5.20,"Tengasa, nabalaka na nu: ekadaa bodjo bo bino bomitinɔ bua bo balehi ba mobeko ko na Bapalusai, oboanitini bokwea ta Bokumu bo diko.».","Car, je vous le dis, si votre justice ne surpasse celle des scribes et des pharisiens, vous nentrerez point dans le royaume des cieux."
MAT.5.21,«Okakani babala tina e bakɔkɔ ba biso: Pɛ bowa moto; moto mosusu owake mwange e nde aboani nabosambedjama ta boso bo badjudji.,Vous avez entendu quil a été dit aux anciens: Tu ne tueras point; celui qui tuera mérite dêtre puni par les juges.
MAT.5.22,"Endolo mbi, nabali na nu: moto mosusu opeake mwange e nde kɛlɛ asambedjamake ta boso bo badjudji; moto asingake mwange e nde: Egegele! Asambedjamake ta boso bo ibolea inɛnɛ i basuku ba bayuda. Yona asingake mwange e nde: Endanga! Adumbamake ta ipelu.","Mais moi, je vous dis que quiconque se met en colère contre son frère mérite dêtre puni par les juges; que celui qui dira à son frère: Raca! Mérite dêtre puni par le sanhédrin; et que celui qui lui dira: Insensé! Mérite dêtre puni par le feu de la géhenne."
MAT.5.23,Ekadabo okɛi ta polo ekatumbebo mbeka adi Ndjakomba ko wadjebaka boo odi na modjɔ na mwange e wɛ.,"Si donc tu présentes ton offrande à lautel, et que là tu te souviennes que ton frère a quelque chose contre toi."
MAT.5.24,"kina ikabo i wɛ, ta boso bo polo ekatumbebo mbeka ko kɛɛ asɔmbedje bwela na mwange e wɛ; ngɔngɔ oboani bosɔmbɔ apa ikabo i wɛ adi Ndjakomba.","laisse là ton offrande devant lautel, et va dabord te réconcilier avec ton frère; puis, viens présenter ton offrande."
MAT.5.25,"«Ekadabo moto aodihi na modjɔ, homba bosɔmbedja bwela na nde pɛpɛlɛ ehole edi no na ndjea. Esakadabo moloni o wɛ asakopunda adi badjudji, na bea djudji aopɛ ta mɔmɔ ma bapulusu ko baisake ta bɔlɔkɔ.","Accorde-toi promptement avec ton adversaire, pendant que tu es en chemin avec lui, de peur quil ne te livre au juge, que le juge ne te livre à lofficier de justice, et que tu ne sois mis en prison."
MAT.5.26,"Nabalaka na wɛ, okobea: otimake ta bɔlɔkɔ oko opute motuya mokɛkɛ mo nyongo e wɛ.».","Je te le dis en vérité, tu ne sortiras pas de là que tu naies payé le dernier quadrant."
MAT.5.27,«Okani bobala boo: Pɛ bokɔ bɔɔli .,Vous avez appris quil a été dit: Tu ne commettras point dadultère.
MAT.5.28,"Endolo mbi, nabalaka na nu: momi mosusu oendji mwali okina na malɛno ma bomopala, akɔi na nde bɔɔli ta molema mo nde.","Mais moi, je vous dis que quiconque regarde une femme pour la convoiter a déjà commis un adultère avec elle dans son cœur."
MAT.5.29,"Na tina emina, ekada diso i wɛ i ebɔ e bami iotaedjaka ibaku, idongedja ko idumba bohali na wɛ. Tengasa, enɔi na bopele tina e wɛ bobungedja ekenge emɔti e wɛ e mokuku ta polo e bodumba mokuku mosusu ta ipelu.","Si ton œil droit est pour toi une occasion de chute, arrache-le et jette-le loin de toi; car il est avantageux pour toi quun seul de tes membres périsse, et que ton corps entier ne soit pas jeté dans la géhenne."
MAT.5.30,"Na tina emina, ekada boo ebɔ e wɛ e bami iotaedjaka ibaku, elena ko edumba bohali na wɛ. Tengasa enɔi na bopele tina e wɛ, bobungedja ekenge emɔti e wɛ e mokuku ta polo e mokuku mosusu modumbame ta ipelu.».","Et si ta main droite est pour toi une occasion de chute, coupe-la et jette-la loin de toi; car il est avantageux pour toi quun seul de tes membres périsse, et que ton corps entier naille pas dans la géhenne."
MAT.5.31,"«Ebalama pongono: Momi odongedji mwali o nde, atungi amopɛ mokanda mo bowa moki .",Il a été dit: Que celui qui répudie sa femme lui donne une lettre de divorce.
MAT.5.32,"Endolo mbi, nabalaka na nu: Momi mosusu odongedji mwali o nde ta moki, dongedja oko akɔi bɔɔli, amodipoi ndjea e bokɔ ndukeli. Ekadabo akwei moki mokina ko momi oasɔi mwali omina yo pongono akɔi bɔɔli.».","Mais moi, je vous dis que celui qui répudie sa femme, sauf pour cause dinfidélité, lexpose à devenir adultère, et que celui qui épouse une femme répudiée commet un adultère."
MAT.5.33,"«Okakani pongono bobala na bakɔkɔ ba biso: Pɛ bobhɛlɛ bhɛli e bolowa, endolo kokedja bobhɛlɛ bua bo bhɛli wɛ ta boso bo Kumu .","Vous avez encore appris quil a été dit aux anciens: Tu ne te parjureras point, mais tu tacquitteras envers le Seigneur de ce que tu as déclaré par serment."
MAT.5.34,"Na bea nabalaka na nu, pɛ bobhɛlɛni nongo bhɛli emɔti: pɛ bobhɛlɛni nongo na kombe e diko, tengasa edi ngbɛndɛ e Ndjakomba;.","Mais moi, je vous dis de ne jurer aucunement, ni par le ciel, parce que cest le trône de Dieu;."
MAT.5.35,"edae ta kpɔtɔ, tengasa edi edaeli e mako ma nde; edae ta Yelusalɛmɛ, tengasa edi ibonga inɛnɛ i mokondji.","ni par la terre, parce que cest son marchepied; ni par Jérusalem, parce que cest la ville du grand roi."
MAT.5.36,"Pɛ bobhɛlɛ bhɛli na molo, tengasa oboaniti botɔedja nongo mombwi momɔti kaoko botɔedja moswe mohindo.","Ne jure pas non plus par ta tête, car tu ne peux rendre blanc ou noir un seul cheveu."
MAT.5.37,"Kina boo kɔpi e wɛ ekada Eɛ, edike Eɛ, ekada Ngasa, edike ngasa; ko mobalo mosusu modi bobakeama modongi adi Mokosi.».","Que votre parole soit oui, oui, non, non; ce quon y ajoute vient du malin."
MAT.5.38,«Okakani bobala boo: Diso tine diso ko dino tine dino .,"Vous avez appris quil a été dit: œil pour œil, et dent pour dent."
MAT.5.39,"Endolo mbi, nabalaka na nu: pɛ bobukanedjani bobe na bobe. Ekada moto aobomi epapata ta mobanga modɔngɔ i ebɔ e bami, mopa pongono mobanga mo ebɔ e bali.","Mais moi, je vous dis de ne pas résister au méchant. Si quelquun te frappe sur la joue droite, présente-lui aussi lautre."
MAT.5.40,"Ekada boo moto atombi meko e bopunda ta sambi tine botomba esendja e wɛ, mopa pongono kasaka e wɛ.","Si quelquun veut plaider contre toi, et prendre ta tunique, laisse-lui encore ton manteau."
MAT.5.41,"Ekadabo moto aolomi elomu na ngulu boo odale kilomɛtɛlɛ emɔti, wɛdala kilomɛtɛlɛ ibae engbanga na nde.","Si quelquun te force à faire un mille, fais-en deux avec lui."
MAT.5.42,Pa adi yona osɛngi moeka; endolo pɛ bolona bobekedja adi moto yona apalaka bobeka.».,"Donne à celui qui te demande, et ne te détourne pas de celui qui veut emprunter de toi."
MAT.5.43,«Okani bobala: Otungi bopala mwange e wɛ ko lona moloni o wɛ.,"Vous avez appris quil a été dit: Tu aimeras ton prochain, et tu haïras ton ennemi."
MAT.5.44,"Endolo mbi, nabalaka na nu: palani baloni ba bino ko ongɔnɔkɔni tina e bato bia bokonɔngedjeni.","Mais moi, je vous dis: Aimez vos ennemis, bénissez ceux qui vous maudissent, faites du bien à ceux qui vous haïssent, et priez pour ceux qui vous maltraitent et qui vous persécutent."
MAT.5.45,"Na bea wadakeni bana ba Sange e bino, yona odi o diko. Tengasa akimedje modakabusa tina e bato bapele ko na bato babe, akadumbe mbuwa tina e bato ba bodjo ko na bato badi na taka e bodjo.","afin que vous soyez fils de votre Père qui est dans les cieux; car il fait lever son soleil sur les méchants et sur les bons, et il fait pleuvoir sur les justes et sur les injustes."
MAT.5.46,"Ekadabo okapale oko bia bakopale, iputi idiabino adi Ndjakomba nda? Tengasa nongo baputedji ba puti bakakɔe pongono bea!.","Si vous aimez ceux qui vous aiment, quelle récompense méritez-vous? Les publicains aussi nagissent-ils pas de même?."
MAT.5.47,"Ekadabo okaiseni oko ndese adi bange i bino, modjɔ mo bokamoa mokɔi no nda? Tengasa nongo bato ba bikomi bi bakɛndɛli bakakɔe pongono bea!.","Et si vous saluez seulement vos frères, que faites-vous dextraordinaire? Les païens aussi nagissent-ils pas de même?."
MAT.5.48,Na bea daani bato basɛnɔke elenge Sange e bino yona odi o diko adi Mosɛnɔke.».,"Soyez donc parfaits, comme votre Père céleste est parfait."
MAT.6.1,"«Daani na edinga boo odaeni pɛ bokɔni misala mipele ta miso ma bato, tine boo bato boenɛni. Esakadaa boo otakeni iputi lobombeini Sange e bino yona odi o diko.","Gardez-vous de pratiquer votre justice devant les hommes, pour en être vus; autrement, vous naurez point de récompense auprès de votre Père qui est dans les cieux."
MAT.6.2,"Ehole epi wɛ moeka adi motakeli, pɛ bokɛ abalakake tina e wɛ elenge akakɔe ndjɔ ba melo mibae ta basinagoga ko ta ndjea. Bakakɔe bea bɛngi bakumedjame na bato. Soti, nabalaka na nu: badia iputi i bobo ehele.","Lors donc que tu fais laumône, ne sonne pas de la trompette devant toi, comme font les hypocrites dans les synagogues et dans les rues, afin dêtre glorifiés par les hommes. Je vous le dis en vérité, ils reçoivent leur récompense."
MAT.6.3,"Endolo ehole epi ebɔ e bami moeka adi motakeli, ebɔ e bali edae pɛ bodjeba.","Mais quand tu fais laumône, que ta main gauche ne sache pas ce que fait ta droite."
MAT.6.4,"Na bea, etungi ikabo imina idikame ta mbombi. Ko Ndjakomba, Sange e wɛ, okenɛ meako mikakɔe wɛ ta mbombi, aoputabi.».","afin que ton aumône se fasse en secret; et ton Père, qui voit dans le secret, te le rendra."
MAT.6.5,"«Ehole eongɔnɔkɔno, pɛ bodani elenge ndjɔ ba melo mibae: bakapale bongɔnɔ baemi diko ta ba sinagoga ko ta masaka ma ndjea bɛngi bato basusu babenɛke. Soti nabalaka na nu: badia iputi i bobo ehele.","Lorsque vous priez, ne soyez pas comme les hypocrites, qui aiment à prier debout dans les synagogues et aux coins des rues, pour être vus des hommes. Je vous le dis en vérité, ils reçoivent leur récompense."
MAT.6.6,"Endolo wɛ, ehole apalaka wɛ bongɔnɔ, kwea ta ekenge e ndako e wɛ, dipa ekukɛ ko ongɔnɔ Sange e wɛ odi ta esika yena e mbombi. Na bea Sange e wɛ, yona okaenɛ meako makakɔme ta mbombi aoputabi.».","Mais quand tu pries, entre dans ta chambre, ferme ta porte, et prie ton Père qui est là dans le lieu secret; et ton Père, qui voit dans le secret, te le rendra."
MAT.6.7,"«Ehole eongɔnɔkɔ no, pɛ bobalabalani elenge bato ba bikomi bi bakɛndɛli. Bakalɛdje boo Ndjakomba aboani bobapa misɔmbedja tine babali bobuke.","En priant, ne multipliez pas de vaines paroles, comme les païens, qui simaginent quà force de paroles ils seront exaucés."
MAT.6.8,"Pɛ bobakwanani, tengasa Ndjakomba, Sange e bino, adjebi posa e bino boso boo omosɛngeni.","Ne leur ressemblez pas; car votre Père sait de quoi vous avez besoin, avant que vous le lui demandiez."
MAT.6.9,"Endjani moda moboani na nu bongɔnɔ: Sangwa su yona odi o diko, kina boo kombe e wɛ edjebame boo odi Ndjakomba Mosɛnɔke.",Voici donc comment vous devez prier: Notre Père qui es aux cieux! Que ton nom soit sanctifié;.
MAT.6.10,"Kina boo Bokumu bo wɛ bodoe, kina boo bopala bo wɛ bokɔme iya ta kpɔtɔ elenge ta busa.",que ton règne vienne; que ta volonté soit faite sur la terre comme au ciel.
MAT.6.11,Lopa engi busa mwɛmbɛ moboani na su.,Donne-nous aujourdhui notre pain quotidien;.
MAT.6.12,Loyɛ mabe ma biso elenge akayɛso pongono bia bakalokɔe mabe.,"pardonne-nous nos offenses, comme nous aussi nous pardonnons à ceux qui nous ont offensés;."
MAT.6.13,"Pɛ bololɔndɔso ta ndingea, endolo tingoaso ta bobe. Tengasa bokumu bodi bo wɛ, ngulu edi e wɛ ko ekumu edi e wɛ, kɔbili na kɔbili. Okobea .».","ne nous induis pas en tentation, mais délivre-nous du malin. Car cest à toi quappartiennent, dans tous les siècles, le règne, la puissance et la gloire. Amen!."
MAT.6.14,"«Na bea, ekada boo oyɛini bato mabe i maokɔni bo, Sange e bino yona odi o diko aoyɛbini pongono.","Si vous pardonnez aux hommes leurs offenses, votre Père céleste vous pardonnera aussi;."
MAT.6.15,"Endolo omiti yɛni bakina bato, Sange e bino atoyɛbini mabe makakɔe no pongono.».","mais si vous ne pardonnez pas aux hommes, votre Père ne vous pardonnera pas non plus vos offenses."
MAT.6.16,"«Ehole edi no bokia boyaka, pɛ bodani na ndjokwa elenge akakɔe bato bapokotoi. Boinedjaka mbanda i bobo ndjokwa ndjokwa bɛngi bato baenɛ boo bakii boyaka. Soti nabalaka na nu: badia iputi i bobo ehele.","Lorsque vous jeûnez, ne prenez pas un air triste, comme les hypocrites, qui se rendent le visage tout défait, pour montrer aux hommes quils jeûnent. Je vous le dis en vérité, ils reçoivent leur récompense."
MAT.6.17,"Endolo wɛ, ehole ekii wɛ, sosa boso bo wɛ bopele ko suwowa malasi ta molo mo wɛ.","Mais quand tu jeûnes, parfume ta tête et lave ton visage."
MAT.6.18,"tine boo bato basadjeba boo okiaka, dongedja oko Sange e wɛ okadae ta mbombi. Ko Sange e wɛ okaenɛ ta mbombi, aoputabi.».","afin de ne pas montrer aux hommes que tu jeûnes, mais à ton Père qui est là dans le lieu secret; et ton Père, qui voit dans le secret, te le rendra."
MAT.6.19,"«Pɛ bosalumedjani na bodieli ta ngondo ye, tengasa timo ko bogada boboani bobedja, kaoko baubi baboani bobuka ndako tine boo baibe.","Ne vous amassez pas des trésors sur la terre, où la teigne et la rouille détruisent, et où les voleurs percent et dérobent;."
MAT.6.20,"Endolo salumedjani na madieli ta busa, oho sɛ na bogada te bobedje, nongo baubi batabukake ndako tine boiba.","mais amassez-vous des trésors dans le ciel, où la teigne et la rouille ne détruisent point, et où les voleurs ne percent ni ne dérobent."
MAT.6.21,"Tengasa polo edi madieli ma wɛ, molema mo wɛ modi pongono oho.».","Car là où est ton trésor, là aussi sera ton cœur."
MAT.6.22,"«Miso madi molinda mo mokuku: ekada miso ma wɛ mamitidaa na epeko, mokuku mo wɛ mosusu modi ta bohu.","Lœil est la lampe du corps. Si ton œil est en bon état, tout ton corps sera éclairé;."
MAT.6.23,"Endolo ekada boo miso ma wɛ madi na epeko, mokuku mo wɛ mosusu modi ta modidi. Ekada bea bohu bua bodi adi wɛ bodi oko elenge modidi ko modidi momina modabi mohindo!».","mais si ton œil est en mauvais état, tout ton corps sera dans les ténèbres. Si donc la lumière qui est en toi est ténèbres, combien seront grandes ces ténèbres!."
MAT.6.24,«Moto omɔti aboaniti bosalea bakumu babae: alone omɔti ko apale okina; kaoko asapɛ na omɔti ko alone okina. Oboaniti bosalea Ndjakomba na palanga mbala emɔti.».,"Nul ne peut servir deux maîtres. Car, ou il haïra lun, et aimera lautre; ou il sattachera à lun, et méprisera lautre. Vous ne pouvez servir Dieu et Mamon."
MAT.6.25,"«Na tina emina, nabali na nu: pɛ bosatungeani tina e mihelo mi bino, na bosahɔdjɔ: Ayake so nde kaoko amwake so nde? Kaoko tine e mikuku mi bino, na bosahɔdjɔ: Alwake so nde? Modjɔ nda, mohelo monɔiti mia na tɛtɔ ko mokuku monɔiti bisendja na tɛtɔ?.","Cest pourquoi je vous dis: Ne vous inquiétez pas pour votre vie de ce que vous mangerez, ni pour votre corps, de quoi vous serez vêtus. La vie nest-elle pas plus que la nourriture, et le corps plus que le vêtement?."
MAT.6.26,"Endjani mbulu o diko: teonake, tebukake mbuma, tebombake miya ta polo i mbombi, endolo Sange e bino yona odi o diko akaeyakedje!.","Regardez les oiseaux du ciel: ils ne sèment ni ne moissonnent, et ils namassent rien dans des greniers; et votre Père céleste les nourrit. Ne valez-vous pas beaucoup plus queux?."
MAT.6.27,"Moto ndani ta tei e bino, oboani bobakea mooehole ta mohelo mo nde na ndjea e meako makɔkɔ yo?».","Qui de vous, par ses inquiétudes, peut ajouter une coudée à la durée de sa vie?."
MAT.6.28,"«Ko tina ndani wasatungeakani tine bisendja? Endjani moda mokakandoe pulɛlɛ i gbie: teisale, teisatonge bisendja.",Et pourquoi vous inquiéter au sujet du vêtement? Considérez comment croissent les lis des champs: ils ne travaillent ni ne filent;.
MAT.6.29,"Enakobea, nabalaka na nu, nongo Salomo, na bodieli bo nde bosusu , aidiaka bisendja binɔi na bopele elenge pulɛlɛ.","cependant je vous dis que Salomon même, dans toute sa gloire, na pas été vêtu comme lun deux."
MAT.6.30,Ekadabo Ndjakomba akalwadje ndjani i gbie idi oho busa bu ko puma idumbamake ta mosa: na bea atolwadjakeni bonɔ mɛnɛ moda malɛdjɛkɛ no? Bato ba edimeli ekɛkɛ!.,"Si Dieu revêt ainsi lherbe des champs, qui existe aujourdhui et qui demain sera jetée au four, ne vous vêtira-t-il pas à plus forte raison, gens de peu de foi?."
MAT.6.31,"Na bea, pɛ bosatungeani na bobala: Ayakeso nde? Amwake so nde? Alwake so nde.","Ne vous inquiétez donc point, et ne dites pas: Que mangerons-nous? Que boirons-nous? De quoi serons-nous vêtus?."
MAT.6.32,"Edi bapangano bato bakakɛ bohomba homba bea. Endolo ta tina e bino, Sange e bino odi o diko akadjebe posa e bino.","Car toutes ces choses, ce sont les païens qui les recherchent. Votre Père céleste sait que vous en avez besoin."
MAT.6.33,Hombani boso Bokumu bo Ndjakomba ko na bodjo bo nde ko meako misusu mipamabi na nu ngɔngɔ.,Cherchez premièrement le royaume et la justice de Dieu; et toutes ces choses vous seront données par-dessus.
MAT.6.34,"Na bea, pɛ bosatungeani tine puma: puma esatungeake tine yu mɛnɛ. Engi busa edi na saya e yu.».",Ne vous inquiétez donc pas du lendemain; car le lendemain aura soin de lui-même. A chaque jour suffit sa peine.
MAT.7.1,"«Pɛ bosambedjani, tine basakosambedja.","Ne jugez point, afin que vous ne soyez point jugés."
MAT.7.2,"Tengasa baosambedjabini moda mokasambedjeno bakina. Oko na mwɛngi mokaengɛe na nu bato, boengɛbini oko na mu.","Car on vous jugera du jugement dont vous jugez, et lon vous mesurera avec la mesure dont vous mesurez."
MAT.7.3,"Tina ndani waendjaka ebumbu edi ta diso i mwange e wɛ, na bea otaenɛkɛ ibaya idi ta diso i wɛ?.","Pourquoi vois-tu la paille qui est dans lœil de ton frère, et naperçois-tu pas la poutre qui est dans ton œil?."
MAT.7.4,"Moda ndani oboani bobala na mwange e wɛ: Mwange e mbi, kina nodongedje ebumbu yena edi ta diso i wɛ, na bea odi na ibaya ta i wɛ diso?.","Ou comment peux-tu dire à ton frère: Laisse-moi ôter une paille de ton œil, toi qui as une poutre dans le tien?."
MAT.7.5,"Bato bapokotoi, dongedja boso ibaya idi ta diso i wɛ ko waenɛke bohu tine bodongedja ebumbu edi ta diso i mwange e wɛ.».","Hypocrite, ôte premièrement la poutre de ton œil, et alors tu verras comment ôter la paille de lœil de ton frère."
MAT.7.6,"«Pɛ bopani miya masɛnɔke adi mbwa, esakasɔmbɔ tine botswani. Pɛ bodumbani leka lo motuya adi ngulu, tine esakɔmbɔ bodalakaka.».","Ne donnez pas les choses saintes aux chiens, et ne jetez pas vos perles devant les pourceaux, de peur quils ne les foulent aux pieds, ne se retournent et ne vous déchirent."
MAT.7.7,«Sɛngɛni ko bopakeni; hombani ko wadiakeni; bomani ko bodipoakeni.,"Demandez, et lon vous donnera; cherchez, et vous trouverez; frappez, et lon vous ouvrira."
MAT.7.8,"Tengasa moto okahɔdje, bodiaka; okahombe, boenɛkɛ ko okabome ta gbulu, bomodipoaka.","Car quiconque demande reçoit, celui qui cherche trouve, et lon ouvre à celui qui frappe."
MAT.7.9,"Moto ndani ta tei e bino oboani bopa mwana o nde ibanga, ekada boo mwana o nde amosɛngi mwɛmbɛ?.","Lequel de vous donnera une pierre à son fils, sil lui demande du pain?."
MAT.7.10,Moto ndani oboani bopa mwana o nde ndjɔ ekada boo amosɛngi moswi?.,"Ou, sil demande un poisson, lui donnera-t-il un serpent?."
MAT.7.11,"Ekadabo ino bato babe, odjebini bopani adi bana ba bino leka lopele, na bea moda ndani Sange e bino yona odi o diko, apɛtebi leka lopele adi bia bamosɛngɛkɛ?».","Si donc, méchants comme vous lêtes, vous savez donner de bonnes choses à vos enfants, à combien plus forte raison votre Père qui est dans les cieux donnera-t-il de bonnes choses à ceux qui les lui demandent."
MAT.7.12,"«Misusu mikapaleno boo bato bakina bokɔmeni, ino pongono kɔni bea adi bo, tengasa edi bileho bi mobeko ko na bi ba mbaeli ba Ndjakomba .».","Tout ce que vous voulez que les hommes fassent pour vous, faites-le de même pour eux, car cest la loi et les prophètes."
MAT.7.13,"«Kweani ta ekukɛ e embamba, tengasa ndjea yena ebhuda ekalome bato ta ibunga; bato banɛnɛ edi bia bakanɔe na ndjea emina.","Entrez par la porte étroite. Car large est la porte, spacieux est le chemin qui mènent à la perdition, et il y en a beaucoup qui entrent par là."
MAT.7.14,Endolo ndjea yena e embamba ko e kpɔkɔsɔ ekalome bato ta mohelo; oko bato bakɛkɛ bakaenɛ.».,"Mais étroite est la porte, resserré le chemin qui mènent à la vie, et il y en a peu qui les trouvent."
MAT.7.15,"«Daani na engɛlɛ na ba mbaeli ba boloa. Bakadue adi no elenge bhata, endolo ta tei e bobo badi elenge swa ba bobila.","Gardez-vous des faux prophètes. Ils viennent à vous en vêtements de brebis, mais au-dedans ce sont des loups ravisseurs."
MAT.7.16,"Obadjebabini na misala mi bobo. Tebabuke mbuma i vino ta mole mo ndjubɛ, nongo mbuma i pigi ta mole mo ndjubɛ.","Vous les reconnaîtrez à leurs fruits. Cueille-t-on des raisins sur des épines, ou des figues sur des chardons?."
MAT.7.17,Mole mopele bobotaka mbuma ipele ko mole mobe bobotaka mbuma ibe.,"Tout bon arbre porte de bons fruits, mais le mauvais arbre porte de mauvais fruits."
MAT.7.18,Mole mopele motabota mbuma ibe nongo mole mobe motabota pongono mbuma ipele.,"Un bon arbre ne peut porter de mauvais fruits, ni un mauvais arbre porter de bons fruits."
MAT.7.19,Mole mosusu mokadae pɛ bobota mbuma ipele mokwɛlɛmɛbi ko modumbamabi ta mosa.,Tout arbre qui ne porte pas de bons fruits est coupé et jeté au feu.
MAT.7.20,"Na bea, odjebabini ba mbaeli ba bolowa na misala mi bobo.».",Cest donc à leurs fruits que vous les reconnaîtrez.
MAT.7.21,"«Editi na bato basusu bakabale na mbi: Kumu, Kumu, ba ndani bakweabi ta bo Bokumu bo diko. Endolo edi oko yona akɔkɔ bolulea bo Sange e mbi yona odi o diko.","Ceux qui me disent: Seigneur, Seigneur! Nentreront pas tous dans le royaume des cieux, mais celui-là seul qui fait la volonté de mon Père qui est dans les cieux."
MAT.7.22,"Ta busa bo esambi, bato banɛnɛ babalakabi na mbi: Kumu, Kumu, edi na kombe e wɛ lotɛlɛkɛ; edi na kombe e wɛ lobenganaka miembo mibe; edi na kombe e wɛ lokɔkɔ ngindola inɛnɛ. Otadjebaka?.","Plusieurs me diront en ce jour-là: Seigneur, Seigneur, navons-nous pas prophétisé par ton nom? Navons-nous pas chassé des démons par ton nom? Et navons-nous pas fait beaucoup de miracles par ton nom?."
MAT.7.23,"Na bea nabalakabi na bu: Natodjebakani; kɛni bohali na mbi, ino bakɔmeli ba mabe!».","Alors je leur dirai ouvertement: Je ne vous ai jamais connus, retirez-vous de moi, vous qui commettez liniquité."
MAT.7.24,"«Na bea, moto mosusu oki mibalo misabala mbi ko amisi ta mosala aboani na moto obowɛi yona otonga ndako e nde ta diko i ibanga.","Cest pourquoi, quiconque entend ces paroles que je dis et les met en pratique, sera semblable à un homme prudent qui a bâti sa maison sur le roc."
MAT.7.25,"Mbuwa ekwaka, pela eduaka, lungu epipo ekumbaka ta ndako, endolo eikwaka, tengasa moboko mo yu mopikamaka ta diko i ibanga.","La pluie est tombée, les torrents sont venus, les vents ont soufflé et se sont jetés contre cette maison: elle nest point tombée, parce quelle était fondée sur le roc."
MAT.7.26,Endolo moto mosusu yona oki mibalo misahula mbi abala ko amiti misa ta mosala adabi elenge endanga yona etongaka ndako ta diko i mbume.,"Mais quiconque entend ces paroles que je dis, et ne les met pas en pratique, sera semblable à un homme insensé qui a bâti sa maison sur le sable."
MAT.7.27,"Ehole ekwaka mbuwa, pela eduaka, lungu epipo ebomaka ndako ko ekwaka: ko ndako emina ebukeana esusu.».","La pluie est tombée, les torrents sont venus, les vents ont soufflé et ont battu cette maison: elle est tombée, et sa ruine a été grande."
MAT.7.28,"Ehole esidjaka Yesu bobala mibalo mi nde, bato basusu bakamoaka na moda mo boleha bo nde.","Après que Jésus eut achevé ces discours, la foule fut frappée de sa doctrine;."
MAT.7.29,"Tengasa ailehaka elenge balehi ba mobeko, endolo abalehaka na kpatsi.","car il enseignait comme ayant autorité, et non pas comme leurs scribes."
MAT.8.1,"Ehole etitaka Yesu ta ikoli, emumu e bato emokimanaka.","Lorsque Jésus fut descendu de la montagne, une grande foule le suivit."
MAT.8.2,"Na bea moto omɔti o mabha aduaka adi yo, akwaka magbundɔ ta boso bo nde ko abalaka: «Kumu, okapala, sɛnodjani!».","Et voici, un lépreux sétant approché se prosterna devant lui, et dit: Seigneur, si tu le veux, tu peux me rendre pur."
MAT.8.3,"Yesu aninodjaka ebɔ, apeaka moto o mabha ko abalaka: «Napali, sɛnoa!» Oko ta ehole emina asɛnoaka na mabha ma nde.","Jésus étendit la main, le toucha, et dit: Je le veux, sois pur. Aussitôt il fut purifié de sa lèpre."
MAT.8.4,"Yesu abalaka na nde: «Oka bopele: pɛ botɔndea moto. Endolo kɛɛ asinedje adi nganga o Ndjakomba, pa ikabo elenge moda mokoma Mose, tine boo edae tati ta miso ma bato basusu boo oheli .».","Puis Jésus lui dit: Garde-toi den parler à personne; mais va te montrer au sacrificateur, et présente loffrande que Moïse a prescrite, afin que cela leur serve de témoignage."
MAT.8.5,"Ehole ekweaka Yesu ta ibonga i Kapalanauma, kapitɛne omɔti o basoda aduaka adi yo bosɛngɛ ekamoi.","Comme Jésus entrait dans Capernaüm, un centenier laborda."
MAT.8.6,"Aongɔnɔkɔ Yesu: «Kumu, mosali o mbi asambi ta ndako, atabɔngɔkɔ nongo bodala ko apekaka mɛnɛ.».","le priant et disant: Seigneur, mon serviteur est couché à la maison, atteint de paralysie et souffrant beaucoup."
MAT.8.7,"Yesu abalaka na nde: «Naduake, amoheledja.».","Jésus lui dit: Jirai, et je le guérirai."
MAT.8.8,"Endolo kapitɛne omina o basoda abalaka na nde: «Kumu, eboaniti boo okwe ta ndako e mbi. Endolo bala oto kɔpi emɔti mosali o mbi ahelake.","Le centenier répondit: Seigneur, je ne suis pas digne que tu entres sous mon toit; mais dis seulement un mot, et mon serviteur sera guéri."
MAT.8.9,Tengasa mbi mɛnɛ nadi na se e kpatsi adi bakondji i banɔini ko nadi na basoda ibadi na se i bokondji bo mbi. Nakabala na omɔti Kɛɛ! Akɛke; nakabala na okina: Dua! Aduake; ko nakabala na mosali o mbi: Kɔɔ mosala mu! Akɔke.».,"Car, moi qui suis soumis à des supérieurs, jai des soldats sous mes ordres; et je dis à lun: Va! Et il va; à lautre: Viens! Et il vient; et à mon serviteur: Fais cela! Et il le fait."
MAT.8.10,"Ehole eokaka Yesu mibalo mia, akamoaka ko abalaka na bato ibamokimanaka: «Soti nabalaka na nu: napakini aenɛ moto o edimeli e moda mu ta Isalɛlɛ!.","Après lavoir entendu, Jésus fut dans létonnement, et il dit à ceux qui le suivaient: Je vous le dis en vérité, même en Israël je nai pas trouvé une aussi grande foi."
MAT.8.11,"Soti, nabalaka na nu boo bato banɛnɛ badongabi ta dɔngɔ ikaime modakabusa, na ikakɛɛ atita modakabusa ko badiabi ndjea e boyaka ta Bokumu bo diko engbanga na Abalayama, na Isaka ko na Djakobo.","Or, je vous déclare que plusieurs viendront de lorient et de loccident, et seront à table avec Abraham, Isaac et Jacob, dans le royaume des cieux."
MAT.8.12,"Endolo bato ibabɔngedjama bokwea ta Bokumu bo diko, badumbamabi sokolu ta modidi, oho bayeabi ko bakpɛkɛnɛbi mino.».","Mais les fils du royaume seront jetés dans les ténèbres du dehors, où il y aura des pleurs et des grincements de dents."
MAT.8.13,Yesu abalaka na kapitɛne o basoda o Loma: «Yana ta ndako e wɛ! Ekɔme adi wɛ boboana na bodima bo wɛ!» Ko mosali o kapitɛne o basoda o Loma ahelaka oko ta ehole yena.,"Puis Jésus dit au centenier: Va, quil te soit fait selon ta foi. Et à lheure même le serviteur fut guéri."
MAT.8.14,"Ehole ekɛkɛ Yesu ta ndako e Piɛlɛ, ataneaka bokiyo bo Piɛlɛ asambi, tengasa apekaka na pɛpɛlɛ.","Jésus se rendit ensuite à la maison de Pierre, dont il vit la belle-mère couchée et ayant la fièvre."
MAT.8.15,Yesu amobakeaka ebɔ ko pɛpɛlɛ esiaka. Na bea angɔkɔ ko aimeaka bomokɔmedja.,"Il toucha sa main, et la fièvre la quitta; puis elle se leva, et le servit."
MAT.8.16,"Yana aimeaka mɔmɔkɔ, baduaka na bato banɛnɛ adi Yesu ibatungeamaka na miembo mibe. Oko na mobalo momɔti, abenganaka miembo mibe mimina ko aheledjaka bato basusu ba bipeko.","Le soir, on amena auprès de Jésus plusieurs démoniaques. Il chassa les esprits par sa parole, et il guérit tous les malades."
MAT.8.17,Na bea ekokedjamaka mobalo mobalamaka na mbaeli o Ndjakomba Isaya: «Atombi bwɛmbu bo biso ko aloheledji na bipeko bi biso.».,"afin que saccomplît ce qui avait été annoncé par Ésaïe, le prophète: Il a pris nos infirmités, et il sest chargé de nos maladies."
MAT.8.18,"Ehole enɛkɛ Yesu emumu e bato bomohika, apaka ndjea adi batingami ba nde bakatise dɔngɔ ikina i ibeke.","Jésus, voyant une grande foule autour de lui, donna lordre de passer à lautre bord."
MAT.8.19,"Molehi o mobeko omɔti aduaka adi Yesu ko abalaka: «Kumu, mbi nokimanake ta polo isusu djakɛke wɛ.».","Un scribe sapprocha, et lui dit: Maître, je te suivrai partout où tu iras."
MAT.8.20,"Yesu abalaka na nde: «Bibanga idi na mapose ko mbulu idi na mopo, endolo Mwana o Moto aditi na polo e bohwɛ ko e bosambea nongo molo.».","Jésus lui répondit: Les renards ont des tanières, et les oiseaux du ciel ont des nids; mais le Fils de lhomme na pas où reposer sa tête."
MAT.8.21,"Okina ta tei e batingami ba Yesu abalaka na nde: «Kumu, pani ndjea napete kɛɛ apusea sange e mbi.».","Un autre, dentre les disciples, lui dit: Seigneur, permets-moi daller dabord ensevelir mon père."
MAT.8.22,Endolo Yesu amosɔmbedjaka: «Kimanani ko kina bago na bago basapuseane.».,"Mais Jésus lui répondit: Suis-moi, et laisse les morts ensevelir leurs morts."
MAT.8.23,Ehole etiteaka Yesu ta bwato ko batingami ba nde bamokimanaka.,"Il monta dans la barque, et ses disciples le suivirent."
MAT.8.24,"Gbundumo, lungu epipo ebangaka bokumba ta ibeke ko madiba maimeaka mbuti na bodindedja bwato. Endolo Yesu adaka ahwɛli.","Et voici, il séleva sur la mer une si grande tempête que la barque était couverte par les flots. Et lui, il dormait."
MAT.8.25,"Batingami babatamaka mbuti na Yesu ko bamosisodjaka na bogama: «Kumu, loheledja! Lodoi agwa!».","Les disciples sétant approchés le réveillèrent, et dirent: Seigneur, sauve-nous, nous périssons!."
MAT.8.26,"Yesu abasɔmbedjaka: «Odini na bɔɔ tina nda? Bato ba edimeli ekɛkɛ!» Na bea aemaka ko agameaka lungu, mbonge ko losusu lopɔpɔnɔkɔ.","Il leur dit: Pourquoi avez-vous peur, gens de peu de foi? Alors il se leva, menaça les vents et la mer, et il y eut un grand calme."
MAT.8.27,"Bakamoaka ko babalaka: «Moto yo adi mɛnɛ nda, na lungu, na mbonge losusu bomosuma ?».","Ces hommes furent saisis détonnement: Quel est celui-ci, disaient-ils, à qui obéissent même les vents et la mer?."
MAT.8.28,"Ehole eimeaka Yesu ta dɔngɔ ikina i ibeke, ta ekenge e mokpɔtɔ mo Gadala , bami babae baimaka ta ndanda e makila ko baduaka bosakana na nde. Bami bamina batungeamaka na miembo mibe; badaka bato ba bobila ko bato badaka na bɔɔ e bonɔ ta ndjea emina.","Lorsquil fut à lautre bord, dans le pays des Gadaréniens, deux démoniaques, sortant des sépulcres, vinrent au-devant de lui. Ils étaient si furieux que personne nosait passer par là."
MAT.8.29,"Bagamaka: «Tina ndani odoi akwea ta midjɔ mi biso, Mwana o Ndjakomba? Odoi iya tine boloyekea boso bo ehole ebɔngedjama?».","Et voici, ils sécrièrent: Quy a-t-il entre nous et toi, Fils de Dieu? Es-tu venu ici pour nous tourmenter avant le temps?."
MAT.8.30,Enakobea oho bwela bo ngulu idaka boyaka.,Il y avait loin deux un grand troupeau de pourceaux qui paissaient.
MAT.8.31,Miembo mibe miongɔnɔkɔ Yesu: «Lobengana bohali adi bwela bo ngulu.».,"Les démons priaient Jésus, disant: Si tu nous chasses, envoie-nous dans ce troupeau de pourceaux."
MAT.8.32,"Yesu abalaka na miembo mibe: «Imanani!» Miembo mibe mimanaka ko mikweaka ta bwela bo ngulu. Mbala emɔti, bwela bosusu bo ngulu botitaka bodonga ta ikoli mbunoko bodindaka ta duwa.","Il leur dit: Allez! Ils sortirent, et entrèrent dans les pourceaux. Et voici, tout le troupeau se précipita des pentes escarpées dans la mer, et ils périrent dans les eaux."
MAT.8.33,Babanei ba ngulu batiaka; bakɛkɛ ta ibonga bopa gala e meako misusu iminɔmɔkɔ ko moda ndani mohelaka na bato bia i batungeamaka na miembo mibe.,"Ceux qui les faisaient paître senfuirent, et allèrent dans la ville raconter tout ce qui sétait passé et ce qui était arrivé aux démoniaques."
MAT.8.34,Na bea bato basusu ba ibonga baimaka ta bosongana na Yesu. Ehole eimeakabo mbuti na Yesu bamongɔnɔkɔ aimane ta mokpɔtɔ mo bobo.,"Alors toute la ville sortit à la rencontre de Jésus; et, dès quils le virent, ils le supplièrent de quitter leur territoire."
MAT.9.1,"Yesu atiteaka ta bwato, akatisaka ibeke tine bokɛ ta ngando e nde.","Jésus, étant monté dans une barque, traversa la mer, et alla dans sa ville."
MAT.9.2,"Bamolwɛkɛ momi ondɔ mako asambi ta bokaki. Ehole enɛkɛ Yesu bodima bo bobo, abalaka na momi ondɔ mako: «Mwana o mbi, sapingedja! Pekato i wɛ iyɛmi!».","Et voici, on lui amena un paralytique couché sur un lit. Jésus, voyant leur foi, dit au paralytique: Prends courage, mon enfant, tes péchés te sont pardonnés."
MAT.9.3,Na bea ekenge e balehi ba mobeko basabaleanaka: «Moto iyo asingaka Ndjakomba !».,"Sur quoi, quelques scribes dirent au-dedans deux: Cet homme blasphème."
MAT.9.4,Yesu asipoaka malɛno ma bobo ko abalaka na bu: «Tina ndani odini na malɛi mabe bea?.,"Et Jésus, connaissant leurs pensées, dit: Pourquoi avez-vous de mauvaises pensées dans vos cœurs?."
MAT.9.5,"Modjɔ monɔi na bopɛpɛtɛ bobala: Pekato i wɛ iyɛmi, kaoko bobala angɔ ko dala.","Car, lequel est le plus aisé, de dire: Tes péchés sont pardonnés, ou de dire: Lève-toi, et marche?."
MAT.9.6,Napalaki odjebeni boo Mwana o Moto adi na bokondji bo boyɛ pekato ta ngondo.» Na bea abalaka na momi ondɔ mako: «Angɔ ko tomba bokaki bo wɛ ko yana ta ndako e wɛ!».,"Or, afin que vous sachiez que le Fils de lhomme a sur la terre le pouvoir de pardonner les péchés: Lève-toi, dit-il au paralytique, prends ton lit, et va dans ta maison."
MAT.9.7,Momi omina angɔkɔ ko ayanaka ta ndako e nde.,"Et il se leva, et sen alla dans sa maison."
MAT.9.8,"Ehole enɛkɛ emumu e bato bea, balumaka na bɔɔ ko baimeaka bokumedja Ndjakomba yona opi sueya e moda mu adi bato.","Quand la foule vit cela, elle fut saisie de crainte, et elle glorifia Dieu, qui a donné aux hommes un tel pouvoir."
MAT.9.9,Yesu adongaka ta polo emina ko ta bonɔ bo nde aenɛkɛ momi omɔti na kombe e Matayo adi ta bilo ekaputedje bo puti. Abalaka na nde: «Kimanani!» Matayo angɔkɔ ko amokimanaka.,"De là étant allé plus loin, Jésus vit un homme assis au lieu des péages, et qui sappelait Matthieu. Il lui dit: Suis-moi. Cet homme se leva, et le suivit."
MAT.9.10,"Ehole edaka Yesu boyaka ta ndako e Matayo, baputedji ba puti banɛnɛ ko bato bakina ba gala ibe baduaka ayaka mesa emɔti na nde, engbanga na batingami ba nde.","Comme Jésus était à table dans la maison, voici, beaucoup de publicains et de gens de mauvaise vie vinrent se mettre à table avec lui et avec ses disciples."
MAT.9.11,"Ehole enɛkɛ bapalusai bea, bahɔdjɔkɔ batingami ba Yesu: «Tina ndani molehi o bino ayaka na baputedji ba puti ko na bato ba gala ibe?».","Les pharisiens virent cela, et ils dirent à ses disciples: Pourquoi votre maître mange-t-il avec les publicains et les gens de mauvaise vie?."
MAT.9.12,"Yana aokaka Yesu bapalusai bobala, abalaka: «Bato bapɛ bipeko te bahombe monganga, edii bato ba bipeko bakahombe monganga.","Ce que Jésus ayant entendu, il dit: Ce ne sont pas ceux qui se portent bien qui ont besoin de médecin, mais les malades."
MAT.9.13,Kɛni aikoeni tingo e mibalo mi: Nakasepe na molema mua mokokee bato ndjokwa bonɔ mbeka i tito. Tengasa naidua ahomba bato ba bodjo endolo bato babe.».,"Allez, et apprenez ce que signifie: Je prends plaisir à la miséricorde, et non aux sacrifices. Car je ne suis pas venu appeler des justes, mais des pécheurs."
MAT.9.14,"Batingami ba Yoane Mobatisi baduaka adi Yesu ko bamohɔdjɔkɔ: «Tina ndani iso na bapalusai bokiaka, endolo batingami ba wɛ tebakie?».","Alors les disciples de Jean vinrent auprès de Jésus, et dirent: Pourquoi nous et les pharisiens jeûnons-nous, tandis que tes disciples ne jeûnent point?."
MAT.9.15,"Yesu abasɔmbedjaka: «Walɛdjɛkɛni bato babeami ta tɛkɛ e moki baboani boda na ndjokwa ta ehole edi momi o moki engbanga na bu? Ngasa! Edabi na ehole emɔti, momi o moki adaetebi na bu; na bea bakiakabi.","Jésus leur répondit: Les amis de lépoux peuvent-ils saffliger pendant que lépoux est avec eux? Les jours viendront où lépoux leur sera enlevé, et alors ils jeûneront."
MAT.9.16,«Moto aboaniti atonge esendja eyou na epasa esendja eyanie; tengasa epasa esendja eyanie ealake esendja eyou ko ipose lanɛngɛke naikina.,"Personne ne met une pièce de drap neuf à un vieil habit; car elle emporterait une partie de lhabit, et la déchirure serait pire."
MAT.9.17,"Te baisake mana mayanie ta mbola iyou; esakada boo mbola ibatoe, mana masopee ko mbola igwɛ. Boisaka mana ma yanie ta mbola iyanie ko na bea mabaneamake bopele.».","On ne met pas non plus du vin nouveau dans de vieilles outres; autrement, les outres se rompent, le vin se répand, et les outres sont perdues; mais on met le vin nouveau dans des outres neuves, et le vin et les outres se conservent."
MAT.9.18,"Ehole ebalaka Yesu na bu bea, mokondji omɔti o bayuda aimeaka, akwaka magbundɔ ta boso bo Yesu ko abalaka: «Mwana o mbi mwali ahulake agwa edɛdi; endolo dua, omobake ebɔ ko ahelake!».","Tandis quil leur adressait ces paroles, voici, un chef arriva, se prosterna devant lui, et dit: Ma fille est morte il y a un instant; mais viens, impose-lui les mains, et elle vivra."
MAT.9.19,Na bea Yesu angɔkɔ ko amokimanaka na emumu e batingami ba nde.,"Jésus se leva, et le suivit avec ses disciples."
MAT.9.20,"Oko ta ehole emina, mwali omɔti apekaka na yogo e botanga makia bianga domi na babae. Aduaka ta sangɔngɔ i Yesu ko apeaka molenda mo esendja e nde.","Et voici, une femme atteinte dune perte de sang depuis douze ans sapprocha par derrière, et toucha le bord de son vêtement."
MAT.9.21,"Tengasa asabaleaka: «Nakapea nongo sɔngɔ e esendja e nde, nahelake.».","Car elle disait en elle-même: Si je puis seulement toucher son vêtement, je serai guérie."
MAT.9.22,"Yesu ahombanaka, amoenɛkɛ ko abalaka: «Mwana o mbi mwali, sapingedja! Bodima bo wɛ boheledji.» Oko ta ehole emina, mwali omina ahelaka.","Jésus se retourna, et dit, en la voyant: Prends courage, ma fille, ta foi ta guérie. Et cette femme fut guérie à lheure même."
MAT.9.23,"Ehole eimeaka Yesu ta ndako e mokondji o sinagoga, aenɛkɛ babomeli ba panda na emumu e bato badaka bosatungea.","Lorsque Jésus fut arrivé à la maison du chef, et quil vit les joueurs de flûte et la foule bruyante."
MAT.9.24,"Abalaka na bu: «Imani iya, tengasa mwana agwiti, ahwɛli hiyɔ.» Endolo bato basɛkɛkɛ Yesu.","il leur dit: Retirez-vous; car la jeune fille nest pas morte, mais elle dort. Et ils se moquaient de lui."
MAT.9.25,"Ehole eimaka emumu e bato sokolu, Yesu akweaka ta ekenge e ndako, apeaka mwana ta ebɔ ko moseka mwali asisoaka.","Quand la foule eut été renvoyée, il entra, prit la main de la jeune fille, et la jeune fille se leva."
MAT.9.26,Gala e modjɔ momina enanganaka ta ngondo emina esusu.,Le bruit sen répandit dans toute la contrée.
MAT.9.27,"Ehole edongaka Yesu ena, emumu e bato ibagwa miso bamokimanaka na bogama: «Mwana o Dapiti, lokea ndjokwa!».","Étant parti de là, Jésus fut suivi par deux aveugles, qui criaient: Aie pitié de nous, Fils de David!."
MAT.9.28,"Ehole eimeaka Yesu ta ndako, bato babae bagwa miso bamina babatamaka mbuti na nde. Abahɔdjɔkɔ: «Odimini boo nadi na kpatsi e bokɔ eka esɛngɛkɛno?» Bamosɔmbedjaka: «Okobea, Kumu.».","Lorsquil fut arrivé à la maison, les aveugles sapprochèrent de lui, et Jésus leur dit: Croyez-vous que je puisse faire cela? Oui, Seigneur, lui répondirent-ils."
MAT.9.29,Na bea Yesu apeaka miso ma bobo ko abalaka: «Kina boo ekɔme bokimana bodima bo bino!».,"Alors il leur toucha les yeux, en disant: Quil vous soit fait selon votre foi."
MAT.9.30,"Ko mbala emɔti, baimeaka boenɛ. Yesu abakebedjaka: «Okani bopele, moto adae pɛ bodjeba modjɔ mokɔmi na nu.».",Et leurs yeux souvrirent. Jésus leur fit cette recommandation sévère: Prenez garde que personne ne le sache.
MAT.9.31,Enakobea bo bakɛkɛ bonanganedja gala e Yesu ta ibonga isusu.,"Mais, dès quils furent sortis, ils répandirent sa renommée dans tout le pays."
MAT.9.32,"Ehole ayanaka bato bia babae, baduaka adi Yesu na momi omɔti odaka emimi tine atungeamaka na mwembo mobe.","Comme ils sen allaient, voici, on amena à Jésus un démoniaque muet."
MAT.9.33,Yesu abenganaka mwembo mobe momina ko emimi omina aimeaka bobala. Emumu e bato balumaka na bokamoa ko babalaka: «Loipakenɛ modjɔ moda mu ta Isalɛlɛ!».,"Le démon ayant été chassé, le muet parla. Et la foule étonnée disait: Jamais pareille chose ne sest vue en Israël."
MAT.9.34,Enakobea bapalusai babalaka: «Edi mokondji o miembo mibe amopaka kpatsi e bobengana miembo mibe!».,Mais les pharisiens dirent: Cest par le prince des démons quil chasse les démons.
MAT.9.35,"Yesu akɛkɛ ta ngando na ngando ko ibonga na ibonga, tine boleha ta basinagoga ko botɔndɔ Bwɛndi Bopele bo Bokumu bo diko. Aheledjaka bato basusu ba bipeko ko na biɛmɛ bi bobo.","Jésus parcourait toutes les villes et les villages, enseignant dans les synagogues, prêchant la bonne nouvelle du royaume, et guérissant toute maladie et toute infirmité."
MAT.9.36,"Ehole enɛkɛ Yesu emumu e bato, abaokeaka ndjokwa, tengasa badi elenge bato bataka ndingo ko baluma na bokɛsɛdji elenge bhata bataka mobanei .","Voyant la foule, il fut ému de compassion pour elle, parce quelle était languissante et abattue, comme des brebis qui nont point de berger."
MAT.9.37,Na bea Yesu abalaka na batingami ba nde: «Gbie edi enɛnɛ ko basali badi bakɛkɛ!.,"Alors il dit à ses disciples: La moisson est grande, mais il y a peu douvriers."
MAT.9.38,"Na tina emina, ongɔnɔni adi moswa gbie boo alome basali ta gbie e nde.».",Priez donc le maître de la moisson denvoyer des ouvriers dans sa moisson.
MAT.10.1,Ngɔngɔ Yesu abeaka batingami domi na babae ko abapaka kpatsi e bobengana miembo mibe ko boheledja bipeko bisusu ko na biɛmɛ bisusu.,"Puis, ayant appelé ses douze disciples, il leur donna le pouvoir de chasser les esprits impurs, et de guérir toute maladie et toute infirmité."
MAT.10.2,"Endja kombe i bapɔsɔlu domi na babae: o mbangi Simo, yona obakeabo kombe e Piɛlɛ; ko na mwange e nde Andele, Djake ko na mwange e nde Yoane, basusu babae bana bami ba Djebede;.","Voici les noms des douze apôtres. Le premier, Simon appelé Pierre, et André, son frère; Jacques, fils de Zébédée, et Jean, son frère;."
MAT.10.3,"Pilipo ko Batelemi, Toma ko Matayo moputedji o puti, Djake mwana momi o Alipe ko Tade;.","Philippe, et Barthélemy; Thomas, et Matthieu, le publicain; Jacques, fils dAlphée, et Thaddée;."
MAT.10.4,Simo moto okaswe ngando ko Yudasi Isikaliota yona okabaka Yesu.,"Simon le Cananite, et Judas lIscariot, celui qui livra Jésus."
MAT.10.5,Edaka bami domi na babae i balomaka Yesu elomu na simbisi idji: «Pɛ bokɛni ta dɔngɔ i bato ba bikomi bi bakɛndɛli ko pɛ bokweani ta ibonga i Basamalia.,"Tels sont les douze que Jésus envoya, après leur avoir donné les instructions suivantes: Nallez pas vers les païens, et nentrez pas dans les villes des Samaritains;."
MAT.10.6,Endolo kɛni adi bato ba Isalɛlɛ badi elenge bhata i babunga ndjea.,allez plutôt vers les brebis perdues de la maison dIsraël.
MAT.10.7,"Ehole akɛkɛno ndjea ndjea, dumbeakani gala ye boo: Bokumu bo diko bobatami.","Allez, prêchez, et dites: Le royaume des cieux est proche."
MAT.10.8,"Heledjani bato ba bipeko, sisodjani bato bago, sɛnodjani bato ba mabha ko benganani miembo mibe. Odihini ngasa ko pani pongono ngasa.","Guérissez les malades, ressuscitez les morts, purifiez les lépreux, chassez les démons. Vous avez reçu gratuitement, donnez gratuitement."
MAT.10.9,"Pɛ botombani nongo ta mosenge mo bino wolo, palata kaoko palanga e ebende.","Ne prenez ni or, ni argent, ni monnaie, dans vos ceintures;."
MAT.10.10,"Pɛ botombani sɛki tine mɔndɔ, pɛ kasaka ibae, pɛ sapato ko pɛ pango. Tengasa, mosali atungi na iputi i nde .","ni sac pour le voyage, ni deux tuniques, ni souliers, ni bâton; car louvrier mérite sa nourriture."
MAT.10.11,"«Ehole aimeakeno ta ibonga imɔti kaoko ta ngando emɔti, hombani moto oboani na boasɔni ko daani ta ndako e nde mbunoko ehole adongakeno.","Dans quelque ville ou village que vous entriez, informez-vous sil sy trouve quelque homme digne de vous recevoir; et demeurez chez lui jusquà ce que vous partiez."
MAT.10.12,"Ekadabo okweini ta ndako emɔti, balani: Bogo bodae na nu.","En entrant dans la maison, saluez-la;."
MAT.10.13,"Na bea ekada boo bato ba ndako emina basɔini, kinani boo bogo bo bino bo bodae na bu. Endolo bamitoasɔni, kinani boo bogo bo bino bosɔmbe adi no.","et, si la maison en est digne, que votre paix vienne sur elle; mais si elle nen est pas digne, que votre paix retourne à vous."
MAT.10.14,"Ekadabo baloni boasɔni ta ndako i bobo kaoko ta ibonga kaoko baloni bokeani, dongani ena ko bhubholani dhutu i mako ma bino .","Lorsquon ne vous recevra pas et quon nécoutera pas vos paroles, sortez de cette maison ou de cette ville et secouez la poussière de vos pieds."
MAT.10.15,"Soti nabalaka na nu: ta busa bo esambi, etumbo e mabonga ma Sɔdɔmɔ ko Gomola edabi ekɛkɛ bonɔ yena adiabibo.","Je vous le dis en vérité: au jour du jugement, le pays de Sodome et de Gomorrhe sera traité moins rigoureusement que cette ville-là."
MAT.10.16,«Okani! Nolomakani elenge bhata ta ndanda e swa. Na bea daani na engɛlɛ elenge ndjɔ ko bosatitedja elenge embenga.,"Voici, je vous envoie comme des brebis au milieu des loups. Soyez donc prudents comme les serpents, et simples comme les colombes."
MAT.10.17,"Daani na engɛlɛ, tengasa bato bopundakabini ta ibolea inɛnɛ i basuku ba bayuda ko bokɛsɛkɛkɛbini mbalake ta basinagoga i bobo.","Mettez-vous en garde contre les hommes; car ils vous livreront aux tribunaux, et ils vous battront de verges dans leurs synagogues;."
MAT.10.18,"Bosambedjakabini ta boso bo bagupɛnɛlɛ ko bakondji. Na ndjea emina, opabini tati ta tina e mbi ta boso bo bobo ko ta boso bo bato ba bikomi bi bakɛndɛli.","vous serez menés, à cause de moi, devant des gouverneurs et devant des rois, pour servir de témoignage à eux et aux païens."
MAT.10.19,"Endolo ehole eopundakabinibo, pɛ bosatungeani na mibalo mabalakeno kaoko mwɛngi mo bobala: miopamakabini oko ta ehole yena.","Mais, quand on vous livrera, ne vous inquiétez ni de la manière dont vous parlerez ni de ce que vous direz: ce que vous aurez à dire vous sera donné à lheure même;."
MAT.10.20,"Tengasa edaetebino bato babalabi, endolo Mwembo mo Sange e bino mo balakabi na ndjea e minɔkɔ mi bino.","car ce nest pas vous qui parlerez, cest lEsprit de votre Père qui parlera en vous."
MAT.10.21,"Mwange e moto akababi mwange e nde ta bogwa, sange e moto akababi mwana o nde, bana baleloakabi na baboti ba bobo ko babakabakabi ta bogwa.","Le frère livrera son frère à la mort, et le père son enfant; les enfants se soulèveront contre leurs parents, et les feront mourir."
MAT.10.22,"Bato basusu bolonakabini ta tina e kombe e mbi. Endolo moto yona osagbindeakabi mbunoko suka, ahelabi.","Vous serez haïs de tous, à cause de mon nom; mais celui qui persévérera jusquà la fin sera sauvé."
MAT.10.23,"Ekadabo bonɔngedjini ta ibonga imɔti, tiyani ta ibonga ikina. Soti nabali na nu: osidjetebini mabonga masusu ma Isalɛlɛ boso boo Mwana o Moto adue.».","Quand on vous persécutera dans une ville, fuyez dans une autre. Je vous le dis en vérité, vous naurez pas achevé de parcourir les villes dIsraël que le Fils de lhomme sera venu."
MAT.10.24,«Motingami tanɔe molehi o nde; nongo mobuli tanɔe moswa nde.,"Le disciple nest pas plus que le maître, ni le serviteur plus que son seigneur."
MAT.10.25,"Enakobea motingami aboani boda elenge molehi o nde ko mobuli elenge moswa nde. Elenge amobeaka bo mokondji o Bɛlɛdjɛbulɛ, modakabibo moda mosingakabi bo bato i badi ta ndako e nde!».","Il suffit au disciple dêtre traité comme son maître, et au serviteur comme son seigneur. Sils ont appelé le maître de la maison Béelzébul, à combien plus forte raison appelleront-ils ainsi les gens de sa maison!."
MAT.10.26,"«Na tina emina, pɛ bobabangani, tengasa misusu i mi bombama midjebamabi ko misusu mi mbombi mienɛmɛbi ta bhuda.","Ne les craignez donc point; car il ny a rien de caché qui ne doive être découvert, ni de secret qui ne doive être connu."
MAT.10.27,"Meako motɔndeakani mbi edɛdi ta modidi, mibalani ta moyi mopipo; ko imabalaka bo na nu na popoli ta matoi ma bino, migamakabi ta diko i ndako.","Ce que je vous dis dans les ténèbres, dites-le en plein jour; et ce qui vous est dit à loreille, prêchez-le sur les toits."
MAT.10.28,"Pɛ bobangani bia bowaka mokuku, endolo baboaniti bowa dongi; bangani yona odi na mwɛngi mo bowa mokuku na dongi ko bodumba ta ipelu.",Ne craignez pas ceux qui tuent le corps et qui ne peuvent tuer lâme; craignez plutôt celui qui peut faire périr lâme et le corps dans la géhenne.
MAT.10.29,"Modjɔ nda, tebatɛke bana ba iseketele babae na palanga ipɛ tina? Enakobea, pɛ omɔti eboaniti bokwa ta kpɔtɔ emiti daa boo Sange e bino amitipa ndjea.","Ne vend-on pas deux passereaux pour un sou? Cependant, il nen tombe pas un à terre sans la volonté de votre Père."
MAT.10.30,"Ta tina e bino, nongo motuya mo swe i bino modi molangamake.",Et même les cheveux de votre tête sont tous comptés.
MAT.10.31,"Na bea, pɛ bobangani: ino onɔini bana ba iseketele basusu na tina!».",Ne craignez donc point: vous valez plus que beaucoup de passereaux.
MAT.10.32,"«Moto mosusu yona obalakabi ta boso bo bato boo adi motingami o mbi, mbi pongono nabalakabi tina e nde ta boso bo Sange e mbi yona odi o diko.","Cest pourquoi, quiconque me confessera devant les hommes, je le confesserai aussi devant mon Père qui est dans les cieux;."
MAT.10.33,"Endolo ekada boo moto ainganeini ta miso ma bato boo aditi motingami o mbi, mbi pongono namoinganeabi ta boso bo Sange e mbi yona odi o diko.».","mais quiconque me reniera devant les hommes, je le renierai aussi devant mon Père qui est dans les cieux."
MAT.10.34,"«Olɛdjini boo nadoi tine boisa bogo ta ngondo? Ngasa, nadoiti tine boisa bogo, endolo bila.","Ne croyez pas que je sois venu apporter la paix sur la terre; je ne suis pas venu apporter la paix, mais lépée."
MAT.10.35,"Tengasa, nadoi tine bogbɔtodja mwana momi na sange e nde, mwana mwali na nange e nde ko bokio mwali na nange e momi o nde.","Car je suis venu mettre la division entre lhomme et son père, entre la fille et sa mère, entre la belle-fille et sa belle-mère;."
MAT.10.36,Baloni ba moto badabi oko bato ba ndako e nde.,et lhomme aura pour ennemis les gens de sa maison.
MAT.10.37,"Moto yona okapale sange e nde kaoko nange e nde bonɔ mbi, aboaniti na mbi. Moto yona okapale mwana o nde momi kaoko mwana o nde mwali bonɔ mbi aboaniti na mbi.","Celui qui aime son père ou sa mère plus que moi nest pas digne de moi, et celui qui aime son fils ou sa fille plus que moi nest pas digne de moi;."
MAT.10.38,"Moto yona adake pɛ botomba ekulusu e nde bɛngi akimaneni, aboaniti na mbi.","celui qui ne prend pas sa croix, et ne me suit pas, nest pas digne de moi."
MAT.10.39,"Yona apalaka bobanea mohelo mo nde, amobungedjake. Endolo yona abungedjake mohelo mo nde tina e mbi, amodiabi.».","Celui qui conservera sa vie la perdra, et celui qui perdra sa vie à cause de moi la retrouvera."
MAT.10.40,"«Moto mosusu oasɔini, asɔi mbi pongono; ko moto yona oasɔini, asɔi pongono yona olomani.","Celui qui vous reçoit me reçoit, et celui qui me reçoit, reçoit celui qui ma envoyé."
MAT.10.41,"Moto yona oasɔi mbaeli o Ndjakomba tine adi mbaeli, adiabi iputi ipama tina e mbaeli. Yona oasɔi moto o bodjo tine boo adi moto o bodjo adi Ndjakomba, adiake iputi ipama tina e moto o bodjo.","Celui qui reçoit un prophète en qualité de prophète recevra une récompense de prophète, et celui qui reçoit un juste en qualité de juste recevra une récompense de juste."
MAT.10.42,"Soti nabalaka na nu: yona apaka nongo kɔbɔ e madiba ma botiti adi bana bakɛkɛkɛ bi, tine boo badi batingami ba mbi, moto omina adiabi iputi i nde.».","Et quiconque donnera seulement un verre deau froide à lun de ces petits parce quil est mon disciple, je vous le dis en vérité, il ne perdra point sa récompense."
MAT.11.1,"Ehole esidjaka Yesu bopa simbisi adi batingami ba nde domi na babae, adongaka ena ko akɛkɛ boleha ko bonanganedja gala e Bwɛndi Bopele ta mabonga ma mokpɔtɔ mua.","Lorsque Jésus eut achevé de donner ses instructions à ses douze disciples, il partit de là, pour enseigner et prêcher dans les villes du pays."
MAT.11.2,"Yoane Mobatisi, adaka ta bɔlɔkɔ, aokaka bobala gala e misala mi Kilito. Na bea alomaka ekenge e batingami ba nde.","Jean, ayant entendu parler dans sa prison des œuvres du Christ, lui fit dire par ses disciples:."
MAT.11.3,bohɔdjɔ Yesu: «Boni odi Masiya yona aduake kaoko loambe okina?».,"Es-tu celui qui doit venir, ou devons-nous en attendre un autre?."
MAT.11.4,Yesu abasɔmbedjaka: «Kɛni botɔndea Yoane meako imisokano ko mienino:.,Jésus leur répondit: Allez rapporter à Jean ce que vous entendez et ce que vous voyez:.
MAT.11.5,"bato bagwa miso baimei boenɛ, bato baondɔ mako baimei bodala, bato ba mabha basɛnɔi, bato babohoka baimei booka, bato bago bapusoi ko Bwɛndi Bopele botɔndɔmi adi batakeli.","les aveugles voient, les boiteux marchent, les lépreux sont purifiés, les sourds entendent, les morts ressuscitent, et la bonne nouvelle est annoncée aux pauvres."
MAT.11.6,Sepi adi moto yona odake pɛ bokina bodima bo nde tina e mbi!».,Heureux celui pour qui je ne serai pas une occasion de chute!.
MAT.11.7,"Ehole eyanaka batingami ba Yoane, Yesu abalaka na emumu e bato ta tina e Yoane: «Moto okɛkino aendja ta etengelenge nda? Mososongo mokumanaki na epoipoi?.","Comme ils sen allaient, Jésus se mit à dire à la foule, au sujet de Jean: Quêtes-vous allés voir au désert? Un roseau agité par le vent?."
MAT.11.8,"Emitida mososongo momina, okɛkino mɛnɛ aendja nda? Moto omɔti olwaki bisendja bi motuya? Endolo bato bia bakalwae bisendja bi motuya bodaka ta ndako i bakondji.","Mais, quêtes-vous allés voir? Un homme vêtu dhabits précieux? Voici, ceux qui portent des habits précieux sont dans les maisons des rois."
MAT.11.9,"Okɛkɛkini mɛnɛ aendja ndaa? Mbaeli o Ndjakomba? Soti, nabalaka na nu, lokɛkɛ boendja moto onɔi mɛnɛ mbaeli o Ndjakomba.","Quêtes-vous donc allés voir? Un prophète? Oui, vous dis-je, et plus quun prophète."
MAT.11.10,"Tengasa Yoane adi yona obalaka ikomi ta tina e nde: Nalomabi moto o mbi o elomu boso bo wɛ, tine bobɔngedjea ndjea.","Car cest celui dont il est écrit: Voici, jenvoie mon messager devant ta face, Pour préparer ton chemin devant toi."
MAT.11.11,"Soti nabalaka na nu: ta tei e bato bia babotama na bali, pɛ nongo moto omɔti odi monɛnɛ bonɔ Yoane Mobatisi. Enakobea, iyona onɔi mokɛkɛ ta tei e Bokumu bo diko, adi monɛnɛ bonɔ Yoane Mobatisi.","Je vous le dis en vérité, parmi ceux qui sont nés de femmes, il nen a point paru de plus grand que Jean-Baptiste. Cependant, le plus petit dans le royaume des cieux est plus grand que lui."
MAT.11.12,"Donga ta ehole yena elehaka Yoane Mobatisi mbunoko edɛdi, bokwea ta Bokumu bo diko boimea boanedjama na ngulu ko bato ba koo bakahombe bobokatoa na ngulu.","Depuis le temps de Jean-Baptiste jusquà présent, le royaume des cieux est forcé, et ce sont les violents qui sen emparent."
MAT.11.13,Tengasa ba mbaeli ba Ndjakomba basusu ko mobeko mo Mose badaka bobala tina e Bokumu bomina mbunoko ta ehole e Yoane.,Car tous les prophètes et la loi ont prophétisé jusquà Jean;.
MAT.11.14,"Ekadabo odimi soti mobalo mbi, Yoane, adi mbaeli o Ndjakomba Elia yona oboanaka bodua.","et, si vous voulez le comprendre, cest lui qui est lÉlie qui devait venir."
MAT.11.15,Kina boo yona odi na matoi ma booka aoke!.,Que celui qui a des oreilles pour entendre entende.
MAT.11.16,"«Nadi bokokanedja bato ba busa bu na nda? Bakokani mɛnɛ na bana bakɛkɛ i badi ta polo e bhuda, badaka bogama bamɔti na bakina:.","A qui comparerai-je cette génération? Elle ressemble à des enfants assis dans des places publiques, et qui, sadressant à dautres enfants."
MAT.11.17,"Lohueyaka piololo, endolo obwitini! Loembeani ndjembo i ndjokwa, endolo oyeitini.","disent: Nous vous avons joué de la flûte, et vous navez pas dansé; nous avons chanté des complaintes, et vous ne vous êtes pas lamentés."
MAT.11.18,"Tengasa, ta ehole eduaka Yoane, aiyaka ko aimwaka, obalakani: Adi na mwembo mobe.","Car Jean est venu, ne mangeant ni ne buvant, et ils disent: Il a un démon."
MAT.11.19,"Endolo Mwana o Moto adoi, ayaaka ko amwaaka, obalini: Endjani moto iyo alumi na ekpaka e boyaka ko bomwaka mana, mopalani o baputedji baputi, na bato ba gala ibe! Endolo misala mi djebeli mikainedje boo djebeli e Ndjakomba edi soti.».","Le Fils de lhomme est venu, mangeant et buvant, et ils disent: Cest un mangeur et un buveur, un ami des publicains et des gens de mauvaise vie. Mais la sagesse a été justifiée par ses œuvres."
MAT.11.20,"Na bea Yesu aimeka boosa mɛnɛ mabonga imia makɔkɔ yo midjɔ mi ngindola, tine boo bato ngando imina baipalaka bosɔmbɔtɔnɔ milema. Ko abalaka:.","Alors il se mit à faire des reproches aux villes dans lesquelles avaient eu lieu la plupart de ses miracles, parce quelles ne sétaient pas repenties."
MAT.11.21,"«Ndjokwa e wɛ Koladji! Ndjokwa e wɛ Betesaida! Tengasa ekada boo bingengo bi ngindola ibikɔmɔkɔ ta tei e bino, bikɔmɔkɔ ta ibonga i Tula na ta Sidona; ka bato ba ibonga imina, bapalaka bosɔmbɔtɔnɔ milema ehele, na bolwa minyuku, na bosasuowa mihulu ta melo .","Malheur à toi, Chorazin! Malheur à toi, Bethsaïda! Car, si les miracles qui ont été faits au milieu de vous avaient été faits dans Tyr et dans Sidon, il y a longtemps quelles se seraient repenties, en prenant le sac et la cendre."
MAT.11.22,"Na tina emina, nabalaka na nu, ta busa bo esambi, etumbo e mabonga ma bino ediabi epipo bonɔ etumbo e mabonga ma Tula ko Sidona.","Cest pourquoi je vous le dis: au jour du jugement, Tyr et Sidon seront traitées moins rigoureusement que vous."
MAT.11.23,"Ko wɛ, Kapalanauma, olɛdji boo osangɔdjɔbi mbunoko ta busa? Ngasa! Otitedjamabi mbunoko ta ngando i bago. Tengasa eseda boo bingengo bi ngindola ibikɔmɔkɔ adi no, bikɔmɔkɔ ta mabonga ma Sɔdɔmɔ ko Gomola; mabonga mamina makɔkɔdaa mbunoko busa bu.","Et toi, Capernaüm, seras-tu élevée jusquau ciel? Non. Tu seras abaissée jusquau séjour des morts; car, si les miracles qui ont été faits au milieu de toi avaient été faits dans Sodome, elle subsisterait encore aujourdhui."
MAT.11.24,"Na tina emina, nabalaka na nu, ta busa bo esambi etumbo e mabonga ma bino, edabi epipo bonɔ etumbo e Sɔdɔmɔ na Gomola.».","Cest pourquoi je vous le dis: au jour du jugement, le pays de Sodome sera traité moins rigoureusement que toi."
MAT.11.25,"Oko ta ehole emina, Yesu abalaka: «Oo! Sesa, Kumu o busa na kpɔtɔ, nokumedji! Tine boo obombi midjɔ mii adi bato badjebeli ko adi bato ba mawɛi, endolo ominedji adi bana bakɛkɛ .","En ce temps-là, Jésus prit la parole, et dit: Je te loue, Père, Seigneur du ciel et de la terre, de ce que tu as caché ces choses aux sages et aux intelligents, et de ce que tu les as révélées aux enfants."
MAT.11.26,"Ee, Tata, osepaka boo ekɔme oko bea.","Oui, Père, je te loue de ce que tu las voulu ainsi."
MAT.11.27,«Sange e mbi apani leka losusu ta mɔmɔ ma mbi. Pɛ moto odjebi Mwana dongedja oko Sesa; pɛ moto odjebi Sasa emitidaa oko Mwana ko bato bia bapalaka yo bobainedja Sesa.,"Toutes choses mont été données par mon Père, et personne ne connaît le Fils, si ce nest le Père; personne non plus ne connaît le Père, si ce nest le Fils et celui à qui le Fils veut le révéler."
MAT.11.28,"«Duani adi mbi, ino basusu baembɛi na mandi ko nopakeni iheme.","Venez à moi, vous tous qui êtes fatigués et chargés, et je vous donnerai du repos."
MAT.11.29,"Tombani mosongo mo mbi ko kinani olehameni na mbi, tengasa nadi moto o bodhongo ko na bosatitedja, odiabini iheme ta milema mi bino.","Prenez mon joug sur vous et recevez mes instructions, car je suis doux et humble de cœur; et vous trouverez du repos pour vos âmes."
MAT.11.30,Mosongo mo mbi moditi na saya ko mandi mapalaka mbi bolwadjani madi mahahanu.».,"Car mon joug est doux, et mon fardeau léger."
MAT.12.1,"Oko ta ehole emina, Yesu anɔkɔ ta gbie e mbuma i bule ta busa bo Sabata. Batingami ba nde baokaka ndja; babangaka bobuka mingbɔndu mi mbuma i bule ko bayakaka.","En ce temps-là, Jésus traversa des champs de blé un jour de sabbat. Ses disciples, qui avaient faim, se mirent à arracher des épis et à manger."
MAT.12.2,"Ehole enɛkɛ bapalusai bea, babalaka na Yesu: «Endja, batingami ba wɛ bakɔkɔ modjɔ mosiama na mobeko mo biso bokɔ ta busa bo Sabata !».","Les pharisiens, voyant cela, lui dirent: Voici, tes disciples font ce quil nest pas permis de faire pendant le sabbat."
MAT.12.3,Yesu abasɔmbedjaka: «Olangitini modjɔ mokɔkɔ Dapiti na bato ba nde ehole eokakabo ndja?.,"Mais Jésus leur répondit: Navez-vous pas lu ce que fit David, lorsquil eut faim, lui et ceux qui étaient avec lui;."
MAT.12.4,"Akweaka ta ndako e Ndjakomba yo na bato ba nde ko bayaaka mapa mabɔngedjama tina e bopa Ndjakomba. Enakobea bokimana mobeko, oko banganga ba Ndjakomba badaka na enɔi e bomayaka endolo te bato bakina.","comment il entra dans la maison de Dieu, et mangea les pains de proposition, quil ne lui était pas permis de manger, non plus quà ceux qui étaient avec lui, et qui étaient réservés aux sacrificateurs seuls?."
MAT.12.5,"Na bea, oipaka langani ta mobeko mo Mose boo, ta isu i sabata, banganga ba Ndjakomba bia bakasale ta tepelo te babedjake mobeko mo sabata? Endolo bakɔiti bobe.","Ou, navez-vous pas lu dans la loi que, les jours de sabbat, les sacrificateurs violent le sabbat dans le temple, sans se rendre coupables?."
MAT.12.6,"Na bea, nabalaka na nu, edi ya na moto omɔti odi monɛnɛ bonɔ tepelo!.","Or, je vous le dis, il y a ici quelque chose de plus grand que le temple."
MAT.12.7,"Ekadabo osipoini tingo e mibalo mi: Nakasepe bonɔ na molema mo ndjokwa endolo te mbeka i tito , oboanitini bosambedjani moto odɛi pɛ bokɔ bobe.","Si vous saviez ce que signifie: Je prends plaisir à la miséricorde, et non aux sacrifices, vous nauriez pas condamné des innocents."
MAT.12.8,Tengasa Mwana o Moto adi mokondji o sabata.».,Car le Fils de lhomme est maître du sabbat.
MAT.12.9,"Ngɔngɔ Yesu adongaka ta polo emina, akɛkɛ ta sinagoga i bobo.","Étant parti de là, Jésus entra dans la synagogue."
MAT.12.10,Edaka ena na momi omɔti o ebɔ eondɔke. Bapalusai bahɔdjɔkɔ Yesu: «Mobeko mo biso mopaka enɔi eboheledja bato ta busa bo Sabata?» Edaka tina ebohomba ndjea e bomopunda.,"Et voici, il sy trouvait un homme qui avait la main sèche. Ils demandèrent à Jésus: Est-il permis de faire une guérison les jours de sabbat? Cétait afin de pouvoir laccuser."
MAT.12.11,"Yesu abasɔmbedjaka: «Ekada na moto omɔti ta tei e bino, adi oko na bhata omɔti ko bhata omina akwi ta mombɔndɔ mombɛngɛ ta busa bo sabata, aboaniti bokɛ tine bomoimedja?.","Il leur répondit: Lequel dentre vous, sil na quune brebis et quelle tombe dans une fosse le jour du sabbat, ne la saisira pour len retirer?."
MAT.12.12,"Enakobea moto anɔi bhata na motuya! Na bea, epami enɔi bokɔ bopele ta isu i sabata.».",Combien un homme ne vaut-il pas plus quune brebis! Il est donc permis de faire du bien les jours de sabbat.
MAT.12.13,"Na bea, abalaka na moto omina: «Ninodja ebɔ e wɛ.» Aeninodjaka ko eimeaka bopele elenge ekina.","Alors il dit à lhomme: Étends ta main. Il létendit, et elle devint saine comme lautre."
MAT.12.14,Bapalusai baimaka ko batombaka meko tina ebohomba ndjea e bowa Yesu.,"Les pharisiens sortirent, et ils se consultèrent sur les moyens de le faire périr."
MAT.12.15,"Ehole eokaka Yesu bea, adongaka ta polo emina ko emumu e bato bamokimaka. Aheledjaka bato babipeko basusu.","Mais Jésus, layant su, séloigna de ce lieu. Une grande foule le suivit. Il guérit tous les malades."
MAT.12.16,endolo abasiaka na bopipo boo badae pɛ bobala isolo idi ta tina e nde.,et il leur recommanda sévèrement de ne pas le faire connaître.
MAT.12.17,Akɔkɔ bea tine bokokedja mibalo mi mbaeli o Ndjakomba Isaya:.,"afin que saccomplît ce qui avait été annoncé par Ésaïe, le prophète:."
MAT.12.18,"«Endjani mosali o mbi, yona ohɔ mbi, mopalani o mbi, yona okapale mbi ko nakasepe na nde. Naisabi Mwembo mo mbi adi yo ko aisakabi bodjo ta mabota.","Voici mon serviteur que jai choisi, Mon bien-aimé en qui mon âme a pris plaisir. Je mettrai mon Esprit sur lui, Et il annoncera la justice aux nations."
MAT.12.19,"Asingetebi moto ko agametebi, ko moto aoketebi moholi mo nde ta ndjea inɛnɛnɛ.","Il ne contestera point, il ne criera point, Et personne nentendra sa voix dans les rues."
MAT.12.20,Abuketebi mososongo i moimbama ehele ko adimetebi esendja e molinda yena eimei boimedja mididi. Akɔkɔbi bea mbunoko bodjo bolonge.,"Il ne brisera point le roseau cassé, Et il néteindra point le lumignon qui fume, Jusquà ce quil ait fait triompher la justice."
MAT.12.21,Na bea bikomi bi bakɛndɛli bisusu biisabi ndingo ta kombe e nde.».,Et les nations espéreront en son nom.
MAT.12.22,"Na bea baduaka na moto omɔti odaka na miso mago ko emimi tine adaka na mwembo mobe. Yesu aheledjaka momi omina, na bea moto odaka pɛ bobala aimeaka bobala ko boenɛ bohu mɛnɛ.","Alors on lui amena un démoniaque aveugle et muet, et il le guérit, de sorte que le muet parlait et voyait."
MAT.12.23,Bato basusu bakamoaka ko babalaka: «Iyo te mwana o Dapiti?».,Toute la foule étonnée disait: Nest-ce point là le Fils de David?.
MAT.12.24,"Ehole eokaka bapalusai bea, babalaka: «Moto yo abenganaka miembo mibe na bokondji bo Bɛlɛdjɛbulɛ mokondji o bobo amopaka suweya!».","Les pharisiens, ayant entendu cela, dirent: Cet homme ne chasse les démons que par Béelzébul, prince des démons."
MAT.12.25,"Endolo Yesu adjebaka yo malɛno ma bobo; abalaka na bu: «Bokumu bosusu bokasanedje suka e bu, bosakabanaka. Ko makumu masusu kaoko ndako isusu djia ikadae bato pɛ bookana, iboaniti boyeyoa.","Comme Jésus connaissait leurs pensées, il leur dit: Tout royaume divisé contre lui-même est dévasté, et toute ville ou maison divisée contre elle-même ne peut subsister."
MAT.12.26,"Ekada Satana abengani Satana, asanedjaka yo mɛnɛ; bokondji bo nde bodi boyeyoa?.","Si Satan chasse Satan, il est divisé contre lui-même; comment donc son royaume subsistera-t-il?."
MAT.12.27,"Ekadabo mbi nakabengane miembo mibe na bokondji bo Bɛlɛdjɛbulɛ; okapɛ bana ba bino bokondji bo bobengana miembo mibe nda? Na tina emina, bo bɛnɛ badabi badjudji ba bino!.","Et si moi, je chasse les démons par Béelzébul, vos fils, par qui les chassent-ils? Cest pourquoi ils seront eux-mêmes vos juges."
MAT.12.28,"Ta bosoti mɛnɛ, ekada boo na ndjea e kpatsi e Ndjakomba nabenganaka miembo mibe, etingodji boo Bokumu bo Ndjakomba boimei adi no.».","Mais, si cest par lEsprit de Dieu que je chasse les démons, le royaume de Dieu est donc venu vers vous."
MAT.12.29,"«Moto aboaniti bokwea ta ndako e moto o ngulu ko bokatoa leka lo nde, amakini nanga boso moto o mina mbɔti; ngɔngɔ aboani bokatoa leka losusu lo nde lo ndako.","Ou, comment quelquun peut-il entrer dans la maison dun homme fort et piller ses biens, sans avoir auparavant lié cet homme fort? Alors seulement il pillera sa maison."
MAT.12.30,"Moto odi pɛ boda engbanga na mbi adi moloni o mbi ko yona odi pɛ boputoana na mbi, akananganedje.","Celui qui nest pas avec moi est contre moi, et celui qui nassemble pas avec moi disperse."
MAT.12.31,"Na tina emina, nabalaka na nu: pekato isusu ko masingi masusu makasingebo Ndjakomba mayɛmɛbi, endolo okasinga Mwembo Mosɛnɔke, oyɛmetebi.","Cest pourquoi je vous dis: Tout péché et tout blasphème sera pardonné aux hommes, mais le blasphème contre lEsprit ne sera point pardonné."
MAT.12.32,"Moto obalakabi bobe tina e Mwana o Moto, ayɛmɛbi; endolo moto obalakabi bobe tina e Mwembo Mosɛnɔke, ayɛmetebi nongo ta ngondo ye, nongo ta ngondo yena eduake.».","Quiconque parlera contre le Fils de lhomme, il lui sera pardonné; mais quiconque parlera contre le Saint-Esprit, il ne lui sera pardonné ni dans ce siècle ni dans le siècle à venir."
MAT.12.33,"«Bɛngi odae na mbuma ipele, etungi odae na mole mopele; okada na mole mobe, wadiake mbuma i be. Tengasa bakadjebe mole na mbuma i mu.","Ou dites que larbre est bon et que son fruit est bon, ou dites que larbre est mauvais et que son fruit est mauvais; car on connaît larbre par le fruit."
MAT.12.34,Pako e ndjɔ! Odini bato babe! Oboanini bobala meako mipele? Tengasa monɔkɔ bobalaka meako mikadonge ta molema.,"Races de vipères, comment pourriez-vous dire de bonnes chose, méchants comme vous lêtes? Car cest de labondance du cœur que la bouche parle."
MAT.12.35,Moto mopele bodiaka meako mipele ta molema mo nde mopele; moto mobe bodiaka meako mibe ta molema mo nde mobe.,"Lhomme bon tire de bonnes choses de son bon trésor, et lhomme méchant tire de mauvaises choses de son mauvais trésor."
MAT.12.36,"Nabalaka na nu: ta isu i esambi, bato badiabi iputi ikɔpi isusu ipɛ tina ibalakabo.","Je vous le dis: au jour du jugement, les hommes rendront compte de toute parole vaine quils auront proférée."
MAT.12.37,Tengasa edi na mibalo mi wɛ mɛnɛ miolongedjabi ko edi na mibalo mi wɛ mɛnɛ miosambedjabi.».,"Car par tes paroles tu seras justifié, et par tes paroles tu seras condamné."
MAT.12.38,"Na bea ekenge e balehi ba mobeko ko na bapalusai babalaka na Yesu: «Molehi, lapalaka boenɛ okɔe embete e ngindola ta pamba e wɛ.».","Alors quelques-uns des scribes et des pharisiens prirent la parole, et dirent: Maître, nous voudrions te voir faire un miracle."
MAT.12.39,Yesu abasɔmbedjaka: «Bato ba ehole ye badi bato babe ta miso ma Ndjakomba! Bahɔdjɔkɔ embete e ngindola? Endolo baenɛtebi embete ekina e ngindola oko yena e mbaeli o Ndjakomba Yona.,Il leur répondit: Une génération méchante et adultère demande un miracle; il ne lui sera donné dautre miracle que celui du prophète Jonas.
MAT.12.40,"Enakobea, moda momɔti Yona ayeyoaka masu masato ma moi ko masu masato ma bulu ta sɔpɔ i moswi monɛnɛ, oko moda momɔti Mwana o Moto ayeyoabi masu masato ma moi ko masu masato ma bulu ta molema mo kpɔtɔ.","Car, de même que Jonas fut trois jours et trois nuits dans le ventre dun grand poisson, de même le Fils de lhomme sera trois jours et trois nuits dans le sein de la terre."
MAT.12.41,Bato ba ibonga i Niniwe basongɔdjɔbi ta busa bo esambi ko bapundabi bato ba ehole ye. Tengasa ibo baisɔmbɔtɔnɔ milema mi bobo elenge alehaka Yona. Enakobea edi iya na moto omɔti onɔi Yona!.,"Les hommes de Ninive se lèveront, au jour du jugement, avec cette génération et la condamneront, parce quils se repentirent à la prédication de Jonas; et voici, il y a ici plus que Jonas."
MAT.12.42,"Ta isu i esambi, kumu mwali o satina asangɔdjɔbi ta boso bo bato ba ehole ye ko abapundabi, tengasa adongaka bohali ta mabonga ma ngondo tine bodua ta booka djebeli e Salomo. Enakobea edi ya na moto omɔti onɔi Salomo!».","La reine du Midi se lèvera, au jour du jugement, avec cette génération et la condamnera, parce quelle vint des extrémités de la terre pour entendre la sagesse de Salomon, et voici, il y a ici plus que Salomon."
MAT.12.43,"«Ehole eimi mwembo mobe adi moto, mokɛi ko mokada ta etengelenge tabohomba polo e boda. Ekadabo amitidia polo e boda.","Lorsque lesprit impur est sorti dun homme, il va par des lieux arides, cherchant du repos, et il nen trouve point."
MAT.12.44,"na bea mosabalei: Nadoi asɔmbɔ ta ndako e mbi, yena eimaka mbi. Mohuli, motanei ndako bwase, eombɔmɔke ko ebɔngedjamake bopele.","Alors il dit: Je retournerai dans ma maison doù je suis sorti; et, quand il arrive, il la trouve vide, balayée et ornée."
MAT.12.45,Na bea asɔmbɔke botomba naikina miembo sambo iminɔi na bobe; masɔmbɔke ta ndako ko madikamake oho. Moda mo moto omina moimeake naikina bobe bonɔ moda modaka yo boso. Ko edabi moda momɔti tine bato ba ehole ye.».,"Il sen va, et il prend avec lui sept autres esprits plus méchants que lui; ils entrent dans la maison, sy établissent, et la dernière condition de cet homme est pire que la première. Il en sera de même pour cette génération méchante."
MAT.12.46,"Yana abalaka Yesu na emumu e bato, bange i nde ko na nange e nde baduaka. Baemaka sokolu ko bohombaka bosoola na nde.","Comme Jésus sadressait encore à la foule, voici, sa mère et ses frères, qui étaient dehors, cherchèrent à lui parler."
MAT.12.47,Moto omɔti abalaka na Yesu: «Nange e wɛ ko bange i wɛ baemi sokolu ko badi na posa e bosoola na wɛ.».,"Quelquun lui dit: Voici, ta mère et tes frères sont dehors, et ils cherchent à te parler."
MAT.12.48,Yesu amosɔmbedjaka: «Nange e mbi ko bange i mbi ba nda?».,"Mais Jésus répondit à celui qui le lui disait: Qui est ma mère, et qui sont mes frères?."
MAT.12.49,"Yesu ainedjaka ebɔ adi batingami ba nde ko abalaka: «Endjani, nange e mbi ko bange i mbi ibo bi.","Puis, étendant la main sur ses disciples, il dit: Voici ma mère et mes frères."
MAT.12.50,"Tengasa yona akɔkɔ bolulea bo Sange e mbi yona odi o diko adi mwange e mbi, ngɛnɛ e mbi kaoko nange e mbi.».","Car, quiconque fait la volonté de mon Père qui est dans les cieux, celui-là est mon frère, et ma sœur, et ma mère."
MAT.13.1,"Oko ta isu dia, Yesu aimaka ta ndako ko akɛkɛ boda ta yɔngɔ e duwa.","Ce même jour, Jésus sortit de la maison, et sassit au bord de la mer."
MAT.13.2,"Emumu e bato ebolamaka mbuti na nde, na bea Yesu atiteaka ta bwato ko adaa. Bato basusu baemaka o ngondo.","Une grande foule sétant assemblée auprès de lui, il monta dans une barque, et il sassit. Toute la foule se tenait sur le rivage."
MAT.13.3,Abalaka na bu meako minɛnɛ na masɛ. Abalaka: «Mooneli omɔti akɛkɛ ta gbie e nde tine boona.,"Il leur parla en paraboles sur beaucoup de choses, et il dit:."
MAT.13.4,"Yana adaka yo bomɛsɛ kona, ekenge emɔti ekona ekwaka ta yɔngɔ e ndjea: mbulu iduaka ko iikomakaka.","Un semeur sortit pour semer. Comme il semait, une partie de la semence tomba le long du chemin: les oiseaux vinrent, et la mangèrent."
MAT.13.5,Ekenge ekina ekona ekwaka ta mabanga yana edaka na mokpɔtɔ mokɛkɛ. Kona ikandoaka tine mokpɔtɔ moidaka monɛnɛ.,"Une autre partie tomba dans les endroits pierreux, où elle navait pas beaucoup de terre: elle leva aussitôt, parce quelle ne trouva pas un sol profond;."
MAT.13.6,"Endolo ehole eimana moyi ta busa, moangodjaka bisanga bikona: ikakanaka tine nginga idindaka ta kpɔtɔ.","mais, quand le soleil parut, elle fut brûlée et sécha, faute de racines."
MAT.13.7,Ekenge ekina ekona ekwaka ta ndanda e ndjubɛ. Ndjubɛ ikandoaka ko imbambamedjaka kona bokandoa.,"Une autre partie tomba parmi les épines: les épines montèrent, et létouffèrent."
MAT.13.8,"Endolo ikina kona ikwaka ta mokpɔtɔ mopele ko ibotaka mingbɔndu: imɔti ibotaka mbuma mokama, ikina mbuma tuku isamano ko ikina tuku isato.».","Une autre partie tomba dans la bonne terre: elle donna du fruit, un grain cent, un autre soixante, un autre trente."
MAT.13.9,Ko Yesu abalaka: «Kina boo yona odi na matoi ma booka aoke!».,Que celui qui a des oreilles pour entendre entende.
MAT.13.10,Na bea batingami babatamaka mbuti na Yesu ko bamohɔdjɔkɔ: «Tina ndani wabalaka na bu na masɛ?».,"Les disciples sapprochèrent, et lui dirent: Pourquoi leur parles-tu en paraboles?."
MAT.13.11,"Yesu abasɔmbedjaka: «Ino odihini djebeli, tine bodjeba mbombi e bokumu bo diko, endolo te bo.","Jésus leur répondit: Parce quil vous a été donné de connaître les mystères du royaume des cieux, et que cela ne leur a pas été donné."
MAT.13.12,Tengasa moto odi na moeka adiabi lonɛnɛ ko aimeabi na bodieli; endolo adi moto yona otaki bamokatoabi nongo moeka odaki na nde.,"Car on donnera à celui qui a, et il sera dans labondance, mais à celui qui na pas on ôtera même ce quil a."
MAT.13.13,"Endjani tina ekababalee mbi na masɛ: tine boo nongo bakaendja, bataenɛ ko nongo bakooka, batasipoa.","Cest pourquoi je leur parle en paraboles, parce quen voyant ils ne voient point, et quen entendant ils nentendent ni ne comprennent."
MAT.13.14,"Na bea ekokedjamaka tina e bobo mibalo mibalaka mbaeli o Ndjakomba Isaya: Okakabini soti, endolo osipoetebini; Oendjakabini soti, endolo oenɛketebini.","Et pour eux saccomplit cette prophétie dÉsaïe: Vous entendrez de vos oreilles, et vous ne comprendrez point; Vous regarderez de vos yeux, et vous ne verrez point."
MAT.13.15,"Tengasa bato bi baimei milema mipipo; basadipi matoi ko miso ma bobo oko badae pɛ booka ko pɛ boenɛ, esada boo basipoe, basɔmbɔtɔne milema ko nabaheledje, obali mbi Ndjakomba.».","Car le cœur de ce peuple est devenu insensible; Ils ont endurci leurs oreilles, et ils ont fermé leurs yeux, De peur quils ne voient de leurs yeux, quils nentendent de leurs oreilles, Quils ne comprennent de leur cœur, Quils ne se convertissent, et que je ne les guérisse."
MAT.13.16,"«Endolo sepi e miso ma bino, tine maenɛkɛ; sepi e matoi ma bino, tine maokaka!.","Mais heureux sont vos yeux, parce quils voient, et vos oreilles, parce quelles entendent!."
MAT.13.17,"Soti nabalaka na nu: ba mbaeli ba Ndjakomba banɛnɛ ko bato ba bodjo adi Ndjakomba badaka na posa e boenɛ meako menɛkɛno, endolo baimienɛ; badaka na posa e booka, meako mokakano, endolo baimioka .».","Je vous le dis en vérité, beaucoup de prophètes et de justes ont désiré voir ce que vous voyez, et ne lont pas vu, entendre ce que vous entendez, et ne lont pas entendu."
MAT.13.18,«Na bea okani tingo e isɛ i mooneli.,"Vous donc, écoutez ce que signifie la parabole du semeur."
MAT.13.19,"Ekadabo moto aoki bobala tine Bokumu bo diko ko aisipoaka, adi elenge yɔngɔ e ndjea yena ekwaka kona: Satana adoi ko akatoi kona eonamaka ta molema mo nde. Edi kona yena ekwaka ta yɔngɔ e ndjea.","Lorsquun homme écoute la parole du royaume et ne la comprend pas, le malin vient et enlève ce qui a été semé dans son cœur: cet homme est celui qui a reçu la semence le long du chemin."
MAT.13.20,Bakina badi elenge mokpɔtɔ mo mabanga yana akwaka kona: baokaka mobalo ko bamoasɔkɔ pɛpɛlɛ na mongandi.,"Celui qui a reçu la semence dans les endroits pierreux, cest celui qui entend la parole et la reçoit aussitôt avec joie;."
MAT.13.21,"Endolo baditi na nginga adi bo bɛnɛ, badimaka mooehole mokɛkɛ. Ko na bea ehole aduake saya kaoko imeko ta tine mobalo mo Ndjakomba, basundoli pɛpɛlɛ edimeli.","mais il na pas de racines en lui-même, il manque de persistance, et, dès que survient une tribulation ou une persécution à cause de la parole, il y trouve une occasion de chute."
MAT.13.22,"Bakina badi elenge kona, yena ekwaka ta ndanda i ndjubɛ: baoki mobalo, endolo makɛsɛdji ma ngondo ko pangolaki i madieli ma ngondo imbambamedji mobalo ko mobotiti eka.","Celui qui a reçu la semence parmi les épines, cest celui qui entend la parole, mais en qui les soucis du siècle et la séduction des richesses étouffent cette parole, et la rendent infructueuse."
MAT.13.23,"Ngɔngɔ bakina basɔi kona ta mokpɔtɔ mopele: baoki mobalo ko bamosipoi; baboti mbuma, bamɔti mokama, bakina tuku isamano ko bakina tuku isato.».","Celui qui a reçu la semence dans la bonne terre, cest celui qui entend la parole et la comprend; il porte du fruit, et un grain en donne cent, un autre soixante, un autre trente."
MAT.13.24,Yesu abatueyaka ikina isɛ: «Bokumu bo diko boboani na moda mu: moto omɔti aonaka kona ipele ta gbie e nde.,"Il leur proposa une autre parabole, et il dit: Le royaume des cieux est semblable à un homme qui a semé une bonne semence dans son champ."
MAT.13.25,"Ehole ehwɛkɛ bato, moloni o nde aduaka boona mondjani mobe ta ndanda e gbie e mbuma i bule ko akɛkɛ.","Mais, pendant que les gens dormaient, son ennemi vint, sema de livraie parmi le blé, et sen alla."
MAT.13.26,"Ehole ekandoaka kona ko ibotaka mbuma, modjani mobe motɔkɔ pongono.","Lorsque lherbe eut poussé et donné du fruit, livraie parut aussi."
MAT.13.27,"Basali ba moswa gbie baduaka bamotɔndeaka: Molehi, onaki kona epele ta e gbie e wɛ? Na bea mondjani mobe mu modongi djɔ.","Les serviteurs du maître de la maison vinrent lui dire: Seigneur, nas-tu pas semé une bonne semence dans ton champ? Doù vient donc quil y a de livraie?."
MAT.13.28,Abasɔmbedjaka: Edi moloni moto okɔi bea. Na bea basali bamohɔdjɔkɔ naikina: Opali boo lokɛ bopikoa mondjani mobe momina.,Il leur répondit: Cest un ennemi qui a fait cela. Et les serviteurs lui dirent: Veux-tu que nous allions larracher?.
MAT.13.29,"Moswa gbie asɔmbedjaka: Ngasa! Tengasa okapikoani mondjani mobe, wapikoakeni pongono bule.","Non, dit-il, de peur quen arrachant livraie, vous ne déraciniez en même temps le blé."
MAT.13.30,"Kinani ikandoeni isusu engbanga mbunoko ehole e bobuka mbuma ko ta ehole emina, nabalabi na babukeli: dongedjani boso modjani mobe ko monangani bibole tine bomotumba, ngɔngɔ obukeni bule oiseni ta ebombelo.».","Laissez croître ensemble lun et lautre jusquà la moisson, et, à lépoque de la moisson, je dirai aux moissonneurs: Arrachez dabord livraie, et liez-la en gerbes pour la brûler, mais amassez le blé dans mon grenier."
MAT.13.31,Yesu abatueyaka ikina isɛ: «Bokumu bo diko boboani na mbuma e motade yena eoni moto ta gbie e nde.,"Il leur proposa une autre parabole, et il dit: Le royaume des cieux est semblable à un grain de sénevé quun homme a pris et semé dans son champ."
MAT.13.32,"Edi kona ekɛkɛ ta tei e mbuma isusu; endolo ta ehole ekandoi yo, eimei kona enɛnɛ ta tei ekona isusu i gbie: eimei mole, na bea mbulu o diko itongake mopo ta tape i yu.».","Cest la plus petite de toutes les semences; mais, quand il a poussé, il est plus grand que les légumes et devient un arbre, de sorte que les oiseaux du ciel viennent habiter dans ses branches."
MAT.13.33,Yesu abatueyaka isɛ ikina: «Bokumu bo diko boboani na lepile yena etombi mwali ko bobongoanedja na ekenge enɛnɛ e palini mbunoko mobɔtu mosusu mogbaloi.».,"Il leur dit cette autre parabole: Le royaume des cieux est semblable à du levain quune femme a pris et mis dans trois mesures de farine, jusquà ce que la pâte soit toute levée."
MAT.13.34,Yesu abalaka meako misusu na emumu e bato na ndjea e masɛ; aibabaleaka napɛ bobatueya masɛ.,"Jésus dit à la foule toutes ces choses en paraboles, et il ne lui parlait point sans parabole."
MAT.13.35,"Akɔkɔ bea tine bokokedja mobalo mo mbaeli o Ndjakomba: «Nabalakabi na masɛ, notɔndeakabini meako mi mbombi donga boyoa bo ngondo .».","afin que saccomplît ce qui avait été annoncé par le prophète: Jouvrirai ma bouche en paraboles, Je publierai des choses cachées depuis la création du monde."
MAT.13.36,Na bea Yesu akinaka emumu e bato ko akweaka ta ndako. Batingami ba nde baduaka adi yo ko bamohɔdjɔkɔ: «Lotingodja tina e isɛ i mondjani mobe ta gbie.».,"Alors il renvoya la foule, et entra dans la maison. Ses disciples sapprochèrent de lui, et dirent: Explique-nous la parabole de livraie du champ."
MAT.13.37,Yesu asɔmbedjaka: «Moto okone kona epele edi Mwana o Moto;.,"Il répondit: Celui qui sème la bonne semence, cest le Fils de lhomme;."
MAT.13.38,"gbie edi ngondo, kona epele edi bato bakasume Bokumu bo diko; kona ebe edi bana ba satana;.","le champ, cest le monde; la bonne semence, ce sont les fils du royaume; livraie, ce sont les fils du malin;."
MAT.13.39,"moloni okone mondjani mobe edi djabulu, bobuka edi suka e ngondo ko babukeli badi babwɛndji.","lennemi qui la semée, cest le diable; la moisson, cest la fin du monde; les moissonneurs, ce sont les anges."
MAT.13.40,"Moda mokapikoebo mondjani mobe tine bomodumba ta mosa, oko bea edabi suka e ngondo.","Or, comme on arrache livraie et quon la jette au feu, il en sera de même à la fin du monde."
MAT.13.41,"Mwana o Moto alomabi babwɛndji ba nde, tine bodongedja donga ta Bokumu bo nde, bilambo bisusu bikataedje bato mabaku ko na bato babe.","Le Fils de lhomme enverra ses anges, qui arracheront de son royaume tous les scandales et ceux qui commettent liniquité:."
MAT.13.42,"Babadumbabi ta ipombe i mosa, oho banɛnɛ bayeakabi ko bakpɛkɛnɛkɛbi mino.","et ils les jetteront dans la fournaise ardente, où il y aura des pleurs et des grincements de dents."
MAT.13.43,"Na bea, bato ba bodjo adi Ndjakomba bangɛsɛbi elenge moyi ta Bokumu bo Sange e bobo . Yona odi na matoi ma booka aoke!».",Alors les justes resplendiront comme le soleil dans le royaume de leur Père. Que celui qui a des oreilles pour entendre entende.
MAT.13.44,«Bokumu bo diko boboani na kuma ebolamaka ta gbie. Moto oetɔngɔli aebombi ta tine sepi e nde. Alumake na sepi boo akɛ botɛkɛ losusu lodi na nde bɛngi asombe gbie emina.,"Le royaume des cieux est encore semblable à un trésor caché dans un champ. Lhomme qui la trouvé le cache; et, dans sa joie, il va vendre tout ce quil a, et achète ce champ."
MAT.13.45,«Bokumu bo diko boboani na moto okakɔe mombongu mobohomba mayaka ma motuya.,Le royaume des cieux est encore semblable à un marchand qui cherche de belles perles.
MAT.13.46,"Ekadabo adihi iyaka i motuya monɛnɛ, akɛke botɛkɛ leka lo nde losusu ko asombe oko iyaka imina.».","Il a trouvé une perle de grand prix; et il est allé vendre tout ce quil avait, et la achetée."
MAT.13.47,«Bokumu bo diko boboani naikina elenge modjanga mua modumbi bo ta duwa ko motaedji swi mindumba na mindumba.,Le royaume des cieux est encore semblable à un filet jeté dans la mer et ramassant des poissons de toute espèce.
MAT.13.48,"Ekadabo modjanga motaedji swi, baowoi bamotubake o ngondo, tine bohɔ swi: baisake swi bapele ta mitinga ko badumbake leka lobe.","Quand il est rempli, les pêcheurs le tirent; et, après sêtre assis sur le rivage, ils mettent dans des vases ce qui est bon, et ils jettent ce qui est mauvais."
MAT.13.49,Edabi bea ta suka e ngondo: babwɛndji baduabi bogbɔtodja bato babe na bato bapele.,Il en sera de même à la fin du monde. Les anges viendront séparer les méchants davec les justes.
MAT.13.50,tine bobadumba bato babe ta ipombe i mosa; edabi oho biyo ko na bokpɛkɛnɛ mino.».,"et ils les jetteront dans la fournaise ardente, où il y aura des pleurs et des grincements de dents."
MAT.13.51,Yesu abahɔdjɔkɔ: «Osipoini meako mi mina?» Basɔmbedjaka: «Okobea!».,"Avez-vous compris toutes ces choses? Oui, répondirent-ils."
MAT.13.52,"Na bea Yesu abalaka na bu: «Edi oko bea, molehi o mobeko yona oimei motingami o Bokumu bo diko, aboani na moswa ndako yona oimedjaka ta ngbongolo e kuma e nde: leka loyanie ko na loyou.».","Et il leur dit: Cest pourquoi, tout scribe instruit de ce qui regarde le royaume des cieux est semblable à un maître de maison qui tire de son trésor des choses nouvelles et des choses anciennes."
MAT.13.53,"Ngɔngɔ i Yesu bobala masɛ mia, adongaka ta polo yena.","Lorsque Jésus eut achevé ces paraboles, il partit de là."
MAT.13.54,ko asɔmbɔkɔ ta ibonga ikandoaka yo . Abangaka boleha ta sinagoga ko bato basusu badaka ena bakamoaka. Babalaka: «Adihi yo djebeli ye djɔ? Moda ndani akɔkɔ bimbete bi bokamoa bea?.,"Sétant rendu dans sa patrie, il enseignait dans la synagogue, de sorte que ceux qui lentendirent étaient étonnés et disaient: Doù lui viennent cette sagesse et ces miracles?."
MAT.13.55,"Iyo te mwana o sapate? Malia te nange e nde? Djake, Esepu, Simo ko Yuda baditi bange i nde?.","Nest-ce pas le fils du charpentier? Nest-ce pas Marie qui est sa mère? Jacques, Joseph, Simon et Jude, ne sont-ils pas ses frères?."
MAT.13.56,Ko bangɛnɛ i nde loditi na bu iya?».,et ses sœurs ne sont-elles pas toutes parmi nous? Doù lui viennent donc toutes ces choses?.
MAT.13.57,"Na tina emina baimodimeaka. Na bea Yesu abalaka na bu: «Mbaeli bokumaka polo isusu, dongedja oko ta ibonga i nde ko ta pako e nde .».",Et il était pour eux une occasion de chute. Mais Jésus leur dit: Un prophète nest méprisé que dans sa patrie et dans sa maison.
MAT.13.58,Yesu akɔ oho baabimbete bi ngindola tina e taka e bodima bo bobo.,"Et il ne fit pas beaucoup de miracles dans ce lieu, à cause de leur incrédulité."
MAT.14.1,"Ta ehole emina, Elode adaka gupɛnɛlɛ o mokpɔtɔ mo Galilea, aokaka gala ta tina e Yesu.","En ce temps-là, Hérode le tétrarque, ayant entendu parler de Jésus, dit à ses serviteurs: Cest Jean-Baptiste!."
MAT.14.2,Abalaka na basali ba nde: «Moto yo aboaniti boda Yoane Mobatisi yona opusoi ta tei e bago! Na tina emina adi na kpatsi ebokɔ bimbete bi ngindola.».,"Il est ressuscité des morts, et cest pour cela quil se fait par lui des miracles."
MAT.14.3,"Tengasa Elode apaka simbisi bapee Yoane, bamonange mbɔti ko bamoise ta bɔlɔkɔ. Edaka tina e Elodiade, mwali o mwange e nde Pilipo .","Car Hérode, qui avait fait arrêter Jean, lavait lié et mis en prison, à cause dHérodias, femme de Philippe, son frère."
MAT.14.4,Yoane abalaka na Elode: «Ebɔngiti Elodiade aimee mwali o wɛ .».,parce que Jean lui disait: Il ne test pas permis de lavoir pour femme.
MAT.14.5,"Elode apalaka bowa Yoane, endolo abangaka bayuda, tengasa bato batombaka Yoane elenge mbaeli o Ndjakomba.","Il voulait le faire mourir, mais il craignait la foule, parce quelle regardait Jean comme un prophète."
MAT.14.6,"Enakobea, ta tɛkɛ e bo bobotama bo Elode, mwana mwali o Elodiade abuwaka ta boso bo babeami ba tɛkɛ emina. Asepedjaka Elode mɛnɛ.","Or, lorsquon célébra lanniversaire de la naissance dHérode, la fille dHérodias dansa au milieu des convives, et plut à Hérode."
MAT.14.7,ko Elode abhɛlɛkɛ bhɛli ebomopa losusu lamohɔdjɔke yo.,de sorte quil promit avec serment de lui donner ce quelle demanderait.
MAT.14.8,"Nabokimana eleho e nange e nde, abalaka na nde: «Pani iya ta saani molo mo Yoane Mobatisi!».","A linstigation de sa mère, elle dit: Donne-moi ici, sur un plat, la tête de Jean-Baptiste."
MAT.14.9,"Mokondji Elode aimeaka na ndjokwa, endole ta tine bhɛli e bhɛlɛkɛ yo ta miso ma bato babeaka yo ta tɛkɛ, apaka simbisi bamopɛ molo mo mina.","Le roi fut attristé; mais, à cause de ses serments et des convives, il commanda quon la lui donne."
MAT.14.10,Alomaka moto omɔti akɛ alena molo mo Yoane Mobatisi ta bɔlɔkɔ.,et il envoya décapiter Jean dans la prison.
MAT.14.11,Baduaka na molo mo Yoane Mobatisi ta saani ko bamopaka adi moseka mwali ko amopaka adi nange e nde.,"Sa tête fut apportée sur un plat, et donnée à la jeune fille, qui la porta à sa mère."
MAT.14.12,"Batingami ba Yoane baduaka atomba mokuku mo nde ko bamopuseaka. Ngɔngɔ, bakɛkɛ atɔndea Yesu modjɔ i monɔkɔ.","Les disciples de Jean vinrent prendre son corps, et lensevelirent. Et ils allèrent lannoncer à Jésus."
MAT.14.13,"Ehole eokaka Yesu gala emina, adongaka ena atiteaka ta bwato bɛngi akɛ ta etengelenge. Endolo emumu e bato bamookaka, baimanaka ta ngando i mbuti ko bakimanaka Yesu na mako.","A cette nouvelle, Jésus partit de là dans une barque, pour se retirer à lécart dans un lieu désert; et la foule, layant su, sortit des villes et le suivit à pied."
MAT.14.14,"Ta ehole eduboaka Yesu ta bwato, aenɛkɛ emumu e bato, alumaka na ndjokwa tina e bato bamina ko abangaka bobaheledja na bipeko bi bobo.","Quand il sortit de la barque, il vit une grande foule, et fut ému de compassion pour elle, et il guérit les malades."
MAT.14.15,"Ehole eimeaka mɔmɔkɔ, batingami ba Yesu babatamaka mbuti na nde ko babalaka: «Ehole esi ko polo ye edi etengelenge. Yanedja bato bi bɛngi bakɛ asomba leka loboyaka ta ngando.».","Le soir étant venu, les disciples sapprochèrent de lui, et dirent: Ce lieu est désert, et lheure est déjà avancée; renvoie la foule, afin quelle aille dans les villages, pour sacheter des vivres."
MAT.14.16,"Endolo Yesu abasɔmbedjaka: «Editi bopele bayane, ino bɛnɛ bapani mia ma boyaka!».",Jésus leur répondit: Ils nont pas besoin de sen aller; donnez-leur vous-mêmes à manger.
MAT.14.17,Endolo Batingami bamosɔmbedjaka: «Lodi iya oto na miɛmbɛ mitano ko na swi babae.».,Mais ils lui dirent: Nous navons ici que cinq pains et deux poissons.
MAT.14.18,Yesu abalaka: «Duani na lu.».,Et il dit: Apportez-les-moi.
MAT.14.19,"Apaka simbisi adi bato badae ta ndjani; ngɔngɔ atombaka miɛmbɛ mitano ko na swi babae, aangɔdjɔkɔ miso o diko ko asɔmbedjaka misakoa adi Ndjakomba. Abukaka mwɛmbɛ ko amopaka adi batingami ko batingami bakabaneaka emumu e bato.","Il fit asseoir la foule sur lherbe, prit les cinq pains et les deux poissons, et, levant les yeux vers le ciel, il rendit grâces. Puis, il rompit les pains et les donna aux disciples, qui les distribuèrent à la foule."
MAT.14.20,Moto mosusu ayakaka ko agolaka. Batingami bandoaka mitinga domi na babae mi bikengakengi ibidikaka.,"Tous mangèrent et furent rassasiés, et lon emporta douze paniers pleins des morceaux qui restaient."
MAT.14.21,"Bato i bayaaka badaka bami mbuti na koto itano, pɛ botukoa bali na bana.","Ceux qui avaient mangé étaient environ cinq mille hommes, sans les femmes et les enfants."
MAT.14.22,"Ngɔngɔ imina, Yesu alomaka batingami ba nde batitee ta bwato ko bakɛ boso bo nde ta dɔngɔ ikina i duwa, ehole eyanedjakayo emumu e bato.","Aussitôt après, il obligea les disciples à monter dans la barque et à passer avant lui de lautre côté, pendant quil renverrait la foule."
MAT.14.23,"Yana ayanedjakayo emumu e bato, aihweaka ta ikoli tine bongɔnɔ. Ehole eimeaka mɔmɔkɔ, adaka oho oko yo mɛnɛ.","Quand il leut renvoyée, il monta sur la montagne, pour prier à lécart; et, comme le soir était venu, il était là seul."
MAT.14.24,"Ta ehole emina bwato boimeaka bohali bo bamɛtɛlɛ mokama na ngondo, tengasa lungu ekumbaka, edaka engaingondo na polo ekɛkɛ bwato.","La barque, déjà au milieu de la mer, était battue par les flots; car le vent était contraire."
MAT.14.25,"Yana aimeaka mbuti na busa boyɛ, Yesu akɛkɛ dɔngɔ idaka batingami adale ta diko i madiba.","A la quatrième veille de la nuit, Jésus alla vers eux, marchant sur la mer."
MAT.14.26,"Ehole emoenɛkɛ batingami bodala diko i madiba, baimeaka na bɔɔ ko babalaka: «Iyo te elima!» Ko badaka bogama na bɔɔ.","Quand les disciples le virent marcher sur la mer, ils furent troublés, et dirent: Cest un fantôme! Et, dans leur frayeur, ils poussèrent des cris."
MAT.14.27,"Endolo na mbala emɔti Yesu abalaka na bu: «Sapingedjani edi mbi, pɛ bobangani!».","Jésus leur dit aussitôt: Rassurez-vous, cest moi; nayez pas peur!."
MAT.14.28,"Piɛlɛ abalaka na nde: «Kumu, ekada boo edi wɛ, bala na mbi nadue oho adi wɛ ta diko i madiba.».","Pierre lui répondit: Seigneur, si cest toi, ordonne que jaille vers toi sur les eaux."
MAT.14.29,Yesu amosɔmbedjaka: «Dua!» Piɛlɛ aimi ta bwato ko abangi bodala diko i madiba bɛngi akɛ adi Yesu.,"Et il dit: Viens! Pierre sortit de la barque, et marcha sur les eaux, pour aller vers Jésus."
MAT.14.30,"Endolo ehole enɛkɛ yo lungu epipo, aimeaka na bɔɔ. Abangaka bodinda ta madiba ko agamaka: «Kumu, heledjani!».","Mais, voyant que le vent était fort, il eut peur; et, comme il commençait à enfoncer, il sécria: Seigneur, sauve-moi!."
MAT.14.31,"Na mbala emɔti, Yesu aninodjaka ebɔ, amopeaka ko abalaka na nde: «Moto o bodima bokɛkɛ, okakoani tina nda?».","Aussitôt Jésus étendit la main, le saisit, et lui dit: Homme de peu de foi, pourquoi as-tu douté?."
MAT.14.32,Batiteaka bo babae ta bwato ko lungu egɔlɔkɔ.,"Et ils montèrent dans la barque, et le vent cessa."
MAT.14.33,Na bea batingami ibadaka ta bwato bakwaka magbundɔ ta boso bo Yesu ko babalaka: «Odi mɛnɛ Mwana o Ndjakomba!».,"Ceux qui étaient dans la barque vinrent se prosterner devant Jésus, et dirent: Tu es véritablement le Fils de Dieu."
MAT.14.34,"Ngɔngɔ i bobo bomela ibeke, baimeaka ta ngando e Gelesa.","Après avoir traversé la mer, ils vinrent dans le pays de Génésareth."
MAT.14.35,"Ehole edjebaka bato ba ngando yena boo edi Yesu, bananganedjaka gala e boimea bo nde ta mabonga ma mbuti ko bamolwɛkɛ bato ba bobo basusu ba bipeko.","Les gens de ce lieu, ayant reconnu Jésus, envoyèrent des messagers dans tous les environs, et on lui amena tous les malades."
MAT.14.36,Bamongɔnɔkɔ boo abapɛ ndjea e bopea nongo molenda mo esendja e nde; ko bato basusu ibaepeaka bahelaka.,Ils le prièrent de leur permettre seulement de toucher le bord de son vêtement. Et tous ceux qui le touchèrent furent guéris.
MAT.15.1,Na bea bapalusai na balehi ba mobeko baduaka bodonga ta Yelusalɛmɛ tine bosaka na Yesu. Bamohɔdjɔkɔ:.,"Alors des pharisiens et des scribes vinrent de Jérusalem auprès de Jésus, et dirent:."
MAT.15.2,«Tina ndani batingami ba wɛ tebasumake mobeko mopaka bakɔkɔ ba biso? Tengasa tebasosake mɔmɔ boso bo boyaka bokimana bokɔkɔ bo biso .».,"Pourquoi tes disciples transgressent-ils la tradition des anciens? Car ils ne se lavent pas les mains, quand ils prennent leurs repas."
MAT.15.3,"Yesu abasɔmbedjaka: «Ko ino, tina ndani tosumeni mobeko mo Ndjakomba tine bokimana mobeko mo bokɔkɔ bo bino?.","Il leur répondit: Et vous, pourquoi transgressez-vous le commandement de Dieu au profit de votre tradition?."
MAT.15.4,"Tengasa Ndjakomba abalaka: Suma sange e wɛ ko na nange e wɛ. Ko pongono: Yona alakedjake sange e nde kaoko nange e nde bobe, aboani na bogwa .",Car Dieu a dit: Honore ton père et ta mère; et: Celui qui maudira son père ou sa mère sera puni de mort.
MAT.15.5,"Endolo ino, okaleheni: Yona okabale na sange e nde kaoko na nange e nde: Ekamoeli yena epalaki mbi bopa, naepi elenge ikabo isɛnɔke adi Ndjakomba.","Mais vous, vous dites: Celui qui dira à son père ou à sa mère: Ce dont jaurais pu tassister est une offrande à Dieu, nest pas tenu dhonorer son père ou sa mère."
MAT.15.6,"Na ndjea emina, olomakani moto omina adae pɛ bopa ekumu adi sange e nde kaoko nange e nde. Na bea okatitedjeni Mobalo mo Ndjakomba tine bolongedja bokɔkɔ bo bino!.",Vous annulez ainsi la parole de Dieu au profit de votre tradition.
MAT.15.7,Ndjɔ ba melo mibae! Isaya atɔndɔkɔ bopele ta tina e bino na mibalo mi:.,"Hypocrites, Ésaïe a bien prophétisé sur vous, quand il a dit:."
MAT.15.8,"Bato bi bakakumedjeni oko na mibalo, enakobea milema mi bobo midi bohali na mbi.","Ce peuple mhonore des lèvres, Mais son cœur est éloigné de moi."
MAT.15.9,"Edi oko ngasa bakaongɔneni, tengasa bakalehe oko makɔkɔ ma bobo, imadi mibeko mi bato. ».","Cest en vain quils mhonorent, En enseignant des préceptes qui sont des commandements dhommes."
MAT.15.10,Ngɔngɔ Yesu abeaka emumu e bato ko abalaka na bu: «Hokamedjani ko sipoani meako mi:.,"Ayant appelé à lui la foule, il lui dit: Écoutez, et comprenez."
MAT.15.11,"Pɛ eka emɔti ekakwee ta monɔkɔ mo moto ekamoimedje pita. Enakobea edi eka yena ekimane ta monɔkɔ mo moto, ekamoimedje pita.».","Ce nest pas ce qui entre dans la bouche qui souille lhomme; mais ce qui sort de la bouche, cest ce qui souille lhomme."
MAT.15.12,Na bea batingami babatamaka mbuti na Yesu ko babalaka na nde: «Odjebi boo bapalusai bataedjami mabaku na mibalo misokabo?».,"Alors ses disciples sapprochèrent, et lui dirent: Sais-tu que les pharisiens ont été scandalisés des paroles quils ont entendues?."
MAT.15.13,"Yesu asɔmbedjaka: «Kona esusu edi Sange e mbi yona odi o Diko pɛ boona, ebikoamabi.",Il répondit: Toute plante que na pas plantée mon Père céleste sera déracinée.
MAT.15.14,"Bakinani, badi bato bagwa miso bia badaledjaka na bato bakina ibagwa miso! Ko ekada boo moto omɔti ogwa miso adaledji okina moto ogwa miso, bo basusu babae bakwabi ta mombɔndɔ.».","Laissez-les: ce sont des aveugles qui conduisent des aveugles; si un aveugle conduit un aveugle, ils tomberont tous deux dans une fosse."
MAT.15.15,Piɛlɛ abalaka na nde: «Lotingodjea tina e isɛ idi.».,"Pierre, prenant la parole, lui dit: Explique-nous cette parabole."
MAT.15.16,"Yesu asɔmbedjaka: «Ino pongono, odini bato bataka e bowɛi?.","Et Jésus dit: Vous aussi, êtes-vous encore sans intelligence?."
MAT.15.17,Otasipoakani boo eka esusu ekakwee ta monɔko mo moto ekakɛɛ ta sɔpɔ i nde ko ekaime bokɛ ta ndima?.,"Ne comprenez-vous pas que tout ce qui entre dans la bouche va dans le ventre, puis est jeté dans les lieux secrets?."
MAT.15.18,Endolo yena ekime ta monɔkɔ mo moto bodongaka ta molema ko edi yena ekamoimedje pita.,"Mais ce qui sort de la bouche vient du cœur, et cest ce qui souille lhomme."
MAT.15.19,"Tengasa ta tei e molema mo nde malɛi mabe makaimane makalome bowa, bɔɔli, ndukeli, iba, bobala bolowa ko bosinga Ndjakomba.","Car cest du cœur que viennent les mauvaises pensées, les meurtres, les adultères, les impudicités, les vols, les faux témoignages, les calomnies."
MAT.15.20,"Endja eka ekimedje moto pita! Endolo boyaka pɛ bososa mɔmɔ bokimana mobeko, teimedjake moto pita.».","Voilà les choses qui souillent lhomme; mais manger sans sêtre lavé les mains, cela ne souille point lhomme."
MAT.15.21,Yesu adongaka ena ko akɛkɛ ta mokpɔtɔ mo Tula ko mo Sidona.,"Jésus, étant parti de là, se retira dans le territoire de Tyr et de Sidon."
MAT.15.22,"Mwali omɔti o ngando e Kanana adaka ta mokpɔtɔ momina. Aduaka adi Yesu ko abangaka bogama: «Kumu, Mwana o Dapiti, okeani ndjokwa! Mwana o mbi mwali atungeamaka mɛnɛ na mwembo mobe!».","Et voici, une femme cananéenne, qui venait de ces contrées, lui cria: Aie pitié de moi, Seigneur, Fils de David! Ma fille est cruellement tourmentée par le démon."
MAT.15.23,"Endolo Yesu aimosɔmbedjaka kɔpi. Batingami ba nde babatamaka mbuti na nde ko bamohɔdjɔkɔ: «Kumu, mobengana, tengasa aloyekeaka na dhaka!».","Il ne lui répondit pas un mot, et ses disciples sapprochèrent, et lui dirent avec instance: Renvoie-la, car elle crie derrière nous."
MAT.15.24,Yesu asɔmbedjaka: «Nalomama oko adi bhata ibunga i bato ba Isalɛlɛ.».,Il répondit: Je nai été envoyé quaux brebis perdues de la maison dIsraël.
MAT.15.25,"Endolo mwali aduaka bokwa magbundɔ ta boso bo Yesu ko abalaka: «Kumu, kamoani!».","Mais elle vint se prosterner devant lui, disant: Seigneur, secours-moi!."
MAT.15.26,Yesu amosɔmbedjaka: «Editi bopele botomba mwɛmbɛ mo bana ba bato ko bosabea mbwa.».,"Il répondit: Il nest pas bien de prendre le pain des enfants, et de le jeter aux petits chiens."
MAT.15.27,"Mwali omina abalaka: «Kumu, edi okobea, nongokobea mbwa ekayake oko mbumbu ikakwɛ ta mesa i baswa bu.».","Oui, Seigneur, dit-elle, mais les petits chiens mangent les miettes qui tombent de la table de leurs maîtres."
MAT.15.28,Na bea Yesu amosɔmbedjaka: «Oo! Bodima bo wɛ bodi bonɛnɛ! Ndjakomba aopake yena edi na wɛ posa.» Oko ta ehole emina mwana o nde mwali ahelaka.,"Alors Jésus lui dit: Femme, ta foi est grande; quil te soit fait comme tu veux. Et, à lheure même, sa fille fut guérie."
MAT.15.29,Yesu adongaka ena ko akɛkɛ ta yɔngɔ e ibeke i Galilea. Aihweaka ta ikoli ko asadedjaka.,"Jésus quitta ces lieux, et vint près de la mer de Galilée. Étant monté sur la montagne, il sy assit."
MAT.15.30,"Emumu e bato baduaka adi yo, bamolwɛkɛ bato bamitɛngu, bato bagwa miso, bimimi, bitumbɛ, na bato bakina ba bipeko tungu na tungu. Babasambeaka ta mako ma Yesu ko abaheledjaka.","Alors sapprocha de lui une grande foule, ayant avec elle des boiteux, des aveugles, des muets, des estropiés, et beaucoup dautres malades. On les mit à ses pieds, et il les guérit;."
MAT.15.31,"Na bea emumu e bato bakamoaka boenɛ boo bimimi bobala, bitumbɛ bohela, bato ba mitɛngu bodala ko bato i bagwa miso boenɛ; baimeaka bokumedja Ndjakomba o Isalɛlɛ.","en sorte que la foule était dans ladmiration de voir que les muets parlaient, que les estropiés étaient guéris, que les boiteux marchaient, que les aveugles voyaient; et elle glorifiait le Dieu dIsraël."
MAT.15.32,"Yesu abeaka batingami ba nde ko abalaka: «Nadi na ndjokwa na bato bi, tengasa bakɔi masu masato engbanga na mbi ko baditi na eka e boyaka. Naloni bobayanedja sopɔ bwase; basakaembɛ na ndjea.».","Jésus, ayant appelé ses disciples, dit: Je suis ému de compassion pour cette foule; car voilà trois jours quils sont près de moi, et ils nont rien à manger. Je ne veux pas les renvoyer à jeun, de peur que les forces ne leur manquent en chemin."
MAT.15.33,Batingami bamohɔdjɔkɔ: «Aboaniso bodia eka e boyakedja emumu ye e bato djɔ? Tengasa polo ye ediso edi etengelenge.».,Les disciples lui dirent: Comment nous procurer dans ce lieu désert assez de pains pour rassasier une si grande foule?.
MAT.15.34,Yesu abahɔdjɔkɔ: «Odini na miɛmbɛ meka?» Ko batingami bamosɔmbedjaka: «Lodi na miɛmbɛ sambo ko na baaswi bakɛkɛkɛ.».,"Jésus leur demanda: Combien avez-vous de pains? Sept, répondirent-ils, et quelques petits poissons."
MAT.15.35,Na bea Yesu abalaka na emumu e bato badae ta kpɔtɔ.,Alors il fit asseoir la foule par terre.
MAT.15.36,"Na bea atombaka miɛmbɛ mimina sambo ko na swi, asakoaka Ndjakomba, amibukaka ko amipaka adi batingami ba nde ko batingami bamikabanaka adi emumu e bato basusu.","prit les sept pains et les poissons, et, après avoir rendu grâces, il les rompit et les donna à ses disciples, qui les distribuèrent à la foule."
MAT.15.37,"Bato basusu bayaka, bagolaka ko batingami bandoaka mitinga sambo mi bikengakengi ibidikaka.","Tous mangèrent et furent rassasiés, et lon emporta sept corbeilles pleines des morceaux qui restaient."
MAT.15.38,"Bato ibayaka badaka koto inɛi, pɛ bolanga bali na bana.","Ceux qui avaient mangé étaient quatre mille hommes, sans les femmes et les enfants."
MAT.15.39,"Ngɔngɔ iboyanedja emumu e bato, Yesu atiteaka ta bwato ko akɛkɛ ta mokpɔtɔ mo Magadani.","Ensuite, il renvoya la foule, monta dans la barque, et se rendit dans la contrée de Magadan."
MAT.16.1,Bapalusai ko na basadokai baduaka adi Yesu tine bomopikea elambo. Bamohɔdjɔkɔ bɛngi abainedje embete e ngindola emɔti bodonga ta busa.,"Les pharisiens et les sadducéens abordèrent Jésus et, pour léprouver, lui demandèrent de leur faire voir un signe venant du ciel."
MAT.16.2,"Endolo Yesu abasɔmbedjaka: «Mɔmɔkɔ, okabaleni: Puma adake bopele, tengasa matute madi mapu .","Jésus leur répondit: Le soir, vous dites: Il fera beau, car le ciel est rouge; et le matin:."
MAT.16.3,"Ko ehuma, okabaleni: Mbua ekwake busa bu, tengasa matute mahindi kwii . Okadjebeni botikoanedja bimbete bi busa, endolo todjebeni botikoanedja bimbete bi bihole!.","Il y aura de lorage aujourdhui, car le ciel est dun rouge sombre. Vous savez discerner laspect du ciel, et vous ne pouvez discerner les signes des temps."
MAT.16.4,"Bato ba ehole ye, ibadi bato babe ko bataki isuma adi Ndjakomba, bahɔdjɔkɔ embete e ngindola? Embete emɔti oko yena epamabi: embete e Yona .» Na bea abakinaka ko akɛkɛ.","Une génération méchante et adultère demande un miracle; il ne lui sera donné dautre miracle que celui de Jonas. Puis il les quitta, et sen alla."
MAT.16.5,"Ehole emeleka batingami pamba ekina e ibeke, babosaka botomba mwɛmbɛ.","Les disciples, en passant à lautre bord, avaient oublié de prendre des pains."
MAT.16.6,Yesu abalaka na bu: «Omadani na edinga na lepile e bapalusai ko na e basadokai.».,Jésus leur dit: Gardez-vous avec soin du levain des pharisiens et des sadducéens.
MAT.16.7,Na bea batingami baimeaka bosabaleana: «Abali bea tine lobosi botomba mwɛmbɛ.».,"Les disciples raisonnaient en eux-mêmes, et disaient: Cest parce que nous navons pas pris de pains."
MAT.16.8,"Elenge Yesu adjebaka yo malɛi ma bobo, abalaka: «Tina ndani wasabaleanakani boo obosini botomba mwɛmbɛ? Bato ba bodima bokɛkɛ!.","Jésus, layant connu, dit: Pourquoi raisonnez-vous en vous-mêmes, gens de peu de foi, sur ce que vous navez pas pris de pains?."
MAT.16.9,Osipoakinini oko? Obosini miɛmbɛ mitano imikabanakano na bami koto itano ko na motuya mo mitinga mo bikengakengi bidikaka na nu?.,"Êtes-vous encore sans intelligence, et ne vous rappelez-vous plus les cinq pains des cinq mille hommes et combien de paniers vous avez emportés."
MAT.16.10,Obosini pongono miɛmbɛ sambo imikabanaka no na bami koto inɛi ko na motuya mo mitinga mo bikengakengi bidikaka na nu?.,ni les sept pains des quatre mille hommes et combien de corbeilles vous avez emportées?.
MAT.16.11,"Mbunoko edɛdi osipoakeni boo nabaliti na nu tine mwɛmbɛ, ehole eotɔndeakini mbi: omadani na edinga na lepile e bapalusai ko na e basadokai?».",Comment ne comprenez-vous pas que ce nest pas au sujet de pains que je vous ai parlé? Gardez-vous du levain des pharisiens et des sadducéens.
MAT.16.12,"Na bea, batingami basipoaka boo aibalaka na bu, badea na edinga tine lepile e mwɛmbɛ, endolo badea na edinga tine bileho bi bapalusai ko na basadokai.","Alors ils comprirent que ce nétait pas du levain du pain quil avait dit de se garder, mais de lenseignement des pharisiens et des sadducéens."
MAT.16.13,Yesu aimeaka ta ekenge e mokpɔtɔ mo Sedjale e Pilipo. Ahɔdjɔkɔ batingami ba nde: «Ekabale bato ta tina e Mwana o Moto nde?».,"Jésus, étant arrivé dans le territoire de Césarée de Philippe, demanda à ses disciples: Qui dit-on que je suis, moi, le Fils de lhomme?."
MAT.16.14,"Basɔmbedjaka: «Bamɔti bakabale boo odi Yoane Mobatisi; bakina, Elia; bakina pongono, Yilimeya kaoko omɔti ta tei e ba mbaeli ba Ndjakomba.».","Ils répondirent: Les uns disent que tu es Jean-Baptiste; les autres, Élie; les autres, Jérémie, ou lun des prophètes."
MAT.16.15,"Yesu abahɔdjɔkɔ: «Ko ta tina e bino, okabaleni mbi nadi nda?».","Et vous, leur dit-il, qui dites-vous que je suis?."
MAT.16.16,"Simo Piɛlɛ asɔmbedjaka: «Odi Kilito, Mwana o Ndjakomba o bomɔ.».","Simon Pierre répondit: Tu es le Christ, le Fils du Dieu vivant."
MAT.16.17,"Na bea Yesu abalaka na nde: «Sepi adi wɛ, Simo mwana o Yona; tengasa editi bomoto bodjebedji wɛ soti e midjɔ mi, endolo edi Sange e mbi yona odi o diko.","Jésus, reprenant la parole, lui dit: Tu es heureux, Simon, fils de Jonas; car ce ne sont pas la chair et le sang qui tont révélé cela, mais cest mon Père qui est dans les cieux."
MAT.16.18,"Na bea mbi, nabali na wɛ, odi Piɛlɛ ko ta diko i ibanga dii, natongake Ekelesa e mbi . Edae sueya e bogwa idaetebi na bokondji ta diko i Ekelesa emina.","Et moi, je te dis que tu es Pierre, et que sur cette pierre je bâtirai mon Église, et que les portes du séjour des morts ne prévaudront point contre elle."
MAT.16.19,"Nopabi pongola i Bokumu bo diko: losusu lonangakabi wɛ iya ta kpɔtɔ, lonangamakabi pongono o diko; losusu lolodjakabi wɛ ta kpɔtɔ, lolodjamakabi pongono o diko .».","Je te donnerai les clefs du royaume des cieux: ce que tu lieras sur la terre sera lié dans les cieux, et ce que tu délieras sur la terre sera délié dans les cieux."
MAT.16.20,Na bea Yesu asiaka batingami ba nde na bopipo badae pɛ botɔndea moto boo adi Kilito.,Alors il recommanda aux disciples de ne dire à personne quil était le Christ.
MAT.16.21,"Donga ta ehole emina, Yesu aimeaka bobala bohu na batingami ba nde: «Etungi nakɛ ta Yelusalɛmɛ oho naenɛke saya enɛnɛ ta mɔmɔ ma basuku, bakondji ba banganga ba Ndjakomba ko na balehi ba mobeko. Nagwake ko napusoake ngɔngɔ isu i basato.».","Dès lors Jésus commença à faire connaître à ses disciples quil fallait quil allât à Jérusalem, quil souffrît beaucoup de la part des anciens, des principaux sacrificateurs et des scribes, quil fût mis à mort, et quil ressuscitât le troisième jour."
MAT.16.22,"Piɛlɛ asasuaka na Yesu mootɔtɔkɔ ko amogameaka: «Ngasa, ta kombe e Ndjakomba, eka etokɔke!».","Pierre, layant pris à part, se mit à le reprendre, et dit: A Dieu ne plaise, Seigneur! Cela ne tarrivera pas."
MAT.16.23,"Endolo Yesu ahombanaka ko abalaka na Piɛlɛ: «Sɔmbɔ ngɔngɔ i mbi, Satana! Odi ibaku tina e mbi, tengasa malɛi ma wɛ maditi malɛi ma Ndjakomba, endolo malɛi ma bato.».","Mais Jésus, se retournant, dit à Pierre: Arrière de moi, Satan! tu mes en scandale; car tes pensées ne sont pas les pensées de Dieu, mais celles des hommes."
MAT.16.24,"Ngɔngɔ Yesu abalaka na batingami ba nde: «Ekadabo moto apali bokimanani, atungi bosalona yo mɛnɛ, atombe ekulusu e nde ko akimaneni.","Alors Jésus dit à ses disciples: Si quelquun veut venir après moi, quil renonce à lui-même, quil se charge de sa croix, et quil me suive."
MAT.16.25,"Tengasa moto mosusu opali boheledja mohelo mo nde, amobungedjake, endolo moto mosusu abungedjake mohelo mo nde tine e mbi, amobolodjake.","Car celui qui voudra sauver sa vie la perdra, mais celui qui la perdra à cause de moi la trouvera."
MAT.16.26,"Tɛtɔ ndaa adiake moto, akatomba ngondo esusu ko abungedji mohelo mo nde?.","Et que servirait-il à un homme de gagner tout le monde, sil perdait son âme? Ou, que donnerait un homme en échange de son âme?."
MAT.16.27,"Tengasa Mwana o Moto aduabi ta ekumu e Sange e nde, engbanga na babwɛndji ba nde ko aputabi moto na moto bokokana na misala mi nde .","Car le Fils de lhomme doit venir dans la gloire de son Père, avec ses anges; et alors il rendra à chacun selon ses œuvres."
MAT.16.28,"Edi soti, nabalaka na nu: ekenge e bato ibadiya bagwɛtɛbi, boso bo boenɛ bodua bo Mwana o Moto elenge Kumu.».","Je vous le dis en vérité, quelques-uns de ceux qui sont ici ne mourront point, quils naient vu le Fils de lhomme venir dans son règne."
MAT.17.1,"Ngɔngɔ i masu masamano, Yesu atombaka Piɛlɛ, Djake, Yoane, mwange e Djake; asasuaka na bu mootɔtɔkɔ, ta diko i ikoli.","Six jours après, Jésus prit avec lui Pierre, Jacques, et Jean, son frère, et il les conduisit à lécart sur une haute montagne."
MAT.17.2,Yesu asendjaka ta miso ma bobo; boso bo nde boimeaka bongɛsɛ elenge moyi ko bisendja bi nde bimeaka bogbolibana ipɛɛ.,"Il fut transfiguré devant eux; son visage resplendit comme le soleil, et ses vêtements devinrent blancs comme la lumière."
MAT.17.3,"Mbala emɔti, batingami basato baenɛkɛ Mose na Elia bosoola na Yesu.","Et voici, Moïse et Élie leur apparurent, sentretenant avec lui."
MAT.17.4,"Na bea Piɛlɛ abalaka na Yesu: «Kumu, enɔi na bopele tina e biso lodae iya. Okadima, lopike bitondo bisato: emɔti tina e wɛ, emɔti tina e Mose ko emɔti tina e Elia.».","Pierre, prenant la parole, dit à Jésus: Seigneur, il est bon que nous soyons ici; si tu le veux, je dresserai ici trois tentes, une pour toi, une pour Moïse, et une pour Élie."
MAT.17.5,"Yana adaka bo babala, itute imɔti idaka bongɛsɛ ibadipaka ko kɔpi emɔti eokamaka donga ta itute: «Iyo adi Mwana o mbi oepaeli, nasepi na nde mɛnɛ. Mokeani!».","Comme il parlait encore, une nuée lumineuse les couvrit. Et voici, une voix fit entendre de la nuée ces paroles: Celui-ci est mon Fils bien-aimé, en qui jai mis toute mon affection: écoutez-le!."
MAT.17.6,"Ehole eokaka batingami kɔpi emina, baimeaka na bɔɔ ko bakwaka maso ta kpɔtɔ.","Lorsquils entendirent cette voix, les disciples tombèrent sur leur face, et furent saisis dune grande frayeur."
MAT.17.7,"Endolo Yesu abatamaka mbuti na bu, abapeaka ko abalaka: «Angɔni! Pɛ bobangani.».","Mais Jésus, sapprochant, les toucha, et dit: Levez-vous, nayez pas peur!."
MAT.17.8,Baongɔdjɔkɔ miso ko baienɛ moto oko Yesu yo mɛnɛ.,"Ils levèrent les yeux, et ne virent que Jésus seul."
MAT.17.9,"Ehole edakabo botita ta ikoli, Yesu abapaka simbisi ye: «Meako misenɛno, pɛ botɔndeani moto omɔti ndjɛnɛ ye, mbunoko Mwana o Moto akapusoa ta tei e bago.».","Comme ils descendaient de la montagne, Jésus leur donna cet ordre: Ne parlez à personne de cette vision, jusquà ce que le Fils de lhomme soit ressuscité des morts."
MAT.17.10,Ngɔngɔ batingami bahɔdjɔkɔ Yesu: «Tina ndani balehi ba mobeko bakabale boo Elia aboani bodua o boso ?».,Les disciples lui firent cette question: Pourquoi donc les scribes disent-ils quÉlie doit venir premièrement?.
MAT.17.11,"Yesu abasɔmbedjaka: «Edi soti boo, Elia aboani bodua tine bosɔmbedja midjɔ misusu ta molɔngɔ.","Il répondit: Il est vrai quÉlie doit venir, et rétablir toutes choses."
MAT.17.12,"Mbi nabalaka na nu boo Elia adua ehele, enakobea bato baimosipoaka, bakɔkɔ na nde moda mopalakabo. Edi oko moda mua banɔngedjake Mwana o Moto.».","Mais je vous dis quÉlie est déjà venu, quils ne lont pas reconnu, et quils lont traité comme ils ont voulu. De même le Fils de lhomme souffrira de leur part."
MAT.17.13,Batingami basipoaka boo adaka bobala tina e Yoane Mobatisi.,Les disciples comprirent alors quil leur parlait de Jean-Baptiste.
MAT.17.14,"Ehole eimeaka bo mbuti na polo edaka emumu e bato, moto omɔti abatamaka mbuti na Yesu, akwaka magbundɔ ta boso nde.","Lorsquils furent arrivés près de la foule, un homme vint se jeter à genoux devant Jésus, et dit:."
MAT.17.15,"ko abalaka: «Kumu okea mwana o mbi ndjokwa! Adi na yogo e isiesie ko aenɛkɛ saya, emodumbaka mandɛli mandɛli ta mosa kaoko ta madiba.","Seigneur, aie pitié de mon fils, qui est lunatique, et qui souffre cruellement; il tombe souvent dans le feu, et souvent dans leau."
MAT.17.16,"Nakɛki na nde adi batingami ba wɛ, endolo bahɔniti bomoheledja.».","Je lai amené à tes disciples, et ils nont pas pu le guérir."
MAT.17.17,"Yesu abalaka: «Bato ba kitɛ, bato ba taka e edimeli! Bihole beka badake mbi na nu naikina? Mbunoko ehole nda eboani na mbi bohɔnɔni? Duani na mwana omina.».","Race incrédule et perverse, répondit Jésus, jusques à quand serai-je avec vous? Jusques à quand vous supporterai-je? Amenez-le-moi ici."
MAT.17.18,"Yesu agameaka mwembo mobe momina, moimaka ta tei e mwana omina ko ahelaka oko ta ehole emina.","Jésus parla sévèrement au démon, qui sortit de lui, et lenfant fut guéri à lheure même."
MAT.17.19,"Na bea batingami bakɛkɛ na Yesu mootɔtɔkɔ ko bamohɔdjɔkɔ: «Tina ndani, iso lohɔniti bobengana mwembo momina mobe?».","Alors les disciples sapprochèrent de Jésus, et lui dirent en particulier: Pourquoi navons-nous pu chasser ce démon?."
MAT.17.20,"Yesu abasɔmbedjaka: «Edi tine boo odini na bodima bokɛkɛ. Edi soti, nabalaka na nu: okadani na bodima elenge mbuma e motade, oboanini bobala na ikoli di: Donga ya, kɛ oho ko lakɛke. Pɛ modjɔ moonɔbini na bopipo. .","Cest à cause de votre incrédulité, leur dit Jésus. Je vous le dis en vérité, si vous aviez de la foi comme un grain de sénevé, vous diriez à cette montagne: Transporte-toi dici là, et elle se transporterait; rien ne vous serait impossible."
MAT.17.21,Endolo edi na ndjea e miongɔnɔ ko na bokia oboani bobenganani mondumba mo mwembo moda mua .».,Mais cette sorte de démon ne sort que par la prière et par le jeûne.
MAT.17.22,"Busa bomɔti, batingami baputoanaka bo basusu ta mokpɔtɔ mo Galilea, Yesu abalaka na bu: «Mwana o Moto akabamake ta mɔmɔ ma bato babe.","Pendant quils parcouraient la Galilée, Jésus leur dit: Le Fils de lhomme doit être livré entre les mains des hommes;."
MAT.17.23,bamowabi; endolo ta isu i basato apusoabi.» Na bea batingami balumaka na ndjokwa enɛnɛ.,"ils le feront mourir, et le troisième jour il ressuscitera. Ils furent profondément attristés."
MAT.17.24,"Ehole eimeaka Yesu na batingami ta ibonga i Kapalanauma, baputedji ba puti e tepelo baduaka adi Piɛlɛ ko bamohɔdjɔkɔ: «Molehi o bino taputake puti e tepelo ?».","Lorsquils arrivèrent à Capernaüm, ceux qui percevaient les deux drachmes sadressèrent à Pierre, et lui dirent: Votre maître ne paie-t-il pas les deux drachmes?."
MAT.17.25,"Piɛlɛ abasɔmbedjaka: «Okobea, akapute!» Ehole ekweaka Piɛlɛ ta ndako, Yesu adaka moto o boso o bomohɔdjɔ: «Simo, elɛdji wɛ nde? Okapute puti adi bakondji ba ngondo ye nda? Bana ba bobo kaoko bakɛndɛli?».","Oui, dit-il. Et quand il fut entré dans la maison, Jésus le prévint, et dit: Que ten semble, Simon? Les rois de la terre, de qui perçoivent-ils des tributs ou des impôts? De leurs fils, ou des étrangers?."
MAT.17.26,«Piɛlɛ asɔmbedjaka: Bakɛndɛli.» Yesu abalaka na nde: «Bana tebaputake puti.,Il lui dit: Des étrangers. Et Jésus lui répondit: Les fils en sont donc exempts.
MAT.17.27,"Enakobea, lotapala boisa bato bamina djenge ta malɛi ma bobo. Kɛɛ ta ibeke, maa ilɔpi ta madiba ko moswi o boso otaedjake wɛ, dipoa monɔkɔ mo moswi omina: wataneake palanga e ebende emɔti eboani boputa puti e mbi ko na wɛ; etomba ko oloputee puti.».","Mais, pour ne pas les scandaliser, va à la mer, jette lhameçon, et tire le premier poisson qui viendra; ouvre-lui la bouche, et tu trouveras un statère. Prends-le, et donne-le-leur pour moi et pour toi."
MAT.18.1,"Oko ta ehole yena, batingami babatamaka mbuti na Yesu ko bamohɔdjɔkɔ: «Moto onɔi monɛnɛ ta Bokumu bo diko nda?».","En ce moment, les disciples sapprochèrent de Jésus, et dirent: Qui donc est le plus grand dans le royaume des cieux?."
MAT.18.2,"Yesu abeaka mwana omɔti mokɛkɛ, amoemeaka ta ndanda e bobo.","Jésus, ayant appelé un petit enfant, le plaça au milieu deux."
MAT.18.3,"ko abalaka: «Edi soti, nabalaka na nu: omitisɔmbɔtɔnɔni milema bɛngi oimeeni elenge bana bakɛkɛ, okwetebini ta Bokumu bo diko.","et dit: Je vous le dis en vérité, si vous ne vous convertissez et si vous ne devenez comme les petits enfants, vous nentrerez pas dans le royaume des cieux."
MAT.18.4,"Na tina emina, moto mosusu odi bosatitedja elenge mwana iyo, adabi monɛnɛ ta Bokumu bo diko.","Cest pourquoi, quiconque se rendra humble comme ce petit enfant sera le plus grand dans le royaume des cieux."
MAT.18.5,"Ko moto mosusu yona oasɔi mwana ta kombe e mbi, asɔi mbi mɛnɛ.».","Et quiconque reçoit en mon nom un petit enfant comme celui-ci, me reçoit moi-même."
MAT.18.6,"«Endolo moto yona okataedje ibaku adi omɔti o bana bakɛkɛbi ibadimeakani, enɔi na bopele tina e nde bomonanga ibanga inɛnɛ ta dɔli ko bomodumba ta duwa enɛnɛ.","Mais, si quelquun scandalisait un de ces petits qui croient en moi, il vaudrait mieux pour lui quon suspendît à son cou une meule de moulin, et quon le jetât au fond de la mer."
MAT.18.7,Ndjokwa e ngondo tine mabaku! Soti edake oko na mabaku manɛnɛ makadumbe bato ta bobe! Endolo ndjokwa adi moto yona okamimedje!.,Malheur au monde à cause des scandales! Car il est nécessaire quil arrive des scandales; mais malheur à lhomme par qui le scandale arrive!.
MAT.18.8,"Ekada ebɔ kaoko eko e wɛ eimei ibaku iolindaka ta bobe, elena ko edumba bohali na wɛ. Enɔi bopele tina e wɛ bokwea ta mohele mopele na ebɔ kaoko na eko emɔti, ta esika e bobanea mɔmɔ kaoko mako mabea ko bodumbama ta ipombe i mosa mo seko.","Si ta main ou ton pied est pour toi une occasion de chute, coupe-les et jette-les loin de toi; mieux vaut pour toi entrer dans la vie boiteux ou manchot, que davoir deux pieds ou deux mains et dêtre jeté dans le feu éternel."
MAT.18.9,"Ko ekada diso i wɛ iimei ibaku iodumbaka ta bobe, iongodja ko idumba bohali na wɛ. Enɔi bopele tina e wɛ bokwea ta mohelo mopele na diso imɔti, ta esika e bobabanea miso mabae ko bodumbama ta geena e ipelu.».","Et si ton œil est pour toi une occasion de chute, arrache-le et jette-le loin de toi; mieux vaut pour toi entrer dans la vie, nayant quun œil, que davoir deux yeux et dêtre jeté dans le feu de la géhenne."
MAT.18.10,"«Daani na edinga, pɛ boenɛni ngasa omɔti o bana bi bakɛkɛ! Na bea notɔndeakani, babwɛndji ba bobo bakaemae seko ta boso bo Sange e mbi yona odi o diko. .",Gardez-vous de mépriser un seul de ces petits; car je vous dis que leurs anges dans les cieux voient continuellement la face de mon Père qui est dans les cieux.
MAT.18.11,Tengasa Mwana o Moto adua tine boheledja bato i babunga .,Car le Fils de lhomme est venu sauver ce qui était perdu.
MAT.18.12,"«Olɛdjini bo? Ekada moto omɔti adi na bhata mokama ko omɔti ebungi, aboaniti bokina bhata tuku ibua na ibua ta ikoli tine bokɛ bohomba yena ebungi?.","Que vous en semble? Si un homme a cent brebis, et que lune delles ségare, ne laisse-t-il pas les quatre-vingt-dix-neuf autres sur les montagnes, pour aller chercher celle qui sest égarée?."
MAT.18.13,"Ta soti nabalaka na nu, akaebolodja, alumake na sepi bonɔ bhata tuku ibua na ibua i badaa pɛ bobunga.","Et, sil la trouve, je vous le dis en vérité, elle lui cause plus de joie que les quatre-vingt-dix-neuf qui ne se sont pas égarées."
MAT.18.14,"Oko moda momina, Sange e bino yona odi o diko aboaniti bodima bobungedja omɔti o bana bi.».","De même, ce nest pas la volonté de votre Père qui est dans les cieux quil se perde un seul de ces petits."
MAT.18.15,"«Ekada mwange e wɛ aokɔmei bobe, kɛɛ wɛ mɛnɛ bomotanea ko bomoinedja bobe bo nde. Akaokea, osɔmbedji mwange e wɛ ta ndjea.","Si ton frère a péché, va et reprends-le entre toi et lui seul. Sil técoute, tu as gagné ton frère."
MAT.18.16,"Endolo akalona bokea, bea moto omɔti kaoko bato babae engbanga na wɛ, bɛngi lokokedje moda mabalaka ikomi, tengasa modjɔ mosusu mokabɔngedjame na tati e bato babae kaoko basato.","Mais, sil ne técoute pas, prends avec toi une ou deux personnes, afin que toute laffaire se règle sur la déclaration de deux ou de trois témoins."
MAT.18.17,"Endolo akalona bookea, tɔndea basuku ba Ekelesa; ekadabo aloni bookea basuku ba Ekelesa, motombani elenge mokɛndɛli kaoko elenge moputedji o puti.","Sil refuse de les écouter, dis-le à lÉglise; et sil refuse aussi découter lÉglise, quil soit pour toi comme un païen et un publicain."
MAT.18.18,"Okobea, edi soti, nabalaka na nu: misusu minangakabino ta ngondo minangamabi o diko; ko misusu milodjakabino ta ngondo milodjamakabi o diko.","Je vous le dis en vérité, tout ce que vous lierez sur la terre sera lié dans le ciel, et tout ce que vous délierez sur la terre sera délié dans le ciel."
MAT.18.19,"Okobea nabalaka na nu pongono, ekada bato babae badimeani iya ta kpɔtɔ tine bosɛngɛ eka emɔti bea, Sange e mbi yona odi o diko abapakabi yu.","Je vous dis encore que, si deux dentre vous saccordent sur la terre pour demander une chose quelconque, elle leur sera accordée par mon Père qui est dans les cieux."
MAT.18.20,"Tengasa polo eputoani bato babae kaoko basato ta kombe e mbi, mbi nadi ta ndanda e bobo.».","Car là où deux ou trois sont assemblés en mon nom, je suis au milieu deux."
MAT.18.21,"Na bea Piɛlɛ abatamaka mbuti na Yesu ko amohɔdjɔkɔ: «Kumu, mbala djeka iboani na mbi boyɛ mwange e mbi ehole ekɔini yo bobe? Mbunoko mbala sambo?».","Alors Pierre sapprocha de lui, et dit: Seigneur, combien de fois pardonnerai-je à mon frère, lorsquil péchera contre moi? Sera-ce jusquà sept fois?."
MAT.18.22,"Yesu asɔmbedjaka: «Ngasa, nabaliti mbunoko mbala sambo, endolo mbunoko mbala tuku sambo na sambo mitomba sambo.","Jésus lui dit: Je ne te dis pas jusquà sept fois, mais jusquà septante fois sept fois."
MAT.18.23,"Na tina emina, endja moda moboani na Bokondji bo diko: mokondji omɔti atombaka meko ebobɔngedja midjɔ miendji palanga engbanga na basali ba nde.","Cest pourquoi, le royaume des cieux est semblable à un roi qui voulut faire rendre compte à ses serviteurs."
MAT.18.24,"Ehole ebangaka yo bokɔ, bamoinedjaka mosali omɔti yona odaka na nyongo e nde enɛnɛ e palanga i bibende koto domi.","Quand il se mit à compter, on lui en amena un qui devait dix mille talents."
MAT.18.25,"Moto omina aidaka na mwɛngi e bosɔmbedja nyongo emina. Na bea mokondji o nde apaka simbisi e boengɛdjɛ yo, mwali o nde ko bana ba nde elenge babuli engbanga na leka lo nde losusu, bɛngi apute nyongo.","Comme il navait pas de quoi payer, son maître ordonna quil fût vendu, lui, sa femme, ses enfants, et tout ce quil avait, et que la dette fût acquittée."
MAT.18.26,"Mosali omina akwaka magbundɔ ta boso bo mokondji ko asayeanaka: Okapala okeani ndjokwa, naputake nyongo e wɛ esusu.","Le serviteur, se jetant à terre, se prosterna devant lui, et dit: Seigneur, aie patience envers moi, et je te paierai tout."
MAT.18.27,Mokondji aokeaka mosali omina ndjokwa: amokineaka nyongo emina ko amokinaka bokɛ.,"Ému de compassion, le maître de ce serviteur le laissa aller, et lui remit la dette."
MAT.18.28,"Ehole eimanaka mosali, asonganaka na omɔti o minande mosali yona odaka pongono na nyongo e nde: aboanaka bomosɔmbedja palanga mokama momɔti mo bibende. Amosuweaka gɔbɔli ta moholi ko abalaka: Puta nyongo e mbi.","Après quil fut sorti, ce serviteur rencontra un de ses compagnons qui lui devait cent deniers. Il le saisit et létranglait, en disant: Paie ce que tu me dois."
MAT.18.29,"Minande mosali asadumbaka ta mako ma nde ko asayeanaka ta boso bo nde: Okapala okeani ndjokwa, naputake nyongo e wɛ esusu.","Son compagnon, se jetant à terre, le suppliait, disant: Aie patience envers moi, et je te paierai."
MAT.18.30,"Endolo minande alonaka: akɛkɛ bomopunda ko bamoisaka ta ndjango, mbunoko ehole aputakeyo nyongo e nde.","Mais lautre ne voulut pas, et il alla le jeter en prison, jusquà ce quil eût payé ce quil devait."
MAT.18.31,"Ehole enɛkɛ bakina ba binande basali bea, baimeaka na ndjokwa enɛnɛ ko bakɛkɛ botɔndɔ midjɔ mimina adi mokondji o bobo.","Ses compagnons, ayant vu ce qui était arrivé, furent profondément attristés, et ils allèrent raconter à leur maître tout ce qui sétait passé."
MAT.18.32,Na bea mokondji abeaka mosali omina ko abalaka na nde: Mosali obobila! Nayɛki nyongo e wɛ esusu tine osayeanaki.,"Alors le maître fit appeler ce serviteur, et lui dit: Méchant serviteur, je tavais remis en entier ta dette, parce que tu men avais supplié;."
MAT.18.33,Eboanakiti na wɛ pongono bookea minawɛ ndjokwa elenge aokei mbi wɛ ndjokwa.,"ne devais-tu pas aussi avoir pitié de ton compagnon, comme jai eu pitié de toi?."
MAT.18.34,Mokondji aimeaka na kɛlɛ enɛnɛ ko amolomaka ta mɔmɔ ma basali ba misala mipipo mbunoko apute nyongo e nde esusu.».,"Et son maître, irrité, le livra aux bourreaux, jusquà ce quil eût payé tout ce quil devait."
MAT.18.35,"Yesu abakeaka: «Edi oko moda mua Sange e mbi yona odi o diko akɔbi na moto mosusu ta tei e bino yona odabi pɛ boyɛ minande, na molema mo nde mosusu .».","Cest ainsi que mon Père céleste vous traitera, si chacun de vous ne pardonne à son frère de tout son cœur."
MAT.19.1,"Ehole esidjaka Yesu bopa bileho bimina, akinaka Galilea ko akɛkɛ ta mokpɔtɔ mo Yuda, ta dɔngɔ ikina i Yolodane.","Lorsque Jésus eut achevé ces discours, il quitta la Galilée, et alla dans le territoire de la Judée, au-delà du Jourdain."
MAT.19.2,Emumu e bato emokimanaka ko abaheledjaka na bipeko bi bobo.,"Une grande foule le suivit, et là il guérit les malades."
MAT.19.3,Bapalusai babatamaka mbuti na nde tine bomopikea elambo. Bamohɔdjɔkɔ: «Mobeko mo biso mapaka ndjea na momi adongedje mwali o nde ta moki na tina emɔti?».,"Les pharisiens labordèrent, et dirent, pour léprouver: Est-il permis à un homme de répudier sa femme pour un motif quelconque?."
MAT.19.4,"Yesu asɔmbedjaka: «Oilangani eka abalaka ikomi boo ta mbangi, Moyoi ayoaka momi na mwali ?.","Il répondit: Navez-vous pas lu que le créateur, au commencement, fit lhomme et la femme."
MAT.19.5,Ngɔngɔ abalaka: Na tina emina momi akinakabi sango ko nango tine boputoana na mwali o nde ko bo babae baimeabi moto omɔti .,"et quil dit: Cest pourquoi lhomme quittera son père et sa mère, et sattachera à sa femme, et les deux deviendront une seule chair?."
MAT.19.6,"Na bea, baditi naikina bato babae, endolo moto omɔti. Kina boo moto adae pɛ bogbɔtodja bato baputoanedji Ndjakomba.».","Ainsi ils ne sont plus deux, mais ils sont une seule chair. Que lhomme donc ne sépare pas ce que Dieu a joint."
MAT.19.7,Bapalusai bamohɔdjɔkɔ: «Na bea tina ndani Mose apaka mobeko adi momi boo apɛ mwali o nde mokanda mo bowa moki ekadabo agbɔti na nde ?».,"Pourquoi donc, lui dirent-ils, Moïse a-t-il prescrit de donner à la femme une lettre de divorce et de la répudier?."
MAT.19.8,"Yesu asɔmbedjaka: «Mose aopani mobeko mo bodongedja bali ba bino ta moki tine boo odini na milema mipipo. Endolo ta mbangi, eidaka bea.","Il leur répondit: Cest à cause de la dureté de votre cœur que Moïse vous a permis de répudier vos femmes; au commencement, il nen était pas ainsi."
MAT.19.9,"Nabalaka na nu: ekadabo momi adongedji mwali o nde ta moki, na bea akasɔ okina mwali, akɔi bɔɔli; dongedja oko mwali omina akɔi bɔɔli.».","Mais je vous dis que celui qui répudie sa femme, sauf pour infidélité, et qui en épouse une autre, commet un adultère."
MAT.19.10,"Batingami ba nde babalaka: «Ekadabo meako mimina miboani boda bea ta tei e momi na mwali, tina e boasɔni editi.».","Ses disciples lui dirent: Si telle est la condition de lhomme à légard de la femme, il nest pas avantageux de se marier."
MAT.19.11,"Yesu abasɔmbedjaka: «Bami basusu baboaniti bodima eleho ye, endolo oko ibia ibapa Ndjakomba ndjea.","Il leur répondit: Tous ne comprennent pas cette parole, mais seulement ceux à qui cela est donné."
MAT.19.12,"Edi na midjɔ mikakɔe boo bami bakina badae pɛ boasɔ bali: tine bamɔti, babotama bea; tine bakina, baimedjama mikube na bato; edi pongono na bakina balona boasɔ bali tine Bokumu bo diko. Kina boo yona oboani bodima eleho ye adime!».","Car il y a des eunuques qui le sont dès le ventre de leur mère; il y en a qui le sont devenus par les hommes; et il y en a qui se sont rendus tels eux-mêmes, à cause du royaume des cieux. Que celui qui peut comprendre comprenne."
MAT.19.13,"Na bea bato baduaka na bana adi Yesu bɛngi abababakee mɔmɔ ko aongɔne tine bobo, endolo batingami bagameaka bato.","Alors on lui amena des petits enfants, afin quil leur imposât les mains et priât pour eux. Mais les disciples les repoussèrent."
MAT.19.14,"Na bea Yesu abalaka: «Kinani bana badue adi mbi, pɛ bobasiani, tengasa Bokumu bo diko bodi tine bia badi elenge bo .».","Et Jésus dit: Laissez les petits enfants, et ne les empêchez pas de venir à moi; car le royaume des cieux est pour ceux qui leur ressemblent."
MAT.19.15,Ababakeaka mɔmɔ ko adongaka ena.,"Il leur imposa les mains, et il partit de là."
MAT.19.16,"Na bea moto omɔti abatamaka mbuti na Yesu ko amohɔdjɔkɔ: «Molehi eka epele eboani mbi bokɔ nda, bɛngi nadie mohelo mo seko?».","Et voici, un homme sapprocha, et dit à Jésus: Maître, que dois-je faire de bon pour avoir la vie éternelle?."
MAT.19.17,"Yesu amosɔmbedjaka: «Tina ndani ohɔdjini tine eka eendji bopele? Eka emɔti oko edi bopele. Okapala bokwea ta mohelo, suma mibeko.».","Il lui répondit: Pourquoi minterroges-tu sur ce qui est bon? Un seul est le bon. Si tu veux entrer dans la vie, observe les commandements. Lesquels? Lui dit-il."
MAT.19.18,Ahɔdjɔkɔ: «Mibeko mimina mi doo?» Yesu amosɔmbedjaka: «Pɛ bowa moto; pɛ bokɔ bɔɔli; pɛ boiba; pɛ bobala tati e boloa ta tina e mina wɛ;.,Et Jésus répondit: Tu ne tueras point; tu ne commettras point dadultère; tu ne déroberas point; tu ne diras point de faux témoignage;.
MAT.19.19,suma sange e wɛ ko na nange e wɛ; pala mwange e wɛ elenge akasapale wɛ mɛnɛ.».,honore ton père et ta mère; et: tu aimeras ton prochain comme toi-même.
MAT.19.20,Mwenga amosɔmbedjaka: «Nakasume mibeko mimina misusu. Nakɔe naikaina ye?».,Le jeune homme lui dit: Jai observé toutes ces choses; que me manque-t-il encore?.
MAT.19.21,"Yesu abalaka na nde: «Okapala odae moto moboanake, kɛɛ botɛkɛ losusu lodi na wɛ ko pa palanga adi batakeli, na bea wadiake bodieli bodi ta busa; ngɔngɔ dua ko kimanani.».","Jésus lui dit: Si tu veux être parfait, va, vends ce que tu possèdes, donne-le aux pauvres, et tu auras un trésor dans le ciel. Puis viens, et suis-moi."
MAT.19.22,"Endolo ehole eoka mwenga bea, akɛkɛ na ndjokwa enɛnɛ, tine boo adaka na bodieli bonɛnɛ.","Après avoir entendu ces paroles, le jeune homme sen alla tout triste; car il avait de grands biens."
MAT.19.23,"Yesu abalaka na batingami ba nde: «Okobea, nabalaka na nu: edi bopipo na modieli bokwea ta Bokumu bo diko.","Jésus dit à ses disciples: Je vous le dis en vérité, un riche entrera difficilement dans le royaume des cieux."
MAT.19.24,Ko nabalaka na nu naikina: edi bopipo na tito okabeebo kamela bonɔ ta ipose i sinani; endolo enɔi naikina bopipo bonɔ modieli bokwea ta Bokumu bo diko.».,"Je vous le dis encore, il est plus facile à un chameau de passer par le trou dune aiguille quà un riche dentrer dans le royaume de Dieu."
MAT.19.25,"Ehole eokaka batingami bea, bakamoaka ko babalaka: «Ekada mɛnɛ bea ohelabi nda?».","Les disciples, ayant entendu cela, furent très étonnés, et dirent: Qui peut donc être sauvé?."
MAT.19.26,"Yesu abaendjaka ko abalaka na bu: «Modjɔ modi bato pɛ bohɔnɔ bokɔ, Ndjakomba adi bomokɔ.».","Jésus les regarda, et leur dit: Aux hommes cela est impossible, mais à Dieu tout est possible."
MAT.19.27,Piɛlɛ abalaka na nde: «Iso lokini losusu tine bokimana wɛ. Ediabiso nde?».,"Pierre, prenant alors la parole, lui dit: Voici, nous avons tout quitté, et nous tavons suivi; quen sera-t-il pour nous?."
MAT.19.28,"Yesu abalaka na bu: «Edi soti nabalaka na nu: ehole edakabi Mwana o Moto ta ngbɛndɛ e ekumu e nde ta ngondo eyanie, ino ba domi na babae ibakimanani, odakabini pongono ta mingbɛlɛngɔ tine bosambedja mabota domi na babae ma Isalɛlɛ.","Jésus leur répondit: Je vous le dis en vérité, quand le Fils de lhomme, au renouvellement de toutes choses, sera assis sur le trône de sa gloire, vous qui mavez suivi, vous serez de même assis sur douze trônes, et vous jugerez les douze tribus dIsraël."
MAT.19.29,"Ko bato ibakinaka tina e mbi ndako i bobo, bange i bobo, ngɛnɛ i bobo, sange i bobo, nange i bobo, bana ba bobo, gbie i bobo badiakabi mbala mokama bonɔ ko badiakabi ibondo ta mohelo mo seko.","Et quiconque aura quitté, à cause de mon nom, ses frères, ou ses sœurs, ou son père, ou sa mère, ou sa femme, ou ses enfants, ou ses terres, ou ses maisons, recevra le centuple, et héritera la vie éternelle."
MAT.19.30,"Endolo bato banɛnɛ i badi boso, badakabi bato ba ngɔngɔ ko bato banɛnɛ i badi edɛdi bato ba ngɔngɔ, badakabi bato ba boso.».","Plusieurs des premiers seront les derniers, et plusieurs des derniers seront les premiers."
MAT.20.1,"«Na bea, endja moda moboani na Bokumu bo diko: moswa ndako omɔti aimaka ehuma mɛnɛ bɛngi atombe basali tine bosala ta gbie e nde e vino.","Car le royaume des cieux est semblable à un maître de maison qui sortit dès le matin, afin de louer des ouvriers pour sa vigne."
MAT.20.2,Adimanaka na bu bobaputa na iputi iboani na palanga e ebende emɔti tine busa bomɔti. Ngɔngɔ abalomaka bosala ta gbie e nde e vino.,"Il convint avec eux dun denier par jour, et il les envoya à sa vigne."
MAT.20.3,"Aimaka mbala ekina ta ehole e basato e ehuma, aenɛkɛ bato bakina baemi ta polo e bhuda pɛ bokɔ eka momɔti.","Il sortit vers la troisième heure, et il en vit dautres qui étaient sur la place sans rien faire."
MAT.20.4,"Abalaka na bu: Ino pongono kɛni, bosala ta gbie e mbi e vino ko noputakeni iputi iboanake.","Il leur dit: Allez aussi à ma vigne, et je vous donnerai ce qui sera raisonnable."
MAT.20.5,"Ko bakɛkɛ. Moswa gbie aimaka naikina ta ehole e midi, na bea akɔkɔ oko moda momɔti ta ehole e basato ngɔngɔ i midi.","Et ils y allèrent. Il sortit de nouveau vers la sixième heure et vers la neuvième, et il fit de même."
MAT.20.6,"Na bea, bokimana ehole e batano e mɔmɔkɔ, aimaka ko ataneaka bami bakina ibaemaka ta polo emina. Abahɔdjɔkɔ: Tina ndani oemini iya isu itombo pɛ bokɔ eka emɔti.","Étant sorti vers la onzième heure, il en trouva dautres qui étaient sur la place, et il leur dit: Pourquoi vous tenez-vous ici toute la journée sans rien faire?."
MAT.20.7,"Bamosɔmbedjaka Loemi bea, tine pɛ moto obolotomba ta mosala. Na bea abalaka na bu: Ino pongono, kɛni, bosala ta gbie e mbi e vino.","Ils lui répondirent: Cest que personne ne nous a loués. Allez aussi à ma vigne, leur dit-il."
MAT.20.8,"«Ta ehole e mɔmɔkɔ, moswa gbie e vino abalaka na kapita o misala mi nde: Bea basali ko puta moto na moto iputi i nde. Banga boputa basali ba ngɔngɔ ko osukedje na bia ba boso.","Quand le soir fut venu, le maître de la vigne dit à son intendant: Appelle les ouvriers, et paie-leur le salaire, en allant des derniers aux premiers."
MAT.20.9,"Bato i babangaka mosala ta ehole e batano e mɔmɔkɔ, baduaka ko moto na moto boputama na iputi iboani motuya mo palanga emɔti e ebende.","Ceux de la onzième heure vinrent, et reçurent chacun un denier."
MAT.20.10,"Ehole eimeaka mbala e boputa basali ba boso, balɛdjɛkɛ boo baboani bodia bonɔ; endolo bapaka pongono moto na moto boputa na itputi iboani na motuya mo palanga emɔti e ebende.","Les premiers vinrent ensuite, croyant recevoir davantage; mais ils reçurent aussi chacun un denier."
MAT.20.11,"Ehole eputamaka bo bea, bakotoaka moswa gbie.","En le recevant, ils murmurèrent contre le maître de la maison."
MAT.20.12,"ko babalaka: Basali ibapi wɛ mosala basali oko ehole emɔti, obaputi moda momɔti na su i banɔngi na mosala mopipo busa itombo ko na moi mopipo.","et dirent: Ces derniers nont travaillé quune heure, et tu les traites à légal de nous, qui avons supporté la fatigue du jour et la chaleur."
MAT.20.13,"Endolo moswa gbie asɔmbedjaka na omɔti ta tei e bobo: Mwange e mba, nokɔmeiti modjɔ mobe. Nadimanaka nasawɛ bosala tina e boputa palanga emɔti e ebende na isu, editi bea?.","Il répondit à lun deux: Mon ami, je ne te fais pas tort; nes-tu pas convenu avec moi dun denier?."
MAT.20.14,Tomba iputi i wɛ ko kɛ. Nasepi bopa adi mosali o ngɔngɔ oko moda momɔti na wɛ.,"Prends ce qui te revient, et va-ten. Je veux donner à ce dernier autant quà toi."
MAT.20.15,Eboaniti na mbi bokɔ na palanga i mbi eka apalaka mbi? Kaoko odi na ikuwa tine bo nadi mopele.,Ne mest-il pas permis de faire de mon bien ce que je veux? Ou vois-tu de mauvais œil que je sois bon?.
MAT.20.16,"Na bea, Yesu abakeaka, bato i badi bato ba ngɔngɔ badakabi bato ba boso ko bato ba boso badakabi bato ba ngɔngɔ.».","Ainsi les derniers seront les premiers, et les premiers seront les derniers."
MAT.20.17,"Yana adaka Yesu akɛ ta ibonga Yelusalɛmɛ. Asasuaka na batingami domi na babae ko abalaka na bu ndjea ndjea, yana adaka bo badale:.","Pendant que Jésus montait à Jérusalem, il prit à part les douze disciples, et il leur dit en chemin:."
MAT.20.18,"«Hokamedjani! Lakɛkɛ ta ibonga i Yelusalɛmɛ, oho Mwana o Moto akabamake ta mɔmɔ ma bakondji ba Banganga ba Ndjakomba ko na balehi ba mobeko. Bamoleneake etumbu e bogwa.","Voici, nous montons à Jérusalem, et le Fils de lhomme sera livré aux principaux sacrificateurs et aux scribes. Ils le condamneront à mort."
MAT.20.19,"ko bamokabake ta mɔmɔ ma bato ba bikomi bi bakɛndɛli, bamosɛkɛke, bamokɛsɛkɛke mbalake ko bamobakake ta ekulusu. Ko ngɔngɔ isu i basato apusoake.».","et ils le livreront aux païens, pour quils se moquent de lui, le battent de verges, et le crucifient; et le troisième jour il ressuscitera."
MAT.20.20,Na bea mwali o Djebede abatamaka mbuti na Yesu engbanga na bana ba nde bami babae. Angundamaka ta boso bo nde tine bomohɔdjɔ ekamoi.,"Alors la mère des fils de Zébédée sapprocha de Jésus avec ses fils, et se prosterna, pour lui faire une demande."
MAT.20.21,"Yesu amohɔdjɔkɔ: «Apalaka wɛ nde?» Amosɔmbedjaka: «Dikanani boo bana ba mbi bami bi, badae omɔti ta ebɔ e wɛ e bami ko okina ta ebɔ e wɛ e bali, ehole adake wɛ ta Bokumu bo wɛ.».","Il lui dit: Que veux-tu? Ordonne, lui dit-elle, que mes deux fils, que voici, soient assis, dans ton royaume, lun à ta droite et lautre à ta gauche."
MAT.20.22,"Yesu asɔmbedjaka: «Otadjebakani modjɔ masɛngɛkɛ no! Bahɔnɔke bomwaka kɔbɔ e saya yena amwake mbi?» Bamosɔmbedjaka: «Ee, lahɔnɔke.».","Jésus répondit: Vous ne savez ce que vous demandez. Pouvez-vous boire la coupe que je dois boire? Nous le pouvons, dirent-ils."
MAT.20.23,Yesu abalaka na bu: «Na bea soti wamwakeni kɔbɔ mbi. Endolo boda ta ebɔ e mbi e bami kaoko ta ebɔ e mbi e bali; editi modjɔ mo mbi: polo imina idi tine bato bia i babɔngedjama na Sange e mbi.».,"Et il leur répondit: Il est vrai que vous boirez ma coupe; mais pour ce qui est dêtre assis à ma droite et à ma gauche, cela ne dépend pas de moi, et ne sera donné quà ceux à qui mon Père la réservé."
MAT.20.24,"Ehole eokaka batingami bakina domi bea, balemoaka na bana ba Djebede.","Les dix, ayant entendu cela, furent indignés contre les deux frères."
MAT.20.25,Yesu ababeaka bo basusu ko abalaka na bu: «Odjebini meako mikanɔe ta bikomi bi ngondo? Bakondji ba bikomi bonɔngedjaka bato ba bobo; bato ba gala bokedjaka basali ba bobo saya.,"Jésus les appela, et dit: Vous savez que les chefs des nations les tyrannisent, et que les grands les asservissent."
MAT.20.26,"Endolo eboaniti enɔme bea ta tei e bino: ekadabo ta tei e bino omɔti apalaka adae moto monɛnɛ, atungi adae mosali o bino;.","Il nen sera pas de même au milieu de vous. Mais quiconque veut être grand parmi vous, quil soit votre serviteur;."
MAT.20.27,"ekadabo omɔti o bino apalaka boda moto o boso, atungi adae mobuli o bino:.","et quiconque veut être le premier parmi vous, quil soit votre esclave."
MAT.20.28,"Edi okobea Mwana o Moto aiduaka tine bosasalea, endolo aduaka tine bosalea bato ko bopa mohelo mo nde elenge ikabo tine bosikoa bato banɛnɛ .».","Cest ainsi que le Fils de lhomme est venu, non pour être servi, mais pour servir et donner sa vie comme la rançon de plusieurs."
MAT.20.29,"Ehole eimaka Yesu ta Yeliko, emumu e bato emokimanaka.","Lorsquils sortirent de Jéricho, une grande foule suivit Jésus."
MAT.20.30,"Bato bagwa miso babae badaka ta yɔngɔ e ndjea; baokaka boo Yesu adaka anɔe. Na bea bagamaka: «Kumu, Mwana o Dapiti, okeaso ndjokwa!».","Et voici, deux aveugles, assis au bord du chemin, entendirent que Jésus passait, et crièrent: Aie pitié de nous, Seigneur, Fils de David!."
MAT.20.31,"Emumu e bato babagameaka tine boo bakine dhaka, endolo bo bagamaka naikina na ngulu bonɔ: «Kumu, Mwana o Dapiti, okeaso ndjokwa!».","La foule les reprenait, pour les faire taire; mais ils crièrent plus fort: Aie pitié de nous, Seigneur, Fils de David!."
MAT.20.32,"Yesu aemaka, ababeaka ko abahɔdjɔkɔ: «Apalakano nakɔe na nu nde?».","Jésus sarrêta, les appela, et dit: Que voulez-vous que je vous fasse?."
MAT.20.33,"Bamosɔmbedjaka: «Kumu, kɔɔ boo loenɛ.».","Ils lui dirent: Seigneur, que nos yeux souvrent."
MAT.20.34,"Yesu abokeaka ndjokwa ko apeaka miso ma bobo. Mbala emɔti, baimeaka boenɛ ko bamokimanaka.","Ému de compassion, Jésus toucha leurs yeux; et aussitôt ils recouvrèrent la vue, et le suivirent."
MAT.21.1,"Ta ehole ebatamaka bo na Yelusalɛmɛ, baimeaka mbuti na ngando e Betepasa, ta ikoli i olipa, Yesu alomaka boso batingami babae.","Lorsquils approchèrent de Jérusalem, et quils furent arrivés à Bethphagé, vers la montagne des oliviers, Jésus envoya deux disciples."
MAT.21.2,"Abalaka na bu: «Kɛni ta ngando yena edi boso bo bino.Wataneakeni ena mwana o tito okabeebo ane, atingi ko na nange e nde. Tingoani ko duani na bu adi mbi.","en leur disant: Allez au village qui est devant vous; vous trouverez aussitôt une ânesse attachée, et un ânon avec elle; détachez-les, et amenez-les-moi."
MAT.21.3,"Ekadabo babali na nu modjɔ momɔti, sɔmbedjani: Kumu adi na posa na yu. Na mbala emɔti baekinake bokɛ.».","Si quelquun vous dit quelque chose, vous répondrez: Le Seigneur en a besoin. Et à linstant il les laissera aller."
MAT.21.4,Meako mimina mikɔmɔkɔ tine bokokedja mibalo mi mbaeli o Ndjakomba:.,"Or, ceci arriva afin que saccomplît ce qui avait été annoncé par le prophète:."
MAT.21.5,"«Balani na moseka o Siona: Endja, mokondji o wɛ adoi adi wɛ, alumi na bomwii diko i tito, tito okabeebo ane .».","Dites à la fille de Sion: Voici, ton roi vient à toi, Plein de douceur, et monté sur un âne, Sur un ânon, le petit dune ânesse."
MAT.21.6,Batingami bakɛkɛ ko bakɔkɔ oko moda mobalaka Yesu na bu.,"Les disciples allèrent, et firent ce que Jésus leur avait ordonné."
MAT.21.7,"Bamolwɛkɛ mwana o tito okabeebo ane ko na nange e yu, bandaka bisendja diko i yu ko Yesu abakamaka diko i yu.","Ils amenèrent lânesse et lânon, mirent sur eux leurs vêtements, et le firent asseoir dessus."
MAT.21.8,"Ta tei e emumu e bato, bamɔti baandaka bisendja bi bobo na ndjea, bakina babukaka bitape bi mele ko babiandaka ta ndjea.","La plupart des gens de la foule étendirent leurs vêtements sur le chemin; dautres coupèrent des branches darbres, et en jonchèrent la route."
MAT.21.9,"Bato ibadalaka boso bo Yesu ko na bia ibamokimanaka, badaka bogama: «Ekumu adi Mwana o Dapiti! Kina boo Ndjakomba adjongwoe Yona odoi na kombe e Kumu! Ekumu adi Ndjakomba yona odi diko i losusu!».",Ceux qui précédaient et ceux qui suivaient Jésus criaient: Hosanna au Fils de David! Béni soit celui qui vient au nom du Seigneur! Hosanna dans les lieux très hauts!.
MAT.21.10,"Ehole ekweaka Yesu ta Yelusalɛmɛ, bato basusu bakamoaka ko baimeaka bohɔdjɔ: «Moto iyo adi nda?».","Lorsquil entra dans Jérusalem, toute la ville fut émue, et lon disait: Qui est celui-ci?."
MAT.21.11,"Emumu e bato basɔmbedjaka: «Edi mbaeli Yesu, moto o Nasaleta e Galilea!».","La foule répondait: Cest Jésus, le prophète, de Nazareth en Galilée."
MAT.21.12,Yesu akweaka ta tepelo ko abenganaka bato basusu ibatɛkɛkɛ kaoko ibasombaka leka ta polo emina; adumbakaka mesa i bato bia badaka bosɔmbɔtɔnɔ palanga i mombongu ko bidie bi batɛki ba bimbenga.,"Jésus entra dans le temple de Dieu. Il chassa tous ceux qui vendaient et qui achetaient dans le temple; il renversa les tables des changeurs, et les sièges des vendeurs de pigeons."
MAT.21.13,Na bea abalaka na bu: «Ekomama: Ndako e mbi ebeamabi ndako e miongɔnɔ. Endolo ino oimedjini ndako e baibi !».,"Et il leur dit: Il est écrit: Ma maison sera appelée une maison de prière. Mais vous, vous en faites une caverne de voleurs."
MAT.21.14,Bato bagwa miso ko bato ba mitɛngu babatamaka mbuti na Yesu ta bopango bo tepelo ko abaheledjaka.,Des aveugles et des boiteux sapprochèrent de lui dans le temple. Et il les guérit.
MAT.21.15,"Bakondji ba banganga ba Ndjakomba ko balehi ba mobeko baokaka kɛlɛ, ta ehole enɛkɛbo misala mibokamoa imikɔkɔ yo ko na bana ibagamaka ta tepelo: «Ekumu adi Mwana o Dapiti!».","Mais les principaux sacrificateurs et les scribes furent indignés, à la vue des choses merveilleuses quil avait faites, et des enfants qui criaient dans le temple: Hosanna au Fils de David!."
MAT.21.16,"Na bea babalaka na Yesu: «Wokaka midjɔ mabalakabo?» Yesu abasɔmbedjaka: «Okobea, oipakalangani ikomi di ikomama ta mokanda: Donga ta minɔkɔ mi bana, edae ibanungeakabo mabɛ, okɔi bea bɛngi okumedjame!».","Ils lui dirent: Entends-tu ce quils disent? Oui, leur répondit Jésus. Navez-vous jamais lu ces paroles: Tu as tiré des louanges de la bouche des enfants et de ceux qui sont à la mamelle?."
MAT.21.17,Na bea abakinaka ko aimanaka ta ibonga tine bokɛ ta Betania oho ahwɛkɛ yo.,"Et, les ayant laissés, il sortit de la ville pour aller à Béthanie, où il passa la nuit."
MAT.21.18,"Aya busa, ehole esɔmbɔkɔbo ta ibonga, Yesu aokaka ndja.","Le matin, en retournant à la ville, il eut faim."
MAT.21.19,"Aenɛkɛ mole mo pigi ta yɔngɔ e ndjea ko abatamaka mbuti na yu, endolo ataneaka oto kasa. Na bea abalaka na mole: «Obotetebi naikina mbuma!» Na mbala emɔti, mole mokakanaka.","Voyant un figuier sur le chemin, il sen approcha; mais il ny trouva que des feuilles, et il lui dit: Que jamais fruit ne naisse de toi! Et à linstant le figuier sécha."
MAT.21.20,"Aenɛkɛ batingami bea, balumaka nabokamoa mɛnɛ. Bahɔdjɔkɔ Yesu: «Moda ndani mole mu mokakani na mbala emɔti?».","Les disciples, qui virent cela, furent étonnés, et dirent: Comment ce figuier est-il devenu sec en un instant?."
MAT.21.21,"Yesu abasɔmbedjaka: «Nabalaka na nu, edi soti: okadani na bodima ko omiti daa na kitɛ ta milema mi bino, oboanani bokɔ meako misakɔ mbi ta mole mu mo pigi. Endolo oboanini bobala nongo na ikoli dii: Donga ya ko sadumba ta duwa, ko ekɔmɔbi oko bea.","Jésus leur répondit: Je vous le dis en vérité, si vous aviez de la foi et que vous ne doutiez point, non seulement vous feriez ce qui a été fait à ce figuier, mais quand vous diriez à cette montagne: Ote-toi de là et jette-toi dans la mer, cela se ferait."
MAT.21.22,"Okadimani, oboanini bodia losusu lohɔdjɔkɔbino ta miongɔnɔ.».","Tout ce que vous demanderez avec foi par la prière, vous le recevrez."
MAT.21.23,Yesu akweaka ta bopango bo tepelo ko abangaka boleha. Bakondji ba banganga ba Ndjakomba ko basuku ba bayuda babatamaka ko bahɔdjɔkɔ Yesu: «Na bokondji bo nda bakɔkɔ na wɛ meako mi? Opi enɔi emina nda?».,"Jésus se rendit dans le temple, et, pendant quil enseignait, les principaux sacrificateurs et les anciens du peuple vinrent lui dire: Par quelle autorité fais-tu ces choses, et qui ta donné cette autorité?."
MAT.21.24,"Yesu abasɔmbedjaka: «Mbi pongono napalaka nohɔdjɔkɔni ihɔdjɔ imɔti. Ekadabo osɔmbedjinini kɔpi, mbi pongono notɔndeakeni na bokondji ndani bakɔkɔ na mbi meako mi.","Jésus leur répondit: Je vous adresserai aussi une question; et, si vous my répondez, je vous dirai par quelle autorité je fais ces choses."
MAT.21.25,"Olomaka Yoane aine nda? Edi Ndjakomba kaoko bato?» Endolo baimeaka bosabaleana ko babalaka: «Ekadabo losɔmbedji: Edi Ndjakomba moto omoloma, alohɔdjɔke: Tina ndani oidimeani Yoane.","Le baptême de Jean, doù venait-il? Du ciel, ou des hommes? Mais ils raisonnèrent ainsi entre eux; Si nous répondons: Du ciel, il nous dira: Pourquoi donc navez-vous pas cru en lui?."
MAT.21.26,"Endolo lokabala: Edi bato bamoloma, loboani bobanga bato, tengasa bato basusu balɛnɛkɛ boo Yoane adaka mbaeli o Ndjakomba.».","Et si nous répondons: Des hommes, nous avons à craindre la foule, car tous tiennent Jean pour un prophète."
MAT.21.27,"Na bea, basɔmbedjaka Yesu: «Lotadjebaka.» Ko Yesu asɔmbedjaka pongono: «Mbi pongono nitotɔndeakeni na bokumu bo ndani bakɔkɔ na mbi meako mi.».","Alors ils répondirent à Jésus: Nous ne savons. Et il leur dit à son tour: Moi non plus, je ne vous dirai pas par quelle autorité je fais ces choses."
MAT.21.28,"Yesu abalaka: «Olɛdjinibo na modjɔ mu? Tata omɔti adaka na bana babae bami. Abeaka o boso ko abalaka na nde: Mwana o mbi, kɛ busa bu bosala ta gbie e vino.","Que vous en semble? Un homme avait deux fils; et, sadressant au premier, il dit: Mon enfant, va travailler aujourdhui dans ma vigne."
MAT.21.29,"Mwana omina asɔmbedjaka: Ngasa, natabɔngɔ bokɛ. Endolo ngɔngɔ asɔmbɔtɔnɔkɔ malɛi, akɛkɛ ta gbie e vino.","Il répondit: Je ne veux pas. Ensuite, il se repentit, et il alla."
MAT.21.30,"Tata abalaka oko mondumba momɔti adi mwana okina. Mwana omina o babae amosɔmbedjaka: Okobea, tata, nakɛke. Endolo aikɛ.","Sadressant à lautre, il dit la même chose. Et ce fils répondit: Je veux bien, seigneur. Et il nalla pas."
MAT.21.31,"Ta ndanda e bobo babae okɔ bolulea bo sange e moto nda?» Bamosɔmbedjaka: «Mwana o boso.» Yesu abalaka na bu: «Okobea, nabalaka na nu edi soti: Baputedji baputi ko bali ba ndukeli bakweake ta Bokumu bo diko.","Lequel des deux a fait la volonté du père? Ils répondirent: Le premier. Et Jésus leur dit: Je vous le dis en vérité, les publicains et les prostituées vous devanceront dans le royaume de Dieu."
MAT.21.32,"Tengasa Yoane Mobatisi aduaka adino boinedjani ndjea e bodjo endolo ino oimodimeani; enakobea baputedji ba puti na bali ba ndukeli bamodimaka. Nongo aenɛno meako mimina misusu, endolo oisɔmbɔtɔnɔni milema mi bino ko oimodimeani.».","Car Jean est venu à vous dans la voie de la justice, et vous navez pas cru en lui. Mais les publicains et les prostituées ont cru en lui; et vous, qui avez vu cela, vous ne vous êtes pas ensuite repentis pour croire en lui."
MAT.21.33,"«Okani isɛ ikina: Edaka na moswa ndako omɔti aonaka gbie e vino, aehikaka na ihiko, akɔkɔ ekamoelo e mbuma i vino e ibanga ta gbie e nde, apikaka egbili oho, aekineaka basali baeputele ko akɛkɛ ta mwɛngɔ.","Écoutez une autre parabole. Il y avait un homme, maître de maison, qui planta une vigne. Il lentoura dune haie, y creusa un pressoir, et bâtit une tour; puis il lafferma à des vignerons, et quitta le pays."
MAT.21.34,"Ehole e bobuka mbuma eimeaka, alomaka basali ba nde adi basali ibaputelaka gbie e vino e nde, bɛngi adie i nde ibondo.","Lorsque le temps de la récolte fut arrivé, il envoya ses serviteurs vers les vignerons, pour recevoir le produit de sa vigne."
MAT.21.35,"Endolo basali ba gbie e vino bapeaka basali ba nde, babomaka omɔti, baowaka okina ko baowaka o basato na mabanga.","Les vignerons, sétant saisis de ses serviteurs, battirent lun, tuèrent lautre, et lapidèrent le troisième."
MAT.21.36,"Na bea moswa gbie alomaka basali bakina, bonɔ motuya mo basali ba mbala e boso. Endolo basali ibaputelaka gbie e vino e nde babanɔngedjaka oko mondumba momɔti.","Il envoya encore dautres serviteurs, en plus grand nombre que les premiers; et les vignerons les traitèrent de la même manière."
MAT.21.37,Suka suka abalomeaka mwana o nde omɔti na ilɛi boo: Baboani boda na isuma tine mwana o nde.,"Enfin, il envoya vers eux son fils, en disant: Ils auront du respect pour mon fils."
MAT.21.38,"Endolo ehole enɛkɛ basali ibaputelaka gbie e vino mwana, basabaleanaka: Endjani mosangoi! Lokɛni, lomowoe ko loimeake baswa gbie.","Mais, quand les vignerons virent le fils, ils dirent entre eux: Voici lhéritier; venez, tuons-le, et emparons-nous de son héritage."
MAT.21.39,"Na bea bamopeaka, bamodumbaka sokolu e gbie e vino ko bamowaka.","Et ils se saisirent de lui, le jetèrent hors de la vigne, et le tuèrent."
MAT.21.40,"Okani bopele: ehole ehulabi moswa gbie e vino, ekɔbi yo na baputeli bia ba gbie nde?».","Maintenant, lorsque le maître de la vigne viendra, que fera-t-il à ces vignerons?."
MAT.21.41,"Bamosɔmbedjaka: «Aowabi napɛ ndjokwa basali babe bamina ko apabi gbie e vino adi basali bakina, ibamopabi ibondo i mbuma ta ehole eboani.».","Ils lui répondirent: Il fera périr misérablement ces misérables, et il affermera la vigne à dautres vignerons, qui lui en donneront le produit au temps de la récolte."
MAT.21.42,"Na bea Yesu abalaka na bu: «Oipakalangani eka ekomama? Ibanga idumbaka batongi ba ndako Imei ikwee ipeli ndako. Kumu akɔɔ bea, Edi modjɔ mo bokamoa tina e biso !».","Jésus leur dit: Navez-vous jamais lu dans les Écritures: La pierre quont rejetée ceux qui bâtissaient Est devenue la principale de langle; Cest du Seigneur que cela est venu, Et cest un prodige à nos yeux?."
MAT.21.43,"Na tina emina,Yesu abalaka: «Ndjakomba adongedjake Bokumu bo nde adino ko abopabi adi ekomi yena ebotakabi mbuma. .","Cest pourquoi, je vous le dis, le royaume de Dieu vous sera enlevé, et sera donné à une nation qui en rendra les fruits."
MAT.21.44,"Moto yona okwakabi diko i ibanga dii, abukeanakabi; ko moto yona ibanga ikwabi diko i nde, amineanabi .».","Celui qui tombera sur cette pierre sy brisera, et celui sur qui elle tombera sera écrasé."
MAT.21.45,"Ngɔngɔ iboka masɛ mamina, bakondji ba banganga ba Ndjakomba ko na bapalusai basipoaka boo Yesu abalaka na bu.","Après avoir entendu ses paraboles, les principaux sacrificateurs et les pharisiens comprirent que cétait deux que Jésus parlait."
MAT.21.46,"Na bea bahombaka ndjea e bopea Yesu, endolo babangaka bato; tengasa bato banɛnɛ badaka badimaka boo Yesu adi mbaeli o Ndjakomba.","et ils cherchaient à se saisir de lui; mais ils craignaient la foule, parce quelle le tenait pour un prophète."
MAT.22.1,Yesu abalaka naikina na bu na masɛ.,"Jésus, prenant la parole, leur parla de nouveau en paraboles, et il dit:."
MAT.22.2,«Bokumu bo diko boboani na mokondji yona okɔkɔ tɛkɛ e moki tine mwana o nde momi.,Le royaume des cieux est semblable à un roi qui fit des noces pour son fils.
MAT.22.3,"Alomaka basali ba nde bobea babeami ba tɛkɛ tine mia ma tɛkɛ, endolo babeami balonaka bodua.",Il envoya ses serviteurs appeler ceux qui étaient invités aux noces; mais ils ne voulurent pas venir.
MAT.22.4,"Alomaka basali bakina ko babalaka na bu: Balani na babeami: Mia ma mbi makaleami edɛdi, ngɔmbɛ bami ba mbi ko na tito ba mita bowami, losusu lobɔngedjami ehele. Duani ta tɛkɛ e moki.","Il envoya encore dautres serviteurs, en disant: Dites aux conviés: Voici, jai préparé mon festin; mes bœufs et mes bêtes grasses sont tués, tout est prêt, venez aux noces."
MAT.22.5,"Endolo babeami ba tɛkɛ baenɛkɛ mbea emina ngasa ko bakɛkɛ moto na moto ta misala mi nde: omɔti akɛkɛ ta gbie e nde, okina ta mombongu mo nde;.","Mais, sans sinquiéter de linvitation, ils sen allèrent, celui-ci à son champ, celui-là à son trafic;."
MAT.22.6,"bakina pongono bapeaka basali, babanɔngedjaka ko babowaka.","et les autres se saisirent des serviteurs, les outragèrent et les tuèrent."
MAT.22.7,Mokondji aimeaka na kɛlɛ: alomaka basoda ba nde bowa baoweli bamina ko botumba ibonga i bobo.,"Le roi fut irrité; il envoya ses troupes, fit périr ces meurtriers, et brûla leur ville."
MAT.22.8,"Ngɔngɔ abalaka na basali ba nde: Mia ma tɛkɛ madi mbuti, endolo babeami ba tɛkɛ basabɔngedjiti.",Alors il dit à ses serviteurs: Les noces sont prêtes; mais les conviés nen étaient pas dignes.
MAT.22.9,Kɛni ta ndjea i bhuda ko beani ta tɛkɛ e moki bato basusu bataneakeno oho.,"Allez donc dans les carrefours, et appelez aux noces tous ceux que vous trouverez."
MAT.22.10,"Basali bakɛkɛ ta ndjea ko babongoanedjaka bato basusu bataneakabo, edae bato bapele kaoko bato babe. Na bea, ndako e tɛkɛ elumaka na bato.","Ces serviteurs allèrent dans les chemins, rassemblèrent tous ceux quils trouvèrent, méchants et bons, et la salle des noces fut pleine de convives."
MAT.22.11,Mokondji akweaka tine boendja bato ibabeamaka ta tɛkɛ ko aenɛkɛ moto omɔti ailwaka kasaka e tɛkɛ.,"Le roi entra pour voir ceux qui étaient à table, et il aperçut là un homme qui navait pas revêtu un habit de noces."
MAT.22.12,"Amohɔdjɔkɔ: Maninga, okwei iya pɛ bolwa kasaka e tɛkɛ tina nda? Endolo moto omina aimosɔmbedja kɔpi.","Il lui dit: Mon ami, comment es-tu entré ici sans avoir un habit de noces? Cet homme eut la bouche fermée."
MAT.22.13,"Na bea mokondji abalaka na basali: Monangani mɔmɔ na mako ko modumbani sokolu, ta polo e modidi. Edi oho biyo ko bokpɛkɛnɛ mino.","Alors le roi dit aux serviteurs: Liez-lui les pieds et les mains, et jetez-le dans les ténèbres du dehors, où il y aura des pleurs et des grincements de dents."
MAT.22.14,"Tengasa babeami badi banɛnɛ, endolo i bahɔmɔ badi bakɛkɛ.».","Car il y a beaucoup dappelés, mais peu délus."
MAT.22.15,Na bea bapalusai bakɛkɛ ibolea tine bodia meko eboanaka na bu bopikea Yesu elambo na ndjea e ihɔdjɔ imɔti.,Alors les pharisiens allèrent se consulter sur les moyens de surprendre Jésus par ses propres paroles.
MAT.22.16,"Balomaka batingami ba bobo ko na ekenge e bato ba iputo i Elode bobala na Yesu: «Molehi, ladjebaka boo okabale soti: okalehe ndjea i Ndjakomba na bosoti bosusu; oditi na bɔɔ na moda mokalɛdje bato bakina ko toendjake mbanda i bato.","Ils envoyèrent auprès de lui leurs disciples avec les hérodiens, qui dirent: Maître, nous savons que tu es vrai, et que tu enseignes la voie de Dieu selon la vérité, sans tinquiéter de personne, car tu ne regardes pas à lapparence des hommes."
MAT.22.17,Lotɔndea malɛno ma wɛ ta tina e modjɔ mu: etungi na su boputa kaoko boda pɛ boputa puti e mokondji Sedjale?».,"Dis-nous donc ce quil ten semble: est-il permis, ou non, de payer le tribut à César?."
MAT.22.18,"Endolo Yesu adjebaka malɛi mabe ma bobo; abalaka na bu: «Ndjɔ ba melo mibae, tina ndani wapikeakanini elambo?.","Jésus, connaissant leur méchanceté, répondit: Pourquoi me tentez-vous, hypocrites?."
MAT.22.19,Inedjanini palanga ikapute na bu puti.» Bamoinedjaka ebende e palanga.,Montrez-moi la monnaie avec laquelle on paie le tribut. Et ils lui présentèrent un denier.
MAT.22.20,ko Yesu abahɔdjɔkɔ: «Epweya ye ko makomi mi madi iya ma nda?».,Il leur demanda: De qui sont cette effigie et cette inscription?.
MAT.22.21,"Basɔmbedjaka: «Madi ma kumu Sedjale.» Na bea Yesu abalaka na bu: «Pani adi Sedjale, lo Sedjale, ko pani adi Ndjakomba, lo Ndjakomba.».","De César, lui répondirent-ils. Alors il leur dit: Rendez donc à César ce qui est à César, et à Dieu ce qui est à Dieu."
MAT.22.22,"Ehole eokaka bo mosɔmbedja mua, balumaka na bokamoa. Bamokinaka ko bakɛkɛ.","Étonnés de ce quils entendaient, ils le quittèrent, et sen allèrent."
MAT.22.23,"Oko ta isu imina, ekenge e basadokai baduaka adi Yesu, ibobakabale boo bopusoa boditi.","Le même jour, les sadducéens, qui disent quil ny a point de résurrection, vinrent auprès de Jésus, et lui firent cette question:."
MAT.22.24,"Molehi, endja meako mibalaka Mose: «Ekadabo momi omɔti agwi pɛ bokina mwana, mwange e nde momi adi boasɔ mwali omina tine bosɔmbedja mbota e yona ogwi.","Maître, Moïse a dit: Si quelquun meurt sans enfants, son frère épousera sa veuve, et suscitera une postérité à son frère."
MAT.22.25,"Enakobea, edaka ta tei e biso, edaka na bana bami sambo. O boso aasɔkɔ mwali ko agwaka pɛ bobota bana, akinaka mwali omina na mwange e nde momi.","Or, il y avait parmi nous sept frères. Le premier se maria, et mourut; et, comme il navait pas denfants, il laissa sa femme à son frère."
MAT.22.26,"Ekɔmɔkɔ oko bea na yona o babae, pongono na yona o basato ko mbunoko yona o sambo.","Il en fut de même du second, puis du troisième, jusquau septième."
MAT.22.27,"Ngɔngɔ i bogwa bo ibo basusu, mwali omina agwaka pongono.","Après eux tous, la femme mourut aussi."
MAT.22.28,"Ta isu ipusoakabi bago, mwali omina adabi o nda? Tengasa bo basusu bamoasɔkɔ.».","A la résurrection, duquel des sept sera-t-elle donc la femme? Car tous lont eue."
MAT.22.29,"Yesu abasɔmbedjaka: «Odini ta ibunga, tine boo otasipoakani makomi, nongo sueya e Ndjakomba.","Jésus leur répondit: Vous êtes dans lerreur, parce que vous ne comprenez ni les Écritures, ni la puissance de Dieu."
MAT.22.30,"Na bea, ehole epusoakabi bago, bamina abali basɔnetebi, endolo badabi elenge babwɛndji ta busa.","Car, à la résurrection, les hommes ne prendront point de femmes, ni les femmes de maris, mais ils seront comme les anges de Dieu dans le ciel."
MAT.22.31,"Ko ta modjɔ moendji bopusoa bo bago, oipakalangani meako motɔndeakani Ndjakomba?.","Pour ce qui est de la résurrection des morts, navez-vous pas lu ce que Dieu vous a dit:."
MAT.22.32,"Nadi Ndjakomba o Abalayama, Ndjakomba o Isaka ko Ndjakomba o Djakobo. Ndjakomba aditi Ndjakomba o bato ba bogo, endolo adi Ndjakomba o bato ba bomɔ.».","Je suis le Dieu dAbraham, le Dieu dIsaac, et le Dieu de Jacob? Dieu nest pas Dieu des morts, mais des vivants."
MAT.22.33,"Emumu e bato yena emohokamedjaka, bakamoaka mɛnɛ eleho e nde.","La foule, qui écoutait, fut frappée de lenseignement de Jésus."
MAT.22.34,"Ehole eokaka bapalusai boo Yesu asukedji bowɛi bo basadokai, baputoanaka.","Les pharisiens, ayant appris quil avait réduit au silence les sadducéens, se rassemblèrent."
MAT.22.35,"Ko omɔti o bobo, molehi o mobeko, ahombaka bopikea Yesu elambo; ko amohɔdjɔkɔ:.","et lun deux, docteur de la loi, lui fit cette question, pour léprouver:."
MAT.22.36,"«Molehi, mobeko monɔi na bonɛnɛ ta mibeko misusu nda?».","Maître, quel est le plus grand commandement de la loi?."
MAT.22.37,"Yesu amosɔmbedjaka: «Otungi bopala Kumu Ndjakomba o wɛ, na molema mo wɛ mosusu, na dongi i wɛ isusu ko na bowɛi bo wɛ bosusu.","Jésus lui répondit: Tu aimeras le Seigneur, ton Dieu, de tout ton cœur, de toute ton âme, et de toute ta pensée."
MAT.22.38,Yena edi mobeko mo boso monɔi na bonɛnɛ.,Cest le premier et le plus grand commandement.
MAT.22.39,Endja mobeko mo babae modi elenge mo boso: Otungi bopala mwange e wɛ elenge akasapale wɛ mɛnɛ .,"Et voici le second, qui lui est semblable: Tu aimeras ton prochain comme toi-même."
MAT.22.40,Mobeko mosusu mo Mose ko eleho esusu e ba mbaeli ba Ndjakomba midi ta mibeko imi mibae.».,De ces deux commandements dépendent toute la loi et les prophètes.
MAT.22.41,"Yana aputoanaka bapalusai, Yesu abahɔdjɔkɔ ihɔdjɔ di:.","Comme les pharisiens étaient assemblés, Jésus les interrogea."
MAT.22.42,«Alɛdjɛkɛno ta tina e Kilito nde? Adi motitani o nda?» Bamosɔmbedjaka: «Adi motitani o Dapiti.».,en disant: Que pensez-vous du Christ? De qui est-il fils? Ils lui répondirent: De David.
MAT.22.43,"Yesu abasɔmbedjaka: «Moda ndani Dapiti, na bolindedjama bo Mwembo mo Ndjakomba, amobeaka Kumu, ehole ebalaka yo:.","Et Jésus leur dit: Comment donc David, animé par lEsprit, lappelle-t-il Seigneur, lorsquil dit:."
MAT.22.44,"Kumu abalaka na Kumu o mbi: Daa ta ebɔ e mbi e bami, Mbunoko naise baloni ba wɛ Ta na se i bigbota bi wɛ? .","Le Seigneur a dit à mon Seigneur: Assieds-toi à ma droite, Jusquà ce que je fasse de tes ennemis ton marchepied?."
MAT.22.45,"Ekadabo Dapiti amobeaka Kumu, moda ndani Kumu aboani boda naikina mwana o nde?».","Si donc David lappelle Seigneur, comment est-il son fils?."
MAT.22.46,"Pɛ moto oboanaka bomosɔmbedja kɔpi emɔti. Donga busa bua, pɛ moto omohɔdjɔkɔ naikina ihɔdjɔ.","Nul ne put lui répondre un mot. Et, depuis ce jour, personne nosa plus lui proposer des questions."
MAT.23.1,Na bea Yesu abalaka na emumu e bato ko na batingami ba nde:.,"Alors Jésus, parlant à la foule et à ses disciples, dit:."
MAT.23.2,«Bidie bi boleha mobeko mo Mose bipama na balehi ba mobeko ko na bapalusai.,Les scribes et les pharisiens sont assis dans la chaire de Moïse.
MAT.23.3,"Otungini bosuma misusu mikolehenibo ko mida mi bino mikuane na bileho bikolehenibo. Endolo pɛ bokwanani mida mi bobo, tengasa ibo tebakokedjake meako mikolehebo.","Faites donc et observez tout ce quils vous disent; mais nagissez pas selon leurs œuvres. Car ils disent, et ne font pas."
MAT.23.4,Bakabɔngedje migumba mi mandi mɛnɛ tine bolwadjaka bato bakina. Endolo bo bɛnɛ tebabɛndjɛke nongo mandi mamina na mosapi mo bobo tine bosunga bato bamina.,"Ils lient des fardeaux pesants, et les mettent sur les épaules des hommes, mais ils ne veulent pas les remuer du doigt."
MAT.23.5,"Misala mikakɔebo misusu, bomikɔkɔ bɛngi bato babaenɛ. Na bea, baabigbɔkɔsɔ bi makomi bidakabo bolwa ta ehole e miongɔnɔ bidaka binɛnɛnɛ bonɔ bato basusu ko milenda mi matoka ma bisendja bi bobo bidaka biyai bonɔ bato basusu.","Ils font toutes leurs actions pour être vus des hommes. Ainsi, ils portent de larges phylactères, et ils ont de longues franges à leurs vêtements;."
MAT.23.6,Bakapale boda ta polo i gala ta tɛkɛ ko ta polo i boso ta tei i sinagoga;.,"ils aiment la première place dans les festins, et les premiers sièges dans les synagogues;."
MAT.23.7,bakapale bato babapake ndese ta polo i bhuda ko bababeake Molehi.,"ils aiment à être salués dans les places publiques, et à être appelés par les hommes Rabbi, Rabbi."
MAT.23.8,"Endolo ino, pɛ bopalakani bato bobeakeni molehi, tengasa odini no basusu bange i bato ko odini oko na Molehi omɔti.","Mais vous, ne vous faites pas appeler Rabbi; car un seul est votre Maître, et vous êtes tous frères."
MAT.23.9,"Pɛ bobeani moto omɔti tata ta ngondo, tengasa odini oko na tata o bino omɔti, yona odi o diko.","Et nappelez personne sur la terre votre père; car un seul est votre Père, celui qui est dans les cieux."
MAT.23.10,"Pɛ bopalani bato bobeeni mokondji, tengasa odini oko na mokondji o bino omɔti, Kilito.","Ne vous faites pas appeler directeurs; car un seul est votre Directeur, le Christ."
MAT.23.11,Moto yona onɔi bonɛnɛ ta tei e bino aboani boda mosali o bino.,Le plus grand parmi vous sera votre serviteur.
MAT.23.12,"Moto okasangɔkɔbi, bamotitedjabi, endolo moto yona okasatitedjakabi, bamoangɔdjɔbi.».","Quiconque sélèvera sera abaissé, et quiconque sabaissera sera élevé."
MAT.23.13,"Yesu abalaka naikina: «Ndjokwa tina e bino balehi ba mobeko ko na bapalusai, ndjɔ ba melo mibae! Okadipeni bato ndjea e Bokumu bo diko tine basakakwea; ino bɛnɛ oikweani ko oipani ndjea adi bato badi ibapalaka bokwea.","Malheur à vous, scribes et pharisiens hypocrites! Parce que vous fermez aux hommes le royaume des cieux; vous ny entrez pas vous-mêmes, et vous ny laissez pas entrer ceux qui veulent entrer."
MAT.23.14,"Ndjokwa e bino, balehi ba mobeko ko na bapalusai, ndjɔ ba melo mibae! Okaibeni leka lo bali bagwa na bami ko okakɔeni miongɔnɔ miyai miyai tine bokosa bato. Ta tina emina, odiabini etumbo enɔi na bopipo!.","Malheur à vous, scribes et pharisiens hypocrites! Parce que vous dévorez les maisons des veuves, et que vous faites pour lapparence de longues prières; à cause de cela, vous serez jugés plus sévèrement."
MAT.23.15,"Ndjokwa e bino, balehi ba mobeko ko na bapalusai, ndjɔ ba melo mibae! Okadaleni pamba na pamba i ngondo ko ta duwa inɛnɛnɛ, tine boduedja mokɛndɛli oko omɔti ta edimeli e bobo ko akakwea, okamoimedjeni moto o ipelu mbala ibae bonɔ no bɛnɛ.","Malheur à vous, scribes et pharisiens hypocrites! Parce que vous courez la mer et la terre pour faire un prosélyte; et, quand il lest devenu, vous en faites un fils de la géhenne deux fois plus que vous."
MAT.23.16,"Ndjokwa e bino, badaledji ba bato i bagwa miso! Okabaleni: Ekadabo moto abhɛli bhɛli na kombe e tepelo, yena editi modjɔ; endolo ekadabo abhɛli bhɛli na kombe e wolo e tepelo, ena atungi bokokedja bhɛli e nde.","Malheur à vous, conducteurs aveugles! Qui dites: Si quelquun jure par le temple, ce nest rien; mais, si quelquun jure par lor du temple, il est engagé."
MAT.23.17,"Bigegele, bato bagwa miso! Eka mɛnɛ enɔi na motuya nde: palanga kaoko tepelo yena ekimedje wolo esɛnodjamake?.","Insensés et aveugles! Lequel est le plus grand, lor, ou le temple qui sanctifie lor?."
MAT.23.18,"Okabaleni pongono: Ekadabo moto abhɛli bhɛli na kombe e polo ekatumbebo mbeka, yena editi modjɔ; endolo ekadabo abhɛli bhɛli na ndjea e ikabo dia idi diko i polo ekatumbe bo mbeka, atungi bokokedje bhɛli e nde.","Si quelquun, dites-vous encore, jure par lautel, ce nest rien; mais, si quelquun jure par loffrande qui est sur lautel, il est engagé."
MAT.23.19,Bato bagwa miso! Eka mɛnɛ enɔi na motuya nde: ikabo kaoko polo ekatumbebo mbeka ekaimedje ikabo isɛnodjamake?.,"Aveugles! Lequel est le plus grand, loffrande, ou lautel qui sanctifie loffrande?."
MAT.23.20,"Endolo moto obhɛli bhɛli na kombe e polo ekatumbebo mbeka, akabhɛlɛ ambuku na kombe e polo ekatumbebo mbeka ko na leka losusu lobaki diko i yu.",Celui qui jure par lautel jure par lautel et par tout ce qui est dessus;.
MAT.23.21,"Moto yona obhɛli bhɛli na kombe e tepelo, abhɛli ambuku na kombe e tepelo ko na kombe Ndjakomba yona okadae ta tei eyu.",celui qui jure par le temple jure par le temple et par celui qui lhabite;.
MAT.23.22,"Moto yona obhɛli bhɛli na kombe e busa, abhɛli ambuku na kombe e ngbɛndɛ e Ndjakomba ko yona okaedae .",et celui qui jure par le ciel jure par le trône de Dieu et par celui qui y est assis.
MAT.23.23,"Ndjokwa e bino, balehi ba Mobeko ko bapalusai, ndjɔ ba melo mibae! Okadimeni boputa ekenge emɔti na domi e matungulu, e bamusikadi ko e leka lokɛkɛkɛ lo so e itindi, endolo okaenɛni ngasa midjɔ i minɔi na motuya ta tei e mobeko elenge: bodjo, molema mo ndjokwa, bosɛnɔ. Edi eka eboani na nu bokɔ, napɛ bobedja lua lodiki.","Malheur à vous, scribes et pharisiens hypocrites! Parce que vous payez la dîme de la menthe, de laneth et du cumin, et que vous laissez ce qui est plus important dans la loi, la justice, la miséricorde et la fidélité: cest là ce quil fallait pratiquer, sans négliger les autres choses."
MAT.23.24,"Ino badaledji ba miso mago! Okakɔngeni ingenangena idi ta mana ma bino, endolo okameeni kamela mosusu!.","Conducteurs aveugles! Qui coulez le moucheron, et qui avalez le chameau."
MAT.23.25,"Ndjokwa e bino, balehi ba mobeko ko bapalusai, ndjɔ ba melo mibae! Okasɛnodjeni bopele sokolu i kɔbɔ ko saani, endolo otei i yu ilumi na leka loiba ko na ekpaka.","Malheur à vous, scribes et pharisiens hypocrites! Parce que vous nettoyez le dehors de la coupe et du plat, et quau dedans ils sont pleins de rapine et dintempérance."
MAT.23.26,"Mopalusai miso mago! Banga boso bosɛnodja otei e kɔbɔ ko na saani, na bea sokolu enɛmɛke pongono esɛnɔke.","Pharisien aveugle! Nettoie premièrement lintérieur de la coupe et du plat, afin que lextérieur aussi devienne net."
MAT.23.27,"Ndjokwa e bino balehi ba mobeko ko bapalusai, ndjɔ ba melo mibae! Odini elenge makila masuowabo pɛmbɛ epu makenɛme bopele sokolu, endolo otei i yu iluma na kuwa i bato bago ko na moda mosusu mo djɛti.","Malheur à vous, scribes et pharisiens hypocrites! Parce que vous ressemblez à des sépulcres blanchis, qui paraissent beaux au-dehors, et qui, au-dedans, sont pleins dossements de morts et de toute espèce dimpuretés."
MAT.23.28,"Ino pongono, sokolu wenɛmɛkɛ bodjo ta miso ma bato, endolo otei e bino odini ndjɔ ba melo mibae ko olumini na bobe.","Vous de même, au-dehors, vous paraissez justes aux hommes, mais, au-dedans, vous êtes pleins dhypocrisie et diniquité."
MAT.23.29,"Ndjokwa e bino, balehi ba mobeko ko bapalusai, ndjɔ ba melo mibae! Okatongeni makila tine ba mbaeli ba Ndjakomba ko okalɛmoleni makila ma bato ba bodjo.","Malheur à vous, scribes et pharisiens hypocrites! Parce que vous bâtissez les tombeaux des prophètes et ornez les sépulcres des justes."
MAT.23.30,"ko okabaleni: Esedabo iso lodaka ta ehole e bakɔkɔ ba biso, loikɔkɔ putoana na bu, tine bosopa makia ma ba mbaeli ba Ndjakomba.","et que vous dites: Si nous avions vécu du temps de nos pères, nous ne nous serions pas joints à eux pour répandre le sang des prophètes."
MAT.23.31,"Na bea, okapɛni tati ino bɛnɛ boo odini batitani ba bato bia bowaka ba mbaeli ba Ndjakomba.",Vous témoignez ainsi contre vous-mêmes que vous êtes les fils de ceux qui ont tué les prophètes.
MAT.23.32,Kɔɔni ko sidjani mosala mua mobangaka ba kɔkɔ ba bino bokɔ!.,Comblez donc la mesure de vos pères.
MAT.23.33,Ibota i ndjɔ! Walɛdjɛkɛni boo na ndjea yena oboanini botia etumbo e mosa mo ipelu?.,"Serpents, race de vipères! Comment échapperez-vous au châtiment de la géhenne?."
MAT.23.34,"Na tina emina, mbi nabalaka na nu: nolomeakeni ba mbaeli ba Ndjakomba, bato ba badjebi ko na balehi ba mobeko. Owakabini ko obakakabini bamɔti ta ekulusu, obomakabini bakina na mbalake ta basinagoga i bino ko obakimanakabini ta ibonga na ibonga.","Cest pourquoi, voici, je vous envoie des prophètes, des sages et des scribes. Vous tuerez et crucifierez les uns, vous battrez de verges les autres dans vos synagogues, et vous les persécuterez de ville en ville."
MAT.23.35,"Na bea, bitumbo bisusu bikwakabi ta diko i bino tine makia ma bato ba bodjo mia masopano ta kpɔtɔ: bodonga makia ma Abɛlɛ, moto o bodjo, mbunoko makia ma Djakalia, mwana o Balaki, yona owano ta pakaso e polo esɛnɔke ko polo ekatumbebo mbeka.","afin que retombe sur vous tout le sang innocent répandu sur la terre, depuis le sang dAbel le juste jusquau sang de Zacharie, fils de Barachie, que vous avez tué entre le temple et lautel."
MAT.23.36,"Okobea, nabalaka na nu edi soti: misusu mikwakabi diko i bato ba busa bu!».","Je vous le dis en vérité, tout cela retombera sur cette génération."
MAT.23.37,"«Yelusalɛmɛ, Yelusalɛmɛ, wɛ yona okowoe ba mbaeli ba Ndjakomba ko okabowoe na mabanga bato ibolomeaka Ndjakomba! Mbala djeka ipalaka mbi boputoanedja bana ba wɛ, moda mokabongoanedje bana ba kɔkɔ ta na se i mangbangu ma yu, endolo oipalakani!.","Jérusalem, Jérusalem, qui tues les prophètes et qui lapides ceux qui te sont envoyés, combien de fois ai-je voulu rassembler tes enfants, comme une poule rassemble ses poussins sous ses ailes, et vous ne lavez pas voulu!."
MAT.23.38,"Na bea, ndako i bino idikabi mipɔtu mɛnɛ.","Voici, votre maison vous sera laissée déserte;."
MAT.23.39,"Tengasa, nabalaka na nu: donga edɛdi otenɛkenini naikina mbunoko obalebini: Adjongoame yona odoi na kombe e Kumu !».","car, je vous le dis, vous ne me verrez plus désormais, jusquà ce que vous disiez: Béni soit celui qui vient au nom du Seigneur!."
MAT.24.1,"Yana aimaka Yesu ta bopango bo petelo, batingami ba nde baduaka mbuti na nde tine bomoinedja moda ndani motongabo tepelo.","Comme Jésus sen allait, au sortir du temple, ses disciples sapprochèrent pour lui en faire remarquer les constructions."
MAT.24.2,"Endolo Yesu abalaka na bu: «Oenini tepelo ye? Nabalaka na nu edi soti: pɛ ibanga imɔti idikabi diko i ibanga ikina, masusu mabukeanabi.».","Mais il leur dit: Voyez-vous tout cela? Je vous le dis en vérité, il ne restera pas ici pierre sur pierre qui ne soit renversée."
MAT.24.3,"Yana adaka Yesu adi ta makoli ma olipa, batingami babatamaka mbuti ba nde basasuaka mootɔtɔkɔ ko bamohɔdjɔkɔ: «Lotɔndea ehole ndani ekɔmɔke midjɔ mimina ko embete ndani einedjaka boo bodua bo wɛ ko na suka e ngondo.».","Il sassit sur la montagne des oliviers. Et les disciples vinrent en particulier lui faire cette question: Dis-nous, quand cela arrivera-t-il, et quel sera le signe de ton avènement et de la fin du monde?."
MAT.24.4,Yesu abasɔmbedjaka: «Daani engelɛ boo moto adae pɛ bokoseani.,Jésus leur répondit: Prenez garde que personne ne vous séduise.
MAT.24.5,Tengasa bato banɛnɛ baduake na kombe e mbi ko babalakabi: Edi mbi Kilito! Ko bapangoakabi bato banɛnɛ.,"Car plusieurs viendront sous mon nom, disant: Cest moi qui suis le Christ. Et ils séduiront beaucoup de gens."
MAT.24.6,"Okakeni ngilimo ko gala e bitumba mbuti kaoko bohali; pɛ bobangani: etungi na midjɔ mimina boimea, endolo edaetebi nongo suka e ngondo.","Vous entendrez parler de guerres et de bruits de guerres: gardez-vous dêtre troublés, car il faut que ces choses arrivent. Mais ce ne sera pas encore la fin."
MAT.24.7,"Ekomi emɔti eanedjakabi ekomi ekina, bokumu bomɔti boanedjakabi bokumu bokina; edabi na ndja ipipo ko na bokumana bo kpɔtɔ ta ngondo dɔngɔ na dɔngɔ.","Une nation sélèvera contre une nation, et un royaume contre un royaume, et il y aura, en divers lieux, des famines et des tremblements de terre."
MAT.24.8,Midjɔ mimina misusu midabi elenge mbangi e epeko e mwali yona abotaka.,Tout cela ne sera que le commencement des douleurs.
MAT.24.9,"Na bea, bokedjakabini saya ko bowakabini. Bato ba bikomi bisusu bolonakabini tine mbi.","Alors on vous livrera aux tourments, et lon vous fera mourir; et vous serez haïs de toutes les nations, à cause de mon nom."
MAT.24.10,"Ta ehole emina, bato banɛnɛ badumbakabi edimeli; basakababi ko basalonakabi.","Alors aussi plusieurs succomberont, et ils se trahiront, se haïront les uns les autres."
MAT.24.11,Ba mbaeli ba boloa bapangoakabi bato banɛnɛ.,"Plusieurs faux prophètes sélèveront, et ils séduiront beaucoup de gens."
MAT.24.12,"Elenge bobe bohɛkɛbi mɛnɛ, epaeli e bato banɛnɛ etitakabi.","Et, parce que liniquité se sera accrue, la charité du plus grand nombre se refroidira."
MAT.24.13,Endolo moto yona osagbindeakabi mbunoko suka ahelakabi.,Mais celui qui persévérera jusquà la fin sera sauvé.
MAT.24.14,"Bwɛndi Bopele bu bo Bokumu bo Ndjakomba botɔndɔmɔkɔbi ta bikomi bisusu bi ngondo, tine boo edae tati ta tine bikomi bisusu. Ko na bea suka eduake.».","Cette bonne nouvelle du royaume sera prêchée dans le monde entier, pour servir de témoignage à toutes les nations. Alors viendra la fin."
MAT.24.15,"«Na tina emina, wenɛkeni yona okabeebo mobedji onɔi na bobe, yona Danyɛlɛ, mbaeli o Ndjakomba, otɔndɔkɔ ; boemeama ta polo esɛnɔke. Kinabo molangi asipoe midjɔ mimina!.","Cest pourquoi, lorsque vous verrez labomination de la désolation, dont a parlé le prophète Daniel, établie en lieu saint, que celui qui lit fasse attention!."
MAT.24.16,"Na bea, bia badakabi ta Yuda batie ta dɔngɔ i makoli.","alors, que ceux qui seront en Judée fuient dans les montagnes;."
MAT.24.17,"yona odakabi ta mbalasani e diko i ndako e nde adae pɛ botita, tine botomba leka lo nde ta tei e ndako;.",que celui qui sera sur le toit ne descende pas pour prendre ce qui est dans sa maison;.
MAT.24.18,ko yona odakabi ta gbie atasɔmbɔ tine botomba esendja e nde.,et que celui qui sera dans les champs ne retourne pas en arrière pour prendre son manteau.
MAT.24.19,"Ndjokwa edakabi ta masu mia, tina e bali bamemi ko bia badakabi bonungea bana!.",Malheur aux femmes qui seront enceintes et à celles qui allaiteront en ces jours-là!.
MAT.24.20,Ongɔnɔni Ndjakomba tine boo meako mimina midae pɛ bokɔmɔ ta ehole e piyɔ kaoko ta isu i sabata!.,"Priez pour que votre fuite narrive pas en hiver, ni un jour de sabbat."
MAT.24.21,"Tengasa ta ehole emina, enɔngi edakabi epipo, na bea enɔngi emina eipakaenɛmɛ donga ta mbangi e ngondo mbunoko edɛdi: eenɛmetebi naikina.","Car alors, la détresse sera si grande quil ny en a point eu de pareille depuis le commencement du monde jusquà présent, et quil ny en aura jamais."
MAT.24.22,"Esedabo Ndjakomba aikuedja ehole emina, pɛ moto okɔkɔ helama. Endolo aekuedjaka ta tina e bato i bahɔ yo.","Et, si ces jours nétaient abrégés, personne ne serait sauvé; mais, à cause des élus, ces jours seront abrégés."
MAT.24.23,"Ekada moto abali na nu boo: Endjani Kilito adi iya! Kaoko: Adi bo, pɛ bomodimeani.","Si quelquun vous dit alors: Le Christ est ici, ou: Il est là, ne le croyez pas."
MAT.24.24,"Tengasa bakilito ba boloa ko ba mbaeli ba boloa baenɛmɛkɛbi. Bakɔkɔbi bingengo bi ngindola binɛnɛ tine bopangoa, nongo bato i bahɔmɔkɔ na Ndjakomba.","Car il sélèvera de faux Christs et de faux prophètes; ils feront de grands prodiges et des miracles, au point de séduire, sil était possible, même les élus."
MAT.24.25,Hokamedjani! Nabalaka na nu donga ehele.,"Voici, je vous lai annoncé davance."
MAT.24.26,"«Ekada babali na nu: Endjani, adi ta etengelenge! Pɛ bokɛni. Kaoko bakabala na nu: Endjani, abolami iya! Pɛ bomodimeani.","Si donc on vous dit: Voici, il est dans le désert, ny allez pas; voici, il est dans les chambres, ne le croyez pas."
MAT.24.27,"Tengasa oko moda mokangɛsɛ mokaikai ta pamba e satina na sadiko, edi oko moda moduabi Mwana o Moto.","Car, comme léclair part de lorient et se montre jusquen occident, ainsi sera lavènement du Fils de lhomme."
MAT.24.28,"Polo esusu esambi ebembe, bingbondo ikaputoane ena.».","En quelque lieu que soit le cadavre, là sassembleront les aigles."
MAT.24.29,"«Oko ngɔngɔ i ehole emina e enɔngi, Modakabusa mohindakabi Songe apɛtebi bongɛsɛ bo yu Ndjɔtɔ bakwakabi donga ta busa Ko ngulu i diko ikumanakabi .","Aussitôt après ces jours de détresse, le soleil sobscurcira, la lune ne donnera plus sa lumière, les étoiles tomberont du ciel, et les puissances des cieux seront ébranlées."
MAT.24.30,"Na bea embete e Mwana o Moto eenɛmɛbi ta busa. Bato basusu ba bikomi bi ngondo basayeanabi, baenɛbi Mwana o Moto boimea ta matute ma busa na sueya esusu ko na ekumu enɛnɛ.","Alors le signe du Fils de lhomme paraîtra dans le ciel, toutes les tribus de la terre se lamenteront, et elles verront le Fils de lhomme venant sur les nuées du ciel avec puissance et une grande gloire."
MAT.24.31,"Na ngilimo enɛnɛ e panda, alomakabi babwɛndji ba nde ba busa boputoanedja bahɔmi ba nde donga ta makono masusu manɛi ma ngondo, donga ta suka emɔti mbunoko ta suka ekina.».","Il enverra ses anges avec la trompette retentissante, et ils rassembleront ses élus des quatre vents, depuis une extrémité des cieux jusquà lautre."
MAT.24.32,"«Kinani olehameni na isɛ i mole mo pigi: yana abangi mosua bodala ta tape ko kasa ibangi botɔ, okadjebeni boo yanga e moi mopipo eimei mbuti.","Instruisez-vous par une comparaison tirée du figuier. Dès que ses branches deviennent tendres, et que les feuilles poussent, vous connaissez que lété est proche."
MAT.24.33,"Oko moda momɔti na nu, ehole eenɛbino bea, djebani boo Mwana o Moto aimei mbuti, aimei ta bikukɛ bi bino.","De même, quand vous verrez toutes ces choses, sachez que le Fils de lhomme est proche, à la porte."
MAT.24.34,"Edi soti, nabalaka na nu: bato ba ehole ye badimoetebi boso bo baenɛ midjɔ mi boimea.","Je vous le dis en vérité, cette génération ne passera point, que tout cela narrive."
MAT.24.35,"Busa na kpɔtɔ bonɔbi, endolo mobalo mo mbi monɔetebi.».","Le ciel et la terre passeront, mais mes paroles ne passeront point."
MAT.24.36,"«Ta modjɔ moindji isu kaoko ehole, pɛ moto omɔti odjebaka, edae babwɛndji ba busa kaoko Mwana o Moto; endolo oko Sesa yo mɛnɛ.","Pour ce qui est du jour et de lheure, personne ne le sait, ni les anges des cieux, ni le Fils, mais le Père seul."
MAT.24.37,"Moda mokɔmɔkɔ ta masu ma Nowa, ekɔmɔbi oko moda momɔti ta bodua bo Mwana o Moto.",Ce qui arriva du temps de Noé arrivera de même à lavènement du Fils de lhomme.
MAT.24.38,"Tengasa, ta ehole emina, boso boo pela enɛnɛ edue, bato badaka boya, bomwa, boasɔnɔ kaoko boasɔedja bana ba bobo, mbunoko ta busa bokweaka Nowa ta masua.","Car, dans les jours qui précédèrent le déluge, les hommes mangeaient et buvaient, se mariaient et mariaient leurs enfants, jusquau jour où Noé entra dans larche;."
MAT.24.39,"Baidjebaka nongo eka emɔti yena ekɔkɔ kɔmɔ, mbunoko pela eduaka ko ebowaka bo basusu. Edabi pongono bea ehole eduabi Mwana o Moto.","et ils ne se doutèrent de rien, jusquà ce que le déluge vînt et les emportât tous: il en sera de même à lavènement du Fils de lhomme."
MAT.24.40,"Na bea, bami babae badabi ta gbie: omɔti atombamabi ko okina adikabi.","Alors, de deux hommes qui seront dans un champ, lun sera pris et lautre laissé;."
MAT.24.41,Bali babae basianakabi mbuma ta igbata: omɔti atombamabi ko okina adikabi.,"de deux femmes qui moudront à la meule, lune sera prise et lautre laissée."
MAT.24.42,"Pɛ bohwɛɛni, tengasa otadjebakeni isu iduabi Kumu o bino.","Veillez donc, puisque vous ne savez pas quel jour votre Seigneur viendra."
MAT.24.43,"Sipoani bopele modjɔ mu: esedabo moswa ndako adjebe ehole eboanaka moibi bodua na bulu, akɔkɔ dikama mɔsu ko aikɔkɔ kwea ta ndako e nde.","Sachez-le bien, si le maître de la maison savait à quelle veille de la nuit le voleur doit venir, il veillerait et ne laisserait pas percer sa maison."
MAT.24.44,"Na tina emina, ino pongono daani mbuti, tengasa Mwana o Moto aduake ta ehole edakabino pɛ bolɛdjɛ.».","Cest pourquoi, vous aussi, tenez-vous prêts, car le Fils de lhomme viendra à lheure où vous ny penserez pas."
MAT.24.45,"«Odi mɛnɛ mosali o bodjo ko o bowɛi nda? Mosala yona kumu o nde amopaka botomba basali ta tei e ndako e nde, tine boo abayedjake mia ta ehole eboani?.","Quel est donc le serviteur fidèle et prudent, que son maître a établi sur ses gens, pour leur donner la nourriture au temps convenable?."
MAT.24.46,"Sepi adi mosali yona, ekadabo kumu o nde ahuli, amotaneake asala mosala!.","Heureux ce serviteur, que son maître, à son arrivée, trouvera faisant ainsi!."
MAT.24.47,Edi soti nabalaka na nu: kumu o nde amopabi mosala mo bobanea bodieli bo nde bosusu.,"Je vous le dis en vérité, il létablira sur tous ses biens."
MAT.24.48,"Endolo akalɛdjɛ boo adi mosali mobe, asabaleabi: mokondji o mbi ayeyoi ta bohula.","Mais, si cest un méchant serviteur, qui dise en lui-même: Mon maître tarde à venir."
MAT.24.49,"na bea abangabi boboma binande ba mosala, boyaka ko bomwaka engbanga na balangoi ba mana.","sil se met à battre ses compagnons, sil mange et boit avec les ivrognes."
MAT.24.50,Kumu o nde ahulabi isu imɔti idabi mosali pɛ boamba ko na ehole edabiyo pɛ bodjeba;.,le maître de ce serviteur viendra le jour où il ne sy attend pas et à lheure quil ne connaît pas.
MAT.24.51,"amobenganabi ko amopabi iputi ta polo emɔti na bato bapokotoi, ta polo yena edabi biyo ko bokpɛkɛnɛ mino.».","il le mettra en pièces, et lui donnera sa part avec les hypocrites: cest là quil y aura des pleurs et des grincements de dents."
MAT.25.1,«Na bea Bokumu bo diko bodabi elenge baseka bali domi bia batombaka milinda ko boimana tine bokɛ ta bosakana na momi o moki.,"Alors le royaume des cieux sera semblable à dix vierges qui, ayant pris leurs lampes, allèrent à la rencontre de lépoux."
MAT.25.2,Batano ta tei e bobo badaka pɛ bosaboanedja ko batano bakina badaka ba bowɛi.,"Cinq dentre elles étaient folles, et cinq sages."
MAT.25.3,Bia ibadaka pɛ bosaboanedja batombaka milinda mi bobo endolo bailɛdjɛ botomba moomunɛ.,"Les folles, en prenant leurs lampes, ne prirent point dhuile avec elles;."
MAT.25.4,Endolo bia ibadaka na bowɛi batombaka milinda mi bobo ko na milangi mi minɛ tine milinda mi bobo.,"mais les sages prirent, avec leurs lampes, de lhuile dans des vases."
MAT.25.5,"Elenge momi o moki ayeyoakayo, baseka bamina basusu miso ma bobo maimeaka mandi na hiyɔ ko bahwɛkɛ.","Comme lépoux tardait, toutes sassoupirent et sendormirent."
MAT.25.6,"Ta ndanda e bulu, kilingo eokamaka: Endjani momi o moki! Imani tine bosakana na nde.","Au milieu de la nuit, on cria: Voici lépoux, allez à sa rencontre!."
MAT.25.7,Na bea baseka bali basusu basisoaka ko babɔngedjeka milinda mi bobo.,"Alors toutes ces vierges se réveillèrent, et préparèrent leurs lampes."
MAT.25.8,"Baseka batano ibadaka pɛ bosaboanedja bahɔdjɔkɔ bia ba bowɛi: Lopani moomunɛ o bino, tengasa milinda mi biso midoi adimei.","Les folles dirent aux sages: Donnez-nous de votre huile, car nos lampes séteignent."
MAT.25.9,"Baseka bali ba bowɛi basɔmbedjaka: Ngasa, motakoka tine biso ko na nu. Enɔi na bopele okeni ta djando bosomba tine bino.","Les sages répondirent: Non; il ny en aurait pas assez pour nous et pour vous; allez plutôt chez ceux qui en vendent, et achetez-en pour vous."
MAT.25.10,"Yana adaka bo bakɛ bosomba munɛ, endolo oko ta ehole emina, momi aimeka. Baseka bali batano ba bowɛi bakweaka na momi o moki ta ndako e tɛkɛ ebɔngedjabo tine moki ko badipaka ekukɛ na pongola.","Pendant quelles allaient en acheter, lépoux arriva; celles qui étaient prêtes entrèrent avec lui dans la salle des noces, et la porte fut fermée."
MAT.25.11,"Ngɔngɔ i moehole, baseka bali ibadaka pɛ bosaboanedja bahulaka ko babalaka: Kumu, kumu, lodipoa.","Plus tard, les autres vierges vinrent, et dirent: Seigneur, Seigneur, ouvre-nous."
MAT.25.12,"Endolo momi o moki abasɔmbedjaka: Edi soti, nabalaka na nu: natodjebakani.","Mais il répondit: Je vous le dis en vérité, je ne vous connais pas."
MAT.25.13,"Yesu abakeaka, pɛ bohwɛni, tengasa otadjebakani isu, kaoko ehole.».","Veillez donc, puisque vous ne savez ni le jour, ni lheure."
MAT.25.14,"«Bokondji bo diko bodabi pongono elenge momi omɔti yona, opalaka bokɛ ta mwɛngɔ: abeaka basali ba nde ko abapaka misala mi bobanea bodieli bo nde.","Il en sera comme dun homme qui, partant pour un voyage, appela ses serviteurs, et leur remit ses biens."
MAT.25.15,"Apaka adi omɔti taleta mikama mitano, adi okina mikama mibae, adi obasato mokama: bokokana na ngulu e moto na moto. Ngɔngɔ akɛkɛ.","Il donna cinq talents à lun, deux à lautre, et un au troisième, à chacun selon sa capacité, et il partit."
MAT.25.16,Mosali yona odiaka taleta mikama mitano akɛkɛ mbala emɔti bokɔ mombongu na bodieli bomina ko abakeaka mbuka e mikama mitano mi taleta mikina.,"Aussitôt celui qui avait reçu les cinq talents sen alla, les fit valoir, et il gagna cinq autres talents."
MAT.25.17,Mosali yona odiaka taleta mikama mibae akɔkɔ oko moda momɔti ko abakeaka mikama mibae mi taleta mikina.,"De même, celui qui avait reçu les deux talents en gagna deux autres."
MAT.25.18,Endolo yona odiaka taleta mokama akɛkɛ bolongea mombɔndɔ ta kpɔtɔ ko abombaka taleta e kumu o nde.,"Celui qui nen avait reçu quun alla faire un creux dans la terre, et cacha largent de son maître."
MAT.25.19,"«Ngɔngɔ i masu mayai, kumu o basali ahulaka ko bamopɛ gala e bodieli bo nde.","Longtemps après, le maître de ces serviteurs revint, et leur fit rendre compte."
MAT.25.20,"Mosali yona odiaka taleta mikama mitano abatamaka ko aimedjaka mikama mitano mi taleta imibolodjakayo ko abalaka: Kumu, opakani taleta mikama mitano, endja nabakei naikina mikama mitano mi mbuka: djodji.","Celui qui avait reçu les cinq talents sapprocha, en apportant cinq autres talents, et il dit: Seigneur, tu mas remis cinq talents; voici, jen ai gagné cinq autres."
MAT.25.21,"Kumu o nde abalaka: Bopele, odi mosali mopele ko o bodjo. Elenge adi wɛ mosali o bodjo ta leka lokɛkɛ, nopake lokina lonɔi na bonɛnɛ. Dua asepe na mbi.","Son maître lui dit: Cest bien, bon et fidèle serviteur; tu as été fidèle en peu de chose, je te confierai beaucoup; entre dans la joie de ton maître."
MAT.25.22,"Mosali yona odiaka taleta mikama mibae abatamaka ko abalaka: Kumu, opakani taleta mikama mibae. Endja nabakei, naikina mikama mibae mi mbuka: djodji.","Celui qui avait reçu les deux talents sapprocha aussi, et il dit: Seigneur, tu mas remis deux talents; voici, jen ai gagné deux autres."
MAT.25.23,"Kumu o nde abalaka na nde: Bopele! Mosali mopele ko o bodjo. Elenge adaki wɛ bodjo ta leka lokɛkɛ, nopakedea mosala mo bobanea leka lonɛnɛ. Dua asepe na mbi.","Son maître lui dit: Cest bien, bon et fidèle serviteur; tu as été fidèle en peu de chose, je te confierai beaucoup; entre dans la joie de ton maître."
MAT.25.24,"Ta suka, mosali yona odiaka taleta mokama abatamaka ko abalaka: Kumu, noodjebaka elenge moto o bobila: okabuke ta polo edaa wɛ pɛ boona, okandoe ta polo edaa wɛ pɛ bomɛsɛ kona.","Celui qui navait reçu quun talent sapprocha ensuite, et il dit: Seigneur, je savais que tu es un homme dur, qui moissonnes où tu nas pas semé, et qui amasses où tu nas pas vanné;."
MAT.25.25,"Nadaka na bɔɔ ko nakɛkɛ bombomba taleta e wɛ ta kpɔtɔ. Endja yo iye, tomba taleta e wɛ.","jai eu peur, et je suis allé cacher ton talent dans la terre; voici, prends ce qui est à toi."
MAT.25.26,"Kumu o nde abalaka na nde: Mosali mobe, emɛli! Odjebaka boo nakabuke ta polo edaa mbi pɛ bona, nakandoe ta polo edaa mbi pɛ bomɛsɛ kona;.","Son maître lui répondit: Serviteur méchant et paresseux, tu savais que je moissonne où je nai pas semé, et que jamasse où je nai pas vanné;."
MAT.25.27,"na bea tina ndani okɛiti boisa palanga e mbi adi bato bakabombe palanga ko ta ihule i mbi, nakɔki tomba palanga imina na mbuka.","il te fallait donc remettre mon argent aux banquiers, et, à mon retour, jaurais retiré ce qui est à moi avec un intérêt."
MAT.25.28,Mokatoani taleta emina ko epani adi yona odi na koto.,"Otez-lui donc le talent, et donnez-le à celui qui a les dix talents."
MAT.25.29,"Tengasa moto odi na eka bamobakeabi na bonɔ ko aimeakabi na leka lonɛnɛ; endolo adi yona odi pɛ eka, bamokatoabi nongo yena edi na nde.","Car on donnera à celui qui a, et il sera dans labondance, mais à celui qui na pas on ôtera même ce quil a."
MAT.25.30,"Ta tina e mosali mobe yo, modumbani sokolu, ta modidi, oho ta polo e biyo ko bokpɛkɛnɛ mino.».","Et le serviteur inutile, jetez-le dans les ténèbres du dehors, où il y aura des pleurs et des grincements de dents."
MAT.25.31,"«Ehole eduabi Mwana o Moto ta ekumu e nde engbanga na babwɛndji ba basusu, adabi ta ngbɛndɛ e nde e ekumu.","Lorsque le Fils de lhomme viendra dans sa gloire, avec tous les anges, il sassiéra sur le trône de sa gloire."
MAT.25.32,Bato ba bikomi bi ngondo baputoanabi ta boso bo nde ko abakabanabi na bikenge bibae moda mokakabane mobanei bhata na kambeli.,"Toutes les nations seront assemblées devant lui. Il séparera les uns davec les autres, comme le berger sépare les brebis davec les boucs;."
MAT.25.33,Aemeabi bhata ta ebɔ e nde e bami ko kambeli ta ebɔ e nde e bali.,"et il mettra les brebis à sa droite, et les boucs à sa gauche."
MAT.25.34,"Na bea mokondji abalabi na bato ibadabi ta ebɔ e nde e bami: Duani, ino bato badjongoama na Sange e mbi, asɔni bodieli bo bino bua bodi Bokumu bobɔngedjama na Ndjakomba tina e bino, donga ta mbangi e ngondo.","Alors le roi dira à ceux qui seront à sa droite: Venez, vous qui êtes bénis de mon Père; prenez possession du royaume qui vous a été préparé dès la fondation du monde."
MAT.25.35,Tengasa nokaka ndja ko opakanini boyaka; nokaka posa e madiba ko opakanini madiba; nadaka mokɛndɛli ko oasɔkɔnini adi no;.,"Car jai eu faim, et vous mavez donné à manger; jai eu soif, et vous mavez donné à boire; jétais étranger, et vous mavez recueilli;."
MAT.25.36,nadaka mbundu ko olwadjakanini bisendja; nadaka nepeko ko osaowakanini; nadaka ta ndjango ko oduakani ta boendjani.,"jétais nu, et vous mavez vêtu; jétais malade, et vous mavez visité; jétais en prison, et vous êtes venus vers moi."
MAT.25.37,"Na bea bato ba bodjo ibakɔkɔ bopala bo Ndjakomba basɔmbedjaka: Kumu, ehole ndani loenɛkɛ na ndja ko lopaka miya kaoko na posa e bomwaka madiba ko lopaka madiba?.","Les justes lui répondront: Seigneur, quand tavons-nous vu avoir faim, et tavons-nous donné à manger; ou avoir soif, et tavons-nous donné à boire?."
MAT.25.38,Ehole ndani loenɛkɛ mokɛndɛli ko loasɔkɔ adi so kaoko odaka mbundu ko lolwadjaka bisendja?.,"Quand tavons-nous vu étranger, et tavons-nous recueilli; ou nu, et tavons-nous vêtu?."
MAT.25.39,Ehole ndani loenɛkɛ bopeka kaoko ta ndjango ko loduaka ta bokɔmedja.,"Quand tavons-nous vu malade, ou en prison, et sommes-nous allés vers toi?."
MAT.25.40,"Ko mokondji abasɔmbedjaka: Edi soti nabalaka na nu: mbala isusu djikɔkɔno na omɔti yona onɔi na bokɛkɛ ta tei e denga i mbi, ibia badi bato ngasa, djebani bopele boo okɔkɔni bea tina e mbi.","Et le roi leur répondra: Je vous le dis en vérité, toutes les fois que vous avez fait ces choses à lun de ces plus petits de mes frères, cest à moi que vous les avez faites."
MAT.25.41,"«Ngɔngɔ Kumu abalaka na bia ibadaka ta ebɔ e nde e bali: Kɛni bohali na mbi, ino bato i balakedjama! Kɛni ta ipombe i mosa mo seko mokadae pɛ bodimea, imua mobɔngedjama tina e djabulu ko na babwɛndji ba nde!.","Ensuite il dira à ceux qui seront à sa gauche: Retirez-vous de moi, maudits; allez dans le feu éternel qui a été préparé pour le diable et pour ses anges."
MAT.25.42,Tengasa nadaka ndja ko oipanini boyaka; nadaka na posa e bomwaka madiba ko oipanini madiba;.,"Car jai eu faim, et vous ne mavez pas donné à manger; jai eu soif, et vous ne mavez pas donné à boire;."
MAT.25.43,"nadaka mokɛndɛli ko oiasɔnini; nadaka mbundu ko oilwadjanini bisendja; nadaka na epeko ko ta ndjango, endolo oiduani ta bokɔmedjani.","jétais étranger, et vous ne mavez pas recueilli; jétais nu, et vous ne mavez pas vêtu; jétais malade et en prison, et vous ne mavez pas visité."
MAT.25.44,"Na bea basɔmbedjaka: Kumu, ehole ndani loenɛkɛ ndja, kaoko na posa e bomwaka madiba kaoko mokɛndɛli kaoko mbundu kaoko na epeko kaoko ta ndjango, bea loiokɔmedjaka.","Ils répondront aussi: Seigneur, quand tavons-nous vu ayant faim, ou ayant soif, ou étranger, ou nu, ou malade, ou en prison, et ne tavons-nous pas assisté?."
MAT.25.45,"Kumu asɔmbedjaka: Edi soti, nabalaka nu: mbala isusu idaka no pɛ bokɔ adi bia banɔi na bokɛkɛ, djebani bopele boo otakakani bokɔ bea adi mbi.","Et il leur répondra: Je vous le dis en vérité, toutes les fois que vous navez pas fait ces choses à lun de ces plus petits, cest à moi que vous ne les avez pas faites."
MAT.25.46,"Ko bakɛbi aenɛ saya e seko, enakobea bato ba bodjo bakɛbi ta mohelo mo seko .».","Et ceux-ci iront au châtiment éternel, mais les justes à la vie éternelle."
MAT.26.1,"Ehole esidjaka Yesu bopa simbisi imina isusu, abalaka na batingami ba nde:.","Lorsque Jésus eut achevé tous ces discours, il dit à ses disciples:."
MAT.26.2,«Djebani boo tɛkɛ e pasika ediki masu mabae bɛngi e bange: Mwana o Moto akabamake ta mɔmɔ ma bato babe bɛngi abakame ta ekulusu.».,"Vous savez que la Pâque a lieu dans deux jours, et que le Fils de lhomme sera livré pour être crucifié."
MAT.26.3,"Na bea, bakondji ba banganga ba Ndjakomba ko basuku ba denga baputoanaka ta ndako e Kaipa, mokondji monɛnɛ o banganga ba Ndjakomba.","Alors les principaux sacrificateurs et les anciens du peuple se réunirent dans la cour du souverain sacrificateur, appelé Caïphe;."
MAT.26.4,Batombaka meko bo basusu tine bopea Yesu bɛngi bamowoe ta mbombi.,"et ils délibérèrent sur les moyens darrêter Jésus par ruse, et de le faire mourir."
MAT.26.5,"Babalaka: «Lodae pɛ bomopea ta ehole ye tɛkɛ, esakada boo bato balemoe.».","Mais ils dirent: Que ce ne soit pas pendant la fête, afin quil ny ait pas de tumulte parmi le peuple."
MAT.26.6,"Yana adaka Yesu ta Betania, ta ndako e Simo moto o mabha.","Comme Jésus était à Béthanie, dans la maison de Simon le lépreux."
MAT.26.7,"mwali omɔti abatamaka mbuti Yesu, apeli molangi mo abatele molumake na malasi ma motuya monɛnɛ. Ehole edaka Yesu ta mesa, mwali omina asopeaka Yesu malasi ta molo.","une femme sapprocha de lui, tenant un vase dalbâtre, qui renfermait un parfum de grand prix; et, pendant quil était à table, elle répandit le parfum sur sa tête."
MAT.26.8,"Ehole enɛkɛ batingami bea, baokaka kɛlɛ ko babalaka: «Tine bobedja malasi boo nda?.","Les disciples, voyant cela, sindignèrent, et dirent: A quoi bon cette perte?."
MAT.26.9,Eboanaki botɛkɛ malasi ma mina na motuya monɛnɛ ko bopa palanga adi batakeli!».,"On aurait pu vendre ce parfum très cher, et en donner le prix aux pauvres."
MAT.26.10,"Ehole enɛkɛ Yesu bea, abalaka na bu: «Tina atungeaka na nu mwali yo nda? Akɔmeini modjɔ mopele.","Jésus, sen étant aperçu, leur dit: Pourquoi faites-vous de la peine à cette femme? Elle a fait une bonne action à mon égard;."
MAT.26.11,"Tengasa odakabini na batakeli bihole bisusu; Endolo mbi, odaetebini na mbi bihole bisusu.","car vous avez toujours des pauvres avec vous, mais vous ne mavez pas toujours."
MAT.26.12,"Yana asopi yo malasi ta mokuku mo mbi, akɔi bea tine bobɔngedja bosambeama bo mokuku mo mbi ta ikila.","En répandant ce parfum sur mon corps, elle la fait pour ma sépulture."
MAT.26.13,"Okobea nabali na nu, edi soti: polo isusu ilehakabibo Bwɛndi Bopele bu ta ngondo isusu, batɔndɔkɔbi gala esakɔ mwali yo tine bomolɛdjɛ.».","Je vous le dis en vérité, partout où cette bonne nouvelle sera prêchée, dans le monde entier, on racontera aussi en mémoire de cette femme ce quelle a fait."
MAT.26.14,"Na bea omɔti ta tei e batingami domi na babae, obeakabo Yudasi Isikaliota, akɛkɛ botanea bakondji ba banganga ba Ndjakomba.","Alors lun des douze, appelé Judas Iscariot, alla vers les principaux sacrificateurs."
MAT.26.15,ko abalaka na bu: «Epalakano bopani nde bɛngi notɛkeeni Yesu?» Bamopaka palanga i bibende tuku isato.,"et dit: Que voulez-vous me donner, et je vous le livrerai? Et ils lui payèrent trente pièces dargent."
MAT.26.16,"Donga ta ehole yena, Yudasi aimeaka bohomba enɔli epele tine bokaba Yesu.","Depuis ce moment, il cherchait une occasion favorable pour livrer Jésus."
MAT.26.17,"Ta isu i boso bo tɛkɛ e mapa mapɛ lepile, batingami baduaka bohɔdjɔ Yesu: «Molehi, apalaka wɛ lobɔngedje mia ma pasika djɔ?».","Le premier jour des pains sans levain, les disciples sadressèrent à Jésus, pour lui dire: Où veux-tu que nous te préparions le repas de la Pâque?."
MAT.26.18,"Yesu abasɔmbedjaka: «Kɛni ta ibonga adi moto omɔti ko balani na nde: Molehi abali: Ehole e mbi eimei, nayake mia ma pasika engbanga na batingami ba mbi adi wɛ.».","Il répondit: Allez à la ville chez un tel, et vous lui direz: Le maître dit: Mon temps est proche; je ferai chez toi la Pâque avec mes disciples."
MAT.26.19,Batingami bakɔkɔ oko moda mopalaka Yesu ko babɔngedjaka mia ma pasika.,"Les disciples firent ce que Jésus leur avait ordonné, et ils préparèrent la Pâque."
MAT.26.20,"Ehole eimeaka mɔmɔkɔ, Yesu adaka ta mesa engbanga na bapɔsɔlu ba nde domi na babae.","Le soir étant venu, il se mit à table avec les douze."
MAT.26.21,"Ehole edakabo bayaka, Yesu abalaka: «Edi soti okobea, nabalaka na nu: omɔti o bino akabakeni.».","Pendant quils mangeaient, il dit: Je vous le dis en vérité, lun de vous me livrera."
MAT.26.22,"Batingami baimeaka na ndjokwa enɛnɛ ko babangaka bohɔdjɔ Yesu, omɔti ngɔngɔ i okina: «Kumu edi mbi?».","Ils furent profondément attristés, et chacun se mit à lui dire: Est-ce moi, Seigneur?."
MAT.26.23,"Yesu asɔmbedjaka: «Moto adubeake engbanga na mbi lipa ta saani, edi yo moto akabakeni.","Il répondit: Celui qui a mis avec moi la main dans le plat, cest celui qui me livrera."
MAT.26.24,"Mwana o Moto akɛke oko elenge ekomama ta tina e nde, endolo ndjokwa na mokabi o Mwana o Moto! Ekɔkida bopele boo moto omina adae pɛ bobotama!».","Le Fils de lhomme sen va, selon ce qui est écrit de lui. Mais malheur à lhomme par qui le Fils de lhomme est livré! Mieux vaudrait pour cet homme quil ne fût pas né."
MAT.26.25,"Yudasi, yona opalaka bomotɛkɛ, abalaka: «Molehi, editi mbi, edi bea?» Yesu amosɔmbedjaka: «Obali wɛ.».","Judas, qui le livrait, prit la parole et dit: Est-ce moi, Rabbi? Jésus lui répondit: Tu las dit."
MAT.26.26,"Yana ayakabo, Yesu atombaka mwɛmbɛ ko ngɔngɔ i bosakoa Ndjakomba, abuki ko api na batingami. Abalaka na bu: «Iye edi mokuku mo mbi, tombani ko yakani.».","Pendant quils mangeaient, Jésus prit du pain; et, après avoir rendu grâces, il le rompit, et le donna aux disciples, en disant: Prenez, mangez, ceci est mon corps."
MAT.26.27,"Atombaka pongono kɔbɔ e vino, ngɔngɔ i bosakoa Ndjakomba, abapaka ko abalaka: «Mwakani no basusu;.","Il prit ensuite une coupe; et, après avoir rendu grâces, il la leur donna, en disant: Buvez-en tous;."
MAT.26.28,"tengasa iye edi makia ma mbi, makia ma edimaneli, imasopeake tina e bato banɛnɛ, tine boyɛmɛ bo pekato i bobo.","car ceci est mon sang, le sang de lalliance, qui est répandu pour plusieurs, pour la rémission des péchés."
MAT.26.29,"Nabalaka na nu: donga edɛdi, namwɛtebi naikina vino iye mbunoko busa bo mwakabi mbi engbanga na nu vino iye eyanie, ta Bokumu bo Sange e mbi.».","Je vous le dis, je ne boirai plus désormais de ce fruit de la vigne, jusquau jour où jen boirai du nouveau avec vous dans le royaume de mon Père."
MAT.26.30,"Ngɔngɔ baembaka ndjembo i tɛkɛ , bea bakɛkɛ ta makoli ma Olipa.","Après avoir chanté les cantiques, ils se rendirent à la montagne des oliviers."
MAT.26.31,"Na bea Yesu abalaka na bapɔsɔlu ba nde: «Oko ta bulu bu, watiakenini no basusu, tengasa ekomama ta makomi: Nabomake mobanei ko bwela bo bhata inanganake pamba isusu.","Alors Jésus leur dit: Je serai pour vous tous, cette nuit, une occasion de chute; car il est écrit: Je frapperai le berger, et les brebis du troupeau seront dispersées."
MAT.26.32,"Endolo ngɔngɔ ibopusoa bo mbi, nakɛke aambani ta Galilea.».","Mais, après que je serai ressuscité, je vous précèderai en Galilée."
MAT.26.33,"Piɛlɛ abalaka na nde: «Molehi nongo bato basusu bakotia, mbi natotiake.».","Pierre, prenant la parole, lui dit: Quand tu serais pour tous une occasion de chute, tu ne le seras jamais pour moi."
MAT.26.34,"Yesu amosɔmbedjaka: «Edi soti nabalaka na wɛ: oko ta bulu bu, boso bo kɔkɔ akɔkɔle, wainganeakeni mbala isato.».","Jésus lui dit: Je te le dis en vérité, cette nuit même, avant que le coq chante, tu me renieras trois fois. Mt :."
MAT.26.35,"Piɛlɛ abalaka na nde: «Nongo ekada bogwa, nagwake engbanga na wɛ!» Endolo natoinganeake. Bapɔsɔlu basusu babalaka oko moda momɔti.","Pierre lui répondit: Quand il me faudrait mourir avec toi, je ne te renierai pas. Et tous les disciples dirent la même chose."
MAT.26.36,"Na bea Yesu aimeaka na bapɔsɔlu ba nde ta polo ebeaka bo Getesemane ko abalaka na bu: «Daani iya, yana akɛi mbi mootɔtɔkɔ tine bongɔnɔ.».","Là-dessus, Jésus alla avec eux dans un lieu appelé Gethsémané, et il dit aux disciples: Asseyez-vous ici, pendant que je méloignerai pour prier."
MAT.26.37,Atombaka Piɛlɛ ko bana bami babae ba Djebede. Aimeaka booka ndjokwa ko asatungeaka mɛnɛ ta molema.,"Il prit avec lui Pierre et les deux fils de Zébédée, et il commença à éprouver de la tristesse et des angoisses."
MAT.26.38,"Abalaka na bu: «Molema mo mbi molumi na ndjokwa elenge nadoi agwa, dikani iya ko ongɔnɔni engbanga na mbi!».","Il leur dit alors: Mon âme est triste jusquà la mort; restez ici, et veillez avec moi."
MAT.26.39,"Akɛkɛ moohali na bu, atitedjaka boso mbunoko ta kpɔtɔ ko aongɔnɔkɔ boo: «Sange e mbi, ekabɔngɔ, dongedja bohali na mbi kɔbɔ ye e saya! Enakobea, edae tebopala bo mbi, endolo bopala bo wɛ!».","Puis, ayant fait quelques pas en avant, il se jeta sur sa face, et pria ainsi: Mon Père, sil est possible, que cette coupe séloigne de moi! Toutefois, non pas ce que je veux, mais ce que tu veux."
MAT.26.40,Asɔmbɔkɔ naikina ta polo edaka bapɔsɔlu basato ko abataneaka bahwɛli. Abalaka na piɛlɛ: «Ohɔnɔkitini boda mosu engbanga na mbi nongo ehole emɔti?.,"Et il vint vers les disciples, quil trouva endormis, et il dit à Pierre: Vous navez donc pu veiller une heure avec moi!."
MAT.26.41,"Daani mosu ko ongɔnɔni asakwani ta bomekama. Mwembo modi na ngulu, endolo mokuku modi na bwɛmbu.».","Veillez et priez, afin que vous ne tombiez pas dans la tentation; lesprit est bien disposé, mais la chair est faible."
MAT.26.42,"Mbala e babae, asasuaka naikina mootɔtɔkɔ ko aongɔnɔkɔ boo: «Sange e mbi, oboaniti okɔe boo nadae pɛ mwaka kɔbɔ ye! Endolo kina bolulea bo wɛ bokɔme!».","Il séloigna une seconde fois, et pria ainsi: Mon Père, sil nest pas possible que cette coupe séloigne sans que je la boive, que ta volonté soit faite!."
MAT.26.43,Asombɔkɔ naikina adi bapɔsɔlu ko abataneaka bahwɛli; tengasa miso maimeaka mandi na hiyɔ.,"Il revint, et les trouva encore endormis; car leurs yeux étaient appesantis."
MAT.26.44,"Yesu abakinaka naikina, asasuaka mootɔtɔkɔ ko aongɔnɔkɔ mbala e basato oko na mibalo mibalaka yo boso.","Il les quitta, et, séloignant, il pria pour la troisième fois, répétant les mêmes paroles."
MAT.26.45,"Ngɔngɔ asɔmbɔkɔ adi bapɔsɔlu ko abalaka na bu: «Ohwɛlini oko, odini oko ta bohema? Edɛdi ehole eimei ko Mwana o Moto adoi akabama ta mɔmɔ ma bato babe.","Puis il alla vers ses disciples, et leur dit: Vous dormez maintenant, et vous vous reposez! Voici, lheure est proche, et le Fils de lhomme est livré aux mains des pécheurs."
MAT.26.46,"Angɔni, lokɛni! Tengasa moto akabakeni aimei mbuti!».","Levez-vous, allons; voici, celui qui me livre sapproche."
MAT.26.47,"Yana adaka Yesu bobala Yudasi, omɔti o batinagami domi na babae aimeaka. Bato banɛnɛ bapeli mipata ko na mihukuku badaka bomokimana. Bakondji ba banganga ba Ndjakomba ko basuku ba ngando ba bayuda babalomaka.","Comme il parlait encore, voici, Judas, lun des douze, arriva, et avec lui une foule nombreuse armée dépées et de bâtons, envoyée par les principaux sacrificateurs et par les anciens du peuple."
MAT.26.48,"Yudasi yona opalaka botɛkɛ Yesu, abainedjaka embete ye: «Moto wabhimbake mbi, edi yo. Mopeani.».","Celui qui le livrait leur avait donné ce signe: Celui que je baiserai, cest lui; saisissez-le."
MAT.26.49,"Mbala emɔti, Yudasi asabateaka mbuti na Yesu ko abalaka na nde: «Ndese, Molehi!» Ko amobhimbaka.","Aussitôt, sapprochant de Jésus, il dit: Salut, Rabbi! Et il le baisa."
MAT.26.50,"Yesu amosɔmbedjaka: «Mwange e mbi, modjɔ modoi wɛ akɔ, mokɔɔ.» Na bea bato bamina babatamaka mbuti na Yesu, bakwaka diko i nde ko bamopeaka.","Jésus lui dit: Mon ami, ce que tu es venu faire, fais-le. Alors ces gens savancèrent, mirent la main sur Jésus, et le saisirent."
MAT.26.51,"Omɔti ta bia badaka na Yesu aninodjaka ebɔ e nde, aihwaka mopata ta igbogbo ko abomaka mosali o mokondji o banganga ba Ndjakomba ko itoi i mosali omina ileneaka .","Et voici, un de ceux qui étaient avec Jésus étendit la main, et tira son épée; il frappa le serviteur du souverain sacrificateur, et lui emporta loreille."
MAT.26.52,"Endolo Yesu abalaka na nde: «Sɔmbedja mopata mo wɛ ta igbogbo i yu, tengasa bato basusu bakowoe na mopata bagwakabi na mopata.",Alors Jésus lui dit: Remets ton épée à sa place; car tous ceux qui prendront lépée périront par lépée.
MAT.26.53,Walɛdjɛkɛ boo naboanakiti bobea Sange e mbi adue bokamoani ko mbala emɔti alomeeni koto domi na babae i babwɛndji bonɔ?.,"Penses-tu que je ne puisse pas invoquer mon Père, qui me donnerait à linstant plus de douze légions danges?."
MAT.26.54,"Na bea, Makomi maboani bokokedjama moda nda?».","Comment donc saccompliraient les Écritures, daprès lesquelles il doit en être ainsi?."
MAT.26.55,"Oko ta ehole emina, Yesu abalaka na bato ibaduaka bomopea: «Mbi, etɔmbi mbi bɛngɛ odueni bopeanini na mipata ko na mihukuku? Masu masusu nadaki na nu ta tepelo tine boleha ko oipeakanini.","En ce moment, Jésus dit à la foule: Vous êtes venus, comme après un brigand, avec des épées et des bâtons, pour vous emparer de moi. Jétais tous les jours assis parmi vous, enseignant dans le temple, et vous ne mavez pas saisi."
MAT.26.56,Endolo midjɔ misusu mii midi tine bokokedja mibalo mibalaka ba mbaeli ba Ndjakomba ta makomi.» Na bea batingami basusu bamokinaka ko batiaka.,"Mais tout cela est arrivé afin que les écrits des prophètes fussent accomplis. Alors tous les disciples labandonnèrent, et prirent la fuite."
MAT.26.57,"Bato ibapeaka Yesu bakɛkɛ na nde adi Kaipa, mokondji o banganga ba Ndjakomba, oho baputoanaka balehi ba mobeko ko na basuku ba ngando.","Ceux qui avaient saisi Jésus lemmenèrent chez le souverain sacrificateur Caïphe, où les scribes et les anciens étaient assemblés."
MAT.26.58,Piɛlɛ adaka amokimane moobohali mbunoko ta ikanga i ndako e mokondji o banganga ba Ndjakomba. Akweaka ta ikanga i bopango ko adaka engbanga na basindjili tine boendja moda masukeake modjɔ momina.,"Pierre le suivit de loin jusquà la cour du souverain sacrificateur, y entra, et sassit avec les serviteurs, pour voir comment cela finirait."
MAT.26.59,"Bakondji ba banganga ba Ndjakomba ko bato basusu ba ibolea inɛnɛ i basuku ba bayuda, bahombaka enɔeli nongo bobe bomɔti tina e Yesu, bɛngi bamolenee etumbo e bogwa.","Les principaux sacrificateurs et tout le sanhédrin cherchaient quelque faux témoignage contre Jésus, suffisant pour le faire mourir."
MAT.26.60,"Endolo baiediaka, nongokobea bato banɛnɛ baduaka bopa pundi inɛnɛ ibe tina e nde . Na bea bato babae baduaka.","Mais ils nen trouvèrent point, quoique plusieurs faux témoins se fussent présentés. Enfin, il en vint deux, qui dirent:."
MAT.26.61,ko babalaka: «Moto iyo abalaki: Nadi bobuka tepelo ye e Ndjakomba ko boetonga na masu masato. ».,"Celui-ci a dit: Je puis détruire le temple de Dieu, et le rebâtir en trois jours."
MAT.26.62,Mokondji o banganga ba Ndjakomba aongɔkɔ ko abalaka na Yesu: «Otasɔmbedjaka nongo kɔpi ta midjɔ mabalaka bato ibi bobe tina e wɛ?».,"Le souverain sacrificateur se leva, et lui dit: Ne réponds-tu rien? Quest-ce que ces hommes déposent contre toi?."
MAT.26.63,"Endolo Yesu adaka oko bogo. Na bea mokondji o banganga ba Ndjakomba abalaka na nde: «Ta kombe e Ndjakomba o bomɔ, nohɔdjɔkɔ olotɔndee: odi Kilito, Mwana o Ndjakomba?».","Jésus garda le silence. Et le souverain sacrificateur, prenant la parole, lui dit: Je tadjure, par le Dieu vivant, de nous dire si tu es le Christ, le Fils de Dieu."
MAT.26.64,Yesu amosɔmbedjaka: «Wɛ moto obali. Endolo nabalaka na nu: donga edɛdi wenɛke Mwana o Moto bokadaa ta ebɔ e bami e Ndjakomba o sueya; odini boenɛ pongono bodua ta matute ta busa .».,"Jésus lui répondit: Tu las dit. De plus, je vous le déclare, vous verrez désormais le Fils de lhomme assis à la droite de la puissance de Dieu, et venant sur les nuées du ciel."
MAT.26.65,Na bea mokondji o banganga ba Ndjakomba alakaka bisendja bi nde ko abalaka: «Asingi Ndjakomba! Loditi naikina na posa e batemo! Okini no bɛnɛ bosinga bosasingayo Ndjakomba!.,"Alors le souverain sacrificateur déchira ses vêtements, disant: Il a blasphémé! Quavons-nous encore besoin de témoins? Voici, vous venez dentendre son blasphème. Que vous en semble?."
MAT.26.66,Alɛdjɛkɛno naikina nde?» Basɔmbedjaka: «Aboani na etumbo e bogwa.».,Ils répondirent: Il mérite la mort.
MAT.26.67,"Na bea bamotsueaka masɔi ta boso ko bamɔti bamoindaka mabɔtu, bakina bamobomaka bipapata.","Là-dessus, ils lui crachèrent au visage, et lui donnèrent des coups de poing et des soufflets en disant:."
MAT.26.68,"Bamotaaka: «Kilito, elɛ bonganga! Osoboma nda!».","Christ, prophétise; dis-nous qui ta frappé."
MAT.26.69,"Ta ehole emina piɛlɛ adaka sokolu ta ikanga i bopango. Mosali mwali omɔti abatamaka mbuti na nde ko abalaka: «Wɛ pongono, odaki engbanga na Yesu, moto yona o Galilea.».","Cependant, Pierre était assis dehors dans la cour. Une servante sapprocha de lui, et dit: Toi aussi, tu étais avec Jésus le Galiléen."
MAT.26.70,Endolo Piɛlɛ ainganaka ta boso bo bato basusu ko abalaka: «Natadjebaka meako mapalaka wɛ bobala na mbi.».,"Mais il le nia devant tous, disant: Je ne sais ce que tu veux dire."
MAT.26.71,Yana adaka Piɛlɛ bokɛ ta pamba e ekukɛ e i kanga i bopango. Mosali okina amoenɛkɛ ko abalaka na bato ibadaka ena: «Moto iyo adaki na Yesu moto o Nasaleta.».,"Comme il se dirigeait vers la porte, une autre servante le vit, et dit à ceux qui se trouvaient là; Celui-ci était aussi avec Jésus de Nazareth."
MAT.26.72,"Piɛlɛ ainganaka naikina na bobhɛlɛ bhɛli: «Nabalaka soti, natadjebaka moto omina!».","Il le nia de nouveau, avec serment: Je ne connais pas cet homme."
MAT.26.73,"Ngɔngɔ i moehole, bato ibadaka ena babatamaka mbuti na Piɛlɛ ko babalaka: «Edi soti, odi omɔti o bobo: moda mabalaka wɛ, moinedjaka pamba edongi wɛ.».","Peu après, ceux qui étaient là, sétant approchés, dirent à Pierre: Certainement tu es aussi de ces gens-là, car ton langage te fait reconnaître."
MAT.26.74,"Na bea Piɛlɛ asabhɛleaka bhɛli: «Kina boo Ndjakomba apɛni etumbo ekada boo nakosaka! Nasabhɛlei, natadjebaka moto yo!» Oko ta ehole emina, kɔkɔ akɔkɔlɔkɔ.",Alors il se mit à faire des imprécations et à jurer: Je ne connais pas cet homme. Aussitôt le coq chanta.
MAT.26.75,"Na bea Piɛlɛ alɛdjɛkɛ mibalo mimobaleaka Yesu: «Boso boo kɔkɔ akɔkɔle, winganeakeni mbala isato.» Aimanaka ko ayeaka mɛnɛ.","Et Pierre se souvint de la parole que Jésus avait dite: Avant que le coq chante, tu me renieras trois fois. Et étant sorti, il pleura amèrement."
MAT.27.1,"Ehole eya busa, ta modjukakeli, bakondji basusu ba banganga ba Ndjakomba ko na basuku ba ngando batombaka meko e boowa Yesu.","Dès que le matin fut venu, tous les principaux sacrificateurs et les anciens du peuple tinrent conseil contre Jésus, pour le faire mourir."
MAT.27.2,Bamonangaka mbɔti ko bakɛkɛ na nde adi gupɛnɛlɛ Pilato.,"Après lavoir lié, ils lemmenèrent, et le livrèrent à Ponce Pilate, le gouverneur."
MAT.27.3,"Yudasi mokabi, aokaka boo Yesu bamoleneaka etumbo e bogwa. Aokaka bokɛsɛdji bonɛnɛ ta molema ko akɛkɛ bosɔmbedja palanga djia i bibende tuku isato adi bakondji ba banganga ba Ndjakomba ko na basuku ba ngando.","Alors Judas, qui lavait livré, voyant quil était condamné, se repentit, et rapporta les trente pièces dargent aux principaux sacrificateurs et aux anciens."
MAT.27.4,"Abalaka na bu: «Nakɔi pekato, nakabi moto odi pɛ bokɔ bobe ta bogwa!» Endolo bamosɔmbedjaka: «Mo biso nda! Endji wɛ mɛnɛ!».","en disant: Jai péché, en livrant le sang innocent. Ils répondirent: Que nous importe? Cela te regarde."
MAT.27.5,"Yudasi adumbaka palanga imina ta tepelo ngɔngɔ akɛkɛ, bosakoma.","Judas jeta les pièces dargent dans le temple, se retira, et alla se pendre."
MAT.27.6,"Bakondji ba banganga ba Ndjakomba baandoaka palanga ko babalaka: «Mobeko mo biso motapaka enɔeli e boisa palanga dji ta nguku e tepelo, tengasa idi palanga i makia.».","Les principaux sacrificateurs les ramassèrent, et dirent: Il nest pas permis de les mettre dans le trésor sacré, puisque cest le prix du sang."
MAT.27.7,"Ngɔngɔ baputoanaka ikita ko badimanaka boo basombe na palanga imina, gbie adi moyoi o poke, tine boimedja gbie emina ikila i bakɛndɛli.","Et, après en avoir délibéré, ils achetèrent avec cet argent le champ du potier, pour la sépulture des étrangers."
MAT.27.8,"Na tina emina, gbie emina ebeamaka «gbie e makia» mbunoko busa bu.","Cest pourquoi ce champ a été appelé champ du sang, jusquà ce jour."
MAT.27.9,"Na bea ekokedjamaka mibalo mi mbaeli o Ndjakomba Yilimeya: «Batombaka palanga i bibende tuku isato, motuya moemeaka bana ba Isalɛlɛ.","Alors saccomplit ce qui avait été annoncé par Jérémie, le prophète: Ils ont pris les trente pièces dargent, la valeur de celui qui a été estimé, quon a estimé de la part des enfants dIsraël;."
MAT.27.10,"ko basombaka na yu gbie e moyoi o poke, elenge moda mobaleakani Kumu.».","et ils les ont données pour le champ du potier, comme le Seigneur me lavait ordonné."
MAT.27.11,Yesu asambaka ta boso bo gupɛnɛlɛ. Amohɔdjɔkɔ: «Odi mokondji o bayuda?» Yesu asɔmbedjaka: «Wɛ obali.».,"Jésus comparut devant le gouverneur. Le gouverneur linterrogea, en ces termes: Es-tu le roi des Juifs? Jésus lui répondit: Tu le dis."
MAT.27.12,"Ehole emopundaka bakondji ba banganga ba Ndjakomba ko basuku ba ngando, Yesu aisɔmbedjaka nongo eka.",Mais il ne répondit rien aux accusations des principaux sacrificateurs et des anciens.
MAT.27.13,"Na bea, Pilato abalaka na nde: «Otokaka pundi isusu i balakabo tina e wɛ?».",Alors Pilate lui dit: Nentends-tu pas de combien de choses ils taccusent?.
MAT.27.14,"Endolo Yesu aisɔmbedjaka nongo kɔpi, na bea modjɔ momina mokamodjaka gupɛnɛlɛ mɛnɛ.","Et Jésus ne lui donna de réponse sur aucune parole, ce qui étonna beaucoup le gouverneur."
MAT.27.15,"Ta engi tɛkɛ e pasika, gupɛnɛlɛ adaka na elama e boimedja mobɔlɔkɔ omɔti, yona opalaka bato banɛnɛ bohɔ.","A chaque fête, le gouverneur avait coutume de relâcher un prisonnier, celui que demandait la foule."
MAT.27.16,"Enakobea, edaka ta ehole emina mobɔlɔkɔ omɔti odjebamaka na kombe e Balabase .","Ils avaient alors un prisonnier fameux, nommé Barabbas."
MAT.27.17,Na bea Pilato ahɔdjɔkɔ emumu eputoanaka: «Wapalakano notungoeni nda: Balabase kaoko Yesu okabeebo Kilito?».,"Comme ils étaient assemblés, Pilate leur dit: Lequel voulez-vous que je vous relâche, Barabbas, ou Jésus, quon appelle Christ?."
MAT.27.18,Tengasa Pilato adjebaka bopele boo bakabaka Yesu na ndjea e ikuwa.,Car il savait que cétait par envie quils avaient livré Jésus.
MAT.27.19,"Ehole edaka Pilato ta ndako e esambi, mwali o nde amolomeaka bwɛndi bu: «Pɛ bokwea ta modjɔ mo moto yona o bodjo, tengasa bulu bu, nayekeami mɛnɛ na ndjɔti ta tina e nde.».","Pendant quil était assis sur le tribunal, sa femme lui fit dire: Quil ny ait rien entre toi et ce juste; car aujourdhui jai beaucoup souffert en songe à cause de lui."
MAT.27.20,Bakondji ba banganga ba Ndjakomba ko basuku ba ngando bapangoaka bato banɛnɛ bosɛngɛ botingoa bo Balabase ko bowa Yesu.,"Les principaux sacrificateurs et les anciens persuadèrent à la foule de demander Barabbas, et de faire périr Jésus."
MAT.27.21,Gupɛnɛlɛ asɔmbɔkɔ naikina bobahɔdjɔ: «Ta ndanda e bato ibi babae wapalakano notingoeni nda?» Basɔmbedjaka na bogama: «Balabase!».,"Le gouverneur prenant la parole, leur dit: Lequel des deux voulez-vous que je vous relâche? Ils répondirent: Barabbas."
MAT.27.22,Pilato abahɔdjɔkɔ: «Nakɔe na Yesu okabee bo Kilito bo?» Bato basusu basɔmbedjaka: «Mobaka ta ekulusu!».,"Pilate leur dit: Que ferai-je donc de Jésus, quon appelle Christ? Tous répondirent: Quil soit crucifié!."
MAT.27.23,Pilato abahɔdjɔkɔ: «Bobe bokɔi yo nda?» Endolo bagamaka naikina na ngulu: «Mobaka ta ekulusu!».,Le gouverneur dit: Mais quel mal a-t-il fait? Et ils crièrent encore plus fort: Quil soit crucifié!.
MAT.27.24,"Ehole enɛkɛ Pilato boo aidaka na eka ekina e bokɔ, endolo djenge ehɛkɛ oko bohɛ, atombaka madiba, asosaka mɔmɔ ta boso bo emumu e bato ko abalaka: «Makia ma moto iyo matabakamake ta molo mo mbi! Edi modjɔ mo bino bɛnɛ!».","Pilate, voyant quil ne gagnait rien, mais que le tumulte augmentait, prit de leau, se lava les mains en présence de la foule, et dit: Je suis innocent du sang de ce juste. Cela vous regarde."
MAT.27.25,Bato basusu basɔmbedjaka: «Kinabo makia ma nde madae ta diko i biso ko ta diko i bana ba biso!».,Et tout le peuple répondit: Que son sang retombe sur nous et sur nos enfants!.
MAT.27.26,Na bea Pilato atingoaka Balabase; akɛsedjaka Yesu mbalake ko abapaka tine bamobake ta ekulusu.,"Alors Pilate leur relâcha Barabbas; et, après avoir fait battre de verges Jésus, il le livra pour être crucifié."
MAT.27.27,Basoda ba Pilato batombaka Yesu ta ndako e mokondji ko basoda banɛnɛ baputoanaka mbuti na nde.,"Les soldats du gouverneur conduisirent Jésus dans le prétoire, et ils assemblèrent autour de lui toute la cohorte."
MAT.27.28,Baihwaka bisendja bi nde ko bamolwadjaka mokoto mokpɛtu.,"Ils lui ôtèrent ses vêtements, et le couvrirent dun manteau écarlate."
MAT.27.29,Bayoaka egbala e ndjubɛ ko baebakeaka ta molo mo nde ko bamopedjaka mososongo ta ebɔ e nde e bami. Bakwaka magbundɔ ta boso bo nde ko bamosɛkɛkɛ na bobala: «Mokondji o bayuda bwandae!».,"Ils tressèrent une couronne dépines, quils posèrent sur sa tête, et ils lui mirent un roseau dans la main droite; puis, sagenouillant devant lui, ils le raillaient, en disant: Salut, roi des Juifs!."
MAT.27.30,"Bamotueyaka masɔi, batombaka mososongo ko baimeaka bomoboma ta molo.","Et ils crachaient contre lui, prenaient le roseau, et frappaient sur sa tête."
MAT.27.31,"Ngɔngɔ i bomosɛkɛ, bamoiwaka mokoto, bamolwadjaka naikina bisendja bi nde ko bakɛkɛ na nde tine bomobaka ta ekulusu.","Après sêtre ainsi moqués de lui, ils lui ôtèrent le manteau, lui remirent ses vêtements, et lemmenèrent pour le crucifier."
MAT.27.32,"Ta boima bo ibonga, basakanaka na momi omɔti o ngando Kulɛnɛ, obeakabo Simo; basoda bamotombedjaka na ngulu ekulusu e Yesu.","Lorsquils sortirent, ils rencontrèrent un homme de Cyrène, appelé Simon, et ils le forcèrent à porter la croix de Jésus."
MAT.27.33,"Baimeaka ta polo ebeakabo Gologota, etingodjaka «Polo e egɔgɔlɔ e molo.».","Arrivés au lieu nommé Golgotha, ce qui signifie lieu du crâne."
MAT.27.34,"Oho bapaka Yesu mana ma vino mabongoanedjakabo na kasa i boyo; ngɔngɔ i bomameka, alonaka bomamwaka.","ils lui donnèrent à boire du vin mêlé de fiel; mais, quand il leut goûté, il ne voulut pas boire."
MAT.27.35,"Na bea bamobakaka ta ekulusu. Ngɔngɔ, babomaka djonga tine bakabana bisendja bi nde.","Après lavoir crucifié, ils se partagèrent ses vêtements, en tirant au sort, afin que saccomplît ce qui avait été annoncé par le prophète: Ils se sont partagé mes vêtements, et ils ont tiré au sort ma tunique."
MAT.27.36,Na bea badaka ena tine bomobanea.,"Puis ils sassirent, et le gardèrent."
MAT.27.37,"Ta diko i molo mo nde, babakaka ikomi iinedjaka tina e etumbo e nde: «Moto iyo adi Yesu, mokondji o bayuda.».","Pour indiquer le sujet de sa condamnation, on écrivit au-dessus de sa tête: Celui-ci est Jésus, le roi des Juifs."
MAT.27.38,"Batɔmbi babae bia ibabakamaka ta ekulusu engbanga na Yesu, omɔti ta ebɔ e bami ko okina ta ebɔ e bali.","Avec lui furent crucifiés deux brigands, lun à sa droite, et lautre à sa gauche."
MAT.27.39,Bato ibadaka banɔe na ndjea bamosingaka eni bagbɔkee melo.,"Les passants linjuriaient, et secouaient la tête."
MAT.27.40,"Babalaka: «Wɛ moto opalaki bobuka tepelo ko boetonga na masu masato, saheledja wɛ mɛnɛ! Okada Mwana o Ndjakomba tita ta ekulusu!».","en disant: Toi qui détruis le temple, et qui le rebâtis en trois jours, sauve-toi toi-même! Si tu es le Fils de Dieu, descends de la croix!."
MAT.27.41,"Bakondji ba banganga ba Ndjakomba, balehi ba mobeko ko na basuku ngando, ibo basusu badaka bataa Yesu ko babalaka:.","Les principaux sacrificateurs, avec les scribes et les anciens, se moquaient aussi de lui, et disaient:."
MAT.27.42,"«Aheledjeka bato bakina, endolo aboaniti bosaheledja yo mɛnɛ! Akadaa mokondji o Isalɛlɛ, atite ta ekulusu edɛdi bɛngi lomodimee!.","Il a sauvé les autres, et il ne peut se sauver lui-même! Sil est roi dIsraël, quil descende de la croix, et nous croirons en lui."
MAT.27.43,"Aisaka malɛi ma nde adi Ndjakomba ko adaka bobala: Mbi, nadi Mwana o Ndjakomba. Ekadakobea, Ndjakomba amopalaka, amekemoheledja edɛdi!».","Il sest confié en Dieu; que Dieu le délivre maintenant, sil laime. Car il a dit: Je suis Fils de Dieu."
MAT.27.44,Ko batɔmbi ibabakakabo ta ekulusu engbanga na nde ibo pongono bamosingaka oko moda mua.,"Les brigands, crucifiés avec lui, linsultaient de la même manière."
MAT.27.45,"Bobanga midi, modidi modaka ta ngondo esusu ko mbunoko bokimana ehole e basato ngɔngɔ i midi.","Depuis la sixième heure jusquà la neuvième, il y eut des ténèbres sur toute la terre."
MAT.27.46,"Bokimana mbuti na ehole e basato, Yesu agamaka na ngulu: «Eloi, Eloi, lema sakabatani?» Etingodji «Ndjakomba o mbi, Ndjakomba o mbi, tina ndani okinini?».","Et vers la neuvième heure, Jésus sécria dune voix forte: Éli, Éli, lama sabachthani? cest-à-dire: Mon Dieu, mon Dieu, pourquoi mas-tu abandonné?."
MAT.27.47,"Ta tei e bato ibaemaka ena, bamokaka ko baimeaka bobala: «Abeaka Elia!».","Quelques-uns de ceux qui étaient là, layant entendu, dirent: Il appelle Élie."
MAT.27.48,"Mbala emɔti, omɔti apotaka botomba imbusu, aidubeaka ta vino engayi ko aenangaka ta sɔngɔ e mososongo, ngɔngɔ aepaka Yesu bɛngi aemwake.","Et aussitôt lun deux courut prendre une éponge, quil remplit de vinaigre, et, layant fixée à un roseau, il lui donna à boire."
MAT.27.49,"Endolo bakina babalaka: «Amba, loendjeni kaoko Elia aduake bomoheledja!».","Mais les autres disaient: Laisse, voyons si Élie viendra le sauver."
MAT.27.50,Yesu agamaka naikina na ngulu ko ayanedjaka mwembo.,"Jésus poussa de nouveau un grand cri, et rendit lesprit."
MAT.27.51,"Oko ta ehole emina, esendja esɛpeakabo ta tepelo ealeaka bodonga odiko mbunoko na se. Kpɔtɔ ikumanaka, mabanga maaleanaka.","Et voici, le voile du temple se déchira en deux, depuis le haut jusquen bas, la terre trembla, les rochers se fendirent."
MAT.27.52,makila madipoamaka ko basɛnɔke banɛnɛ ibagwaka basɔmbɔkɔ ta bomɔ.,"les sépulcres souvrirent, et plusieurs corps des saints qui étaient morts ressuscitèrent."
MAT.27.53,"Baimaka ta makila ko ngɔngɔ i bopusoa bo Yesu, bakweaka ta Yelusalɛmɛ, ibonga isɛnɔke ko basenɛmedjaka na bato banɛnɛ.","Étant sortis des sépulcres, après la résurrection de Jésus, ils entrèrent dans la ville sainte, et apparurent à un grand nombre de personnes."
MAT.27.54,"Kapitɛne o basoda ba Loma engbanga na basoda ibadaka bobanea Yesu, yana baenɛkɛ bokumana bo kpɔtɔ ko midjɔ misusu iminɔmɔkɔ, baimeaka na bɔɔ bonɛnɛ ko babalaka: «Adaki mɛnɛ Mwana o Ndjakomba!».","Le centenier et ceux qui étaient avec lui pour garder Jésus, ayant vu le tremblement de terre et ce qui venait darriver, furent saisis dune grande frayeur, et dirent: Assurément, cet homme était Fils de Dieu."
MAT.27.55,Bali banɛnɛ daka oho ko baendjaka bohali: ibakimanaka Yesu donga ta Galilea tine bomokɔmedja.,"Il y avait là plusieurs femmes qui regardaient de loin; qui avaient accompagné Jésus depuis la Galilée, pour le servir."
MAT.27.56,"Ta ndanda e bali bamina, edaka na Malia, moto o ngando e Magadala, Malia, nange e Djake ko Esepu, ko nange e bana bami ba Djebede.","Parmi elles étaient Marie de Magdala, Marie, mère de Jacques et de Joseph, et la mère des fils de Zébédée."
MAT.27.57,"Ehole eimeaka mɔmɔkɔ, moto omɔti modieli o ngando e Alimatayo, aimeaka. Abeamaka na kombe e Esepu ko adaka pongono motingami o Yesu.","Le soir étant venu, arriva un homme riche dArimathée, nommé Joseph, lequel était aussi disciple de Jésus."
MAT.27.58,Akɛkɛ botaneana na Pilato ko amohɔdjɔkɔ mokuku mo Yesu. Na bea Pilato apaka ndjea e bopa mokuku mo Yesu adi Esepu.,"Il se rendit vers Pilate, et demanda le corps de Jésus. Et Pilate ordonna de le remettre."
MAT.27.59,"Esepu atombaka mokuku mo Yesu, amodingaka na mbendja esɛnɔke e motuya monɛnɛ.","Joseph prit le corps, lenveloppa dun linceul blanc."
MAT.27.60,ko amosambeaka ta ikila i nde yo mɛnɛ itɔkɔbo ta ibanga. Ahilingodjaka ibanga igbɔgbɔ tine bodipa ekweeli e ikila. Ngɔngɔ akɛkɛ.,"et le déposa dans un sépulcre neuf, quil sétait fait tailler dans le roc. Puis il roula une grande pierre à lentrée du sépulcre, et il sen alla."
MAT.27.61,"Malia Magadala ko Malia ekina badaka ena, bayɛli ikila.","Marie de Magdala et lautre Marie étaient là, assises vis-à-vis du sépulcre."
MAT.27.62,"Aya busa, edaka busa ibokimanaka busa bo bobɔngedjama bo sabata, bakondji ba banganga ba Ndjakomba ko na bapalusai bakɛkɛ adi Pilato.","Le lendemain, qui était le jour après la préparation, les principaux sacrificateurs et les pharisiens allèrent ensemble auprès de Pilate."
MAT.27.63,"Babalaka na nde: «Tata mokondji, losɔmbedji malɛi adi moto iyo oboloa, ehole edaka yo adi mɔ, abalaka: Nasɔmbɔke ta bomɔ, ngɔngɔ i masu masato.","et dirent: Seigneur, nous nous souvenons que cet imposteur a dit, quand il vivait encore: Après trois jours je ressusciterai."
MAT.27.64,"Na bea pa ndjea boo babanee bopele ikila imina mbunoko ta isu i basato. Esakada boo batingami ba nde, badue, boiba mokuku mo nde ko bobala naikina adi bato: Apusoi ta tei e bago. Boloabu, bosakanɔ bo boso.».","Ordonne donc que le sépulcre soit gardé jusquau troisième jour, afin que ses disciples ne viennent pas dérober le corps, et dire au peuple: Il est ressuscité des morts. Cette dernière imposture serait pire que la première."
MAT.27.65,"Pilato abalaka na bu: «Basoda bo bia, batombani ko kɛɛni bobanea ikila moda mapalakano.».","Pilate leur dit: Vous avez une garde; allez, gardez-le comme vous lentendrez."
MAT.27.66,Na bea bakɛkɛ boisa embete ta ibanga idaka ta ekweeli e ikila tine bobanea ikila bopele.,"Ils sen allèrent, et sassurèrent du sépulcre au moyen de la garde, après avoir scellé la pierre."
MAT.28.1,"Ngɔngɔ i isu i sabata, ehuma e busa bo eyenga, Malia o ngando e Magadala ko na Malia ekina bakɛkɛ boendja ikila.","Après le sabbat, à laube du premier jour de la semaine, Marie de Magdala et lautre Marie allèrent voir le sépulcre."
MAT.28.2,"Mbala emɔti, kpɔtɔ ikumanaka na ngulu; obwɛndji o Kumu atitaka ta busa, ahilingodjaka ibanga ko adaka ta diko i du.","Et voici, il y eut un grand tremblement de terre; car un ange du Seigneur descendit du ciel, vint rouler la pierre, et sassit dessus."
MAT.28.3,Moda mo nde modaka elenge bongɛsɛ bo mokaikai ko bisendja bi nde bidaka bipu ipɛɛ elenge mamwɛ ma mbuwa.,"Son aspect était comme léclair, et son vêtement blanc comme la neige."
MAT.28.4,Basoda baimeaka na bɔɔ bonɛnɛ mbunoko boimea elenge bato bago.,"Les gardes tremblèrent de peur, et devinrent comme morts."
MAT.28.5,"Endolo obwɛndji abalaka na bali: «Pɛ bobangani. Nadjebaka boo wahombakani Yesu, yona obakakabo ta ekulusu.","Mais lange prit la parole, et dit aux femmes: Pour vous, ne craignez pas; car je sais que vous cherchez Jésus qui a été crucifié."
MAT.28.6,"Aditi naikina iya, apusoi oko elenge abalakayo. Duani, endjani polo emoisakabo.","Il nest point ici; il est ressuscité, comme il lavait dit. Venez, voyez le lieu où il était couché."
MAT.28.7,"Na bea kɛni pɛpɛlɛ botɔndea batingami ba nde boo apusoi ta tei e bago ko akɛi boambani ta Galilea, wamoenɛkeni oho. Endjani bwɛndi bopalaki mbi bobala na nu.».","et allez promptement dire à ses disciples quil est ressuscité des morts. Et voici, il vous précède en Galilée: cest là que vous le verrez. Voici, je vous lai dit."
MAT.28.8,"Badongaka pɛpɛlɛ ta ikila, balumaka na bɔɔ ko na mongandi monɛnɛ, bapotaka tine bopa bwɛndi adi batingami ba nde.","Elles séloignèrent promptement du sépulcre, avec crainte et avec une grande joie, et elles coururent porter la nouvelle aux disciples."
MAT.28.9,"Mbala emɔti, Yesu aduaka tine bosakana na bu ko abalaka: «Ndese e bino yena e!» Babatamaka mbuti na nde, bapeaka mako ma nde ko bamokumedjaka.","Et voici, Jésus vint à leur rencontre, et dit: Je vous salue. Elles sapprochèrent pour saisir ses pieds, et elles se prosternèrent devant lui."
MAT.28.10,Yesu abalaka na bu: «Pɛ bobangani. Kɛni bobala adi bange i mbi bakɛ ta Galilea: edi oho baenɛkeni.».,Alors Jésus leur dit: Ne craignez pas; allez dire à mes frères de se rendre en Galilée: cest là quils me verront.
MAT.28.11,"Yana adakabo na ndjea, ekenge ekina e basoda ibadaka tine bobanea ikila basɔmbɔkɔ ta ibonga ko batɔndeaka bakondji ba banganga ba Ndjakomba, midjɔ misusu imimeaka.","Pendant quelles étaient en chemin, quelques hommes de la garde entrèrent dans la ville, et annoncèrent aux principaux sacrificateurs tout ce qui était arrivé."
MAT.28.12,Bakondji ba banganaga ba Ndjakomba baputoanaka engbanga na basuku ba ngando ta ikita: ngɔngɔ i bodimeana bopaka palanga inɛnɛ adi basoda.,"Ceux-ci, après sêtre assemblés avec les anciens et avoir tenu conseil, donnèrent aux soldats une forte somme dargent."
MAT.28.13,ko babalaka na bu: «Balani na bato: batingami ba moto omina baduaki boiba mokuku mo nde na bulu ehole edakiso lohwɛli.,"en disant: Dites: Ses disciples sont venus de nuit le dérober, pendant que nous dormions."
MAT.28.14,"Ko ekadabo gupɛnɛlɛ aoki modjɔ momina, iso bɛnɛ lamopangoake bɛngi odaeni pɛ bodiani lindo.».","Et si le gouverneur lapprend, nous lapaiserons, et nous vous tirerons de peine."
MAT.28.15,"Basoda batombaka palanga ko badimaka simbisi ibapakabo. Nongokobea, gala emina enanganaka ta tei e bayuda mbunoko busa bu.","Les soldats prirent largent, et suivirent les instructions qui leur furent données. Et ce bruit sest répandu parmi les Juifs, jusquà ce jour."
MAT.28.16,"Batingami domi na omɔti bakɛkɛ ta Galilea, ta ikoli ibatɔndeaka Yesu.","Les onze disciples allèrent en Galilée, sur la montagne que Jésus leur avait désignée."
MAT.28.17,"Ehole emoenɛkɛbo, bamokumedjaka; bakina ta tei e bobo, badaka na kitɛ.","Quand ils le virent, ils se prosternèrent devant lui. Mais quelques-uns eurent des doutes."
MAT.28.18,Yesu abatamaka mbuti na bu ko abalaka: «Bokondji bosusu bopami na mbi donga ta busa mbunoko ta ngondo.,"Jésus, sétant approché, leur parla ainsi: Tout pouvoir ma été donné dans le ciel et sur la terre."
MAT.28.19,"Na bea kɛɛni, adi bato basusu ba bikomi bi ngondo ko baimedjani batingami ba mbi; bainani ta kombe e Sango, na Mwana ko na Mwembo Mosɛnɔke.","Allez, faites de toutes les nations des disciples, les baptisant au nom du Père, du Fils et du Saint-Esprit."
MAT.28.20,Balehani boo babanee simbisi isusu iopakani mbi. Ko djebani boo nadi na nu masu masusu mbunoko ta suka e ngondo.».,"et enseignez-leur à observer tout ce que je vous ai prescrit. Et voici, je suis avec vous tous les jours, jusquà la fin du monde."
MRK.1.1,"Mbangi e Bwɛndi Bopele bo Yesu Kilito, Mwana o Ndjakomba .","Commencement de lÉvangile de Jésus-Christ, Fils de Dieu."
MRK.1.2,"elenge ekomama ta buku e mbaeli o Ndjakomba Isaya: «Nalomake moto o mbi o elomu boso bo wɛ, tine bobɔngedja ndjea.","Selon ce qui est écrit dans Ésaïe, le prophète: Voici, jenvoie devant toi mon messager, Qui préparera ton chemin;."
MRK.1.3,"Edi yona adumbeaka ta etengelenge: Bɔngedjani ndjea e Kumu, ninodjani ndjea e nde bodjo. ».","Cest la voix de celui qui crie dans le désert: Préparez le chemin du Seigneur, Aplanissez ses sentiers."
MRK.1.4,"Na bea, Yoane adaka ta etengelenge; ko adaka adumbea. Hombedjani milema mi bino, inamani, bɛngi Ndjakomba aoyɛni mabe ma bino!.","Jean parut, baptisant dans le désert, et prêchant le baptême de repentance, pour la rémission des péchés."
MRK.1.5,Bato basusu ba mokpɔtɔ mo Yudea ko ba Yelusalɛmɛ bakɛkɛ adi yo; badimaka bohu mabe ma bobo ko Yoane abainaka ta duwa e Yolodane.,"Tout le pays de Judée et tous les habitants de Jérusalem se rendaient auprès de lui; et, confessant leurs péchés, ils se faisaient baptiser par lui dans le fleuve du Jourdain."
MRK.1.6,Yoane alwaka esendja etonga bo na ngungi i tito o kamela ko na mosenge mopipo ta bongo bo nde ; adaka boyaka ndoko ko na pɔki i esika.,"Jean avait un vêtement de poils de chameau, et une ceinture de cuir autour des reins. Il se nourrissait de sauterelles et de miel sauvage."
MRK.1.7,Adaka botɔndea bato: «Yona aduake ngɔngɔ i mbi anɔini na sueya; naboaniti bosunama tine bolodja ngɔli i sapato i nde.,"Il prêchait, disant: Il vient après moi celui qui est plus puissant que moi, et je ne suis pas digne de délier, en me baissant, la courroie de ses souliers."
MRK.1.8,"Mbi, noinakani na madiba, endolo yo, aonabini na Mwembo Mosɛnɔke.».","Moi, je vous ai baptisés deau; lui, il vous baptisera du Saint-Esprit."
MRK.1.9,"Na bea, Yesu ahulaka ta Nasaleta, ibonga i Galilea ko ainamaka na Yoane ta duwa e Yolodane.","En ce temps-là, Jésus vint de Nazareth en Galilée, et il fut baptisé par Jean dans le Jourdain."
MRK.1.10,"Ta boduboa bo nde ta madiba, aenɛ busa bodipoama ko Mwembo Mosɛnɔke atita adi yo elenge embenga.","Au moment où il sortait de leau, il vit les cieux souvrir, et lEsprit descendre sur lui comme une colombe."
MRK.1.11,Ko kɔpi eokamaka donga ta busa: «Odi mwana o mbi oepaeli; nasepi na wɛ mɛnɛ .».,"Et une voix fit entendre des cieux ces paroles: Tu es mon Fils bien-aimé, en toi jai mis toute mon affection."
MRK.1.12,"Na mbala emɔti, Mwembo amolomaka ta etengelenge.","Aussitôt, lEsprit poussa Jésus dans le désert."
MRK.1.13,Yesu adikamaka oho masu tuku inɛi ko amekamaka na satana. Adaka na tito ba esika ko babwɛndji bamokɔmedjaka.,"où il passa quarante jours, tenté par Satan. Il était avec les bêtes sauvages, et les anges le servaient."
MRK.1.14,"Ngɔngɔ i boisa Yoane ta bɔlɔkɔ , Yesu akɛkɛ ta Galilea; alehaka Bwɛndi Bopele bo Ndjakomba.","Après que Jean eut été livré, Jésus alla dans la Galilée, prêchant lÉvangile de Dieu."
MRK.1.15,"Ko adaka abala: «Ehole eboani, ko bokumu bo Ndjakomba bobatami! Sɔmbɔtɔnɔni milema ko dimani Bwɛndi Bopele!».","Il disait: Le temps est accompli, et le royaume de Dieu est proche. Repentez-vous, et croyez à la bonne nouvelle."
MRK.1.16,"Busa bomɔti, Yesu anɔkɔ ta mokula mo ibeke ibonga i Galilea. Ena aenɛkɛ baowoi babae ba swi, Simo na Andele, ibadaka badumba midjanga mi bobo ta ibeke.","Comme il passait le long de la mer de Galilée, il vit Simon et André, frère de Simon, qui jetaient un filet dans la mer; car ils étaient pêcheurs."
MRK.1.17,Yesu abalaka na bu: «Kimanini ko noimedjakeni bahombi ba bato.».,"Jésus leur dit: Suivez-moi, et je vous ferai pêcheurs dhommes."
MRK.1.18,"Na mbala emɔti, bakinaka midjanga mi bobo ko bamokimanaka.","Aussitôt, ils laissèrent leurs filets, et le suivirent."
MRK.1.19,"Yesu asadaledjaka moohali ko aenɛkɛ Djake na mwange e nde Yoane, bana ba Djebede, ibadaka pongono ta bwato, babɔngedja midjanga mi bobo.","Étant allé un peu plus loin, il vit Jacques, fils de Zébédée, et Jean, son frère, qui, eux aussi, étaient dans une barque et réparaient les filets."
MRK.1.20,Na mbala emɔti Yesu ababeaka; bakinaka sange e bobo Djebede ta bwato na basali; ko bakɛkɛ na Yesu.,"Aussitôt, il les appela; et, laissant leur père Zébédée dans la barque avec les ouvriers, ils le suivirent."
MRK.1.21,"Yesu na batingami ba nde bakɛkɛ ta ibonga i Kapalanauma. Ta busa bo sabata, Yesu akweaka ta sinagoga ko abangaka boleha.","Ils se rendirent à Capernaüm. Et, le jour du sabbat, Jésus entra dabord dans la synagogue, et il enseigna."
MRK.1.22,Bato i bamohokamedjaka bakamoaka na mondumba mo boleha bo nde; tengasa alehaka elenge moto odi na kpatsi endolo te elenge balehi ba mobeko.,"Ils étaient frappés de sa doctrine; car il enseignait comme ayant autorité, et non pas comme les scribes."
MRK.1.23,"Na bea, ta sinagoga, momi omɔti atungeamaka na mwembo mobe. Alɛbɛkɛ:.","Il se trouva dans leur synagogue un homme qui avait un esprit impur, et qui sécria:."
MRK.1.24,"«Yesu o Nasaleta, tina ndani okwɛi ta midjɔ mi biso? Odoi tine bolowa? Nodjebaka bopele mɛnɛ: Mosɛnɔke olomama na Ndjakomba!».","Quy a-t-il entre nous et toi, Jésus de Nazareth? Tu es venu pour nous perdre. Je sais qui tu es: le Saint de Dieu."
MRK.1.25,Yesu amogameaka ko abalaka: «Pɔpɔnɔ ko ima adi momi yo!».,"Jésus le menaça, disant: Tais-toi, et sors de cet homme."
MRK.1.26,Mwembo mobe mopukusaka momi omina na ngulu mɛnɛ ko moimaka na bolɛbɛ.,"Et lesprit impur sortit de cet homme, en lagitant avec violence, et en poussant un grand cri."
MRK.1.27,Bato basusu bakamoaka ko basahɔdjɔkɔ: «Iye nde! Eleho eyanie alehamaka na kpatsi! Agameaka miembo mibe ko mimosumaka!».,"Tous furent saisis de stupéfaction, de sorte quils se demandaient les uns aux autres: Quest-ce que ceci? Une nouvelle doctrine! Il commande avec autorité même aux esprits impurs, et ils lui obéissent!."
MRK.1.28,Ko na mbala emɔti gala e Yesu enanganaka ta mabonga masusu ma Galilea.,Et sa renommée se répandit aussitôt dans tous les lieux environnants de la Galilée.
MRK.1.29,"Ta boima bo nde ta sinagoga, Yesu akɛkɛ na Djake engbanga na Yoane ta ndako e Simo ko Andele.","En sortant de la synagogue, ils se rendirent avec Jacques et Jean à la maison de Simon et dAndré."
MRK.1.30,"Bokiyo bo Simo adaka asambi ta bokaki, tengasa apekaka na pɛpɛlɛ; mbala emɔti bapaka Yesu gala tine e nde.","La belle-mère de Simon était couchée, ayant la fièvre; et aussitôt on parla delle à Jésus."
MRK.1.31,"Yesu abatamaka mbuti na nde, amopeaka ta ebɔ ko amangɔdjɔkɔ; pɛpɛlɛ esiaka na nde na bea asapaka tine bobakɔmedja.","Sétant approché, il la fit lever en lui prenant la main, et à linstant la fièvre la quitta. Puis elle les servit."
MRK.1.32,"Yana aimeaka mɔmɔkɔ, ngɔngɔ ibosama bo modakabusa, balwɛkɛ Yesu bato ba bipeko ko na bia ibadaka na miembo mibe.","Le soir, après le coucher du soleil, on lui amena tous les malades et les démoniaques."
MRK.1.33,Bato basusu ba ibonga badaka baboli ta boso bo ekukɛ e ndako.,Et toute la ville était rassemblée devant sa porte.
MRK.1.34,"Yesu aheledjaka bato banɛnɛ ba bipeko, ibadaka na biego tungu na tungu. Abenganaka miembo mibe minɛnɛ, aipaka miembo mibe ndjea e bobala, tengasa amidjebaka.","Il guérit beaucoup de gens qui avaient diverses maladies; il chassa aussi beaucoup de démons, et il ne permettait pas aux démons de parler, parce quils le connaissaient."
MRK.1.35,"Ehuma na hindihindi, angɔkɔ ko aimaka akɛkɛ ta etengelenge oho tine bongɔnɔ.","Vers le matin, pendant quil faisait encore très sombre, il se leva, et sortit pour aller dans un lieu désert, où il pria."
MRK.1.36,Simo engbanga na binande bamohombaka.,Simon et ceux qui étaient avec lui se mirent à sa recherche;.
MRK.1.37,"Ehole emoenɛbo, babalaka na nde: «Bato basusu bohombaka.».","et, quand ils leurent trouvé, ils lui dirent: Tous te cherchent."
MRK.1.38,"Endolo Yesu abasɔmbedjaka: «Lokɛni ta pamba ekina, ta mabonga ma mbuti mbuti. Na bea natungi nalehe Bwɛndi Bopele pongono oho, tengasa edi tina edua mbi.».","Il leur répondit: Allons ailleurs, dans les bourgades voisines, afin que jy prêche aussi; car cest pour cela que je suis sorti."
MRK.1.39,"Ko na bea, akɛkɛ ta ibonga i Galilea isusu; alehaka Bwɛndi Bopele ta sinagoga i bobo ko abenganaka miembo mibe.","Et il alla prêcher dans les synagogues, par toute la Galilée, et il chassa les démons."
MRK.1.40,"Moto omɔti o mabha aduaka adi Yesu, akwaka magbundɔ ko amongɔnɔkɔ: «Okapala, oboani bosɛnodjani!».","Un lépreux vint à lui; et, se jetant à genoux, il lui dit dun ton suppliant: Si tu le veux, tu peux me rendre pur."
MRK.1.41,"Yesu amokeaka ndjokwa ; aninodjaka ebɔ, amobɛndjɛkɛ ko abalaka: «Napali, sɛnoa!».","Jésus, ému de compassion, étendit la main, le toucha, et dit: Je le veux, sois pur."
MRK.1.42,"Na mbala emɔti, mabha masiaka na momi omina ko asɛnoaka.","Aussitôt la lèpre le quitta, et il fut purifié."
MRK.1.43,"Na mbala emɔti, Yesu amoyanedjaka, amosiaka;.","Jésus le renvoya sur-le-champ, avec de sévères recommandations."
MRK.1.44,"Ko abalaka na nde: «Pɛ botɔndea moto, endolo kɛ asinedje adi nganga o Ndjakomba ko pa ikabo tine bosɛnoa bo wɛ elenge ekoma Mose, adake tati ta tina e bobo .».","et lui dit: Garde-toi de rien dire à personne; mais va te montrer au sacrificateur, et offre pour ta purification ce que Moïse a prescrit, afin que cela leur serve de témoignage."
MRK.1.45,"Endolo yo, ta iyane i nde abalaka gala emina ta bisika bisusu, midjɔ mi moimeaka. Na tina emina, Yesu aibɔngɔkɔ bosinedja ta mabonga manɛnɛ; adikamaka sokolu ta etengelenge ko na bea bato baduaka adi yo.","Mais cet homme, sen étant allé, se mit à publier hautement la chose et à la divulguer, de sorte que Jésus ne pouvait plus entrer publiquement dans une ville. Il se tenait dehors, dans des lieux déserts, et lon venait à lui de toutes parts."
MRK.2.1,"Ngɔngɔ ibaasu, Yesu asɔmbɔkɔ ta ibonga i Kapalanauma, bato baokaka boo adi ta ndako.","Quelques jours après, Jésus revint à Capernaüm. On apprit quil était à la maison."
MRK.2.2,"Emumu e bato baputoanaka ena, na bea polo eidaka nongo ta ekukɛ e ndako ko Yesu abalehaka Bwɛndi Bopele.",et il sassembla un si grand nombre de personnes que lespace devant la porte ne pouvait plus les contenir. Il leur annonçait la parole.
MRK.2.3,Baduaka na momi ondɔ mako mosongamake na bami banɛi.,"Des gens vinrent à lui, amenant un paralytique porté par quatre hommes."
MRK.2.4,"Elenge adakabo pɛ bodia ndjea e boimea adi Yesu, tine emumu e bato. Bakundoaka ndonga e ndako ta polo edaka Yesu; ta ipose itɔ bo, batitedjaka momi ondɔ mako na bokaki ibosamaka yo.","Comme ils ne pouvaient laborder, à cause de la foule, ils découvrirent le toit de la maison où il était, et ils descendirent par cette ouverture le lit sur lequel le paralytique était couché."
MRK.2.5,"Ehole enɛkɛ Yesu bodima bo bobo, abalaka na etumbɛ: «Mwana o mbi, mabe ma wɛ mayɛmi.».","Jésus, voyant leur foi, dit au paralytique: Mon enfant, tes péchés sont pardonnés."
MRK.2.6,"Edaka ta polo emina, ekenge e balehi ba mobeko badaka balɛdjɛ ta milema:.","Il y avait là quelques scribes, qui étaient assis, et qui se disaient au-dedans deux:."
MRK.2.7,«Tina ndani abali bea? Asingi Ndjakomba. Oboani boyɛ mabe nda? Tengasa oko Ndjakomba yo mɛnɛ !».,"Comment cet homme parle-t-il ainsi? Il blasphème. Qui peut pardonner les péchés, si ce nest Dieu seul?."
MRK.2.8,"Yesu adjebaka na mbala emɔti ta mwembo mo nde, malɛno ma bobo. Abalaka na bu: «Tina ndani odini na malɛno mia?.","Jésus, ayant aussitôt connu par son esprit ce quils pensaient au-dedans deux, leur dit: Pourquoi avez-vous de telles pensées dans vos cœurs?."
MRK.2.9,"Edi na bopɛpɛtɛ mɛnɛ bobala na etumbɛ boo: Mabe ma wɛ mayɛmi; kaoko: Angɔ, tomba bokaki bo wɛ ko dala?.","Lequel est le plus aisé, de dire au paralytique: Tes péchés sont pardonnés, ou de dire: Lève-toi, prends ton lit, et marche?."
MRK.2.10,Na bea bɛngi odjebeni boo Mwana o Moto adi na kpatsi tine boyɛ mabe ta kpɔtɔ.» Abalaka na etumbɛ:.,"Or, afin que vous sachiez que le Fils de lhomme a sur la terre le pouvoir de pardonner les péchés:."
MRK.2.11,"«Nabali na wɛ, angɔ, tomba bokaki bo wɛ ko yana ta ndako e wɛ!».","Je te lordonne, dit-il au paralytique, lève-toi, prends ton lit, et va dans ta maison."
MRK.2.12,"Momi omina asangɔdjɔkɔ, mbala emɔti atombi bokaki bo nde ko aemai ta boso bo bato basusu. Bato bakamoaka ko bakumedjaka Ndjakomba. Babalaka: «Loipakenɛ imu modjɔ boso!».","Et, à linstant, il se leva, prit son lit, et sortit en présence de tout le monde, de sorte quils étaient tous dans létonnement et glorifiaient Dieu, disant: Nous navons jamais rien vu de pareil."
MRK.2.13,Yesu asɔmbɔkɔ naikina ta mokula mo ibeke i ibonga i Galilea. Emumu e bato eduaka adi yo ko adaka abaheledja.,"Jésus sortit de nouveau du côté de la mer. Toute la foule venait à lui, et il les enseignait."
MRK.2.14,"Ta bonɔ, aenɛkɛ Lewi, mwana o Alipe, adi ta bilo ekaputedje bo puti. Yesu abalaka na nde: «Kimanani!» Lewi angɔkɔ ko amokimanaka.","En passant, il vit Lévi, fils dAlphée, assis au bureau des péages. Il lui dit: Suis-moi. Lévi se leva, et le suivit."
MRK.2.15,"Ehole edaka yo ayaka ta ndako e Lewi , baputedji ba puti na bato babe badaka ta mesa engbanga na Yesu na batingami ba nde, tengasa edaka na emumu e bato bamokimanaka.","Comme Jésus était à table dans la maison de Lévi, beaucoup de publicains et de gens de mauvaise vie se mirent aussi à table avec lui et avec ses disciples; car ils étaient nombreux, et lavaient suivi."
MRK.2.16,"Yana balehi ba mobeko na bapalusai bamoenɛkɛ adaka aya na baputedji ba puti ko na bato babe, babalaka na batingami ba nde: «Tina ndani ayaka na baputedji ba puti ko na bato babe ?».","Les scribes et les pharisiens, le voyant manger avec les publicains et les gens de mauvaise vie, dirent à ses disciples: Pourquoi mange-t-il et boit-il avec les publicains et les gens de mauvaise vie?."
MRK.2.17,"Yesu abaokaka ko abalaka: «Editi na tina e bato ba mikuku mipele te bahombe monganga, endolo bato ba bipeko te bohombaka monganga. Naidua tine bato ba bodjo, endolo adi bato babe.».","Ce que Jésus ayant entendu, il leur dit: Ce ne sont pas ceux qui se portent bien qui ont besoin de médecin, mais les malades. Je ne suis pas venu appeler des justes, mais des pécheurs."
MRK.2.18,"Batingami ba Yoane na bapalusai bokiaka mia. Busa bomɔti baduaka bomohɔdjɔ: «Tina ndani batingami ba wɛ te bakie mia, endolo batingami ba Yoane na batingami ba bapalusai bokiaka mia?».","Les disciples de Jean et les pharisiens jeûnaient. Ils vinrent dire à Jésus: Pourquoi les disciples de Jean et ceux des pharisiens jeûnent-ils, tandis que tes disciples ne jeûnent point?."
MRK.2.19,Yesu abasɔmbedjaka: «Denga i momi babwani bokia mia ehole edi momi engbanga na bu? Ehole edi momi na bu polo emɔti babwaniti bokia mia.,"Jésus leur répondit: Les amis de lépoux peuvent-ils jeûner pendant que lépoux est avec eux? Aussi longtemps quils ont avec eux lépoux, ils ne peuvent jeûner."
MRK.2.20,Endolo masu maduabi bakabakatoabi momi na bea bakiabi mia busa bomina.,"Les jours viendront où lépoux leur sera enlevé, et alors ils jeûneront en ce jour-là."
MRK.2.21,"Moto atatonga epasa e esendja eyanie ta esendja eyou; ekada bea, esendja eyanie alake epasa e esendja eyou ko ipose lanɛngɛke naikina.","Personne ne coud une pièce de drap neuf à un vieil habit; autrement, la pièce de drap neuf emporterait une partie du vieux, et la déchirure serait pire."
MRK.2.22,"Ko moto ataisa mana mayanie ta mbola iyou; ekada bea, mana mabatodjake mbola: mana mabehake na mbola pongono. Endolo tebeya! Tine mana mayanie, etungi na mbola iyanie!».","Et personne ne met du vin nouveau dans de vieilles outres; autrement, le vin fait rompre les outres, et le vin et les outres sont perdus; mais il faut mettre le vin nouveau dans des outres neuves."
MRK.2.23,"Ta busa bo sabata, Yesu akatisaka gbie e bule. Batingami ba nde badaka babuka migbɔndu mi mbuma i bule na ndjea .","Il arriva, un jour de sabbat, que Jésus traversa des champs de blé. Ses disciples, chemin faisant, se mirent à arracher des épis."
MRK.2.24,Bapalusai babalaka na Yesu: «Tina ndani batingami ba wɛ bakɔkɔ eka esiami ta busa bo sabata?».,"Les pharisiens lui dirent: Voici, pourquoi font-ils ce qui nest pas permis pendant le sabbat?."
MRK.2.25,"Yesu abasɔmbedjaka: «Oilangani eka ekɔ Dapiti, ta ehole edaka yo na posa eboyaka ko eokayo ndja, yo na bato ibadaka na nde?.","Jésus leur répondit: Navez-vous jamais lu ce que fit David, lorsquil fut dans la nécessité et quil eut faim, lui et ceux qui étaient avec lui;."
MRK.2.26,"Akweaka engbanga na bato ba nde ta ndako e Ndjakomba, ehole edaka nganga monɛnɛ Abiatala, ayaka miɛmbɛ imi bondjeaka bo Ndjakomba, yo na bato ba nde; na bea edaka oko na banganga ba Ndjakomba bomayaka.».","comment il entra dans la maison de Dieu, du temps du souverain sacrificateur Abiathar, et mangea les pains de proposition, quil nest permis quaux sacrificateurs de manger, et en donna même à ceux qui étaient avec lui!."
MRK.2.27,Ko Yesu abalaka na bu pongono: «Sabata ekɔmɔ tine moto; ko moto aikɔmɔ tine Sabata.,"Puis il leur dit: Le sabbat a été fait pour lhomme, et non lhomme pour le sabbat."
MRK.2.28,"Na tina emina, mwana o moto adi Kumu o sabata.».",de sorte que le Fils de lhomme est maître même du sabbat.
MRK.3.1,"Ngɔngɔ, Yesu asɔmbɔkɔ ta sinagoga. Edaka ena momi omɔti na ebɔ eondɔke.",Jésus entra de nouveau dans la synagogue. Il sy trouvait un homme qui avait la main sèche.
MRK.3.2,"Bapalusai bakokoledjaka Yesu mɛnɛ kaoko aboani boheledja moto ta busa bo sabata, bɛngi bamopunde.","Ils observaient Jésus, pour voir sil le guérirait le jour du sabbat: cétait afin de pouvoir laccuser."
MRK.3.3,"Na bea Yesu abalaka na momi odaka na ebɔ eondɔke: «Angɔ, emaya, ta ndanda e bato.».","Et Jésus dit à lhomme qui avait la main sèche: Lève-toi, là au milieu."
MRK.3.4,"Ngɔngimina abalaka na bu: «Edimama bokɔ ta busa bo sabata nde? Bokɔ bopele kaoko bokɔ bobe, boheledja kaoko bowa?» Endolo bapɔpɔnɔkɔ.","Puis il leur dit: Est-il permis, le jour du sabbat, de faire du bien ou de faire du mal, de sauver une personne ou de la tuer? Mais ils gardèrent le silence."
MRK.3.5,Na bea Yesu abaendjaka na miso ma kɛlɛ; aoka ndjokwa mɛnɛ tine badaka na milema mipipo. Abalaka na momi: «Ninodja ebɔ e wɛ.» Aeninodjaka ko ebɔ emina ehela!.,"Alors, promenant ses regards sur eux avec indignation, et en même temps affligé de lendurcissement de leur cœur, il dit à lhomme: Étends ta main. Il létendit, et sa main fut guérie."
MRK.3.6,"Bapalusai baimaka ko baputoanaka ta ikita na bato ba Elode , bɛngi bahombe enɔli ebowa Yesu.","Les pharisiens sortirent, et aussitôt ils se consultèrent avec les hérodiens sur les moyens de le faire périr."
MRK.3.7,"Yesu adongaka ta pamba e ibeke engbanga na batingami ba nde. Emumu e bato emokimanaka donga ta ibonga i Galilea, e Yudea.",Jésus se retira vers la mer avec ses disciples. Une grande multitude le suivit de la Galilée;.
MRK.3.8,"e Yelusalɛmɛ, e Idume , ibonga ikina idaka ta pamba e duwa e Yolodane ko mbuti na Tula na Sidona. Emumu e bato baokaka misusu mikɔkɔ Yesu, baduaka adi yo.","et de la Judée, et de Jérusalem, et de lIdumée, et dau-delà du Jourdain, et des environs de Tyr et de Sidon, une grande multitude, apprenant tout ce quil faisait, vint à lui."
MRK.3.9,"Na bea Yesu abalaka na batingami ba nde boo bamobɔngedje bwato, tine bato basaka mombambamedja.","Il chargea ses disciples de tenir toujours à sa disposition une petite barque, afin de ne pas être pressé par la foule."
MRK.3.10,"Elenge adakayo aheledja bato banɛnɛ, bato ba bego basweanaka bobatama mbuti na nde, bɛngi bamobɛndje.","Car, comme il guérissait beaucoup de gens, tous ceux qui avaient des maladies se jetaient sur lui pour le toucher."
MRK.3.11,"Ko miembo mibe, ehole emoenɛkɛ bo mikwaka ta boso bo nde ko migamaka: «Wɛ odi mwana o Ndjakomba!».","Les esprits impurs, quand ils le voyaient, se prosternaient devant lui, et sécriaient: Tu es le Fils de Dieu."
MRK.3.12,Endolo Yesu amigameaka na bopipo mɛnɛ misaka bala ta tina e nde.,Mais il leur recommandait très sévèrement de ne pas le faire connaître.
MRK.3.13,"Ngɔngimina Yesu aiweaka ta ikoli, abeaka bato ibapalaka yo; na bea baduaka adi yo.","Il monta ensuite sur la montagne; il appela ceux quil voulut, et ils vinrent auprès de lui."
MRK.3.14,"Ahɔkɔ bato domi na babae, ababakeaka kombe e bapɔsɔlu . Abahɔkɔ bɛngi badae na nde engbanga ko bobaloma boleha Bwɛndi Bopele.","Il en établit douze, pour les avoir avec lui."
MRK.3.15,na kpatsi e bobenganaka miembo mibe.,et pour les envoyer prêcher avec le pouvoir de chasser les démons.
MRK.3.16,Ahɔkɔ bapɔsɔlu domi na babae: Simo obakeaka yo kombe Piɛlɛ .,"Voici les douze quil établit: Simon, quil nomma Pierre;."
MRK.3.17,"Djake na mwange e nde Yoane, bo basusu babae bana ba Djebede. Yesu ababakeaka kombe Boanɛlɛgɛsi, etingodji: «Bana ba bɛi ».","Jacques, fils de Zébédée, et Jean, frère de Jacques, auxquels il donna le nom de Boanergès, qui signifie fils du tonnerre;."
MRK.3.18,"Andele, Pilipo, Batelemi, Matayo, Toma; Djake, mwana o Alipe; Tade, Simo okaswe ibonga;.","André; Philippe; Barthélemy; Matthieu; Thomas; Jacques, fils dAlphée; Thaddée; Simon le Cananite;."
MRK.3.19,ko Yudasi Isikaliota yona okabaka Yesu.,"et Judas Iscariot, celui qui livra Jésus."
MRK.3.20,Yesu asɔmbɔkɔ naikina ta ndako. Na bea emumu e bato baputoanaka ena ko Yesu na batingami ba nde baidiaka nongo enɔli e boya.,"Ils se rendirent à la maison, et la foule sassembla de nouveau, en sorte quils ne pouvaient pas même prendre leur repas."
MRK.3.21,"Ehole eoka ibota i nde gala emina, bakɛ bɛngi bamotombe, tengasa babalaka : «Molo mo nde motasalaka bopele!».","Les parents de Jésus, ayant appris ce qui se passait, vinrent pour se saisir de lui; car ils disaient: Il est hors de sens."
MRK.3.22,Balehi ba mobeko ibadongaka ta Yelusalɛmɛ babalaka: «Adi na mwembo mo Bɛlɛdjɛbulɛ atei e nde!» Ko naikina: «Kumu o miembo mibe amopi kpatsi e bobengana miembo mibe!».,"Et les scribes, qui étaient descendus de Jérusalem, dirent: Il est possédé de Béelzébul; cest par le prince des démons quil chasse les démons."
MRK.3.23,Na bea Yesu ababeaka ko abalaka na bu na masɛ: Satana abwani asabengane yo mɛnɛ?.,"Jésus les appela, et leur dit sous forme de paraboles: Comment Satan peut-il chasser Satan?."
MRK.3.24,"Ekada bokumu bokasakabana ta tei ebu, bokumu bomina bobwaniti boyeyoa.","Si un royaume est divisé contre lui-même, ce royaume ne peut subsister;."
MRK.3.25,"Ekada bato ba ndako emɔti bakasakabana bo bɛnɛ, ndako emina ebwaniti boyeyoa.","et si une maison est divisée contre elle-même, cette maison ne peut subsister."
MRK.3.26,"Ekada Satana yo mɛnɛ asinedjaka ko asakabani, abwaniti boema: mosi na nde, aimei ta suka.","Si donc Satan se révolte contre lui-même, il est divisé, et il ne peut subsister, mais cen est fait de lui."
MRK.3.27,"«Moto abwaniti akwee ta ndako e moto o ngulu ko aibe bodieli bo nde, boso mɛnɛ anangake moto ongulu mbɔti; na bea ngɔngimina aibake losusu lodi ta ndako e nde.","Personne ne peut entrer dans la maison dun homme fort et piller ses biens, sans avoir auparavant lié cet homme fort; alors il pillera sa maison."
MRK.3.28,"Soti na bali na nu: mabe kaoko masingi masusu masingaka bo Ndjakomba, mayɛmɛbi adi bana ba bato.","Je vous le dis en vérité, tous les péchés seront pardonnés aux fils des hommes, et les blasphèmes quils auront proférés;."
MRK.3.29,Endolo yona asingaka Mwembo Mosɛnɔke atadiabi boyɛmɛ: adikabi na lindo tine seko.».,mais quiconque blasphémera contre le Saint-Esprit nobtiendra jamais de pardon: il est coupable dun péché éternel.
MRK.3.30,"Yesu abalaka na bu bea, tine babalaka na nde: «Adi na mwembo mobe.».",Jésus parla ainsi parce quils disaient: Il est possédé dun esprit impur.
MRK.3.31,Nange e Yesu ko na bange i nde baimeaka; badaka sokolu ko balomaka moto bomobea.,"Survinrent sa mère et ses frères, qui, se tenant dehors, lenvoyèrent appeler."
MRK.3.32,"Emumu e bato edaka emohiki. Bamotɔndeaka: «Oka, nange e wɛ, bange i wɛ, ko bangɛnɛ i wɛ , badi sokolu bohombaka.».","La foule était assise autour de lui, et on lui dit: Voici, ta mère et tes frères sont dehors et te demandent."
MRK.3.33,Yesu asɔmbedjaka: «Nange e mbi ko bange i mbi ba nda?».,"Et il répondit: Qui est ma mère, et qui sont mes frères?."
MRK.3.34,"Ngɔngɔ aengɛngɛnedji miso, abalaka: «Endjani, nange e mbi ko bange i mbi ibi!.","Puis, jetant les regards sur ceux qui étaient assis tout autour de lui: Voici, dit-il, ma mère et mes frères."
MRK.3.35,"Tengasa yona akɔkɔ bopala bo Ndjakomba yo adi mwange e mbi, ngɛnɛ e mbi kaoko nange e mbi.».","Car, quiconque fait la volonté de Dieu, celui-là est mon frère, ma sœur, et ma mère."
MRK.4.1,"Yesu asɔmbɔkɔ boleha ta mokula mo ibeke. Emumu e bato eduaka amohika, na tina emina akweaka ta bwato ko asadedjaka. Emumu e bato edaka o ngondo mbuti na ibeke.","Jésus se mit de nouveau à enseigner au bord de la mer. Une grande foule sétant assemblée auprès de lui, il monta et sassit dans une barque, sur la mer. Toute la foule était à terre sur le rivage."
MRK.4.2,Abalehaka ekoka mɛnɛ na masɛ. Endja midjɔ mibalaka yo na bu ta bileho bi nde:.,"Il leur enseigna beaucoup de choses en paraboles, et il leur dit dans son enseignement:."
MRK.4.3,"«Hokamedjani! Busa bomɔti, moneli akɛkɛ ta gbie e nde tine bona.",Écoutez. Un semeur sortit pour semer.
MRK.4.4,"Enakobea ehole edaka yo amɛsɛ mbuma, ikina ikwaka ta yɔngɔ e ndjea; na bea mbulu baduaka ko badjikomaka.","Comme il semait, une partie de la semence tomba le long du chemin: les oiseaux vinrent, et la mangèrent."
MRK.4.5,"Ekenge ekina e mbuma ekwaka ta polo e mabanga, yana mokpɔtɔ moidaka motutu. Mbuma ikandoi pɛpɛlɛ tine mokpɔtɔ moidaka motutu.","Une autre partie tomba dans un endroit pierreux, où elle navait pas beaucoup de terre; elle leva aussitôt, parce quelle ne trouva pas un sol profond;."
MRK.4.6,"Endolo ehole eimaka moi, mokakanedjaka kona imina: tine djidaka na nginga.","mais, quand le soleil parut, elle fut brûlée et sécha, faute de racines."
MRK.4.7,"Ikina mbuma ikwaka ta polo e ndjubɛ. Ndjubɛ ikandoaka, imbambamedjaka ko ibotaka mbuma.","Une autre partie tomba parmi les épines: les épines montèrent, et létouffèrent, et elle ne donna point de fruit."
MRK.4.8,"Endolo ekenge ekina e mbuma ekwaka ta mokpɔtɔ mopele; kona itɔkɔ, ikandoaka ko ibotaka mingbɔndu: ikina ibotaka tuku isato, ikina tuku isamano, ikina mokama.».","Une autre partie tomba dans la bonne terre: elle donna du fruit qui montait et croissait, et elle rapporta trente, soixante, et cent pour un."
MRK.4.9,"Ko Yesu abalaka: «Odi na matoi ma booka, aoke!».",Puis il dit: Que celui qui a des oreilles pour entendre entende.
MRK.4.10,"Ehole edikaka Yesu yo mɛnɛ, ibalamaka bomokimana na batingami domi na babae bamohɔdjɔkɔ tine masɛ.","Lorsquil fut en particulier, ceux qui lentouraient avec les douze linterrogèrent sur les paraboles."
MRK.4.11,"Yesu abasɔmbedjaka: Adi no odiani mbombi e bokumu bo Ndjakomba; endolo adi bia ba sokolu, misusu mikabalame oko na masɛ;.",Il leur dit: Cest à vous qua été donné le mystère du royaume de Dieu; mais pour ceux qui sont dehors tout se passe en paraboles.
MRK.4.12,"tine boo nongo «baendjaka, bataenɛkɛ; baokaka, batadjebaka; esakada boo basɔmbe adi Ndjakomba ko Ndjakomba abayɛbi !».","afin quen voyant ils voient et naperçoivent point, et quen entendant ils entendent et ne comprennent point, de peur quils ne se convertissent, et que les péchés ne leur soient pardonnés."
MRK.4.13,Ngɔngɔ Yesu abalaka na bu: «Otasipwoakani isɛ di? Na bea obwanini bosipoa masɛ makina bo?.,Il leur dit encore: Vous ne comprenez pas cette parabole? Comment donc comprendrez-vous toutes les paraboles?.
MRK.4.14,Moneli aonaka mobalo mo Ndjakomba.,Le semeur sème la parole.
MRK.4.15,"Bato bakina badi elenge kona eonami ta yɔngɔ e ndjea, edi polo ekwi mobalo: ehole emoki bo, satana adoi akatoa mobalo momina amilema mi bobo.","Les uns sont le long du chemin, où la parole est semée; quand ils lont entendue, aussitôt Satan vient et enlève la parole qui a été semée en eux."
MRK.4.16,"Bato bakina badi elenge kona eonami ta polo e mabanga: ehole eoki bo mobalo, bamoasɔi na mongandi.","Les autres, pareillement, reçoivent la semence dans les endroits pierreux; quand ils entendent la parole, ils la reçoivent dabord avec joie;."
MRK.4.17,"Endolo baditi na nginga ta tei e bobo, bakaite oko mo ehole mokɛkɛ. Ko ehole edoi minɔngɔ na saya ta tine e mobalo, bakini edimeli.","mais ils nont pas de racine en eux-mêmes, ils manquent de persistance, et, dès que survient une tribulation ou une persécution à cause de la parole, ils y trouvent une occasion de chute."
MRK.4.18,Bato bakina badi elenge kona eonami ta polo e ndjubɛ: edi bia baoka mobalo.,Dautres reçoivent la semence parmi les épines; ce sont ceux qui entendent la parole.
MRK.4.19,"endolo makɛsɛdji ma ngondo, na ekoseakosea e madieli ko na posa djikina, djabedjaka mobalo ko motaki bobota.","mais en qui les soucis du siècle, la séduction des richesses et linvasion des autres convoitises, étouffent la parole, et la rendent infructueuse."
MRK.4.20,"Bato bakina badi elenge kona eonami ta kpɔtɔ ipele: edi bia baokaka mobalo, bamoasɔi ko moboti mbuma, okina tuku isato, okina tuku isamano ko okina mokama.».","Dautres reçoivent la semence dans la bonne terre; ce sont ceux qui entendent la parole, la reçoivent, et portent du fruit, trente, soixante, et cent pour un."
MRK.4.21,Yesu abalaka na bu: «Moto abwani bodua na molinda tine bomoisa ta katini kaoko ta nase i esambe? Editi bomosɛpea ta esɛpei e molinda ?.,"Il leur dit encore: Apporte-t-on la lampe pour la mettre sous le boisseau, ou sous le lit? Nest-ce pas pour la mettre sur le chandelier?."
MRK.4.22,"Tengasa misusu i mibolama mienɛmɛbi ta bhuda, ko misusu mi mbombi mienɛmɛbi bohu.","Car il nest rien de caché qui ne doive être découvert, rien de secret qui ne doive être mis au jour."
MRK.4.23,"Moto odi na matoi ma booka, aoke!».","Si quelquun a des oreilles pour entendre, quil entende."
MRK.4.24,"Yesu abalaka na bu naikina: «Tomadani na edinga na midjɔ mokakano! Oko na mwɛngi mua moengɛkɛ na wɛ, boengɛbi oko moda momina; ko baobakeabi naikina tina e wɛ .","Il leur dit encore: Prenez garde à ce que vous entendez. On vous mesurera avec la mesure dont vous vous serez servis, et on y ajoutera pour vous."
MRK.4.25,"Tengasa yona odi na moeka bamopabi lonɛnɛ; endolo yona odi pɛ boda naeka, bamokatoabi moeka odaki na nde.».",Car on donnera à celui qui a; mais à celui qui na pas on ôtera même ce quil a.
MRK.4.26,Yesu abalaka naikina: «Bokumu bo Ndjakomba bobwani na moda mu: Moto omɔti amɛsɛkɛ mbuma ta mokpɔtɔ.,Il dit encore: Il en est du royaume de Dieu comme quand un homme jette de la semence en terre;.
MRK.4.27,"Ngɔngimina, na yo ahwɛ bulu bosusu na adɛe pɛ bohwɛ, kona djatɔkɔ ko djakandoaka, atadjebaka nongo eka anɔkɔ.","quil dorme ou quil veille, nuit et jour, la semence germe et croît sans quil sache comment."
MRK.4.28,"Mokpɔtɔ mo mɛnɛ motɔedji mbuma: mbangi ndjani, ngɔngɔ mongbɔndu, mbunoko mbuma i bule ilumi ta mongbɔndu.","La terre produit delle-même, dabord lherbe, puis lépi, puis le grain tout formé dans lépi;."
MRK.4.29,"Ko ehole epingi mbuma, moto asaisa ta mosala na mbɛli e nde, tengasa ehole e bobuka eimei .».","et, dès que le fruit est mûr, on y met la faucille, car la moisson est là."
MRK.4.30,Yesu abalaka naikina: «Lobwani bokokanedja Bokumu bo Ndjakomba na ye? Na isɛ nda? Ibwani so lobale?.,"Il dit encore: A quoi comparerons-nous le royaume de Dieu, ou par quelle parabole le représenterons-nous?."
MRK.4.31,"Edi elenge mbuma e motade ; ehole eoni bo ta kpɔtɔ, edi mbuma enɔi na bokɛkɛ mɛnɛ ta mbuma djisusu i ngondo.","Il est semblable à un grain de sénevé, qui, lorsquon le sème en terre, est la plus petite de toutes les semences qui sont sur la terre;."
MRK.4.32,"Endolo ta boona, ekandoi ko eimei kona enɛnɛ bonɔ kona isusu i ndjuwa i gbie. Ekandodji tape djinɛnɛ ibwani na mbulu ba busa botonga mopo ma bobo nase i esi.».","mais, lorsquil a été semé, il monte, devient plus grand que tous les légumes, et pousse de grandes branches, en sorte que les oiseaux du ciel peuvent habiter sous son ombre."
MRK.4.33,"Na bea, edi na masɛ manɛnɛ imadaka yo abaleha mobalo mo Ndjakomba, bobwana na bosipoa bo bobo.","Cest par beaucoup de paraboles de ce genre quil leur annonçait la parole, selon quils étaient capables de lentendre."
MRK.4.34,"Abalaka na bu oko na masɛ; endolo akadika yo mɛnɛ na batingami, abatingodjeaka midjɔ misusu.","Il ne leur parlait point sans parabole; mais, en particulier, il expliquait tout à ses disciples."
MRK.4.35,"Mɔmɔkɔ mo busa bomina, abalaka na bu: «Lomeleni ta mokula mo ibeke.».","Ce même jour, sur le soir, Jésus leur dit: Passons à lautre bord."
MRK.4.36,Ngɔngɔ iboyanedja emumu e bato; batingami batiteaka ta bwato. Edaka yana pongono mato makina mbuti na nde.,"Après avoir renvoyé la foule, ils lemmenèrent dans la barque où il se trouvait; il y avait aussi dautres barques avec lui."
MRK.4.37,"Gbundumo, lungu epipo mɛnɛ ebangaka bokumba, bibuku bi madiba bikweaka ta bwato mbunoko bolumaka na madiba.","Il séleva un grand tourbillon, et les flots se jetaient dans la barque, au point quelle se remplissait déjà."
MRK.4.38,"Ta ehole emina, Yesu ahwɛkɛ ta mbaka e bwato e sangɔngɔ, molo mobaki ta monyuku. Batingami ba nde bamosisodjaka ko bagamaka: «Molehi logwi! Etobaleaka nongo eka emɔti?».","Et lui, il dormait à la poupe sur le coussin. Ils le réveillèrent, et lui dirent: Maître, ne tinquiètes-tu pas de ce que nous périssons?."
MRK.4.39,"Yesu asisoaka, agameaka lungu ko abalaka na ibeke: «Bogo! Pɔpɔnɔ!» Na bea lungu ekinaka bokumba ko losusu lopɔpɔnɔkɔ.","Sétant réveillé, il menaça le vent, et dit à la mer: Silence! Tais-toi! Et le vent cessa, et il y eut un grand calme."
MRK.4.40,Ngɔngɔ Yesu abalaka na batingami ba nde: «Tina ndani wabangakani? Oditini na bodima?».,Puis il leur dit: Pourquoi avez-vous ainsi peur? Comment navez-vous point de foi?.
MRK.4.41,"Endolo batingami badaka na bɔɔ bonɛnɛ ko basabaleanaka: «Iyo moto nda, bɛngi lungu na mbonge losusu lomosume ?».","Ils furent saisis dune grande frayeur, et ils se dirent les uns aux autres: Quel est donc celui-ci, à qui obéissent même le vent et la mer?."
MRK.5.1,"Baimeaka ta mokula mokina mo ibeke ta ibonga enɛnɛ i Galilea, ta ibonga i bato ba Gelasa .","Ils arrivèrent à lautre bord de la mer, dans le pays des Gadaréniens."
MRK.5.2,"Ehole eduboaka Yesu ta bwato, momi omɔti aimaka ta ndanda e makila , adaka na mwembo mobe, aduaka ta boso bo nde.","Aussitôt que Jésus fut hors de la barque, il vint au-devant de lui un homme, sortant des sépulcres, et possédé dun esprit impur."
MRK.5.3,"Adaka adi ta makila, pɛ moto odaka na ngulu e bomonanga mbɔti, nongo na sɛni;.","Cet homme avait sa demeure dans les sépulcres, et personne ne pouvait plus le lier, même avec une chaîne."
MRK.5.4,"tengasa adaka mbala inɛnɛ monangake mɔmɔ na mako na sɛni, endolo yo adaka bolena sɛni ko na botswa mbɔti: pɛ moto odaka na ngulu e bomogɔledja.","Car souvent il avait eu les fers aux pieds et avait été lié de chaînes, mais il avait rompu les chaînes et brisé les fers, et personne navait la force de le dompter."
MRK.5.5,"Adaka mbala inɛnɛ ta makila, bolebaleba bulu na moi ta makoli, bogamakaka ko bosabenedjakaka na mabanga.","Il était sans cesse, nuit et jour, dans les sépulcres et sur les montagnes, criant, et se meurtrissant avec des pierres."
MRK.5.6,"Ehole enɛkɛ yo Yesu bohali, apotaka, akwaka mangbundɔ ta boso bo nde.","Ayant vu Jésus de loin, il accourut, se prosterna devant lui."
MRK.5.7,"ko agamaka na ngulu mɛnɛ: «Tina ndani okwei ta midjɔ mi mbi, Yesu Mwana o Ndjakomba odi odiko i losusu? Nongɔni, ta kombe e Ndjakomba, pɛ boyekeani!».","et sécria dune voix forte: Quy a-t-il entre moi et toi, Jésus, Fils du Dieu Très-Haut? Je ten conjure au nom de Dieu, ne me tourmente pas."
MRK.5.8,Tengasa Yesu abalaka na nde: «Ima adi momi yo mwembo mobe!».,"Car Jésus lui disait: Sors de cet homme, esprit impur!."
MRK.5.9,"Yesu amohɔdjɔkɔ: «Kombe e wɛ nda?» Amosɔmbedjaka: «Kombe e mbi banɛnɛ, tengasa lodi banɛnɛ.».","Et, il lui demanda: Quel est ton nom? Légion est mon nom, lui répondit-il, car nous sommes plusieurs."
MRK.5.10,Ko amongɔnɔkɔ mɛnɛ boo adae pɛ bomiloma ta sokolu e ibonga.,Et il le priait instamment de ne pas les envoyer hors du pays.
MRK.5.11,Enakobea edaka oho mbuti na ikoli bwela bo ngulu bonɛnɛ bodaka bayaka.,"Il y avait là, vers la montagne, un grand troupeau de pourceaux qui paissaient."
MRK.5.12,"Miembo mibe miongɔnɔkɔ Yesu: «Loloma ta ngulu biya ho, lokwe ta tei ibu!».","Et les démons le prièrent, disant: Envoie-nous dans ces pourceaux, afin que nous entrions en eux."
MRK.5.13,"Yesu abapaka enɔli. Miembo mibe mimaka mikweaka ta ngulu. Bwela bo ngulu bosusu, bodaka mbuti na koto ibae, bopotaka engbanga ko bodindaka ta ibeke.","Il le leur permit. Et les esprits impurs sortirent, entrèrent dans les pourceaux, et le troupeau se précipita des pentes escarpées dans la mer: il y en avait environ deux mille, et ils se noyèrent dans la mer."
MRK.5.14,Babanei ba ngulu bayanaka bapote ko batɔndɔkɔ gala emina ta ibonga inɛnɛnɛ ko na mabonga masusu ma mbuti mbuti. Na bea bato baduaka aendja modjɔ imosanɔmɔkɔ.,"Ceux qui les faisaient paître senfuirent, et répandirent la nouvelle dans la ville et dans les campagnes. Les gens allèrent voir ce qui était arrivé."
MRK.5.15,"Ehole eimeaka bo mbuti na Yesu ko baenɛkɛ momi odaka na miembo mibe adi, alwaka bisendja ko asɔmbedjaka yongi e moto. Na bea, balumaka na bɔɔ.","Ils vinrent auprès de Jésus, et ils virent le démoniaque, celui qui avait eu la légion, assis, vêtu, et dans son bon sens; et ils furent saisis de frayeur."
MRK.5.16,"Bato ibaenɛkɛ meako mimina, babatɔndeaka isolo inɔmɔkɔ adi moto yona odaka na miembo mibe ko na i bwela bo ngulu.",Ceux qui avaient vu ce qui sétait passé leur racontèrent ce qui était arrivé au démoniaque et aux pourceaux.
MRK.5.17,Na bea bongɔnɔkɔ Yesu boo adonge ta ibonga i bobo.,Alors ils se mirent à supplier Jésus de quitter leur territoire.
MRK.5.18,"Oko ta ehole yena etiteaka Yesu ta bwato, moto ohelaka na miembo mibe amongɔnɔkɔ boo akɛ na nde.","Comme il montait dans la barque, celui qui avait été démoniaque lui demanda la permission de rester avec lui."
MRK.5.19,"Yesu aimopa enɔli, endolo abalaka na nde: «Yana ta ibota i wɛ, ta ibota i wɛ ko tɔndɔ meako misusu miokɔmei Kumu ko moda mokei yo ndjokwa.».","Jésus ne le lui permit pas, mais il lui dit: Va dans ta maison, vers les tiens, et raconte-leur tout ce que le Seigneur ta fait, et comment il a eu pitié de toi."
MRK.5.20,Moto omina ayanaka ko aimeaka botɔndɔ meako misusu mimokɔmeaka Yesu ta ibonga i Dekapolo meako misusu mimokɔmeaka Yesu; ko bato basusu bakamoaka.,"Il sen alla, et se mit à publier dans la Décapole tout ce que Jésus avait fait pour lui. Et tous furent dans létonnement."
MRK.5.21,"Ta ehole esɔmbɔkɔ Yesu ta dɔngɔ ikina i ibeke. Ko emumu e bato baputoanaka mbuti na nde, adaka adi ta bwato ta mokula mo ibeke.","Jésus dans la barque regagna lautre rive, où une grande foule sassembla près de lui. Il était au bord de la mer."
MRK.5.22,"Mokondji o sinagoga kombe e nde Yailo, aimeaka. Ehole enɛ yo Yesu, akwaka magbundɔ ta mako ma nde.","Alors vint un des chefs de la synagogue, nommé Jaïrus, qui, layant aperçu, se jeta à ses pieds."
MRK.5.23,"ko amongɔnɔkɔ mɛnɛ: «Mwana o mbi mwali adi mbuti na bogwa, nongɔni, dua amobake mɔmɔ bɛngi ahele!».","et lui adressa cette instante prière: Ma petite fille est à lextrémité, viens, impose-lui les mains, afin quelle soit sauvée et quelle vive."
MRK.5.24,Yesu akɛ na nde. Emumu e bato emokimanaka ko bamombambamedjaka pamba isusu.,Jésus sen alla avec lui. Et une grande foule le suivait et le pressait.
MRK.5.25,"Enakobea, mwali omɔti odaka na yogo e botanga makia bianga domi na ibae.","Or, il y avait une femme atteinte dune perte de sang depuis douze ans."
MRK.5.26,"Aenɛkɛ saya enɛnɛ adi minganga, ko abedjaka bodieli bo nde bosusu ko aihelaka. Endolo yogo e nde enɛngɛkɛ oko bonɛngɛ.","Elle avait beaucoup souffert entre les mains de plusieurs médecins, elle avait dépensé tout ce quelle possédait, et elle navait éprouvé aucun soulagement, mais était allée plutôt en empirant."
MRK.5.27,"Aokaka babala tine gala e Yesu. Akweaka ta emumu e bato, ta sangɔngɔ i Yesu, ko abɛndjɛkɛ esendja e nde.","Ayant entendu parler de Jésus, elle vint dans la foule par derrière, et toucha son vêtement."
MRK.5.28,"Tengasa asabaleaka: «Nakapea nongo bisendja bi nde, nabwani bohela!».","Car elle disait: Si je puis seulement toucher ses vêtements, je serai guérie."
MRK.5.29,Na mbala emɔti makia makinaka botanga ta mokuku mo nde ko adjeba boo aheli na yogo e nde.,"Au même instant la perte de sang sarrêta, et elle sentit dans son corps quelle était guérie de son mal."
MRK.5.30,"Oko ta ehole emina, Yesu adjeba boo ngulu eimi ta tei e nde. Ahombanaka ta emumu e bato ko ahɔdjɔkɔ: «Opei bisendja bi mbi nda?».","Jésus connut aussitôt en lui-même quune force était sortie de lui; et, se retournant au milieu de la foule, il dit: Qui a touché mes vêtements?."
MRK.5.31,"Batingami ba nde bamosɔmbedjaka: «Wɛnɛkɛ emumu e bato bombambamedji pamba isusu, ko wahɔdjɔkɔ naikina: Opeini nda? ».","Ses disciples lui dirent: Tu vois la foule qui te presse, et tu dis: Qui ma touché?."
MRK.5.32,"Endolo Yesu adaka oko aendja, bɛngi adjebe moto okɔi modjɔ momina.","Et il regardait autour de lui, pour voir celle qui avait fait cela."
MRK.5.33,"Elenge mwali omina adjebaka yo modjɔ mosakɔmɔ na nde, adjoaka na bɔɔ bosadumba mangbundɔ ta mako ma Yesu ko abalaka na nde soti esusu.","La femme, effrayée et tremblante, sachant ce qui sétait passé en elle, vint se jeter à ses pieds, et lui dit toute la vérité."
MRK.5.34,"Yesu abalaka na nde: «Mwana o mbi mwali, bodima bo wɛ boheledji . Kɛɛ na bogo, ko oheli na yogo e wɛ.».","Mais Jésus lui dit: Ma fille, ta foi ta sauvée; va en paix, et sois guérie de ton mal."
MRK.5.35,"Oko ta ehole edaka Yesu abala, bato badongaka ta ndako e mokondji o sinagoga ko bamotɔndeaka: «Mwana o wɛ agwi! Tina ebotungea naikina Molehi editi!».","Comme il parlait encore, survinrent de chez le chef de la synagogue des gens qui dirent: Ta fille est morte; pourquoi importuner davantage le maître?."
MRK.5.36,"Endolo Yesu aisa nongo malɛi ta mibalo mi bobo ko abalaka na mokondji o sinagoga: «Pɛ bobanga, dima oko bodima.».","Mais Jésus, sans tenir compte de ces paroles, dit au chef de la synagogue: Ne crains pas, crois seulement."
MRK.5.37,"Aipalaka moto amokimane, dongedja oko Piɛlɛ, Djake na Yoane, mwange e nde.","Et il ne permit à personne de laccompagner, si ce nest à Pierre, à Jacques, et à Jean, frère de Jacques."
MRK.5.38,"Ehole eimeaka bo adi mokondji o sinagoga, Yesu ataneaka bato badaka bayea ko balɛbɛ.","Ils arrivèrent à la maison du chef de la synagogue, où Jésus vit une foule bruyante et des gens qui pleuraient et poussaient de grands cris."
MRK.5.39,"Akweaka ta ndako ko abala na bu: «Tina eboyegebana ko na biyo nda? Mwana agwiti, ahwɛli.».","Il entra, et leur dit: Pourquoi faites-vous du bruit, et pourquoi pleurez-vous? Lenfant nest pas morte, mais elle dort."
MRK.5.40,"Na bea bato basɛkɛkɛ Yesu. Endolo yo aimedjaka bato basusu sokolu, atombaka oko sange e mwana, nange e mwana ko batingami ba nde basato; na bea akweaka ta ekenge e ndako edaka mwana.","Et ils se moquaient de lui. Alors, ayant fait sortir tout le monde, il prit avec lui le père et la mère de lenfant, et ceux qui lavaient accompagné, et il entra là où était lenfant."
MRK.5.41,"Apeaka mwana ta ebɔ ko abalaka na nde: «Talita kumi !» Etingodji: «Nabali na wɛ mwana mwali, angɔ!».","Il la saisit par la main, et lui dit: Talitha koumi, ce qui signifie: Jeune fille, lève-toi, je te le dis."
MRK.5.42,"Mbala emɔti, mwana mwali angɔi ko aimeaka bodala. Adaka na bianga domi na ibae. Bato baimeaka na bokamoa bonɛnɛ.","Aussitôt la jeune fille se leva, et se mit à marcher; car elle avait douze ans. Et ils furent dans un grand étonnement."
MRK.5.43,Endolo Yesu abasiaka mɛnɛ badae pɛ botɔndea nongo moto. Ngɔngɔ abalaka na bu: «Mopani mia ayake.».,"Jésus leur adressa de fortes recommandations, pour que personne ne sût la chose; et il dit quon donnât à manger à la jeune fille."
MRK.6.1,"Ngɔngɔ Yesu adongaka ta ndako yena, akɛkɛ ta ibonga ikandoaka yo ; batingami ba nde bamokimanaka.","Jésus partit de là, et se rendit dans sa patrie. Ses disciples le suivirent."
MRK.6.2,"Ehole eimeaka busa bo sabata, Yesu abangaka boleha ta sinagoga. Na bea emumu e bato ibamohokamedjaka bakamoaka. Babalaka: «Adihi yo meako imi djɔ? Omopi bowɛi bu nda? Adihi yo sueya e bokɔ bimbete bi bokamoa djɔ?.","Quand le sabbat fut venu, il se mit à enseigner dans la synagogue. Beaucoup de gens qui lentendirent étaient étonnés et disaient: Doù lui viennent ces choses? Quelle est cette sagesse qui lui a été donnée, et comment de tels miracles se font-ils par ses mains?."
MRK.6.3,"Iyo te sapate? Iyo te mwana o Malia ? Iyo te mwange Djake, Djose, Yuda ko na Simo? Ko bangɛnɛ i nde loditi na bu iya?» Ko na bea ebasiaka badae pɛ bomodimea.","Nest-ce pas le charpentier, le fils de Marie, le frère de Jacques, de Joses, de Jude et de Simon? Et ses sœurs ne sont-elles pas ici parmi nous? Et il était pour eux une occasion de chute."
MRK.6.4,"Na bea Yesu abalaka na bu: «Mbaeli o Ndjakomba bokumaka polo djisusu, dongedja oko ta ibonga i nde, ta pako e nde ko ta ndako e nde .».","Mais Jésus leur dit: Un prophète nest méprisé que dans sa patrie, parmi ses parents, et dans sa maison."
MRK.6.5,Aibɔngɔkɔ bokɔ oho embete e bokamoa; dongedja oko bobabakea mɔmɔ na boheledja ekenge e bato ba bipeko.,"Il ne put faire là aucun miracle, si ce nest quil imposa les mains à quelques malades et les guérit."
MRK.6.6,Akamoaka mɛnɛ na taka e bodima e bato ba ibonga i nde. Yesu akɛkɛ ta mabonga masusu ma mbuti mbuti tine boleha.,"Et il sétonnait de leur incrédulité. Jésus parcourait les villages dalentour, en enseignant."
MRK.6.7,"Abeaka ba batingami ba nde domi na babae ko abalomaka babae babae, abapaka kpatsi ta diko i miembo mibe.","Alors il appela les douze, et il commença à les envoyer deux à deux, en leur donnant pouvoir sur les esprits impurs."
MRK.6.8,"Abalehaka boo: «Pɛ botombani eka emɔti tine mɔndɔ, dongedja oko pango; pɛ botombani mwɛmbɛ, pɛ tɔmbi, pɛ pata e palanga ta misenge mi bino.","Il leur prescrivit de ne rien prendre pour le voyage, si ce nest un bâton; de navoir ni pain, ni sac, ni monnaie dans la ceinture;."
MRK.6.9,"Lwani sapato, endolo pɛ botombani kasaka ibae.».","de chausser des sandales, et de ne pas revêtir deux tuniques."
MRK.6.10,"Abalaka na bu naikina: «Ekadabo oimeini ta ibonga imɔti, bea bakopani ndako, dikamani yana mbunoko ehole akinake no ibonga imina.","Puis il leur dit: Dans quelque maison que vous entriez, restez-y jusquà ce que vous partiez de ce lieu."
MRK.6.11,"Endolo ekada bato ba ibonga imɔti bakalona boasɔni kaoko pɛ bokeani, dongani ena ko bhubholani dhutu ibigbota bi bino: adake tine bobo embete e elone.».","Et, sil y a quelque part des gens qui ne vous reçoivent ni ne vous écoutent, retirez-vous de là, et secouez la poussière de vos pieds, afin que cela leur serve de témoignage."
MRK.6.12,Batingami bakɛkɛ ko balehaka bato basusu basɔmbɔtɔne milema.,"Ils partirent, et ils prêchèrent la repentance."
MRK.6.13,Babenganaka miembo mibe minɛnɛ ko baheledjaka bato ba bipeko na bobasuowa munɛ ta molo .,"Ils chassaient beaucoup de démons, et ils oignaient dhuile beaucoup de malades et les guérissaient."
MRK.6.14,"Na bea, mokondji Elode aokaka babala gala e Yesu, tengasa kombe e nde eokamaka mɔngɔ masusu. Bakina badaka babala: «Edi Yoane yona oinaka apusoi ta ndanda e bago! Na tina emina adi na sueya e bokɔ ngindola.».","Le roi Hérode entendit parler de Jésus, dont le nom était devenu célèbre, et il dit: Jean-Baptiste est ressuscité des morts, et cest pour cela quil se fait par lui des miracles."
MRK.6.15,Bakina pongono badaka babala: «Adi Elia.» Bakina pongono badaka babala: «Adi mbaeli o Ndjakomba elenge omɔti o ba mbaeli ba nde.».,Dautres disaient: Cest Élie. Et dautres disaient: Cest un prophète comme lun des prophètes.
MRK.6.16,"Endolo Elode aokaka misusu mibalamaka, adaka bosabalea: «Edi Yoane Mobatisi, yona olenedjaka mbi molo, apusoi!».","Mais Hérode, en apprenant cela, disait: Ce Jean que jai fait décapiter, cest lui qui est ressuscité."
MRK.6.17,"Tengasa, Elode yo mɛnɛ apedjaka Yoane, amonangedjaka na sɛni ko amoisedjaka ta bɔlɔkɔ; tine Elodiade, mwali o Pilipo , mwange e nde.","Car Hérode lui-même avait fait arrêter Jean, et lavait fait lier en prison, à cause dHérodias, femme de Philippe, son frère, parce quil lavait épousée."
MRK.6.18,Tengasa Yoane abalaka na Elode: «Etungi na wɛ boasɔ mwali o mwange e wɛ !».,et que Jean lui disait: Il ne test pas permis davoir la femme de ton frère.
MRK.6.19,"Elodiade alumaka na swɛ na Yoane ko ahombaka amowoe, endolo aidiaka enɔeli;.","Hérodias était irritée contre Jean, et voulait le faire mourir."
MRK.6.20,"Tengasa Elode adaka na bɔɔ na Yoane. Adjebaka boo adi moto o bodjo ko mosɛnɔke, na tina emina amobaneaka. Ehole emokeaka yo, adaka moyekamake ta malɛi; endolo nongo bea apalaka oko bomohokamedja.","Mais elle ne le pouvait; car Hérode craignait Jean, le connaissant pour un homme juste et saint; il le protégeait, et, après lavoir entendu, il était souvent perplexe, et lécoutait avec plaisir."
MRK.6.21,"Enakobea, enɔeli epele eimeaka adi Elodiade ta busa bo tɛkɛ e bobotama bo Elode. Yo abɔngedjaka tɛkɛ enɛnɛ, abeaka bato ba ekumu, bakondji ba basoda ko bakondji ba ibonga i Galilea.","Cependant, un jour propice arriva, lorsque Hérode, à lanniversaire de sa naissance, donna un festin à ses grands, aux chefs militaires et aux principaux de la Galilée."
MRK.6.22,"Mwana mwali Elodiade akweaka ta ndako e tɛkɛ ko abuaka; na bea asepedjaka Elode ko bato ibabeaka yo. Mokondji abalaka na moseka mwali: «Hɔdjɔni eka apalaka wɛ, ko nopake.».","La fille dHérodias entra dans la salle; elle dansa, et plut à Hérode et à ses convives. Le roi dit à la jeune fille: Demande-moi ce que tu voudras, et je te le donnerai."
MRK.6.23,"Amobhɛleaka bhɛli ta miso ma bato: «Nabhɛli boo nopake eka esusu ahɔdjɔkeni wɛ, nongo ndanda e bokumu bo mbi.».","Il ajouta avec serment: Ce que tu me demanderas, je te le donnerai, fût-ce la moitié de mon royaume."
MRK.6.24,Moseka mwali aimaka ko ahɔdjɔkɔ ilako adi nange e nde: «Eboani mbi bomosɛngɛ nde?» Nange e nde asɔmbedjaka: «Mosɛngɛ molo mo Yoane yona oinaka.».,"Étant sortie, elle dit à sa mère: Que demanderai-je? Et sa mère répondit: La tête de Jean-Baptiste."
MRK.6.25,"Mwana mwali apotaka, asɔmbɔkɔ adi mokondji ko amosɛngɛkɛ: «Napali opɛni edɛdi mɛnɛ molo mo Yoane oinaka ta saani!».","Elle sempressa de rentrer aussitôt vers le roi, et lui fit cette demande: Je veux que tu me donnes à linstant, sur un plat, la tête de Jean-Baptiste."
MRK.6.26,"Mokondji aimeaka na ndjokwa; aibɔngɔkɔ bomodjima esɛngɛ e nde, tine amobhɛleaka bhɛli ta miso ma bato.","Le roi fut attristé; mais, à cause de ses serments et des convives, il ne voulut pas lui faire un refus."
MRK.6.27,"Mokondji alomaka pɛpɛlɛ soda omɔti okamobane, amolwɛ molo mo Yoane. Soda omina akɛkɛ ta bɔlɔkɔ ko alenaka molo mo Yoane.","Il envoya sur-le-champ un garde, avec ordre dapporter la tête de Jean-Baptiste."
MRK.6.28,"Ahulaka na molo mo mina ta sani ko amopaka adi mwana mwali; yo ta mbala e nde, amopaka adi nange e nde ta saani.","Le garde alla décapiter Jean dans la prison, et apporta la tête sur un plat. Il la donna à la jeune fille, et la jeune fille la donna à sa mère."
MRK.6.29,"Ehole eokaka batingami ba Yoane gala emina, bakɛkɛ atomba mokuku mo nde ko bamopuseaka ta ikila.","Les disciples de Jean, ayant appris cela, vinrent prendre son corps, et le mirent dans un sépulcre."
MRK.6.30,Bapɔsɔlu bahulaka mbuti na Yesu ko bamotɔndeaka meako misusu imikɔkɔ bo ko milehaka bo.,"Les apôtres, sétant rassemblés auprès de Jésus, lui racontèrent tout ce quils avaient fait et tout ce quils avaient enseigné."
MRK.6.31,"Abalaka na bu: «Duani ta etengelenge ko hemani mwɛka.» Tengasa bato banɛnɛ badaka badua ko bayana, baidiaka nongo ehole e boyaka.","Jésus leur dit: Venez à lécart dans un lieu désert, et reposez-vous un peu. Car il y avait beaucoup dallants et de venants, et ils navaient même pas le temps de manger."
MRK.6.32,Batiteaka ta bwato ko bakɛ ta etengelenge.,"Ils partirent donc dans une barque, pour aller à lécart dans un lieu désert."
MRK.6.33,"Endolo emumu e bato babenɛkɛ bakɛ ko badjebaka dɔngɔ ikɛkɛ bo. Na bea badalaka mɔndɔ mopipo na mako, donga ta ibonga isusu, ko baimeaka boso bo Yesu na batingami ba nde ta polo ekɛkɛ bo.","Beaucoup de gens les virent sen aller et les reconnurent, et de toutes les villes on accourut à pied et on les devança au lieu où ils se rendaient."
MRK.6.34,"Ehole eduboaka Yesu ta bwato, aenɛkɛ emumu e bato; molema mo nde molumaka na ndjokwa, tine bato bamina badaka elenge bhata bataki mobanei . Ko abalehaka meako minɛnɛ.","Quand il sortit de la barque, Jésus vit une grande foule, et fut ému de compassion pour eux, parce quils étaient comme des brebis qui nont point de berger; et il se mit à leur enseigner beaucoup de choses."
MRK.6.35,"Elenge ehole esiaka, batingami babatamaka mbuti na Yesu ko babalaka na nde: «Ehole esi ko polo ye ediso edi etengelenge.","Comme lheure était déjà avancée, ses disciples sapprochèrent de lui, et dirent: Ce lieu est désert, et lheure est déjà avancée;."
MRK.6.36,"Yanedja bato bɛngi bakɛ ta ibonga i mbuti na ta gbie, bɛngi badie eka eboyaka.».","renvoie-les, afin quils aillent dans les campagnes et dans les villages des environs, pour sacheter de quoi manger."
MRK.6.37,Yesu abasɔmbedjaka: «Bapani ino bɛnɛ mia ma boyaka.» Endolo bo babalaka na nde: «Lokɛ asomba mwɛmbɛ na pata i bibende mikama mibae tine bobayakedja?».,"Jésus leur répondit: Donnez-leur vous-mêmes à manger. Mais ils lui dirent: Irions-nous acheter des pains pour deux cents deniers, et leur donnerions-nous à manger?."
MRK.6.38,"Yesu abahɔdjɔkɔ: «Odini na miɛmbɛ meka? Kɛni aendjeni.» Ngɔngɔ i boendja, basɔmbedjaka: «Lodi na miɛmbɛ mitano na swi babae.».","Et il leur dit: Combien avez-vous de pains? Allez voir. Ils sen assurèrent, et répondirent: Cinq, et deux poissons."
MRK.6.39,"Na bea, Yesu abalaka na batingami boo dedjani bato bibole bibole ta ndjani.",Alors il leur commanda de les faire tous asseoir par groupes sur lherbe verte.
MRK.6.40,Bato badaka badi bibole mokama ko bakina bibole tuku itano.,et ils sassirent par rangées de cent et de cinquante.
MRK.6.41,"Yesu atombaka miɛmbɛ mitano na swi babae, angɔdjɔkɔ miso ta busa ko abalaka kɔpi e bodjongoa. Abukaka miɛmbɛ ko amipaka adi batingami boo bakabane na bato. Bakabanaka pongono swi babae adi bato basusu.","Il prit les cinq pains et les deux poissons et, levant les yeux vers le ciel, il rendit grâces. Puis, il rompit les pains, et les donna aux disciples, afin quils les distribuassent à la foule. Il partagea aussi les deux poissons entre tous."
MRK.6.42,Bato basusu bayaka ko bagolaka;.,Tous mangèrent et furent rassasiés.
MRK.6.43,Na bea batingami bandoaka bikengakengi bi miɛmbɛ na bi swi ibidikaka: balumedjaka mitinga domi na ibae .,et lon emporta douze paniers pleins de morceaux de pain et de ce qui restait des poissons.
MRK.6.44,Bami ibayaka miɛmbɛ badaka koto itano.,Ceux qui avaient mangé les pains étaient cinq mille hommes.
MRK.6.45,"Ngɔngimina, Yesu abalaka na batingami ba nde batitee ta bwato bɛngi banɔe boso bo nde ta mokula mokina mo ibeke, ta ibonga inɛnɛ i Betesaida, ta ehole edaka yo ayanedja bato.","Aussitôt après, il obligea ses disciples à monter dans la barque et à passer avant lui de lautre côté, vers Bethsaïda, pendant que lui-même renverrait la foule."
MRK.6.46,"Ngɔngɔ iboyanedja bato, Yesu akɛkɛ ta ikoli tine bongɔnɔ.","Quand il leut renvoyée, il sen alla sur la montagne, pour prier."
MRK.6.47,"Ehole emɔmɔkɔ, bwato boimeaka ta ndanda e ibeke ko Yesu adikaka yo mɛnɛ o ngondo.","Le soir étant venu, la barque était au milieu de la mer, et Jésus était seul à terre."
MRK.6.48,"Aenɛkɛ batingami badaka na ibunga iboluka, tengasa lungu edaka epipo. Na bea, ta eye busa, Yesu abakimanaka adale diko i madiba, ko apalaka abanɔe .","Il vit quils avaient beaucoup de peine à ramer; car le vent leur était contraire. A la quatrième veille de la nuit environ, il alla vers eux, marchant sur la mer, et il voulait les dépasser."
MRK.6.49,"Ehole emoɛnɛkɛ bo adale diko i madiba, balɛdjɛkɛ edaka elima ko baimeaka bolɛbɛ.","Quand ils le virent marcher sur la mer, ils crurent que cétait un fantôme, et ils poussèrent des cris;."
MRK.6.50,"Tengasa, bamoenɛkɛ bo basusu ko baokaka mongangale. Endolo na mbala emɔti, Yesu abalaka na bu: «Sapingedjani! Edi mbi; pɛ bobangani!».","car ils le voyaient tous, et ils étaient troublés. Aussitôt Jésus leur parla, et leur dit: Rassurez-vous, cest moi, nayez pas peur!."
MRK.6.51,"Ngɔngɔ atiteaka na bu ta bwato, ko lungu esiaka. Batingami balumaka na bokamoa mɛnɛ;.","Puis il monta vers eux dans la barque, et le vent cessa. Ils furent en eux-mêmes tout stupéfaits et remplis détonnement;."
MRK.6.52,Tengasa baisipoaka ngindola e miɛmbɛ: tine boo malɛno ma bobo maimeaka modidi.,"car ils navaient pas compris le miracle des pains, parce que leur cœur était endurci."
MRK.6.53,"Ngɔngɔ i bokatisa ibeke, baimeaka ta ngando e Gelesa.","Après avoir traversé la mer, ils vinrent dans le pays de Génésareth, et ils abordèrent."
MRK.6.54,"Ta boduboa bo bobo ta bwato, bato basipoaka Yesu na mbala emɔti.","Quand ils furent sortis de la barque, les gens, ayant aussitôt reconnu Jésus."
MRK.6.55,"Bapotaka donga ta ibonga imina isusu ko baduaka na bato ba bipeko babasonge na makaki, ta polo isusu iokaka bo Yesu adi ena.","parcoururent tous les environs, et lon se mit à apporter les malades sur des lits, partout où lon apprenait quil était."
MRK.6.56,"Polo isusu ikweaka Yesu, edae ta mabonga makɛkɛkɛ ko ta mabonga manɛnɛnɛ ko ta gbie, bato badaka basonge bato ba bipeko na makaki ta polo i bhuda; ko bamongɔnɔkɔ boo babɛndje nongo molenda mo esendja e nde. Ibea bato basusu ibamobɛndjɛkɛ bahelaka.","En quelque lieu quil arrivât, dans les villages, dans les villes ou dans les campagnes, on mettait les malades sur les places publiques, et on le priait de leur permettre seulement de toucher le bord de son vêtement. Et tous ceux qui le touchaient étaient guéris."
MRK.7.1,"Bapalusai na balehi ba mobeko bahulaka ta Yelusalɛmɛ, baputoanaka mbuti na Yesu.","Les pharisiens et quelques scribes, venus de Jérusalem, sassemblèrent auprès de Jésus."
MRK.7.2,"Baenɛkɛ batingami bakina bayaka mia na mɔmɔ pita, etingodji boo pɛ bososa mɔmɔ.","Ils virent quelques-uns de ses disciples prendre leurs repas avec des mains impures, cest-à-dire, non lavées."
MRK.7.3,"Enakobea, bapalusai na basuku ba Bayuda basusu baboaniti boyaka oko basose mɔmɔ, bokimana bokɔkɔ bo bobo .","Or, les pharisiens et tous les Juifs ne mangent pas sans sêtre lavé soigneusement les mains, conformément à la tradition des anciens;."
MRK.7.4,"Ko bakahula ta polo i bhuda, bayake boso pɛ bosasɛnodja. Bakasume bonɔ mibeko mikina mi bokɔkɔ, elenge bososa kɔbɔ, poke, masasu ma bibende ko kiti i matala .","et, quand ils reviennent de la place publique, ils ne mangent quaprès sêtre purifiés. Ils ont encore beaucoup dautres observances traditionnelles, comme le lavage des coupes, des cruches et des vases dairain."
MRK.7.5,"Basuku ba bapalusai na balehi ba mobeko bahɔdjɔkɔ Yesu: «Tina ndani batingami ba wɛ bakayake pɛ bososa mɔmɔ, ta mwɛngi mo bokɔkɔ?».","Et les pharisiens et les scribes lui demandèrent: Pourquoi tes disciples ne suivent-ils pas la tradition des anciens, mais prennent-ils leurs repas avec des mains impures?."
MRK.7.6,"Yesu abalaka na bu: «Isaya atɔndɔkɔ bopele mɛnɛ tine bobo! Elenge ekomama tine bobo! Ndjɔ ba melo mibae, na bea mbaeli o Ndjakomba akomaka: Bato bi bakakumedjeni oko na mibalo, endolo milema mi bobo bohali na mbi;.","Jésus leur répondit: Hypocrites, Ésaïe a bien prophétisé sur vous, ainsi quil est écrit: Ce peuple mhonore des lèvres, Mais son cœur est éloigné de moi."
MRK.7.7,"Edi oko ngasa bakaongɔneni, bileho bi bobo bidi oko mibeko mi bato .","Cest en vain quils mhonorent, En donnant des préceptes qui sont des commandements dhommes."
MRK.7.8,"Okahɛngeni mobeko mo Ndjakomba, okasapɛni na makɔkɔ ma bato.».","Vous abandonnez le commandement de Dieu, et vous observez la tradition des hommes."
MRK.7.9,"Abalaka na bu naikina: «Okadumbeni mɛnɛ mobeko mo Ndjakomba, tine bosapa na makɔkɔ ma bino.","Il leur dit encore: Vous anéantissez fort bien le commandement de Dieu, pour garder votre tradition."
MRK.7.10,"Tengasa Mose abalaka: Suma sange e wɛ na nange e wɛ, ko pongono yona abalaka bobe na sange e nde kaoko na nange e nde atungi na bogwa .",Car Moïse a dit: Honore ton père et ta mère; et: Celui qui maudira son père ou sa mère sera puni de mort.
MRK.7.11,"Endolo ino, okabaleni: moto akabala na sange e nde kaoko na nange e nde: Eka epalaki mbi nopɛ bɛngi eokamoe, edi Kolobani etingodji Ikabo i Ndjakomba.","Mais vous, vous dites: Si un homme dit à son père ou à sa mère: Ce dont jaurais pu tassister est corban, cest-à-dire, une offrande à Dieu."
MRK.7.12,"Na bea, topakeni moto nongo enɔeli akɔe moeka tine sange e nde kaoko tine nange e nde.",vous ne le laissez plus rien faire pour son père ou pour sa mère.
MRK.7.13,"Edi na moda mua, walonakani mobalo mo Ndjakomba tine bolongedja bokɔkɔ ibokineani bo. Ko wakɔkɔni meako minɛnɛ mikina na bokokana.».","annulant ainsi la parole de Dieu par votre tradition, que vous avez établie. Et vous faites beaucoup dautres choses semblables."
MRK.7.14,Ngɔngɔ Yesu abeaka naikina emumu e bato ko abalaka na bu: «Hokamedjanini ko sipoani bopele:.,"Ensuite, ayant de nouveau appelé la foule à lui, il lui dit: Écoutez-moi tous, et comprenez."
MRK.7.15,"Pɛ eka emɔti esokolu ekakwe adi moto ekamoimedje pita; endolo yena ekime adi moto, ekamoimedje pita.","Il nest hors de lhomme rien qui, entrant en lui, puisse le souiller; mais ce qui sort de lhomme, cest ce qui le souille."
MRK.7.16,"Okani bopele, odi na matoi ma boka, aoke !».","Si quelquun a des oreilles pour entendre, quil entende."
MRK.7.17,"Ehole esɔmbɔkɔ Yesu ta ndako, bohali na emumu e bato, batingami ba nde bamohɔdjɔkɔ tine e isɛ imina.","Lorsquil fut entré dans la maison, loin de la foule, ses disciples linterrogèrent sur cette parabole."
MRK.7.18,Abalaka na bu: «Ino pongono otakini bowɛi? Otadjebakani eka emɔti esokolu ekwei ta tei e moto eboaniti bomoimedja pita?.,"Il leur dit: Vous aussi, êtes-vous donc sans intelligence? Ne comprenez-vous pas que rien de ce qui du dehors entre dans lhomme ne peut le souiller?."
MRK.7.19,"Tengasa iyena ekadae pɛ bokwea ta molema mo nde, endolo ta sɔpɔ ko ekɛi aima ta ndima.» Na bea Yesu ainedjaka boo mia masusu ma boyaka madi masɛnɔke .","Car cela nentre pas dans son cœur, mais dans son ventre, puis sen va dans les lieux secrets, qui purifient tous les aliments."
MRK.7.20,Abalaka naikina: «Edi eka ekime adi moto ekamoimedje pita.,"Il dit encore: Ce qui sort de lhomme, cest ce qui souille lhomme."
MRK.7.21,"Tengasa edi ta tei e molema mo moto, edi malɛno mabe makamolome ta bɔɔli, iba, bowa.","Car cest du dedans, cest du cœur des hommes, que sortent les mauvaises pensées, les adultères, les impudicités, les meurtres."
MRK.7.22,"bɔɔli, ndukeli, bobila, bolowa, bohelama ta wusuwusu, ikuwa, bobala bobe tina e bakina, molumba ko basadaledjaka elenge moto otaka e bowɛi.","les vols, les cupidités, les méchancetés, la fraude, le dérèglement, le regard envieux, la calomnie, lorgueil, la folie."
MRK.7.23,Midjɔ mia misusu mibe boimaka ta tei e moto ko bobedjaka moto.».,"Toutes ces choses mauvaises sortent du dedans, et souillent lhomme."
MRK.7.24,"Yesu adongaka ena ko akɛkɛ ta ibonga i Tula. Akweaka ta ndako emɔti ko aipalaka moto adjebe, endolo aidikaka ta mbombi.","Jésus, étant parti de là, sen alla dans le territoire de Tyr et de Sidon. Il entra dans une maison, désirant que personne ne le sût; mais il ne put rester caché."
MRK.7.25,"Na bea, mwali omɔti adaka na mwana o nde mwali yona oyekeamaka na mwembo mobe. Yana amotɔndeaka bo gala e Yesu; mbala emɔti aduaka asadumba ta mako ma nde.","Car une femme, dont la fille était possédée dun esprit impur, entendit parler de lui, et vint se jeter à ses pieds."
MRK.7.26,"Mwali omina adaka mogɛlɛki, o ibonga i Penisi e Sulia. Aongɔnɔkɔ Yesu boo abengane mwembo mobe adi mwana o nde.","Cette femme était grecque, syro-phénicienne dorigine. Elle le pria de chasser le démon hors de sa fille. Jésus lui dit:."
MRK.7.27,Endolo Yesu abalaka na nde: «Kina boso bana bagole; tengasa editi bopele botomba mia ma bana ba bato ko bopa na mbwa.».,"Laisse dabord les enfants se rassasier; car il nest pas bien de prendre le pain des enfants, et de le jeter aux petits chiens."
MRK.7.28,"Endolo mwali omina amosɔmbedjaka: «Edi oko bea Kumu, mbwa, akayake mbumbu djikadumbe bana.».","Oui, Seigneur, lui répondit-elle, mais les petits chiens, sous la table, mangent les miettes des enfants."
MRK.7.29,"Na bea Yesu abalaka na nde: «Na tina ekɔpi yena, kɛɛ: mwembo mobe moimi adi mwana o wɛ.».","Alors il lui dit: à cause de cette parole, va, le démon est sorti de ta fille."
MRK.7.30,"Ehole eyanaka yo ta ndako e nde, ataneaka mwana asambi ta esambe: mwembo mobe moimaka.","Et, quand elle rentra dans sa maison, elle trouva lenfant couchée sur le lit, le démon étant sorti."
MRK.7.31,"Yesu akinaka ibonga i Tula, anɔkɔ ta ibonga i Sidona ko aimeaka ta ibeke i Galilea, ta ndjea enɔkɔ ta ibonga i Dekapolo.","Jésus quitta le territoire de Tyr, et revint par Sidon vers la mer de Galilée, en traversant le pays de la Décapole."
MRK.7.32,Baduaka na moto o emimi ko baongɔnɔkɔ Yesu boo amobake ebɔ adaka na kpɔkɔsɔ e bobala.,"On lui amena un sourd, qui avait de la difficulté à parler, et on le pria de lui imposer les mains."
MRK.7.33,"Na bea Yesu amotombaka yo mɛnɛ, mootɔtɔkɔ na bato; amoisaka sapi ta matoi, atsweaka masɔi ta sapi i nde ko apeaka yemi e emimi.","Il le prit à part loin de la foule, lui mit les doigts dans les oreilles, et lui toucha la langue avec sa propre salive;."
MRK.7.34,"Ngɔngimina Yesu angɔdjɔkɔ miso ta busa, asopaka mohemano ko abalaka: «Epata!» Etingodji: «Dipoama!».","puis, levant les yeux au ciel, il soupira, et dit: Éphphatha, cest-à-dire, ouvre-toi."
MRK.7.35,"Na mbala emɔti, matoi ma nde madipoamaka, ko yemi e nde etatoaka ko aimeaka bobala bopele.","Aussitôt ses oreilles souvrirent, sa langue se délia, et il parla très bien."
MRK.7.36,"Yesu apingedjaka bato ibadaka ena boo badae pɛ botɔndea bato gala emina. Nongo adakayo abasia bobala, endolo bato badaka oko babala gala emina.","Jésus leur recommanda de nen parler à personne; mais plus il le leur recommanda, plus ils le publièrent."
MRK.7.37,"Ko bato badaka na bokamoa bonɛnɛ; babalaka: «Misusu makɔkɔ yo, mikadae seko mipele mɛnɛ! Aokedjaka nongo bato bagwa matoi ko bobaledja bimimi!».","Ils étaient dans le plus grand étonnement, et disaient: Il fait tout à merveille; même il fait entendre les sourds, et parler les muets."
MRK.8.1,"Ta masu mia, emumu e bato baputoanaka naikina mbuti na Yesu. Endolo baidaka na eka e boyaka, Yesu abeaka batingami ba nde ko abalaka na bu:.","En ces jours-là, une foule nombreuse sétant de nouveau réunie et nayant pas de quoi manger, Jésus appela les disciples, et leur dit:."
MRK.8.2,"«Nadi na ndjokwa na bato bi, tengasa badai na mbi masu masato ko baditi na eka eboyaka.","Je suis ému de compassion pour cette foule; car voilà trois jours quils sont près de moi, et ils nont rien à manger."
MRK.8.3,"Nakabayanedja pɛ boyaka, batadake na ngulu ebodala na ndjea, tengasa banɛnɛ ta ndanda e bobo badongi bohali.».","Si je les renvoie chez eux à jeun, les forces leur manqueront en chemin; car quelques-uns dentre eux sont venus de loin."
MRK.8.4,"Batingami ba nde bamosɔmbedjaka: «Abwaniso bodia miɛmbɛ djɔɔ, tine bobayakedja ta polo ye edi etengelenge?».","Ses disciples lui répondirent: Comment pourrait-on les rassasier de pains, ici, dans un lieu désert?."
MRK.8.5,Yesu abahɔdjɔkɔ: «Odini na miɛmbɛ meka?» Bamosɔmbedjaka: «Sambo.».,"Jésus leur demanda: Combien avez-vous de pains? Sept, répondirent-ils."
MRK.8.6,"Na bea, abalaka na emumu e bato badae na mobondo ta kpɔtɔ. Ngɔngɔ ibotomba miɛmbɛ sambo, akumedjaka Ndjakomba, abukaka ko amipaka na batingami ba nde, tine ba kabane na bato basusu.","Alors il fit asseoir la foule par terre, prit les sept pains, et, après avoir rendu grâces, il les rompit, et les donna à ses disciples pour les distribuer; et ils les distribuèrent à la foule."
MRK.8.7,"Badaka pongono na baaswi bakɛkɛ. Ngɔngɔ i bobala kɔpi e bodjongoa tine swi, abalaka na bu ba kabane.","Ils avaient encore quelques petits poissons, et Jésus, ayant rendu grâces, les fit aussi distribuer."
MRK.8.8,Bato bayaka ko bagolaka; na bea batingami bandoaka mitinga sambo mi bikengangengi ibidikaka:.,"Ils mangèrent et furent rassasiés, et lon emporta sept corbeilles pleines des morceaux qui restaient."
MRK.8.9,Edaka mbuti na bato koto inɛi. Ngɔngɔ Yesu abayanedjaka.,Ils étaient environ quatre mille. Ensuite Jésus les renvoya.
MRK.8.10,Mbala emɔti Yesu atiteaka ta bwato engbanga na batingami ba nde ko bakɛkɛ ta ibonga i Dalamanuta .,"Aussitôt il monta dans la barque avec ses disciples, et se rendit dans la contrée de Dalmanutha."
MRK.8.11,Bapalusai baimeaka ko babangaka boboma kite na Yesu ebɛngi bamopike elambo. Bamohɔdjɔkɔ akɔe embete e bokamoa emɔti bodonga ta busa.,"Les pharisiens survinrent, se mirent à discuter avec Jésus, et, pour léprouver, lui demandèrent un signe venant du ciel."
MRK.8.12,"Yesu asopaka mohemano moyai ta mwembo mo nde ko abalaka: «Tina ndani bato ba ehole ye bakahɔdje embete e bokamoa? Nabali na nu soti: okobea, pɛ nongo embete emɔti ebapametebi!».","Jésus, soupirant profondément en son esprit, dit: Pourquoi cette génération demande-t-elle un signe? Je vous le dis en vérité, il ne sera point donné de signe à cette génération."
MRK.8.13,"Ngɔngimina Yesu abakinaka, akweaka ta bwato ko akɛkɛ e nde ta pamba ikina ibeke.","Puis il les quitta, et remonta dans la barque, pour passer sur lautre bord."
MRK.8.14,"Batingami babosaka botomba miɛmbɛ, badaka oko na mwɛmbɛ momɔti ta bwato.",Les disciples avaient oublié de prendre des pains; ils nen avaient quun seul avec eux dans la barque.
MRK.8.15,Yesu abalaka na bu etungi boo: «Odipoeni miso! Ko dani na edinga na bole bo mwɛmbɛ bo bapalusai ko na bo Elode.».,Jésus leur fit cette recommandation: Gardez-vous avec soin du levain des pharisiens et du levain dHérode.
MRK.8.16,"Na bea batingami badaka bobomana kitɛ ta tei e bobo, tine baidaka na miɛmbɛ.","Les disciples raisonnaient entre eux, et disaient: Cest parce que nous navons pas de pains."
MRK.8.17,"Adjebaka Yesu meako mi mina, abahɔdjɔkɔ: «Kitɛ abomakano tine oditini na miɛmbɛ? Mbunoko edɛdi opakiti asipoani? Odini oko na malɛi makue? Odini oko na milema mipipo?.","Jésus, layant connu, leur dit: Pourquoi raisonnez-vous sur ce que vous navez pas de pains? Êtes-vous encore sans intelligence, et ne comprenez-vous pas?."
MRK.8.18,"Odini na miso, ko otaenɛkɛni? Odini na matoi, otokakani ? Otalɛdjɛkɛni nongo:.","Avez-vous le cœur endurci? Ayant des yeux, ne voyez-vous pas? Ayant des oreilles, nentendez-vous pas? Et navez-vous point de mémoire?."
MRK.8.19,Ehole ebukaka mbi miɛmbɛ mitano tine bato koto itano; oandoakani mitinga milumake na bikengakengi meka?» Basɔmbedjaka: «Domi na ibae.».,"Quand jai rompu les cinq pains pour les cinq mille hommes, combien de paniers pleins de morceaux avez-vous emportés? Douze, lui répondirent-ils."
MRK.8.20,"«Ko ta ehole ebukaka mbi miɛmbɛ sambo, tine bato koto inɛi; oandoakani sanga ilumake na bikengangengi beka?» Basɔmbedjaka : «Sambo.».","Et quand jai rompu les sept pains pour les quatre mille hommes, combien de corbeilles pleines de morceaux avez-vous emportées? Sept, répondirent-ils."
MRK.8.21,"Na bea Yesu abalaka na bu: «Mbunoko edɛdi, osipoakinini?».",Et il leur dit: Ne comprenez-vous pas encore?.
MRK.8.22,Aimeaka bo ta Betesaida; baduaka adi Yesu na moto omɔti ogwa miso ko bamongɔnɔkɔ bɛngi amobɛndje na ebɔ e nde.,"Ils se rendirent à Bethsaïda; et on amena vers Jésus un aveugle, quon le pria de toucher."
MRK.8.23,Atombaka moto ogwa miso na ebɔ e nde ko aimaka na nde sokolu e ibonga. Ngɔngɔ amotwueaka masɔi ta miso amobakeaka mɔmɔ ko omohɔdjɔ: «Wenɛkɛ moeka?».,"Il prit laveugle par la main, et le conduisit hors du village; puis il lui mit de la salive sur les yeux, lui imposa les mains, et lui demanda sil voyait quelque chose."
MRK.8.24,"Moto ogwaka miso adipoaka miso ko abalaka: «Naenɛkɛ bato, nabaenɛkɛ elenge mele madalaka.».","Il regarda, et dit: Japerçois les hommes, mais jen vois comme des arbres, et qui marchent."
MRK.8.25,Yesu asɔmbɔkɔ bomobakea naikina mɔmɔ ta miso; moto ogwaka miso aimeaka boenɛ bohu: ahelaka ko atikoanedjaka losusu.,"Jésus lui mit de nouveau les mains sur les yeux; et, quand laveugle regarda fixement, il fut guéri, et vit tout distinctement."
MRK.8.26,Na bea amoyanedjaka ko abalaka na nde: «Pɛ bosɔmbɔ naikina ta ibonga.».,"Alors Jésus le renvoya dans sa maison, en disant: Nentre pas au village."
MRK.8.27,"Yesu aimaka na batingami ba nde bakɛkɛ pamba e ibonga i Sedjale e Pilipo . Na ndjea, abahɔdjɔkɔ: «Ekabale bato ta tina e mbi nde?».","Jésus sen alla, avec ses disciples, dans les villages de Césarée de Philippe, et il leur posa en chemin cette question: Qui dit-on que je suis?."
MRK.8.28,"Bamosɔmbedjaka: «Adi bakina, odi Yoane, adi bakina, odi Elia, adi bakina pongono odi omɔti o mbaeli o Ndjakomba.».","Ils répondirent: Jean-Baptiste; les autres, Élie, les autres, lun des prophètes."
MRK.8.29,"Abahɔdjɔkɔ: «Adi no, mbi nadi nda?» Piɛlɛ amosɔmbedjaka: «Wɛ, odi Kilito.».","Et vous, leur demanda-t-il, qui dites-vous que je suis? Pierre lui répondit: Tu es le Christ."
MRK.8.30,"Na bea, Yesu abasiaka mɛnɛ badae pɛ botɔndea moto.",Jésus leur recommanda sévèrement de ne dire cela de lui à personne.
MRK.8.31,"Ngɔngimina, Yesu abangaka botɔndea batingami ba nde: «Etungi Mwana o Moto booka saya enɛnɛ; aloname na basuku ba ibonga, na bakondji ba banganga ba Ndjakomba ko na balehi ba mobeko. Bamowabi ko asapusoabi ngɔngɔ i masu masato.».","Alors il commença à leur apprendre quil fallait que le Fils de lhomme souffrît beaucoup, quil fût rejeté par les anciens, par les principaux sacrificateurs et par les scribes, quil fût mis à mort, et quil ressuscitât trois jours après."
MRK.8.32,Abalaka na bu bohu mɛnɛ. Na bea Piɛlɛ asasuaka na nde mo bohali ko amogameaka.,"Il leur disait ces choses ouvertement. Et Pierre, layant pris à part, se mit à le reprendre."
MRK.8.33,"Endolo Yesu ahombanaka, aendjaka batingami ba nde ko agameaka Piɛlɛ: «Sɔmbɔ sangɔngɔ i mbi, Satana! Malɛno ma wɛ maditi elenge ma Ndjakomba, endolo elenge ma bato.».","Mais Jésus, se retournant et regardant ses disciples, réprimanda Pierre, et dit: Arrière de moi, Satan! Car tu ne conçois pas les choses de Dieu, tu nas que des pensées humaines."
MRK.8.34,"Ngɔngɔ abeaka emumu e bato na batingami ba nde ko abalaka na bu: «Ekada moto mosusu akapala bokimanani, asalone yo mɛnɛ, atombe ekulusu e nde ko akimaneni.","Puis, ayant appelé la foule avec ses disciples, il leur dit: Si quelquun veut venir après moi, quil renonce à lui-même, quil se charge de sa croix, et quil me suive."
MRK.8.35,"Ekadabo moto mosusu akapala boheledja mohelo mo nde, amobungedjake; endolo moto yona abungedjake mohelo mo nde ta tina e mbi ko tine Bwɛndi Bopele amoheledjabi.","Car celui qui voudra sauver sa vie la perdra, mais celui qui perdra sa vie à cause de moi et de la bonne nouvelle la sauvera."
MRK.8.36,"Tɛtɔ adiake moto nda, akatomba ngondo esusu; na bea abungedji mohelo mo nde?.","Et que sert-il à un homme de gagner tout le monde, sil perd son âme?."
MRK.8.37,Eka epabi moto na bosɔmbɔtɔnɔ na mohelo nde?.,Que donnerait un homme en échange de son âme?.
MRK.8.38,"Na bea, yona okabini sɔni ko na mibalo mi mbi ta ndanda e bato ba ehole ye tebasumake Ndjakomba ko bato babe, na bea Mwana o Moto pongono abokabi sɔni ta ekumu e Sange e nde, engbanga na babwɛndji basɛnɔke.».","Car quiconque aura honte de moi et de mes paroles au milieu de cette génération adultère et pécheresse, le Fils de lhomme aura aussi honte de lui, quand il viendra dans la gloire de son Père, avec les saints anges."
MRK.9.1,"Yesu abalaka na bu naikina: «Okobea, nabali na nu; bakina badi ya batagwabi pɛ boenɛ Bokumu bo Ndjakomba bodua na sueya.».","Il leur dit encore: Je vous le dis en vérité, quelques-uns de ceux qui sont ici ne mourront point, quils naient vu le royaume de Dieu venir avec puissance."
MRK.9.2,"Ngɔngɔ i masu masamano, Yesu abeaka Piɛlɛ, Djake, Yoane; ko akɛkɛ na bu ta odiko i ikoli, oho badaka oko bo bɛnɛ. Akindoaka na bu ta miso:.","Six jours après, Jésus prit avec lui Pierre, Jacques et Jean, et il les conduisit seuls à lécart sur une haute montagne. Il fut transfiguré devant eux;."
MRK.9.3,"Bisendja bi nde bimeaka bongɛsɛ ipɛɛ mɛnɛ, pɛ nongo eka emɔti ta kpɔtɔ ebwani boimea ipɛɛ mondumba mua .","ses vêtements devinrent resplendissants, et dune telle blancheur quil nest pas de foulon sur la terre qui puisse blanchir ainsi."
MRK.9.4,Elia ko Mose babaimaneaka; badaka basola na Yesu.,"Élie et Moïse leur apparurent, sentretenant avec Jésus."
MRK.9.5,"Piɛlɛ abalaka na Yesu: «Labi , edi bopele lodae iya. Lopike bitondo bisato, emɔti tina e wɛ, ekina tina e Mose ko ekina tina e Elia.».","Pierre, prenant la parole, dit à Jésus: Rabbi, il est bon que nous soyons ici; dressons trois tentes, une pour toi, une pour Moïse, et une pour Élie."
MRK.9.6,"Aidjebaka eka ebobala, tengasa baimeaka na bɔɔ mɛnɛ!.","Car il ne savait que dire, leffroi les ayant saisis."
MRK.9.7,Itute ibahuaka na esi e nde ko ta itute imina moholi mokamaka: «Iyo adi Mwana o mbi oepaeli mokeani !».,"Une nuée vint les couvrir, et de la nuée sortit une voix: Celui-ci est mon Fils bien-aimé: écoutez-le!."
MRK.9.8,"Mbala emɔti, batingami baendjaka dɔngɔ na dɔngɔ, endolo baiyenɛkɛ naikina moto: oko Yesu yo mɛnɛ engbanga na bu.","Aussitôt les disciples regardèrent tout autour, et ils ne virent que Jésus seul avec eux."
MRK.9.9,"Ehole edaka bo batite ta ikoli, Yesu abasiaka boo badae pɛ botondea moto meako imenɛkɛ bo, mbunoko Mwana o Moto akasapusoabi ta ndanda e bago.","Comme ils descendaient de la montagne, Jésus leur recommanda de ne dire à personne ce quils avaient vu, jusquà ce que le Fils de lhomme fût ressuscité des morts."
MRK.9.10,"Babaneaka kɔpi emina, endolo badaka basahɔdjɔ: «Atingodjaka: Bosapusoa ta ndanda e bago nde?».","Ils retinrent cette parole, se demandant entre eux ce que cest que ressusciter des morts."
MRK.9.11,Na bea bahɔdjɔkɔ Yesu: «Tina ndani balehi ba mobeko bobalaka etungi Elia adue boso ?».,Les disciples lui firent cette question: Pourquoi les scribes disent-ils quil faut quÉlie vienne premièrement?.
MRK.9.12,Yesu abasɔmbedjaka: «Elia abwani bodua boso tine boisa misusu ta molɔngɔ. Endolo tina nda makomi makabale boo Mwana o Moto atungi aoke saya enɛnɛ ko bamoenɛbi eka ngasa ?.,"Il leur répondit: Élie viendra premièrement, et rétablira toutes choses. Et pourquoi est-il écrit du Fils de lhomme quil doit souffrir beaucoup et être méprisé?."
MRK.9.13,"Endolo mbi na balaka na nu: Elia aduaka ehele, ko bato bamonɔngedjaka moda mopalaka bo, elenge makomi mabalamaka tina e nde.».","Mais je vous dis quÉlie est venu, et quils lont traité comme ils ont voulu, selon quil est écrit de lui."
MRK.9.14,"Ehole ebatamaka bo na batingami bakina, baɛnɛkɛ emumu e bato ko balehi ba mobeko babomaka kitɛ na batingami bakina.","Lorsquils furent arrivés près des disciples, ils virent autour deux une grande foule, et des scribes qui discutaient avec eux."
MRK.9.15,"Ehole enɛkɛ emumu e bato Yesu, bakamoaka ko bapotaka tine bomoisea.","Dès que la foule vit Jésus, elle fut surprise, et accourut pour le saluer."
MRK.9.16,Abahɔdjɔkɔ: «Kitɛ abomakano na bu eye?».,Il leur demanda: Sur quoi discutez-vous avec eux?.
MRK.9.17,"Ta emumu e bato moto omɔti amosɔmbedjaka: «Molehi, nolwɛki mwana o mbi momi, tengasa atungeamaka na mwembo mobe mokamoimedje emimi.","Et un homme de la foule lui répondit: Maître, jai amené auprès de toi mon fils, qui est possédé dun esprit muet."
MRK.9.18,"Polo esusu mwembo momina ekatane mo mwana, bomodumbaka ta kpɔtɔ, na bea mapuli boimaka na nde ta monɔkɔ ko bokpɛkɛlɛkɛ mino, mokuku mosusu bopingaka. Nongɔnɔki batingami ba wɛ boo babengane mwembo momina, endolo bamohɔniti.».","En quelque lieu quil le saisisse, il le jette par terre; lenfant écume, grince des dents, et devient tout raide. Jai prié tes disciples de chasser lesprit, et ils nont pas pu."
MRK.9.19,Yesu abalaka na bu: «Bato bataka e bodima! Mbunoko ehole nda edabi mbi na nu? Mbunoko ehole nda nohɔneni? Duani na mwana!».,"Race incrédule, leur dit Jésus, jusques à quand serai-je avec vous? Jusques à quand vous supporterai-je? Amenez-le-moi. On le lui amena."
MRK.9.20,"Baduaka na mwana. Ehole enɛkɛ mwana Yesu, mwembo mobe mopukusaka mwana na ngulu mɛnɛ ko akwaka ta kpɔtɔ; aimeaka bobilingana ko mapuli maimaka ta monɔkɔ.","Et aussitôt que lenfant vit Jésus, lesprit lagita avec violence; il tomba par terre, et se roulait en écumant."
MRK.9.21,Yesu ahɔdjɔkɔ sange e nde: «Bihole beka biyeyoi yogo emina na nde?» Sange e nde asɔmbedjaka: «Donga ta bobwɛngɛ bo nde.,"Jésus demanda au père: Combien y a-t-il de temps que cela lui arrive? Depuis son enfance, répondit-il."
MRK.9.22,"Mbala isusu mwembo momina bomodumbaka ta mosa kaoko ta madiba bɛngi agwɛ. Endolo okapala, lokea ndjokwa ko lokamoa!».","Et souvent lesprit la jeté dans le feu et dans leau pour le faire périr. Mais, si tu peux quelque chose, viens à notre secours, aie compassion de nous."
MRK.9.23,Yesu abalaka na nde: «Okakoka! Misusu mikoki adi yona okadime.».,Jésus lui dit: Si tu peux!… Tout est possible à celui qui croit.
MRK.9.24,"Mbala emɔti, Sange mwana alɛbɛkɛ: «Nadimi, kamoani tine taka e bodima!».",Aussitôt le père de lenfant sécria: Je crois! Viens au secours de mon incrédulité!.
MRK.9.25,"Yesu aenɛkɛ emumu e bato baduaka mbuti na bu; agameaka mwembo mobe: «Wɛ mwembo mu mokimedje moto emimi, ima adi mwana pɛ bosɔmbɔ naikina!».","Jésus, voyant accourir la foule, menaça lesprit impur, et lui dit: Esprit muet et sourd, je te lordonne, sors de cet enfant, et ny rentre plus."
MRK.9.26,"Mwembo mobe moimaka adi mwana na bolɛbɛ ko na bopukusa mwana na ngulu mɛnɛ. Mwana aimeaka elenge moto agwi, ko bato banɛnɛ babalaka: «Agwi.».","Et il sortit, en poussant des cris, et en lagitant avec une grande violence. Lenfant devint comme mort, de sorte que plusieurs disaient quil était mort."
MRK.9.27,"Endolo Yesu amopeaka ta ebɔ, amoangɔdjɔkɔ ko mwana aemaka.","Mais Jésus, layant pris par la main, le fit lever. Et il se tint debout."
MRK.9.28,"Ehole eyanaka Yesu ta ndako batingami basasuaka na nde, bamohɔdjɔkɔ: «Tina nda iso lohɔniti bobengana mwembo momina?».","Quand Jésus fut entré dans la maison, ses disciples lui demandèrent en particulier: Pourquoi navons-nous pu chasser cet esprit?."
MRK.9.29,Yesu abalaka na bu: «Mondumba mo mwembo mua motungi boima oko na miongɔnɔ.».,Il leur dit: Cette espèce-là ne peut sortir que par la prière.
MRK.9.30,"Yesu na batingami ba nde badongaka ta polo emina, bakatisaka ibonga i Galilea; ko aipalaka boo bato badjebe polo edaka yo.","Ils partirent de là, et traversèrent la Galilée. Jésus ne voulait pas quon le sût."
MRK.9.31,"Endja, mondumba molakaka yo batingami ba nde: «Mwana o Moto adi mbuti akabame ta mɔmɔ ma bato, bamowabi; ko ngɔngɔ i masu masato, asapusoabi ta bogwa.».","Car il enseignait ses disciples, et il leur dit: Le Fils de lhomme sera livré entre les mains des hommes; ils le feront mourir, et, trois jours après quil aura été mis à mort, il ressuscitera."
MRK.9.32,Endolo batingami baisipoaka tine kɔpi emina ko badaka na bɔɔ bomohɔdjɔ.,"Mais les disciples ne comprenaient pas cette parole, et ils craignaient de linterroger."
MRK.9.33,"Ehole eimeaka bo ta ibonga i Kapalanauma, bakweaka ta ndako. Yesu ahɔdjɔkɔ batingami ba nde: «Kitɛ ebomakino na ndjea e ye?».","Ils arrivèrent à Capernaüm. Lorsquil fut dans la maison, Jésus leur demanda: De quoi discutiez-vous en chemin?."
MRK.9.34,"Endolo bo bapɔpɔnɔkɔ; tengasa na ndjea, babomaka kitɛ tine bodjeba moto onɔi binande na gala.","Mais ils gardèrent le silence, car en chemin ils avaient discuté entre eux pour savoir qui était le plus grand."
MRK.9.35,"Na bea Yesu asadedjaka, abeaka batingami domi na ibae ko abalaka na bu: «Yona apalaka adae moto o boso, bopele adae moto o ngɔngɔ ko mosali o bato basusu.».","Alors il sassit, appela les douze, et leur dit: Si quelquun veut être le premier, il sera le dernier de tous et le serviteur de tous."
MRK.9.36,Atombaka mwana mokɛkɛ amoemeaka ta ndanda e bobo; ngɔngɔ i bomotomba na mɔmɔ ma nde abalaka na bu:.,"Et il prit un petit enfant, le plaça au milieu deux, et layant pris dans ses bras, il leur dit:."
MRK.9.37,"«Moto mosusu oasɔi mwana na kombe e mbi elenge mwana i yo, asɔini mbi mɛnɛ; ko yona oasɔi mbi, editi mbi, endolo asɔi yona olomani.».","Quiconque reçoit en mon nom un de ces petits enfants me reçoit moi-même; et quiconque me reçoit, reçoit non pas moi, mais celui qui ma envoyé."
MRK.9.38,"Yoane abalaka na nde: «Molehi, loeni moto omɔti bobengana miembo mibe na kombe e wɛ ko lopalaki lomosie, tine boo aditi engbanga emɔti na su.».","Jean lui dit: Maître, nous avons vu un homme qui chasse des démons en ton nom; et nous len avons empêché, parce quil ne nous suit pas."
MRK.9.39,"Endolo Yesu asɔmbedjaka: «Pɛ bomosiani, tengasa moto aboaniti bobala bobe tina e mbi, bea ngɔngɔ akɔe embete ebokamoa na kombe e mbi.","Ne len empêchez pas, répondit Jésus, car il nest personne qui, faisant un miracle en mon nom, puisse aussitôt après parler mal de moi."
MRK.9.40,"Tengasa moto odi pɛ boda na soki na su, adi o biso.",Qui nest pas contre nous est pour nous.
MRK.9.41,"Moto obapabi kɔbɔ e madiba tine boo odini bato bakilito, okobea, nabali na nu edi soti: adiabi iputi i nde.».","Et quiconque vous donnera à boire un verre deau en mon nom, parce que vous appartenez à Christ, je vous le dis en vérité, il ne perdra point sa récompense."
MRK.9.42,"«Endolo yona ataedjake ibaku ta omɔti o bana bakɛkɛ ibakadimeni, ebwani bopele na nde bomotingea ibanga igbɔgbɔ ta dɔli ko bomodumba ta duwa.","Mais, si quelquun scandalisait un de ces petits qui croient, il vaudrait mieux pour lui quon lui mît au cou une grosse meule de moulin, et quon le jetât dans la mer."
MRK.9.43,"Ekadabo ebɔ e wɛ ekolome ta bobe, elena; enɔi na bopele tina e wɛ, bokwea na ebɔ emɔti ta mohelo mopele, ta polo ebobanea mɔmɔ mabae ko bokɛ na mu ta ipelu, ta mosa mokadae pɛ bodimea. .","Si ta main est pour toi une occasion de chute, coupe-la; mieux vaut pour toi entrer manchot dans la vie."
MRK.9.44,"Oho, timo bodɛkɛ mikuku mikadae pɛ bogwa ko ta mosa mokadae pɛ bodimea .","que davoir les deux mains et daller dans la géhenne, dans le feu qui ne séteint point."
MRK.9.45,"Ekadabo eko e wɛ ekolome ta bobe, elena; enɔi na bopele tina e wɛ bokwea ta mohelo mopele na eko emɔti ta polo ebobanea mako mabae ko odumbame ta ipelu. .","Si ton pied est pour toi une occasion de chute, coupe-le; mieux vaut pour toi entrer boiteux dans la vie."
MRK.9.46,"Oho,Timo bodɛkɛ mikuku mikadae pɛ bogwa ko ta mosa mokadae pɛ bodimea.","que davoir les deux pieds et dêtre jeté dans la géhenne, dans le feu qui ne séteint point."
MRK.9.47,"Ekadabo diso lolomaka ta bobe, longodja; enɔi bopele tine wɛ bokwea ta Bokumu bo Ndjakomba na diso imɔti ta polo ebobanea miso mabae ko odumbame ta ipelu.","Et si ton œil est pour toi une occasion de chute, arrache-le; mieux vaut pour toi entrer dans le royaume de Dieu nayant quun œil, que davoir deux yeux et dêtre jeté dans la géhenne."
MRK.9.48,"Oho,Timo bodɛkɛ mikuku mikadae pɛ bogwa ko mosa mokadae pɛ bodimea.","où leur ver ne meurt point, et où le feu ne séteint point."
MRK.9.49,"Na bea, moda mokalɛlebo ta tina e bokpa bo monana, okobea moda momɔti babamekabi na saya e mosa .",Car tout homme sera salé de feu.
MRK.9.50,"«Monana edi eka epele; endolo mokataka ngɛngɛ, wasɔmbedjake bokpa bomina na ye? Daani na monana ta tei e bino ko daani na bogo ino na bakina.».","Le sel est une bonne chose; mais si le sel devient sans saveur, avec quoi lassaisonnerez-vous?."
MRK.10.1,"Ehole ekinaka Yesu ibonga imina, ahulaka ta ibonga i Yudea ko ta pamba e ibonga ikina i Yolodane. Emumu e bato baputoanaka mbuti na nde, ko abangaka bobaleha, elenge edaka elama e nde.","Jésus, étant parti de là, se rendit dans le territoire de la Judée au-delà du Jourdain. La foule sassembla de nouveau près de lui, et selon sa coutume, il se mit encore à lenseigner."
MRK.10.2,Bapalusai babatamaka mbuti na nde bɛngi bamohɔdje ihɔdjɔ i bomeka. Bamohɔdjɔkɔ: «Mobeko mo biso malomaka momi bodongedja mwali o nde ta moki?».,"Les pharisiens labordèrent; et, pour léprouver, ils lui demandèrent sil est permis à un homme de répudier sa femme."
MRK.10.3,Yesu abasɔmbedjaka: «Ta mobeko mo Mose ekomama nde?».,Il leur répondit: Que vous a prescrit Moïse?.
MRK.10.4,Bamosɔmbedjaka: «Mose apaka enɔli adi momi e bokomea mwali mokanda mobowa moki .».,"Moïse, dirent-ils, a permis décrire une lettre de divorce et de répudier."
MRK.10.5,"Na bea Yesu abalaka na bu: «Mose akomaka mobeko mua, tine boo odini na milema mipipo.",Et Jésus leur dit: Cest à cause de la dureté de votre cœur que Moïse vous a donné ce précepte.
MRK.10.6,"Endolo ta mbangi e losusu, Ndjakomba ayoaka bato: Momi ko mwali, moda mabalaka makomi .","Mais au commencement de la création, Dieu fit lhomme et la femme;."
MRK.10.7,"Na tina emina, momi akinakabi sange e nde na nange e nde ko aputoanabi na mwali o nde.","cest pourquoi lhomme quittera son père et sa mère, et sattachera à sa femme."
MRK.10.8,"ko bo babae baimeabi moto omɔti. Na bea, batadabi naikina bato babae, endolo moto omɔti.","et les deux deviendront une seule chair. Ainsi ils ne sont plus deux, mais ils sont une seule chair."
MRK.10.9,Pɛ moto obwani bogbɔtodja yena eputoanedja Ndjakomba.».,Que lhomme donc ne sépare pas ce que Dieu a joint.
MRK.10.10,"Ehole edaka bo ta ndako, batingami basɔmbɔkɔ naikina bohɔdjɔ Yesu tina emina.","Lorsquils furent dans la maison, les disciples linterrogèrent encore là-dessus."
MRK.10.11,"Abalaka na bu: «Yona odongedji mwali o nde ta moki ko asɔi mwali okina, akɔi bɔɔli.","Il leur dit: Celui qui répudie sa femme et qui en épouse une autre, commet un adultère à son égard;."
MRK.10.12,"Oko moda momina, mwali yona ogbɔti ta moki na mumande ko akwei ta moki mokina, yo pongono akɔi bɔɔli.».","et si une femme quitte son mari et en épouse un autre, elle commet un adultère."
MRK.10.13,Bato baduaka na bana adi Yesu bɛngi abadjongoe. Endolo batingami bababenganaka.,"On lui amena des petits enfants, afin quil les touchât. Mais les disciples reprirent ceux qui les amenaient."
MRK.10.14,"Ehole enɛkɛ Yesu bea, aokaka saya ta molema ko abalaka na batingami ba nde: «Kinani bana bakɛkɛ badue adi mbi! Pɛ bobasiani, tengasa Bokumu bo Ndjakomba bodi elenge bia badi elenge bo .","Jésus, voyant cela, fut indigné, et leur dit: Laissez venir à moi les petits enfants, et ne les en empêchez pas; car le royaume de Dieu est pour ceux qui leur ressemblent."
MRK.10.15,"Nabalaka na nu: Okobea, yona odabi pɛ bodima Bokumu bo Ndjakomba elenge mwana mokɛkɛ, moto mina akwetebi.».","Je vous le dis en vérité, quiconque ne recevra pas le royaume de Dieu comme un petit enfant ny entrera point."
MRK.10.16,"Ngɔngimina, atombaka bana basusu ta mɔmɔ ma nde; ababakeaka mɔmɔ ko abadjongoaka.","Puis il les prit dans ses bras, et les bénit, en leur imposant les mains."
MRK.10.17,"Ehole edaka bo na ndjea, momi omɔti aduaka ebango, akwaka magbundɔ ta boso bo Yesu ko amohɔdjɔkɔ: «Molehi mopele, ebwani mbi bokɔ bɛngi nadihe mohelo mo seko nde?».","Comme Jésus se mettait en chemin, un homme accourut, et se jetant à genoux devant lui: Bon maître, lui demanda-t-il, que dois-je faire pour hériter la vie éternelle?."
MRK.10.18,"Yesu abalaka na nde: «Tina ndani obeini molehi mopele? Pɛ moto odi mopele, dongedja oko Ndjakomba yo mɛnɛ.",Jésus lui dit: Pourquoi mappelles-tu bon? Il ny a de bon que Dieu seul.
MRK.10.19,Okadjebe mibeko: Pɛ bowa moto; pɛ bokɔ bɔɔli; pɛ boiba; pɛ bobala tati e boloa na minawɛ; pɛ bokɔ minawɛ bobe; suma sange e wɛ na nange e wɛ .».,Tu connais les commandements: Tu ne commettras point dadultère; tu ne tueras point; tu ne déroberas point; tu ne diras point de faux témoignage; tu ne feras tort à personne; honore ton père et ta mère.
MRK.10.20,"Momi omina amosɔmbedjaka: «Molehi, nakasume mia misusu donga ehele ta bobwɛngɛ bo mbi.».","Il lui répondit: Maître, jai observé toutes ces choses dès ma jeunesse."
MRK.10.21,"Yesu amoendjaka ko asepaka na nde mɛnɛ. Abalaka na nde: «Otaki oko eka emɔti: kɛɛ, tɛkɛ leka losusu lodi na wɛ ko pa palanga imina adi batakeli ko wadiake madieli ta busa; na bea dua ko kimanani.».","Jésus, layant regardé, laima, et lui dit: Il te manque une chose; va, vends tout ce que tu as, donne-le aux pauvres, et tu auras un trésor dans le ciel. Puis viens, et suis-moi."
MRK.10.22,"Endolo ehole eokaka yo kɔpi emina, mokuku moembɛkɛ na nde ko ayanaka na ndjokwa, tengasa adaka na bodieli bonɛnɛ.","Mais, affligé de cette parole, cet homme sen alla tout triste; car il avait de grands biens."
MRK.10.23,Yesu alaka mɛngɛ dɔngɔ na dɔngɔ ko abalaka na batingami ba nde: «Edi bopipo adi badieli bokwea ta bokumu bo Ndjakomba!».,"Jésus, regardant autour de lui, dit à ses disciples: Quil sera difficile à ceux qui ont des richesses dentrer dans le royaume de Dieu!."
MRK.10.24,"Batingami bakamoaka na kɔpi emina. Endolo Yesu abalaka naikina: «Soti bana ba mba, edi bopipo bokwea ta bokumu bo Ndjakomba!.","Les disciples furent étonnés de ce que Jésus parlait ainsi. Et, reprenant, il leur dit: Mes enfants, quil est difficile à ceux qui se confient dans les richesses dentrer dans le royaume de Dieu!."
MRK.10.25,"Edi na bopɛpɛtɛ tito o kamela anɔe ta iposɛ i sinani, endolo edi na bopipo mɛnɛ adi modieli bokwea ta Bokumu bo Ndjakomba.».",Il est plus facile à un chameau de passer par le trou dune aiguille quà un riche dentrer dans le royaume de Dieu.
MRK.10.26,"Batingami bakamoaka naikina bonɔ ko basabaleanaka: «Na bea, ohelabi mɛnɛ nda?».","Les disciples furent encore plus étonnés, et ils se dirent les uns aux autres; Et qui peut être sauvé?."
MRK.10.27,"Yesu abaendjaka ko abalaka: «Modjɔ modi bato pɛ bohɔnɔ bokɔ, Ndjakomba adi bomokɔ, tengasa Ndjakomba taembɛkɛ nongo modjɔ momɔti.».","Jésus les regarda, et dit: Cela est impossible aux hommes, mais non à Dieu: car tout est possible à Dieu."
MRK.10.28,"Na bea Piɛlɛ abalaka na nde: «Oka, iso lokina misusu tine bokimana wɛ.».","Pierre se mit à lui dire; Voici, nous avons tout quitté, et nous tavons suivi."
MRK.10.29,"Yesu amosɔmbedjaka: «Okobea, edi soti, ekada moto yona okini, tine mbi ko tine Bwɛndi Bopele, ndako e nde, bange i nde, bangɛnɛ i nde, nange e nde, sange e nde, bana ba nde, gbie i nde.","Jésus répondit: Je vous le dis en vérité, il nest personne qui, ayant quitté, à cause de moi et à cause de la bonne nouvelle, sa maison, ou ses frères, ou ses sœurs, ou sa mère, ou son père, ou ses enfants, ou ses terres."
MRK.10.30,"ko adiabi mbala mokama bonɔ ta ehole iye ahelaka so edɛdi: ndako, bange i nde, ngɛnɛ i nde, bana ba nango, bana ba nde ko gbie, enɔngi pongono; ta ngondo yena aduake, adiake mohelo mo seko.","ne reçoive au centuple, présentement dans ce siècle-ci, des maisons, des frères, des sœurs, des mères, des enfants, et des terres, avec des persécutions, et, dans le siècle à venir, la vie éternelle."
MRK.10.31,"Bato banɛnɛ i badi edɛdi boso, badakabi bato ba ngɔngɔ; ko bato banɛnɛ i badi edɛdi ngɔngɔ, badakabi bato ba boso.».","Plusieurs des premiers seront les derniers, et plusieurs des derniers seront les premiers."
MRK.10.32,"Yana adakabo badale na ndjea tine bokɛ ta ibonga Yelusalɛmɛ, Yesu adalaka boso bo bobo. Na bea, batingami ba nde badaka na bokɛsɛdji ko bato ibamokimanaka badaka na bɔɔ. Yesu atombaka ekina mbala batingami domi na babae mbuti na nde ko aimeaka bobatɔndea eka emoimeake ngɔngɔ:.","Ils étaient en chemin pour monter à Jérusalem, et Jésus allait devant eux. Les disciples étaient troublés, et le suivaient avec crainte. Et Jésus prit de nouveau les douze auprès de lui, et commença à leur dire ce qui devait lui arriver:."
MRK.10.33,"«Eboani, lokɛni ta ibonga i Yelusalɛmɛ, oho Mwana o Moto akabamake ta mɔmɔ ma bakondji ba banganga ba Ndjakomba ko adi balehi ba mobeko. Bamoleneabi etumbu e bogwa ko bamokababi ta mɔmɔ ma bakɛndɛli.","Voici, nous montons à Jérusalem, et le Fils de lhomme sera livré aux principaux sacrificateurs et aux scribes. Ils le condamneront à mort, et ils le livreront aux païens."
MRK.10.34,"Bamosɛkɛbi, bamotwieyabi masɔi, bamokɛsɛkɛkɛbi mbalake ko bamowabi. Ko ngɔngɔ i masu masato, asapusoabi ta bogwa.».","qui se moqueront de lui, cracheront sur lui, le battront de verges, et le feront mourir; et, trois jours après, il ressuscitera."
MRK.10.35,"Djake na Yoane, bana ba Djebede, baduaka adi Yesu ko bamosɛngɛkɛ. «Molehi, lodi na posa boo olokokedje esɛngɛ iye.».","Les fils de Zébédée, Jacques et Jean, sapprochèrent de Jésus, et lui dirent: Maître, nous voudrions que tu fisses pour nous ce que nous te demanderons."
MRK.10.36,Yesu abalaka na bu: «Apalaka no nakɔe tina e bino nde?».,Il leur dit: Que voulez-vous que je fasse pour vous?.
MRK.10.37,"Bamosɔmbedjaka: «Ehole edabi wɛ ta ekumu e wɛ, dima boo lodae mbuti na wɛ, okina ta ebɔ e bami, okina ta ebɔ e bali.».","Accorde-nous, lui dirent-ils, dêtre assis lun à ta droite et lautre à ta gauche, quand tu seras dans ta gloire."
MRK.10.38,Endolo Yesu abalaka na bu: «Otadjebakani eka esɛngɛkɛ no. Wahɔnɔkeni bomwaka kɔbɔ emwake mbi? Kaoko wadimakeni bodia inelo e saya adiake mbi?».,"Jésus leur répondit: Vous ne savez ce que vous demandez. Pouvez-vous boire la coupe que je dois boire, ou être baptisés du baptême dont je dois être baptisé? Nous le pouvons, dirent-ils."
MRK.10.39,"Ko bamosɔmbedjaka: «Soti, labwanake.» Yesu abalaka na bu: «Kɔbɔ emwake mbi, ino wamwakeni ko inelo adiake mbi, ino wadiakeni.","Et Jésus leur répondit: Il est vrai que vous boirez la coupe que je dois boire, et que vous serez baptisés du baptême dont je dois être baptisé;."
MRK.10.40,Endolo editi mbi moto obwani bodimedja boo odaeni ta ebɔ e mbi e bami kaoko ta ebɔ e mbi e bali; tengasa polo imina idi tine bato ibabɔngedja Ndjakomba tina e dju.».,"mais pour ce qui est dêtre assis à ma droite ou à ma gauche, cela ne dépend pas de moi, et ne sera donné quà ceux à qui cela est réservé."
MRK.10.41,"Ehole eokaka batingami bakina domi meako mimina, baokeaka Djake na Yoane bobe.","Les dix, ayant entendu cela, commencèrent à sindigner contre Jacques et Jean."
MRK.10.42,"Na bea Yesu ababeaka bo basusu ko abalaka na bu: wadjebakani boo, ibia baenɛkɛ so elenge bakumu ba bikomi bakakondje ngondo iya; pongono bakondji ba bato bainedjaka bato ba bobo saya.","Jésus les appela, et leur dit: Vous savez que ceux quon regarde comme les chefs des nations les tyrannisent, et que les grands les dominent."
MRK.10.43,"Endolo ta tine e bino, midae pɛ bokɔmɔ bea. Na tina emina ekada omɔti o bino akapala adae moto o gala, abwani adae mosali o bakina.","Il nen est pas de même au milieu de vous. Mais quiconque veut être grand parmi vous, quil soit votre serviteur;."
MRK.10.44,"ko yona apalaka adae moto o boso, atungi adae mosali o bato basusu.","et quiconque veut être le premier parmi vous, quil soit lesclave de tous."
MRK.10.45,"Tengasa Mwana o Moto aiduaka tine bamosale, endolo aduaka tine bosalea bato ko bopa mohelo mo nde elenge ikabo ta bosikoa bato basusu.","Car le Fils de lhomme est venu, non pour être servi, mais pour servir et donner sa vie comme la rançon de plusieurs."
MRK.10.46,"Baimeaka ta ibonga e Yeliko. Ehole eimaka bo ta ibonga emina engbanga na batingami ba nde, ko na emumu e bato, motakeli omɔti ogwaka miso kombe e nde Balatimayo, mwana o Timeyo, adaka adi ta yɔnge ndjea, tine bosɛngɛ.","Ils arrivèrent à Jéricho. Et, lorsque Jésus en sortit, avec ses disciples et une assez grande foule, le fils de Timée, Bartimée, mendiant aveugle, était assis au bord du chemin."
MRK.10.47,"Ehole eokayo boo Yesu o Nasaleta adaka anɔe abangaka bolɛbɛ: «Yesu, Mwana o Dapiti, okeani ndjokwa!».","Il entendit que cétait Jésus de Nazareth, et il se mit à crier; Fils de David, Jésus aie pitié de moi!."
MRK.10.48,"Bato bamogameaka bɛngi apɔpɔne, endolo yo agamaka na ngulu mɛnɛ: «Mwana o Dapiti, okeani ndjokwa!».","Plusieurs le reprenaient, pour le faire taire; mais il criait beaucoup plus fort; Fils de David, aie pitié de moi!."
MRK.10.49,"Yesu aemaka ko abalaka: «Mobeani.» Bamobeaka ko babalaka na nde: «Sapingedja! Angɔ, aobeaka!».","Jésus sarrêta, et dit: Appelez-le. Ils appelèrent laveugle, en lui disant: Prends courage, lève-toi, il tappelle."
MRK.10.50,Na bea adumbaka kasaka e nde ko apotaka adi Yesu.,"Laveugle jeta son manteau, et, se levant dun bond, vint vers Jésus."
MRK.10.51,"Yesu amohɔdjɔkɔ: «Apalaka wɛ nokɔe nde?» Moto ogwaka miso amosɔmbedjaka: «Labuni,» etingodji boo molehi, «kɔɔ boo naenɛ naikina!».","Jésus, prenant la parole, lui dit: Que veux-tu que je te fasse? Rabbouni, lui répondit laveugle, que je recouvre la vue."
MRK.10.52,"Ko Yesu abalaka na nde: «Kɛɛ, bodima bo wɛ boheledji .» Na mbala emɔti, aenɛkɛ naikina, ko akimanaka Yesu ta ndjea.","Et Jésus lui dit: Va, ta foi ta sauvé."
MRK.11.1,"Ehole ebatamaka bo na ibonga i Yelusalɛmɛ, baimeaka ta Betepasa e Betania, mbuti na makoli ma Olipa; Yesu alomaka batingami ba nde babae.","Lorsquils approchèrent de Jérusalem, et quils furent près de Bethphagé et de Béthanie, vers la montagne des oliviers, Jésus envoya deux de ses disciples."
MRK.11.2,"Abalaka na bu: «Kɛni ta ngando yena edi boso bo bino. Ehole aimeakeno, wataneakeni mwana, o tito okabee bo, ane atingi; yona oda moto pɛ bobakama boso. Motingoani ko duani na yu.","en leur disant: Allez au village qui est devant vous; dès que vous y serez entrés, vous trouverez un ânon attaché, sur lequel aucun homme ne sest encore assis; détachez-le, et amenez-le."
MRK.11.3,"Moto akohɔdjɔni: Tina ndani wakɔkɔni bea, balani na nde: Kumu adi na ikamba na yu, na bea aesɔmbedjakedea pɛpɛlɛ .».",Si quelquun vous dit: Pourquoi faites-vous cela? Répondez: Le Seigneur en a besoin. Et à linstant il le laissera venir ici.
MRK.11.4,"Bakɛkɛ ko bataneaka mwana o tito omina atingi sokolu, mbuti na ekukɛ, na ndjea; ko baetingoaka.","les disciples, étant allés, trouvèrent lânon attaché dehors près dune porte, au contour du chemin, et ils le détachèrent."
MRK.11.5,Bato badaka ena babahɔdjɔkɔ: «Eka akɔkɔ no nda? Tina ndani watingoakani mwana o tito iyo?».,Quelques-uns de ceux qui étaient là leur dirent: Que faites-vous? Pourquoi détachez-vous cet ânon?.
MRK.11.6,"Babasɔmbedjaka oko moda mobalaka Yesu na bu, ko babakinaka bokɛ.",Ils répondirent comme Jésus lavait dit. Et on les laissa aller.
MRK.11.7,"Bahulaka na mwana, o tito okabee bo ane, adi Yesu. Babakeaka bisendja bi bobo ta diko i tito ko Yesu abakamaka ta diko i yu .","Ils amenèrent à Jésus lânon, sur lequel ils jetèrent leurs vêtements, et Jésus sassit dessus."
MRK.11.8,Emumu e bato enɛnɛ baandaka bisendja bi bobo ta ndjea ko bakina bapeaka mango ma mabia mabukakabo ta gbie .,"Beaucoup de gens étendirent leurs vêtements sur le chemin, et dautres des branches quils coupèrent dans les champs."
MRK.11.9,Bato ibadalaka boso bo Yesu ko na bia bamokimanaka badaka bagama: «Odjana adi Ndjakomba! Ko Ndjakomba adjongoe yona aduake na kombe e Kumu!.,Ceux qui précédaient et ceux qui suivaient Jésus criaient: Hosanna! Béni soit celui qui vient au nom du Seigneur!.
MRK.11.10,"Ekumu edae ta bokumu bua baduake, bokumu bo Dapiti Sange e biso! Odjana ta bisika inɔi na diko i losusu !».","Béni soit le règne qui vient, le règne de David, notre père! Hosanna dans les lieux très hauts!."
MRK.11.11,"Yesu akweaka ta ibonga i Yelusalɛmɛ ta tepelo. Ngɔngɔ iboendja misusu midaka mbuti na nde, akɛkɛ ta ibonga i Betania na bapɔsɔlu ba nde domi na babae, tengasa eimeaka mɔmɔkɔ.","Jésus entra à Jérusalem, dans le temple. Quand il eut tout considéré, comme il était déjà tard, il sen alla à Béthanie avec les douze."
MRK.11.12,"Aya busa, ehole ekinaka bo ibonga i Betania, Yesu aokaka ndja.","Le lendemain, après quils furent sortis de Béthanie, Jésus eut faim."
MRK.11.13,"Aenɛkɛ bohali mole mo pigi molumaka na kasa, akɛkɛ na elɛndɛ ebotanea mbuma; endolo ehole eimeaka yo mbuti na mole, ataneaka oto kasa; tengasa eidaka bodidi bo mbuma i pigi.","Apercevant de loin un figuier qui avait des feuilles, il alla voir sil y trouverait quelque chose; et, sen étant approché, il ne trouva que des feuilles, car ce nétait pas la saison des figues."
MRK.11.14,Na bea Yesu abalaka na mole mo pigi: «Moto atayabi naikina seko na seko mbuma i wɛ!» Ko batingami ba nde baokaka.,"Prenant alors la parole, il lui dit: Que jamais personne ne mange de ton fruit! Et ses disciples lentendirent."
MRK.11.15,Baimeaka ta ibonga i Yelusalɛmɛ. Yesu akweaka ta tepelo ko abangaka bobengana bato i batɛkɛkɛ na i basombaka ta ikanga i tepelo. Adumbakaka mesa i batɛki ko na bidie bi batɛki ba bimbenga .,"Ils arrivèrent à Jérusalem, et Jésus entra dans le temple. Il se mit à chasser ceux qui vendaient et qui achetaient dans le temple; il renversa les tables des changeurs, et les sièges des vendeurs de pigeons;."
MRK.11.16,ko aikinaka nongo moto atombe eka ta tepelo.,et il ne laissait personne transporter aucun objet à travers le temple.
MRK.11.17,"Na bea, aimeaka bobaleha ko abalaka: «Ta makomi, Ndjakomba abalaka: Ndako e mbi ebeamabi ndako e miongɔnɔ tine bato ba bikomi bisusu bi ngondo. Endolo ino, oimedjini etondo e baubi !».","Et il enseignait et disait: Nest-il pas écrit: Ma maison sera appelée une maison de prière pour toutes les nations? Mais vous, vous en avez fait une caverne de voleurs."
MRK.11.18,"Bakondji ba banganga ba Ndjakomba na balehi ba mobeko aokaka bo bea, bahombaka enɔeli e bowa Yesu. Na bea, badaka na bɔɔ na nde, tine bato basusu bakamoaka na bileho bi nde.","Les principaux sacrificateurs et les scribes, layant entendu, cherchèrent les moyens de le faire périr; car ils le craignaient, parce que toute la foule était frappée de sa doctrine."
MRK.11.19,"Ehole e mɔmɔkɔ, Yesu na batingami ba nde baimaka ta ibonga inɛnɛ .","Quand le soir fut venu, Jésus sortit de la ville."
MRK.11.20,"Aya busa ehuma, yana adakabo banɔe, batingami baenɛkɛ mole mo pigi mokakana mosusu mbunoko nginga.","Le matin, en passant, les disciples virent le figuier séché jusquaux racines."
MRK.11.21,"Piɛlɛ asɔmbedjaka malɛno ta meako minɔkɔ ko ahɔdjɔkɔ Yesu: «Labi, endja mole mo pigi imolakedja wɛ mokakani mosusu.».","Pierre, se rappelant ce qui sétait passé, dit à Jésus: Rabbi, regarde, le figuier que tu as maudit a séché."
MRK.11.22,Yesu abalaka na batingami ba nde: edi soti «Dani na bodima adi Ndjakomba!.,"Jésus prit la parole, et leur dit: Ayez foi en Dieu."
MRK.11.23,"Okobea, nabali na nu: Edi soti, yona obalakabi na ikoli: Donga ta polo yena ko sadumba ta duwa, ko amiti daa na kitɛ ta molema mo nde, endolo na edimeli meako mabalaka yo makɔmɔke, makokedjamake tina e nde.","Je vous le dis en vérité, si quelquun dit à cette montagne: Ote-toi de là et jette-toi dans la mer, et sil ne doute point en son cœur, mais croit que ce quil dit arrive, il le verra saccomplir."
MRK.11.24,"Na tina emina, nabalaka na nu: losusu lohɔdjɔkɔbino ta miongɔnɔ, dimani boo obolodjini, ko miopamakabini.","Cest pourquoi je vous dis: Tout ce que vous demanderez en priant, croyez que vous lavez reçu, et vous le verrez saccomplir."
MRK.11.25,"Ko ehole emino diko tine bongɔnɔ, okada na modjɔ na mwange e wɛ, moyɛ, na bea sange e bino yona odi ta busa aoyɛkeni pongono mabe makɔi no. .","Et, lorsque vous êtes debout faisant votre prière, si vous avez quelque chose contre quelquun, pardonnez, afin que votre Père qui est dans les cieux vous pardonne aussi vos offenses."
MRK.11.26,"Endolo omiti yɛni babinanu, sange e bino odi o diko atoyɛbini mabe makɔi no .».","Mais si vous ne pardonnez pas, votre Père qui est dans les cieux ne vous pardonnera pas non plus vos offenses."
MRK.11.27,"Bahulaka naikina ta ibonga i Yelusalɛmɛ. Yana adakabo ta ikanga i tepelo, banganga ba Ndjakomba, na balehi ba mobeko ko na basuku ba ibonga baduaka mbuti na nde.","Ils se rendirent de nouveau à Jérusalem, et, pendant que Jésus se promenait dans le temple, les principaux sacrificateurs, les scribes et les anciens, vinrent à lui."
MRK.11.28,Bamohɔdjɔkɔ: «Na kpatsi enda akɔkɔ na wɛ midjɔ mi? Opa kpatsi emina nda?».,"et lui dirent: Par quelle autorité fais-tu ces choses, et qui ta donné lautorité de les faire?."
MRK.11.29,"Yesu abasɔmbedjaka: «Napalaka nohɔdjeni ihɔdjɔ imɔti; sɔmbedjanini, ko mbi notɔndeakeni kpatsi akɔkɔ na mbi meako mimina.","Jésus leur répondit: Je vous adresserai aussi une question; répondez-moi, et je vous dirai par quelle autorité je fais ces choses."
MRK.11.30,Inelo i Yoane idongaka adi Ndjakomba kaoko adi bato? Sɔmbedjanini .».,"Le baptême de Jean venait-il du ciel, ou des hommes? Répondez-moi."
MRK.11.31,Endolo balɛdjɛkɛ ta tei e bobo ko basabaleanaka: «Lokasɔmbedja: Idongaka adi Ndjakomba; alohɔdjɔke: Tina ndani oidimeani Yoane.,"Mais ils raisonnèrent ainsi entre eux: Si nous répondons: Du ciel, il dira: Pourquoi donc navez-vous pas cru en lui?."
MRK.11.32,"Ko lokamosɔmbedja: Idongaka adi bato.» Badaka na bɔɔ na emumu e bato, tengasa bo basusu balɛdjɛkɛ Yoane adi soti mbaeli o Ndjakomba.","Et si nous répondons: Des hommes… Ils craignaient le peuple, car tous tenaient réellement Jean pour un prophète."
MRK.11.33,"Na bea basɔmbedjaka Yesu: «Lotadjebaka.» Yesu abalaka na bu: «Edi bopele! Mbi pongono, nitotɔndeakeni na kpatsi e ndani akɔkɔ na mbi midjɔ mimina.».","Alors ils répondirent à Jésus: Nous ne savons. Et Jésus leur dit: Moi non plus, je ne vous dirai pas par quelle autorité je fais ces choses."
MRK.12.1,"Ngɔngimina, Yesu aimeaka bobala na bu na masɛ: «Momi omɔti aonaka gbie e mele mi vino; aehikaka na ihiko, atɔɔkɔ mombɔndɔ ta ibanga tine bosiana mbuma i vino . Ngɔngimina, atongaka naikina egbili oho, apaka gbie emina na basali ko akɛkɛ mwɛngɔ.","Jésus se mit ensuite à leur parler en paraboles. Un homme planta une vigne. Il lentoura dune haie, creusa un pressoir, et bâtit une tour; puis il lafferma à des vignerons, et quitta le pays."
MRK.12.2,"Ehole ebwanaka bodidi bo botswa mbuma, alomaka mosali omɔti adi basali ba gbie bɛngi bamolome i nde ibondo i mbuma.","Au temps de la récolte, il envoya un serviteur vers les vignerons, pour recevoir deux une part du produit de la vigne."
MRK.12.3,"Endolo basali ba mina bapeaka mosali omina, bamobomaka ko bamoyanedjaka mɔmɔ ngasa.","Sétant saisis de lui, ils le battirent, et le renvoyèrent à vide."
MRK.12.4,"Na bea, moswa gbie alomaka okina mosali; basali bamina bamobomaka ta molo ko bamokedjaka sɔni.","Il envoya de nouveau vers eux un autre serviteur; ils le frappèrent à la tête, et loutragèrent."
MRK.12.5,"Moswa gbie alomaka okina mosali, iyo pongono bamowaka. Moswa gbie alomaka naikina basali bakina banɛnɛ; banɔngedjaka bakina ko boawaka bakina.","Il en envoya un troisième, quils tuèrent; puis plusieurs autres, quils battirent ou tuèrent."
MRK.12.6,"Adikaka oko na mwana o nde omɔti oepaeli. Abalomeaka moto osuka, tengasa asabaleaka: Basumake mwana o mbi.","Il avait encore un fils bien-aimé; il lenvoya vers eux le dernier, en disant: Ils auront du respect pour mon fils."
MRK.12.7,"Endolo basali ba gbie basabaleanaka: Endjani motitani! Duani, lomowoeni, ko bodieli bodikake bo biso.","Mais ces vignerons dirent entre eux: Voici lhéritier; venez, tuons-le, et lhéritage sera à nous."
MRK.12.8,"Na bea, bapeaka mwana bamowaka ko bamodumbaka sokolu e gbie e vino.","Et ils se saisirent de lui, le tuèrent, et le jetèrent hors de la vigne."
MRK.12.9,"«Moswa gbie e vino akɔke yo nde? Ihɔdjɔ i Yesu. Aduake, aowake basali bia ba gbie ko apake gbie emina adi basali bakina.","Maintenant, que fera le maître de la vigne? Il viendra, fera périr les vignerons, et il donnera la vigne à dautres."
MRK.12.10,"Oilangani ikomi di: Edi ibanga idumbaka batongi, imei ikwe i ndonga.",Navez-vous pas lu cette parole de lÉcriture: La pierre quont rejetée ceux qui bâtissaient Est devenue la principale de langle;.
MRK.12.11,"Imua madongaka adi Kumu, edi modjɔ mo bokamoa ta miso ma biso !».","Cest par la volonté du Seigneur quelle lest devenue, Et cest un prodige à nos yeux?."
MRK.12.12,"Bakondji ba bato, bakondji ba banganga ba Ndjakomba ko balehi ba mibeko bahombaka enɔli ebomopea, endolo babangaka emumu e bato. Tengasa basipoaka boo abalaka isɛ imina tine bobo. Endolo bamokinaka boo akɛ.","Ils cherchaient à se saisir de lui, mais ils craignaient la foule. Ils avaient compris que cétait pour eux que Jésus avait dit cette parabole. Et ils le quittèrent, et sen allèrent."
MRK.12.13,"Balomaka bapalusai na bato ba pamba Elode , tine bohɔdjɔ Yesu ihɔdjɔ ibomomeka.","Ils envoyèrent auprès de Jésus quelques-uns des pharisiens et des hérodiens, afin de le surprendre par ses propres paroles."
MRK.12.14,"Baduaka bomotɔndea: «Molehi, ladjebaka boo wɛ okabale soti ko oditi na bɔɔ na moto; toendjake mbanda i bato, endolo okalehe soti ta ndjea e Ndjakomba. Eboani boo lopute puti e kumu monɛnɛ Sedjale? Lotungi boputa kaoko ngasa?».","Et ils vinrent lui dire: Maître, nous savons que tu es vrai, et que tu ne tinquiètes de personne; car tu ne regardes pas à lapparence des hommes, et tu enseignes la voie de Dieu selon la vérité. Est-il permis, ou non, de payer le tribut à César? Devons-nous payer, ou ne pas payer?."
MRK.12.15,"Endolo elenge adjebaka yo boo badi ndjɔ ba melo mibae, abasɔmbedjaka: «Tina nda wapikeakanini elambo? Lwɛnini pata emɔti boo nayenɛ.».","Jésus, connaissant leur hypocrisie, leur répondit: Pourquoi me tentez-vous? Apportez-moi un denier, afin que je le voie."
MRK.12.16,"Bamolwɛkɛ pata emina. Abahɔdjɔkɔ: «Ta pata ye, edi na boso ko na makomi ma nda?» Bamosɔmbedjaka: «Edi e kumu monɛnɛ Sedjale.».","Ils en apportèrent un; et Jésus leur demanda: De qui sont cette effigie et cette inscription? De César, lui répondirent-ils."
MRK.12.17,"Na bea Yesu abalaka na bu: «Pani kumu monɛnɛ Sedjale leka lobwani na nde, ko leka lo Ndjakomba lobwani na nde.» Ko bakamoaka mɛnɛ na mosɔmbedja mo mina.","Alors il leur dit: Rendez à César ce qui est à César, et à Dieu ce qui est à Dieu. Et ils furent à son égard dans létonnement."
MRK.12.18,"Basadokai, bo bobalaka bopusoa boditi , baduaka ahɔdjɔ Yesu:.","Les sadducéens, qui disent quil ny a point de résurrection, vinrent auprès de Jésus, et lui firent cette question:."
MRK.12.19,"«Molehi, endja meako milokomeaka Mose: Ekadabo momi agwi pɛ bokina bana, akinaka mwali; mwange e nde asɔke mwali yona ko asɔmbedjake denga i mowei .","Maître, voici ce que Moïse nous a prescrit: Si le frère de quelquun meurt, et laisse une femme, sans avoir denfants, son frère épousera sa veuve, et suscitera une postérité à son frère."
MRK.12.20,Enakobea edaka na bana bami sambo. O boso amoasɔkɔ ko agwaka pɛ bobota.,"Or, il y avait sept frères. Le premier se maria, et mourut sans laisser de postérité."
MRK.12.21,O babae amoasɔkɔ ko agwaka pɛ bobota. Ekɔmɔkɔ pongono na o basato.,"Le second prit la veuve pour femme, et mourut sans laisser de postérité. Il en fut de même du troisième."
MRK.12.22,"mbunoko o sambo, ngɔngɔ ibo basusu, mwali agwaka pongono.","et aucun des sept ne laissa de postérité. Après eux tous, la femme mourut aussi."
MRK.12.23,"Ta bopusoa, ehole epusoabi bago, mwali omina adabi o nda? Tengasa basusu sambo bamoasɔkɔ.».","A la résurrection, duquel dentre eux sera-t-elle la femme? Car les sept lont eue pour femme."
MRK.12.24,"Yesu abalaka na bu: «Endja tine ibunga i bino; otadjebakani nongo makomi, ko nongo na sueya e Ndjakomba.","Jésus leur répondit: Nêtes-vous pas dans lerreur, parce que vous ne comprenez ni les Écritures, ni la puissance de Dieu?."
MRK.12.25,"Na bea, ehole epusoabi bago, bamina bali basɔnetebi, endolo bahelamabi elenge babwɛndji ta busa.","Car, à la résurrection des morts, les hommes ne prendront point de femmes, ni les femmes de maris, mais ils seront comme les anges dans les cieux."
MRK.12.26,"Ta tine bago ko bopusoa, oilangani ta buku e Mose, eka ebalaka Ndjakomba na nde ta ipumba ibwanaka ko pɛ bodimea? Mbi nadi Ndjakomba o Abalayama, Isaka ko Djakobo .","Pour ce qui est de la résurrection des morts, navez-vous pas lu, dans le livre de Moïse, ce que Dieu lui dit, à propos du buisson: Je suis le Dieu dAbraham, le Dieu dIsaac, et le Dieu de Jacob?."
MRK.12.27,"Ndjakomba aditi Ndjakomba o bago, endolo Ndjakomba o bato ba bomɔ. Odini mɛnɛ naibunga!».","Dieu nest pas Dieu des morts, mais des vivants. Vous êtes grandement dans lerreur."
MRK.12.28,"Omɔti o balehi ba mobeko abaokaka basabaleana. Elenge asipoaka yo boo Yesu abasɔmbedjaka bopele, aduaka amohɔdjɔ: «Mobeko monɔi na motuya nda?».","Un des scribes, qui les avait entendus discuter, sachant que Jésus avait bien répondu aux sadducéens, sapprocha, et lui demanda: Quel est le premier de tous les commandements?."
MRK.12.29,Yesu amosɔmbedjaka: «Endja mobeko monɔi na tina: Hokamedja Isalɛlɛ! Kumu Ndjakomba o biso adi Kumu okoyo ;.,"Jésus répondit: Voici le premier: Écoute, Israël, le Seigneur, notre Dieu, est lunique Seigneur;."
MRK.12.30,"Pala Kumu Ndjakomba, o wɛ na molema mo wɛ mosusu, na mwembo mo wɛ mosusu, na bowɛi bo wɛ bosusu ko na ngulu e wɛ esusu .","et: Tu aimeras le Seigneur, ton Dieu, de tout ton cœur, de toute ton âme, de toute ta pensée, et de toute ta force."
MRK.12.31,Mo babae mu: Pala mwange e wɛ elenge akasapale wɛ mɛnɛ . Pɛ mobeko mokina monɔi mibeko imi mibae na motuya.».,Voici le second: Tu aimeras ton prochain comme toi-même. Il ny a pas dautre commandement plus grand que ceux-là.
MRK.12.32,Molehi o mobeko abalaka na Yesu: «Molehi edi bopele! Eka e bali wɛ edi soti: Kumu adi Ndjakomba okoyo mɛnɛ pɛ okina aditi oko yo mɛnɛ .,"Le scribe lui dit: Bien, maître; tu as dit avec vérité que Dieu est unique, et quil ny en a point dautre que lui."
MRK.12.33,"Ko bomopala na molema mo wɛ mosusu, na bowɛi bo wɛ bosusu, ko na ngulu e wɛ esusu; ko pala mwange e wɛ elenge wɛ mɛnɛ. Enɔi na makabo masusu ko na mbeka isusu, ko bopala mwange e wɛ oko elenge ekasapale wɛ mɛnɛ, enɔi makabo ko na mbeka isusu .».","et que laimer de tout son cœur, de toute sa pensée, de toute son âme et de toute sa force, et aimer son prochain comme soi-même, cest plus que tous les holocaustes et tous les sacrifices."
MRK.12.34,Yesu aenɛkɛ ko asɔmbedjaka na bowɛi; abalaka na nde: «Oditi bohali na bokumu bo Ndjakomba.» Pɛ moto ohɔdjɔkɔ Yesu ihɔdjɔ naikina.,"Jésus, voyant quil avait répondu avec intelligence, lui dit: Tu nes pas loin du royaume de Dieu. Et personne nosa plus lui proposer des questions."
MRK.12.35,Yesu adaka aleha ta ikanga i tepelo ko ahɔdjɔkɔ: «Ndenge nda balehi ba mobeko baboani bobala boo Masiya adi mwana o Dapiti?.,"Jésus, continuant à enseigner dans le temple, dit: Comment les scribes disent-ils que le Christ est fils de David?."
MRK.12.36,"Dapiti yo mɛnɛ, na ndjea e Mwembo Mosɛnɔke, abalaka: Kumu abalaka na Kumu o mbi: Daa ta ebɔ e mbi e bami, mbunoko naise baloni ba wɛ ta nase i bigbota bi wɛ .","David lui-même, animé par lEsprit-Saint, a dit: Le Seigneur a dit à mon Seigneur: Assieds-toi à ma droite, Jusquà ce que je fasse de tes ennemis ton marchepied."
MRK.12.37,Dapiti yo mɛnɛ amobeaka Kumu: moda nda? Masiya abwani adae naikina Mwana o Dapiti?».,David lui-même lappelle Seigneur; comment donc est-il son fils? Et une grande foule lécoutait avec plaisir.
MRK.12.38,"Yesu abalaka na bu ta bileho bi nde: «Dani na edinga na balehi ba mobeko, bakapale bodala na mikoto miyai, bodimaka ndese i ekumu ta polo i bhuda;.","Il leur disait dans son enseignement: Gardez-vous des scribes, qui aiment à se promener en robes longues, et à être salués dans les places publiques;."
MRK.12.39,bohɔkɔ bidie bi boso ta ba sinagoga ko polo i gala ta tɛkɛ inɛnɛnɛ.,"qui recherchent les premiers sièges dans les synagogues, et les premières places dans les festins;."
MRK.12.40,"Boyeaka bali bagwa na bami ko bobakoseaka, na miongɔnɔ miyai, bɛngi basinedje boo badi bato bapele. Badiabi esambi epipo mɛnɛ.».","qui dévorent les maisons des veuves, et qui font pour lapparence de longues prières. Ils seront jugés plus sévèrement."
MRK.12.41,"Yesu adaka adi ta boso bo sanga e bipeli, aendjaka moda modaka emumu e bato baisa palanga. Badieli baisaka bibende bi pata.","Jésus, sétant assis vis-à-vis du tronc, regardait comment la foule y mettait de largent. Plusieurs riches mettaient beaucoup."
MRK.12.42,"Aenɛkɛ pongono mwali ogwedjaka momi, motakeli aisaka bibende bi pata ibae bikɛkɛ bi motuya mokɛkɛ mɛnɛ .","Il vint aussi une pauvre veuve, elle y mit deux petites pièces, faisant un quart de sou."
MRK.12.43,"Na bea Yesu abeaka batingami ba nde ko abalaka na bu: «Nabali na nu okobea, edi soti: mwali yo ogwedjaka momi motakeli aisi makabo ta sanga bonɔ bato basusu.","Alors Jésus, ayant appelé ses disciples, leur dit: Je vous le dis en vérité, cette pauvre veuve a donné plus quaucun de ceux qui ont mis dans le tronc;."
MRK.12.44,"Tengasa, bato basusu bakabaka leka lodaka na bu napɛ posa ta bodieli bo bobo, endolo yo, akabi losusu lodaka na nde, tine bohelama.».","car tous ont mis de leur superflu, mais elle a mis de son nécessaire, tout ce quelle possédait, tout ce quelle avait pour vivre."
MRK.13.1,"Ehole eimaka yo ta ikanga i tepelo, omɔti o batingami abalaka na nde: «Molehi, endja mabanga mi mapele! Endja ndako dji ipele!».","Lorsque Jésus sortit du temple, un de ses disciples lui dit: Maître, regarde quelles pierres, et quelles constructions!."
MRK.13.2,Yesu amosɔmbedjaka: «Wenɛkɛ ndako dji ipele? Etadikake nongo ibanga imɔti ibaki ta diko i ikina; masusu masopeanake.».,Jésus lui répondit: Vois-tu ces grandes constructions? Il ne restera pas pierre sur pierre qui ne soit renversée.
MRK.13.3,"Yesu adaka ta ikoli i Olipa, ta boso bo tepelo. Piɛlɛ, Djake, Yoane ko na Andele badaka bo bɛnɛ na Yesu ko bamohɔdjɔkɔ:.","Il sassit sur la montagne des oliviers, en face du temple. Et Pierre, Jacques, Jean et André lui firent en particulier cette question:."
MRK.13.4,«Lotɔndea ehole aimeake midjɔ mimina ko embete ainedjake suka e midjɔ mimina.».,"Dis-nous, quand cela arrivera-t-il, et à quel signe connaîtra-t-on que toutes ces choses vont saccomplir?."
MRK.13.5,Yesu abalaka na bu: «Dani na edinga ko moto adae pɛ bokoseani.,Jésus se mit alors à leur dire: Prenez garde que personne ne vous séduise.
MRK.13.6,Bato banɛnɛ baduabi na kombe e mbi ko babalabi: Mbi nadi Masiya! Ko babungedjabi bato banɛnɛ ndjea.,"Car plusieurs viendront sous mon nom, disant; Cest moi. Et ils séduiront beaucoup de gens."
MRK.13.7,"Ehole eokakabi no kilingo i bila mbuti ko na gala i bila bohali, pɛ bobangani. Etungi midjɔ mimina mimee, endolo edaetebi suka e ngondo.","Quand vous entendrez parler de guerres et de bruits de guerres, ne soyez pas troublés, car il faut que ces choses arrivent. Mais ce ne sera pas encore la fin."
MRK.13.8,"Tengasa ekomi emɔti eanedjabi ekomi ekina, ko bokumu bomɔti banendjabi bokumu bokina. Ta polo itikoanake, edabi na bokumana bo kpɔtɔ, ko na ndja epipo. Edabi elenge mbangi e saya e bobota.","Une nation sélèvera contre une nation, et un royaume contre un royaume; il y aura des tremblements de terre en divers lieux, il y aura des famines. Ce ne sera que le commencement des douleurs."
MRK.13.9,"Dani na edinga no bɛnɛ; tengasa bokababini ta ibolea inɛnɛ i basuku ba bayuda ko obomamabini ta ba sinagoga. Baosambendjabini ta boso bo ba gupɛnɛlɛ ko na bakondji, edabi tine bobo tati epele tine mbi.","Prenez garde à vous-mêmes. On vous livrera aux tribunaux, et vous serez battus de verges dans les synagogues; vous comparaîtrez devant des gouverneurs et devant des rois, à cause de moi, pour leur servir de témoignage."
MRK.13.10,Etungi boso mɛnɛ Bwɛndi Bopele bolehame ta bikomi bisusu bi ngondo.,Il faut premièrement que la bonne nouvelle soit prêchée à toutes les nations.
MRK.13.11,"Ko ehole eopeabini bo tine bakɛɛ na nu ta boso bo esambi, pɛ bodani na bokɛsɛdji na meako mabalake no ta ehole yena. Tengasa editi no bato babalabi edi Mwembo Mosɛnɔke.","Quand on vous emmènera pour vous livrer, ne vous inquiétez pas davance de ce que vous aurez à dire, mais dites ce qui vous sera donné à lheure même; car ce nest pas vous qui parlerez, mais lEsprit-Saint."
MRK.13.12,"Bangi bato bakababi bangi bobo bɛnɛ ta bogwa, ko basange i bato bakɔbi okobea na bana ba bobo; bana banedjakabi ba boti ba bobo ko babowabi .","Le frère livrera son frère à la mort, et le père son enfant; les enfants se soulèveront contre leurs parents, et les feront mourir."
MRK.13.13,"Tine kombe mbi, bato basusu bolonabini. Endolo moto yona odabi na lingbangba mbunoko suka, ahelabi.».","Vous serez haïs de tous, à cause de mon nom, mais celui qui persévérera jusquà la fin sera sauvé."
MRK.13.14,"«Ehole enɛbi no mobedji onɔi na bobe yo aiwei ta polo esɛnɔke Kina boo molangi asipoe bopele! Na bea, ibadabi ta ibonga i Yudea batie ta makoli;.","Lorsque vous verrez labomination de la désolation établie là où elle ne doit pas être, que celui qui lit fasse attention, alors, que ceux qui seront en Judée fuient dans les montagnes;."
MRK.13.15,"Yona odabi ta diko i ndako, atitetebi tine atombe eka emɔti ta ndako ;.",que celui qui sera sur le toit ne descende pas et nentre pas pour prendre quelque chose dans sa maison;.
MRK.13.16,ko yona odabi ta gbie atasɔmbɔ ngɔngɔ tine botomba esendja e nde.,et que celui qui sera dans les champs ne retourne pas en arrière pour prendre son manteau.
MRK.13.17,Ndjokwa tine bali ba memi ko banungeakabi bana ta masu mamina!.,Malheur aux femmes qui seront enceintes et à celles qui allaiteront en ces jours-là!.
MRK.13.18,Ongɔnɔni Ndjakomba boo midjɔ mimina misakimea ta ehole e piyɔ epipo!.,Priez pour que ces choses narrivent pas en hiver.
MRK.13.19,"Tengasa, ta masu mamina, madabi masu ma ndjokwa bonɔ saya yena eipaka daa donga amayoa Ndjakomba ngondo, mbunoko edɛdi, ko edaetebi naikina .","Car la détresse, en ces jours, sera telle quil ny en a point eu de semblable depuis le commencement du monde que Dieu a créé jusquà présent, et quil ny en aura jamais."
MRK.13.20,"Na bea eseda boo Kumu aikuedja masu mamina, pɛ moto omɔti oboanaka na bohela. Endolo akuedjaka masu mamina tine bia ibahɔmɔkɔ na nde.","Et, si le Seigneur navait abrégé ces jours, personne ne serait sauvé; mais il les a abrégés, à cause des élus quil a choisis."
MRK.13.21,"Ekadabo moto abali na wɛ: Endja, Kilito adi iya! Kaoko: Endja, Adibo!, Pɛ bomodimea.","Si quelquun vous dit alors: Le Christ est ici, ou: Il est là, ne le croyez pas."
MRK.13.22,"Tengasa bakilito ba boloa ko na ba mbaeli ba boloa basangɔdjɔkɔbi ta tei e bino: bainedjakabi bimbete bi bokamoa ko ngindola, tine bobungedja nongo bato ibahɔmɔ.","Car il sélèvera de faux Christs et de faux prophètes; ils feront des prodiges et des miracles pour séduire les élus, sil était possible."
MRK.13.23,"Ino, daani na edinga! Notɔndeakani donga ehele.».",Soyez sur vos gardes: je vous ai tout annoncé davance.
MRK.13.24,"«Endolo ta masu mia, ngɔngɔ i ehole e saya epipo, modakabusa moimeakabi modidi, songe epaketebi naikina bohu.","Mais dans ces jours, après cette détresse, le soleil sobscurcira, la lune ne donnera plus sa lumière."
MRK.13.25,"Ndjɔtɔ bakwakabi donga ta busa, ko sueya isusu idiko ikumanakabi .","les étoiles tomberont du ciel, et les puissances qui sont dans les cieux seront ébranlées."
MRK.13.26,Na bea bato baenɛbi Mwana o Moto bodua ta matute na sueya e nde esusu ko na ekumu .,Alors on verra le Fils de lhomme venant sur les nuées avec une grande puissance et avec gloire.
MRK.13.27,"Na bea alomakabi babwɛndji ba nde boputuanedja bia ibahɔmɔ na nde donga ta makono ma ngondo manɛi, donga nase mbunoko suka e busa .».","Alors il enverra les anges, et il rassemblera les élus des quatre vents, de lextrémité de la terre jusquà lextrémité du ciel."
MRK.13.28,"«Kinani olehameni na isɛ i mole mo pigi: Ehole esɔmbi tape ibesu na kasa itɔi, wadjebakeni boo bodidi bopele bobatami.","Instruisez-vous par une comparaison tirée du figuier. Dès que ses branches deviennent tendres, et que les feuilles poussent, vous connaissez que lété est proche."
MRK.13.29,"Oko moda momina, ino pongono, ehole enɛkɛbino midjɔ mimina boimea, djebani boo Mwana o Moto adi mbuti, ta ekukɛ e ndako .","De même, quand vous verrez ces choses arriver, sachez que le Fils de lhomme est proche, à la porte."
MRK.13.30,"Okobea, nabalaka na nu, bato ba ehole ye batagwabi boso bo midjɔ mimina boimea.","Je vous le dis en vérité, cette génération ne passera point, que tout cela narrive."
MRK.13.31,"Busa na kpɔtɔ inɔbi, endolo mibalo mi mbi minɔetebi.».","Le ciel et la terre passeront, mais mes paroles ne passeront point."
MRK.13.32,"«Ta tine e isu kaoko ehole, pɛ nongo moto adjebaka, nongo babwɛndji ta busa, nongo Mwana; endolo oko Tata yo mɛnɛ adjebi.","Pour ce qui est du jour ou de lheure, personne ne le sait, ni les anges dans le ciel, ni le Fils, mais le Père seul."
MRK.13.33,"Dani na edinga! Pɛ bohwɛni, tengasa otadjebakeni ehole emina eduake.","Prenez garde, veillez et priez; car vous ne savez quand ce temps viendra."
MRK.13.34,"Edabi elenge moto okakɛ mɔndɔ: bokinaka ndako e nde ko bopaka kpatsi e nde adi basali ba nde, moto na moto na mosala mo nde, ko bobalaka na sindjili o ekukɛ boo sɛndjɛlɛ.","Il en sera comme dun homme qui, partant pour un voyage, laisse sa maison, remet lautorité à ses serviteurs, indique à chacun sa tâche, et ordonne au portier de veiller."
MRK.13.35,"Sɛndjɛlɛni, tengasa otadjebakeni ehole ehulabi moswa o ndako: edabi kaoko mɔmɔkɔ, kaoko ta ndanda e bulu, kaoko ta kɔkɔ o boso, kaoko ehuma.","Veillez donc, car vous ne savez quand viendra le maître de la maison, ou le soir, ou au milieu de la nuit, ou au chant du coq, ou le matin;."
MRK.13.36,"Dani na edinga boo akahula gbundumo, adae pɛ botaneani ohwɛlini.","craignez quil ne vous trouve endormis, à son arrivée soudaine."
MRK.13.37,"Meako mabalaka mbi na nu, nabalaka pongono na bato basusu: Dani mosu!».","Ce que je vous dis, je le dis à tous: Veillez."
MRK.14.1,Edikaka masu mabae boso bo tɛkɛ e pasika ko miɛmbɛ mapɛ ipetu bokɔme . Bakumu ba banganga ba Ndjakomba ko na balehi ba mobeko bahombaka enɔeli e bopea Yesu ta mbombi bɛngi bamowoe.,"La fête de Pâque et des pains sans levain devait avoir lieu deux jours après. Les principaux sacrificateurs et les scribes cherchaient les moyens darrêter Jésus par ruse, et de le faire mourir."
MRK.14.2,"Tengasa babalaka: «Etakɔmɔ ta ehole ye e tɛkɛ, esakapa wusuwusu adi bato.».","Car ils disaient: Que ce ne soit pas pendant la fête, afin quil ny ait pas de tumulte parmi le peuple."
MRK.14.3,"Ehole yena edaka Yesu ta Betania, adi Simo, moto o mabha; mwali omɔti akweaka ta ehole edaka bo bayaka, apeaka molangi mokɔmɔkɔ na ibanga ikabe bo abatele . Molangi momina molumaka na malasi maso e itindi, mokɔmɔkɔ na mele mikabe bo nale baiputoanedja na eka ekina. Malasi ma mina madaka ma motuya monɛnɛ. Abukaka molangi ko asopeaka Yesu malasi ma mina ta molo mo nde.","Comme Jésus était à Béthanie, dans la maison de Simon le lépreux, une femme entra, pendant quil se trouvait à table. Elle tenait un vase dalbâtre, qui renfermait un parfum de nard pur de grand prix; et, ayant rompu le vase, elle répandit le parfum sur la tête de Jésus."
MRK.14.4,Bato ibadaka ena baisepaka na modjɔ momina ko baimeaka bonunguna: «Abedji malasi tina nda?.,Quelques-uns exprimèrent entre eux leur indignation: A quoi bon perdre ce parfum?.
MRK.14.5,"Eboanaki botɛkisa malasi mamina na motuya moboani na boputa bato mikama misato, ko bopa palanga imina adi batakeli!».","On aurait pu le vendre plus de trois cents deniers, et les donner aux pauvres. Et ils sirritaient contre cette femme."
MRK.14.6,Endolo Yesu abalaka na bu: «Mokinani bogo. Tina ndani wanungunakani tina e nde? Modjɔ mosakɔ yo modi mopele tine mbi.,Mais Jésus dit: Laissez-la. Pourquoi lui faites-vous de la peine? Elle a fait une bonne action à mon égard;.
MRK.14.7,"Tengasa odini na batakeli adi no bihole bisusu , ko obwanini bobakɔmedjani ta bihole bisusu bidi no bopala; endolo oditini na mbi bihole bisusu.","car vous avez toujours les pauvres avec vous, et vous pouvez leur faire du bien quand vous voulez, mais vous ne mavez pas toujours."
MRK.14.8,Akɔi eka eboanaki na nde bokɔ; asopeini malasi tine bobɔngedja mokuku mo mbi boso bo bogwa .,Elle a fait ce quelle a pu; elle a davance embaumé mon corps pour la sépulture.
MRK.14.9,"Okobea, nabalaka na nu, bisika bisusu bitɔndɔkɔbi bo Bwɛndi Bopele ta ngondo esusu, babalakabi pongono tine modjɔ mokɔi mwali yo, ko bamolɛdjɛkɛbi.».","Je vous le dis en vérité, partout où la bonne nouvelle sera prêchée, dans le monde entier, on racontera aussi en mémoire de cette femme ce quelle a fait."
MRK.14.10,"Na bea Yudasi Isikaliota, omɔti o bapɔsɔlu domi na babae, akɛkɛ adi bakondji ba banganga ba Ndjakomba, tine bokaba Yesu.","Judas Iscariot, lun des douze, alla vers les principaux sacrificateurs, afin de leur livrer Jésus."
MRK.14.11,"Ehole ehokamedjaka bo Yudasi, basepaka ko bamodikanaka bamopɛ palanga. Ko Yudasi ahombaka enɔli epele tine bokaba Yesu.","Après lavoir entendu, ils furent dans la joie, et promirent de lui donner de largent. Et Judas cherchait une occasion favorable pour le livrer."
MRK.14.12,"Ta isu i boso i tɛkɛ e miɛmbɛ mapɛ ipetu, busa bowaka bo bana ba bhata tine tɛkɛ e pasika, batingami ba Yesu bamohɔdjɔkɔ: «Apalaka wɛ lokabɔngedja mia ma pasika djɔɔ?».","Le premier jour des pains sans levain, où lon immolait la Pâque, les disciples de Jésus lui dirent: Où veux-tu que nous allions te préparer la Pâque?."
MRK.14.13,"Na bea Yesu alomaka batingami ba nde babae boso ko abalaka na bu: «Kɛni ta ibonga enɛnɛ, wasakanakeni na momi omɔti alwali mbola e madiba. Mokimanani.","Et il envoya deux de ses disciples, et leur dit: Allez à la ville; vous rencontrerez un homme portant une cruche deau, suivez-le."
MRK.14.14,"ko polo akweake yo, balani na moswa ndako: Molehi abali: adi ekenge e ndako ebwani mbi boyaka mia ma tɛkɛ e pasika engbanga na batingami ba mbi djɔɔ.","Quelque part quil entre, dites au maître de la maison: Le maître dit: Où est le lieu où je mangerai la Pâque avec mes disciples?."
MRK.14.15,"Yo ainedjakeni ta egbili, ekenge e ndako enɛnɛ ebɔngedjabo na leka losusu loboani oho diko. Edi oho wabɔngedjakeni no mia ma pasika.».","Et il vous montrera une grande chambre haute, meublée et toute prête: cest là que vous nous préparerez la Pâque."
MRK.14.16,"Batingami bakɛkɛ ko baimeaka ta ibonga enɛnɛ; bataneaka misusu oko moda mobalaka Yesu na bu, ko babɔngedja mia ma tɛkɛ e pasika.","Les disciples partirent, arrivèrent à la ville, et trouvèrent les choses comme il le leur avait dit; et ils préparèrent la Pâque."
MRK.14.17,"Ehole eimeaka mɔmɔkɔ, Yesu aimeaka ta polo emina na bapɔsɔlu ba nde domi na babae.","Le soir étant venu, il arriva avec les douze."
MRK.14.18,"Ehole edaka bo ta mesa bayaka, Yesu abalaka: Okobea, «Nabali na nu soti: omɔti o bino, ayaka na mbi, akabakeni !».","Pendant quils étaient à table et quils mangeaient, Jésus dit: Je vous le dis en vérité, lun de vous, qui mange avec moi, me livrera."
MRK.14.19,"Batingami baimeaka na ndjokwa, ko bamohɔdjɔkɔ omɔti ngɔngɔ i okina: «Edi mbi?».","Ils commencèrent à sattrister, et à lui dire, lun après lautre: Est-ce moi?."
MRK.14.20,"Yesu abasɔmbedjaka: «Edi omɔti ta ndanda e bino, omɔti o bino o ba domi na babae, yona wasakanake na mbi ebɔ ta saani .","Il leur répondit: Cest lun des douze, qui met avec moi la main dans le plat."
MRK.14.21,Soti Mwana o Moto akɛke oko moda mokomama tina e nde . Endolo ndjokwa adi moto yona na ndjea e nde Mwana o Moto akabamake! Ebɔngɔkɔ boo moto omina adae pɛ bobotama!».,Le Fils de lhomme sen va selon ce qui est écrit de lui. Mais malheur à lhomme par qui le Fils de lhomme est livré! Mieux vaudrait pour cet homme quil ne fût pas né.
MRK.14.22,"Ehole edaka bo bayaka, Yesu atombaka mwɛmbɛ ko ngɔngɔ i bosakoa Ndjakomba, abukaka ko apaka adi batingami. Abalaka na bu: «Tombani, iye edi mokuku mo mbi.».","Pendant quils mangeaient, Jésus prit du pain; et, après avoir rendu grâces, il le rompit, et le leur donna, en disant: Prenez, ceci est mon corps."
MRK.14.23,"Atombaka naikina kɔbɔ e vino ko, ngɔngɔ i bosakoa Ndjakomba, abapaka, ko bamwaka bo basusu.","Il prit ensuite une coupe; et, après avoir rendu grâces, il la leur donna, et ils en burent tous."
MRK.14.24,"Yesu abalaka na bu: «Iye edi makia ma mbi , makia mabwela imasopeami tina e emumu e bato.","Et il leur dit: Ceci est mon sang, le sang de lalliance, qui est répandu pour plusieurs."
MRK.14.25,"Okobea, nabalaka na nu: namwɛtebi vino ye naikina, mbunoko busa bomwakabi mbi vino eyanie ta bokumu bo Ndjakomba.».","Je vous le dis en vérité, je ne boirai plus jamais du fruit de la vigne, jusquau jour où je le boirai nouveau dans le royaume de Dieu."
MRK.14.26,"Ngɔngɔ iboemba ndjembo , bakɛkɛ ta ngomba e Olipa.","Après avoir chanté les cantiques, ils se rendirent à la montagne des oliviers."
MRK.14.27,"Yesu abalaka na bu: «Ino basusu watiakenini, tengasa ekomama ta makomi: Nabomake mobanei, ko bwela bo bhata inanganabi pamba isusu .","Jésus leur dit: Vous serez tous scandalisés; car il est écrit: Je frapperai le berger, et les brebis seront dispersées."
MRK.14.28,"Endolo ngɔngɔ ibopusoa bo mbi, nakɛbi boso ambani ta Galilea.».","Mais, après que je serai ressuscité, je vous précéderai en Galilée."
MRK.14.29,"Piɛlɛ abalaka na nde: «Nongo bo basusu bakotia, mbi natotiake.».","Pierre lui dit: Quand tous seraient scandalisés, je ne serai pas scandalisé."
MRK.14.30,"Na bea Yesu amosɔmbedjaka: «Okobea, nabali na wɛ, busa bu, ta boso bo kɔkɔ akɔkɔle mbala ibae, wɛ winganeakeni mbala isato.».","Et Jésus lui dit: Je te le dis en vérité, toi, aujourdhui, cette nuit même, avant que le coq chante deux fois, tu me renieras trois fois."
MRK.14.31,"Endolo Piɛlɛ adaka oko abala: «Ekada bogwa na wɛ, lagwake; mbi nitoinganeake!» Ko bo basusu babalaka oko bea.","Mais Pierre reprit plus fortement: Quand il me faudrait mourir avec toi, je ne te renierai pas. Et tous dirent la même chose."
MRK.14.32,"Baimeaka ta polo e kombe Getesemane , Yesu abalaka na batingami ba nde: «Dani iya, yana akɛi mbi aongɔnɔ.».","Ils allèrent ensuite dans un lieu appelé Gethsémané, et Jésus dit à ses disciples: Asseyez-vous ici, pendant que je prierai."
MRK.14.33,"Na bea abeaka Piɛlɛ, Djake, ko Yoane. Aimeaka booka ndjokwa ko asatungeaka mɛnɛ ta molema.","Il prit avec lui Pierre, Jacques et Jean, et il commença à éprouver de la frayeur et des angoisses."
MRK.14.34,Ko abalaka na bu: «Molema mo mbi molumi na ndjokwa mbuti na bogwa; daani iya ko pɛ bohwɛni!».,"Il leur dit: Mon âme est triste jusquà la mort; restez ici, et veillez."
MRK.14.35,"Asasuaka na bu moobohali, akwaka magbundɔ ta kpɔtɔ ko aongɔnɔkɔ Ndjakomba, ekada bopele, boo ehole ye e saya ekɛe bohali na nde.","Puis, ayant fait quelques pas en avant, il se jeta contre terre, et pria que, sil était possible, cette heure séloignât de lui."
MRK.14.36,"Abalaka: «Aba, Sange e mbi , Eboani bokɔ midjɔ misusu; dongedja bohali na mbi kɔbɔ ye e saya. Te bopala bo mbi, endolo bopala bo wɛ.».","Il disait: Abba, Père, toutes choses te sont possibles, éloigne de moi cette coupe! Toutefois, non pas ce que je veux, mais ce que tu veux."
MRK.14.37,"Ehole ehulaka Yesu Adibo, abataneaka bahwɛli. Abalaka na Piɛlɛ: «Simo, ohwɛli? Odihiti ngulu eboda mosu nongo moo ehole omɔti?.","Et il vint vers les disciples, quil trouva endormis, et il dit à Pierre: Simon, tu dors! Tu nas pu veiller une heure!."
MRK.14.38,"Dani mosu ko ongɔnɔni, osakakwani ta bomekama. Molema mo moto modi na posa epipo e bokɔ bopele, endolo mokuku modi na bwɛmbu.».","Veillez et priez, afin que vous ne tombiez pas en tentation; lesprit est bien disposé, mais la chair est faible."
MRK.14.39,Asasuaka naikina aongɔnɔkɔ ko abalaka oko kɔpi imina.,"Il séloigna de nouveau, et fit la même prière."
MRK.14.40,"Ngɔngɔ ahulaka ko abataneaka naikina bahwɛli, tengasa miso mahiyɔ mabanɔkɔ.","Il revint, et les trouva encore endormis; car leurs yeux étaient appesantis. Ils ne surent que lui répondre."
MRK.14.41,Asɔmbɔkɔ mbala e basato ko abalaka na bu: «Ohwɛlini oko ko osahemedjini? Mosi! Ehole eimei! Mwana o Moto akabami ta mɔmɔ ma bato babe!.,"Il revint pour la troisième fois, et leur dit: Dormez maintenant, et reposez-vous! Cest assez! Lheure est venue; voici, le Fils de lhomme est livré aux mains des pécheurs."
MRK.14.42,"Angɔni, lokɛni! Endjani moto okabini adi mbuti!».","Levez-vous, allons; voici, celui qui me livre sapproche."
MRK.14.43,"Na mbala emɔti, ehole yena ebalaka Yesu, Yudasi omɔti o bapɔsɔlu domi na babae, aduaka engbanga na emumu e basoda na mipamba ko na mihukuku. Balomamaka na bakumu ba banganga ba Ndjakomba, na balehi ba mobeko ko na basuku ba ibonga.","Et aussitôt, comme il parlait encore, arriva Judas lun des douze, et avec lui une foule armée dépées et de bâtons, envoyée par les principaux sacrificateurs, par les scribes et par les anciens."
MRK.14.44,"Yudasi, yona okabaka Yesu, abapaka embete: «Momi yona wabhimbake mbi, edi yo. Mopeani ko duani na nde bopele.».","Celui qui le livrait leur avait donné ce signe: Celui que je baiserai, cest lui; saisissez-le, et emmenez-le sûrement."
MRK.14.45,"Na mbala emɔti baimeaka, Yudasi asabateaka mbuti na Yesu ko abalaka na nde: «Labi!» Ko amobhimbaka.","Dès quil fut arrivé, il sapprocha de Jésus, disant: Rabbi! Et il le baisa."
MRK.14.46,Na bea bakwaka diko i nde ko bamopeaka.,"Alors ces gens mirent la main sur Jésus, et le saisirent."
MRK.14.47,"Omɔti o batingami odaka ena aiwaka mopamba, alenaka mosali o nganga monɛnɛ o Ndjakomba itoi .","Un de ceux qui étaient là, tirant lépée, frappa le serviteur du souverain sacrificateur, et lui emporta loreille."
MRK.14.48,"Yesu abalaka na bu: «Odoini apeanini, na mipamba na mihukuku elenge moweli o bato?.","Jésus, prenant la parole, leur dit: Vous êtes venus, comme après un brigand, avec des épées et des bâtons, pour vous emparer de moi."
MRK.14.49,"Masu masusu nadaka na nu ta tepelo, ko nalehaka oiduakani apeanini. Endolo kina boo ekɔme bea bɛngi makomi makokedjame.».","Jétais tous les jours parmi vous, enseignant dans le temple, et vous ne mavez pas saisi. Mais cest afin que les Écritures soient accomplies."
MRK.14.50,Na bea batingami basusu bamosundolaka ko batiaka .,"Alors tous labandonnèrent, et prirent la fuite."
MRK.14.51,"Mwenga momi omɔti akimanaka Yesu, alwoaka esendja e mbendja. Bamopeaka.","Un jeune homme le suivait, nayant sur le corps quun drap. On se saisit de lui;."
MRK.14.52,"endolo abasundolaka mbendja emina, atiaka mbundu.","mais il lâcha son vêtement, et se sauva tout nu."
MRK.14.53,"Bakɛkɛ na Yesu adi nganga monɛnɛ o Ndjakomba, oho adaka bakumu basusu ba banganga ba Ndjakomba, basuku ko balehi ba mobeko baputoanaka.","Ils emmenèrent Jésus chez le souverain sacrificateur, où sassemblèrent tous les principaux sacrificateurs, les anciens et les scribes."
MRK.14.54,Piɛlɛ amokimanaka bohali ko akweaka ta bopango bo ndako e nganga monɛnɛ o Ndjakomba. Oho adaka engbanga na babanei ko baokaka mosa.,"Pierre le suivit de loin jusque dans lintérieur de la cour du souverain sacrificateur; il sassit avec les serviteurs, et il se chauffait près du feu."
MRK.14.55,"Bakondji ba banganga ba Ndjakomba ko na ibolea inɛnɛ i basuku ba bayuda, bahombaka tati ebe tine Yesu bɛngi bamolome ta bogwa, endolo baimodiaka na yu.","Les principaux sacrificateurs et tout le sanhédrin cherchaient un témoignage contre Jésus, pour le faire mourir, et ils nen trouvaient point;."
MRK.14.56,"Bato banɛnɛ babalaka boloa tina e nde, endolo tati i bobo ibwanaka idaka ibe.","car plusieurs rendaient de faux témoignages contre lui, mais les témoignages ne saccordaient pas."
MRK.14.57,Bato bakina bangɔkɔ tine bobala meako mi boloa tina e nde:.,"Quelques-uns se levèrent, et portèrent un faux témoignage contre lui, disant:."
MRK.14.58,"«Lomokaka bobala: nabukake tepelo ye etonga bato, ko ngɔngɔ imasu masato, natongake ekina edi pɛ botongama na mɔmɔ ma bato .».","Nous lavons entendu dire: Je détruirai ce temple fait de main dhomme, et en trois jours jen bâtirai un autre qui ne sera pas fait de main dhomme."
MRK.14.59,Nongo ta mibalo mia tati i bobo ibwanaka idaka ibe.,Même sur ce point-là leur témoignage ne saccordait pas.
MRK.14.60,Na bea nganga monɛnɛ o Ndjakomba asangɔdjɔkɔ ta ndanda emumu e bato ko ahɔdjɔkɔ Yesu: «Otasɔmbedjaka nongo kɔpi ta pundi idjabalaka bato na wɛ?».,"Alors le souverain sacrificateur, se levant au milieu de lassemblée, interrogea Jésus, et dit: Ne réponds-tu rien? Quest-ce que ces gens déposent contre toi?."
MRK.14.61,"Endolo Yesu adikaka bogo, aisɔmbedjaka nongo kɔpi. Nganga monɛnɛ o Ndjakomba amohɔdjɔkɔ naikina: «Wɛ odi Kilito, Mwana o Ndjakomba yona modjongoamake?».","Jésus garda le silence, et ne répondit rien. Le souverain sacrificateur linterrogea de nouveau, et lui dit: Es-tu le Christ, le Fils du Dieu béni?."
MRK.14.62,"Yesu asɔmbedjaka: «Soti, edi mbi. Ko oenɛbini Mwana o Moto adi ta ebɔ e bami e Ndjakomba o sueya odi ta diko i losusu; omoenɛbini bodua ta matute ma busa .».","Jésus répondit: Je le suis. Et vous verrez le Fils de lhomme assis à la droite de la puissance de Dieu, et venant sur les nuées du ciel."
MRK.14.63,Na bea mokondji o banganga ba Ndjakomba alakaka bisendja bi nde ko abalaka: «Loditi naikina na posa e batemo!.,"Alors le souverain sacrificateur déchira ses vêtements, et dit: Quavons-nous encore besoin de témoins?."
MRK.14.64,Okini yo mɛnɛ moda masingaka yo Ndjakomba. Alɛdjɛkɛno naikina nde?» Basusu badimedjaka boo adi mobe ko bamoleneaka etumbo e bogwa .,Vous avez entendu le blasphème. Que vous en semble? Tous le condamnèrent comme méritant la mort.
MRK.14.65,"Bakina babangaka bomotuea masɔi ta boso, bamonangaka esendja ta boso, bamoindaka ndumɔ ko bamohɔdjɔkɔ: «Elɛ bonganga!» Ko babanei bamotombaka badaka bomoboma .","Et quelques-uns se mirent à cracher sur lui, à lui voiler le visage et à le frapper à coups de poing, en lui disant: Devine! Et les serviteurs le reçurent en lui donnant des soufflets."
MRK.14.66,"Ehole edaka Piɛlɛ adi na mobondo ta ikanga i ndako, mosali mwali omɔti o nganga monɛnɛ o Ndjakomba aimeaka.","Pendant que Pierre était en bas dans la cour, il vint une des servantes du souverain sacrificateur."
MRK.14.67,"Aenɛkɛ Piɛlɛ adaka booka mosa, amokokoledjaka ko abalaka: «Wɛ pongono, odaki engbanga na Yesu, moto o Nasaleta.».","Voyant Pierre qui se chauffait, elle le regarda, et lui dit: Toi aussi, tu étais avec Jésus de Nazareth."
MRK.14.68,"Endolo amoinganeaka ko abalaka: «Natamodjebaka, natasipoaka eka apalaka wɛ bobala.» Ngɔngimina aimaka bɛngi akɛ ta ikanga i ndako, oko ta ehole emina, kɔkɔ akɔkɔlɔkɔ .","Il le nia, disant: Je ne sais pas, je ne comprends pas ce que tu veux dire. Puis il sortit pour aller dans le vestibule. Et le coq chanta."
MRK.14.69,Mosali mwali amoenɛkɛ naikina ko asɔmbɔkɔ bobala na bia ibadaka ena: «Momi yo adi omɔti o bobo!».,"La servante, layant vu, se mit de nouveau à dire à ceux qui étaient présents: Celui-ci est de ces gens-là. Et il le nia de nouveau."
MRK.14.70,"Ko Piɛlɛ amoinganeaka naikina. Ngɔngɔ i moo ehole, ibadaka ena babalaka pongono na Piɛlɛ: «Soti mɛnɛ, odi omɔti o bobo, tengasa, wɛ odi mogalilea.».","Peu après, ceux qui étaient présents dirent encore à Pierre: Certainement tu es de ces gens-là, car tu es Galiléen."
MRK.14.71,"Endolo Piɛlɛ agamaka: «Kina boo Ndjakomba apɛni etumbo ekada boo nakosaka! Nakataka seleka, natadjebaka moto yona wabalaka no!».",Alors il commença à faire des imprécations et à jurer: Je ne connais pas cet homme dont vous parlez.
MRK.14.72,"Oko ta ehole emina, kɔkɔ akɔkɔlɔkɔ mbala e babae, ko Piɛlɛ asɔmbedjaka malɛi ta kɔpi ebalaka Yesu na nde: «Boso bo kɔkɔ akɔkɔle mbala ibae, wainganeakeni mbala isato.» Na bea, abangaka boyea .","Aussitôt, pour la seconde fois, le coq chanta. Et Pierre se souvint de la parole que Jésus lui avait dite: Avant que le coq chante deux fois, tu me renieras trois fois. Et en y réfléchissant, il pleurait."
MRK.15.1,"Ehuma mɛnɛ, bakumu ba banganga ba Ndjakomba babolamaka ta ibolea inɛnɛ i basuku ba bayuda, na balehi ba mobeko ko na esambi esusu e Bayuda. Ngɔngɔ ibonanga Yesu mbɔti, bakɛɛ na nde amokina ta mɔmɔ ma Pilato.","Dès le matin, les principaux sacrificateurs tinrent conseil avec les anciens et les scribes, et tout le sanhédrin. Après avoir lié Jésus, ils lemmenèrent, et le livrèrent à Pilate."
MRK.15.2,Pilato amohɔdjɔkɔ: «Wɛ odi mokondji o Bayuda?» Yesu amosɔmbedjaka: «Edi wɛ moto obali .».,Pilate linterrogea: Es-tu le roi des Juifs? Jésus lui répondit: Tu le dis.
MRK.15.3,Bakumu ba banganga ba Ndjakomba bapundaka Yesu na midjɔ minɛnɛ.,Les principaux sacrificateurs portaient contre lui plusieurs accusations.
MRK.15.4,"Na bea, Pilato ahɔdjɔkɔ Yesu naikina: «Otasɔmbedjaka nongo kɔpi? Otokaka midjɔ minɛnɛ mopundaka bo!».",Pilate linterrogea de nouveau: Ne réponds-tu rien? Vois de combien de choses ils taccusent.
MRK.15.5,"Endolo Yesu aisɔmbedjaka nongo kɔpi, ekamodjaka Pilato.","Et Jésus ne fit plus aucune réponse, ce qui étonna Pilate."
MRK.15.6,"Engi tɛkɛ e pasika, Pilato adaka aimedja mobɔlɔkɔ omɔti, yona ohɔdjɔkɔ bato.","A chaque fête, il relâchait un prisonnier, celui que demandait la foule."
MRK.15.7,"Enakobea, momi omɔti kombe e nde Balabase adaka ta bɔlɔkɔ engbanga na bato ibalemoaka, ta bolemo bo bobo moto omɔti agwaka.","Il y avait en prison un nommé Barabbas avec ses complices, pour un meurtre quils avaient commis dans une sédition."
MRK.15.8,Emumu e bato baduaka ta ndako e Pilato ko bamohɔdjɔkɔ akɔe tina e bobo elenge elama yo bokɔ.,"La foule, étant montée, se mit à demander ce quil avait coutume de leur accorder."
MRK.15.9,Pilato abasɔmbedjaka: «Opalini notingoeni Mokondji o Bayuda?».,Pilate leur répondit: Voulez-vous que je vous relâche le roi des Juifs?.
MRK.15.10,"Endolo adjebaka bopele mɛnɛ boo, bakumu ba banganga ba Ndjakomba batɛkɛkɛ Yesu na swɛ.",Car il savait que cétait par envie que les principaux sacrificateurs lavaient livré.
MRK.15.11,"Endolo bakumu ba banganga ba Ndjakomba basumedjaka emumu e bato, boo bahɔdje adi Pilato abatingoe Balabase.","Mais les chefs des sacrificateurs excitèrent la foule, afin que Pilate leur relâchât plutôt Barabbas."
MRK.15.12,Pilato abahɔdjɔkɔ naikina: «Apalaka no nakɔe na yona okabe no Mokondji o Bayuda nde?».,"Pilate, reprenant la parole, leur dit: Que voulez-vous donc que je fasse de celui que vous appelez le roi des Juifs?."
MRK.15.13,Bamosɔmbedjaka na bogama: «Mobaka ta ekulusu!».,Ils crièrent de nouveau: Crucifie-le!.
MRK.15.14,Pilato abahɔdjɔkɔ: «Bobe bokɔi yo nda?» Endolo bo basusu bagamaka naikina na ngulu: «Mobaka ta ekulusu!».,Pilate leur dit: Quel mal a-t-il fait? Et ils crièrent encore plus fort: Crucifie-le!.
MRK.15.15,"Pilato adimaka bosepedja bato ko abatingoaka Balabase; ngɔngɔ alomaka boo bakɛsɛkɛke Yesu mbalake ko amopaka ta mɔmɔ ma bobo, bɛngi bamobake ta ekulusu.","Pilate, voulant satisfaire la foule, leur relâcha Barabbas; et, après avoir fait battre de verges Jésus, il le livra pour être crucifié."
MRK.15.16,Basoda bakɛkɛ na Yesu ta ikanga i ndako e gupɛnɛlɛ ta polo ekasambedje bo midjɔ ko abeaka ebole e basoda.,"Les soldats conduisirent Jésus dans lintérieur de la cour, cest-à-dire, dans le prétoire, et ils assemblèrent toute la cohorte."
MRK.15.17,Bamolwoadjaka esendja ekpetu ko bayoaka egbala e ndjubɛ bamobakeaka ta molo.,"Ils le revêtirent de pourpre, et posèrent sur sa tête une couronne dépines, quils avaient tressée."
MRK.15.18,"Ngɔngɔ badaka bamoisea: «Mokondji o Bayuda, bwanda!».","Puis ils se mirent à le saluer: Salut, roi des Juifs!."
MRK.15.19,"Bamokɛsɛkɛkɛ na mososongo, bamotwiyaka masɔi ko bakwaka magbundɔ ta boso bo nde na bomota elenge adi kumu.","Et ils lui frappaient la tête avec un roseau, crachaient sur lui, et, fléchissant les genoux, ils se prosternaient devant lui."
MRK.15.20,"Ngɔngɔ ibomosɛkɛ, bamoiwaka esendja ekpetu ko bamolwoadjaka bisendja bi nde. Ngɔngɔ baimaka na nde sokolu bɛngi bamobake ta ekulusu.","Après sêtre ainsi moqués de lui, ils lui ôtèrent la pourpre, lui remirent ses vêtements, et lemmenèrent pour le crucifier."
MRK.15.21,"Momi omɔti kombe nde Simo o ibonga i Kulɛnɛ, sange e Alekidjandele na Lupusu , anɔkɔ ena adaka ahule ta gbie. Basoda bamopeaka na ngulu bɛngi atombe ekulusu e Yesu.","Ils forcèrent à porter la croix de Jésus un passant qui revenait des champs, Simon de Cyrène, père dAlexandre et de Rufus;."
MRK.15.22,"Bakɛkɛ na Yesu ta polo ekabe bo Gologota, etingodjaka: «Polo e egɔgɔlɔ e molo».","et ils conduisirent Jésus au lieu nommé Golgotha, ce qui signifie lieu du crâne."
MRK.15.23,"Bamopaka mana ma vino mabongoanedjabo na kasa i boyo, endolo Yesu aimwaka.","Ils lui donnèrent à boire du vin mêlé de myrrhe, mais il ne le prit pas."
MRK.15.24,"Ngɔngɔ bamobakaka ta ekulusu ko bakabanaka bisendja bi nde, na boboma djonga, bɛngi badjebe eka adiake moto .","Ils le crucifièrent, et se partagèrent ses vêtements, en tirant au sort pour savoir ce que chacun aurait."
MRK.15.25,"Edaka ehole e ibwa ehuma, emobakaka bo ta ekulusu.","Cétait la troisième heure, quand ils le crucifièrent."
MRK.15.26,"Ikomi inedjaka tina ebogwa bo nde, edaka na makomi mi: «Mokondji o Bayuda».",Linscription indiquant le sujet de sa condamnation portait ces mots: Le roi des Juifs.
MRK.15.27,Bamobakaka engbanga na batɔmbi babae ta ekulusu: omɔti ta ebɔ e bami okina ta ebɔ e bali.,"Ils crucifièrent avec lui deux brigands, lun à sa droite, et lautre à sa gauche."
MRK.15.28,Edi ekokedjeli e ikomi ibalaka: «Alangamaka ta molɔngɔ mo boawoi ba bato .».,Ainsi fut accompli ce que dit lÉcriture: Il a été mis au nombre des malfaiteurs.
MRK.15.29,Bato ibanɔkɔ ena badaka bomosinga ko bogbɔkea melo; ko babalaka na nde: «E! Wɛ moto okabuke tepelo ko botokangaka ngɔngɔ i masu masato .,"Les passants linjuriaient, et secouaient la tête, en disant: Hé! toi qui détruis le temple, et qui le rebâtis en trois jours."
MRK.15.30,saheledja ko tita ta ekulusu!».,"sauve-toi toi-même, en descendant de la croix!."
MRK.15.31,Bakumu ba banganga ba Ndjakomba ko na balehi ba mobeko basɛkɛkɛ Yesu babalaka: «Aheledja bakina ko aboaniti bosaheledja yo mɛnɛ!.,"Les principaux sacrificateurs aussi, avec les scribes, se moquaient entre eux, et disaient: Il a sauvé les autres, et il ne peut se sauver lui-même!."
MRK.15.32,"Kina boo Kilito, Mokondji o Isalɛlɛ, atite edɛdi ta ekulusu! Lokenɛdea bea, yana lamodimeake!» Bato ibabakakabo na Yesu ta ekulusu bo pongono badaka bamosinga.","Que le Christ, le roi dIsraël, descende maintenant de la croix, afin que nous voyions et que nous croyions! Ceux qui étaient crucifiés avec lui linsultaient aussi."
MRK.15.33,"Ta ehole e midi, modidi mokɔmɔkɔ ta ngondo esusu ko moyeyoaka mbunoko bihole bisato ngɔngɔ i midi.","La sixième heure étant venue, il y eut des ténèbres sur toute la terre, jusquà la neuvième heure."
MRK.15.34,"Ta ehole e basato, Yesu agamaka na ngulu: «Eloyi, Eloyi, lamasabakatani?» – Etingodji: «Ndjakomba o mbi, Ndjakomba o mbi, okinini tina nda? ».","Et à la neuvième heure, Jésus sécria dune voix forte: Éloï, Éloï, lama sabachthani? ce qui signifie: Mon Dieu, mon Dieu, pourquoi mas-tu abandonné?."
MRK.15.35,"Bato ibadaka ena bamokaka ko bagamaka: «Okani, abei Elia!».","Quelques-uns de ceux qui étaient là, layant entendu, dirent: Voici, il appelle Élie."
MRK.15.36,"Omɔti o bobo apotaka ko abokeaka imbusu ta vino e ngayi ko anangaka na ekenge e mososongo. Aepaka Yesu bɛngi amwake ko abalaka: «Ambani, loendje kaoko Elia aduake amotitedja ta ekulusu!».","Et lun deux courut remplir une éponge de vinaigre, et, layant fixée à un roseau, il lui donna à boire, en disant: Laissez, voyons si Élie viendra le descendre."
MRK.15.37,Endolo Yesu agamaka na ngulu ko atsweaka molema.,"Mais Jésus, ayant poussé un grand cri, expira."
MRK.15.38,Esendja yena edaka esɛpi ta tepelo ealeaka bipasa bibae donga o diko mbunoko nase.,"Le voile du temple se déchira en deux, depuis le haut jusquen bas."
MRK.15.39,"Kapitɛni o basoda ba Loma, yona oemaka boso bo Yesu, aenɛkɛ moda motsweaka Yesu molema . Abalaka: «Moto iyo adaki soti mɛnɛ Mwana o Ndjakomba!».","Le centenier, qui était en face de Jésus, voyant quil avait expiré de la sorte, dit: Assurément, cet homme était Fils de Dieu."
MRK.15.40,"Bali badaka ena, badaka baendja bohali. Ta ndanda e bobo, edaka Malia Magadala, Malia nange Djake, mwange Djodje, ko na Salome.","Il y avait aussi des femmes qui regardaient de loin. Parmi elles étaient Marie de Magdala, Marie, mère de Jacques le mineur et de Joses, et Salomé."
MRK.15.41,Badaka basalea Yesu misala ta ehole edaka yo ta ibonga i Galilea. Edaka oho pongono bali banɛnɛ ibakɛkɛ na nde ta Yelusalɛmɛ.,"qui le suivaient et le servaient lorsquil était en Galilée, et plusieurs autres qui étaient montées avec lui à Jérusalem."
MRK.15.42,"Mɔmɔkɔ moimeaka, elenge edaka busa bo bosabɔngedja, etingodjaka busa bo boso bo sabata eime;.","Le soir étant venu, comme cétait la préparation, cest-à-dire, la veille du sabbat."
MRK.15.43,"Esepu o Alimatayo , adaka moto o gala enɛnɛ ta ikita inɛnɛ i Bayuda aduaka, yo pongono ambaka bokumu bo Ndjakomba. Adiaka kaso e bokɛ adi Pilato tine bohɔdjɔ mokuku mo Yesu.","arriva Joseph dArimathée, conseiller de distinction, qui lui-même attendait aussi le royaume de Dieu. Il osa se rendre vers Pilate, pour demander le corps de Jésus."
MRK.15.44,Endolo Pilato akamoaka boka boo Yesu agwi ehele. Abeaka Kapitɛni o basoda ko amohɔdjɔkɔ ekada soti Yesu agwi ehele.,Pilate sétonna quil fût mort si tôt; fit venir le centenier et lui demanda sil était mort depuis longtemps.
MRK.15.45,"Ngɔngɔ iboka misɔmbedja mi Kapitɛni o basoda, Pilato apaka Esepu enɔli e botomba mokuku mo Yesu.","Sen étant assuré par le centenier, il donna le corps à Joseph."
MRK.15.46,"Esepu asombaka mbendja, atitedjaka mokuku mo Yesu ta ekulusu, amohuaka na mbendja ko bamoisaka ta ikila itɔkɔ bo ta ibanga. Ngɔngimina ahilingondjaka ibanga igbɔgbɔ tine bodipa ipose i ikila.","Et Joseph, ayant acheté un linceul, descendit Jésus de la croix, lenveloppa du linceul, et le déposa dans un sépulcre taillé dans le roc. Puis il roula une pierre à lentrée du sépulcre."
MRK.15.47,Malia Magadala ko Malia nange Djodje baenɛkɛ polo esambeaka bo mokuku mo Yesu.,"Marie de Magdala, et Marie, mère de Joses, regardaient où on le mettait."
MRK.16.1,"Ehole enɔkɔ busa bo sabata, Malia Magadala, Malia nange e Djake, ko Salome basombaka misoloa miso e itindi, bɛngi bakasopea mokuku mo Yesu.","Lorsque le sabbat fut passé, Marie de Magdala, Marie, mère de Jacques, et Salomé, achetèrent des aromates, afin daller embaumer Jésus."
MRK.16.2,"Ta ehuma mɛnɛ e busa bo pɔsɛ, bakɛkɛ ta ikila ehole ekime moi.","Le premier jour de la semaine, elles se rendirent au sépulcre, de grand matin, comme le soleil venait de se lever."
MRK.16.3,Badaka basabalea: «Walodongedjake ibanga ta ipose i ikila nda?».,Elles disaient entre elles: Qui nous roulera la pierre loin de lentrée du sépulcre?.
MRK.16.4,"Yana angɔdjɔkɔ bo miso, baenɛkɛ ibanga igbɔgbɔ idaka ihilingodjamake.","Et, levant les yeux, elles aperçurent que la pierre, qui était très grande, avait été roulée."
MRK.16.5,"Bakweaka ta ikila, baenɛkɛ mwenga momi, alwaka esendja epu, adi ta ebɔ e bami; ko babangaka mɛnɛ.","Elles entrèrent dans le sépulcre, virent un jeune homme assis à droite vêtu dune robe blanche, et elles furent épouvantées."
MRK.16.6,"Mwenga omina abalaka na bu: «Pɛ bobangani; wahombakani Yesu o Nasaleta, iyona obakaka bo ta ekulusu? Asapusoi ta bogwa, aditi iya. Endjani polo emosambeaka bo iye.","Il leur dit: Ne vous épouvantez pas; vous cherchez Jésus de Nazareth, qui a été crucifié; il est ressuscité, il nest point ici; voici le lieu où on lavait mis."
MRK.16.7,"Endolo kɛni atɔndeani batingami ba nde ko na Piɛlɛ pongono; Boo ambakani oho ta ibonga i Galilea: oho wamoenɛkɛni, elenge abalaka yo na nu .».","Mais allez dire à ses disciples et à Pierre quil vous précède en Galilée: cest là que vous le verrez, comme il vous la dit."
MRK.16.8,"Okobea bali badongaka ta ikila i Yesu, bapotaka, badjoe na bokamoa. Ko baitɔndeaka nongo moto, tengasa badaka na bɔɔ. .","Elles sortirent du sépulcre et senfuirent. La peur et le trouble les avaient saisies; et elles ne dirent rien à personne, à cause de leur effroi."
MRK.16.9,"Ngɔngɔ i Yesu bosapusoa ta bogwa, ehuma e busa bo pɔsɛ, asaenɛmedjaka boso na Malia e Magadala, yona obenganaka yo miembo mibe sambo.","Jésus, étant ressuscité le matin du premier jour de la semaine, apparut dabord à Marie de Magdala, de laquelle il avait chassé sept démons."
MRK.16.10,Malia e Magadala ayanaka ko atɔndɔkɔ gala emina adi bia badaka na nde. Yana adakabo ta ilaka ko boyea.,"Elle alla en porter la nouvelle à ceux qui avaient été avec lui, et qui saffligeaient et pleuraient."
MRK.16.11,"Endolo ehole eokaka bo mwali bobala: «Yesu adi na bomɔ, na moeni!», Baimodimeaka.","Quand ils entendirent quil vivait, et quelle lavait vu, ils ne le crurent point."
MRK.16.12,"Ngɔngimina, asenɛmedjaka na bu na mondumba mokina adi batingami babae badaka bayane ta ndjea e ibonga.","Après cela, il apparut, sous une autre forme, à deux dentre eux qui étaient en chemin pour aller à la campagne."
MRK.16.13,"Bo pongono basɔmbɔkɔ ko batɔndeaka ba bina bu, endolo baibadimeaka nongo.","Ils revinrent lannoncer aux autres, qui ne les crurent pas non plus."
MRK.16.14,"Na bea, Yesu asenɛmedjaka na bapɔsɔlu domi na omɔti, ehole edaka bo bayaka; abaosaka mɛnɛ na taka e bodima ko na milema mipipo mi bobo, tine boo baidimeaka bia bamoenɛkɛ ngɔngɔ i bopusoa.","Enfin, il apparut aux onze, pendant quils étaient à table; et il leur reprocha leur incrédulité et la dureté de leur cœur, parce quils navaient pas cru ceux qui lavaient vu ressuscité."
MRK.16.15,Ngɔngɔ abalaka na bu: «Kɛni ta ngondo esusu boleha Bwɛndi Bopele adi bato basusu .,"Puis il leur dit: Allez par tout le monde, et prêchez la bonne nouvelle à toute la création."
MRK.16.16,Iyona odimabi ko adiabi inelo ahelabi; endolo o dabi pɛ bodima amoleneabi etumbo.,"Celui qui croira et qui sera baptisé sera sauvé, mais celui qui ne croira pas sera condamné."
MRK.16.17,"Endjani bimbete bienɛmedjamabi adi bia badimabi: na kombe e mbi, babenganakabi miembo mibe; babalakabi kɔpi iyanie;.","Voici les miracles qui accompagneront ceux qui auront cru: en mon nom, ils chasseront les démons; ils parleront de nouvelles langues;."
MRK.16.18,"Bapeakabi ndjɔ na mɔmɔ kaoko bomwaka moselo, mobakoetebi nongo bobe bomɔti; babakeakabi mɔmɔ adi bato ba bipeko ko bato bamina bahelabi.».","ils saisiront des serpents; sils boivent quelque breuvage mortel, il ne leur fera point de mal; ils imposeront les mains aux malades, et les malades, seront guéris."
MRK.16.19,"Ngɔngɔ ibobala na bu meako mia, Kumu Yesu aiweaka ta busa ko adi ta ebɔ e bami e Ndjakomba .","Le Seigneur, après leur avoir parlé, fut enlevé au ciel, et il sassit à la droite de Dieu."
MRK.16.20,"Batingami bakɛkɛ ta polo isusu tine boleha Bwɛndi Bopele. Kumu adaka asala na bu engbanga emɔti ko abapaka suwea e bokɔ bimbete bi bokamoa, tina e bodimedja mobalo mo nde modi soti .","Et ils sen allèrent prêcher partout. Le Seigneur travaillait avec eux, et confirmait la parole par les miracles qui laccompagnaient."
LUK.1.1,Bato banɛnɛ bamekaka bokoma masolo ma midjɔ iminɔkɔ a ndanda e biso.,Plusieurs ayant entrepris de composer un récit des événements qui se sont accomplis parmi nous.
LUK.1.2,"Bakomaka meako mimina elenge ebatɔndeaka bo, na bato bia ibaenɛkɛ na miso midjɔ iminɔkɔ, donga ta mbangi, baimeaka basali ko batombaka mandi ma boleha meako mi Ndjakomba.",suivant ce que nous ont transmis ceux qui ont été des témoins oculaires dès le commencement et sont devenus des ministres de la parole.
LUK.1.3,"Na tina emina, ta pamba e mbi, ngɔngɔ i bohomba bodjeba soti e midjɔ misusu mia iminɔkɔ ta mbangi, naenɛki bopele ta pamba e mbi, bokomea meako mimina na bodjo adi wɛ, moto o gala Teopile.","il ma aussi semblé bon, après avoir fait des recherches exactes sur toutes ces choses depuis leur origine, de te les exposer par écrit dune manière suivie, excellent Théophile."
LUK.1.4,Namikomi tine boo oboani bodjeba meako imi midia wɛ midi soti.,afin que tu reconnaisses la certitude des enseignements que tu as reçus.
LUK.1.5,"A ehole edaka Elode mokondji o ibonga i Yuda, nganga o Ndjakomba omɔti kombe e nde edaka Djakalia, adaka ta engbanga e banganga ba Ndjakomba ba iputo i Abiya . Mwali o nde, Elisabɛti adaka o denga i Alona .","Du temps dHérode, roi de Judée, il y avait un sacrificateur, nommé Zacharie, de la classe dAbia; sa femme était dentre les filles dAaron, et sappelait Élisabeth."
LUK.1.6,Bo basusu babae badaka bato ba bodjo ta boso bo Ndjakomba ko badaka basuma mɛnɛ mibeko ko bilomu bi Kumu.,"Tous deux étaient justes devant Dieu, observant dune manière irréprochable tous les commandements et toutes les ordonnances du Seigneur."
LUK.1.7,"Na bea baidaka na mwana, tine boo Elisabɛti adaka mwali motete ko bo basusu babae baimeaka babange.","Ils navaient point denfants, parce quÉlisabeth était stérile; et ils étaient lun et lautre avancés en âge."
LUK.1.8,"Busa bomɔti, Djakalia adaka akɔ mosala mo nde mo bonganga bo Ndjakomba, tine boo edaka ngala e nde e bokɔ.","Or, pendant quil sacquittait de ses fonctions devant Dieu, selon le tour de sa classe, il fut appelé par le sort."
LUK.1.9,"Bokimana elama e banganga ba Ndjakomba, ahɔmɔkɔ na djonga tine botumba mbeka e paka malasi ta tei e polo esɛnɔke e Kumu.","daprès la règle du sacerdoce, à entrer dans le temple du Seigneur pour offrir le parfum."
LUK.1.10,"Ta ehole e botumba mbeka e paka malasi, iputo i bato banɛnɛ badaka bongɔnɔ sokolu.","Toute la multitude du peuple était dehors en prière, à lheure du parfum."
LUK.1.11,"Mbala emɔti, obwɛndji o Kumu asainedjaka na Djakalia, aemaka diko ta ebɔ e bami ta polo ekatumbebo paka malasi tina e Ndjakomba.","Alors un ange du Seigneur apparut à Zacharie, et se tint debout à droite de lautel des parfums."
LUK.1.12,"Ehole emoenɛkɛ Djakalia, alengesanaka ko alumaka na bɔɔ.","Zacharie fut troublé en le voyant, et la frayeur sempara de lui."
LUK.1.13,"Endolo obwɛndji abalaka na nde: «Djakalia pɛ boda na bɔɔ, tine boo Ndjakomba aoki miongɔnɔ mi wɛ. Mwali o wɛ Elisabɛti aoboteake mwana momi ko wa mobakeake kombe e Yoane.","Mais lange lui dit: Ne crains point, Zacharie; car ta prière a été exaucée. Ta femme Élisabeth tenfantera un fils, et tu lui donneras le nom de Jean. Lu :."
LUK.1.14,Mwana omina adake sepi enɛnɛ tina e wɛ ko bato banɛnɛ basepabi na bobotama bo Yoane.,"Il sera pour toi un sujet de joie et dallégresse, et plusieurs se réjouiront de sa naissance. Lu :."
LUK.1.15,"Tengasa adabi mosali monɛnɛ ta boso bo Kumu. Amwɛtebi vino kaoko mana mapipo , tine boo alumabi na Mwembo Mosɛnɔke donga ta sɔpɔ i nange e nde.","Car il sera grand devant le Seigneur. Il ne boira ni vin, ni liqueur enivrante, et il sera rempli de lEsprit-Saint dès le sein de sa mère;."
LUK.1.16,Asɔmbedjabi bato banɛnɛ ba Isalɛlɛ ta pamba e Kumu Ndjakomba o bobo.,"il ramènera plusieurs des fils dIsraël au Seigneur, leur Dieu;."
LUK.1.17,"Adalabi ta boso bo Kumu, na mwembo ko na kpatsi e mbaeli o Ndjakomba Elia, tine bosɔmbedja milema mi ba tata ta pamba e bɛngɛ, ko bato ba itio ta ndjea e bowɛi , abɔngedjabi bato tina e Kumu.».","il marchera devant Dieu avec lesprit et la puissance dÉlie, pour ramener les cœurs des pères vers les enfants, et les rebelles à la sagesse des justes, afin de préparer au Seigneur un peuple bien disposé. Lu :."
LUK.1.18,"Na bea Djakalia abalaka na obwɛndji: «Nadjebake meako mimina midi soti moda nda? Tine boo mbi naimei mobange, ko mwali o mbi aimei ko mobange.».","Zacharie dit à lange: A quoi reconnaîtrai-je cela? Car je suis vieux, et ma femme est avancée en âge."
LUK.1.19,"Obwɛndji amosɔmbedjaka: «Mbi nadi Gabiyɛlɛ , nakaemae ta boso bo Ndjakomba. Nalomami tine botɔndea wɛ bwɛndi bopele.","Lange lui répondit: Je suis Gabriel, je me tiens devant Dieu; jai été envoyé pour te parler, et pour tannoncer cette bonne nouvelle."
LUK.1.20,"Na bea elenge okiti mibalo mi mbi, mikokedjamabi ta ehole ebɔngedjama; waimeake emimi ko odaetebi na enɔeli e bobala mbunoko isu imeake modjɔ momina.».","Et voici, tu seras muet, et tu ne pourras parler jusquau jour où ces choses arriveront, parce que tu nas pas cru à mes paroles, qui saccompliront en leur temps."
LUK.1.21,"Ta ehole emina, bato badaka bamba Djakalia ko bakamoaka moda moyeyoaka yo ta tepelo esɛnɔke.","Cependant, le peuple attendait Zacharie, sétonnant de ce quil restait si longtemps dans le temple."
LUK.1.22,"Ehole eimaka yo, aidaka naikina na enɔeli e bobala na bu ko bato badjebaka boo aeni ndjɛnɛ ta tepelo esɛnɔke. Tengasa aimeaka bobala na bu na bimbete ko adikaka emimi.","Quand il sortit, il ne put leur parler, et ils comprirent quil avait eu une vision dans le temple; il leur faisait des signes, et il resta muet."
LUK.1.23,"Ehole esidjaka Djakalia ngala e nde bokɔ mosala mo bonganga bo Ndjakomba, asɔmbɔkɔ ta ndako e nde.","Lorsque ses jours de service furent écoulés, il sen alla chez lui."
LUK.1.24,"Ngɔngɔ i moehole, mwali o nde Elisabɛti alwaka demi ko asabombaka songe batano. Asabaleaka:.","Quelque temps après, Élisabeth, sa femme, devint enceinte. Elle se cacha pendant cinq mois, disant:."
LUK.1.25,«Endja eka ekɔi Kumu na mbi: adimi botingoani edɛdi ta modjɔ mokɔkini sɔni ta miso ma bato.».,"Cest la grâce que le Seigneur ma faite, quand il a jeté les yeux sur moi pour ôter mon opprobre parmi les hommes."
LUK.1.26,"Ngɔngɔ i songe basamano, Ndjakomba alomaka obwɛndji Gabiyɛlɛ ta ibonga imɔti i Galilea, ekabeame Nasaleta.","Au sixième mois, lange Gabriel fut envoyé par Dieu dans une ville de Galilée, appelée Nazareth."
LUK.1.27,"Amolomaka adi moseka mwali odaa pɛ boda na bami ohɔmɔkɔ na moki, na momi omɔti, kombe e nde Esepu. Yo adaka ta pako e kumu Dapiti. Kombe e moseka mwali edaka Malia.","auprès dune vierge fiancée à un homme de la maison de David, nommé Joseph. Le nom de la vierge était Marie."
LUK.1.28,"Obwɛndji akweaka adi Malia ko abalaka na nde: «Osisoi! Ndjakomba akɔi na wɛ mongandi, ko adi engbanga na wɛ!».","Lange entra chez elle, et dit: Je te salue, toi à qui une grâce a été faite; le Seigneur est avec toi."
LUK.1.29,Malia ayegebanaka na kɔpi emina; asahɔdjɔkɔ eka etingodjaka ndese emina.,"Troublée par cette parole, Marie se demandait ce que pouvait signifier une telle salutation."
LUK.1.30,"Endolo Obwɛndji abalaka na nde: «Pɛ bobanga Malia, tengasa odihi mongandi ta boso bo Ndjakomba.","Lange lui dit: Ne crains point, Marie; car tu as trouvé grâce devant Dieu."
LUK.1.31,"Endja walwoake demi ko wabotake mwana momi, omopabi kombe e Yesu.","Et voici, tu deviendras enceinte, et tu enfanteras un fils, et tu lui donneras le nom de Jésus."
LUK.1.32,Adabi moto monɛnɛ ko bamobeabi Mwana o Ndjakomba yona odi odiko i losusu. Kumu Ndjakomba amodedjabi ta ngbɛndɛ e kɔkɔ e nde Dapiti.,"Il sera grand et sera appelé Fils du Très-Haut, et le Seigneur Dieu lui donnera le trône de David, son père."
LUK.1.33,"Adabi Kumu ta denga i Djakobo, ko bokumu bo nde bodaetebi na suka .».","Il régnera sur la maison de Jacob éternellement, et son règne naura point de fin."
LUK.1.34,Malia abali na obwɛndji: «Modjɔ momina modabi moda nda? Tengasa napakini aputoana na momi.».,"Marie dit à lange: Comment cela se fera-t-il, puisque je ne connais point dhomme?."
LUK.1.35,"Obwɛndji amosɔmbedjaka: «Mwembo Mosɛnɔke aduabi ta diko i wɛ ko ngulu e Ndjakomba yona odi odiko i losusu aodipabi na esii e nde. Ko yo yona obotamabi na wɛ adabi mosɛnɔke, abeamabi Mwana o Ndjakomba.","Lange lui répondit: Le Saint-Esprit viendra sur toi, et la puissance du Très-Haut te couvrira de son ombre. Cest pourquoi le saint enfant qui naîtra de toi sera appelé Fils de Dieu."
LUK.1.36,"Elisabɛti, mwange e wɛ mwali, alwai demi i mwana momi ta bobange bo nde, idi edɛdi na songe basamano, yona odaka bo babea mwali motete.","Voici, Élisabeth, ta parente, a conçu, elle aussi, un fils en sa vieillesse, et celle qui était appelée stérile est dans son sixième mois."
LUK.1.37,Tengasa pɛ modjɔ monɔi Ndjakomba na bopipo.».,Car rien nest impossible à Dieu.
LUK.1.38,Na bea Malia amosɔmbedjaka: «Nadi mobuli o Kumu. Kina boo misusu mikɔme na mbi oko moda mobali wɛ.» Ko obwɛndji amokinaka.,Marie dit: Je suis la servante du Seigneur; quil me soit fait selon ta parole! Et lange la quitta.
LUK.1.39,"Ngɔngɔ i baasu, Malia akɛkɛ pɛpɛlɛ ta ibonga imɔti i ikoli i Yudea.","Dans ce même temps, Marie se leva, et sen alla en hâte vers les montagnes, dans une ville de Juda."
LUK.1.40,Akweaka ta ndako e Djakalia ko aiseaka Elisabɛti.,"Elle entra dans la maison de Zacharie, et salua Élisabeth."
LUK.1.41,"Oko ta ehole eokaka Elisabɛti ndese e Malia, mwana akumanaka ta sɔpɔ i Elisabɛti. Ibea alumaka na Mwembo Mosɛnɔke.","Dès quÉlisabeth entendit la salutation de Marie, son enfant tressaillit dans son sein, et elle fut remplie du Saint-Esprit."
LUK.1.42,"ko agamaka na ngulu: «Ndjakomba aodjongoi bonɔ bali basusu, mwana odi ta sɔpɔ i wɛ, adjongoami na Ndjakomba!.","Elle sécria dune voix forte: Tu es bénie entre les femmes, et le fruit de ton sein est béni."
LUK.1.43,Mbi nadi nda? Tine boo nange e Kumu adue adi mbi?.,Comment mest-il accordé que la mère de mon Seigneur vienne auprès de moi?.
LUK.1.44,"Tengasa, oko ta ehole eiseini wɛ, mwana akumani na sepi enɛnɛ ta sɔpɔ i mbi.","Car voici, aussitôt que la voix de ta salutation a frappé mon oreille, lenfant a tressailli dallégresse dans mon sein."
LUK.1.45,"Odi Mwali osepi! Wɛ iyo opala meako i mi mibalaka Kumu Ndjakomba na wɛ, mikokedjamabi!».","Heureuse celle qui a cru, parce que les choses qui lui ont été dites de la part du Seigneur auront leur accomplissement."
LUK.1.46,Ibea Malia abalaka : «Kina boo molema mo mbi mosusu mokumedje Kumu!.,Et Marie dit: Mon âme exalte le Seigneur.
LUK.1.47,"Nalumi na sepi enɛnɛ tina e Ndjakomba, Moheledji o mbi.","Et mon esprit se réjouit en Dieu, mon Sauveur."
LUK.1.48,"Tengasa aendjini na miso ma nde ma epaeli, mbi mobuli o nde otaka ekumu! Soti, donga edɛdi mbunoko bihole bisusu, bato basusu babeabini mwali o mongandi!.","Parce quil a jeté les yeux sur la bassesse de sa servante. Car voici, désormais toutes les générations me diront bienheureuse."
LUK.1.49,"Tengasa, Ndjakomba yona odi odiko i losusu akɔi na mbi midjɔ mi bokamoa; Kombe e nde edi Esɛnɔke!.",Parce que le Tout-Puissant a fait pour moi de grandes choses. Son nom est saint.
LUK.1.50,Ko bopele bo nde bokayeyoe bihole bisusu adi bia bakamosume!.,et sa miséricorde sétend dâge en âge sur ceux qui le craignent.
LUK.1.51,"Akɔi meako mi bokamoa na ngulu e ebɔ e nde, ananganedji bato ba mopopo.",Il a déployé la force de son bras; Il a dispersé ceux qui avaient dans le cœur des pensées orgueilleuses.
LUK.1.52,"Ahombedja bato ba ngulu ta ngbɛndɛ i bobo, endolo angɔdji bato ngasa .","Il a renversé les puissants de leurs trônes, et il a élevé les humbles."
LUK.1.53,"Akapɛ mia adi bato ba ndja, ko akayanedje badieli mɔmɔ ngasa.","Il a rassasié de biens les affamés, et il a renvoyé les riches à vide."
LUK.1.54,"Soti adoi akamoa Isalɛlɛ, mosali o nde, ko abositi boinedja bopele bo nde;.","Il a secouru Israël, son serviteur, et il sest souvenu de sa miséricorde."
LUK.1.55,"moda mobala yo na ba kɔkɔ ba biso, adi Abalayama ko na bwela bo nde tine kɔbili na kɔbili.».","comme il lavait dit à nos pères, Envers Abraham et sa postérité pour toujours."
LUK.1.56,"Malia adaka adi Elisabɛti mbuti na songe basato, ngɔngɔ ayanaka ta ndako e nde.",Marie demeura avec Élisabeth environ trois mois. Puis elle retourna chez elle.
LUK.1.57,"Ehole e masu ma bobota bo Elisabɛti makokaka, abotaka mwana momi.","Le temps où Élisabeth devait accoucher arriva, et elle enfanta un fils."
LUK.1.58,Bato badaka mbuti na nde ko denga i nde baoka bo Kumu amokɔi mongandi monɛnɛ ko basepaka na nde engbanga emɔti.,"Lu : Ses voisins et ses parents apprirent que le Seigneur avait fait éclater envers elle sa miséricorde, et ils se réjouirent avec elle."
LUK.1.59,"Ta isu i bomwambe, bakɛkɛ na mwana tine bomolena epole. Bapalaka bomopa kombe e Sange e nde Djakalia.","Le huitième jour, ils vinrent pour circoncire lenfant, et ils lappelaient Zacharie, du nom de son père."
LUK.1.60,"Endolo nange e nde alonaka ko abalaka: «Ngasa, kombe e nde Yoane.».","Mais sa mère prit la parole, et dit: Non, il sera appelé Jean."
LUK.1.61,"Bamotondeaka: «Ngasa, pɛ moto omɔti o denga i wɛ odi na kombe emina!».",Ils lui dirent: Il ny a dans ta parenté personne qui soit appelé de ce nom.
LUK.1.62,"Na bea basolaka na sange e mwana na bimbete, ebɛngi badjebe kombe apalaka yo babee mwana.",Et ils firent des signes à son père pour savoir comment il voulait quon lappelle.
LUK.1.63,Djakalia ahɔdjɔkɔ moo ibaya mokɛkɛ ko akomaka ena mibalo imi: «Kombe e nde Yoane.» Bato basusu bakamoaka.,"Zacharie demanda des tablettes, et il écrivit: Jean est son nom. Et tous furent dans létonnement."
LUK.1.64,Mbala emɔti Djakalia asɔmbɔkɔ naikina bobala ko akumedja Ndjakomba na kɔpi epipo.,"Au même instant, sa bouche souvrit, sa langue se délia, et il parlait, bénissant Dieu."
LUK.1.65,"Ibea, bato basusu badaka mbuti balumaka na bɔɔ; ko ibonga i makoli masusu ma Yudea badaka batomba sɔngi e meako mimina.","La crainte sempara de tous les habitants dalentour, et, dans toutes les montagnes de la Judée, on sentretenait de toutes ces choses."
LUK.1.66,"Bato basusu ibaokaka modjɔ momina, badaka balɛdjɛ eni basahɔdjɔ: «Mwana omina adake ngɔngɔ nda?» Ngulu e Kumu edi na nde.","Tous ceux qui les apprirent les gardèrent dans leur cœur, en disant: Que sera donc cet enfant? Et la main du Seigneur était avec lui."
LUK.1.67,"Djakalia, sange e mwana, alumaka na Mwembo Mosɛnɔke ko abalaka mibalo i mi:.","Zacharie, son père, fut rempli du Saint-Esprit, et il prophétisa, en ces mots:."
LUK.1.68,"«Kumu, Ndjakomba o Isalɛlɛ, akumedjame; tengasa adoi akɔmedja bato ba nde ko bobaimedja basɔmi!.","Béni soit le Seigneur, le Dieu dIsraël, De ce quil a visité et racheté son peuple."
LUK.1.69,"Alopi tina e biso Moheledja o ngulu, ta tei e denga i Dapiti, mosali o nde.","Et nous a suscité un puissant Sauveur Dans la maison de David, son serviteur."
LUK.1.70,Amikokedji oko elenge amaka yo bala ehele na ndjea e basɛnɔke ba mbaeli ba Ndjakomba.,Comme il lavait annoncé par la bouche de ses saints prophètes des temps anciens.
LUK.1.71,Alolomea Moheledji alotingoe ta mɔmɔ ma bato babe; ko na bokumu adi baloni ba biso.,Un Sauveur qui nous délivre de nos ennemis et de la main de tous ceux qui nous haïssent!.
LUK.1.72,Ainedji bopele bo nde adi ba kɔkɔ ba biso. Ko aibosa bwela bo nde bosɛnɔke.,"Cest ainsi quil manifeste sa miséricorde envers nos pères, Et se souvient de sa sainte alliance."
LUK.1.73,"Akokedja bhɛli e bhɛlɛ yo na Abalayama, kɔkɔ e biso boo.","Selon le serment par lequel il avait juré à Abraham, notre père."
LUK.1.74,Alodongedjabi ta mɔmɔ ma baloni ba biso; tine lomokɔme napɛ bɔɔ.,"De nous permettre, après que nous serions délivrés de la main de nos ennemis, De le servir sans crainte."
LUK.1.75,"na bosɛnɔ ko na bodjo ta boso bo nde, masu masusu ma mohelo mo biso.",En marchant devant lui dans la sainteté et dans la justice tous les jours de notre vie.
LUK.1.76,"Ko wɛ, mwa mba, odabi mbaeli o Ndjakomba yona odi odiko i losusu, tengasa odalabi boso bo Kumu, tine bobɔngedja ndjea e nde.","Et toi, petit enfant, tu seras appelé prophète du Très-Haut; Car tu marcheras devant la face du Seigneur, pour préparer ses voies."
LUK.1.77,botɔndea bato ba nde boo abaheledjabi ko ayɛbi mabe ma bobo.,Afin de donner à son peuple la connaissance du salut Par le pardon de ses péchés.
LUK.1.78,"Edi oko bea, tengasa Ndjakomba o biso aluma na bopele, na tine emina, alopabi bohu, bokadonge o diko, elenge akaime modakabusa ehuma.","Grâce aux entrailles de la miséricorde de notre Dieu, En vertu de laquelle le soleil levant nous a visités den haut."
LUK.1.79,"Aimabi tine boinedja bohu adi bato badi ta bulu ko ta modidi mo bogwa, ko bodaledja mako ma biso ta ndjea e bomwi .».","Pour éclairer ceux qui sont assis dans les ténèbres et dans lombre de la mort, Pour diriger nos pas dans le chemin de la paix."
LUK.1.80,Mwana akandoaka ko Mwembo mo nde moimeaka na ngulu. Adaka ta polo i bitengelenge mbunoko ta isu isinedja yo ta miso ma bato ba Isalɛlɛ.,"Or, lenfant croissait, et se fortifiait en esprit. Et il demeura dans les déserts, jusquau jour où il se présenta devant Israël."
LUK.2.1,"Ta ehole emina, kumu monɛnɛ o Loma Sedjale Ogusitɛ, apaka mobeko boo bato basusu bakɛ bokomedja kombe tine bodjeba motango mo bato basusu badaka ta ngondo ekondjaka yo ta Loma.","En ce temps-là parut un édit de César Auguste, ordonnant un recensement de toute la terre."
LUK.2.2,Edaka mbala e boso e bokomedja kombe ehole edaka Kilinusu gupɛnɛlɛ ta ngondo e Sulia.,Ce premier recensement eut lieu pendant que Quirinius était gouverneur de Syrie.
LUK.2.3,"Bato basusu bakɛkɛ bokomedja kombe, moto na moto na ibonga i nde mɛnɛ.","Tous allaient se faire inscrire, chacun dans sa ville."
LUK.2.4,"Esepu akinaka Nasaleta ta ekenge e ibonga i Galilea. Akɛkɛ ta Bɛtɛlɛmɛ ta ekenge e ibonga i Yudea, tengasa adaka moto o denga i ibonga ibotamaka Dapiti.","Joseph aussi monta de la Galilée, de la ville de Nazareth, pour se rendre en Judée, dans la ville de David, appelée Bethléhem, parce quil était de la maison et de la famille de David."
LUK.2.5,"Akɛkɛ bokomedja kombe e nde engbanga emɔti na Malia, mwali o nde ohɔmɔkɔ na moki ko yona odaka na demi.","afin de se faire inscrire avec Marie, sa fiancée, qui était enceinte."
LUK.2.6,"Enakobea ehole edaka bo ta Bɛtɛlɛmɛ, masu ma bobota bo nde makokaka.","Pendant quils étaient là, le temps où Marie devait accoucher arriva."
LUK.2.7,"Ibea Malia abotaka mwana momi o boso o nde, amohuaka na bisendja ko amosambeaka ta eyedji e bhata, tengasa polo eidaka tine bobo ta ndako ekasɔe bo bakɛndɛli.","et elle enfanta son fils premier-né. Elle lemmaillota, et le coucha dans une crèche, parce quil ny avait pas de place pour eux dans lhôtellerie."
LUK.2.8,"Ta ibonga imina, babanei ba bhata badaka ta gbie tine e bobanea bhata na bulu.","Il y avait, dans cette même contrée, des bergers qui passaient dans les champs les veilles de la nuit pour garder leurs troupeaux."
LUK.2.9,"Obwɛndji o Kumu asainedjaka ta boso bo bobo, ibea bohu bo ekumu e kumu ebadipaka ko baimeaka na bɔɔ mɛnɛ.","Et voici, un ange du Seigneur leur apparut, et la gloire du Seigneur resplendit autour deux. Ils furent saisis dune grande frayeur."
LUK.2.10,"Na bea obwɛndji abalaka na bu: «Pɛ bobangani, tengasa nadoi aotɔndeani Bwɛndi bo mɔti bopele, ibu bosepedjabi bato basusu.","Mais lange leur dit: Ne craignez point; car je vous annonce une bonne nouvelle, qui sera pour tout le peuple le sujet dune grande joie:."
LUK.2.11,"Na bulu bo busa bu, baoboteini Moheledji ta ibonga i Dapiti, yo adi Kilito, Kumu.","cest quaujourdhui, dans la ville de David, il vous est né un Sauveur, qui est le Christ, le Seigneur."
LUK.2.12,"Ko endja embete e bokamoa iye eopini mbi: wataneakeni mwana mopu oboti bo, ahuami na bisendja ko asambi ta eyedji e bhata.».",Et voici à quel signe vous le reconnaîtrez: vous trouverez un enfant emmailloté et couché dans une crèche.
LUK.2.13,"Na mbala emɔti, obwɛndji ko na bakina banɛnɛ baduaka aputoana na nde ko babangaka bokumedja Ndjakomba. Babalaka:.","Et soudain il se joignit à lange une multitude de larmée céleste, louant Dieu et disant:."
LUK.2.14,"«Ekumu adi Ndjakomba iyona odi diko i losusu, ko bogo ta kpɔtɔ adi bato bakamopale!».","Gloire à Dieu dans les lieux très hauts, Et paix sur la terre parmi les hommes quil agrée!."
LUK.2.15,"Ehole eyanaka babwɛndji o diko, babanei ba bhata basabaleanaka: «Lokɛni ta Bɛtɛlɛmɛ tine bodjeba meako imi misimea, milotɔndei Kumu.».","Lorsque les anges les eurent quittés pour retourner au ciel, les bergers se dirent les uns aux autres: Allons jusquà Bethléhem, et voyons ce qui est arrivé, ce que le Seigneur nous a fait connaître."
LUK.2.16,"Bakɛkɛ pɛpɛlɛ ta Bɛtɛlɛmɛ ko bataneaka Malia, Esepu na mwana mopu, asambi ta eyedji e bhata.","Ils y allèrent en hâte, et ils trouvèrent Marie et Joseph, et le petit enfant couché dans la crèche."
LUK.2.17,"Ehole enɛ bo mwana, babalaka meako misusu mibatɔndeaka obwɛndji ta tina e mwana omina.","Après lavoir vu, ils racontèrent ce qui leur avait été dit au sujet de ce petit enfant."
LUK.2.18,"Bato basusu ibaokaka meako mimina ta minɔko mi babanei ba bhata, bakamoaka mɛnɛ.",Tous ceux qui les entendirent furent dans létonnement de ce que leur disaient les bergers.
LUK.2.19,Malia abaneaka meako mia ta molema ko bohomba bodjeba tina e meako mimina.,"Marie gardait toutes ces choses, et les repassait dans son cœur."
LUK.2.20,"Ngɔngɔ, babanei ba bhata bayanaka. Badaka bokumedja Ndjakomba ko boemba ndjembo, tine meako misusu miokaka bo na mienɛkɛ bo, tengasa mibwanaka na mia mibatɔndeaka obwɛndji.","Et les bergers sen retournèrent, glorifiant et louant Dieu pour tout ce quils avaient entendu et vu, et qui était conforme à ce qui leur avait été annoncé."
LUK.2.21,"Ngɔngɔ i masu bomwambe, ehole ebolena mwana epole eimeaka; ibea bamobakeaka kombe e Yesu, oko moda motɔndeaka obwɛndji Malia boso bo alwae demi.","Le huitième jour, auquel lenfant devait être circoncis, étant arrivé, on lui donna le nom de Jésus, nom quavait indiqué lange avant quil fût conçu dans le sein de sa mère."
LUK.2.22,"Ko yana aimeaka ehole e bosasɛnodja, bobwana na mobeko mo Mose , Esepu na Malia bakɛkɛ na mwana ta Yelusalɛmɛ tine bomoinedja Kumu;.","Et, quand les jours de leur purification furent accomplis, selon la loi de Moïse, Joseph et Marie le portèrent à Jérusalem, pour le présenter au Seigneur."
LUK.2.23,tengasa boboana na moda mokomama ta mobeko mo Kumu: «Mwana mosusu momi o boso yona oboti bo aboani bomobondjea adi Kumu elenge ikabo .».,suivant ce qui est écrit dans la loi du Seigneur: Tout mâle premier-né sera consacré au Seigneur.
LUK.2.24,"Boboana na mobeko mo Kumu, bapaka adi Ndjakomba mbeka edowa mwali na momi kaoko bana ba bimbenga babae .","et pour offrir en sacrifice deux tourterelles ou deux jeunes pigeons, comme cela est prescrit dans la loi du Seigneur."
LUK.2.25,"Moto omɔti adaka ta Yelusalɛmɛ kombe e nde Simeona. Moto omina adaka bodjo na isuma, adaka amba isu igɔledjamabi Isalɛlɛ, ko Mwembo Mosɛnɔke modaka na nde.","Et voici, il y avait à Jérusalem un homme appelé Siméon. Cet homme était juste et pieux, il attendait la consolation dIsraël, et lEsprit-Saint était sur lui."
LUK.2.26,"Mwembo Mosɛnɔke mo motɔndeaka boso boo agwɛtebi mbunoko akaenɛ Kilito, Kumu.",Il avait été divinement averti par le Saint-Esprit quil ne mourrait point avant davoir vu le Christ du Seigneur.
LUK.2.27,"Mwembo Mosɛnɔke mo molomaka, ta tepelo, oko ta ehole emina, baboti ba Yesu bakɛkɛ na nde tine bokokedja meako imihɔdjɔkɔ mobeko.","Il vint au temple, poussé par lEsprit. Et, comme les parents apportaient le petit enfant Jésus pour accomplir à son égard ce quordonnait la loi."
LUK.2.28,Simeona amotombaka ta mɔmɔ ma nde ko akumedjaka Ndjakomba. Abalaka:.,"il le reçut dans ses bras, bénit Dieu, et dit:."
LUK.2.29,"«Edɛdi, Kumu, okokedji mbuno e wɛ; kina mosali o wɛ aheme na bogo.","Maintenant, Seigneur, tu laisses ton serviteur Sen aller en paix, selon ta parole."
LUK.2.30,Tengasa miso ma mbi maeni Moheledji .,Car mes yeux ont vu ton salut.
LUK.2.31,yona obɔngedja wɛ tina e bato basusu:.,Salut que tu as préparé devant tous les peuples.
LUK.2.32,"Yo adi moi mo bohu adiko i bato badi pɛ boda Isalɛlɛ, ko gala adi bato ba nde, Isalɛlɛ .».","Lumière pour éclairer les nations, Et gloire dIsraël, ton peuple."
LUK.2.33,Sange e nde na nange e nde badaka bokamoa meako midaka Simeona abala ta tina e nde.,Son père et sa mère étaient dans ladmiration des choses quon disait de lui.
LUK.2.34,Simeona abadjongoaka ko abalaka na Malia nange e Yesu: «Mwana iyo alomama bo adae ibaku tina e botitedja kaoko boangɔdjɔ bato banɛnɛ ba Isalɛlɛ. Adabi embete ekitɛ ebogbɔtodja bato;.,"Siméon les bénit, et dit à Marie, sa mère: Voici, cet enfant est destiné à amener la chute et le relèvement de plusieurs en Israël, et à devenir un signe qui provoquera la contradiction."
LUK.2.35,"na bea aimedjabi ta bohu malɛi imabolama ta milema mi bato; ko wɛ, nange e nde, ookabi saya ta molema elenge bakoindea ikɔngɔ.».","et à toi-même une épée te transpercera lâme, afin que les pensées de beaucoup de cœurs soient dévoilées."
LUK.2.36,"Edaka na mbaeli o Ndjakomba mwali omɔti kombe e nde Ana, mwana mwali o Panuwele, o pako e Aselo. Aimeaka mobange mɛnɛ. Ayeyoaka ta moki mbula sambo na muma nde omoasɔkɔ donga ta bobwɛngɛ bo nde.","Il y avait aussi une prophétesse, Anne, fille de Phanuel, de la tribu dAser. Elle était fort avancée en âge, et elle avait vécu sept ans avec son mari depuis sa virginité."
LUK.2.37,"Adikaka mwali o bogwa mbunoko akokedjaka mbula tuku bo mwambe na banei . Adaka ta tepelo bihole bisusu, bokɔmea Ndjakomba bulu na moi, ko na bokia mia ko bongɔnɔ.","Restée veuve, et âgée de quatre vingt-quatre ans, elle ne quittait pas le temple, et elle servait Dieu nuit et jour dans le jeûne et dans la prière."
LUK.2.38,"Aimeaka ehole emina, apaka Ndjakomba mɛlɛsi na botɔndɔ meako tina e mwana adi bato basusu bia bambaka mohelo mo Yelusalɛmɛ.","Étant survenue, elle aussi, à cette même heure, elle louait Dieu, et elle parlait de Jésus à tous ceux qui attendaient la délivrance de Jérusalem."
LUK.2.39,"Ehole esidjaka baboti ba Yesu meako misusu boboana na moda molomaka mobeko mo Kumu, bayanaka ta Nasaleta ibonga i bobo mɛnɛ yena edaka ta Galilea.","Lorsquils eurent accompli tout ce quordonnait la loi du Seigneur, Joseph et Marie retournèrent en Galilée, à Nazareth, leur ville."
LUK.2.40,"Mwana akandoaka, asapingedjaka, alumaka na mongandi ko na epaeli e Ndjakomba edaka diko i nde.","Or, lenfant croissait et se fortifiait. Il était rempli de sagesse, et la grâce de Dieu était sur lui."
LUK.2.41,"Baboti ba nde bakɛkɛ mbula na mbula ta Yelusalɛmɛ, tine tɛkɛ e Pasika.","Les parents de Jésus allaient chaque année à Jérusalem, à la fête de Pâque."
LUK.2.42,"Ehole ekokedjaka Yesu mbula domi na babae, bakɛkɛ ta tɛkɛ elenge edaka bokɔkɔ bo bobo.","Lorsquil fut âgé de douze ans, ils y montèrent, selon la coutume de la fête."
LUK.2.43,"Ehole esiaka masu ma tɛkɛ, bahulaka, mwana Yesu adikaka ta Yelusalɛmɛ endolo baboti ba nde baidjebaka.","Puis, quand les jours furent écoulés, et quils sen retournèrent, lenfant Jésus resta à Jérusalem. Son père et sa mère ne sen aperçurent pas."
LUK.2.44,Balɛdjɛkɛ adaka adale engbanga emɔti na bange i nde ba mɔndɔ ko bakɔ busa itombo. Ngɔngɔ bamohombaka ta tei e denga ikina ko na badjebani ba nde;.,"Croyant quil était avec leurs compagnons de voyage, ils firent une journée de chemin, et le cherchèrent parmi leurs parents et leurs connaissances."
LUK.2.45,endolo baimodiaka. Ko basɔmbɔkɔ ta Yelusalɛmɛ a mohomba.,"Mais, ne layant pas trouvé, ils retournèrent à Jérusalem pour le chercher."
LUK.2.46,"Ngɔngɔ i masu masato, bamotaneaka ta Tepelo, adi na mobondo a ndanda e balehi ba mobeko, abahokamedja ko abahɔdjɔkɔ mahɔdjɔ.","Au bout de trois jours, ils le trouvèrent dans le temple, assis au milieu des docteurs, les écoutant et les interrogeant."
LUK.2.47,"Bato ibadaka bamohokamedja, badaka bakamoa na bowɛi bo nde ko na misɔmbedja mi nde.",Tous ceux qui lentendaient étaient frappés de son intelligence et de ses réponses.
LUK.2.48,"Ehole emoenɛ baboti ba nde bakamoaka; nange e nde abalaka na nde: «Mwamba, olokɔi boo tina nda? Sange e wɛ ko na mbi, lohombaka na bɔɔ!».","Quand ses parents le virent, ils furent saisis détonnement, et sa mère lui dit: Mon enfant, pourquoi as-tu agi de la sorte avec nous? Voici, ton père et moi, nous te cherchions avec angoisse."
LUK.2.49,Abasɔmbedjaka: «Tina ndani wahombakanini? Otadjebakani boo natungi nadae ta ndako e sange e mbi ?».,Il leur dit: Pourquoi me cherchiez-vous? Ne saviez-vous pas quil faut que je moccupe des affaires de mon Père?.
LUK.2.50,Endolo bo baidjebaka tina e kɔpi emina ebabalea yo.,Mais ils ne comprirent pas ce quil leur disait.
LUK.2.51,"Ngɔngɔ Yesu ayanaka na bu engbanga emɔti ta Nasaleta, adaka abasuma ko nange e nde abaneaka meako mimina misusu ta molema.","Puis il descendit avec eux pour aller à Nazareth, et il leur était soumis. Sa mère gardait toutes ces choses dans son cœur."
LUK.2.52,"Ko Yesu akandoaka, na djebeli ko adaka asepedja Ndjakomba ko na bato .","Et Jésus croissait en sagesse, en stature, et en grâce, devant Dieu et devant les hommes."
LUK.3.1,"Ehole e Tibele mokondji monɛnɛ, akokedjaka bianga domi na itano ta kpatsi, Pɔsɔ Pilato adaka gupɛnɛlɛ o Yudea; Elode, gupɛnɛlɛ o Galilea, Pilipo mwange e nde, gupɛnɛlɛ o mokpɔtɔ mo Ituli na Talakonia, ko Lisania gupɛnɛlɛ o Abilɛnɛ;.","La quinzième année du règne de Tibère César, lorsque Ponce Pilate était gouverneur de la Judée, Hérode tétrarque de la Galilée, son frère Philippe tétrarque de lIturée et du territoire de la Trachonite, Lysanias tétrarque de lAbilène."
LUK.3.2,"Ana na Kaipa badaka bakumu ba banganga ba Ndjakomba. Ndjakomba aloma mibalo mi nde na ndjea e Yoane, mwana o Djakalia ta etengelenge.","et du temps des souverains sacrificateurs Anne et Caïphe, la parole de Dieu fut adressée à Jean, fils de Zacharie, dans le désert."
LUK.3.3,"Yoane akɛkɛ ta mabonga masusu i mbuti mbuti e duwa e Yolodane. Alehaka «Hombedjani milema mi bino, inamani ko Ndjakomba ayɛke mabe ma bino.».","Et il alla dans tout le pays des environs du Jourdain, prêchant le baptême de repentance, pour la rémission des péchés."
LUK.3.4,"Bokokana na moda mokoma bo ta buku e mbaeli o Ndjakomba Isaya: «Edi yona adumbeaka ta etengelenge: bɔngedjani ndjea e Kumu, ninodjani ndjea tina e Nde!.","selon ce qui est écrit dans le livre des paroles dÉsaïe, le prophète: Cest la voix de celui qui crie dans le désert: Préparez le chemin du Seigneur, Aplanissez ses sentiers."
LUK.3.5,"Mimbɔndɔ misusu milumedjame na kpɔtɔ, gangala na makoli masusu malambasane; ndjea i magbukundɔngu isusu djime bodjo.","Toute vallée sera comblée, Toute montagne et toute colline seront abaissées; Ce qui est tortueux sera redressé, Et les chemins raboteux seront aplanis."
LUK.3.6,Ko bato basusu baenɛbi mohelo mo Ndjakomba .».,Et toute chair verra le salut de Dieu.
LUK.3.7,Abalaka pongono na emumu e bato ibaduaka tine bodia inelo. «Ibota i ndjɔ! Oinedjini ndjea e botia kɛlɛ aduake nda?.,"Il disait donc à ceux qui venaient en foule pour être baptisés par lui: Races de vipères, qui vous a appris à fuir la colère à venir?."
LUK.3.8,"Botani mbuma i pele djinedjaka boo ohombedjeni milema mi bino! Ko pɛ bobalani tina e bino bɛnɛ boo: Lodi na Abalayama sange biso . Tengasa naotɔndeini boo Ndjakomba aboani bohombedja mabanga mi, bana ba Abalayama!.","Produisez donc des fruits dignes de la repentance, et ne vous mettez pas à dire en vous-mêmes: Nous avons Abraham pour père! Car je vous déclare que de ces pierres Dieu peut susciter des enfants à Abraham."
LUK.3.9,Edɛdi mɛnɛ soka edi mbuti tine bolenakaka mele mbunoko ta nginga: mole mosusu modi pɛ bobota mbuma i pele makwɛlɛmɛke ko bomodumba ta mosa.».,Déjà même la cognée est mise à la racine des arbres: tout arbre donc qui ne produit pas de bons fruits sera coupé et jeté au feu.
LUK.3.10,Emumu e bato bamohɔdjɔkɔ: «Eboani so bɔkɔ nde?».,"La foule linterrogeait, disant: Que devons-nous donc faire?."
LUK.3.11,"Abasɔmbedjaka: «Moto odi na bisendja bibae, apɛ emɔti adi yona watakaka ko yona odi na moeka oboyaka akɔe oko moda momina.».","Il leur répondit: Que celui qui a deux tuniques partage avec celui qui nen a point, et que celui qui a de quoi manger agisse de même."
LUK.3.12,"Baputedji ba puti pongono baduaka tine boinama ko bamohɔdjɔkɔ: «Molehi, lokɔe bo?».","Il vint aussi des publicains pour être baptisés, et ils lui dirent: Maître, que devons-nous faire?."
LUK.3.13,Abasɔmbedjaka: «Pɛ bohɔdjɔni eka bonɔ moda mopini bo motuya mo puti.».,Il leur répondit: Nexigez rien au-delà de ce qui vous a été ordonné.
LUK.3.14,"Basoda pongono bamohɔdjɔkɔ: «Ko iso, lokɔe bo?» Abalaka na bu: «Pɛ bokatoani palanga i moto na ngulu, pɛ bokoseani moto ikambo; endolo sepani na iputi i bino.».","Des soldats aussi lui demandèrent: Et nous, que devons-nous faire? Il leur répondit: Ne commettez ni extorsion ni fraude envers personne, et contentez-vous de votre solde."
LUK.3.15,"Bato basusu badaka bamba na ndingo enɛnɛ ko moto na moto adaka asahɔdjɔ, kaoko Yoane aidaka Kilito.","Comme le peuple était dans lattente, et que tous se demandaient en eux-mêmes si Jean nétait pas le Christ."
LUK.3.16,"Yoane asɔmbedjaka bato basusu: «Mbi, noinakani na madiba, endolo edi na moto omɔti aduake anɔini na ngulu ko mbi na boaniti bosunama tine bolodja ngɔli i sapato i nde edi yo moto wobatisakeni na Mwembo Mosɛnɔke ko na mosa.","il leur dit à tous: Moi, je vous baptise deau; mais il vient, celui qui est plus puissant que moi, et je ne suis pas digne de délier la courroie de ses souliers. Lui, il vous baptisera du Saint-Esprit et de feu."
LUK.3.17,"Adi na ikanya ta ebɔ e nde tine bohɔ mbuma i bule na poso, endolo poso imina itumbamabi ta mosa mokadae pɛ bodimea.».","Il a son van à la main; il nettoiera son aire, et il amassera le blé dans son grenier, mais il brûlera la paille dans un feu qui ne séteint point."
LUK.3.18,Yoane alehaka Bwɛndi Bopele adi bato banɛnɛ pongono tine bobapingedja.,"Cest ainsi que Jean annonçait la bonne nouvelle au peuple, en lui adressant encore beaucoup dautres exhortations."
LUK.3.19,"Endolo Elode gupɛnɛlɛ o mokpɔtɔ mo Galilea, yona odosamaka na Yoane tine asɔkɔ Elodiade, mwali o mwange e nde, ko akɔkɔ pongono meako minɛnɛ mibe.","Mais Hérode le tétrarque, étant repris par Jean au sujet dHérodias, femme de son frère, et pour toutes les mauvaises actions quil avait commises."
LUK.3.20,Elode akɔkɔ naikina modjɔ mobe bonɔ: apedjaka Yoane ko amoisaka ta bɔlɔkɔ.,ajouta encore à toutes les autres celle denfermer Jean dans la prison.
LUK.3.21,"Ehole einamaka bato basusu, Yesu pongono ainamaka . Ko ta ehole edaka yo aongɔnɔ, busa bodipoamaka.","Tout le peuple se faisant baptiser, Jésus fut aussi baptisé; et, pendant quil priait, le ciel souvrit."
LUK.3.22,"ko Mwembo Mosɛnɔke motitaka ta diko i nde elenge embenga. Ko kɔpi eokamaka ta busa bobala: «Wɛ odi Mwana o mbi oepaeli, na sepi na wɛ mɛnɛ .».","et le Saint-Esprit descendit sur lui sous une forme corporelle, comme une colombe. Et une voix fit entendre du ciel ces paroles: Tu es mon Fils bien-aimé; en toi jai mis toute mon affection."
LUK.3.23,Yesu adaka na mbula mbuti na tuku isato ehole ebangaka yo elomu e nde. Bato balɛdjɛkɛ boo yo adi mwana o Esepu. Esepu adaka mwana o Elia.,"Jésus avait environ trente ans lorsquil commença son ministère, étant, comme on le croyait, fils de Joseph, fils dHéli."
LUK.3.24,"mwana o Matatiasi, mwana o Lewi, mwana o Mɛlɛki, mwana o Yoanani, mwana o Esepu.","fils de Matthat, fils de Lévi, fils de Melchi, fils de Jannaï, fils de Joseph."
LUK.3.25,"mwana o Matatasi, mwana o Amosa, mwana o Nauma, mwana o Esile, Esile adaka mwana o Nagayi.","fils de Mattathias, fils dAmos, fils de Nahum, fils dEsli, fils de Naggaï."
LUK.3.26,"mwana o Mata, mwana o Matatiasi, mwana o Semeni, mwana o Djosɛkɛ, mwana o Yuda.","fils de Maath, fils de Mattathias, fils de Sémeï, fils de Josech, fils de Joda."
LUK.3.27,"mwana o Yaonasi, mwana o Ledja, mwana o Djolobabɛlɛ, Mwana o Salatiela, mwana o Neli.","fils de Joanan, fils de Rhésa, fils de Zorobabel, fils de Salathiel, fils de Néri."
LUK.3.28,"mwana o Mɛlɛki, mwana o Adi, mwana o Kosama, mwana o Elimadama, mwana o Elɛ.","fils de Melchi, fils dAddi, fils de Kosam, fils dElmadam, fils DEr."
LUK.3.29,"mwana o Yesu, mwana o Eliedjɛlɛ, mwana o Yolima, mwana o Matati, mwana o Lewi.","fils de Jésus, fils dÉliézer, fils de Jorim, fils de Matthat, fils de Lévi."
LUK.3.30,"mwana o Simeona, mwana o Yuda, mwana o Esepu, mwana o Yoanama, mwana o Eliakime.","fils de Siméon, fils de Juda, fils de Joseph, fils de Jonam, fils dÉliakim."
LUK.3.31,"mwana o Meleya, mwana o Mena, mwana o Matata, mwana o Nata, Nata adaka mwana o Dapiti.","fils de Méléa, fils de Menna, fils de Mattatha, fils de Nathan, fils de David."
LUK.3.32,"mwana o Yese, mwana o Obɛdɛ, mwana o Boadji, mwana o Sala, mwana o Nasɔni.","fils dIsaï, fils de Jobed, fils de Booz, fils de Salmon, fils de Naasson."
LUK.3.33,"mwana o Aminadabe, Mwana o Adalani, mwana o Alini. Alini adaka mwana o Esɛlɔne. Esɛlɔne adaka mwana o Pɛlɛsɛ. Pɛlɛse mwana o Yuda.","fils dAminadab, fils dAdmin, fils dArni, fils dEsrom, fils de Pharès, fils de Juda."
LUK.3.34,"mwana o Djakobo, Djakobo mwana o Isaka, Isaka mwana o Abalayama, Abalayama mwana o Tela, Tela mwana o Nakoli.","fils de Jacob, fils dIsaac, fils dAbraham, fils de Thara, fils de Nachor."
LUK.3.35,mwana o Seluke. Seluge mwana o Lew. Lew mwana o Pɛlɛge. Pɛlɛge mwana o Ebɛlɛ. Ebɛlɛ mwana o Sala.,"fils de Seruch, fils de Ragau, fils de Phalek, fils dÉber, fils de Sala."
LUK.3.36,mwana o Kenani. Kenani mwana o Alapadjadi. Alapadjadi mwana o Sɛmɛ. Sɛmɛ mwana o Nowa. Nowa mwana o Lemɛki.,"fils de Kaïnam, fils dArphaxad, fils de Sem, fils de Noé, fils de Lamech."
LUK.3.37,mwana o Matusalɛmɛ. Matusalɛmɛ mwana o Enɔkɛ. Enɔkɛ mwana o Yɛlɛdi. Yɛlɛdi mwana o Malalɛlɛ. Malalɛlɛ mwana o Kenani.,"fils de Mathusala, fils dÉnoch, fils de Jared, fils de Maléléel, fils de Kaïnan."
LUK.3.38,"mwana o Enosi, mwana o Sɛti, mwana o Adama, Adama adaka mwana o Ndjakomba.","fils dÉnos, fils de Seth, fils dAdam, fils de Dieu."
LUK.4.1,"Yesu, alumaka na Mwembo Mosɛnɔke, asɔmbɔkɔ ta duwa e Yolodane, ko Mwembo Mosɛnɔke mo molomaka ta etengelenge.","Jésus, rempli du Saint-Esprit, revint du Jourdain, et il fut conduit par lEsprit dans le désert."
LUK.4.2,"oho amekamaka na satana masu tuku inɛi. Aiyaka eka emɔti masu mamina masusu ko, ngɔngɔ i masu mamina bokoka, aokaka ndja.","où il fut tenté par le diable pendant quarante jours. Il ne mangea rien durant ces jours-là, et, après quils furent écoulés, il eut faim."
LUK.4.3,"Na bea Satana abalaka na nde: «Okada Mwana o Ndjakomba, bala na ibanga di ihombane mwɛmbɛ.».","Le diable lui dit: Si tu es Fils de Dieu, ordonne à cette pierre quelle devienne du pain."
LUK.4.4,Yesu abalaka na nde: «Ekomama: Moto aboaniti bohela oto na mwɛmbɛ .».,Jésus lui répondit: Il est écrit: LHomme ne vivra pas de pain seulement.
LUK.4.5,"Djabulu akɛi na nde odiko, amoinedjaka na mbala emɔti makondji masusu ma bokumu bo ngondo.","Le diable, layant élevé, lui montra en un instant tous les royaumes de la terre."
LUK.4.6,"ko abalaka na nde: «Nopakedea kpatsi ko na ekumu e makumu mi; tengasa losusu lopami na mbi, ko naboani bopa adi moto opali mbi.","et lui dit: Je te donnerai toute cette puissance, et la gloire de ces royaumes; car elle ma été donnée, et je la donne à qui je veux."
LUK.4.7,"Ekadabo okwi magbundɔ ta boso bo mbi, losusu ladake lo wɛ.».","Si donc tu te prosternes devant moi, elle sera toute à toi."
LUK.4.8,"Yesu amosɔmbedjaka: «Ekomama: Kumedja Kumu, Ndjakomba o wɛ, ko mokumedja oko yo pɛ.».","Jésus lui répondit: Il est écrit: Tu adoreras le Seigneur, ton Dieu, et tu le serviras lui seul."
LUK.4.9,"Satana akɛkɛ na nde naikina ta Yelusalɛmɛ, amoiwedjaka ta sɔngɔ e tepelo, ko abalaka na nde: «Ekadabo odi Mwana o Ndjakomba, sadumba ta kpɔtɔ;.","Le diable le conduisit encore à Jérusalem, le plaça sur le haut du temple, et lui dit: Si tu es Fils de Dieu, jette-toi dici en bas; car il est écrit:."
LUK.4.10,tengasa ekomama: Ndjakomba alomake babwɛndji ba nde tine bobanea.,"Il donnera des ordres à ses anges à ton sujet, Afin quils te gardent;."
LUK.4.11,Ko baokake ta mɔmɔ ma bobo tine boo eko e wɛ esakata ibanga .».,"et: Ils te porteront sur les mains, De peur que ton pied ne heurte contre une pierre."
LUK.4.12,Yesu amosɔmbedjaka: «Ekomama: Oboaniti bomeka Kumu Ndjakomba o wɛ .».,"Jésus lui répondit: Il est dit: Tu ne tenteras point le Seigneur, ton Dieu."
LUK.4.13,"Ngɔngɔ i bosidja bomomeka, djabulu asasuaka na nde mo ehole.","Après lavoir tenté de toutes ces manières, le diable séloigna de lui jusquà un moment favorable."
LUK.4.14,"Yesu asɔmbɔkɔ ta Galilea, molumake na ngulu e Mwembo Mosɛnɔke. Gala e nde enanganaka ta ibonga isusu.","Jésus, revêtu de la puissance de lEsprit, retourna en Galilée, et sa renommée se répandit dans tout le pays dalentour."
LUK.4.15,Alehaka ta sinagoga ko bato basusu bamokumedjaka.,"Il enseignait dans les synagogues, et il était glorifié par tous."
LUK.4.16,"Yesu ahulaka ta Nasaleta, oho ta ibonga ikandoa yo. Ko akweaka ta sinagoga, bokokana na moda mo nde, ta busa bo sabata. Angɔ tine bolanga mokanda.","Il se rendit à Nazareth, où il avait été élevé, et, selon sa coutume, il entra dans la synagogue le jour du sabbat. Il se leva pour faire la lecture."
LUK.4.17,ko bamopaka buku e mbaeli o Ndjakomba Isaya. Adipoaka buku ko ataneaka molɔngɔ mo ekenge ye ekomama:.,"et on lui remit le livre du prophète Ésaïe. Layant déroulé, il trouva lendroit où il était écrit:."
LUK.4.18,"«Mwembo mo Kumu modi diko i mbi, tine boo asuoni munɛ tine boleha Bwɛndi Bopele adi batakeli; Alomani tine botɔndea bato bapeama, badihi bosɔmi, ko bato bagwa miso basɔmbe boenɛ, boboanedja bato ibanɔngɔkɔ badie bosɔmi;.","LEsprit du Seigneur est sur moi, Parce quil ma oint pour annoncer une bonne nouvelle aux pauvres; Il ma envoyé pour guérir ceux qui ont le cœur brisé, Pour proclamer aux captifs la délivrance, Et aux aveugles le recouvrement de la vue, Pour renvoyer libres les opprimés."
LUK.4.19,Bodumbea boo mbula yo Ndjakomba ainedjabi bopele bo nde .».,Pour publier une année de grâce du Seigneur.
LUK.4.20,"Ngɔngɔ Yesu adipaka buku, aepaka adi mosali ko ada na mobondo. Miso ma bato basusu, ta sinagoga, madaka manoedja.","Ensuite, il roula le livre, le remit au serviteur, et sassit. Tous ceux qui se trouvaient dans la synagogue avaient les regards fixés sur lui."
LUK.4.21,"Na bea abalaka na bu: «Busa bu ikomi di isokano, ikokedjami.».","Alors il commença à leur dire: Aujourdhui cette parole de lÉcriture, que vous venez dentendre, est accomplie."
LUK.4.22,"Bato basusu ibadaka ena babalaka tati i bosakoa ta tina e nde, badaka bakamoa na kɔpi i bosakoa imaka ta monɔkɔ mo nde. Babalaka: «Iyo te mwana o Esepu?».","Et tous lui rendaient témoignage; ils étaient étonnés des paroles de grâce qui sortaient de sa bouche, et ils disaient: Nest-ce pas le fils de Joseph?."
LUK.4.23,"Abalaka na bu: «Soti mɛnɛ wabalakeni isɛ idi: Monganga, saheledja wɛ mɛnɛ. Wabaleakenini pongono: Misusu minɔkɔ ta Kapalanauma, na misusu mioka so mikɔɔ pongono iya ta ibonga i wɛ.».","Jésus leur dit: Sans doute vous mappliquerez ce proverbe: Médecin, guéris-toi toi-même; et vous me direz: Fais ici, dans ta patrie, tout ce que nous avons appris que tu as fait à Capernaüm."
LUK.4.24,"Ngɔngɔ abalaka na bu naikina: «Okobea, pɛ nongo mbaeli o Ndjakomba omɔti odimama ta ibonga i nde. Notɔndeini soti boo tebadime mbaeli o Ndjakomba ta ibonga i nde.","Mais, ajouta-t-il, je vous le dis en vérité, aucun prophète nest bien reçu dans sa patrie."
LUK.4.25,"Ta soti edaka na bali bagwa na bami banɛnɛ ta Isalɛlɛ ta ehole e Elia, ehole edipamaka busa bianga bisato ko na songe ba samano ko ndja edaka enɛnɛ ta ngondo esusu.","Je vous le dis en vérité: il y avait plusieurs veuves en Israël du temps dÉlie, lorsque le ciel fut fermé trois ans et six mois et quil y eut une grande famine sur toute la terre;."
LUK.4.26,"Ko ta ehole emina Elia ailomama adi omɔti o bali, endolo adi mwali ogwa na momi ta ibonga i Salepeta ta ngondo e Sidona .","et cependant Élie ne fut envoyé vers aucune delles, si ce nest vers une femme veuve, à Sarepta, dans le pays de Sidon."
LUK.4.27,"Edaka yana pongono bato banɛnɛ ba mabha ta Isalɛlɛ ta ehole e mbaeli o Ndjakomba Elisa; ko ta ehole emina pɛ omɔti o bobo osɛnoaka, endolo oko Namana, mo Sulia .».","Il y avait aussi plusieurs lépreux en Israël du temps dÉlisée, le prophète; et cependant aucun deux ne fut purifié, si ce nest Naaman le Syrien."
LUK.4.28,"Ehole eokaka bo bea, bato basusu ta Sinagoga balumaka na kɛlɛ.","Ils furent tous remplis de colère dans la synagogue, lorsquils entendirent ces choses."
LUK.4.29,"Bangɔkɔ, babenganaka Yesu sokolu e ibonga inɛnɛ ko bakɛkɛ na nde ta sɔngɔ e ikoli ta polo edongaka bo ibonga inɛnɛ i Nasaleta, bɛngi bamohilingodje nase.","Et sétant levés, ils le chassèrent de la ville, et le menèrent jusquau sommet de la montagne sur laquelle leur ville était bâtie, afin de le précipiter en bas."
LUK.4.30,"Endolo Yesu, anɔkɔ ta ndanda e bobo ko akɛ.","Mais Jésus, passant au milieu deux, sen alla."
LUK.4.31,"Yesu akɛkɛ ta Kapalanauma, ibonga inɛnɛ i Galilea, alehaka ta busa bo sabata.","Il descendit à Capernaüm, ville de la Galilée; et il enseignait, le jour du sabbat."
LUK.4.32,"Bato bakamoaka na eleho e nde, tengasa mobalo mo nde modaka na kpatsi.",On était frappé de sa doctrine; car il parlait avec autorité.
LUK.4.33,Edaka ta sinagoga momi omɔti oyekamaka na mwembo mobe. Ko alɛbɛkɛ:.,"Il se trouva dans la synagogue un homme qui avait un esprit de démon impur, et qui sécria dune voix forte:."
LUK.4.34,"«A!, Opali na su bo Yesu o Nasaleta? Odoi tine bolobedja? Nodjebi bopele moda modi wɛ: Mosɛnɔke olomami na Ndjakomba!».","Ah! Quy a-t-il entre nous et toi, Jésus de Nazareth? Tu es venu pour nous perdre. Je sais qui tu es: le Saint de Dieu."
LUK.4.35,Yesu amogameaka ko abalaka na nde: «Pɔpɔnɔ ko ima adi momi iyo!» Mwembo mobe modumbaka momi ta kpɔtɔ ta boso bo bato basusu ko moimaka ko pɛ bomokɔ bobe bomɔti.,"Jésus le menaça, disant: Tais-toi, et sors de cet homme. Et le démon le jeta au milieu de lassemblée, et sortit de lui, sans lui faire aucun mal."
LUK.4.36,Bato basusu baimeaka na bokamoa ko basabaleanaka: «Iye kɔpi nda? Abalaka na kpatsi ko na ngulu adi miembo mibe ko mimaka!».,"Tous furent saisis de stupeur, et ils se disaient les uns aux autres: Quelle est cette parole? Il commande avec autorité et puissance aux esprits impurs, et ils sortent!."
LUK.4.37,Ko gala e Yesu enanganaka ta mokpɔtɔ mosusu mo ngondo emina.,Et sa renommée se répandit dans tous les lieux dalentour.
LUK.4.38,Yesu aimaka ta sinagoga ko akɛkɛ ta ndako e Simo. Bokio bo Simo o mwali adaka na pɛpɛlɛ epipo ko bahɔdjɔkɔ Yesu amoheledje.,"En sortant de la synagogue, il se rendit à la maison de Simon. La belle-mère de Simon avait une violente fièvre, et ils le prièrent en sa faveur."
LUK.4.39,"Yesu asunamaka mbuti na nde, agameaka pɛpɛlɛ. Pɛpɛlɛ esiaka, na mbala emɔti angɔkɔ ko abangaka bobakɔmedja.","Sétant penché sur elle, il menaça la fièvre, et la fièvre la quitta. A linstant elle se leva, et les servit."
LUK.4.40,"Mɔkɔmɔkɔ, bato basusu ibadaka na bipeko mindumba na mindumba baduaka na bu adi Yesu. Abaheledjaka na bobabakea mɔmɔ adi omɔti na omɔti o bobo.","Après le coucher du soleil, tous ceux qui avaient des malades atteints de diverses maladies les lui amenèrent. Il imposa les mains à chacun deux, et il les guérit."
LUK.4.41,"Miembo mibe minɛnɛ mimaka pongono adi bato ba bipeko na bolɛbɛ: «Wɛ odi Mwana o Ndjakomba!» Endolo Yesu amigameaka ko aimipaka enɔi e bobala, tengasa badjebaka boo adi Kilito.","Des démons aussi sortirent de beaucoup de personnes, en criant et en disant: Tu es le Fils de Dieu. Mais il les menaçait et ne leur permettait pas de parler, parce quils savaient quil était le Christ."
LUK.4.42,"Aya busa, Yesu aimaka ko akɛkɛ ta etengelenge. Emumu enɛnɛ e bato bamohombaka ko bakɛkɛ mbunoko adi yo, ko bamosiaka adae pɛ bobakina.","Dès que le jour parut, il sortit et alla dans un lieu désert. Une foule de gens se mirent à sa recherche, et arrivèrent jusquà lui; ils voulaient le retenir, afin quil ne les quittât point."
LUK.4.43,"Endolo abalaka na bu: «Etungi na mbi boleha Bwɛndi Bopele bo Bokumu bo Ndjakomba ta mabonga makina manɛnɛ pongono, tengasa edi tina elomama na mbi.».",Mais il leur dit: Il faut aussi que jannonce aux autres villes la bonne nouvelle du royaume de Dieu; car cest pour cela que jai été envoyé.
LUK.4.44,Ko Yesu alehaka bwɛndi Bopele ta ba sinagoga i Yudea.,Et il prêchait dans les synagogues de la Galilée.
LUK.5.1,"Elenge emumu enɛnɛ e bato basalindaka mbuti na nde tine boka mobalo mo Ndjakomba, ko aemaka mbuti na ibongu i ibeke i Genesaleta .","Comme Jésus se trouvait auprès du lac de Génésareth, et que la foule se pressait autour de lui pour entendre la parole de Dieu."
LUK.5.2,Yesu aenɛkɛ mato mabae matingi ta ibongu. Baoweli ba swi batitaka ta madiba tine bososa midjanga mi bobo.,"il vit au bord du lac deux barques, doù les pêcheurs étaient descendus pour laver leurs filets."
LUK.5.3,"Yesu atiteaka ta bwato bo Simo. Amohɔdjɔkɔ amolinde ta mo mbɛngɛ, ibea adaka na mobondo ta bwato ko abangaka boleha emumu e bato.","Il monta dans lune de ces barques, qui était à Simon, et il le pria de séloigner un peu de terre. Puis il sassit, et de la barque il enseignait la foule."
LUK.5.4,"Ehole esidjaka yo boleha, abalaka na Simo: «Linda bwato ta mbɛngɛ, ko dumbani midjanga mi bino tine bowa swi.».","Lorsquil eut cessé de parler, il dit à Simon: Avance en pleine eau, et jetez vos filets pour pêcher."
LUK.5.5,"Simo amosɔmbedjaka: «Molehi, losali bulu bosusu lodihiti eka. Endolo tine mobalo mo wɛ, na dumbaka midjanga.».","Simon lui répondit: Maître, nous avons travaillé toute la nuit sans rien prendre; mais, sur ta parole, je jetterai le filet."
LUK.5.6,Ehole edumbaka bo midjanga bataedjaka swi banɛnɛ ko midjanga mi bobo mibangaka boaleana.,"Layant jeté, ils prirent une grande quantité de poissons, et leur filet se rompait."
LUK.5.7,"Bapupeaka mɔmɔ adi babinabu idaka ta bwato bokina bɛngi badue abakamoa. Babinabu baduaka ko, balumedjaka mato masusu mabae, mbunoko mahombaka madinde.","Ils firent signe à leurs compagnons qui étaient dans lautre barque de venir les aider. Ils vinrent et ils remplirent les deux barques, au point quelles enfonçaient."
LUK.5.8,"Ehole enɛkɛ Simo Piɛlɛ bea, akwaka magbundɔ ta boso bo Yesu ko abalaka: «Kumu, donga mbuti na mbi, tengasa nadi moto mobe!».","Quand il vit cela, Simon Pierre tomba aux genoux de Jésus, et dit: Seigneur, retire-toi de moi, parce que je suis un homme pécheur."
LUK.5.9,"Tengasa badaka na bɔɔ, yo na binande, tine swi banɛnɛ baowaka bo.","Car lépouvante lavait saisi, lui et tous ceux qui étaient avec lui, à cause de la pêche quils avaient faite."
LUK.5.10,"Edaka ko bea tine Djake ko na Yoane, bana ba Djebede, bia badaka badale engbanga emɔti na Simo. Endolo Yesu abalaka na Simo: «Pɛ bobanga; donga edɛdi edi ndolo bato bahombake wɛ.».","Il en était de même de Jacques et de Jean, fils de Zébédée, les associés de Simon. Alors Jésus dit à Simon: Ne crains point; désormais tu seras pêcheur dhommes."
LUK.5.11,Na bea basɛmedjaka mato ongondo bakinaka losusu ko bamokimana.,"Et, ayant ramené les barques à terre, ils laissèrent tout, et le suivirent."
LUK.5.12,"Na bea busa bo mɔti Yesu adaka ta ibonga imɔti, momi omɔti o mabha aduaka adi yo. Ehole enɛkɛ yo Yesu, asuneaka boso ta kpɔtɔ ko amongɔnɔkɔ: «Kumu, okapala, oboani bosɛnodjani.».","Jésus était dans une des villes; et voici, un homme couvert de lèpre, layant vu, tomba sur sa face, et lui fit cette prière: Seigneur, si tu le veux, tu peux me rendre pur."
LUK.5.13,"Yesu aninodjaka ebɔ e nde, amobɛndjɛkɛ ko abalaka: «Napali, sɛnoa!» Na mbala emɔti, mabha masiaka.","Jésus étendit la main, le toucha, et dit: Je le veux, sois pur. Aussitôt la lèpre le quitta."
LUK.5.14,"Ngɔngɔ Yesu abalaka na nde: «Adae pɛ botɔndea moto. Endolo abala kɛɛ asinedje adi Nganga o Ndjakomba, ko ta tina ebosɛnoa bo wɛ, pa ikabo elenge ekoma Mose, tine boinedja adi bato basusu boo osɛnɔi.».","Puis il lui ordonna de nen parler à personne. Mais, dit-il, va te montrer au sacrificateur, et offre pour ta purification ce que Moïse a prescrit, afin que cela leur serve de témoignage."
LUK.5.15,Babalaka tina e Yesu bobuke mɛnɛ; bimumu binɛnɛ bi bato biputoana tine bomoka ko tine bahele na bipeko bi bobo.,"Sa renommée se répandait de plus en plus, et les gens venaient en foule pour lentendre et pour être guéris de leurs maladies."
LUK.5.16,Endolo bihole binɛnɛ Yesu asasuaka bohali ta bitengelenge tine bongɔnɔ.,"Et lui, il se retirait dans les déserts, et priait."
LUK.5.17,"Busa bo mɔti, yana adaka Yesu alehaka. Bapalusai na balehi ba mobeko badaka ena; badongaka ta ngando isusu i Galilea ko i Yudea, ko na i Yelusalɛmɛ. Ko ngulu e Ndjakomba edaka adi Yesu tine boheledja bato ba bego.","Un jour Jésus enseignait. Des pharisiens et des docteurs de la loi étaient là assis, venus de tous les villages de la Galilée, de la Judée et de Jérusalem; et la puissance du Seigneur se manifestait par des guérisons."
LUK.5.18,"Bato bamɔti baimeaka basongaka, na bokaki, etumbɛ ondɔ mako; badaka bahomba ndjea ebomokwedja ta ndako bɛngi bamosambe ta boso bo Yesu.","Et voici, des gens, portant sur un lit un homme qui était paralytique, cherchaient à le faire entrer et à le placer sous ses regards."
LUK.5.19,"Elenge adakabo pɛ bodia ndjea e bomokwedja ta tei e ndako, tine emumu e bato, baiweaka ta diko i ndonga e ndako, badongedjaka ekenge e ndɛlɛ ta ndonga e ndako, bamotitedjaka na bokaki, ta ndanda e bato, ta boso bo Yesu.","Comme ils ne savaient par où lintroduire, à cause de la foule, ils montèrent sur le toit, et ils le descendirent par une ouverture, avec son lit, au milieu de lassemblée, devant Jésus."
LUK.5.20,"Ehole enɛkɛ Yesu bodima bo bobo, abalaka: «Maninga, mabe ma wɛ mayɛmi.».","Voyant leur foi, Jésus dit: Homme, tes péchés te sont pardonnés."
LUK.5.21,Balehi ba mobeko na bapalusai basahɔdjɔkɔ: «Moto iyo adi mɛnɛ nda? Ataka Ndjakomba! Moto oboani boyɛ mabe nda? Emitida Ndjakomba yo mɛnɛ!».,"Les scribes et les pharisiens se mirent à raisonner et à dire: Qui est celui-ci, qui profère des blasphèmes? Qui peut pardonner les péchés, si ce nest Dieu seul?."
LUK.5.22,"Endolo elenge Yesu adjebaka malɛi ma bobo, abasɔmbedjaka: «Tina nda milema mi bino midi bolɛdjɛ bea?.","Jésus, connaissant leurs pensées, prit la parole et leur dit: Quelles pensées avez-vous dans vos cœurs?."
LUK.5.23,Modjɔ monɔi na bopɛtɛ nda? Bobala na moto: Mabe ma wɛ mayɛmi kaoko bobala: Angɔ ko dala.,"Lequel est le plus aisé, de dire: Tes péchés te sont pardonnés, ou de dire: Lève-toi, et marche?."
LUK.5.24,"Endolo, wadjebakeni boo Mwana o Moto adi na kpatsi iya ta kpɔtɔ tine boyɛ mabe ma bato.» Ibea abalaka na etumbɛ ondɔ mako: «Angɔ, tomba bokaki bo wɛ ko yana ta ndako e wɛ!».","Or, afin que vous sachiez que le Fils de lhomme a sur la terre le pouvoir de pardonner les péchés: Je te lordonne, dit-il au paralytique, lève-toi, prends ton lit, et va dans ta maison."
LUK.5.25,"Gbundumo, etumbɛ omina angɔkɔ ta boso bo bato, atombaka bokaki bo nde ko ayanaka eni akumedje Ndjakomba.","Et, à linstant, il se leva en leur présence, prit le lit sur lequel il était couché, et sen alla dans sa maison, glorifiant Dieu."
LUK.5.26,"Bato basusu bakamoaka, bakumedjaka Ndjakomba; balumaka na bɔɔ ko babalaka: «Busa bu mɛnɛ, iso loeni midjɔ mi bokamoa!».","Tous étaient dans létonnement, et glorifiaient Dieu; remplis de crainte, ils disaient: Nous avons vu aujourdhui des choses étranges."
LUK.5.27,"Ngɔngimina, Yesu aimaka ko aenɛkɛ moputedji o puti kombe e nde Lewi, adaka adi ta bilo e nde e mosala.Yesu abalaka na nde: «Kimanani!».","Après cela, Jésus sortit, et il vit un publicain, nommé Lévi, assis au lieu des péages. Il lui dit: Suis-moi."
LUK.5.28,"Lewi akinaka losusu, angɔkɔ ko akimanaka Yesu.","Et, laissant tout, il se leva, et le suivit."
LUK.5.29,Lewi abɔngedjaka boyaka bopele ta ndako e nde; ko emumu e baputedji ba puti ko bato bakina badaka ta mesa na bu.,"Lévi lui donna un grand festin dans sa maison, et beaucoup de publicains et dautres personnes étaient à table avec eux."
LUK.5.30,Endolo Bapalusai na balehi ba mobeko badaka ena ko babalaka na manungunungu na ba batingami ba nde: «Tina ndani ino wayakani ko wamwakani na baputedji ba puti na bato ba babe?».,"Les pharisiens et les scribes murmurèrent, et dirent à ses disciples: Pourquoi mangez-vous et buvez-vous avec les publicains et les gens de mauvaise vie?."
LUK.5.31,"Yesu abasɔmbedjaka: «Editi na bato badi na mikuku bopele te bahombe monganga, endolo bato ba bipeko.","Jésus, prenant la parole, leur dit: Ce ne sont pas ceux qui se portent bien qui ont besoin de médecin, mais les malades."
LUK.5.32,"Naidua ahomba bato ba bodjo, endolo nadua ahomba bato babe bɛngi bahombedje mida mi bobo.».","Je ne suis pas venu appeler à la repentance des justes, mais des pécheurs."
LUK.5.33,Bapalusai na balehi ba mobeko babalaka na nde: «Batingami ba Yoane pongono na bapalusai badaka na miongɔnɔ mi bokia mbala na mbala. Endolo batingami ba wɛ bakayake ko bakamwake.».,"Ils lui dirent: Les disciples de Jean, comme ceux des pharisiens, jeûnent fréquemment et font des prières, tandis que les tiens mangent et boivent."
LUK.5.34,Yesu abalaka na bu: «Oboanini bokiedja bato ibabeami ta tɛkɛ emoki mia ma boyaka ta ehole edi momi na bu engbanga?.,Il leur répondit: Pouvez-vous faire jeûner les amis de lépoux pendant que lépoux est avec eux?.
LUK.5.35,"Masu maduake, ehole ebakinabi momi o moki; ta masu mamina, bakiabi busa bomina.».","Les jours viendront où lépoux leur sera enlevé, alors ils jeûneront en ces jours-là."
LUK.5.36,Yesu abalaka na bu isɛ idi: «Moto taale epasa e esendja eyanie tine botonga na esendja eyou; tengasa alake esendja eyanie ngasa ko esendja eyanie etaputuana na esendja eyou.,"Il leur dit aussi une parabole: Personne ne déchire dun habit neuf un morceau pour le mettre à un vieil habit; car, il déchire lhabit neuf, et le morceau quil en a pris nest pas assorti au vieux."
LUK.5.37,"Moto taisake vino eyanie ta mbola eyou, tengasa vino eyanie eboani bobatodja mbola ko vino eboani bosopea.","Et personne ne met du vin nouveau dans de vieilles outres; autrement, le vin nouveau fait rompre les outres, il se répand, et les outres sont perdues;."
LUK.5.38,Endolo vino eyanie eboani na mbola eyanie!.,mais il faut mettre le vin nouveau dans des outres neuves.
LUK.5.39,Moto tapale bomwaka vino eyanie ngɔngɔ ibomwa vino eyou.Tengasa babalake: Vino eyou edi epele.».,"Et personne, après avoir bu du vin vieux, ne veut du nouveau, car il dit: Le vieux est bon."
LUK.6.1,"Busa bomɔti bo sabata Yesu akatisaka gbie e mbuma i bule. Batingami ba nde badaka babuka mingbɔndu mi bule, badjisianaka na mɔmɔ ma bobo ko badaka badjiyaka.","Il arriva, un jour de sabbat appelé second-premier, que Jésus traversait des champs de blé. Ses disciples arrachaient des épis et les mangeaient, après les avoir froissés dans leurs mains."
LUK.6.2,Mo ebole okina o bapalusai babalaka: «Tina ndani wakɔkɔni midjɔ misiama ta busa bo sabata ?».,Quelques pharisiens leur dirent: Pourquoi faites-vous ce quil nest pas permis de faire pendant le sabbat?.
LUK.6.3,"Yesu abasɔmbedjaka: «Oilangani imi mikɔ Dapiti, ehole eoka yo ndja, yo na bato badaka na nde?.","Jésus leur répondit: Navez-vous pas lu ce que fit David, lorsquil eut faim, lui et ceux qui étaient avec lui;."
LUK.6.4,"Akweaka ta Ndako e Ndjakomba, atombaka miɛmbɛ imibondjeaka bo Ndjakomba, amiyaka.» Ko amipaka pongono adi bia badalaka na nde, dongedja oko banganga ba Ndjakomba baboanaka bomiyaka .","comment il entra dans la maison de Dieu, prit les pains de proposition, en mangea, et en donna à ceux qui étaient avec lui, bien quil ne soit permis quaux sacrificateurs de les manger?."
LUK.6.5,Ko abalaka na bu: «Mwana o Moto adi mokondji o busa bo sabata.».,Et il leur dit: Le Fils de lhomme est maître même du sabbat.
LUK.6.6,"A isu ikina i sabata, Yesu akweaka ta sinagoga tine boleha. Edaka oho moto omɔti etumbɛ o ebɔ eondɔke.","Il arriva, un autre jour de sabbat, que Jésus entra dans la synagogue, et quil enseignait. Il sy trouvait un homme dont la main droite était sèche."
LUK.6.7,"Balehi ba mobeko na bapalusai badaka baendja Yesu na miso mabe, tine boendja kaoko aboani boheledja moto ta busa bo sabata, tengasa badaka bamohomba na modjɔ mo bomopunda.","Les scribes et les pharisiens observaient Jésus, pour voir sil ferait une guérison le jour du sabbat: cétait afin davoir sujet de laccuser."
LUK.6.8,"Endolo yo adjebaka malɛi ma bobo; abalaka na moto odaka etumbɛ o ebɔ eondɔke: «Angɔ, kɛ aemae ta boso bo bato.» Asangɔdjɔkɔ ko aemaka ta boso bo bato.","Mais il connaissait leurs pensées, et il dit à lhomme qui avait la main sèche: Lève-toi, et tiens-toi là au milieu. Il se leva, et se tint debout."
LUK.6.9,"Yesu abalaka na bu nadi na ihɔdjɔ i bohɔdjɔni: «Esiama ta isu i sabata nde? Bokɔ bopele kaoko bokɔ bobe, boheledja mohelo mo moto kaoko bomobungedja.».","Et Jésus leur dit: Je vous demande sil est permis, le jour du sabbat, de faire du bien ou de faire du mal, de sauver une personne ou de la tuer."
LUK.6.10,"Na bea, Yesu abaendjaka bo basusu, abalaka na moto etumbɛ o ebɔ eondɔke: «Ninɔdja ebɔ.» Aeninodja, ko ebɔ e nde ehelaka.","Alors, promenant ses regards sur eux tous, il dit à lhomme: Étends ta main. Il le fit, et sa main fut guérie."
LUK.6.11,Endolo balehi ba mobeko ko bapalusai balumaka na kɛlɛ ko basabaleanaka ta tei e bobo modjɔ moboani na su bokɔ tina e Yesu.,"Ils furent remplis de fureur, et ils se consultèrent pour savoir ce quils feraient à Jésus."
LUK.6.12,"Ta masu mia, Yesu akɛkɛ ta ikoli tine bongɔnɔ, anɔdjɔkɔ bulu bosusu ta bongɔnɔ Ndjakomba.","En ce temps-là, Jésus se rendit sur la montagne pour prier, et il passa toute la nuit à prier Dieu."
LUK.6.13,"Ehole eya busa, abeaka batingami ba nde ko, ahɔi domi na babae, ababeaka na kombe e bapɔsɔlu:.","Quand le jour parut, il appela ses disciples, et il en choisit douze, auxquels il donna le nom dapôtres:."
LUK.6.14,"Simo obakeaka yo kombe Piɛlɛ, Andele, mwange nde, Djake, Yoane, Pilipo, Batelemi;.","Simon, quil nomma Pierre; André, son frère; Jacques; Jean; Philippe; Barthélemy;."
LUK.6.15,"Matayo, Toma, Djake, mwana o Alipe , Simo, obeaka bo Djelote;.","Matthieu; Thomas; Jacques, fils dAlphée; Simon, appelé le zélote;."
LUK.6.16,"Yuda, mwana o Djake, ko Yudasi Isikaliota, yona oimeaka molɔngi.","Jude, fils de Jacques; et Judas Iscariot, qui devint traître."
LUK.6.17,"Yesu atitaka na bu nase i ikoli, baemaka ta polo ebhuda. Emumu e batingami ko emumu e bato baduaka adi yo: badongaka ta Yudea esusu, ta Yelusalɛmɛ ko na mabonga masusu madaka ta mokula moduwa enɛnɛ, e ngondo e Tula na Sidona.","Il descendit avec eux, et sarrêta sur un plateau, où se trouvaient une foule de ses disciples et une multitude de peuple de toute la Judée, de Jérusalem, et de la contrée maritime de Tyr et de Sidon. Ils étaient venus pour lentendre, et pour être guéris de leurs maladies."
LUK.6.18,Baduaka tine bomoka na bomohɔdjɔ abaheledjaka na bego i bobo. Ibia batungeamaka na miembo mibe bahelaka.,Ceux qui étaient tourmentés par des esprits impurs étaient guéris.
LUK.6.19,"Moto na moto ta emumu apalaka oko amopee, tengasa ngulu eimaka adi yo ko ebaheledjaka bo basusu.","Et toute la foule cherchait à le toucher, parce quune force sortait de lui et les guérissait tous."
LUK.6.20,"Na bea, Yesu aendjaka batingami ba nde ko abalaka: Sepi adi no batakeli, tengasa Bokumu bo Ndjakomba bodi tine bino!.","Alors Jésus, levant les yeux sur ses disciples, dit: Heureux vous qui êtes pauvres, car le royaume de Dieu est à vous!."
LUK.6.21,"Sepi adi no badi na ndja edɛdi, tengasa ogolabini! Sepi, adi no bayeaka edɛdi, tengasa osɛkɛbini!.","Heureux vous qui avez faim maintenant, car vous serez rassasiés! Heureux vous qui pleurez maintenant, car vous serez dans la joie!."
LUK.6.22,"Sepi ta ehole eokeinibo swɛ, Ehole enɛkɛnibo ngasa ko bosingakabini, Ehole eobenganabinibo ko bokoseabini midjɔ misusu mibe, Ta tina e mbi Mwana o Moto.","Heureux serez-vous, lorsque les hommes vous haïront, lorsquon vous chassera, vous outragera, et quon rejettera votre nom comme infâme, à cause du Fils de lhomme!."
LUK.6.23,Sepani ko daani na sepi ehole akokedjamake meako mimina; tengasa iputi inɛnɛ idi ibombamake tine bino o diko. Edi oko bea bakɔkɔ ba bobo banɔngedjaka ba mbaeli ba Ndjakomba .,"Réjouissez-vous en ce jour-là et tressaillez dallégresse, parce que votre récompense sera grande dans le ciel; car cest ainsi que leurs pères traitaient les prophètes."
LUK.6.24,"Endolo ndjokwa, na nu badieli, tengasa opelini bodieli bo bino!.","Mais, malheur à vous, riches, car vous avez votre consolation!."
LUK.6.25,"Ndjokwa na nu bia bagoli edɛdi, tengasa waokakeni ndja! Ndjokwa na nu bia badi bosɛkɛ edɛdi, tengasa wadake ta ilaka ko wayeakeni!.","Malheur à vous qui êtes rassasiés, car vous aurez faim! Malheur à vous qui riez maintenant, car vous serez dans le deuil et dans les larmes!."
LUK.6.26,"Ndjokwa na nu bato basusu babalaka bopele na tina e bino, Tengasa bakɔkɔ ba bobo banɔngedjaka ba mbaeli ba boloa!.","Malheur, lorsque tous les hommes diront du bien de vous, car cest ainsi quagissaient leurs pères à légard des faux prophètes!."
LUK.6.27,"«Endolo nabali na nu, ino bia baokakani: palani baloni ba bino, kɔni bopele na bia baokeakani swɛ.","Mais je vous dis, à vous qui mécoutez: Aimez vos ennemis, faites du bien à ceux qui vous haïssent."
LUK.6.28,"Djongoani bia baolakedjakani, ongɔnɔni Ndjakomba tine bia baonɔngedjakani.","bénissez ceux qui vous maudissent, priez pour ceux qui vous maltraitent."
LUK.6.29,"Moto akoboma epapata ta mobanga momɔti, mopa mobanga mokina. Moto akatomba mokoto mo wɛ, mokinea ko simisi.","Si quelquun te frappe sur une joue, présente-lui aussi lautre. Si quelquun prend ton manteau, ne lempêche pas de prendre encore ta tunique."
LUK.6.30,"Pa adi moto yona ahɔdjɔkɔ; iyona oandoi eka e wɛ, pɛ bomohɔdjɔ aesɔmbedje.","Donne à quiconque te demande, et ne réclame pas ton bien à celui qui sen empare."
LUK.6.31,Misusu mikapaleno boo bato bakina bokɔmeni .,"Ce que vous voulez que les hommes fassent pour vous, faites-le de même pour eux."
LUK.6.32,"Okapaleni oko bia bakopaleni, tina nda odi boamba ikabo itikoanake? Bato ba babe bakapale pongono bia ba kabapale.","Si vous aimez ceux qui vous aiment, quel gré vous en saura-t-on? Les pécheurs aussi aiment ceux qui les aiment."
LUK.6.33,"Ko ekadabo okɔi bopele na bia bakokɔmeni bopele, tina ndani odini boamba ikabo itikoanake? Bato babe bakakɔe pongono ko bea.","Si vous faites du bien à ceux qui vous font du bien, quel gré vous en saura-t-on? Les pécheurs aussi agissent de même."
LUK.6.34,"Endolo okabekedjani oko adi bato bia badi na nu na ndingo e bosɔmbedjani, tina dani odini boamba ikabo itikoanake? Bato ba babe bakasabekedjane pongono bɛngi ba sasɔmbedjeane.","Et si vous prêtez à ceux de qui vous espérez recevoir, quel gré vous en saura-t-on? Les pécheurs aussi prêtent aux pécheurs, afin de recevoir la pareille."
LUK.6.35,"Endolo ino palani baloni ba bino bakɔmeakani bopele, okababekedjani leka lo bino pɛ bobaputedjani ikabo i bino ladake inɛnɛ. Ibea wadakeni bana ba Yona odi odiko i losusu, tengasa adi mopele na bato bia tebadime bopele bokabakɔe bo ko na bato babe.","Mais aimez vos ennemis, faites du bien, et prêtez sans rien espérer. Et votre récompense sera grande, et vous serez fils du Très-Haut, car il est bon pour les ingrats et pour les méchants."
LUK.6.36,"Okeakani bato ndjokwa, elenge Sange e bino akokeyo bato ndjokwa .».","Soyez donc miséricordieux, comme votre Père est miséricordieux."
LUK.6.37,Pɛ bosambedjani bato ko Ndjakomba ato sambedjabini; pɛ bodumba bato na midjɔ ko Ndjakomba atodumbabini; yɛni bato na midjɔ ko Ndjakomba aoyɛbini.,"Ne jugez point, et vous ne serez point jugés; ne condamnez point, et vous ne serez point condamnés; absolvez, et vous serez absous."
LUK.6.38,Pani bato leka ko Ndjakomba aopabini. Alumedjabi mabenga ma bino botɔɔ bosopeana. Ndjakomba aengɛbini na mwɛngi oko elenge akaengɛ wɛ bato bakina.,"Donnez, et il vous sera donné: on versera dans votre sein une bonne mesure, serrée, secouée et qui déborde; car on vous mesurera avec la mesure dont vous vous serez servis."
LUK.6.39,"Yesu abalaka na bu isɛ imɔti: «Moto o gwa miso aboani bodaledja minande ogwa miso? Akakɔ bea, bo basusu babae bakwake ta mombɔndɔ.",Il leur dit aussi cette parabole: Un aveugle peut-il conduire un aveugle? Ne tomberont-ils pas tous deux dans une fosse?.
LUK.6.40,Motingami aboaniti bonɔ molehi o nde; endolo moikoi yona oikoi bopele adake elenge molehi o nde.,Le disciple nest pas plus que le maître; mais tout disciple accompli sera comme son maître.
LUK.6.41,"Tina nda wenɛkɛ ebumbu edi ta diso i mwange e wɛ, enakobea otaenɛkɛ ibaya idi ta diso i wɛ?.","Pourquoi vois-tu la paille qui est dans lœil de ton frère, et naperçois-tu pas la poutre qui est dans ton œil?."
LUK.6.42,"Mondumbandani moboani na wɛ botɔndea mwange e wɛ: Maninga, amba nodongedje ebumbu edi ta diso i wɛ, endolo wɛ otenɛkɛ ibaya idi ta diso i wɛ. Ndjɔ ba melo mibae! Dongedja boso ibaya idi ta diso i wɛ, ko wenɛke bopele ta boso bo mwange e wɛ boo odongedje ebumbu ta diso i nde.».","Ou comment peux-tu dire à ton frère: Frère, laisse-moi ôter la paille qui est dans ton œil, toi qui ne vois pas la poutre qui est dans le tien? Hypocrite, ôte premièrement la poutre de ton œil, et alors tu verras comment ôter la paille qui est dans lœil de ton frère."
LUK.6.43,«Mole mopele temobote mbuma ibe ko mole mobe temobote mbuma ipele.,"Ce nest pas un bon arbre qui porte du mauvais fruit, ni un mauvais arbre qui porte du bon fruit."
LUK.6.44,"Mole na mole mokadjebane na mbuma i yu, tebabuke mbuma i pigi ta ipumba i ndjubɛ ko pongono tebatswɛ mbuma i vino ta mole mondjube.","Car chaque arbre se connaît à son fruit. On ne cueille pas des figues sur des épines, et lon ne vendange pas des raisins sur des ronces."
LUK.6.45,"Moto mopele akainedje meako mipele imibolama ta molema mo nde, moto mobe akainedje meako mibe imibolama ta molema mo nde. Tengasa monɔkɔ mo moto na moto mokaimedje imiluma ta molema mo nde.».","Lhomme bon tire de bonnes choses du bon trésor de son cœur, et le méchant tire de mauvaises choses de son mauvais trésor; car cest de labondance du cœur que la bouche parle."
LUK.6.46,"«Tina ndani okabenini Kumu, Kumu, ko tokɔeni meako mi mbi?.","Pourquoi mappelez-vous Seigneur, Seigneur! Et ne faites-vous pas ce que je dis?."
LUK.6.47,"Napalaka noinedjeni moto oboani bodua adi mbi, aoki meako mi mbi ko amisi ta mosala aboani na nda:.","Je vous montrerai à qui est semblable tout homme qui vient à moi, entend mes paroles, et les met en pratique."
LUK.6.48,"Moto omina aboani na moto yona opikaka ndako: alongaka mombɔndɔ mombɛngɛ ko angɔdjɔkɔ moboko diko i mabanga. Ehole edua pela, madiba malinda ndako, endolo ndako eikwa tine boo aepika bopele.","Il est semblable à un homme qui, bâtissant une maison, a creusé, creusé profondément, et a posé le fondement sur le roc. Une inondation est venue, et le torrent sest jeté contre cette maison, sans pouvoir lébranler, parce quelle était bien bâtie."
LUK.6.49,"Endolo moto yona oki meako mi mbi ko amisiti ta mosala aboani na moto yona opika ndako e nde ta kpɔtɔ, apika makwe ta mabanga. Ehole ekweaka madiba ta ndako emina, mbala emɔti ekwaka, ko ndako emina ebeha esusu mɛnɛ.».","Mais celui qui entend, et ne met pas en pratique, est semblable à un homme qui a bâti une maison sur la terre, sans fondement. Le torrent sest jeté contre elle: aussitôt elle est tombée, et la ruine de cette maison a été grande."
LUK.7.1,"Ehole esidjaka Yesu bobala meako mimina misusu na emumu e bato emohikaka, ayanaka ta Kapalanauma.","Après avoir achevé tous ces discours devant le peuple qui lécoutait, Jésus entra dans Capernaüm."
LUK.7.2,"Oho, kapitɛne o basoda mokama o Loma adaka na mosali o nde omɔti yona opalaka yo mɛnɛ. Mosali omina adaka apeka na yogo mbuti na bogwa.","Un centenier avait un serviteur auquel il était très attaché, et qui se trouvait malade, sur le point de mourir."
LUK.7.3,"Ehole eokaka kapitɛni bobala na tina e Yesu, alomaka bakumu ba Bayuda adi Yesu boo bamotɔnde adue aheledja mosali o nde.","Ayant entendu parler de Jésus, il lui envoya quelques anciens des Juifs, pour le prier de venir guérir son serviteur."
LUK.7.4,"Ehole eimeaka bakumu ba Bayuda adi Yesu, bomongɔnɔkɔ mɛnɛ ko babalaka: «Moto omina aboani na wɛ omokamoe.","Ils arrivèrent auprès de Jésus, et lui adressèrent dinstantes supplications, disant: Il mérite que tu lui accordes cela;."
LUK.7.5,Tengasa akapale bato ba biso ko edi yo moto olotongea sinagoga e biso.».,"car il aime notre nation, et cest lui qui a bâti notre synagogue."
LUK.7.6,"Na bea Yesu akɛkɛ na bu engbanga emɔti. Ehole eimeakabo mbuti na ndako e kapitɛne o basoda mokama o Loma, alomaka babinande boo batɔnde Yesu: «Kumu, pɛ bosatungea mbi nabosaniti boo okwe ta ndako e mbi.","Jésus, étant allé avec eux, nétait guère éloigné de la maison, quand le centenier envoya des amis pour lui dire: Seigneur, ne prends pas tant de peine; car je ne suis pas digne que tu entres sous mon toit."
LUK.7.7,"Edi na tina emina, napalakiti mbi mɛnɛ bodua adi wɛ. Endolo bala oko kɔpi emɔti, mosali o mbi ahelake.","Cest aussi pour cela que je ne me suis pas cru digne daller en personne vers toi. Mais dis un mot, et mon serviteur sera guéri."
LUK.7.8,"Mbi mɛnɛ, nadi na bakondji bia bakasume mbi, nadi na basoda pongono bakasumeni. Nakabala na omɔti: kɛ!, Akɛi; nakabala na okina: Dua!, Adoi; ko nakabala na mosali o mbi: Ko bo!, Akɔi.».","Car, moi qui suis soumis à des supérieurs, jai des soldats sous mes ordres; et je dis à lun: Va! Et il va; à lautre: Viens! Et il vient; et à mon serviteur: Fais cela! Et il le fait."
LUK.7.9,"Ehole eokaka Yesu mibalo mimina, asepaka na nde mɛnɛ. Ahombanaka adi emumu e bato bamokimanaka ko abalaka: «Notɔndeakani: Nongo ta Isalɛlɛ, naipakenɛ moto o bodima moda mu!».","Lorsque Jésus entendit ces paroles, il admira le centenier, et, se tournant vers la foule qui le suivait, il dit: Je vous le dis, même en Israël je nai pas trouvé une aussi grande foi."
LUK.7.10,"Ehole eyanaka bato balomaka kapitɛni bataneaka ta ndako, mosali omina amahela.","De retour à la maison, les gens envoyés par le centenier trouvèrent guéri le serviteur qui avait été malade."
LUK.7.11,Aya busa Yesu akɛkɛ ta ibonga imɔti na kombe e Naine. Batingami ba nde na emumu e bato bakɛkɛ na nde engbanga.,"Le jour suivant, Jésus alla dans une ville appelée Naïn; ses disciples et une grande foule faisaient route avec lui."
LUK.7.12,"Ehole eimeaka yo mbuti na modipe mo ibonga, basakanaka na bato bakɛ apusea mwana omɔti ogwaka. Mwana momi adaka o ikinda, o mwali ogwa na momi. Ko bato banɛnɛ ba ibonga imina badaka na nde engbanga.","Lorsquil fut près de la porte de la ville, voici, on portait en terre un mort, fils unique de sa mère, qui était veuve; et il y avait avec elle beaucoup de gens de la ville."
LUK.7.13,"Oko ta ehole emoenɛkɛ Kumu, ko amokeaka ndjokwa enɛnɛ. Abalaka na nde: «Kina boeya!».","Le Seigneur, layant vue, fut ému de compassion pour elle, et lui dit: Ne pleure pas!."
LUK.7.14,"Ko Yesu abatamaka mbuti, apeaka mosongo, ko bato iba songaka baemaka. Yesu abalaka: «Mwenga, nabali na wɛ, angɔ!».","Il sapprocha, et toucha le cercueil. Ceux qui le portaient sarrêtèrent. Il dit: Jeune homme, je te le dis, lève-toi!."
LUK.7.15,Mwana yona ogwaka asisoa; adaka na mobondo ko abangaka bobala. Yesu amopaka adi nange e nde.,"Et le mort sassit, et se mit à parler. Jésus le rendit à sa mère."
LUK.7.16,"Bato basusu balumaka na bɔɔ, ko bakumedjaka Ndjakomba babalaka: «Mbaeli o Ndjakomba monɛnɛ aimi ta ibonga i biso!» Ko pongono: «Ndjakomba adoi akɔmedja bato ba nde!».","Tous furent saisis de crainte, et ils glorifiaient Dieu, disant: Un grand prophète a paru parmi nous, et Dieu a visité son peuple."
LUK.7.17,Gala e meako imikɔ Yesu enanganaka ta Yudea esusu ko ta ngando i mbuti mbuti.,Cette parole sur Jésus se répandit dans toute la Judée et dans tout le pays dalentour.
LUK.7.18,Batingami ba Yoane bamotɔndeaka midjɔ iminɔkɔ misusu. Ibea Yoane abeaka batingami ba nde babae.,Jean fut informé de toutes ces choses par ses disciples.
LUK.7.19,"ko abalomaka adi Kumu Yesu bɛngi bamohɔdje: «Edi wɛ Masiya, yona oboani bodua kaoko loboani boamba moto okina?».","Il en appela deux, et les envoya vers Jésus, pour lui dire: Es-tu celui qui doit venir, ou devons-nous en attendre un autre?."
LUK.7.20,"Ehole eimeaka bo adi Yesu, babalaka na nde: «Yoane Mobatisi alolomi adi wɛ tine lohɔdje: Edi wɛ, yona aduake kaoko eboani na su boamba moto okina?».","Arrivés auprès de Jésus, ils dirent: Jean-Baptiste nous a envoyés vers toi, pour dire: Es-tu celui qui doit venir, ou devons-nous en attendre un autre?."
LUK.7.21,"Oko ta ehole emina, Yesu aheledjaka bato banɛnɛ ba bego, bitumbɛ, bato badaka na miembo mibe ko bato ba miso mago banɛnɛ.","A lheure même, Jésus guérit plusieurs personnes de maladies, dinfirmités, et desprits malins, et il rendit la vue à plusieurs aveugles."
LUK.7.22,"Na bea Yesu ayanedjaka bato ibalomaka Yoane: «Kɛni amotɔndeni imi misusu mieni no ko miokino: bato iba bagwa miso baeni, bitumbɛ ibaondɔ mako badali, bato ba bohoka booki, bato ba mabha basɛnɔi, bato ibagwa basombi ta bomɔ, ko Bwɛndi Bopele batɔndeamaka adi batakeli.","Et il leur répondit: Allez rapporter à Jean ce que vous avez vu et entendu: les aveugles voient, les boiteux marchent, les lépreux sont purifiés, les sourds entendent, les morts ressuscitent, la bonne nouvelle est annoncée aux pauvres."
LUK.7.23,Sepi adi moto wadake pɛ boda ibaku tina e mbi!».,Heureux celui pour qui je ne serai pas une occasion de chute!.
LUK.7.24,"Ehole eyanaka bato ibalomaka Yoane, Yesu abangaka botɔndea bato banɛnɛ ta tina e Yoane. Abalaka: «Okɛkini ta etengelenge aendja nda? Mososongo mokumani na mopɛpɛ? Ngasa?.","Lorsque les envoyés de Jean furent partis, Jésus se mit à dire à la foule, au sujet de Jean: Quêtes-vous allés voir au désert? Un roseau agité par le vent?."
LUK.7.25,"Emitida bea okɛkɛni aendja mɛnɛ nda? Moto yona oloaki bisendja bi gala? Ngasa, bato ibakalwae bisendja bi gala bakahele ta bodieli bakadae ta ndako i bakondji.","Mais, quêtes-vous allés voir? Un homme vêtu dhabits précieux? Voici, ceux qui portent des habits magnifiques, et qui vivent dans les délices, sont dans les maisons des rois."
LUK.7.26,"Ibea okɛkini mɛnɛ aendja nda? Mbaeli o Ndjakomba omɔti? Soti, notɔndeini, yona anɔi nongo mbaeli o Ndjakomba.","Quêtes-vous donc allés voir? Un prophète? Oui, vous dis-je, et plus quun prophète."
LUK.7.27,Edi tina e Yoane ekomama: Nalomi ta boso bo wɛ molomami o mbi Ebɛngi abɔngedje ndjea e wɛ.,"Cest celui dont il est écrit: Voici, jenvoie mon messager devant ta face, Pour préparer ton chemin devant toi."
LUK.7.28,"«Nabali na nu, ta ndanda e bato babotama na mwali, pɛ moto onɔi Yoane na bonɛnɛ; enakobea, yona odi mokɛkɛ bonɔ ta Bokumu bo Ndjakomba adi monɛnɛ bonɔ yo.","Je vous le dis, parmi ceux qui sont nés de femmes, il ny en a point de plus grand que Jean. Cependant, le plus petit dans le royaume de Dieu est plus grand que lui."
LUK.7.29,Bato basusu na baputedji ba puti ibamokaka badimaka boo Ndjakomba adi bodjo ko badima boinama na ndjea e Yoane.,"Et tout le peuple qui la entendu et même les publicains ont justifié Dieu, en se faisant baptiser du baptême de Jean;."
LUK.7.30,"Endolo Bapalusai ko balehi ba mobeko balonaka bibɔngedji bi Ndjakomba ta tina e bobo, baidimaka boinama na Yoane.».","mais les pharisiens et les docteurs de la loi, en ne se faisant pas baptiser par lui, ont rendu nul à leur égard le dessein de Dieu."
LUK.7.31,Yesu abalaka naikina: «Naboani bokokanedja bato ba ehole ye na nda? Baboani na ba nda?.,"A qui donc comparerai-je les hommes de cette génération, et à qui ressemblent-ils?."
LUK.7.32,"Baboani na bana bia badi na mobondo ta polo e bhuda, basayeanaka bo na ibo: Lohueyaka piololo, oibuwani; Loembaka ndjembo indjokwa, oiyeani.","Ils ressemblent aux enfants assis dans la place publique, et qui, se parlant les uns aux autres, disent: Nous vous avons joué de la flûte, et vous navez pas dansé; nous vous avons chanté des complaintes, et vous navez pas pleuré."
LUK.7.33,"Tengasa, Yoane Mobatisi aduaka, aiyakaka miɛmbɛ ko aimwaka mana ma vino. Obalakani bo? Obalakani: Adi na mwembo mobe.","Car Jean-Baptiste est venu, ne mangeant pas de pain et ne buvant pas de vin, et vous dites: Il a un démon."
LUK.7.34,"Iya adua Mwana o Moto, ayaka mia, amwaka vino ko obalakani: Adi na posa eboyaka ko bomwaka vino, adi mwange e baputedji ba puti ko bato babe.","Le Fils de lhomme est venu, mangeant et buvant, et vous dites: Cest un mangeur et un buveur, un ami des publicains et des gens de mauvaise vie."
LUK.7.35,Endolo djebeli e Ndjakomba bodjebani edi bodjo ta pamba e bato basusu bia bakamodime.».,Mais la sagesse a été justifiée par tous ses enfants.
LUK.7.36,"Mopalusai omɔti amobeaka bo akayaka mia ta ndako e nde, akweaka ta ndako emina ko adaka ta mesa tine boyaka.","Un pharisien pria Jésus de manger avec lui. Jésus entra dans la maison du pharisien, et se mit à table."
LUK.7.37,"Ta ibonga imina edaka na, mwali omɔti o mabe. Ehole aokaka yo boo Yesu adi ta ndako e Mopalusai, aduaka na molangi molumake na malasi ma motuya monɛnɛ.","Et voici, une femme pécheresse qui se trouvait dans la ville, ayant su quil était à table dans la maison du pharisien, apporta un vase dalbâtre plein de parfum."
LUK.7.38,"Adaka mbuti na mako ma Yesu, aeyaka, ko mbisoli i nde, ipoedjaka mako ma Yesu. Adaka ahakoa mako ma Yesu na swe i nde ko amabhimbaka eni amasopea malasi mamina.","et se tint derrière, aux pieds de Jésus. Elle pleurait; et bientôt elle lui mouilla les pieds de ses larmes, puis les essuya avec ses cheveux, les baisa, et les oignit de parfum."
LUK.7.39,"Ehole enɛkɛ Mopalusai yona obeaka Yesu bea, asabaleaka: «Esedabo moto iyo adi soti mbaeli o Ndjakomba, aboanaki adjebe mɛnɛ moda mo mwali iyo osapea boo adi mwali o gala ebe.».","Le pharisien qui lavait invité, voyant cela, dit en lui-même: Si cet homme était prophète, il connaîtrait qui et de quelle espèce est la femme qui le touche, il connaîtrait que cest une pécheresse."
LUK.7.40,"Yesu abalaka na Mopalusai: «Simo, nadi na meako mibobala na wɛ», «Molehi, bala.».","Jésus prit la parole, et lui dit: Simon, jai quelque chose à te dire. Maître, parle, répondit-il."
LUK.7.41,"Ko Yesu abalaka: «Moto omɔti abekedjaka bato babae bibende bi pata. Moto o boso aboanaka bosɔmbedja motuya mo bibende bi pata mikama mitano; okina, motuya mo bibende bi pata tuku itano.","Un créancier avait deux débiteurs: lun devait cinq cents deniers, et lautre cinquante."
LUK.7.42,"Ibea pɛ nongo moto omɔti ta ndanda e bobo aidaka na enɔi e boputa nyongo e nde. Ta tei e bobo babae, omopalabi mɛnɛ nda?».","Comme ils navaient pas de quoi payer, il leur remit à tous deux leur dette. Lequel laimera le plus?."
LUK.7.43,Simo asɔmbedjaka: «Nalɛdji edi yona odi na nyongo enɛnɛ.» Yesu abalaka na nde: «Wɛ olongi.».,"Simon répondit: Celui, je pense, auquel il a le plus remis. Jésus lui dit: Tu as bien jugé."
LUK.7.44,"Yesu ahombanaka adi mwali ko abalaka na Simo: «Wɛ oeni mwali iyo? Nakwei ta ndako e wɛ; wɛ opitini madiba ma bososa na mako; endolo yo, asosi mako ma mbi na mbisoli i nde ko adji hakoi na swe i nde.","Puis, se tournant vers la femme, il dit à Simon: Vois-tu cette femme? Je suis entré dans ta maison, et tu ne mas point donné deau pour laver mes pieds; mais elle, elle les a mouillés de ses larmes, et les a essuyés avec ses cheveux."
LUK.7.45,"Wɛ obhimbitini endolo yo, donga akweaki mbi ta ndako wɛ, akiniti bobhimba mako ma mbi.","Tu ne mas point donné de baiser; mais elle, depuis que je suis entré, elle na point cessé de me baiser les pieds."
LUK.7.46,"Osopeitini malasi ta molo mo mbi endolo yo, asopeini malasi ta mako ma mbi.","Tu nas point versé dhuile sur ma tête; mais elle, elle a versé du parfum sur mes pieds."
LUK.7.47,"Edi tina e mina notɔndeaka bo mabe ma nde masusu mayɛmi, tine bo ainedjini epaeli enɛnɛ. Endolo ta pamba e moto oyɛi bo na nyongo ekɛkɛ ainedjabi epaeli ekɛkɛ.».","Cest pourquoi, je te le dis, ses nombreux péchés ont été pardonnés: car elle a beaucoup aimé. Mais celui à qui on pardonne peu aime peu."
LUK.7.48,Ibea Yesu abalaka na mwali omina: «Mabe ma wɛ mayɛmi.».,Et il dit à la femme: Tes péchés sont pardonnés.
LUK.7.49,Bato bia badaka na nde bayaka mia ta mesa baimeaka bosabaleana ta tei e milema mi bobo! «Asenɛkɛ nda ebɛngi ayɛ mabe ma bato?».,"Ceux qui étaient à table avec lui se mirent à dire en eux-mêmes: Qui est celui-ci, qui pardonne même les péchés?."
LUK.7.50,Endolo Yesu abalaka na mwali omina: «Edimeli e wɛ eoheledji. Kɛɛ na bogo.».,"Mais Jésus dit à la femme: Ta foi ta sauvée, va en paix."
LUK.8.1,"Ngɔngɔ imina, Yesu akɛkɛ ta mabonga manɛnɛnɛ na ta mabonga makɛkɛkɛ, tine botɔndɔ ko boleha Bwɛndi Bopele bo Bokumu bo Ndjakomba. Batingami domi na babae bamopakeaka.","Ensuite, Jésus allait de ville en ville et de village en village, prêchant et annonçant la bonne nouvelle du royaume de Dieu."
LUK.8.2,"engbanga emɔti na bali bia bahelaka na membo mibeko na bego i bobo: Malia, yona obeaka bo Magadala, yona oimedjaka bo membo mibe sambo.","Les douze étaient avec lui et quelques femmes qui avaient été guéries desprits malins et de maladies: Marie, dite de Magdala, de laquelle étaient sortis sept démons."
LUK.8.3,"Yoana, mwali o Kudja, mobanei o leka lo Elode; Susani ko bato bakina banɛnɛ, bia badaka bakɔmedja ko bakamoa Yesu na batingami ba nde.","Jeanne, femme de Chuza, intendant dHérode, Susanne, et plusieurs autres, qui lassistaient de leurs biens."
LUK.8.4,"Emumu e bato babolamaka mbuti na Yesu, donga ta mabonga tungu na tungu. Abalaka na bu isɛ di:.","Une grande foule sétant assemblée, et des gens étant venus de diverses villes auprès de lui, il dit cette parabole:."
LUK.8.5,"Moto omɔti akɛkɛ amɛsɛ mbuma ta gbie, ehole edaka yo amɛsɛ mbuma, ikina mbuma ikwaka ta ndjea: bato baidalakaka ko mbulu badiko baikoma.","Un semeur sortit pour semer sa semence. Comme il semait, une partie de la semence tomba le long du chemin: elle fut foulée aux pieds, et les oiseaux du ciel la mangèrent."
LUK.8.6,Ikina mbuma ikwaka ta mabanga: itɔkɔ endolo ikakanaka tine taka e madiba.,"Une autre partie tomba sur le roc: quand elle fut levée, elle sécha, parce quelle navait point dhumidité."
LUK.8.7,"Ikina mbuma ikwaka ta tei e nginga i ndjubɛ: ibangaka botɔ, engbanga emɔti na ndjubɛ ko imbambamedja.","Une autre partie tomba au milieu des épines: les épines crûrent avec elle, et létouffèrent."
LUK.8.8,"Endolo, mbuma ikina ikwaka ta mokpɔtɔ mopele: djitɔkɔ ibotaka mingbɔndu djimedjaka mbuma mokama. Ngɔngɔ Yesu abalaka: «Iyona odi na matoi ma boka, aoke!».","Une autre partie tomba dans la bonne terre: quand elle fut levée, elle donna du fruit au centuple. Après avoir ainsi parlé, Jésus dit à haute voix: Que celui qui a des oreilles pour entendre entende!."
LUK.8.9,Batingami ba Yesu bamohɔdjɔkɔ abatingodje tina e isɛ imina.,Ses disciples lui demandèrent ce que signifiait cette parabole.
LUK.8.10,"Abasɔmbedjaka: «Ino oboanini bodjeba mbombi i Bokumu bo Ndjakomba, endolo tina e bato bakina badi bomoka na moda mo masɛ. Na bea, baboani boendja endolo pɛ boenɛ, baboani boka endolo pɛ bodjeba. ».","Il répondit: Il vous a été donné de connaître les mystères du royaume de Dieu; mais pour les autres, cela leur est dit en paraboles, afin quen voyant ils ne voient point, et quen entendant ils ne comprennent point."
LUK.8.11,«Endjani tina e isɛ imina: mbuma edi mobalo mo Ndjakomba.,"Voici ce que signifie cette parabole: La semence, cest la parole de Dieu."
LUK.8.12,"Bato bakina baboani na ndjea ta polo ekwi mbuma: baoki mobalo, endolo Satana adoi abakatoi mobalo ta milema mi bobo, tine bobasia boo badime basakahela.","Ceux qui sont le long du chemin, ce sont ceux qui entendent; puis le diable vient, et enlève de leur cœur la parole, de peur quils ne croient et soient sauvés."
LUK.8.13,"Bato bakina badi oko moda mo kpɔtɔ i mabanga: baoki mobalo ko bamodimi na sepi. Endolo mbuma imina imedja nginga, badimi ta mo ehole mokɛkɛ, endolo ta ehole e saya, babosani edimeli.","Ceux qui sont sur le roc, ce sont ceux qui, lorsquils entendent la parole, la reçoivent avec joie; mais ils nont point de racine, ils croient pour un temps, et ils succombent au moment de la tentation."
LUK.8.14,"Esika yena ekwaka mbuma ta ndjubɛ, eboani na bato baoki mobalo. Endolo bakina baisi malɛno, ta bodieli ko na posa e bomɔ bo busa na busa, bombambamedja mobalo mo mina.","Ce qui est tombé parmi les épines, ce sont ceux qui, ayant entendu la parole, sen vont, et la laissent étouffer par les soucis, les richesses et les plaisirs de la vie, et ils ne portent point de fruit qui vienne à maturité."
LUK.8.15,"Mbuma djia ikwaka ta mokpɔtɔ mopele, eboani na bato bia baoki mobalo, bamobanei ta milema bopele na sepi ko mobotaka mbuma djipele tine ingbangba i bobo.».","Ce qui est tombé dans la bonne terre, ce sont ceux qui, ayant entendu la parole avec un cœur honnête et bon, la retiennent, et portent du fruit avec persévérance."
LUK.8.16,"«Moto tabwanedje molinda tine amodipe na poke kaoko tine bomoisa ta nase i bokaki. Enakobea, bomosɛpeaka ta esɛpɛi e molinda tine bato bia bokweaka ta ndako baenɛ bohu.","Personne, après avoir allumé une lampe, ne la couvre dun vase, ou ne la met sous un lit; mais il la met sur un chandelier, afin que ceux qui entrent voient la lumière."
LUK.8.17,"Misusu mimbombi mienɛmɛbi ta bhuda, misusu mi kuku midjebanabi ta bohu.","Car il nest rien de caché qui ne doive être découvert, rien de secret qui ne doive être connu et mis au jour."
LUK.8.18,"Dani na engɛlɛ na moda mokakano! Tengasa moto yona odi na eka, bamopabi lokina, endolo yona odi pɛ eka, bamokatoabi nongo moeka olɛdjɛkɛ yo bo adi na yu.».","Prenez donc garde à la manière dont vous écoutez; car on donnera à celui qui a, mais à celui qui na pas on ôtera même ce quil croit avoir."
LUK.8.19,"Nango na ba ngɔngɔ i Yesu bamokimanaka ta ibonga idaka yo, endolo baidiaka enɔi e boimea ta polo edaka yo, tine emumu e bato.","La mère et les frères de Jésus vinrent le trouver; mais ils ne purent laborder, à cause de la foule."
LUK.8.20,"Bato batɔndeaka Yesu: «Nange wɛ na bangi wɛ badi sokolu, bapalaka boenɛ.».","On lui dit: Ta mère et tes frères sont dehors, et ils désirent te voir."
LUK.8.21,Yesu asɔmbedjaka bato bamina: «Nange mbi na bange i mbi edi bato bokaka mobalo mo Ndjakomba ko bamoisaka ta mosala.».,"Mais il répondit: Ma mère et mes frères, ce sont ceux qui écoutent la parole de Dieu, et qui la mettent en pratique."
LUK.8.22,"Busa bomɔti, Yesu akweaka ta bwato yo na batingami ba nde abalaka na bu: «Lokatiseni ta dɔngɔ i ibeke .» Ibea bakatisaka.","Un jour, Jésus monta dans une barque avec ses disciples. Il leur dit: Passons de lautre côté du lac. Et ils partirent."
LUK.8.23,"Ta ehole edaka bo baluke bwato, Yesu ahwɛkɛ. Na mbala emɔti, lungu epipo ebangaka bokumba ta ibeke; mbunoko madiba maimeaka boluma ta bwato baokaka mongangale.","Pendant quils naviguaient, Jésus sendormit. Un tourbillon fondit sur le lac, la barque se remplissait deau, et ils étaient en péril."
LUK.8.24,"Ibea batingami basalindaka mbuti na Yesu bamosisodjaka eni bagama: «Molehi, Molehi, lahombaka logwɛ!» Yesu, asisoaka, agameaka lungu na mbonge: losusu lopɔpɔnɔkɔ wai.","Ils sapprochèrent et le réveillèrent, en disant: Maître, maître, nous périssons! Sétant réveillé, il menaça le vent et les flots, qui sapaisèrent, et le calme revint."
LUK.8.25,"Ibea Yesu abalaka na batingami ba nde: «Bodima bo bino bodi djɔ?» Balumaka na bɔɔ ko na bokamoa. Baimeka bosahɔdjɔnɔ: «Moto iyo adi nda? Abalaka na lungu, na mbonge ko bomosuma!».","Puis il leur dit: Où est votre foi? Saisis de frayeur et détonnement, ils se dirent les uns aux autres: Quel est donc celui-ci, qui commande même au vent et à leau, et à qui ils obéissent?."
LUK.8.26,"Baimeaka ta dɔngɔ i ngando e Gelasa, ena edaka ta pamba e ibeke iyɛlɛmɛni na Galilea.","Ils abordèrent dans le pays des Géraséniens, qui est vis-à-vis de la Galilée."
LUK.8.27,"Ehole eduboaka Yesu o ngondo, momi omɔti o ibonga imina aduaka asakana na nde. Momi omina adaka na miembo mibe donga ehele, ailwaka bisendja aidaka ta ndako, endolo ahelamaka ta makila.","Lorsque Jésus fut descendu à terre, il vint au-devant de lui un homme de la ville, qui était possédé de plusieurs démons. Depuis longtemps il ne portait point de vêtement, et avait sa demeure non dans une maison, mais dans les sépulcres."
LUK.8.28,"Ehole enɛkɛ yo Yesu, asadumbaka ta mako ma nde ko alɛbɛkɛ na moholi mopipo: «Eka apalaka wɛ na mbi nda, Yesu, Mwana o Ndjakomba onɔi odiko li losusu? Nongɔni, pɛ botungeani!».","Ayant vu Jésus, il poussa un cri, se jeta à ses pieds, et dit dune voix forte: Quy a-t-il entre moi et toi, Jésus, Fils du Dieu Très-Haut? Je ten supplie, ne me tourmente pas."
LUK.8.29,"Tengasa Yesu abalaka na mwembo mobe moime adi yo. Mwembo momina modaka momodumba mbala na mbala; bamonangaka mɔmɔ na mako na sɛni tine bomobanea, endolo adjilenakaka ko mwembo mobe momolomaka ta bisika bi etengelenge.","Car Jésus commandait à lesprit impur de sortir de cet homme, dont il sétait emparé depuis longtemps; on le gardait lié de chaînes et les fers aux pieds, mais il rompait les liens, et il était entraîné par le démon dans les déserts."
LUK.8.30,Yesu amohɔdjɔkɔ: «Kombe e wɛ nda?» Amosɔmbedjaka: «Kombe e mbi Banɛnɛ.» Tengasa miembo mibe minɛnɛ mikweaka na nde.,"Jésus lui demanda: Quel est ton nom? Légion, répondit-il. Car plusieurs démons étaient entrés en lui."
LUK.8.31,Ko miembo mibe mimina miongɔnɔkɔ Yesu boo adae pɛ bomiloma ta mombhɔndɔ mo modidi mombɛngɛ mo mopɛ suka.,Et ils priaient instamment Jésus de ne pas leur ordonner daller dans labîme.
LUK.8.32,Bwela bonɛnɛ bo ngulu bodaka ena bayaka ta ikoli. Miembo mibe miongɔnɔkɔ Yesu amipɛ ndjea mikwe ta bwela bo ngulu. Ibea Yesu abapaka enɔi.,"Il y avait là, dans la montagne, un grand troupeau de pourceaux qui paissaient. Et les démons supplièrent Jésus de leur permettre dentrer dans ces pourceaux. Il le leur permit."
LUK.8.33,Miembo mibe mimaka adi moto omina ko mikweaka ta bwela bo ngulu. Ibea bwela bo ngulu bomina bodjilimoanaka donga ta ikoli odiko ko bodindaka ta madiba ma ibeke.,"Les démons sortirent de cet homme, entrèrent dans les pourceaux, et le troupeau se précipita des pentes escarpées dans le lac, et se noya."
LUK.8.34,"Ehole enɛkɛ babanei ba ngulu modjɔ momina, ko bapotaka ko bakɛkɛ atɔndɔ midjɔ mimina ta ibonga i Gelesaleta ko ta mabonga makɛkɛkɛ.","Ceux qui les faisaient paître, voyant ce qui était arrivé, senfuirent, et répandirent la nouvelle dans la ville et dans les campagnes."
LUK.8.35,"Bato baduaka tine bokokoledja modjɔ imu mosakɔmɔkɔ. Ehole eimeakabo mbuti na Yesu ko bataneaka moto yona ohela na miembo mibe adi na mobondo ta mako ma Yesu; alwaka bisendja ko asɔmbɔ bopele, bato basusu babangaka.","Les gens allèrent voir ce qui était arrivé. Ils vinrent auprès de Jésus, et ils trouvèrent lhomme de qui étaient sortis les démons, assis à ses pieds, vêtu, et dans son bon sens; et ils furent saisis de frayeur."
LUK.8.36,"Bato baɛnɛkɛ modjɔ momina, batɔndeaka binabu moda mohela moto yona odaka na miembo mibe.",Ceux qui avaient vu ce qui sétait passé leur racontèrent comment le démoniaque avait été guéri.
LUK.8.37,"Ibea bato basusu ba ibonga imina bahɔdjɔkɔ Yesu adonge ta ibonga i bobo, tengasa baimeaka na bɔɔ bonɛnɛ. Yesu atiteaka ta bwato bɛngi akɛ.","Tous les habitants du pays des Géraséniens prièrent Jésus de séloigner deux, car ils étaient saisis dune grande crainte. Jésus monta dans la barque, et sen retourna."
LUK.8.38,Ibea moto yona ohelaka na miembo mibe aɔngɔnɔkɔ Yesu boo akɛ na nde engbanga emɔti. Endolo Yesu amoyanedjaka ko abalaka:.,"Lhomme de qui étaient sortis les démons lui demandait la permission de rester avec lui. Mais Jésus le renvoya, en disant:."
LUK.8.39,"«Yana ta ibota i wɛ ko tɔndɔ meako misusu miokɔmei Ndjakomba.» Moto omina akɛkɛ, abalaka ko atɔndɔkɔ bato ba ibonga isusu meako mikɔ Yesu tina e nde.","Retourne dans ta maison, et raconte tout ce que Dieu ta fait. Il sen alla, et publia par toute la ville tout ce que Jésus avait fait pour lui."
LUK.8.40,"Ta ehole esɔmbɔkɔ Yesu ta dongɔ ikina ibeke, emumu e bato bamaosɔkɔ, tengasa bo basusu badaka bomoamba.","A son retour, Jésus fut reçu par la foule, car tous lattendaient."
LUK.8.41,"Moto omɔti aduaka yana kombe e nde Yailo. Adaka mokondji o Ndako e Ndjakomba. Akwaka magbundɔ ta mako ma Yesu, amongɔkɔ boo adue ta ndako e nde.","Et voici, il vint un homme, nommé Jaïrus, qui était chef de la synagogue. Il se jeta à ses pieds, et le supplia dentrer dans sa maison."
LUK.8.42,"tengasa adaka oko na mwana o nde mwali omɔti, yona adaka apeka mbuti na bogwa ko adaka mbuti na mbula domi na babae. Ehole edaka Yesu bokɛ oho emumu e bato badaka bamolindakake mɔngɔ masusu.","parce quil avait une fille unique denviron douze ans qui se mourait. Pendant que Jésus y allait, il était pressé par la foule."
LUK.8.43,"Edaka mwali omɔti adaka apeka na epeko e botanga makia mbuti na mbula domi na babae. Asidjaka bodieli bosusu bo nde adi minganga, endolo pɛ nongo omɔti o bomoheledja.","Or, il y avait une femme atteinte dune perte de sang depuis douze ans, et qui avait dépensé tout son bien pour les médecins, sans quaucun ait pu la guérir."
LUK.8.44,"Asalindaka ta sangɔngɔ i Yesu, apeaka molenda mo esendja e nde, ko gbundumo makia makinaka botanga.","Elle sapprocha par derrière, et toucha le bord du vêtement de Jésus. Au même instant la perte de sang sarrêta."
LUK.8.45,"Yesu ahɔdjɔkɔ: «Opeini nda?» Baidimaka bo basusu ko Piɛlɛ abalaka: «Molehi, edɛdi bato banɛnɛ bia baohiki ko baohineakaka.».","Et Jésus dit: Qui ma touché? Comme tous sen défendaient, Pierre et ceux qui étaient avec lui dirent: Maître, la foule tentoure et te presse, et tu dis: Qui ma touché?."
LUK.8.46,"Endolo Yesu abalaka: «Moto omɔti apeini, tengasa naoki ngulu emɔti eimi ta tei e mbi.».","Mais Jésus répondit: Quelquun ma touché, car jai connu quune force était sortie de moi."
LUK.8.47,"Yana adjebaka mwali omina boo aditi naikina mobombamake, abangi bodjoa ko akwaka na magbundɔ ta mako ma Yesu. Atɔndeaka Yesu ta boso bo bato basusu tina emopeaka yo, ko moda mohela yo na yogo e nde oko ta ehole emina.","La femme, se voyant découverte, vint toute tremblante se jeter à ses pieds, et déclara devant tout le peuple pourquoi elle lavait touché, et comment elle avait été guérie à linstant."
LUK.8.48,"Yesu abalaka na nde: «Mwana o mbi mwali, edimeli e wɛ eoheledji. Kɛ na bogo.».","Jésus lui dit: Ma fille, ta foi ta sauvée; va en paix."
LUK.8.49,"Oko ehole ebalaka Yesu bea, moto omɔti adongi ta ndako e mokondji o sinagoga, ko abali na nde: «Mwana o wɛ o mwali agwi. Pɛ botungea naikina molehi.».","Comme il parlait encore, survint de chez le chef de la synagogue quelquun disant: Ta fille est morte; nimportune pas le maître."
LUK.8.50,"Endolo Yesu aoka yo meako mimina, abalaka na Yailo: «Pɛ bobanga, dima oko bodima, ko mwana ahelake.».","Mais Jésus, ayant entendu cela, dit au chef de la synagogue: Ne crains pas, crois seulement, et elle sera sauvée."
LUK.8.51,"Ehole eimeaka Yesu ta ndako e Yailo, aidimaka moto omɔti akwe na nde dongedjako Piɛlɛ, Yoane, Djake, na Sange e mwana na nange e mwana.","Lorsquil fut arrivé à la maison, il ne permit à personne dentrer avec lui, si ce nest à Pierre, à Jean et à Jacques, et au père et à la mère de lenfant."
LUK.8.52,Bato basusu badaka boeya ko bosadumbakaka tina e nde. Yesu abalaka: «Pɛ boeyani agwiti ahwɛi hiɔ.».,"Tous pleuraient et se lamentaient sur elle. Alors Jésus dit: Ne pleurez pas; elle nest pas morte, mais elle dort."
LUK.8.53,"Endolo bato badaka bomosɛkɛ, tengasa badjebaka bo mwana agwi ehele.","Et ils se moquaient de lui, sachant quelle était morte."
LUK.8.54,"Endolo Yesu, amopeaka ta ebɔ e nde, amobei na moholi mopipo: «Mwana o mbi, angɔ!».","Mais il la saisit par la main, et dit dune voix forte: Enfant, lève-toi."
LUK.8.55,"Mwana mwali omina asɔmbɔkɔ ta mohelo oko ta ehole emina, Yesu abalaka na baboti ba nde bamopɛ mia.","Et son esprit revint en elle, et à linstant elle se leva; et Jésus ordonna quon lui donnât à manger."
LUK.8.56,"Baboti ba nde akamoaka mɛnɛ, endolo Yesu abalaka boo badae pɛ botɔndea moto omɔti modjɔ imu mosakɔmɔ.","Les parents de la jeune fille furent dans létonnement, et il leur recommanda de ne dire à personne ce qui était arrivé."
LUK.9.1,"Yesu abeaka batingami ba nde domi na babae, ko abapaka kpatsi e bobengana miembo mibe, na boheledja bato ba bipeko.","Jésus, ayant assemblé les douze, leur donna force et pouvoir sur tous les démons, avec la puissance de guérir les maladies."
LUK.9.2,Abalomaka bodjebedja Bokumu bo Ndjakomba na boheledja bato ba bipeko.,"Il les envoya prêcher le royaume de Dieu, et guérir les malades."
LUK.9.3,"Ko abatɔndeaka: «Pɛ botombani eka emɔti tine mɔndɔ: Pɛ pango, pɛ sɛki, pɛ mwɛmbɛ, pɛ palanga ko moto omɔti pɛ botomba bisendja bibae.","Ne prenez rien pour le voyage, leur dit-il, ni bâton, ni sac, ni pain, ni argent, et nayez pas deux tuniques."
LUK.9.4,"Bakoasɔni ta ndako emɔti, dani ena mbunoko okakinani polo emina.","Dans quelque maison que vous entriez, restez-y; et cest de là que vous partirez."
LUK.9.5,"Endolo bamiti oasɔni, dongani ta ibonga i bobo, ko bhubholani dutu i mako ma bino: adake embete e sambi e bobo.».","Et, si les gens ne vous reçoivent pas, sortez de cette ville, et secouez la poussière de vos pieds, en témoignage contre eux."
LUK.9.6,Batingami bakɛkɛ ko badaka banɔe ta ngando isusu boleha Bwɛndi Bopele ko boheledja bato ba bipeko pamba isusu.,"Ils partirent, et ils allèrent de village en village, annonçant la bonne nouvelle et opérant partout des guérisons."
LUK.9.7,"Elode, Gupɛnɛlɛ, aokaka gala e meako misusu mibalaka bo ko aimeaka bosatungea, tengasa bato bakina babalaka: «Yoane Mobatisi asapusoaka ta tei e bago.».","Hérode le tétrarque entendit parler de tout ce qui se passait, et il ne savait que penser. Car les uns disaient que Jean était ressuscité des morts;."
LUK.9.8,Bato bakina badaka babala: «Elia aimani.» Bato bakina badaka babala: «Edi omɔti o ba mbaeli ba Ndjakomba bayou apusoi ta tei e bago.».,"dautres, quÉlie était apparu; et dautres, quun des anciens prophètes était ressuscité."
LUK.9.9,"Endolo Elode abalaka: «Edi Yoane Mobatisi yona olenedjaka mbi molo, apusoi! Moto omina nda wokaka mbi akɔkɔ midjɔ imi misusu adi mɛnɛ nda?». Na bea ahombaka aenɛ Yesu.","Mais Hérode disait: Jai fait décapiter Jean; qui donc est celui-ci, dont jentends dire de telles choses? Et il cherchait à le voir."
LUK.9.10,Bapɔsɔlu bahulaka ko batɔndeaka Yesu meako misusu mikɔkɔ bo. Yesu abatombaka ko akɛkɛ na bu basadea bo bɛnɛ mbuti na ibonga ibeaka bo Betesaida.,"Les apôtres, étant de retour, racontèrent à Jésus tout ce quils avaient fait. Il les prit avec lui, et se retira à lécart, du côté dune ville appelée Bethsaïda."
LUK.9.11,"Endolo emumu e bato badjebaka bea, bamokimanaka. Yesu abasɔkɔ, abalehaka Bwɛndi bo Bokumu bo Ndjakomba na aheledjaka bia badaka na posa e mohelo.","Les foules, layant su, le suivirent. Jésus les accueillit, et il leur parlait du royaume de Dieu; il guérit aussi ceux qui avaient besoin dêtre guéris."
LUK.9.12,"Busa bobangaka botita, batingami domi na babae basalindaka mbuti na Yesu ko bamotɔndeaka: «Yanedja bato, bakɛ awɛɛ ta mabonga na ta mako imi madi mbuti mbuti ko bahombe mia, tengasa lodi iya ta etengelenge.».","Comme le jour commençait à baisser, les douze sapprochèrent, et lui dirent: Renvoie la foule, afin quelle aille dans les villages et dans les campagnes des environs, pour se loger et pour trouver des vivres; car nous sommes ici dans un lieu désert."
LUK.9.13,Endolo yo abalaka na bu: «Ino bɛnɛ bapani mia!» Bamosɔmbedjaka: «Lodi oko na miɛmbɛ mitano na swi babae. Bala bo lokɛ asomba mia tina e bato ibi basusu!».,"Jésus leur dit: Donnez-leur vous-mêmes à manger. Mais ils répondirent: Nous navons que cinq pains et deux poissons, à moins que nous nallions nous-mêmes acheter des vivres pour tout ce peuple."
LUK.9.14,Bato badaka ena bonɔ mbuti na koto itano. Yesu abalaka na batingami ba nde: «Badedjani na mobondo bibole tuku itano tuku itano.».,"Or, il y avait environ cinq mille hommes. Jésus dit à ses disciples: Faites-les asseoir par rangées de cinquante."
LUK.9.15,Batingami basumaka ko bakɔkɔ oko bea.,"Ils firent ainsi, ils les firent tous asseoir."
LUK.9.16,Yesu atombaka miɛmbɛ mitano na swi babae. Angɔdjɔkɔ miso o diko ko apaka Ndjakomba mɛlɛsi tine leka lomina. Amapaka adi batingami ba kabane emumu bato.,"Jésus prit les cinq pains et les deux poissons, et, levant les yeux vers le ciel, il les bénit. Puis, il les rompit, et les donna aux disciples, afin quils les distribuassent à la foule."
LUK.9.17,Bato basusu bayaka ko bagolaka. Bandoanaka bikengakengi bia bidikaka ko balumedjaka mitinga domi na babae.,"Tous mangèrent et furent rassasiés, et lon emporta douze paniers pleins des morceaux qui restaient."
LUK.9.18,"Busa bomɔti, Yesu aongɔnɔkɔ asatswa na bu ko batingami ba nde badaka engbanga na nde. Yo abahɔdjɔkɔ: «Bato bakabale mbi nadi nda?».","Un jour que Jésus priait à lécart, ayant avec lui ses disciples, il leur posa cette question: Qui dit-on que je suis?."
LUK.9.19,"Bamosɔmbedjaka: «Bato bakina bakabale boo wɛ odi Yoane Mobatisi, bakina ko wɛ odi Elia, na bakina bakabale odi omɔti o ba mbaeli ba Ndjakomba ibayou opusoa.».","Ils répondirent: Jean Baptiste; les autres, Élie; les autres, quun des anciens prophètes est ressuscité."
LUK.9.20,"«Yesu abahɔdjɔkɔ: ibea ta tina e bino, okabaleni mbi nadi nda?» Piɛlɛ amosɔmbedjaka: «Wɛ odi Kilito o Ndjakomba.».","Et vous, leur demanda-t-il, qui dites-vous que je suis? Pierre répondit: Le Christ de Dieu."
LUK.9.21,Yesu abakebedjaka mɛnɛ badae pɛ botondea moto.,Jésus leur recommanda sévèrement de ne le dire à personne.
LUK.9.22,"Yesu abakeaka: «Eboani bo Mwana o Moto aoke saya enɛnɛ. Basuku ba ibonga bamolone, bakondji ba banganga ba Ndjakomba na balehi ba mobeko, bamodumbe bamowake ngɔngɔ isu i basato, apusoabi.».","Il ajouta quil fallait que le Fils de lhomme souffrît beaucoup, quil fût rejeté par les anciens, par les principaux sacrificateurs et par les scribes, quil fût mis à mort, et quil ressuscitât le troisième jour."
LUK.9.23,"Yesu abalaka na bu basusu: «Moto akapala bokimanani, asalone yo mɛnɛ atombe ekulusu e nde isu na isu ko akimaneni.","Puis il dit à tous: Si quelquun veut venir après moi, quil renonce à lui-même, quil se charge chaque jour de sa croix, et quil me suive."
LUK.9.24,"Tengasa moto opali boheledja bomɔ bo nde, abobungedjake; endolo yona wabungedjake bomɔ bo nde ta tina e mbi, aboheledjabi.","Car celui qui voudra sauver sa vie la perdra, mais celui qui la perdra à cause de moi la sauvera."
LUK.9.25,Tɛtɔ adiake moto nda ekadabo adie ngondo esusu ko abungedji kaoko akabedja mohelo mo nde?.,"Et que servirait-il à un homme de gagner tout le monde, sil se détruisait ou se perdait lui-même?."
LUK.9.26,"Moto akokani sɔni ko na mibalo mi mbi, Mwana o Moto pongono amokabi sɔni ehole eduabi yo na ekumu e nde, na e kumu e Sango ko na babwɛndji basɛnɔke.","Car quiconque aura honte de moi et de mes paroles, le Fils de lhomme aura honte de lui, quand il viendra dans sa gloire, et dans celle du Père et des saints anges."
LUK.9.27,"Nabali na nu soti: bakina badi iya bagwɛtebi, boso bo baenɛ Bokondji bo Ndjakomba.».","Je vous le dis en vérité, quelques-uns de ceux qui sont ici ne mourront point quils naient vu le royaume de Dieu."
LUK.9.28,"Ngɔngɔ i meako mimina, enɔkɔ masu bomwambe, Yesu abaeka Piɛlɛ, Yoane na Djake; akɛkɛ na bu ta diko i ikoli tine bongɔnɔ.","Environ huit jours après quil eut dit ces paroles, Jésus prit avec lui Pierre, Jean et Jacques, et il monta sur la montagne pour prier."
LUK.9.29,"Ehole edaka yo aongɔnɔ, boso bo nde bohombanaka moda mokina na bisendja bi nde bimeaka bipu ipɛɛ.","Pendant quil priait, laspect de son visage changea, et son vêtement devint dune éclatante blancheur."
LUK.9.30,"Gbundumo bato babae badaka basolana na nde, edaka Mose ko Elia.","Et voici, deux hommes sentretenaient avec lui: cétaient Moïse et Élie."
LUK.9.31,"Bahuamaka na ekumu e Ndjakomba. Badaka babala na Yesu tine mwɛngɔ mo nde mosuka, imua makokedjamake ta Yelusalɛmɛ.","qui, apparaissant dans la gloire, parlaient de son départ quil allait accomplir à Jérusalem."
LUK.9.32,"Piɛlɛ na binande bawɛkɛ hiɔ. Ehole esiswaka bo, baɛnɛkɛ ekumu e Ndjakomba ewhui Yesu na bami babae bia badaka na nde engbanga.","Pierre et ses compagnons étaient appesantis par le sommeil; mais, sétant tenus éveillés, ils virent la gloire de Jésus et les deux hommes qui étaient avec lui."
LUK.9.33,"Ehole egbɔtɔ bo na Yesu, Piɛlɛ abalaka na nde: «Molehi, edi bopele lodae ya, lopike ndako isato: emɔti tine wɛ, emɔti tine Mose, emɔti tine Elia.» Enakobea Pielɛ aidjebaka meako mibalaka yo.","Au moment où ces hommes se séparaient de Jésus, Pierre lui dit: Maître, il est bon que nous soyons ici; dressons trois tentes, une pour toi, une pour Moïse, et une pour Élie. Il ne savait ce quil disait."
LUK.9.34,"Ehole edaka yo abala bea, itute imɔti iduaka bobahua. Batingami baokaka bɔɔ bonɛnɛ aenɛ boo itute bobahua.","Comme il parlait ainsi, une nuée vint les couvrir; et les disciples furent saisis de frayeur en les voyant entrer dans la nuée."
LUK.9.35,"Ko moholi momɔti moimaka ta itute bobala: «Iyo adi Mwana o Mbi, iyo ohɔi mbi, mokani!».","Et de la nuée sortit une voix, qui dit: Celui-ci est mon Fils élu: écoutez-le!."
LUK.9.36,"Ehole esiaka moholi bobala, baenɛkɛ Yesu oko yo mɛnɛ. Ta ehole emina, batingami babombaka meako mimina ko baitɔndeaka nongo moto omɔti.","Quand la voix se fit entendre, Jésus se trouva seul. Les disciples gardèrent le silence, et ils ne racontèrent à personne, en ce temps-là, rien de ce quils avaient vu."
LUK.9.37,"Aya busa, bakinaka ikoli, emumu e bato baduaka asakana na Yesu.","Le lendemain, lorsquils furent descendus de la montagne, une grande foule vint au-devant de Jésus."
LUK.9.38,"Ta ndanda e bato bamina banɛnɛ, moto omɔti abangaka bogama: «Molehi, naongɔni, endja mwana o mbi, nadi na nde oko omɔti!.","Et voici, du milieu de la foule un homme sécria: Maître, je ten prie, porte les regards sur mon fils, car cest mon fils unique."
LUK.9.39,"Mbala isusu mwembo mobe mokamodumbe, ibea akaime bogama, mokamopukuse ko bosadumba ta kpɔtɔ, akaime boima masɔi ta monɔkɔ. Mwembo momina mokamokedje saya ko temomokine pɛpɛlɛ.","Un esprit le saisit, et aussitôt il pousse des cris; et lesprit lagite avec violence, le fait écumer, et a de la peine à se retirer de lui, après lavoir tout brisé."
LUK.9.40,"Naongɔnɔki batingami ba wɛ bamobengane, endolo bakokiti.».","Jai prié tes disciples de le chasser, et ils nont pas pu."
LUK.9.41,Yesu abalaka: «Bato ba milema mipipo ko bataki bodjo! Mbunoko ehole nda edabi mbi na nu? Naohɔneni mbunoko ehole nda?» Abalaka na moto omina: «Dua na mwana o wɛ iya.».,"Race incrédule et perverse, répondit Jésus, jusquà quand serai-je avec vous, et vous supporterai-je? Amène ici ton fils."
LUK.9.42,"Ehole aimeaka mwana mbuti na Yesu, mwembo mobe momopukusaka ko momodumbaka ta kpɔtɔ. Endolo Yesu abenganaka mwembo mobe momina, aheledjaka mwana ko amopaka adi sange e nde.","Comme il approchait, le démon le jeta par terre, et lagita avec violence. Mais Jésus menaça lesprit impur, guérit lenfant, et le rendit à son père."
LUK.9.43,"Ko bato basusu bakamoaka na ngulu enɛnɛ e Ndjakomba. Ko moto na moto adaka bokamoa na misusu mikɔkɔ Yesu, atɔndeaka batingami ba nde:.","Et tous furent frappés de la grandeur de Dieu. Tandis que chacun était dans ladmiration de tout ce que faisait Jésus, il dit à ses disciples:."
LUK.9.44,«Hokamedjani bopele meako midi mbi botɔndeani edɛdi: Mwana o Moto akabamake ta mɔmɔ ma bato.».,"Pour vous, écoutez bien ceci: Le Fils de lhomme doit être livré entre les mains des hommes."
LUK.9.45,"Endolo baidjebaka mibalo mimina, tengasa midika Adibo mbombi tine baidjebaka eka epalaka Yesu bobala; ko babangaka bohɔdjɔ Yesu tina emina.","Mais les disciples ne comprenaient pas cette parole; elle était voilée pour eux, afin quils nen eussent pas le sens; et ils craignaient de linterroger à ce sujet."
LUK.9.46,"Batingami badaka baboma kitɛ tine bodjeba: A ndanda e bobo, onɔi bina nde nda?.","Or, une pensée leur vint à lesprit, savoir lequel dentre eux était le plus grand."
LUK.9.47,"Yesu adjebaka midjɔ midaka bo balɛdjɛ, atombaka mwana mokɛkɛ omɔti, amoemeaka mbuti na nde.","Jésus, voyant la pensée de leur cœur, prit un petit enfant, le plaça près de lui."
LUK.9.48,"ko abatɔndeaka boo: «Moto yona oasɔi mwana iyo ta kombe e mbi, asɔi mbi mɛnɛ, na yona oasɔini, asɔi yona olomakani, tengasa yona onɔi mokɛkɛ ta tei e bino, yo anɔi monɛnɛ.».","et leur dit: Quiconque reçoit en mon nom ce petit enfant me reçoit moi-même; et quiconque me reçoit reçoit celui qui ma envoyé. Car celui qui est le plus petit parmi vous tous, cest celui-là qui est grand."
LUK.9.49,"Yoane abalaka na Yesu: «Molehi, loenɛki moto omɔti adaki abengana membo mibe na kombe e wɛ lohombaka lomosie, tine aditi naiso engbanga.».","Jean prit la parole, et dit: Maître, nous avons vu un homme qui chasse des démons en ton nom; et nous len avons empêché, parce quil ne nous suit pas."
LUK.9.50,"Endolo Yesu amosombedjaka: «Pɛ bomosiani, moto yona odi pɛ bolonani, edi tina e bino.».","Ne len empêchez pas, lui répondit Jésus; car qui nest pas contre vous est pour vous."
LUK.9.51,"Ehole ebatamaka masu ma Yesu bokina ngondo ye, atombaka meko boo akɛ ta Yelusalɛmɛ.","Lorsque le temps où il devait être enlevé du monde approcha, Jésus prit la résolution de se rendre à Jérusalem."
LUK.9.52,Alomaka balomami boso bo nde. Bato bamina bakɛ ko bakweaka ta ngando emɔti e Samalia tine bomobongedja midjɔ misusu.,"Il envoya devant lui des messagers, qui se mirent en route et entrèrent dans un bourg des Samaritains, pour lui préparer un logement."
LUK.9.53,"Endolo bato ba ngando emina balonaka bomoasɔ, tine adaka akɛ ta Yelusalɛmɛ.","Mais on ne le reçut pas, parce quil se dirigeait sur Jérusalem."
LUK.9.54,"Ehole eokaka Djake na Yoane bea, babalaka: «Kumu, opali lobee mosa modonge o diko, motite ko mobedje bato bamina?».","Les disciples Jacques et Jean, voyant cela, dirent: Seigneur, veux-tu que nous commandions que le feu descende du ciel et les consume?."
LUK.9.55,Yesu ahombanaka tine bobaendja bopele ko abadosaka.,"Jésus se tourna vers eux, et les réprimanda, disant: Vous ne savez de quel esprit vous êtes animés."
LUK.9.56,Ko bakɛkɛ ta ngando ekina.,"Car le Fils de lhomme est venu, non pour perdre les âmes des hommes, mais pour les sauver. Et ils allèrent dans un autre bourg."
LUK.9.57,"Ehole edaka bo na ndjea, moto omɔti abalaka na Yesu: «Kumu, mbi nokimanake ta bisika bisusu bakɛkɛ wɛ.».","Pendant quils étaient en chemin, un homme lui dit: Seigneur, je te suivrai partout où tu iras."
LUK.9.58,Yesu abalaka na nde: «Ebanga adi na makuku ko na mbulu ba diko badi na mopo; endolo mwana o moto yo aditi na polo e bosambea molo.».,"Jésus lui répondit: Les renards ont des tanières, et les oiseaux du ciel ont des nids: mais le Fils de lhomme na pas un lieu où il puisse reposer sa tête."
LUK.9.59,Yesu abalaka na moto okina: «kimani» Endolo moto omina amosɔmbedjaka: «Kumu pani enɔi nakɛ apusea Sange e mbi boso.».,"Il dit à un autre: Suis-moi. Et il répondit: Seigneur, permets-moi daller dabord ensevelir mon père."
LUK.9.60,"Yesu amosɔmbedjaka: «Kina bago bapuse bago, endolo wɛ kɛ aleha Bokumu bo Ndjakomba.».","Mais Jésus lui dit: Laisse les morts ensevelir leurs morts; et toi, va annoncer le royaume de Dieu."
LUK.9.61,"Moto okina abalaka na Yesu: «Kumu, napalaka nokimane, endolo pani enɔi nakɛ boiseana na denga i mbi.».","Un autre dit: Je te suivrai, Seigneur, mais permets-moi daller dabord prendre congé de ceux de ma maison."
LUK.9.62,Yesu amosɔmbendjaka: «Molieli o gbie talɛ mɛngɛ sangɔngɔ. Akaedja ngɔngɔ aboaniti na Bokumu bo Ndjakomba.».,"Jésus lui répondit: Quiconque met la main à la charrue, et regarde en arrière, nest pas propre au royaume de Dieu."
LUK.10.1,"Ngɔngɔ imina, Kumu ahɔkɔ batingami bakina tuku sambo na babae ko abalomaka babae babae, boso bo nde, ta bisika bisusu ibipalaka yo bokɛ.","Après cela, le Seigneur désigna encore soixante-dix autres disciples, et il les envoya deux à deux devant lui dans toutes les villes et dans tous les lieux où lui-même devait aller."
LUK.10.2,"Abatɔndeaka: «Mbuma ibobuka idi inɛnɛ ta gbie, endolo basali badi bakɛkɛ. Ongɔnɔni moswa gbie alome bakina basali ta gbie e nde.","Il leur dit: La moisson est grande, mais il y a peu douvriers. Priez donc le maître de la moisson denvoyer des ouvriers dans sa moisson."
LUK.10.3,Kɛni! Naolomini elenge bhata ta ndanda e swa.,"Partez; voici, je vous envoie comme des agneaux au milieu des loups."
LUK.10.4,"Pɛ botombani ibenga i palanga, sɛki kaoko sapato. Pɛ boiseani moto na ndjea.","Ne portez ni bourse, ni sac, ni souliers, et ne saluez personne en chemin."
LUK.10.5,"Okakweani ta ndako emɔti, balani boso boo: Bogo bodae ta ndako ye.","Dans quelque maison que vous entriez, dites dabord: Que la paix soit sur cette maison!."
LUK.10.6,"Moto o bogo akada ena, bogo bo bino badake adi yo; emiti da bea, bogo bo bino bosɔmbeakeni.","Et sil se trouve là un enfant de paix, votre paix reposera sur lui; sinon, elle reviendra à vous."
LUK.10.7,"Dani ta ndako emina, yakani ko mwakani ilua lopakeni bo; tengasa mosali aboani na iputi i nde. Pɛ bokweanani ndako na ndako.","Demeurez dans cette maison-là, mangeant et buvant ce quon vous donnera; car louvrier mérite son salaire. Nallez pas de maison en maison."
LUK.10.8,"Okaimeani ta ibonga imɔti ko bakoasɔni, yakani mia maopakeni bo;.","Dans quelque ville que vous entriez, et où lon vous recevra, mangez ce qui vous sera présenté."
LUK.10.9,heledjani bato ba bipeko ba ngando yena ko balani na bato ba ngando emina: Bokumu bo Ndjakomba boimei mbuti na nu.,"guérissez les malades qui sy trouveront, et dites-leur: Le royaume de Dieu sest approché de vous."
LUK.10.10,"Ehole ekweino ta ibonga imɔti, bamiti oasɔni kɛni ta ndjea e ibonga imina ko batɔndeani:.","Mais dans quelque ville que vous entriez, et où lon ne vous recevra pas, allez dans ses rues, et dites:."
LUK.10.11,"Dutu i ibonga i bino ikalimeaki ta mako ma biso, lodjibhubholi tine bosundoleani! Endolo, odjebeni bopele boo: Bokumu bo Ndjakomba boimei mbuti.",Nous secouons contre vous la poussière même de votre ville qui sest attachée à nos pieds; sachez cependant que le royaume de Dieu sest approché.
LUK.10.12,Nabali na nu: ehole esambedjabi Ndjakomba bato ba sɔdɔmɔ etumbo epabi yo bato bamina edabi epipo bonɔ bato ba Sɔdɔmɔ.».,Je vous dis quen ce jour Sodome sera traitée moins rigoureusement que cette ville-là.
LUK.10.13,"Ndjokwa na wɛ ibonga i Koladji! Ndjokwa na wɛ, ibonga i Betesaida! Tengasa, midjɔ mibokamoa imi makɔmɔkɔ adi no ekada mikɔmɔkɔ ta ibonga i Tula ko ta ibonga i Sidona, bato ba ibonga imina bapalaka bolwa sɛki na bada ta mihulu, tine boinedja boo bahombedja milema mi bobo.","Malheur à toi, Chorazin! Malheur à toi, Bethsaïda! Car, si les miracles qui ont été faits au milieu de vous avaient été faits dans Tyr et dans Sidon, il y a longtemps quelles se seraient repenties, en prenant le sac et la cendre."
LUK.10.14,"Na tina emina, ehole esambedjabi Ndjakomba bato, ibonga i Tula na i Sidona badiabi etumbo ekɛkɛ bonɔ no.","Cest pourquoi, au jour du jugement, Tyr et Sidon seront traitées moins rigoureusement que vous."
LUK.10.15,"Ko wɛ ibonga i Kapalanauma, odi bolɛdjɛ boo okɛbi o diko? Otitabi mbunoko ta makila!.","Et toi, Capernaüm, qui as été élevée jusquau ciel, tu seras abaissée jusquau séjour des morts."
LUK.10.16,"Yesu abalaka naikina na batingami ba nde: «Moto yona okeini, aokei mbi; yona olonini, aloni pongono mbi. Endolo yona olonini, aloni pongono mbi ko yona olomani.».","Celui qui vous écoute mécoute, et celui qui vous rejette me rejette; et celui qui me rejette rejette celui qui ma envoyé."
LUK.10.17,"Ehole, ehulaka batingami tuku sambo na babae, balumaka na sepi ko babalaka: «Kumu, nongo miembo mibe milosumi ta kombe wɛ!».","Les soixante-dix revinrent avec joie, disant: Seigneur, les démons mêmes nous sont soumis en ton nom."
LUK.10.18,Yesu abasɔmbedjaka: «Naenɛkɛ Satana bokwa ta kpɔtɔ donga o diko elenge mokalikali.,Jésus leur dit: Je voyais Satan tomber du ciel comme un éclair.
LUK.10.19,"Endjani, naopini ngulu e bodala ndjɔ, na koolo, na ngulu isusu i moloni ko pɛ eka emɔti eboaniti bokɔni bobe.","Voici, je vous ai donné le pouvoir de marcher sur les serpents et les scorpions, et sur toute la puissance de lennemi; et rien ne pourra vous nuire."
LUK.10.20,"Enakobea, pɛ bosepani oto tine boo miembo mibe miosumi, endolo sepani bonɔ mɛnɛ kombe i bino ikakomami ta busa.».","Cependant, ne vous réjouissez pas de ce que les esprits vous sont soumis; mais réjouissez-vous de ce que vos noms sont écrits dans les cieux."
LUK.10.21,"Oko ta ehole emina, Yesu alumaka na sepi e Mwembo Mosɛnɔke ko abalaka: Tata, Kumu o diko na ngondo, nokumedji; tine boo obombaka meako imi adi bato ba djebeli na bato ba bowɛi endolo omidjebedji na bato bakɛkɛkɛ. Tata, ta bwela bo wɛ, wadimaka boo edae oko ama wɛ bɔngedja.","En ce moment même, Jésus tressaillit de joie par le Saint-Esprit, et il dit: Je te loue, Père, Seigneur du ciel et de la terre, de ce que tu as caché ces choses aux sages et aux intelligents, et de ce que tu les as révélées aux enfants. Oui, Père, je te loue de ce que tu las voulu ainsi."
LUK.10.22,"«Sange mbi apa midjɔ misusu ta mɔmɔ ma mbi. Pɛ moto omɔti odjebi Mwana, dongedja oko Sango; ko pɛ moto odjebi Sango, dongedja oko Mwana ko bato bia ibadima Mwana bobangɔdjɔ.».","Toutes choses mont été données par mon Père, et personne ne connaît qui est le Fils, si ce nest le Père, ni qui est le Père, si ce nest le Fils et celui à qui le Fils veut le révéler."
LUK.10.23,"Ko Yesu ahombanaka ta pamba e batingami ba nde, abatɔndeaka oko bo mɛnɛ: «Sepi e miso mia maeni imi maenɛkɛno!.","Et, se tournant vers les disciples, il leur dit en particulier: Heureux les yeux qui voient ce que vous voyez!."
LUK.10.24,"Tine boo, notɔndeini bohu: Ba mbaeli ba Ndjakomba na bakondji banɛnɛ bahombaka boenɛ imi mienɛkɛno, endolo baimienɛ, bahombaka boka imi miokakano endolo baimioka.».","Car je vous dis que beaucoup de prophètes et de rois ont désiré voir ce que vous voyez, et ne lont pas vu, entendre ce que vous entendez, et ne lont pas entendu."
LUK.10.25,"Okina molehi o mobeko angɔkɔ tine bomeka Yesu. Abalaka na nde: «Molehi, nakɔe bo tine bodia bomɔ bo seko?».","Un docteur de la loi se leva, et dit à Jésus, pour léprouver: Maître, que dois-je faire pour hériter la vie éternelle?."
LUK.10.26,Yesu amosɔmbedjaka: «Ta buku e mobeko bakomi bo? Okamisipoe bo?».,Jésus lui dit: Quest-il écrit dans la loi? Quy lis-tu?.
LUK.10.27,"Amosɔmbedjaka: «Pala Kumu Ndjakomba o wɛ na molema mo wɛ mosusu, na mwembo mo wɛ mosusu, na ngulu e wɛ esusu ko na malɛno ma wɛ masusu. Ko pongono: Pala mwange e wɛ oko elenge akasapale wɛ mɛnɛ.».","Il répondit: Tu aimeras le Seigneur, ton Dieu, de tout ton cœur, de toute ton âme, de toute ta force, et de toute ta pensée; et ton prochain comme toi-même."
LUK.10.28,Ibea Yesu amosɔmbedjaka: «Osɔmbedji bopele. Kɔɔ oko bea odabi na bomɔ .».,"Tu as bien répondu, lui dit Jésus; fais cela, et tu vivras."
LUK.10.29,Endolo molehi o mobeko apalaka bosalongedja. Ibea ahɔdjɔkɔ Yesu: «Mwange e mbi nda?».,"Mais lui, voulant se justifier, dit à Jésus: Et qui est mon prochain?."
LUK.10.30,"Yesu asɔmbedjaka: «Moto omɔti adongaka ta Yelusalɛmɛ akɛkɛ ta ibonga i Yeliko. Na ndjea, asakanaka na bato babe ko bamopeaka, ba mokatoaka losusu lodaka na nde, bamobomakaka ko bakɛkɛ, bamokinaka mbuti na bogwa.","Jésus reprit la parole, et dit: Un homme descendait de Jérusalem à Jéricho. Il tomba au milieu des brigands, qui le dépouillèrent, le chargèrent de coups, et sen allèrent, le laissant à demi mort."
LUK.10.31,"Ekɔmɔkɔ na Nganga o Ndjakomba omɔti anɔkɔ ta ndjea emina, amoenɛkɛ ko amobambaka ta dɔngɔ i ndjea ekina ko akɛkɛ.","Un sacrificateur, qui par hasard descendait par le même chemin, ayant vu cet homme, passa outre."
LUK.10.32,"Molewi omɔti pongono aimeaka ta polo emina, amoenɛkɛ, amobambaka ta dɔngɔ i ndjea ekina ko akɛkɛ.","Un Lévite, qui arriva aussi dans ce lieu, layant vu, passa outre."
LUK.10.33,"Endolo mo Samalia yona odaka akɛe mo nde mɔndɔ, aimeaka mbuti na moto omina: amoenɛkɛ ko amokeaka ndjokwa.","Mais un Samaritain, qui voyageait, étant venu là, fut ému de compassion lorsquil le vit."
LUK.10.34,"Asalindaka mbuti na nde, asosaka pola i nde, aisopeaka munɛ na mana ma vino ko anangaka bandi. Amobakeaka ta diko i punda o nde, akɛkɛ na nde ta ndako ekasɔebo bakɛndɛli oho amosaloaka bopele.","Il sapprocha, et banda ses plaies, en y versant de lhuile et du vin; puis il le mit sur sa propre monture, le conduisit à une hôtellerie, et prit soin de lui."
LUK.10.35,"Aya busa, aiwaka denalio ibae, aipaka adi moto okabane ndako ekasɔe bo bakɛndɛli ko abalaka na nde: Mosaloa, ta ihule i mbi, nosɔmbedjake djia djisusu iboani na wɛ bobakea.».","Le lendemain, il tira deux deniers, les donna à lhôte, et dit: Aie soin de lui, et ce que tu dépenseras de plus, je te le rendrai à mon retour."
LUK.10.36,"Yesu abalaka: «A ndanda e bo basato, moto nda? Osinedja mwange e nde adi moto oboma bato babe nda?».",Lequel de ces trois te semble avoir été le prochain de celui qui était tombé au milieu des brigands?.
LUK.10.37,"Molehi o mobeko asɔmbedjaka: «Edi yona omokeaka ndjokwa.» Yesu abalaka na nde: «Kɛɛ, wɛ ko kɔɔ oko bea.».","Cest celui qui a exercé la miséricorde envers lui, répondit le docteur de la loi. Et Jésus lui dit: Va, et toi, fais de même."
LUK.10.38,"Ta ehole edaka Yesu na batingami ba nde na ndjea, akweaka ta ngando emɔti ko mwali omɔti bamobeaka Malata amoasɔkɔ ta ndako e nde.","Comme Jésus était en chemin avec ses disciples, il entra dans un village, et une femme, nommée Marthe, le reçut dans sa maison."
LUK.10.39,Yo adaka na mwange e nde o mwali kombe e nde Malia. Adaka na mobondo ta mako ma Kumu tine boka mibalo mi Yesu.,"Elle avait une sœur, nommée Marie, qui, sétant assise aux pieds du Seigneur, écoutait sa parole."
LUK.10.40,"Malata asatungeaka na mosala mo bokalea mia ta ndako. Aduaka ko abalaka: «Kumu, otaenɛkɛ bobe mwange e mbi mwali yana asundolini yo na misala misusu ta ndako? Mohɔdjɔ adoi akamoani.».","Marthe, occupée à divers soins domestiques, survint et dit: Seigneur, cela ne te fait-il rien que ma sœur me laisse seule pour servir? Dis-lui donc de maider."
LUK.10.41,"Kumu amosɔmbedjaka: «Malata, Malata, odi bosatungea ko bosinedja saya tine meako minɛnɛ.","Le Seigneur lui répondit: Marthe, Marthe, tu tinquiètes et tu tagites pour beaucoup de choses."
LUK.10.42,"Endolo modjɔ monɔi na tina: Malia ahɔi ibondo inɔi na bopele, bamokatoetebi.».","Une seule chose est nécessaire. Marie a choisi la bonne part, qui ne lui sera point ôtée."
LUK.11.1,"Busa bo mɔti, Yesu aongɔnɔkɔ ta polo ekina. Ehole esidjaka yo, motingami omɔti amohɔdjɔkɔ: «Kumu, loleha moda mo bongɔnɔ, elenge Yoane alehaka yo batingami ba nde.».","Jésus priait un jour en un certain lieu. Lorsquil eut achevé, un de ses disciples lui dit: Seigneur, enseigne-nous à prier, comme Jean la enseigné à ses disciples."
LUK.11.2,"Yesu abalaka na bu: «Ehole eongɔnɔkɔ no, balani: Sangwasu, kinabo bato basusu badjebe odi Ndjakomba Mosɛnɔke, Bokumu bo wɛ bodue!.","Il leur dit: Quand vous priez, dites: Père! Que ton nom soit sanctifié; que ton règne vienne."
LUK.11.3,"Lopa, engi busa, mia maboani na su.",Donne-nous chaque jour notre pain quotidien;.
LUK.11.4,"Loyɛ mabe ma biso, Elenge akayɛso pongono adi bia bakalokɔe bobe. Ko pɛ bololɔndɔ ta bomekama. ».","pardonne-nous nos péchés, car nous aussi nous pardonnons à quiconque nous offense; et ne nous induis pas en tentation."
LUK.11.5,"Yesu abalaka na bu naikina: «Ekadabo: omɔti ta ndanda e bino akada na mopalani, bea akɛi adi yo ta ndanda e bulu ko abali na nde: Mopalani, bekedjani miɛmbɛ misato.","Il leur dit encore: Si lun de vous a un ami, et quil aille le trouver au milieu de la nuit pour lui dire: Ami, prête-moi trois pains."
LUK.11.6,Omɔti o maninga o mbi aimeini naditi na eka e bomopa.,"car un de mes amis est arrivé de voyage chez moi, et je nai rien à lui offrir."
LUK.11.7,"Bea yona odaka ta ndako, amosɔmbedja: Kina botungeani! Ekukɛ edipami ehele, mbi na bana lowɛi, natabɔngɔ nagɔe tine bopa miɛmbɛ.","et si, de lintérieur de sa maison, cet ami lui répond: Ne mimportune pas, la porte est déjà fermée, mes enfants et moi sommes au lit, je ne puis me lever pour te donner des pains."
LUK.11.8,"Nabali na nu, atangɔke tine bomopa miɛmbɛ elɔke adi mopalani o nde, endolo angɔke tine itungea i nde ko amopake eka akambaka na nde.","je vous le dis, même sil ne se levait pas pour les lui donner parce que cest son ami, il se lèverait à cause de son importunité et lui donnerait tout ce dont il a besoin."
LUK.11.9,"Na bea mbi, nabalaka na nu: sɛngɛni, baopakeni; hombani, wadiakeni; bomani, bodipoakeni.","Et moi, je vous dis: Demandez, et lon vous donnera; cherchez, et vous trouverez; frappez, et lon vous ouvrira."
LUK.11.10,"Tengasa moto okahɔdje, akadie; yona okahombe, akenɛ; ko yona okabome bakamodipoe.","Car quiconque demande reçoit, celui qui cherche trouve, et lon ouvre à celui qui frappe."
LUK.11.11,"Ta ndanda e bino omɔti akada sange moto, aboani bopa ibate adi mwana o nde ta ehole emohɔdji yo moswi?.","Quel est parmi vous le père qui donnera une pierre à son fils, sil lui demande du pain? Ou, sil demande un poisson, lui donnera-t-il un serpent au lieu dun poisson?."
LUK.11.12,"Kaoko, akahɔdjɔ itɔ, aboani bomopa koolo?.","Ou, sil demande un œuf, lui donnera-t-il un scorpion?."
LUK.11.13,"Nongo ekada bea ino bato babe odjebini bopa bana ba bino leka lopele; edabi bo adi Sange bino yona odi ta busa, apɛtebi Mwembo Mosɛnɔke adi bia bakamohɔdje!».","Si donc, méchants comme vous lêtes, vous savez donner de bonnes choses à vos enfants, à combien plus forte raison le Père céleste donnera-t-il le Saint-Esprit à ceux qui le lui demandent."
LUK.11.14,"Busa bomɔti Yesu abenganaka mwembo mobe imua moimedjaka momi omɔti emimi. Ehole eimaka mwembo mobe momina, emimi abalaka, emumu e bato bakamoaka.","Jésus chassa un démon qui était muet. Lorsque le démon fut sorti, le muet parla, et la foule fut dans ladmiration."
LUK.11.15,"Endolo ekenge e bato babalaka: «Edi Bɛlɛdjɛbulɛ, mokondji o miembo mibe, yo moto okamopɛ ngulu ebobengana miembo mibe!».","Mais quelques-uns dirent: cest par Béelzébul, le prince des démons, quil chasse les démons."
LUK.11.16,"Bakina, ta bopikea Yesu elambo babalaka: «kɔɔ embete boinedja boo ngulu e wɛ adongaka ta busa adi Ndjakomba.».","Et dautres, pour léprouver, lui demandèrent un signe venant du ciel."
LUK.11.17,"Endolo elenge Yesu adjebaka malɛnɔ ma bobo, abalaka na bu: Bokumu bosusu bokasakabane suka e bu bokanangane; ndako djimina djikakwɛ ta diko i ndako djikina.","Comme Jésus connaissait leurs pensées, il leur dit: Tout royaume divisé contre lui-même est dévasté, et une maison sécroule sur une autre."
LUK.11.18,"Ekada satana asakabani yo mɛnɛ, moda nda bokumu bo nde boboani boyeyoa? Obalini edi na ngulu e Bɛlɛdjɛbulɛ abenganaka na mbi satana?.","Si donc Satan est divisé contre lui-même, comment son royaume subsistera-t-il, puisque vous dites que je chasse les démons par Béelzébul?."
LUK.11.19,"Ko mbi nakabengane miembo mibe na ngulu e Bɛlɛdjɛbulɛ, bana ba bino, ba kabengane na ngulu e nda? Na tina emina badabi bo bɛnɛ badjudji ba bino.","Et si moi, je chasse les démons par Béelzébul, vos fils, par qui les chassent-ils? Cest pourquoi ils seront eux-mêmes vos juges."
LUK.11.20,"Endolo ekada na ngulu e Ndjakomba nakabengane miembo mibe, edi boo Bokumu bo Ndjakomba bobatami mbuti na nu.","Mais, si cest par le doigt de Dieu que je chasse les démons, le royaume de Dieu est donc venu vers vous."
LUK.11.21,"Ehole edi moto o ngulu na bipeko bi bila ta ndako e nde, leka lo nde losusu lodi ta e bana.","Lorsquun homme fort et bien armé garde sa maison, ce quil possède est en sûreté."
LUK.11.22,"Endolo moto omonɔi na ngulu akaimea akamolongea, amokatoake bipeko bi bila bisaki yo molema ko akabanake losusu lomokatoi yo.","Mais, si un plus fort que lui survient et le dompte, il lui enlève toutes les armes dans lesquelles il se confiait, et il distribue ses dépouilles."
LUK.11.23,«Moto odi pɛ bopalani adi moloni o mbi; ko yona odi pɛ boda elenge mbi akakabane.».,"Celui qui nest pas avec moi est contre moi, et celui qui nassemble pas avec moi disperse."
LUK.11.24,"«Ehole eimi mwembo mobe adi moto, mokɛi alebalebe ta etengelenge, bohomba polo e iheme. Endolo emiti dia, ekasabalei: Nadoi asɔmbɔ ta ndako, yena eima mbi.","Lorsque lesprit impur est sorti dun homme, il va dans des lieux arides, pour chercher du repos. Nen trouvant point, il dit: Je retournerai dans ma maison doù je suis sorti;."
LUK.11.25,"Ehole eimeake mo, ataneaka ndako eombɔmɔke edi ebɔngedjamake bopele.","et, quand il arrive, il la trouve balayée et ornée."
LUK.11.26,"Ibea akɛke atomba miembo sambo mimonɔi na bobe; bakweake ta ndako ko badake ena. Suka, e moto yona edi boimea bobe bonɔ moda modaki yo boso.».","Alors il sen va, et il prend sept autres esprits plus méchants que lui; ils entrent dans la maison, sy établissent, et la dernière condition de cet homme est pire que la première."
LUK.11.27,"Ehole edaka Yesu abala meako mia, mwali omɔti ta emumu e bato agamaka: «Sepi adi mwali oloa demi i wɛ ko onungea mabɛ!».","Tandis que Jésus parlait ainsi, une femme, élevant la voix du milieu de la foule, lui dit: Heureux le sein qui ta porté! Heureuses les mamelles qui tont allaité!."
LUK.11.28,Endolo Yesu asɔmbedjaka: «Sepi edi adi bia bokaka mobalo mo Ndjakomba ko bamosaleaka.».,"Et il répondit: Heureux plutôt ceux qui écoutent la parole de Dieu, et qui la gardent!."
LUK.11.29,"Elenge emumu e bato ehikaka Yesu, aimeaka bobala na bu: «Bato ba ehole ye badi babe. Bahɔdjɔkɔ embete e ngindola, endolo pɛ nongo embete e ngindola ekina ekɔmetebi; emitida oko embete e ngindola e Yona.","Comme le peuple samassait en foule, il se mit à dire: Cette génération est une génération méchante; elle demande un miracle; il ne lui sera donné dautre miracle que celui de Jonas."
LUK.11.30,"Enakobea, Yona adaka embete tina e bato ba Niniwe, oko moda momina Mwana o moto adake embete tina e bato ba ehole ye.","Car, de même que Jonas fut un signe pour les Ninivites, de même le Fils de lhomme en sera un pour cette génération."
LUK.11.31,"Ta busa bo esambi, mokondji mwali o sude angɔbi engbanga na bato ba ehole ye ko abapundabi. Tine boo adonga ta suka e ngondo tine booka mibalo midjebeli e Salomo; enakobea iyo oemi ya anɔi Salomo na bonɛnɛ.","La reine du Midi se lèvera, au jour du jugement, avec les hommes de cette génération et les condamnera, parce quelle vint des extrémités de la terre pour entendre la sagesse de Salomon; et voici, il y a ici plus que Salomon."
LUK.11.32,"Ta busa bo esambi, bato ba Niniwe bangɔbi ta boso bo bato ba ehole ye ko babapundabi. Tengasa bato ba Niniwe bahombedja mida ehole eokabo eleho e Yona. Ko enakobea odi ya anɔi Yona na bonɛnɛ!».","Les hommes de Ninive se lèveront, au jour du jugement, avec cette génération et la condamneront, parce quils se repentirent à la prédication de Jonas; et voici, il y a ici plus que Jonas."
LUK.11.33,«Moto omɔti ta bwanedje molinda tine bomobomba kaoko bomokunda na katini. Enako bea bakamosɛpɛe ta esɛpɛi tine bato bia bakweake ta ndako baɛnɛ bohu.,"Personne nallume une lampe pour la mettre dans un lieu caché ou sous le boisseau, mais on la met sur le chandelier, afin que ceux qui entrent voient la lumière."
LUK.11.34,"Miso ma wɛ madi molinda mo mokuku: Ehole edi miso ma wɛ bopele, mokuku mosusu modi ta bohu; endolo miso ma wɛ makada na epeko na bea mokuku mo wɛ pongono modi ta modidi.","Ton œil est la lampe de ton corps. Lorsque ton œil est en bon état, tout ton corps est éclairé; mais lorsque ton œil est en mauvais état, ton corps est dans les ténèbres."
LUK.11.35,"Na bea, kɔɔ engɛlɛ na bohu bua bodi ta tei e wɛ bosakadipama na modidi.",Prends donc garde que la lumière qui est en toi ne soit ténèbres.
LUK.11.36,"Ekada mokuku mo wɛ mosusu modi ta bohu, ko pɛ nongo ekenge emɔti edi ta modidi, mokuku mosusu mo wɛ modi ta bohu, elenge molinda akabwanedje mo mokuku na bohu bo nde.».","Si donc tout ton corps est éclairé, nayant aucune partie dans les ténèbres, il sera entièrement éclairé, comme lorsque la lampe téclaire de sa lumière."
LUK.11.37,"Ehole esidjaka Yesu bobala, Mopalusai omɔti amohɔdjɔkɔ akayaka ta ndako e nde. Yesu akweaka ko adaka ta mesa.","Pendant que Jésus parlait, un pharisien le pria de dîner chez lui. Il entra, et se mit à table."
LUK.11.38,Mopalusai akamoaka yana aenɛkɛ yo Yesu ayaka pɛ bososa mɔmɔ.,Le pharisien vit avec étonnement quil ne sétait pas lavé avant le repas.
LUK.11.39,"Kumu abalaka na nde: «Endja, ino Bapalusai: okasoseni sokolu e kɔbɔ ko na sani, endolo ta tei olumini na posa i boiba ko milema mibe.","Mais le Seigneur lui dit: Vous, pharisiens, vous nettoyez le dehors de la coupe et du plat, et à lintérieur vous êtes pleins de rapine et de méchanceté."
LUK.11.40,Bato bataka e mawɛi! Yona okɔi sokolu akɔiti otei?.,Insensés! Celui qui a fait le dehors na-t-il pas fait aussi le dedans?.
LUK.11.41,"Pani adi batakeli ilodi ta kɔbɔ ko ta sani i bino, ko losusu ladake losɛnɔke tina e bino.","Donnez plutôt en aumônes ce qui est dedans, et voici, toutes choses seront pures pour vous."
LUK.11.42,"«Ndjokwa na nu bapalusai! Okapɛni adi Ndjakomba ekenge emɔti na domi e ndjua elenge matungulu, pongono na mida misusu mi ndjua. Endolo okaboseni bodjo ko bopala Ndjakomba: edi midjɔ miboani na nu bokɔ, endolo napɛ bobosanani mia mikina.","Mais malheur à vous, pharisiens! Parce que vous payez la dîme de la menthe, de la rue, et de toutes les herbes, et que vous négligez la justice et lamour de Dieu: cest là ce quil fallait pratiquer, sans omettre les autres choses."
LUK.11.43,"«Ndjokwa na nu, bapalusai! Okapaleni polo i gala ta sinagoga ko okapaleni bodima ndese i isuma ta polo i bhuda.","Malheur à vous, pharisiens! Parce que vous aimez les premiers sièges dans les synagogues, et les salutations dans les places publiques."
LUK.11.44,Ndjokwa na nu! Odini elenge makila mataki embete ko bakamadalakake napɛ bodjeba!».,"Malheur à vous! Parce que vous êtes comme les sépulcres qui ne paraissent pas, et sur lesquels on marche sans le savoir."
LUK.11.45,"Okina molehi o mobeko abalaka na nde: «Molehi, yana abalaka wɛ bea, olosingi!».","Un des docteurs de la loi prit la parole, et lui dit: Maître, en parlant de la sorte, cest aussi nous que tu outrages."
LUK.11.46,Yesu asɔmbedjaka: «Ndjokwa na nu pongono balehi ba mobeko! Okaloadjeni bato mina mi mandi mia mikadae no pɛ bobɛndjɛni nongo na sɔngɔ e mosapi!.,"Et Jésus répondit: Malheur à vous aussi, docteurs de la loi! Parce que vous chargez les hommes de fardeaux difficiles à porter, et que vous ne touchez pas vous-mêmes de lun de vos doigts."
LUK.11.47,"Ndjokwa na nu! Okatongeni makila ma ba mbaeli ba Ndjakomba, enakobea edi ba sangwanu bato ba bowa!.","Malheur à vous! Parce que vous bâtissez les tombeaux des prophètes, que vos pères ont tués."
LUK.11.48,"Na tina emina wainedjakani misala mi ba sangwanu. Tengasa ibo baowa ba mbaeli ba Ndjakomba ko ino, watongakani makila ma bobo!.","Vous rendez donc témoignage aux œuvres de vos pères, et vous les approuvez; car eux, ils ont tué les prophètes, et vous, vous bâtissez leurs tombeaux."
LUK.11.49,"Na tina emina Ndjakomba na djebeli e nde, abalaka: Nabalomeabi ba mbaeli ba Ndjakomba na bapɔsɔlu: baowabi ekenge ekina ko bonɔngedja bakina.",Cest pourquoi la sagesse de Dieu a dit: Je leur enverrai des prophètes et des apôtres; ils tueront les uns et persécuteront les autres.
LUK.11.50,"Na tina emina, bato ba ehole ye baputabi lindo e makia ma ba mbaeli ba Ndjakomba basusu donga ta mbangi e ngondo.",afin quil soit demandé compte à cette génération du sang de tous les prophètes qui a été répandu depuis la création du monde.
LUK.11.51,"Donga makia ma Abɛlɛ mbunoko makia ma Djakalia, yona owabo ta polo ekatumbebo mbeka ko ta polo esɛnɔke. Soti, nabali na nu, bato ba ehole ye batombabi mandi ma makia ma ba mbaeli ba Ndjakomba basusu ibowa bo!.","depuis le sang dAbel jusquau sang de Zacharie, tué entre lautel et le temple; oui, je vous le dis, il en sera demandé compte à cette génération."
LUK.11.52,«Ndjokwa tina e bino balehi ba mobeko! Odongedjani pongola djebeli; ino bɛnɛ oikweani ko oipani ndjea adi bato ibapalaka bokwea.».,"Malheur à vous, docteurs de la loi! Parce que vous avez enlevé la clef de la science; vous nêtes pas entrés vous-mêmes, et vous avez empêché dentrer ceux qui le voulaient."
LUK.11.53,"Ehole eima Yesu ta ndako emina, balehi ba mobeko na bapalusai badaka na kɛlɛ na nde epipo badaka bamohɔdjɔ mahɔdjɔ tungu na tungu:.","Quand il fut sorti de là, les scribes et les pharisiens commencèrent à le presser violemment, et à le faire parler sur beaucoup de choses."
LUK.11.54,"badaka bomomeka, bɛngi badie mo ekenge o kɔpi ebe ekaima ta monɔkɔ mo nde.","lui tendant des pièges, pour surprendre quelque parole sortie de sa bouche."
LUK.12.1,"Oko ta ehole emina, koto na koto i bato baputoanaka ena, polo eboisa mako eidaka. Yesu abalaka boso na batingami ba nde: «Dani na edinga, na levile e bapalusai, badi ndjɔ o melo mibae.","Sur ces entrefaites, les gens sétant rassemblés par milliers, au point de se fouler les uns les autres, Jésus se mit à dire à ses disciples: Avant tout, gardez-vous du levain des pharisiens, qui est lhypocrisie."
LUK.12.2,"Misusu mibolama mienɛmɛbi, misusu mi mbombi midjebamabi.","Il ny a rien de caché qui ne doive être découvert, ni de secret qui ne doive être connu."
LUK.12.3,"Na tina emina, misusu mabalake no ta modidi miokamabi ta moyi; ko misusu mibalabi no na popoli ta itoi, ta bikenge bi ndako bidipamake mibalamabi ta diko i ndako.».","Cest pourquoi tout ce que vous aurez dit dans les ténèbres sera entendu dans la lumière, et ce que vous aurez dit à loreille dans les chambres sera prêché sur les toits."
LUK.12.4,"«Notɔndeini, baningani: Pɛ bobangani bia bakowoe mokuku, tine boo baboaniti bokɔ eka ekina.","Je vous dis, à vous qui êtes mes amis: Ne craignez pas ceux qui tuent le corps et qui, après cela, ne peuvent rien faire de plus."
LUK.12.5,"Napalaka noinedjeni moto oboani na nu bobanga. Bangani yona, ngɔngɔ i bowa, adi na kpatsi e bodumbani ta mosa mo ipelu. Soti, nabali na nu, edi yo oboani na nu bobanga!.","Je vous montrerai qui vous devez craindre. Craignez celui qui, après avoir tué, a le pouvoir de jeter dans la géhenne; oui, je vous le dis, cest lui que vous devez craindre."
LUK.12.6,"«Te batɛke ba mbulu batano na palanga i bibende na motuya modi pɛ tina? Enakobea, Ndjakomba ta bose nongo mbulu omɔti.","Ne vend-on pas cinq passereaux pour deux sous? Cependant, aucun deux nest oublié devant Dieu."
LUK.12.7,Akadjebe nongo motuya mo swee i bino. Pɛ bobangani: onɔini mbulu bia na tina!».,Et même les cheveux de votre tête sont tous comptés. Ne craignez donc point: vous valez plus que beaucoup de passereaux.
LUK.12.8,Nabali na nu: moto obalabi ta boso bo bato: «Mbi nadi o Yesu;» ibea Mwana o Moto abalabi na nde pongono ta miso ma babwɛndji ba Ndjakomba: «Moto yona adi o mbi.».,"Je vous le dis, quiconque me confessera devant les hommes, le Fils de lhomme le confessera aussi devant les anges de Dieu;."
LUK.12.9,Endolo moto akabala ta miso ma bato: «Mbi naditi o Yesu;» ibea Mwana o Moto abalabi na nde pongono ta miso ma babwɛndji ba Ndjakomba: «Moto yona aditi o mbi.».,mais celui qui me reniera devant les hommes sera renié devant les anges de Dieu.
LUK.12.10,Ko moto yona obalabi bobe ta tina e Mwana o Moto ayɛmɛbi; endolo yona osingabi Mwembo Mosɛnɔke ayɛmetebi.,"Et quiconque parlera contre le Fils de lhomme, il lui sera pardonné; mais à celui qui blasphémera contre le Saint-Esprit il ne sera point pardonné."
LUK.12.11,"«Ehole eotombabini bo ta ba sinagoga kaoko ta boso bo bakondji bɛngi bosambedjeni, pɛ bosatungeani na eka edi no bobala ta ehole edi no bosamba.","Quand on vous mènera devant les synagogues, les magistrats et les autorités, ne vous inquiétez pas de la manière dont vous vous défendrez ni de ce que vous direz;."
LUK.12.12,Tengasa Mwembo Mosɛnɔke aolehabini ta ehole yena eka eboani na nu bobala.».,car le Saint-Esprit vous enseignera à lheure même ce quil faudra dire.
LUK.12.13,"A ndanda e bato, moto omɔti abalaka na Yesu: «Molehi, bala na mwange e mbi akabane bodieli bokina sange biso.».","Quelquun dit à Jésus, du milieu de la foule: Maître, dis à mon frère de partager avec moi notre héritage."
LUK.12.14,Yesu amosɔmbedjaka: «Omina ohɔini mosambedji koako mokati o midjɔ mi bodieli bo bino nda?».,"Jésus lui répondit: O homme, qui ma établi pour être votre juge, ou pour faire vos partages?."
LUK.12.15,"Ko abalaka na bu basusu: «Kɔni engɛlɛ! Tengasa osaka dani na posa ebolumedja bodieli, mohelo mo moto moditi tine bodieli bodi na nde.».","Puis il leur dit: Gardez-vous avec soin de toute avarice; car la vie dun homme ne dépend pas de ses biens, fût-il dans labondance."
LUK.12.16,Abatɔndeaka isɛ imɔti: «Modieli omɔti adaka na gbie e nde emoboteaka mbuma djinɛnɛ.,Et il leur dit cette parabole: Les terres dun homme riche avaient beaucoup rapporté.
LUK.12.17,Adaka alɛdjɛ ko bosahɔdjɔ: Nakɔe bo? Naditi na polo e bobomba mbuma i mbi.,"Et il raisonnait en lui-même, disant: Que ferai-je? Car je nai pas de place pour serrer ma récolte."
LUK.12.18,"Ngɔngɔ abalaka endja: Eka eboani na mbi bokɔ: Nabukake ndako i boso, na tongake inɔi na bonɛnɛ, bɛngi naise mbuma i mbi ibule ko na madieli makina oho.","Voici, dit-il, ce que je ferai: jabattrai mes greniers, jen bâtirai de plus grands, jy amasserai toute ma récolte et tous mes biens;."
LUK.12.19,"Ngɔngɔ, asabaleaka yo mɛnɛ: O, mohelo mo mbi olumi na bodieli bonɛnɛ tine bianga binɛnɛ! Pɛ bosatungea naikina, yaka, mwaka ko sepa.","et je dirai à mon âme: Mon âme, tu as beaucoup de biens en réserve pour plusieurs années; repose-toi, mange, bois, et réjouis-toi."
LUK.12.20,"Endolo Ndjakomba abalaka na nde: Moto otaka e bowɛi! Oko ta bulu bu wagwaka. Ko na bea, lolumedja wɛ lodikabi na nda?».","Mais Dieu lui dit: Insensé! Cette nuit même ton âme te sera redemandée; et ce que tu as préparé, pour qui cela sera-t-il?."
LUK.12.21,"Edi oko bea adi moto yona okabombe leka tine e nde yo mɛnɛ, endolo aditi modieli ta miso ma Ndjakomba.","Il en est ainsi de celui qui amasse des trésors pour lui-même, et qui nest pas riche pour Dieu."
LUK.12.22,"Ngɔngɔ Yesu abalaka na batingami ba nde: «Endjani eka abalaka mbi na nu: pɛ bosatungeani ta mohelo mo bino, tine leka loboyaka. Pɛ bosatungeani na mikuku mi bino, tine bisendja bibolwa.","Jésus dit ensuite à ses disciples: Cest pourquoi je vous dis: Ne vous inquiétez pas pour votre vie de ce que vous mangerez, ni pour votre corps de quoi vous serez vêtus."
LUK.12.23,"Tengasa mohelo monɔi mia na motuya, ko mokuku monɔi bisendja na motuya.","La vie est plus que la nourriture, et le corps plus que le vêtement."
LUK.12.24,"Endjani bingbondo: Tebaone gbie, tebabukake eka emɔti, editi na ndako e bobomba leka ko editi na ndako; endolo Ndjakomba akabayedje. Na bea ino onɔitini mbulu, na tina?.","Considérez les corbeaux: ils ne sèment ni ne moissonnent, ils nont ni cellier ni grenier; et Dieu les nourrit. Combien ne valez-vous pas plus que les oiseaux!."
LUK.12.25,"Ndani ta tei e bino, aboani bokaedja masu ma nde ma mohelo, nabokɛsɛdji bodi na nde?.","Qui de vous, par ses inquiétudes, peut ajouter une coudée à la durée de sa vie?."
LUK.12.26,"Omitidani na mwɛngi mo bokɔ moeka mokɛkɛ, tina nda odini bosatungeani na lokina?.","Si donc vous ne pouvez pas même la moindre chose, pourquoi vous inquiétez-vous du reste?."
LUK.12.27,"Endjani moda mokatɔe pulɛlɛ: Te i salake, ko te djisatongeake bisendja. Endolo, notɔndeakani, nongo Salomo ta bokumu bo nde bosusu, ailwa nongo bisendja bipele bokokana na pulɛlɛ.","Considérez comment croissent les lis: ils ne travaillent ni ne filent; cependant je vous dis que Salomon même, dans toute sa gloire, na pas été vêtu comme lun deux."
LUK.12.28,Ekadabo Ndjakomba akaloadje ndjani idi busa bu ta gbie ko puma djadumbamake ta mosa: aboaniti bolwadja no? Bato ba bodima bokɛkɛ!.,"Si Dieu revêt ainsi lherbe qui est aujourdhui dans les champs et qui demain sera jetée au four, à combien plus forte raison ne vous vêtira-t-il pas, gens de peu de foi?."
LUK.12.29,Pɛ bosatungeakani: Ayake so nde? Amwake so nde? Alwake so nde.,"Et vous, ne cherchez pas ce que vous mangerez et ce que vous boirez, et ne soyez pas inquiets."
LUK.12.30,"Edi bato bakadae pɛ bodjeba Ndjakomba bakasatungee na meako mimina mi ngondo bihole bisusu. Endolo ta tina e bino, Sange e bino akadjebe boo odini na lu na posa.","Car toutes ces choses, ce sont les païens du monde qui les recherchent. Votre Père sait que vous en avez besoin."
LUK.12.31,Hombani boso bokumu bo Ndjakomba ko losusu lodiki lopamabi na nu.».,Cherchez plutôt le royaume de Dieu; et toutes ces choses vous seront données par-dessus.
LUK.12.32,"Pɛ bobangani, engbanga e bhata ekɛkɛ! Tengasa Sange e bino asepi bopani Bokumu.","Ne crains point, petit troupeau; car votre Père a trouvé bon de vous donner le royaume."
LUK.12.33,"Tɛkɛni leka lo bino ko pani palanga adi batakeli. Bombani leka lo bino ta ibenga ikadae pɛ bobeha, bombani bodieli bo bino ta busa, oho moibi ataimea ko sɛ batabedja.","Vendez ce que vous possédez, et donnez-le en aumônes. Faites-vous des bourses qui ne susent point, un trésor inépuisable dans les cieux, où le voleur napproche point, et où la teigne ne détruit point."
LUK.12.34,"Tengasa polo edi bodieli bo wɛ, adi molema mo wɛ oko ena.","Car là où est votre trésor, là aussi sera votre cœur."
LUK.12.35,«Salingoani ta mosala ko sangatanani boo milinda mi bino midae bihole bisusu mibwanake.,"Que vos reins soient ceints, et vos lampes allumées."
LUK.12.36,"Dani elenge basali bia bambaka ihule i Kumu o bobo yona ahulake ta tɛkɛ e moki, na tina e bomodipoa ekukɛ ta ehole aimeake yo ko abomake yo ekukɛ.","Et vous, soyez semblables à des hommes qui attendent que leur maître revienne des noces, afin de lui ouvrir dès quil arrivera et frappera."
LUK.12.37,"Sepi adi basali ta ihule i Kumu o bobo abataneake badi mosu! Nabali na nu, edi soti: alwabi bisendja bi mosala, abadedjabi ta mesa ko abapabi mia ma boyaka.","Heureux ces serviteurs que le maître, à son arrivée, trouvera veillant! Je vous le dis en vérité, il se ceindra, les fera mettre à table, et sapprochera pour les servir."
LUK.12.38,"Ekadabo ahuli na bulu kaoko ta kɔkɔ o boso, akabatanea mosu, yana mɛnɛ adabi na basali na sepi!».","Quil arrive à la deuxième ou à la troisième veille, heureux ces serviteurs, sil les trouve veillant!."
LUK.12.39,"«Djebani bopele mɛnɛ: ekada boo Moswa ndako akadjeba ehole eboani moibi bo dua, atakinake boo akwe ta ndako e nde.","Sachez-le bien, si le maître de la maison savait à quelle heure le voleur doit venir, il veillerait et ne laisserait pas percer sa maison."
LUK.12.40,"Ino pongono, sangatanani tengasa Mwana o Moto aduabi ta ehole edi no pɛ bolɛdjɛ.».","Vous aussi, tenez-vous prêts, car le Fils de lhomme viendra à lheure où vous ny penserez pas."
LUK.12.41,"Piɛlɛ abalaka: «Kumu, edi tine biso abalaka na wɛ isɛ i mina kaoko tine bato basusu?».","Pierre lui dit: Seigneur, est-ce à nous, ou à tous, que tu adresses cette parabole?."
LUK.12.42,"Kumu asɔmbedjaka: «Mosali okaisebo molema ko na bowɛi adi nda? Edi yona, kumu amopabi mosala mobosɛndjɛlɛ ndako ko bopa adi bakina basali ma bobo mia ta ehole eboani.","Et le Seigneur dit: Quel est donc léconome fidèle et prudent que le maître établira sur ses gens, pour leur donner la nourriture au temps convenable?."
LUK.12.43,"Sepi na mosali, yona ta ihule i Kumu o nde, amotaneake adi ta mosala!.","Heureux ce serviteur, que son maître, à son arrivée, trouvera faisant ainsi!."
LUK.12.44,"Ta Soti, nabali na nu, Kumu amopabi kpatsi ebobanea leka lo nde losusu.","Je vous le dis en vérité, il létablira sur tous ses biens."
LUK.12.45,"Endolo ekada boo mosali mwali asabalei ta molema: kumu o mbi atahulake edɛdi; aimei bonɔngedja basali bamina bali, boyaka, bomwaka ko bolangoa;.","Mais, si ce serviteur dit en lui-même: Mon maître tarde à venir; sil se met à battre les serviteurs et les servantes, à manger, à boire et à senivrer."
LUK.12.46,Bea kumu o nde ahulabi ta isu idi mosali pɛ bodjeba; amopabi etumbo epipo ko amoisabi ta molɔngɔ mo basali babe.,"le maître de ce serviteur viendra le jour où il ne sy attend pas et à lheure quil ne connaît pas, il le mettra en pièces, et lui donnera sa part avec les infidèles."
LUK.12.47,"Mosali yona okadjebe midjɔ mikapale kumu o nde, endolo amiti mikɔ na bokokedja posa e kumu o nde akɛsɛmɛbi mbalake djinɛnɛ.","Le serviteur qui, ayant connu la volonté de son maître, na rien préparé et na pas agi selon sa volonté, sera battu dun grand nombre de coups."
LUK.12.48,"Tengasa, yona okadae pɛ bodjeba bokɔ midjɔ mikapale kumu ko akɔi meako miboani na nde bodiha etumbo; bamokɛsɛbi mbalake djikɛkɛ. Adi moto ndani odihi lonɛnɛ, bamosɛngɛbi lonɛnɛ: basɛngɛke adi moto boboana nalodihi yo.».","Mais celui qui, ne layant pas connue, a fait des choses dignes de châtiment, sera battu de peu de coups. On demandera beaucoup à qui lon a beaucoup donné, et on exigera davantage de celui à qui lon a beaucoup confié."
LUK.12.49,«Mbi nadua tine boisa mosa ta ngondo. Posa e mbi edi na moenɛ mabwana!.,"Je suis venu jeter un feu sur la terre, et quai-je à désirer, sil est déjà allumé?."
LUK.12.50,Natungi nadie inelo imɔti ko molema mo mbi modi na mosa tine boo napakini ainama!.,"Il est un baptême dont je dois être baptisé, et combien il me tarde quil soit accompli!."
LUK.12.51,"Olɛdjini nadua apa bogo ta ngondo? Ngasa, nabali na nu, nadoi agbɔtodja.","Pensez-vous que je sois venu apporter la paix sur la terre? Non, vous dis-je, mais la division."
LUK.12.52,"Tengasa, donga iya edɛdi batano ta ndako emɔti bagbɔtɔbi: basato bolona babae, ko babae bolona basato;.","Car désormais cinq dans une maison seront divisés, trois contre deux, et deux contre trois;."
LUK.12.53,"Sange e moto agbɔtɔbi na mwana o nde ko mwana agbɔtɔbi na sange e nde; nange moto agbɔtɔbi na mwana o nde o mwali ko mwana mwali agbɔtɔbi na nange e nde; bokio bo mwali agbɔtɔbi na mwali o mwana o nde momi, mwali o mwana o nde momi agbɔtɔbi na bokio bo nde mwali .».","le père contre le fils et le fils contre le père, la mère contre la fille et la fille contre la mère, la belle-mère contre la belle-fille et la belle-fille contre la belle-mère."
LUK.12.54,"Abalaka naikina na emumu e bato: «Ehole enino itute iangɔi ta pamba ekasame modakabusa, okabaleni: Mbua adoi akwa ko ekakɔme oko bea.","Il dit encore aux foules: Quand vous voyez un nuage se lever à loccident, vous dites aussitôt: La pluie vient. Et il arrive ainsi."
LUK.12.55,"Ko ehole enino mopɛpɛ modongi ta satina, okabaleni: Busa bu edjungu edake epipo, ko ekakɔme oko bea.","Et quand vous voyez souffler le vent du midi, vous dites: Il fera chaud. Et cela arrive."
LUK.12.56,Ndjɔ ba melo mibae! Okadjebeni botikoanedjani bimbete bi ngondo ko na bi busa. Tina ndani otadjebakani bihole biedɛdi?».,Hypocrites! Vous savez discerner laspect de la terre et du ciel; comment ne discernez-vous pas ce temps-ci?.
LUK.12.57,«Tina nda ino bɛnɛ totikoanedjeni midjɔ midi ta tei e bino na bodjo?.,Et pourquoi ne discernez-vous pas de vous-mêmes ce qui est juste?.
LUK.12.58,"Ehole edi wɛ na modjɔ na moto ko okɛini ta boso bo djudji, kɔɔ na ngulu boo okaneni ehole edi no na ndjea. Tengasa aotombake ta boso bo djudji, ko djudji akaopa ta mɔmɔ ma pulusu ko pulusu aisake ta bɔlɔkɔ.","Lorsque tu vas avec ton adversaire devant le magistrat, tâche en chemin de te dégager de lui, de peur quil ne te traîne devant le juge, que le juge ne te livre à lofficier de justice, et que celui-ci ne te mette en prison."
LUK.12.59,"Nabali na wɛ: oimetebi ena oko opute nyongo e wɛ, mbunoko ta palanga esuka.».","Je te le dis, tu ne sortiras pas de là que tu naies payé jusquà la dernière pite."
LUK.13.1,"Ta ehole emina, bato bakɛkɛ baduaka adi Yesu. Bamotɔndeaka meako misusu mikɔkɔ Pilato moda mowaka yo Bagalilea ta ehole edaka bo batumbea Ndjakomba mbeka e makia.","En ce même temps, quelques personnes qui se trouvaient là racontaient à Jésus ce qui était arrivé à des Galiléens dont Pilate avait mêlé le sang avec celui de leurs sacrifices."
LUK.13.2,"Yesu abasɔmbedja: «Walɛdjɛkɛni boo Bagalilea bamina banɔkɔ Bagalilea basusu na bobe, tine babowoe bea?».","Il leur répondit: Croyez-vous que ces Galiléens fussent de plus grands pécheurs que tous les autres Galiléens, parce quils ont souffert de la sorte?."
LUK.13.3,"Ngasa, nabali na nu. Endolo omiti hombedjani milema, wagwakeni no basusu oko elenge bo.","Non, je vous le dis. Mais si vous ne vous repentez, vous périrez tous également."
LUK.13.4,«Ko bato domi na bo mwambe bia bagwa ehole ebukea egbili e Silowe: walɛdjɛkɛni boo bato bamina banɔkɔ na bobe bato basusu ba Yelusalɛmɛ?.,"Ou bien, ces dix-huit personnes sur qui est tombée la tour de Siloé et quelle a tuées, croyez-vous quelles fussent plus coupables que tous les autres habitants de Jérusalem?."
LUK.13.5,"Ngasa, nabali na nu: Endolo omiti hombedjani milema, wagwakeni elenge bo.».","Non, je vous le dis. Mais si vous ne vous repentez, vous périrez tous également."
LUK.13.6,Na bea Yesu abalaka pongono isɛ di: «Moto omɔti aonaka mole mo pigi ta gbie e nde e vino. Akɛkɛ ahomba mbuma aidiaka.,"Il dit aussi cette parabole: Un homme avait un figuier planté dans sa vigne. Il vint pour y chercher du fruit, et il nen trouva point."
LUK.13.7,"Na bea abalaka na mosali: Endja: enɔi mbula basato, nakadue ahomba mbuma ta mole mu, tenadiake. Mokwɛlɛ! Tine modjikikali oko ngasa.","Alors il dit au vigneron: Voilà trois ans que je viens chercher du fruit à ce figuier, et je nen trouve point. Coupe-le: pourquoi occupe-t-il la terre inutilement?."
LUK.13.8,"Endolo mosali amosɔmbedjaka: Kumu, petemokina; nalongeake kpɔtɔ mbuti ko naisake kasa djipɔlu.","Le vigneron lui répondit: Seigneur, laisse-le encore cette année; je creuserai tout autour, et jy mettrai du fumier."
LUK.13.9,"Ehole ekina mabotakedea mbuma ta mbula o ngɔngɔ; momitikobota, oboani bomokwɛlɛ.».","Peut-être à lavenir donnera-t-il du fruit; sinon, tu le couperas."
LUK.13.10,"Busa bomɔti bo sabata, Yesu adaka aleha ta sinagoga.","Jésus enseignait dans une des synagogues, le jour du sabbat."
LUK.13.11,Mwali omɔti opekaka bianga domi na bo mwambe adaka ena. Mwembo mobe mo mobuka mokɔngɔ adaka mongundamake ko aidaka na mwɛngi mobosaninodja.,"Et voici, il y avait là une femme possédée dun esprit qui la rendait infirme depuis dix-huit ans; elle était courbée, et ne pouvait pas du tout se redresser."
LUK.13.12,"Ehole enɛkɛ Yesu mwali omina, amobeaka ko abalaka na nde: «Oheli na yogo e wɛ.».","Lorsquil la vit, Jésus lui adressa la parole, et lui dit: Femme, tu es délivrée de ton infirmité."
LUK.13.13,"Amobakeaka mɔmɔ, mbala emɔti, asaninɔdji ko abangaka bokumedja Ndjakomba.","Et il lui imposa les mains. A linstant elle se redressa, et glorifia Dieu."
LUK.13.14,"Endolo mokondji o sinagoga, aoka kɛlɛ moda moheledja Yesu mwali omina ta busa bo sabata. Abalaka na emumu e bato: «Lodi na masu masamano ma mosala; dua ahombani mohelo ta masu mamina, te ta busa bo sabata!».","Mais le chef de la synagogue, indigné de ce que Jésus avait opéré cette guérison un jour de sabbat, dit à la foule: Il y a six jours pour travailler; venez donc vous faire guérir ces jours-là, et non pas le jour du sabbat."
LUK.13.15,"Kumu amosɔmbedjaka: «Ndjɔ ba melo mibae! Ta busa bo sabata, pɛ nongo omɔti ta tei bino taimedje ngɔmbɛ kaoko ane o nde ta ikutu, bɛngi akɛ aeyakedja, kaoko aenusedja madiba?.","Hypocrites! lui répondit le Seigneur, est-ce que chacun de vous, le jour du sabbat, ne détache pas de la crèche son bœuf ou son âne, pour le mener boire?."
LUK.13.16,"Ko mwali yo, adi o mbota e Abalayama; Satana amonanga bianga domi na bo mwambe, aboaniti bohela ta busa bu bo sabata?».","Et cette femme, qui est une fille dAbraham, et que Satan tenait liée depuis dix-huit ans, ne fallait-il pas la délivrer de cette chaîne le jour du sabbat?."
LUK.13.17,Ehole ebalaka Yesu bea baloni ba nde baokaka sɔni. Endolo emumu e bato esusu basepaka na misala mibokamoa imikɔkɔ Yesu.,"Tandis quil parlait ainsi, tous ses adversaires étaient confus, et la foule se réjouissait de toutes les choses glorieuses quil faisait."
LUK.13.18,Yesu abalaka: «Bokumu bo Ndjakomba bo boani na ye? Naboboanedje mɛnɛ na eka nda?.,"Il dit encore: A quoi le royaume de Dieu est-il semblable, et à quoi le comparerai-je?."
LUK.13.19,"Eboani na mbuma e motade etomba moto ko eonaka ta gbie e nde: ekakandoe, ekaime mole monɛnɛ, ko mbulu idiko botonga mopo ta bitape bi mole momina.».","Il est semblable à un grain de sénevé quun homme a pris et jeté dans son jardin; il pousse, devient un arbre, et les oiseaux du ciel habitent dans ses branches."
LUK.13.20,Yesu abalaka naikina: «Naboanedje Bokumu bo Ndjakomba na ye?.,Il dit encore: A quoi comparerai-je le royaume de Dieu?.
LUK.13.21,"Boboani na bole bo levile ekatombe mwali abongoanedji na kɔbɔ isato i palini, ko mobɔtu momina mosusu mohaloi.».","Il est semblable à du levain quune femme a pris et mis dans trois mesures de farine, pour faire lever toute la pâte."
LUK.13.22,Yesu adaka akɛ ta Yelusalɛmɛ akatisaka mabonga manɛnɛnɛ na makɛkɛkɛ ko alehaka.,"Jésus traversait les villes et les villages, enseignant, et faisant route vers Jérusalem."
LUK.13.23,"Moto omɔti amohɔdjɔkɔ: «Kumu, Ndjakomba aheledjabi oko bato bakɛkɛ?» Yesu amosɔmbedja:.","Quelquun lui dit: Seigneur, ny a-t-il que peu de gens qui soient sauvés? Il leur répondit:."
LUK.13.24,"«Kweani ta ekukɛ e embamba; tengasa nabali na nu, banɛnɛ bahombabi bokwea ko bakoketebi bokwea.","Efforcez-vous dentrer par la porte étroite. Car, je vous le dis, beaucoup chercheront à entrer, et ne le pourront pas."
LUK.13.25,"«Ehole esangɔdjɔbi moswa ndako ko akangabi ekukɛ na pungola, odikabini sokolu, obomakabini ekukɛ ko obalakabini: Kumu, lodipoa!, Aosɔmbedjabini: Natodjebakani.","Quand le maître de la maison se sera levé et aura fermé la porte, et que vous, étant dehors, vous commencerez à frapper à la porte, en disant: Seigneur, Seigneur, ouvre-nous! Il vous répondra: Je ne sais doù vous êtes."
LUK.13.26,"Na bea, obalabini na nde: loyaka ko lo mwaka na wɛ, olehaka ta ndjea i mabonga ma biso manɛnɛ.","Alors vous vous mettrez à dire: Nous avons mangé et bu devant toi, et tu as enseigné dans nos rues."
LUK.13.27,"Aosɔmbedjabi naikina: Natodjebakani. Dongani mbuti na mbi, Ino bato babe.","Et il répondra: Je vous le dis, je ne sais doù vous êtes; retirez-vous de moi, vous tous, ouvriers diniquité."
LUK.13.28,"Oho edabi biyo na bokpɛkɛlɛ mino, ehole enɛbi no Abalayama, Isaka, Djakobo ko ba mbaeli ba Ndjakomba basusu ta Bokumu bo Ndjakomba; endolo ino odumbamabini sokolu!.","Cest là quil y aura des pleurs et des grincements de dents, quand vous verrez Abraham, Isaac et Jacob, et tous les prophètes, dans le royaume de Dieu, et que vous serez jetés dehors."
LUK.13.29,"Bato badongakabi ta dɔngɔ ikime moi na ikasame moi, ta sadiko na satina; tine boda polo emɔti ta mesa e Bokumu bo Ndjakomba.","Il en viendra de lorient et de loccident, du nord et du midi; et ils se mettront à table dans le royaume de Dieu."
LUK.13.30,"Na bea, bato ba ngɔngɔ badakabi bato ba boso ko bato ba boso badakabi bato ba ngɔngɔ.».","Et voici, il y en a des derniers qui seront les premiers, et des premiers qui seront les derniers."
LUK.13.31,"Oko ta ehole emina, bakina bapalusai ba batamaka mbuti na Yesu ko babalaka: «Donga ya, kɛ pamba ekina, tengasa Elode ahombaka aowoe.».","Ce même jour, quelques pharisiens vinrent lui dire: Va-ten, pars dici, car Hérode veut te tuer."
LUK.13.32,"Yesu abasɔmbedja: «Kɛni atɔndea ebanga omina: Nabenganaka miembo mibe ko naheledjaka bato busa bu mbunoko puma, ko ta isu i basato nasidjake mosala mo mbi .","Il leur répondit: Allez, et dites à ce renard: Voici, je chasse les démons et je fais des guérisons aujourdhui et demain, et le troisième jour jaurai fini."
LUK.13.33,"Endolo etungi nakɛ oko busa bu, puma na puma sɛnɛ, tengasa eboaniti na mbaeli o Ndjakomba agwɛ sokolu e Yelusalɛmɛ.».","Mais il faut que je marche aujourdhui, demain, et le jour suivant; car il ne convient pas quun prophète périsse hors de Jérusalem."
LUK.13.34,"«Yelusalɛmɛ, Yelusalɛmɛ, wɛ iyo okowoe ba mbaeli ba Ndjakomba ko okabowoe na mabanga bato bakolomee Ndjakomba! Mbala djeka ikahombe mbi bobongoanedja bana ba wɛ polo emɔti, elenge ekabongoanedje kɔkɔ bana ba bobo ta mangbangu ma bobo! Endolo wɛ oipalaka!.","Jérusalem, Jérusalem, qui tues les prophètes et qui lapides ceux qui te sont envoyés, combien de fois ai-je voulu rassembler tes enfants, comme une poule rassemble sa couvée sous ses ailes, et vous ne lavez pas voulu!."
LUK.13.35,Endja ndako e wɛ edɛdi esundolamake ! Nabali na nu: Oenɛtebinini mbunoko busa bobalabino: Ndjakomba adjongoe yona aduake na kombe e Kumu !».,"Voici, votre maison vous sera laissée; mais, je vous le dis, vous ne me verrez plus, jusquà ce que vous disiez: Béni soit celui qui vient au nom du Seigneur!."
LUK.14.1,"Busa bomɔti bo sabata, Yesu akɛkɛ ayaka ta ndako e omɔti o bakondji ba bapalusai. Bato ibadaka ena baendjaka Yesu na bokokoledja mɛnɛ.","Jésus étant entré, un jour de sabbat, dans la maison de lun des chefs des pharisiens, pour prendre un repas, les pharisiens lobservaient."
LUK.14.2,Enako bea edaka ta boso bo nde moto omɔti adaka na yogo e bogbaloa mokuku.,"Et voici, un homme hydropique était devant lui."
LUK.14.3,Yesu ahɔdjɔkɔ balehi ba mobeko ko Bapalusai: «Eboani boheledja moto ta busa bo sabata kaoko ngasa?».,"Jésus prit la parole, et dit aux docteurs de la loi et aux pharisiens: Est-il permis, ou non, de faire une guérison le jour du sabbat?."
LUK.14.4,"Badikaka bogo. Na bea apeaka moto o epeko, amoheledja ko amoyanedjaka.","Ils gardèrent le silence. Alors Jésus avança la main sur cet homme, le guérit, et le renvoya."
LUK.14.5,"Ngɔngɔ abalaka na bu: «Omɔti o bino, akada na mwana, kaoko ngɔmbɛ akwi ta mombɔndɔ, abosaniti bomoiwa pɛpɛlɛ, ta busa bo sabata?».","Puis il leur dit: Lequel de vous, si son fils ou son bœuf tombe dans un puits, ne len retirera pas aussitôt, le jour du sabbat?."
LUK.14.6,Baidjebaka kɔpi ebomosɔmbedja.,Et ils ne purent rien répondre à cela.
LUK.14.7,Yesu aenɛkɛ moda modaka bato ibabeamaka bahɔkɔ bisika bi boso. Abalaka na bu na isɛ.,"Il adressa ensuite une parabole aux conviés, en voyant quils choisissaient les premières places; et il leur dit:."
LUK.14.8,"«Ehole ebeami wɛ na moto ta tɛkɛ, pɛ bokɛ ada ta kiti e boso. Ehole ekina moto onɔi na gala abeama pongono;.","Lorsque tu seras invité par quelquun à des noces, ne te mets pas à la première place, de peur quil ny ait parmi les invités une personne plus considérable que toi."
LUK.14.9,Ibea moto obeaki na wɛ na nde abalake na wɛ: Mokinea kiti ye. Wangɔke na sɔni enɛnɛ bokada ta kiti e sangɔngɔ.,et que celui qui vous a invités lun et lautre ne vienne te dire: Cède la place à cette personne-là. Tu aurais alors la honte daller occuper la dernière place.
LUK.14.10,"Endolo, ekada boo obeami ta tɛkɛ, kɛ daa ta kiti e sangɔngɔ, tine ehole aduake moto obei, abalake na wɛ: Maninga, dua adae ta kiti ye! Na moda mua, adake tine e wɛ gala ta boso bo bato basusu badi na wɛ ta mesa.","Mais, lorsque tu seras invité, va te mettre à la dernière place, afin que, quand celui qui ta invité viendra, il te dise: Mon ami, monte plus haut. Alors cela te fera honneur devant tous ceux qui seront à table avec toi."
LUK.14.11,"Edi oko bea, moto yona okasangɔdje bamotitedjabi, ko yona okasatitedje bamoangɔdjɔbi.».","Car quiconque sélève sera abaissé, et quiconque sabaisse sera élevé."
LUK.14.12,"Na bea Yesu abalaka pongono na moto yona omobeaka: «Ehole esalingoi wɛ mia ma tɛkɛ edae na midi, kaoko mɔmɔkɔ pɛ bobea: bangi wɛ, mela ma wɛ, bato badi na bodieli bonɛnɛ. Tengasa badi bobea e bobo mbala bɛngi bosɔmbedje imibakɔ wɛ.","Il dit aussi à celui qui lavait invité: Lorsque tu donnes à dîner ou à souper, ninvite pas tes amis, ni tes frères, ni tes parents, ni des voisins riches, de peur quils ne tinvitent à leur tour et quon ne te rende la pareille."
LUK.14.13,"Endolo okasalingoa mia ma tɛkɛ, bea batakeli, bato ba biɛmɛ, bato bamitɛngu, bato ba miso mago.","Mais, lorsque tu donnes un festin, invite des pauvres, des estropiés, des boiteux, des aveugles."
LUK.14.14,Wadake moto o sepi tengasa ibo baditi na eka ebosɔmbedja. Endolo Ndjakomba aoputabi ta bopusoa bo bato ba bodjo.».,Et tu seras heureux de ce quils ne peuvent pas te rendre la pareille; car elle te sera rendue à la résurrection des justes.
LUK.14.15,"Ngɔngɔ i boka meako mi, omɔti obabeami odaka na nde ta mesa abalaka na nde: «Sepi na yona oyakabi mia ma tɛkɛ ta Bokumu bo Ndjakomba!».","Un de ceux qui étaient à table, après avoir entendu ces paroles, dit à Jésus: Heureux celui qui prendra son repas dans le royaume de Dieu!."
LUK.14.16,Yesu amosɔmbedjaka: «Moto omɔti abɔngedja mia manɛnɛ ko abeaka bato banɛnɛ.,"Et Jésus lui répondit: Un homme donna un grand souper, et il invita beaucoup de gens."
LUK.14.17,"Ta ehole e boyaka, alomaka mosali o nde akatɔndea bato babeaka yo: Duani, leka losusu loboani.","A lheure du souper, il envoya son serviteur dire aux conviés: Venez, car tout est déjà prêt."
LUK.14.18,"Endolo bo basusu, omɔti na omɔti, abangaka bohɔdjɔ enɔeli. Oboso atɔndeaka mosali: Nahulake asomba gbie, etungi nakɛ aendja; nongɔni boo oyɛni.","Mais tous unanimement se mirent à sexcuser. Le premier lui dit: Jai acheté un champ, et je suis obligé daller le voir; excuse-moi, je te prie."
LUK.14.19,"Okina amotɔndeaka: Nahulake asomba ngɔmbɛ domi, eboani nakɛi abameka; nongɔni boo oyɛni.","Un autre dit: Jai acheté cinq paires de bœufs, et je vais les essayer; excuse-moi, je te prie."
LUK.14.20,Okina amotɔndeaka: Nahulake asɔ mwali: na tina emina nataduake.,"Un autre dit: Je viens de me marier, et cest pourquoi je ne puis aller."
LUK.14.21,"Mosali, ahulaka, atɔndeaka kumu misɔmbedja mimina. Na bea kumu o ndako, alumaka na kɛlɛ, abali na mosali o nde: Kɛ pɛpɛlɛ ta bisaka bi bhuda, ko ta ndjea inɛnɛnɛ, na i mabonga manɛnɛnɛ, beani batakeli, bato bamitɛngu, bato bagwa miso na bitumbe.","Le serviteur, de retour, rapporta ces choses à son maître. Alors le maître de la maison irrité dit à son serviteur: Va promptement dans les places et dans les rues de la ville, et amène ici les pauvres, les estropiés, les aveugles et les boiteux."
LUK.14.22,"Ngɔngɔ i moehole mosali abalaka: kumu nakɔi misusu milomakini wɛ, ko polo djidi oko.","Le serviteur dit: Maître, ce que tu as ordonné a été fait, et il y a encore de la place."
LUK.14.23,"Kumu abalaka na mosali: Kɛɛ ta ndjea i mabonga manɛnɛnɛ ko ta ndjea i gbie, pangoani bato bakwe, ebɛngi polo ilume.","Et le maître dit au serviteur: Va dans les chemins et le long des haies, et ceux que tu trouveras, contrains-les dentrer, afin que ma maison soit remplie."
LUK.14.24,"Nabali na wɛ, pɛ nongo moto omɔti obeaki mbi boso atayake mia ma mbi.».","Car, je vous le dis, aucun de ces hommes qui avaient été invités ne goûtera de mon souper."
LUK.14.25,Emumu e bato badalaka na Yesu na ndjea. Na bea ahombanaka ko abalaka na bu:.,"De grandes foules faisaient route avec Jésus. Il se retourna, et leur dit:."
LUK.14.26,"«Moto wapalaka akimaneni atungi adae pɛ bolona sange e nde, nange e nde, bana ba nde, bange i nde, bangɛnɛ i nde, ko edae mohelo mo nde yo mɛnɛ. Pɛ bea aboaniti boda motingami o mbi.","Si quelquun vient à moi, et sil ne hait pas son père, sa mère, sa femme, ses enfants, ses frères, et ses sœurs, et même sa propre vie, il ne peut être mon disciple."
LUK.14.27,"Yona adake pɛ botomba ekulusu e nde, bɛngi akimaneni aboaniti boimea motingami o mbi.","Et quiconque ne porte pas sa croix, et ne me suit pas, ne peut être mon disciple."
LUK.14.28,"Na bea, ta ndanda e bino, moto akapala atonge egbili, aboani boso boda tine bolɛdja, boendja palanga idi na nde kaoko iboani bosidja mosala momina.","Car, lequel de vous, sil veut bâtir une tour, ne sassied dabord pour calculer la dépense et voir sil a de quoi la terminer."
LUK.14.29,Ekadabo alongei pondasio ko amiti koka bosidja botonga egbili emina bato basusu bamoenɛkɛ abangake bomosɛkɛ.,"de peur quaprès avoir posé les fondements, il ne puisse lachever, et que tous ceux qui le verront ne se mettent à le railler."
LUK.14.30,Babangaka bobala na nde: moto iyo abangaki botonga egbili igbɔ imoli.,"en disant: Cet homme a commencé à bâtir, et il na pu achever?."
LUK.14.31,"Oko moda momɔti, ekada na mokondji omɔti yona, apalaka akɛ ana bila na mokondji okina, adake boso tine bosahɔdjɔ kaoko aboani bohɔnɔ, na bami koto domi, boana na moloni yona odi boso bo nde na bami koto ibae?.","Ou quel roi, sil va faire la guerre à un autre roi, ne sassied dabord pour examiner sil peut, avec dix mille hommes, marcher à la rencontre de celui qui vient lattaquer avec vingt mille?."
LUK.14.32,"Akaenɛ boo aboaniti bohɔnɔ, alomake bato adi mokondji yona, ehole edi yo bohali tine bohomba bogo.","Sil ne le peut, tandis que cet autre roi est encore loin, il lui envoie une ambassade pour demander la paix."
LUK.14.33,"Oko moda momina, Pɛ moto omɔti ta ndanda e bino aboaniti boimea motingami o mbi, amiti lona leka lo nde losusu.","Ainsi donc, quiconque dentre vous ne renonce pas à tout ce quil possède ne peut être mon disciple."
LUK.14.34,"Bokpa bo monana modi eka epele; endolo mokataka ngɛngɛ, tina e mu nda?.","Le sel est une bonne chose; mais si le sel perd sa saveur, avec quoi lassaisonnera-t-on?."
LUK.14.35,"Moditi na tina ta kpɔtɔ, nongo ta bipɔlu; bamodumbabi sokolu. Moto odi na matoi ma boka, aoke!».","Il nest bon ni pour la terre, ni pour le fumier; on le jette dehors. Que celui qui a des oreilles pour entendre entende."
LUK.15.1,Baputedji ba puti na bato babe babatamaka mbuti na Yesu tine bomohokamedja.,Tous les publicains et les gens de mauvaise vie sapprochaient de Jésus pour lentendre.
LUK.15.2,Bapalusai ko balehi ba mobeko bahimahimaka na nde: «Ndenge nda? Moto iyo asɔkɔ bato ba mabe ko ayaka na bu polo emɔti!».,"Et les pharisiens et les scribes murmuraient, disant: Cet homme accueille des gens de mauvaise vie, et mange avec eux."
LUK.15.3,Na bea Yesu abalaka na bu isɛ di:.,Mais il leur dit cette parabole:.
LUK.15.4,"«Ekadabo moto omɔti atei e bino, akada na bhata mokama ko bhata omɔti akabunga, aboaniti bokina bhata tuku ibua na ibua ta etengelenge tine bohomba bhata yona obungi? Mbunoko amobolodje?.","Quel homme dentre vous, sil a cent brebis, et quil en perde une, ne laisse les quatre-vingt-dix-neuf autres dans le désert pour aller après celle qui est perdue, jusquà ce quil la retrouve?."
LUK.15.5,"Akaebolodja, aebakeake ta malokuloku ma nde, na sepi.","Lorsquil la retrouvée, il la met avec joie sur ses épaules."
LUK.15.6,"Ko, ta ihule i nde, abeake ba binande na bato badi mbuti na nde, tine bobatɔndea: Sepani na mbi engbanga, tengasa nabolodji bhata o mbi obungaki.","et, de retour à la maison, il appelle ses amis et ses voisins, et leur dit: Réjouissez-vous avec moi, car jai retrouvé ma brebis qui était perdue."
LUK.15.7,"Oko moda momɔti, nabalaka na nu, sepi edabi ta busa tine moto omɔti o bobe akahombedja molema mo nde: sepi emina enɔi sepi e bato ba bodjo tuku ibua na ibua bia baditi na tina e bohombedja milema mi bobo.».","De même, je vous le dis, il y aura plus de joie dans le ciel pour un seul pécheur qui se repent, que pour quatre-vingt-dix-neuf justes qui nont pas besoin de repentance."
LUK.15.8,"«Ekadabo mwali omɔti, adi na pata e palanga e nde emɔti ko aebungedji; atabwanedjake molinda, akɛkɛ aombɔkɔke ndako ko naboehombahomba, mbunoko aebolodje?.","Ou quelle femme, si elle a dix drachmes, et quelle en perde une, nallume une lampe, ne balaie la maison, et ne cherche avec soin, jusquà ce quelle la retrouve?."
LUK.15.9,"Ko akaebolodja, abeake binande bali badi mbuti na nde, ko abatɔndeake: Sepani na mbi pongono, tengasa nabolodji pata e palanga yena ebungaka na mbi.","Lorsquelle la retrouvée, elle appelle ses amies et ses voisines, et dit: Réjouissez-vous avec moi, car jai retrouvé la drachme que javais perdue."
LUK.15.10,Mondumba mabalaka mbi na nu: Sepi edi ta boso bo babwɛndji ba Ndjakomba ta modjɔ mo moto o bobe omɔti yona ohombedji molema mo nde.».,"De même, je vous le dis, il y a de la joie devant les anges de Dieu pour un seul pécheur qui se repent."
LUK.15.11,Yesu abalaka naikina: «Okina moto adaka na bana bami ba bae.,Il dit encore: Un homme avait deux fils.
LUK.15.12,"Yona o yɛngɛ abalaka na sange e nde: Sange mbi, pani i mbi ibondo i bodieli iboani na mbi bosangoa. Ibea sange bobo akabanaka leka londe na bana ba nde babae.","Le plus jeune dit à son père: Mon père, donne-moi la part de bien qui doit me revenir. Et le père leur partagea son bien."
LUK.15.13,"Ngɔngɔ i masu bonɔ, mwana o yɛngɛ atɛkɛ ko atomba palanga imina, akɛ ahelama ta ikina ibonga bohali mɛnɛ. Oho abedjaka bodieli bo nde bosusu na mohelo mowusuwusu.","Peu de jours après, le plus jeune fils, ayant tout ramassé, partit pour un pays éloigné, où il dissipa son bien en vivant dans la débauche."
LUK.15.14,"Amayosidja bodieli bo nde bosusu, ndja enɛnɛ ekweaka ta ibonga imina, ko aimeaka na botaka.","Lorsquil eut tout dépensé, une grande famine survint dans ce pays, et il commença à se trouver dans le besoin."
LUK.15.15,"Akweaka mosala adi moto omɔti o ibonga imina, ko amolomaka ta gbie e nde tine boyakedja ngulu ba nde.","Il alla se mettre au service dun des habitants du pays, qui lenvoya dans ses champs garder les pourceaux."
LUK.15.16,"Adaka na posa ebosidja ndja e nde na mbuma i kalubi iyaka ngulu, endolo moto aimopaka.","Il aurait bien voulu se rassasier des carouges que mangeaient les pourceaux, mais personne ne lui en donnait."
LUK.15.17,"Ta tei e nde asabaleaka: Basali basusu ba sange mbi bayaka mia moda mopali bo, e ndolo mbi iya nagwaka mɛnɛ na ndja!.","Étant rentré en lui-même, il se dit: Combien de mercenaires chez mon père ont du pain en abondance, et moi, ici, je meurs de faim!."
LUK.15.18,"Nadoi ayana adi sange e mbi ko nabalake na nde: Sange e mbi, nakɔɔ bobe ta boso bo Ndjakomba ko ta boso bo wɛ.","Je me lèverai, jirai vers mon père, et je lui dirai: Mon père, jai péché contre le ciel et contre toi."
LUK.15.19,Naboaniti nongo nabeame mwana o wɛ; endolo tombani elenge mosali o wɛ.,je ne suis plus digne dêtre appelé ton fils; traite-moi comme lun de tes mercenaires.
LUK.15.20,"Angɔkɔ ayanaka adi sange nde. Iyana adakayo bohali, sange e nde amoenɛkɛ ko aoka ndjokwa enɛnɛ; apotaka ko amobhimbaka.","Et il se leva, et alla vers son père. Comme il était encore loin, son père le vit et fut ému de compassion, il courut se jeter à son cou et le baisa."
LUK.15.21,"Mwana abalaka na nde: Sange mbi, nakɔ bobe ta boso bo Ndjakomba na ta boso bo wɛ, naboaniti nongo nabeame mwana o wɛ.","Le fils lui dit: Mon père, jai péché contre le ciel et contre toi, je ne suis plus digne dêtre appelé ton fils."
LUK.15.22,Endolo sange e nde abalaka na basali ba nde: Duani pɛpɛlɛ na mokoto monɔi na bopele ko molwadjani! Mopɛtɛ ta mosapi ko molwadjani sapato!.,"Mais le père dit à ses serviteurs: Apportez vite la plus belle robe, et len revêtez; mettez-lui un anneau au doigt, et des souliers aux pieds."
LUK.15.23,"Duani na mwana o ngɔmbɛ omuta, ko mowani, loyake ko lokɔe tɛkɛ.","Amenez le veau gras, et tuez-le. Mangeons et réjouissons-nous;."
LUK.15.24,"Tengasa mwana o mbi adaki mogo, ko asɔmbi ta mohelo; abungaka, ko aboloi! Ko babangaka tɛkɛ.","car mon fils que voici était mort, et il est revenu à la vie; il était perdu, et il est retrouvé. Et ils commencèrent à se réjouir."
LUK.15.25,"Ta ehole emina, mwana o nde o sɔmi adaka ta gbie. Ta ihule i nde, ehole ebatama yo mbuti na ndako, aokaka kilingo i ngɔmbi na ngɔmɔ.","Or, le fils aîné était dans les champs. Lorsquil revint et approcha de la maison, il entendit la musique et les danses."
LUK.15.26,Abeaka mosali omɔti bomohɔdjɔ mia midjɔ manɔkɔ oho nda?.,"Il appela un des serviteurs, et lui demanda ce que cétait."
LUK.15.27,Mosali amosɔmbedjaka: Mwange wɛ ahuli! Sange wɛ amowoi mwana o ngɔmbɛ o muta aimei adi na mohelo.,"Ce serviteur lui dit: Ton frère est de retour, et, parce quil la retrouvé en bonne santé, ton père a tué le veau gras."
LUK.15.28,"Endolo alumaka na kɛlɛ; ko alonaka bokwea ta ndako, Sange nde aimaka amongɔnɔkɔ.","Il se mit en colère, et ne voulut pas entrer. Son père sortit, et le pria dentrer."
LUK.15.29,Endolo asɔmbedjaka sange e nde: Mbi nakɔi bianga binɛnɛ bisala mbi adi wɛ nailonaka nongo elomu e wɛ emɔti. Oiyoweani nongo mwana o kambeli tine nakɔe tɛkɛ na bina mbi!.,"Mais il répondit à son père: Voici, il y a tant dannées que je te sers, sans avoir jamais transgressé tes ordres, et jamais tu ne mas donné un chevreau pour que je me réjouisse avec mes amis."
LUK.15.30,"Endolo ta tina e mwana o wɛ yona, obedja bodieli bo wɛ na wusuwusu na ndukeli, ehole ehuli yo wɛ omowei mwana o ngɔmbɛ o muta.","Et quand ton fils est arrivé, celui qui a mangé ton bien avec des prostituées, cest pour lui que tu as tué le veau gras!."
LUK.15.31,"Sange nde amosɔmbedjaka: Wɛ mwana o mbi, odi na mbi bihole bisusu iya, ko losusu lodi na mbi lodi lo wɛ.","Mon enfant, lui dit le père, tu es toujours avec moi, et tout ce que jai est à toi;."
LUK.15.32,"Endolo eboani lokɔe tɛkɛ ko losepe, tine ngɔnge wɛ yo ogwaka, ko adi ta mohelo; abungaki, ko aboloi!».","mais il fallait bien ségayer et se réjouir, parce que ton frère que voici était mort et quil est revenu à la vie, parce quil était perdu et quil est retrouvé."
LUK.16.1,Abalaka pongono na batingami: «Modieli omɔti adaka na mobanei o leka lo nde. Bato bamopundaka adi mokondji boo: abedjaka leka lo wɛ.,"Jésus dit aussi à ses disciples: Un homme riche avait un économe, qui lui fut dénoncé comme dissipant ses biens."
LUK.16.2,"Amobeaka ko abalaka na nde: Eka eokaka mbi na kombe e wɛ nda? Tombeani sɔngi e mosala mopa mbi, tine oboaniti boda na ikina mobanei o leka lo mbi.","Il lappela, et lui dit: Quest-ce que jentends dire de toi? Rends compte de ton administration, car tu ne pourras plus administrer mes biens."
LUK.16.3,"Mobanei asabaleaka: Nakɔe bo, kumu o mbi adongedjini mɛnɛ ta mosala mo bobanea leka? Enakobea naditi na ngulu ebolia gbie, nokake sɔni tine bosɛngɛ.","Léconome dit en lui-même: Que ferai-je, puisque mon maître môte ladministration de ses biens? Travailler à la terre? Je ne le puis. Mendier? Jen ai honte."
LUK.16.4,"Nadjebi eka eboani mbi bokɔ, tine bato basɔeni Adibo ta ehole adongedjakeni mokondji o mbi ta mosala.","Je sais ce que je ferai, pour quil y ait des gens qui me reçoivent dans leurs maisons quand je serai destitué de mon emploi."
LUK.16.5,Okobea abeaka moto omɔti na omɔti a ndanda e bato badaka na nyongo e kumu. Abalaka na o boso: nyongo e kumu edi motuya nda.,"Et, faisant venir chacun des débiteurs de son maître, il dit au premier: Combien dois-tu à mon maître?."
LUK.16.6,"Amosɔmbedjaka: Mimbonda mi munɛ mokama. Mobanei amotɔndeaka: Tomba mokanda mo wɛ mo nyongo, daa ya ko koma pɛpɛlɛ tuku itano i mimbonda mi munɛ.","Cent mesures dhuile, répondit-il. Et il lui dit: Prends ton billet, assieds-toi vite, et écris cinquante."
LUK.16.7,"Abalaka na okina: ko wɛ, nyongo e mokondji edi motuya nda? Amosɔmbedjaka: Sɛki i lɔsɔ mokama. Mobanei amotɔndeaka: Tomba mokanda mo wɛ mo nyongo, daa ya koma pɛpɛlɛ tuku bo mwambe.","Il dit ensuite à un autre: Et toi, combien dois-tu? Cent mesures de blé, répondit-il. Et il lui dit: Prends ton billet, et écris quatre-vingts."
LUK.16.8,"Ibea, mokondji asakoaka mobanei o kaso tine bowɛi bo nde. Tengasa bato ba ngondo ye badi na bowɛi bonɔ bana ba bohu.».",Le maître loua léconome infidèle de ce quil avait agi prudemment. Car les enfants de ce siècle sont plus prudents à légard de leurs semblables que ne le sont les enfants de lumière.
LUK.16.9,"Endja: «Mbi nabalaka na nu: Imeani bange i badieli bataka ebodjɔ, tengasa ehole edabi bo pɛ boda, basɔbini ta ndako e seko.","Et moi, je vous dis: Faites-vous des amis avec les richesses injustes, pour quils vous reçoivent dans les tabernacles éternels, quand elles viendront à vous manquer."
LUK.16.10,"Yona okaise molema ta baamidjɔ bakɛkɛ, akaise molema pongono ta midjɔ minɛnɛ. Yona odi na boloa ta baamidjɔ bakɛkɛ adi pongono na boloa ta midjɔ minɛnɛ.","Celui qui est fidèle dans les moindres choses lest aussi dans les grandes, et celui qui est injuste dans les moindres choses lest aussi dans les grandes."
LUK.16.11,"Ekada boo oidaka na bodjo ta mondumba mo bosala bodieli bo bolowa bo ngondo ye, moto oboani aopɛni bodieli bopele nda?.","Si donc vous navez pas été fidèles dans les richesses injustes, qui vous confiera les véritables?."
LUK.16.12,"Enakobea omiti enɛmɛni bodjo ta bobanea leka lo bato bakina, odi bopani leka lo bino bɛnɛ nda?».","Et si vous navez pas été fidèles dans ce qui est à autrui, qui vous donnera ce qui est à vous?."
LUK.16.13,"«Mosali omɔti aboaniti bosalea bakumu babae. Tengasa, aboani bolona omɔti ko bopala okina, kaoko bosapa na omɔti ko bolona okina. Oboaniti boda mbala emɔti mosali o Ndjakomba ko na palanga .».","Nul serviteur ne peut servir deux maîtres. Car, ou il haïra lun et aimera lautre; ou il sattachera à lun et méprisera lautre. Vous ne pouvez servir Dieu et Mamon."
LUK.16.14,"Bapalusai, ibadaka na ekpaka e palanga bonɔ badaka baoka meako mimina misusu bataaka Yesu.","Les pharisiens, qui étaient avares, écoutaient aussi tout cela, et ils se moquaient de lui."
LUK.16.15,"Yesu abalaka na bu: «Ino okasainedjeni bodjo ta miso ma bato, endolo Ndjakomba akadjebe milema mi bino. Tengasa eka ekalɛdje bato boo edi enɛnɛ, ekapɛ Ndjakomba kɛlɛ.","Jésus leur dit: Vous, vous cherchez à paraître justes devant les hommes, mais Dieu connaît vos cœurs; car ce qui est élevé parmi les hommes est une abomination devant Dieu."
LUK.16.16,"Ehole e mobeko mo Mose ko na buku i ba mbaeli ba Ndjakomba eyeyoa mbunoko ehole e Yoane Mobatisi. Donga ta ehole emina, Bwɛndi Bopele bo Bokumu bo Ndjakomba bodi bolehama ko bato basusu baboani boana na ngulu boo bakwe oho.","La loi et les prophètes ont subsisté jusquà Jean; depuis lors, le royaume de Dieu est annoncé, et chacun use de violence pour y entrer."
LUK.16.17,"Busa na kpɔtɔ boboani bodimoa pɛpɛlɛ, endolo edi na bopipo boo nongo mo itɔnɔ o mobeko akwɛ.","Il est plus facile que le ciel et la terre passent, quil ne lest quun seul trait de lettre de la loi vienne à tomber."
LUK.16.18,"Momi mosusu odongedji mwali o nde ta moki ko asɔi okina akɔi bɔɔli, ko yona oasɔi mwali odongedji bo ta moki akɔi bɔɔli.».","Quiconque répudie sa femme et en épouse une autre commet un adultère, et quiconque épouse une femme répudiée par son mari commet un adultère."
LUK.16.19,"«Edaka na moto omɔti modieli, iyona odaka alwa bisendja bipele ko bi motuya monɛnɛ. Masu masusu ahelamaka bopele ko adaka ayaka elenge moto akɔkɔ tɛkɛ.","Il y avait un homme riche, qui était vêtu de pourpre et de fin lin, et qui chaque jour menait joyeuse et brillante vie."
LUK.16.20,"Ta boso bo ekukɛ e ndako e modiele motakeli omɔti asasambeaka ena. Kombe e nde Ladjalo, ko mokuku mo nde moluma na pola.","Un pauvre, nommé Lazare, était couché à sa porte, couvert dulcères."
LUK.16.21,"Adaka na posa e bosindja ndja e nde nongo na mbumbu ikwaka ta mesa e modieli; Ta polo emina, mbwa aduaka aomboa pola i nde.",et désireux de se rassasier des miettes qui tombaient de la table du riche; et même les chiens venaient encore lécher ses ulcères.
LUK.16.22,Motakeli agwaka ko babwɛndji bamotombaka bamodedjaka mbuti na Abalayama. Modieli pongono agwaka ko bamopuseaka.,"Le pauvre mourut, et il fut porté par les anges dans le sein dAbraham. Le riche mourut aussi, et il fut enseveli."
LUK.16.23,Adaka anɔngɔ mɛnɛ ta polo e ngando i bago. Ta ehole eangɔdjɔkɔ yo miso aenɛkɛ bohali Ladjalo adi mbuti na Abalayama.,"Dans le séjour des morts, il leva les yeux; et, tandis quil était en proie aux tourments, il vit de loin Abraham, et Lazare dans son sein."
LUK.16.24,"Na bea alɛbɛkɛ: Sange mbi Abalayama, okeani ndjokwa! Loma Ladjalo adube sɔngɔ e mosapi mo nde ta madiba tine botitimedjani molema, tengasa naenɛkɛ saya enɛnɛ iya ta mosa mu.","Il sécria: Père Abraham, aie pitié de moi, et envoie Lazare, pour quil trempe le bout de son doigt dans leau et me rafraîchisse la langue; car je souffre cruellement dans cette flamme."
LUK.16.25,"Endolo Abalayama amosɔmbedjaka: Mwamba, lɛdjɛ odiaka bodieli bonɛnɛ ta mohelo mo wɛ mosusu, enakobea Ladjalo adaka aenɛ saya enɛnɛ. Edɛdi, mohelo mo nde modi ta iheme, ko wɛ wenɛkɛ saya.","Abraham répondit: Mon enfant, souviens-toi que tu as reçu tes biens pendant ta vie, et que Lazare a eu les maux pendant la sienne; maintenant il est ici consolé, et toi, tu souffres."
LUK.16.26,"Ko naikina, mombɔndɔ monɛnɛ modi ta pakaso e biso na nu. Mwɛngi moditi bato bodonga oho adi no bokatisa djɔno adi so, kaoko bodonga adi so bokatisa oho adi no.","Dailleurs, il y a entre nous et vous un grand abîme, afin que ceux qui voudraient passer dici vers vous, ou de là vers nous, ne puissent le faire."
LUK.16.27,"Modieli abalaka: Nongɔni Sange mba, loma nongo Ladjalo ta ndako e sange mbi.","Le riche dit: Je te prie donc, père Abraham, denvoyer Lazare dans la maison de mon père; car jai cinq frères."
LUK.16.28,"oho nadi na bangi mbi batano. Akɛ abatɔndea, basaka dua pongono ta polo ye e saya.","Cest pour quil leur atteste ces choses, afin quils ne viennent pas aussi dans ce lieu de tourments."
LUK.16.29,Abalayama asɔmbedjaka: Bangi wɛ badi na Mose na ba mbaeli ba Ndjakomba tine bobatɔndea boo baboke.,Abraham répondit: Ils ont Moïse et les prophètes; quils les écoutent.
LUK.16.30,"Modieli abalaka: Ngasa etabɔngɔ, sange mbi Abalayama. Endolo moto ogwa akakɛ oho Adibo, bahombedjake milema mi bobo.","Et il dit: Non, père Abraham, mais si quelquun des morts va vers eux, ils se repentiront."
LUK.16.31,"Endolo Abalayama amosɔmbedjaka: Bamiti oka Mose na ba mbaeli ba Ndjakomba, badimetebi nongo bapangoame na moto akapusoa adi bago.».","Et Abraham lui dit: Sils nécoutent pas Moïse et les prophètes, ils ne se laisseront pas persuader quand même quelquun des morts ressusciterait."
LUK.17.1,"Yesu abalaka na batingami ba nde: «Midjɔ mikataedje bato mabaku midakabi. Endolo ndjokwa adi moto yona, mabaku mamina maduake na ndjea e nde!.",Jésus dit à ses disciples: Il est impossible quil narrive pas des scandales; mais malheur à celui par qui ils arrivent!.
LUK.17.2,"Enɔi bopele boo batinge moto omina ibanga igbɔgbɔ ta dɔli ko bomodumbe ta dua enɛnɛ, ta polo boo ataedje ibaku adi omɔti ta tei e bana bakɛkɛkɛ ibi.","Il vaudrait mieux pour lui quon mît à son cou une pierre de moulin et quon le jetât dans la mer, que sil scandalisait un de ces petits."
LUK.17.3,Sangatanani! Eka daa mwange wɛ aokɔi bobe mogamea. Ko akadima bobe bo nde moyɛ.,"Prenez garde à vous-mêmes. Si ton frère a péché, reprends-le; et, sil se repent, pardonne-lui."
LUK.17.4,"Ekada mwange wɛ aokɔi bobe busa bomɔti mbala sambo ko asɔmbi adi wɛ mbala sambo na bobala: nadjebi bobe bo mbi, moyɛ.».","Et sil a péché contre toi sept fois dans un jour et que sept fois il revienne à toi, disant: Je me repens, tu lui pardonneras."
LUK.17.5,Bapɔsɔlu babalaka na Kumu: «Lobakea bodima bo biso».,Les apôtres dirent au Seigneur: Augmente-nous la foi.
LUK.17.6,"Kumu abasɔmbedjaka: «Osodani na bodima nongo bokɛkɛ elenge mbuma e motade, oboanini bobala na mole mu mo sikɔmɔlɔ: Sabikoa ko kɛ asadumbe ta dua enɛnɛ, ko mosumabini.».","Et le Seigneur dit: Si vous aviez de la foi comme un grain de sénevé, vous diriez à ce sycomore: Déracine-toi, et plante-toi dans la mer; et il vous obéirait."
LUK.17.7,"«Ekada omɔti o bino adi na mosali, yona okamone gbie; kaoko akabane bingbɛndɛ bi nde; abalake na nde soti akamoenɛ ahule ta gbie: Dua pɛpɛlɛ ayake ta mesa.","Qui de vous, ayant un serviteur qui laboure ou paît les troupeaux, lui dira, quand il revient des champs: Approche vite, et mets-toi à table?."
LUK.17.8,"Ngasa, abalake na nde: Kaleani mia, lwa bisendja bipele, ko dua pɛni mia. Ehole asidjake mbi boyaka ko na bomwaka; abalake na nde: Kɛ ayake ko amwake e wɛ engbanga pongono.","Ne lui dira-t-il pas au contraire: Prépare-moi à souper, ceins-toi, et sers-moi, jusquà ce que jaie mangé et bu; après cela, toi, tu mangeras et boiras?."
LUK.17.9,Aboani mɛnɛ bopa mɛlɛsi adi mosali ngɔngɔ i bokokedja meako misusu mibali wɛ na nde?.,Doit-il de la reconnaissance à ce serviteur parce quil a fait ce qui lui était ordonné?.
LUK.17.10,"Edi oko bea tine bino, ekada boo okɔeni misusu imi miopini bo okɔeni: Iso lodi oko basali, lokɔi mosala moboanaki na su bokɔ.».","Vous de même, quand vous avez fait tout ce qui vous a été ordonné, dites: Nous sommes des serviteurs inutiles, nous avons fait ce que nous devions faire."
LUK.17.11,"Yesu yana adakayo akɛ ta Yelusalɛmɛ, anɔkɔ ta mwei mo Samalia na Galilea.","Jésus, se rendant à Jérusalem, passait entre la Samarie et la Galilée."
LUK.17.12,"Ehole ekweaka yo ta ibonga, bato ba mabha domi baduaka asakana na nde. Baemaka bohali.","Comme il entrait dans un village, dix lépreux vinrent à sa rencontre. Se tenant à distance, ils élevèrent la voix, et dirent:."
LUK.17.13,"ko babangaka bogama: «Yesu, Molehi, lokea ndjokwa!».","Jésus, maître, aie pitié de nous!."
LUK.17.14,"Ehole ebaenɛkɛ Yesu abalaka na bu: «Kɛni asainedjeni adi banganga ba Ndjakomba .» Ehole edaka bo bakɛ, basɛnoaka.","Dès quil les eut vus, il leur dit: Allez vous montrer aux sacrificateurs. Et, pendant quils y allaient, il arriva quils furent guéris."
LUK.17.15,"Omɔti o bobo, aenɛkɛ yo boo asɛnɔi, asɔmbɔkɔ akumedja Ndjakomba na moholi mopipo.","Lun deux, se voyant guéri, revint sur ses pas, glorifiant Dieu à haute voix."
LUK.17.16,"Asadumbaka ta mako ma Yesu boso ta kpɔtɔ, ko amopaka mɛlɛsi. Enakobea adakamo Samalia.","Il tomba sur sa face aux pieds de Jésus, et lui rendit grâces. Cétait un Samaritain."
LUK.17.17,Yesu ahɔdjɔkɔ: «Osɛnɔitini bato domi? Ko ibwa ba do?.,"Jésus, prenant la parole, dit: Les dix nont-ils pas été guéris? Et les neuf autres, où sont-ils?."
LUK.17.18,Oko mokɛndɛli iyo asɔmbi apa Ndjakomba mɛlɛsi?».,Ne sest-il trouvé que cet étranger pour revenir et donner gloire à Dieu?.
LUK.17.19,"Bea Yesu abalaka na nde: «Angɔ, ko kɛɛ; bodima bo wɛ boheledji.».","Puis il lui dit: Lève-toi, va; ta foi ta sauvé."
LUK.17.20,Bapalusai bahɔdjɔkɔ Yesu ehole ndani eboani Bokumu bo Ndjakomba bodua Bokumu bo Ndjakomba boduetebi elenge eka ekenɛmɛ na miso.,Les pharisiens demandèrent à Jésus quand viendrait le royaume de Dieu. Il leur répondit: Le royaume de Dieu ne vient pas de manière à frapper les regards.
LUK.17.21,"Babaletebi: «Endjani adi yo iya!» Kaoko: «Endjani adi yo oho! Tengasa, Bokumu bo Ndjakomba bodi a ndanda e bino.».","On ne dira point: Il est ici, ou: Il est là. Car voici, le royaume de Dieu est au milieu de vous."
LUK.17.22,"Bea abalaka na batingami: «Masu maduake, wadakeni na posa e boenɛ Mwana o Moto, nongo isu i mɔti, endolo otamoenɛbini.».","Et il dit aux disciples: Des jours viendront où vous désirerez voir lun des jours du Fils de lhomme, et vous ne le verrez point."
LUK.17.23,"Babalabi na nu: «Endjani, adi iya!» Kaoko «Endjani, adi i bo! Endolo pɛ bokɛni, pɛ bopotani ebango tine bokɛ.","On vous dira: Il est ici, il est là. Ny allez pas, ne courez pas après."
LUK.17.24,"Mondumba mokaimane mokalikali bobwanedja busa dɔngɔ na dɔngɔ, edabi oko bea bodua bo Mwana o Moto ta busa bo nde.","Car, comme léclair resplendit et brille dune extrémité du ciel à lautre, ainsi sera le Fils de lhomme en son jour."
LUK.17.25,Endolo eboani boso mɛnɛ aenɛ saya enɛnɛ ko bato ba ehole ye bamolone.,"Mais il faut auparavant quil souffre beaucoup, et quil soit rejeté par cette génération."
LUK.17.26,Imikɔmɔkɔ ta ehole e Nowa mikɔmɔbi pongono ta isu i Mwana o Moto.,Ce qui arriva du temps de Noé arrivera de même aux jours du Fils de lhomme.
LUK.17.27,"Bato bayaka, bamwaka, bamina bali bosɔnɔkɔ, mbunoko busa bo Nowa bokwea yo ta masua. Ngɔngɔ pela eduaka ko eowaka bato basusu.","Les hommes mangeaient, buvaient, se mariaient et mariaient leurs enfants, jusquau jour où Noé entra dans larche; le déluge vint, et les fit tous périr."
LUK.17.28,"Edaka pongono bea ta masu ma Lɔtɔ. Bato badaka bayaka, bamwaka, basombaka, batɛkɛkɛ, baonaka, ko batongaka.","Ce qui arriva du temps de Lot arrivera pareillement. Les hommes mangeaient, buvaient, achetaient, vendaient, plantaient, bâtissaient;."
LUK.17.29,"Endolo isu ima Lɔtɔ ta Sɔdɔmo, mbua o mabanga ma mosa mokwaka donga ta busa mangodjaka bato ko bagwaka basusu.","mais le jour où Lot sortit de Sodome, une pluie de feu et de soufre tomba du ciel, et les fit tous périr."
LUK.17.30,Edabi oko moda momina ta isu isenɛmɛdjabi Mwana o Moto.,Il en sera de même le jour où le Fils de lhomme paraîtra.
LUK.17.31,"Ta isu imina, moto yona odabi ta mbalasani e ndako odiko atitetebi bɛngi adue atomba leka lo nde lodi ta otei e ndako! Oko bea, yona odabi ta gbie atasɔmbɔbi ta ndako e nde.","En ce jour-là, que celui qui sera sur le toit, et qui aura ses effets dans la maison, ne descende pas pour les prendre; et que celui qui sera dans les champs ne retourne pas non plus en arrière."
LUK.17.32,Lɛdjɛni mwali o Lɔtɔ!.,Souvenez-vous de la femme de Lot.
LUK.17.33,"Yona ohombabi boheledja mohelo mo nde, amobungedjabi; endolo yona obungedjabi mohelo mo nde, amodiabi.","Celui qui cherchera à sauver sa vie la perdra, et celui qui la perdra la retrouvera."
LUK.17.34,"Nabali na nu, ta bulu bua, bato babae badabi ta bokaki bomɔti: omɔti atombamabi ko okina adikabi.","Je vous le dis, en cette nuit-là, de deux personnes qui seront dans un même lit, lune sera prise et lautre laissée;."
LUK.17.35,"Bali babae badabi bainda mbuma polo emɔti, omɔti atombamabi ko okina adikabi. .","de deux femmes qui moudront ensemble, lune sera prise et lautre laissée."
LUK.17.36,Bato babae bia basalaka mosala ta gbie emɔti: omɔti atombamabi ko okina adikabi .».,"De deux hommes qui seront dans un champ, lun sera pris et lautre laissé."
LUK.17.37,"Batingami bamohɔdjɔkɔ: «Kumu, akɔmɔbi modjɔ momina djɔ?» Kumu abasɔmbedjaka: «Polo esusu esambi ebembe, bingbondo ikaputoane ena.».","Les disciples lui dirent: Où sera-ce, Seigneur? Et il répondit: Où sera le corps, là sassembleront les aigles."
LUK.18.1,"Yesu abalaka na batingami ba nde isɛ imɔti, tine bobainedja etungi seko bongɔnɔ napɛ, bokina:.","Jésus leur adressa une parabole, pour montrer quil faut toujours prier, et ne point se relâcher."
LUK.18.2,«Edaka ta ibonga inɛnɛ djudji omɔti odaka pɛ bobanga Ndjakomba ko taendje mbanda e moto.,Il dit: Il y avait dans une ville un juge qui ne craignait point Dieu et qui navait dégard pour personne.
LUK.18.3,"Edaka pongono ta ibonga imina, mwali omɔti ogwa na momi aduaka seko seko bobala na nde: Kateani ikambo i mbi na moloni o mbi.",Il y avait aussi dans cette ville une veuve qui venait lui dire: Fais-moi justice de ma partie adverse.
LUK.18.4,"Donga ehele, djudji aipalaka. Ngɔngɔ asabaleaka: Nongo te na bange Ndjakomba ko tenedje mbanda e moto;.",Pendant longtemps il refusa. Mais ensuite il dit en lui-même: Quoique je ne craigne point Dieu et que je naie dégard pour personne.
LUK.18.5,"Endolo elenge mwali yo obogwa atungeakani mɛnɛ, nakataka ikambo i nde, tine atadedjakani bogo.».","néanmoins, parce que cette veuve mimportune, je lui ferai justice, afin quelle ne vienne pas sans cesse me rompre la tête."
LUK.18.6,Ibea Kumu abakeaka: «Okani eka abalaka djudji yona mobe!.,Le Seigneur ajouta: Entendez ce que dit le juge inique.
LUK.18.7,"Ko Ndjakomba, akatetebi na bodjo midjɔ mi bato bia bahɔmɔ bakamongɔne bulu na moi? Ayeyoabi tina ebobakɔmedja?.","Et Dieu ne fera-t-il pas justice à ses élus, qui crient à lui jour et nuit, et tardera-t-il à leur égard?."
LUK.18.8,"Nabali na nu: akatabi midjɔ mi bobo pɛpɛlɛ. Endolo ehole eduabi Mwana o Moto, ataneabi bodima ta ngondo?».","Je vous le dis, il leur fera promptement justice. Mais, quand le Fils de lhomme viendra, trouvera-t-il la foi sur la terre?."
LUK.18.9,Yesu abalaka isɛ di tina e bato bakasenɛ badi bodjo ta miso ma Ndjakomba ko botsiola bakina:.,"Il dit encore cette parabole, en vue de certaines personnes se persuadant quelles étaient justes, et ne faisant aucun cas des autres:."
LUK.18.10,«Bato babae bakɛkɛ ta tepelo tine bongɔnɔ; omɔti adaka Mopalusai okina adaka moputedji o puti.,"Deux hommes montèrent au temple pour prier; lun était pharisien, et lautre publicain."
LUK.18.11,"Mopalusai, aemaka diko, aongɔnɔkɔ ta tei e molema mo nde: Oo Ndjakomba, naopi mɛlɛsi naditi elenge bato bakina, ibi badi baubi, milema mibeko bandukeli; kaoko elenge moputedji o puti iyo.","Le pharisien, debout, priait ainsi en lui-même: O Dieu, je te rends grâces de ce que je ne suis pas comme le reste des hommes, qui sont ravisseurs, injustes, adultères, ou même comme ce publicain;."
LUK.18.12,"Nakakie mbala ibae ta pɔsɔ, nakapɛ ekenge emɔti na domi e bodieli bo mbi.","je jeûne deux fois la semaine, je donne la dîme de tous mes revenus."
LUK.18.13,"Endolo Moputedji o puti asemeaka bohali, aibɔngɔkɔ boendja miso ma nde ta busa ko asapeka ta molo eni asabalea: Oo Ndjakomba, okeani ndjokwa, nadi moto mobe.","Le publicain, se tenant à distance, nosait même pas lever les yeux au ciel; mais il se frappait la poitrine, en disant: O Dieu, sois apaisé envers moi, qui suis un pécheur."
LUK.18.14,"Na bea nabali na nu soti, Ndjakomba alanga moputedji o puti iyo bodjo endolo te Mopalusai. Tengasa, moto yona okasangɔdje, bamotitedjabi, endolo yona okasatitedje, bamoangɔdjɔbi.».","Je vous le dis, celui-ci descendit dans sa maison justifié, plutôt que lautre. Car quiconque sélève sera abaissé, et celui qui sabaisse sera élevé."
LUK.18.15,"Bato baduaka na bana bakɛkɛ adi Yesu ababake mɔmɔ. Aenɛkɛ batingami bea, babasiaka.","On lui amena aussi les petits enfants, afin quil les touchât. Mais les disciples, voyant cela, reprenaient ceux qui les amenaient."
LUK.18.16,"Endolo Yesu abeaka bana ko abalaka: «Kinani bana badue adi mbi! Pɛ bobasiani, tengasa Bokumu bo Ndjakomba bodi adi bia badi elenge bo.","Et Jésus les appela, et dit: Laissez venir à moi les petits enfants, et ne les en empêchez pas; car le royaume de Dieu est pour ceux qui leur ressemblent."
LUK.18.17,"Nabali na nu, edi soti: moto odi pɛ boasɔ bokumu bo Ndjakomba elenge mwana akwetebi oho.».","Je vous le dis en vérité, quiconque ne recevra pas le royaume de Dieu comme un petit enfant ny entrera point."
LUK.18.18,"Mokondji omɔti o Bayuda ahɔdjɔkɔ Yesu: «Molehi mopele, eboani mbi bokɔ nde bɛngi nadie bomɔ bo seko?».","Un chef interrogea Jésus, et dit: Bon maître, que dois-je faire pour hériter la vie éternelle?."
LUK.18.19,Yesu abalaka na nde: «Tina nda obeini molehi mopele? Moto mopele aditi dongedja oko Ndjakomba.,Jésus lui répondit: Pourquoi mappelles-tu bon? Il ny a de bon que Dieu seul.
LUK.18.20,Odjebi mibeko: Pɛ bokɔ ekobo; pɛ bowa moto; pɛ boiba; pɛ bobala tati e boloa tine moto; suma sange e wɛ na nange e wɛ.».,Tu connais les commandements: Tu ne commettras point dadultère; tu ne tueras point; tu ne déroberas point; tu ne diras point de faux témoignage; honore ton père et ta mère.
LUK.18.21,Moto omina asɔmbedjaka: «Nakasume mibeko misusu donga ta bobwɛngɛ bo mbi.».,"Jai, dit-il, observé toutes ces choses dès ma jeunesse."
LUK.18.22,"Ngɔngɔ i boka bea, Yesu amosɔmbedjaka: «Otaki modjɔ momɔti: tɛkɛ leka losusu lodi na wɛ ko kabana palanga na batakeli na bea wadiake madieli ta busa. Ngɔngɔ dua ko kimanani.».","Jésus, ayant entendu cela, lui dit: Il te manque encore une chose: vends tout ce que tu as, distribue-le aux pauvres, et tu auras un trésor dans les cieux. Puis, viens, et suis-moi."
LUK.18.23,"Endolo ehole eoka moto omina bea, asokea ndjokwa, tine adaka na bodieli bonɛnɛ.","Lorsquil entendit ces paroles, il devint tout triste; car il était très riche."
LUK.18.24,"Yana amoenɛkɛ Yesu aimeaka na ndjokwa, abalaka: «Edi bopipo tina e bato ba bodieli bakwe ta Bokumu bo Ndjakomba!.","Jésus, voyant quil était devenu tout triste, dit: Quil est difficile à ceux qui ont des richesses dentrer dans le royaume de Dieu!."
LUK.18.25,"Editi na bopipo boo kamela akwe ta ipose i tonga, endolo edi na bopipo mɛnɛ modieli akwe ta Bokumu bo Ndjakomba.».",Car il est plus facile à un chameau de passer par le trou dune aiguille quà un riche dentrer dans le royaume de Dieu.
LUK.18.26,"Bato badaka bamohokamedja, babalaka: «Endolo ohelabi nda?».",Ceux qui lécoutaient dirent: Et qui peut être sauvé?.
LUK.18.27,"Yesu asɔmbedjaka: «Modjɔ modi bato pɛ bohɔnɔ bokɔ, Ndjakomba adi bomokɔ.».",Jésus répondit: Ce qui est impossible aux hommes est possible à Dieu.
LUK.18.28,"Piɛlɛ abalaka: «Oka, iso lokina leka lo biso losusu tine bokimana.».","Pierre dit alors: Voici, nous avons tout quitté, et nous tavons suivi."
LUK.18.29,"Yesu abalaka na bu: «Notɔndeakani, edi soti: ekada moto okini, tine Bokumu bo Ndjakomba, ndako e nde, mwali o nde, ba ngɔngɔ i nde, baboti ba nde, bana ba nde.","Et Jésus leur dit: Je vous le dis en vérité, il nest personne qui, ayant quitté, à cause du royaume de Dieu, sa maison, ou sa femme, ou ses frères, ou ses parents, ou ses enfants."
LUK.18.30,adiabi lonɛnɛ bonɔ ta ehole ye ko ta ngondo yena aduake; adiabi bomɔ bo seko.».,"ne reçoive beaucoup plus dans ce siècle-ci, et, dans le siècle à venir, la vie éternelle."
LUK.18.31,"Yesu abeaka batingami domi na babae ko abalaka na bu: «Okani, lokɛ ta ibonga Yelusalɛmɛ oho polo ekokedjamabi meako misusu mikoma ba mbaeli ba Ndjakomba tina e Mwana o Moto.","Jésus prit les douze auprès de lui, et leur dit: Voici, nous montons à Jérusalem, et tout ce qui a été écrit par les prophètes au sujet du Fils de lhomme saccomplira."
LUK.18.32,"Bamokababi ta mɔmɔ ma bapangano, bamosɛkɛbi, bamosingabi, ko bamotsweabi masɔi.","Car il sera livré aux païens; on se moquera de lui, on loutragera, on crachera sur lui."
LUK.18.33,"Bamokɛsɛkɛbi na mbalake, ba mowabi ko ta isu i basato apusoabi ta bogwa.».","et, après lavoir battu de verges, on le fera mourir; et le troisième jour il ressuscitera."
LUK.18.34,"Endolo batingami baisipoaka tina e meako mimina, tengasa midaka mbombi ta miso ma bobo. Baidjebaka eka epalaka Yesu bobala.","Mais ils ne comprirent rien à cela; cétait pour eux un langage caché, des paroles dont ils ne saisissaient pas le sens."
LUK.18.35,"Yana adaka Yesu bobatama na Yeliko, edaka na moto o miso mago adaka na mobondo ta yɔngɔ e ndjea tine bosengɛ ekamweli.","Comme Jésus approchait de Jéricho, un aveugle était assis au bord du chemin, et mendiait."
LUK.18.36,Aokaka daka emumu e bato badaka banɔe ko ahɔdjɔkɔ: Iye daka eokaka mbi eye?.,"Entendant la foule passer, il demanda ce que cétait."
LUK.18.37,Bamotɔndeaka: «Edi Yesu o Nasaleta yona anɔke.».,On lui dit: Cest Jésus de Nazareth qui passe.
LUK.18.38,"Mbala emɔti agamaka: «Yesu, Mwana o Dapiti, okeani ndjokwa!».","Et il cria: Jésus, Fils de David, aie pitié de moi!."
LUK.18.39,"Ibiya ibadalaka boso bamogameaka apɔpɔne. Endolo yo agamaka naikina na ngulu: «Mwana o Dapiti, okeani ndjokwa!».","Ceux qui marchaient devant le reprenaient, pour le faire taire; mais il criait beaucoup plus fort: Fils de David, aie pitié de moi!."
LUK.18.40,"Yesu aemaka ko abalaka: «Duani na nde.» Ehole ebatamaka yo na, Yesu amohɔdjɔkɔ:.","Jésus, sétant arrêté, ordonna quon le lui amène; et, quand il se fut approché."
LUK.18.41,"«Opali nakɔe na wɛ bo?» Asɔmbedjaka: «Kumu, kɔɔ boo naenɛ naikina.».","il lui demanda: Que veux-tu que je te fasse? Il répondit: Seigneur, que je recouvre la vue."
LUK.18.42,"Yesu abalaka na nde: «Oko bea, enɛ, bodima bo wɛ boheledji.».",Et Jésus lui dit: Recouvre la vue; ta foi ta sauvé.
LUK.18.43,"Na mbala emɔti, aimeaka boenɛ, atingamaka ngɔngɔ i Yesu ko eni akumedja Ndjakomba. Emumu e bato aenɛbo bea ko bakumedjaka Ndjakomba pongono.","A linstant il recouvra la vue, et suivit Jésus, en glorifiant Dieu. Tout le peuple, voyant cela, loua Dieu."
LUK.19.1,Ngɔngɔ i bokwea ta Yeliko Yesu akatisaka ibonga imina.,"Jésus, étant entré dans Jéricho, traversait la ville."
LUK.19.2,Edaka oho moto omɔti kombe Djakayo; adaka mokondji o ba putedji ba puti ko adaka modieli.,"Et voici, un homme riche, appelé Zachée, chef des publicains, cherchait à voir qui était Jésus;."
LUK.19.3,"Adaka na posa e boenɛ Yesu. Endolo elenge adakayo mokuwe, aibɔngɔkɔ bomoenɛ, tine emumu e bato.","mais il ne pouvait y parvenir, à cause de la foule, car il était de petite taille."
LUK.19.4,"Apotaka boso ko aiweaka ta mole mo sikomɔle, bɛngi aenɛ Yesu ehole anɔke yo ena.","Il courut en avant, et monta sur un sycomore pour le voir, parce quil devait passer par là."
LUK.19.5,"Ehole eimeaka Yesu ta polo emina, angɔdjɔkɔ miso ko abalaka na Djakayo: «Tita pɛpɛlɛ, Djakayo, tengasa etungi busa bu nadae ta ndako e wɛ.».","Lorsque Jésus fut arrivé à cet endroit, il leva les yeux et lui dit: Zachée, hâte-toi de descendre; car il faut que je demeure aujourdhui dans ta maison."
LUK.19.6,Djakayo atitaka pɛpɛlɛ ko amoasɔkɔ na mongandi ta ndako e nde.,"Zachée se hâta de descendre, et le reçut avec joie."
LUK.19.7,"Aenɛkɛbo bea, bato basusu banungunaka ta tina e Yesu, babalaka: «Moto iyo akɛi ada ta ndako e moto mobe!».","Voyant cela, tous murmuraient, et disaient: Il est allé loger chez un homme pécheur."
LUK.19.8,"Djakayo, angɔkɔ ta boso bo Kumu, abalaka na nde: «Kumu, napake ndanda e bodieli bo mbi adi batakeli; ko nakakatoa moto palanga, namosɔmbedjake mbala inɛi.».","Mais Zachée, se tenant devant le Seigneur, lui dit: Voici, Seigneur, je donne aux pauvres la moitié de mes biens, et, si jai fait tort de quelque chose à quelquun, je lui rends le quadruple."
LUK.19.9,"Yesu abalaka ta tina e nde: «Busa bu, mohelo mokwei ta ndako ye, tengasa yo pongono adi omɔti o ibota i Abalayama.","Jésus lui dit: Le salut est entré aujourdhui dans cette maison, parce que celui-ci est aussi un fils dAbraham."
LUK.19.10,Mwana o moto aduaka tine bohomba ko boheledja ibia babungaka.».,Car le Fils de lhomme est venu chercher et sauver ce qui était perdu.
LUK.19.11,Yesu abalaka naikina isɛ tine bato baduaka aoka mibalo mi nde. Adaka mbuti na Yelusalɛmɛ ko balɛdjɛkɛ boo Bokumu bo Ndjakomba boimeaka mbuti na bosaenɛmedja.,"Ils écoutaient ces choses, et Jésus ajouta une parabole, parce quil était près de Jérusalem, et quon croyait quà linstant le royaume de Dieu allait paraître."
LUK.19.12,Endja moda mobalaka yo: «Moto omɔti o ibota i gala akɛkɛ ta ngondo e bohali bɛngi bamoimedje kumu; ko ahule ta ngondo e nde.,"Il dit donc: Un homme de haute naissance sen alla dans un pays lointain, pour se faire investir de lautorité royale, et revenir ensuite."
LUK.19.13,"Boso bo bokɛ, abeaka basali ba nde domi, apaka adi omɔti na omɔti ebende e wolo e motuya monɛnɛ ko abalaka na bu: Kɔni mombongu na palanga emina mbunoko ihule i mbi.","Il appela dix de ses serviteurs, leur donna dix mines, et leur dit: Faites-les valoir jusquà ce que je revienne."
LUK.19.14,Endolo bato ba ibonga e nde baimopalaka. Balomaka bato ngɔngɔ i nde bɛngi bamotɔnde boo: Iso loloni wɛ boda kumu o biso.,"Mais ses concitoyens le haïssaient, et ils envoyèrent une ambassade après lui, pour dire: Nous ne voulons pas que cet homme règne sur nous."
LUK.19.15,"Nongo bea bamoimedjaka kumu ko ahulaka ta ibonga i nde. Abeaka basali ba nde ibia bapaka yo palanga, bɛngi adjebe mbuka adiaka bo.","Lorsquil fut de retour, après avoir été investi de lautorité royale, il fit appeler auprès de lui les serviteurs auxquels il avait donné largent, afin de connaître comment chacun lavait fait valoir."
LUK.19.16,"Mosali o boso aimeaka ko abalaka: kumu, nabakeaka bibende bi wolo domi ta djia djipakani wɛ.","Le premier vint, et dit: Seigneur, ta mine a rapporté dix mines."
LUK.19.17,"Kumu abalaka na nde: Edi bopele, odi mosali mopele. Tengasa odaki na bodjo ta midjɔ mikɛkɛkɛ, noimedji gupɛnɛlɛ o mabonga domi.","Il lui dit: Cest bien, bon serviteur; parce que tu as été fidèle en peu de chose, reçois le gouvernement de dix villes."
LUK.19.18,"Mosali o babae aduaka ko abalaka: Kumu, na bakeaka bibende bi wolo bitano ta djia djipakani wɛ.","Le second vint, et dit: Seigneur, ta mine a produit cinq mines."
LUK.19.19,"Kumu abalaka na yona: wɛ, noimedji gupɛnɛlɛ o mabonga matano.","Il lui dit: Toi aussi, sois établi sur cinq villes."
LUK.19.20,"Okina mosali aduaka ko abalaka: Kumu, endja ebende e wɛ e wolo iye. Naebomba ta epasa e esendja.","Un autre vint, et dit: Seigneur, voici ta mine, que jai gardée dans un linge;."
LUK.19.21,"Nadaka na bɔɔ na wɛ, tengasa okadɛ moto omongangale: okatombe eka eda wɛ pɛ bosambea, okabuke ta polo eda wɛ pɛ bona.","car javais peur de toi, parce que tu es un homme sévère; tu prends ce que tu nas pas déposé, et tu moissonnes ce que tu nas pas semé."
LUK.19.22,"Kumu abalaka na nde: Mosali mobe, nosambedjaka na bokimana na mibalo mi wɛ mɛnɛ. Odjebaka boo, nadi moto omongangale, nakatombe leka lokadae mbi pɛ bobomba, nakabuke leka lokadae mbi pɛ bona.","Il lui dit: Je te juge sur tes paroles, méchant serviteur; tu savais que je suis un homme sévère, prenant ce que je nai pas déposé, et moissonnant ce que je nai pas semé;."
LUK.19.23,"Na bea, tina ndani oibomba palanga e mbi ta ndako ekabombe bo palanga ekabee bo bange? Ta ihule i mbi, naboanaka boedia na mbuka.","pourquoi donc nas-tu pas mis mon argent dans une banque, afin quà mon retour je le retirasse avec un intérêt?."
LUK.19.24,Ngɔngɔ abalaka na bia badaka ena: Mokatoani ebende e wolo emina ko epani adi yona odi nadju domi.,"Puis il dit à ceux qui étaient là: Otez-lui la mine, et donnez-la à celui qui a les dix mines."
LUK.19.25,"Babalaka na nde: kumu, adi nadju ehele domi.","Ils lui dirent: Seigneur, il a dix mines."
LUK.19.26,"Amosɔmbedjaka: Nabali na nu soti, moto yona odi na eka bamopabi naikina bonɔ; endolo adi yona odi ngasa, bamokatoabi eka edi na nde.","Je vous le dis, on donnera à celui qui a, mais à celui qui na pas on ôtera même ce quil a."
LUK.19.27,"Ta tina e baloni ba mbi ibalonaka nadae kumu, duani na bu iya ko baowani ta miso ma mbi.».","Au reste, amenez ici mes ennemis, qui nont pas voulu que je régnasse sur eux, et tuez-les en ma présence."
LUK.19.28,"Ngɔngɔ isidjaka Yesu bobala bea, adalaka boso ta ndjea ekɛkɛ ta Yelusalɛmɛ.","Après avoir ainsi parlé, Jésus marcha devant la foule, pour monter à Jérusalem."
LUK.19.29,"Ehole ebatamaka yo ta ibonga i Betepasa ko na Betania, mbuti na ngomba e Olipa, alomaka batingami babae boso.","Lorsquil approcha de Bethphagé et de Béthanie, vers la montagne appelée montagne des oliviers, Jésus envoya deux de ses disciples."
LUK.19.30,"Abalaka na bu «kɛni ta ibonga dia idi boso bo bino. Ehole aimeakeno, wataneakeni mwana o ane atingi, yona oda moto pɛ bobakama. Motingoani ko duani na nde iya.","en disant: Allez au village qui est en face; quand vous y serez entrés, vous trouverez un ânon attaché, sur lequel aucun homme ne sest jamais assis; détachez-le, et amenez-le."
LUK.19.31,"Ko moto akohɔdjɔni: Tina ndani wa motingoakani?, Balani na nde: Kumu adi na posa na yu.».",Si quelquun vous demande: Pourquoi le détachez-vous? Vous lui répondrez: Le Seigneur en a besoin.
LUK.19.32,Ibalomamaka bakɛkɛ ko bataneaka oko elenge ebalaka Yesu na bu.,"Ceux qui étaient envoyés allèrent, et trouvèrent les choses comme Jésus leur avait dit."
LUK.19.33,"Ta ehole etingoaka bo mwana o ane, baswa nde babalaka na bu: «Waetingoakani tina nda?».","Comme ils détachaient lânon, ses maîtres leur dirent: Pourquoi détachez-vous lânon?."
LUK.19.34,Basɔmbedjaka: «Kumu adi na posa na yu.».,Ils répondirent: Le Seigneur en a besoin.
LUK.19.35,Ko bahulaka na yu adi Yesu; babakeaka bisendja bi bobo diko i ane ko babakeaka Yesu.,"Et ils amenèrent à Jésus lânon, sur lequel ils jetèrent leurs vêtements, et firent monter Jésus."
LUK.19.36,"Yana adakabo badale, bato bandaka bisendja bi bobo na ndjea.","Quand il fut en marche, les gens étendirent leurs vêtements sur le chemin."
LUK.19.37,"Abatamaka yo mbuti na Yelusalɛmɛ, ta ndjea enɔkɔ ta ngomba e Olipa, emumu e batingami, balumaka na mongandi, bakumedjaka Ndjakomba na moholi mopipo tine bimbete bi ngindola bienɛkɛ bo.","Et lorsque déjà il approchait de Jérusalem, vers la descente de la montagne des oliviers, toute la multitude des disciples, saisie de joie, se mit à louer Dieu à haute voix pour tous les miracles quils avaient vus."
LUK.19.38,"Babalaka: «Kina boo Ndjakomba yona odi diko i losusu adjongoe, yona aduake na kombe e Mokondji! Bogo ta busa ko ekumu adi Ndjakomba ta bisika binɔi odiko!».","Ils disaient: Béni soit le roi qui vient au nom du Seigneur! Paix dans le ciel, et gloire dans les lieux très hauts!."
LUK.19.39,"Bakina bapalusai, ibadaka ta emumu, babalaka na Yesu: «Molehi, tɔndea batingami ba wɛ bakine daka!».","Quelques pharisiens, du milieu de la foule, dirent à Jésus: Maître, reprends tes disciples."
LUK.19.40,"Yesu asɔmbedjaka: «Nabali na nu, nakabasia bakine daka, mabanga magamabi!».","Et il répondit: Je vous le dis, sils se taisent, les pierres crieront!."
LUK.19.41,"Ehole ebatamaka Yesu na ibonga inɛnɛ ko aenɛkɛ yo, ayeaka tine eyu.","Comme il approchait de la ville, Jésus, en la voyant, pleura sur elle, et dit:."
LUK.19.42,"Abalaka: «Eso eda boo wɛ pongono odjebaka ta isu di, iyena eolwɛke bogo! Ndjokwa! Edɛdi modjɔ momina modi mobombamake ta miso ma wɛ!.","Si toi aussi, au moins en ce jour qui test donné, tu connaissais les choses qui appartiennent à ta paix! Mais maintenant elles sont cachées à tes yeux."
LUK.19.43,"Tengasa masu maduake baloni ba wɛ baohikabini na bianeli bipipo, baodeabini ko baombambamedjabini pamba djisusu.","Il viendra sur toi des jours où tes ennemis tenvironneront de tranchées, tenfermeront, et te serreront de toutes parts;."
LUK.19.44,"Baobedjabini mɛnɛ, wɛ na bato ba wɛ! Bakinetebini ibanga imɔti ibaki diko i ikina! Tine boo oisipoani ehole aduaka Ndjakomba aokamoani!».","ils te détruiront, toi et tes enfants au milieu de toi, et ils ne laisseront pas en toi pierre sur pierre, parce que tu nas pas connu le temps où tu as été visitée."
LUK.19.45,Yesu akweaka ta tepelo ko aimeaka bobengana batɛki.,"Il entra dans le temple, et il se mit à chasser ceux qui vendaient."
LUK.19.46,"Abalaka na bu: «Makomi mabalaka: Ndako e mbi edabi ndako e miongɔnɔ. Endolo ino, oimedjini ndako e baubi!».","leur disant: Il est écrit: Ma maison sera une maison de prière. Mais vous, vous en avez fait une caverne de voleurs."
LUK.19.47,"Yesu adaka aleha masu masusu ta bopango bo tepelo. Bakondji ba banganga ba Ndjakomba, balehi ba mobeko, na bakumu ba bato, bahombaka enɔeli e bomowa.","Il enseignait tous les jours dans le temple. Et les principaux sacrificateurs, les scribes, et les principaux du peuple cherchaient à le faire périr;."
LUK.19.48,"Endolo baidjebaka mondumba mo bokɔ, tengasa bato basusu badaka bamohokamedja na edinga.","mais ils ne savaient comment sy prendre, car tout le peuple lécoutait avec admiration."
LUK.20.1,"Busa bomɔti, Yesu adaka aleha bato ta bopango bo tepelo, ko atɔndɔkɔ Bwɛndi Bopele; bakondji ba banganga ba Ndjakomba ko na balehi ba mobeko na bakumu ba ibonga, baduaka.","Un de ces jours-là, comme Jésus enseignait le peuple dans le temple et quil annonçait la bonne nouvelle, les principaux sacrificateurs et les scribes, avec les anciens, survinrent."
LUK.20.2,Bamohɔdjɔkɔ: «Lotɔndea ta kombe e nda? Akɔkɔ na wɛ meako mi? Opa kpatsi emina nda?».,"et lui dirent: Dis-nous, par quelle autorité fais-tu ces choses, ou qui est celui qui ta donné cette autorité?."
LUK.20.3,"Yesu abasɔmbedjaka: «Mbi pongono, napalaka nohɔdjeni. Tɔndeanini:.",Il leur répondit: Je vous adresserai aussi une question.
LUK.20.4,Olomaka Yoane bobatisa bato nda? Edi Ndjakomba kaoko bato?».,"Dites-moi, le baptême de Jean venait-il du ciel, ou des hommes?."
LUK.20.5,"Balɛdjɛkɛ ibo na ibo: «Lokasɔmbedja: Edi Ndjakomba omoloma abatise, alohɔdjɔke: Eda na nu pɛ bodimea Yoane nde.","Mais ils raisonnèrent ainsi entre eux: Si nous répondons: Du ciel, il dira: Pourquoi navez-vous pas cru en lui?."
LUK.20.6,"Endolo lokabala: Edi bato bamolomaka, bato basusu balolake mabanga tine bolowa, tengasa bato banɛnɛ bapangoamaka boo Yoane adi mbaeli o Ndjakomba.».","Et si nous répondons: Des hommes, tout le peuple nous lapidera, car il est persuadé que Jean était un prophète."
LUK.20.7,Na bea basɔmbedjaka: «Iso lotadjebaka yona omoloma tine bobatisa.».,Alors ils répondirent quils ne savaient doù il venait.
LUK.20.8,"«Na bea, Yesu asɔmbedjaka, mbi pongono nitadjeba, nototɔndeakeni ndani opini kpatsi ebokɔ meako imi.».","Et Jésus leur dit: Moi non plus, je ne vous dirai pas par quelle autorité je fais ces choses."
LUK.20.9,"Ngɔngimina, Yesu abalaka na bato isɛ di: «Moto omɔti aonaka gbie e vino, aekinaka ta mɔmɔ ma basali ko akɛkɛ mɔndɔ tine masu manɛnɛ.","Il se mit ensuite à dire au peuple cette parabole: Un homme planta une vigne, lafferma à des vignerons, et quitta pour longtemps le pays."
LUK.20.10,"Ehole e bobuka mbuma eimeaka, alomaka mosali omɔti adi basali ba gbie e vino tine bamolome i nde ibondo. Endolo basali ba gbie babomaka mosali omina ko bamoyanedjaka mɔmɔ ngasa.","Au temps de la récolte, il envoya un serviteur vers les vignerons, pour quils lui donnent une part du produit de la vigne. Les vignerons le battirent, et le renvoyèrent à vide."
LUK.20.11,"Moswa gbie alomaka mosali okina, endolo basali ba gbie bamobomaka pongono, bamosingaka ko bamoyanedjaka mɔmɔ ngasa.","Il envoya encore un autre serviteur; ils le battirent, loutragèrent, et le renvoyèrent à vide."
LUK.20.12,Alomaka mosali o basato pongono; basali ba gbie yena bamobenedjaka ko bamodumbaka sokolu.,"Il en envoya encore un troisième; ils le blessèrent, et le chassèrent."
LUK.20.13,Moswa gbie asabaleaka: Nakɔe edɛdi boo? Nalomake mwana o mbi oepaeli; ehole ekina yo bamosumake.,Le maître de la vigne dit: Que ferai-je? Jenverrai mon fils bien-aimé; peut-être auront-ils pour lui du respect.
LUK.20.14,"Endolo ehole emoenɛkɛ basali ba gbie, basabaleanaka: Endjani mosangoli, lomowoe gbie edike e biso.","Mais, quand les vignerons le virent, ils raisonnèrent entre eux, et dirent: Voici lhéritier; tuons-le, afin que lhéritage soit à nous."
LUK.20.15,Na bea bamodumbaka sokolu e gbie ko bamowaka.,"Et ils le jetèrent hors de la vigne, et le tuèrent. Maintenant, que leur fera le maître de la vigne?."
LUK.20.16,"Ahulaka yo mɛnɛ, aowedjake basali bamina ko apake gbie e nde adi basali bakina.» Ehole eokaka bato kɔpi imina, babalaka: «Ngasa midjɔ tungu ye mitakɔmɔ!».","Il viendra, fera périr ces vignerons, et il donnera la vigne à dautres. Lorsquils eurent entendu cela, ils dirent: A Dieu ne plaise!."
LUK.20.17,Endolo Yesu abaendjaka ko abalaka: «Mobalo mu mo makomi matingodjaka ye: Ibanga idumbaka batongi imei ibanga i tina? .,"Mais, jetant les regards sur eux, Jésus dit: Que signifie donc ce qui est écrit: La pierre quont rejetée ceux qui bâtissaient Est devenue la principale de langle?."
LUK.20.18,"Moto mosusu okwabi ta diko i ibanga imina ibukeanabi; ko ibanga ikakwa ta diko i moto, imominakakabi.».","Quiconque tombera sur cette pierre sy brisera, et celui sur qui elle tombera sera écrasé."
LUK.20.19,"Balehi ba mobeko ko na bakondji ba banganga ba Ndjakomba bohombaka enɔi e bopea Yesu ta ehole emina, tengasa badjebaka boo abalaka isɛ dia tina e bobo; endolo babangaka bato.","Les principaux sacrificateurs et les scribes cherchèrent à mettre la main sur lui à lheure même, mais ils craignirent le peuple. Ils avaient compris que cétait pour eux que Jésus avait dit cette parabole."
LUK.20.20,"Baimeaka bolɔndɔ Yesu mɛnɛ. Na tina emina, bamolomeaka bato ibamolɔndɔkɔ elenge bato bapele. Bato bamina baboanaka bopikea Yesu elambo na mibalo mi nde, bɛngi badie enɔli e bomokaba ta kpatsi ko adi gupɛnɛlɛ.","Ils se mirent à observer Jésus; et ils envoyèrent des gens qui feignaient dêtre justes, pour lui tendre des pièges et saisir de lui quelque parole, afin de le livrer au magistrat et à lautorité du gouverneur."
LUK.20.21,"Bamohɔdjɔkɔ: «Molehi, lokadjebe okabale, okalehe bopele, toendjake bobe bomoto, endolo okalake mobalo mo Ndjakomba na soti.","Ces gens lui posèrent cette question: Maître, nous savons que tu parles et enseignes droitement, et que tu ne regardes pas à lapparence, mais que tu enseignes la voie de Dieu selon la vérité."
LUK.20.22,"Na bea lotɔndea, mobeko mo biso malolomaka kaoko ngasa, boputa puti e kumu o ba Loma?».","Nous est-il permis, ou non, de payer le tribut à César?."
LUK.20.23,Endolo elenge Yesu adjebaka yo elambo e bobo abasɔmbedjaka:.,"Jésus, apercevant leur ruse, leur répondit: Montrez-moi un denier."
LUK.20.24,"«Inedjanini ebende e pata. Epweya ko na kombe ekoma bo ta ebende emina, bo nda?» «Bo kumu Sedjale».","De qui porte-t-il leffigie et linscription? De César, répondirent-ils."
LUK.20.25,"Na bea Yesu abalaka na bu: «Pani adi Sedjale lo Sedjale, pani adi Ndjakomba lo Ndjakomba.».","Alors il leur dit: Rendez donc à César ce qui est à César, et à Dieu ce qui est à Dieu."
LUK.20.26,Baimodiaka na mobunga na mibalo mi nde ta miso ma bato. Mosɔmbedja mo nde mobakamodjaka ko batakaka eka e bobala.,"Ils ne purent rien reprendre dans ses paroles devant le peuple; mais, étonnés de sa réponse, ils gardèrent le silence."
LUK.20.27,Ekenge e Basadokai baduaka adi Yesu. Ibo te badimake boo bopusoa ta tei e bago bodi.,"Quelques-uns des sadducéens, qui disent quil ny a point de résurrection, sapprochèrent, et posèrent à Jésus cette question:."
LUK.20.28,"Bamohɔdjɔkɔ: «Molehi, Mose alokomeaka mobeko mu: Ekada moto adi na mwange nde, moto omina asɔi mwali ko agwi pɛ bokina bana; mwange nde asɔke mwali yona okina mwanango ko abotake na nde bana bɛngi asɔmbedji denga i mwange nde yona ogwa.","Maître, voici ce que Moïse nous a prescrit: Si le frère de quelquun meurt, ayant une femme sans avoir denfants, son frère épousera la femme, et suscitera une postérité à son frère."
LUK.20.29,Enakobea edaka ta ibota imɔti i bana bami sambo. Oboso asɔkɔ mwali ko agwaka pɛ bobota.,"Or, il y avait sept frères. Le premier se maria, et mourut sans enfants."
LUK.20.30,"O babae, asɔkɔ mwali o mwanga nde ogwa.",Le second et le troisième épousèrent la veuve;.
LUK.20.31,"ngɔngɔ ekɔmɔkɔ pongono na o basato. Enakobea ekɔmɔ pongono na bu basusu sambo, bagwaka pɛ bobota.","il en fut de même des sept, qui moururent sans laisser denfants."
LUK.20.32,Suka suka mwali omina agwaka pongono.,"Enfin, la femme mourut aussi."
LUK.20.33,"Ta isu i bopusoa i bago, mwali omina adabi o nda? Tengasa bo basusu sambo bamoasɔkɔ!».","A la résurrection, duquel dentre eux sera-t-elle donc la femme? Car les sept lont eue pour femme."
LUK.20.34,Yesu abasɔmbedjaka: «Bamina bali ba ngondo ye bakasɔne;.,Jésus leur répondit: Les enfants de ce siècle prennent des femmes et des maris;.
LUK.20.35,"endolo bamina bali bia babɔngedjama ta bopusoa bodi ta ngondo yena aduake, bato ba mina basɔnetebi.",mais ceux qui seront trouvés dignes davoir part au siècle à venir et à la résurrection des morts ne prendront ni femmes ni maris.
LUK.20.36,"Batagwabi naikina, badabi elenge babwɛndji. Badi bana ba Ndjakomba, tengasa Ndjakomba abasisodja ta tei e bago.","Car ils ne pourront plus mourir, parce quils seront semblables aux anges, et quils seront fils de Dieu, étant fils de la résurrection."
LUK.20.37,"Mose abalaka bohu boo bago basɔmbɔbi ta mohelo. Ta ikomi labalaka tine e ipumba ibwanaka bisanga, abeaka, Kumu Ndjakomba o Abalayama, Ndjakomba o Isaka ko Ndjakomba o Djakobo.","Que les morts ressuscitent, cest ce que Moïse a fait connaître quand, à propos du buisson, il appelle le Seigneur le Dieu dAbraham, le Dieu dIsaac, et le Dieu de Jacob."
LUK.20.38,"Ndjakomba, aditi o bato bago, endolo adi Ndjakomba o bato badi na bomɔ; tengasa bo basusu badi na mohelo tine nde.».","Or, Dieu nest pas Dieu des morts, mais des vivants; car pour lui tous sont vivants."
LUK.20.39,"Ekenge e balehi ba mobeko babalaka: «Obali bopele, Molehi.».","Quelques-uns des scribes, prenant la parole, dirent: Maître, tu as bien parlé."
LUK.20.40,Baimohɔdjɔkɔ naikina.,Et ils nosaient plus lui faire aucune question.
LUK.20.41,Yesu abalaka na bu: «Baboani bobala Kilito adi mwana o Dapiti boo?.,Jésus leur dit: Comment dit-on que le Christ est fils de David?.
LUK.20.42,"Tengasa Dapiti yo mɛnɛ abalaka, ta buku e ndjembo: Kumu Ndjakomba abalaka na Kumu o mbi: Dua adae ta ebɔ e mbi e bami.",David lui-même dit dans le livre des Psaumes: Le Seigneur a dit à mon Seigneur: Assieds-toi à ma droite.
LUK.20.43,mbunoko aimedje baloni ba wɛ edaeli e wɛ e mako .,Jusquà ce que je fasse de tes ennemis ton marchepied.
LUK.20.44,"Dapiti, amobeaka Kumu: Ndenge nda Masiya aboani adae pongono mwana o Dapiti?».",David donc lappelle Seigneur; comment est-il son fils?.
LUK.20.45,"Enakobea bato basusu badaka bamohokamedja, Yesu abalaka na batingami ba nde:.","Tandis que tout le peuple lécoutait, il dit à ses disciples:."
LUK.20.46,"«Dani na edinga na balehi ba mobeko ibakasasepedje bodala na mikoto miyai ko bakapale bodimaka ndese i ekumu ta polo i bhuda, bohɔɔkɔ bidie bi boso ta ba sinagoga ko bidie bi ekumu ta tɛkɛ.","Gardez-vous des scribes, qui aiment à se promener en robes longues, et à être salués dans les places publiques; qui recherchent les premiers sièges dans les synagogues, et les premières places dans les festins;."
LUK.20.47,Bakongɔne miongɔnɔ miyai tine bokosea bali ibagwa na bami tine bobakatoa leka lo bobo. Basambedjamabi na bopipo mɛnɛ.».,"qui dévorent les maisons des veuves, et qui font pour lapparence de longues prières. Ils seront jugés plus sévèrement."
LUK.21.1,Yesu aendjaka mbuti na nde aenɛkɛ badieli baisaka bipeli ta sanga ikadae ta tepelo.,"Jésus, ayant levé les yeux, vit les riches qui mettaient leurs offrandes dans le tronc."
LUK.21.2,"Aenɛkɛ pongono mwali omɔti ogwa na momi motakeli, apaka bibende bibae bi palanga.","Il vit aussi une pauvre veuve, qui y mettait deux petites pièces."
LUK.21.3,"Abalaka: «Notɔndeakani, edi soti: mwali yo ogwa na momi motakeli api bonɔ bato basusu.","Et il dit: Je vous le dis en vérité, cette pauvre veuve a mis plus que tous les autres;."
LUK.21.4,"Tengasa, bato basusu bapaka ibondja ikɛkɛ mɛnɛ bokima bodiele bo bobo. Endolo yo, ta botaka bo nde, api losusu lodaki na nde tine ahelame na lu.».","car cest de leur superflu que tous ceux-là ont mis des offrandes dans le tronc, mais elle a mis de son nécessaire, tout ce quelle avait pour vivre."
LUK.21.5,Bato bakina badaka babala tine tepelo: Endja moda modi ndako ye na mabanga mapele ko na leka lobondjeaka bo Ndjakomba! Endolo Yesu asɔmbedjaka:.,"Comme quelques-uns parlaient des belles pierres et des offrandes qui faisaient lornement du temple, Jésus dit:."
LUK.21.6,"«Masu maduake, pɛ ibanga ikina ta na mabanga imi maenɛkɛ no; idiketebi ibaki diko i ibanga ikina: masusu mabukeanabi.».","Les jours viendront où, de ce que vous voyez, il ne restera pas pierre sur pierre qui ne soit renversée."
LUK.21.7,"Bamohɔdjɔkɔ: «Molehi, ehole ekɔmɔbi modjɔ momina nda? Embete einedjabi modjɔ momina mokaimeabi nda?».","Ils lui demandèrent: Maître, quand donc cela arrivera-t-il, et à quel signe connaîtra-t-on que ces choses vont arriver?."
LUK.21.8,"Yesu asɔmbedjaka: «Sangatanani, pɛ bosakoseani. Tengasa bato banɛnɛ baduabi na kombe e mbi, ko babalakabi: Edi mbi Masiya! Kaoko ehole emina eimei! Endolo pɛ bobakimanani.","Jésus répondit: Prenez garde que vous ne soyez séduits. Car plusieurs viendront en mon nom, disant: Cest moi, et le temps approche. Ne les suivez pas."
LUK.21.9,"Ehole eokabi no gala i bila ko na wusuwusu, pɛ bobangani. Tengasa midjɔ mimina miboani bokɔmɔ boso; endolo edaetebi mɛnɛ suka e ngondo.».","Quand vous entendrez parler de guerres et de soulèvements, ne soyez pas effrayés, car il faut que ces choses arrivent premièrement. Mais ce ne sera pas encore la fin."
LUK.21.10,"Na bea abalaka naikina: «Ekomi emɔti eanedjabi ekomi ekina, bokumu bomɔti boanedjabi bokumu bokina;.","Alors il leur dit: Une nation sélèvera contre une nation, et un royaume contre un royaume;."
LUK.21.11,"Kpɔtɔ i kumanabi ta bisika tungu na tungu, ndja ko na mihulɔhulɔ; midabi na bopipo; Midjɔ mibokamoa ko bimbete binɛnɛ bienɛmɛbi ta busa.","il y aura de grands tremblements de terre, et, en divers lieux, des pestes et des famines; il y aura des phénomènes terribles, et de grands signes dans le ciel."
LUK.21.12,"Endolo boso bo midjɔ mimina, bopeabini, ko bonyɔkɔlɔbini, bokababini bɛngi bosambedjebini ta ba sinagoga ko boisabini ta bɔlɔkɔ; bosambedjabini boso bo bakondji ko bo ba Gupɛnɛlɛ tina e mbi.","Mais, avant tout cela, on mettra la main sur vous, et lon vous persécutera; on vous livrera aux synagogues, on vous jettera en prison, on vous mènera devant des rois et devant des gouverneurs, à cause de mon nom."
LUK.21.13,Edabi tine bino enɔeli eboda batemo ta tina e mbi.,Cela vous arrivera pour que vous serviez de témoignage.
LUK.21.14,"Isakani ta malɛno ma bino boo, oditini na tina ebosatungeani na midjɔ miboani na nu bobala ta ehole akɛke no ta bosamba.",Mettez-vous donc dans lesprit de ne pas préméditer votre défense;.
LUK.21.15,Tengasa mbi mɛnɛ nopabini mibalo ko djebeli iye edi pɛ nongo omɔti ta tei e baloni ba bino aboani bolongeani.,car je vous donnerai une bouche et une sagesse à laquelle tous vos adversaires ne pourront résister ou contredire.
LUK.21.16,"Edae basange i bino, banange i bino, bange i bino, denga i bino ko badjebani ba bino; baokababini; bakɔbi boo baleneabi banɛnɛ ta tei e bino bitumbu bi bogwa, tine mbi.","Vous serez livrés même par vos parents, par vos frères, par vos proches et par vos amis, et ils feront mourir plusieurs dentre vous."
LUK.21.17,Bato basusu baolonabini tina e mbi.,"Vous serez haïs de tous, à cause de mon nom."
LUK.21.18,Endolo pɛ nongo moswe momɔti ta molo mo bino mobungetebi.,Mais il ne se perdra pas un cheveu de votre tête;.
LUK.21.19,"Na tina emina: bhingi e bino, eheledjabi mihelo mi bino.».",par votre persévérance vous sauverez vos âmes.
LUK.21.20,"«Ehole enɛbi no Yelusalɛmɛ ehikami na basoda, odjebabini, ta ehole emina yena, bobeha bo yu boimei mbuti.","Lorsque vous verrez Jérusalem investie par des armées, sachez alors que sa désolation est proche."
LUK.21.21,"Na bea, ibadabi ta Yudea batiabi ta makoli; ibadabi ta tei e Yelusalɛmɛ batiabi bohali, ibadabi ta gbie bahuletebi ta ibonga.","Alors, que ceux qui seront en Judée fuient dans les montagnes, que ceux qui seront au milieu de Jérusalem en sortent, et que ceux qui seront dans les champs nentrent pas dans la ville."
LUK.21.22,"Tengasa edabi masu ma esambi, tine bokokedja misusu mikomama .","Car ce seront des jours de vengeance, pour laccomplissement de tout ce qui est écrit."
LUK.21.23,"Ndjokwa edabi ta masu mamina, tina e bali ba memi ko na bia banungeakabi! Tengasa edabi na saya epipo ta ngondo ko kɛlɛ e Ndjakomba enɛmɛbi tina e bato bamina.","Malheur aux femmes qui seront enceintes et à celles qui allaiteront en ces jours-là! Car il y aura une grande détresse dans le pays, et de la colère contre ce peuple."
LUK.21.24,"Baowamabi na ilɔndɔ, babapeabi elenge babuli ta bikomi bi bakɛndɛli, ko ngondo ibapangano badalakakabi Yelusalɛmɛ mbunoko ehole ebapa bo ekakokabi.».","Ils tomberont sous le tranchant de lépée, ils seront emmenés captifs parmi toutes les nations, et Jérusalem sera foulée aux pieds par les nations, jusquà ce que les temps des nations soient accomplis."
LUK.21.25,"«Edabi na bimbete ta modakabusa, ta songe ko ta ndjɔtɔ. Ta ngondo, ta tina e ngilimo bato ba ibonga dabi na milema diko, na bokɛsɛdji tine ngilimo i dua djinɛnɛ ko na mula.","Il y aura des signes dans le soleil, dans la lune et dans les étoiles. Et sur la terre, il y aura de langoisse chez les nations qui ne sauront que faire, au bruit de la mer et des flots."
LUK.21.26,Banɛnɛ bagwabi na bɔɔ na bolɛdjɛ midjɔ misusu mikɔmɔbi ta ngondo. Tengasa ngulu i busa djikwabi.,les hommes rendant lâme de terreur dans lattente de ce qui surviendra pour la terre; car les puissances des cieux seront ébranlées.
LUK.21.27,"Na bea baenɛbi Mwana o Moto bodua ta itute, na ngulu ko na ekumu enɛnɛ .",Alors on verra le Fils de lhomme venant sur une nuée avec puissance et une grande gloire.
LUK.21.28,"Ehole ebangabi midjɔ mimina bokɔmɔ, angɔni ko emeani melo, tengasa botingoama bo bino bobatami.».","Quand ces choses commenceront à arriver, redressez-vous et levez vos têtes, parce que votre délivrance approche."
LUK.21.29,Ngɔngɔ Yesu abalaka na bu isɛ di: «Endjani mole mo pigi ko mele mikina:.,"Et il leur dit une comparaison: Voyez le figuier, et tous les arbres."
LUK.21.30,"Ehole enino kasa ibangi botɔ, wadjebakeni bodidi bopele bobatami.","Dès quils ont poussé, vous connaissez de vous-mêmes, en regardant, que déjà lété est proche."
LUK.21.31,"Oko moda momina tina e bino, ehole enino midjɔ mimina boimea, djebani Bokumu bo Ndjakomba bobatami.","De même, quand vous verrez ces choses arriver, sachez que le royaume de Dieu est proche."
LUK.21.32,"Nabali na nu, edi soti: Ehole ye enɔebitebi mbunoko midjɔ misusu mienɛme.","Je vous le dis en vérité, cette génération ne passera point, que tout cela narrive."
LUK.21.33,"Busa na kpɔtɔ lonɔbi, endolo mibalo mi mbi minɔetebi.».","Le ciel et la terre passeront, mais mes paroles ne passeront point."
LUK.21.34,"«Sangatanani! Pɛ bobedjani milema mi bino milume na posa i boyaka, bolangoa, na bokɛsɛdji bo mohelo; pɛ bea busa bo esambi botaneabini gbundumo.","Prenez garde à vous-mêmes, de crainte que vos cœurs ne sappesantissent par les excès du manger et du boire, et par les soucis de la vie, et que ce jour ne vienne sur vous à limproviste;."
LUK.21.35,elenge elambo. Tengasa ataedjake bato basusu badi ta kpɔtɔ.,car il viendra comme un filet sur tous ceux qui habitent sur la face de toute la terre.
LUK.21.36,"Pɛ bowɛni, ongɔnɔkɔni bihole bisusu! Ta ndjea emina wadiakeni ngulu e bolonga misusu mimeake ko waemakeni ta boso bo Mwana o Moto.».","Veillez donc et priez en tout temps, afin que vous ayez la force déchapper à toutes ces choses qui arriveront, et de paraître debout devant le Fils de lhomme."
LUK.21.37,"Ta ehole e moi, Yesu alehaka ta bopango bo tepelo; endolo mɔmɔkɔ, aimaka ta bopango bo tepelo akɛkɛ anɔdjɔ bulu ta ngomba e Olipa.","Pendant le jour, Jésus enseignait dans le temple, et il allait passer la nuit à la montagne appelée montagne des oliviers."
LUK.21.38,Ko bato basusu badaka badua bihuma bisusu tine bomohokamedja.,"Et tout le peuple, dès le matin, se rendait vers lui dans le temple pour lécouter."
LUK.22.1,"Ehole e tɛkɛ e miɛmbɛ mi pɛ levile, ebeamaka Pasika, ebatamaka;.","La fête des pains sans levain, appelée la Pâque, approchait."
LUK.22.2,"Bakondji ba banganga ba Ndjakomba na balehi ba mobeko bahombaka enɔeli ebowa Yesu, endolo babangaka bato.",Les principaux sacrificateurs et les scribes cherchaient les moyens de faire mourir Jésus; car ils craignaient le peuple.
LUK.22.3,"Satana akweaka adi Yudasi, obeamaka Isikaliota. Yo adaka omɔti o batingami domi na babae.","Or, Satan entra dans Judas, surnommé Iscariot, qui était du nombre des douze."
LUK.22.4,Yudasi akɛkɛ aokana na bakondji ba banganga ba Ndjakomba na bakondji bakabane tepelo ta bohomba enoeli ebokaba Yesu.,"Et Judas alla sentendre avec les principaux sacrificateurs et les chefs des gardes, sur la manière de le leur livrer."
LUK.22.5,Basepaka mɛnɛ ko bamodikanaka bamopa palanga.,"Ils furent dans la joie, et ils convinrent de lui donner de largent."
LUK.22.6,"Yudasi adimaka ko aimeaka bohomba enɔeli epele tine bokaba Yesu, tine bato badae pɛ bodjeba.","Après sêtre engagé, il cherchait une occasion favorable pour leur livrer Jésus à linsu de la foule."
LUK.22.7,"Aimeaka isu i tɛkɛ e miɛmbɛ mi pɛ bole, busa bowakabo bana ba bhata tine pasika;.","Le jour des pains sans levain, où lon devait immoler la Pâque, arriva."
LUK.22.8,Yesu alomaka Piɛlɛ ko Yoane. Abalaka na bu: «Kɛni alobɔngedjeni mia ma Pasika.».,"et Jésus envoya Pierre et Jean, en disant: Allez nous préparer la Pâque, afin que nous la mangions."
LUK.22.9,Bamohɔdjɔkɔ: «Apalaka wɛ lokaebɔngedja djɔ?».,Ils lui dirent: Où veux-tu que nous la préparions?.
LUK.22.10,"Abalaka na bu: «Ehole akweakeno ta ibonga, wasakanakeni na momi omɔti alwali mbola e madiba. Mokimanani mbunoko ta ndako akweake yo.","Il leur répondit: Voici, quand vous serez entrés dans la ville, vous rencontrerez un homme portant une cruche deau; suivez-le dans la maison où il entrera."
LUK.22.11,Balani na moswa ndako: Molehi aohɔdjɔkɔ: Adi ekenge e ndako eboani na mbi boyaka mia ma Pasika na batingami djɔ.,et vous direz au maître de la maison: Le maître te dit: Où est le lieu où je mangerai la Pâque avec mes disciples?.
LUK.22.12,"Yo ainedjakeni ta egbili, ekenge e ndako enɛnɛ ebɔngedja bo na leka losusu loboani oho diko. Edi oho wabɔngedjakeni mia ma pasika.».","Et il vous montrera une grande chambre haute, meublée: cest là que vous préparerez la Pâque."
LUK.22.13,"Bakɛkɛ, bataneaka misusu oko elenge abalaka Yesu na bu ko babɔngedja mia ma Pasika.","Ils partirent, et trouvèrent les choses comme il le leur avait dit; et ils préparèrent la Pâque."
LUK.22.14,"Aimeaka ehole, Yesu adaka ta mesa na bapɔsɔlu ba nde.","Lheure étant venue, il se mit à table, et les apôtres avec lui."
LUK.22.15,Abalaka na bu: «Nadaki na posa nayake na nu mia ma Pasika boso bo enɔngi!.,"Il leur dit: Jai désiré vivement manger cette Pâque avec vous, avant de souffrir;."
LUK.22.16,"Tengasa, nabali na nu, nayaketebi naikina mbunoko bodua bo Bokumu bo Ndjakomba.».","car, je vous le dis, je ne la mangerai plus, jusquà ce quelle soit accomplie dans le royaume de Dieu."
LUK.22.17,"Atombaka kɔbɔ, apaka Ndjakomba mɛlɛsi ko abalaka: «Tombani kɔbɔ ye ko ekabanani ta ndanda e bino;.","Et, ayant pris une coupe et rendu grâces, il dit: Prenez cette coupe, et distribuez-la entre vous;."
LUK.22.18,"Tengasa, nabali na nu, donga edɛdi namwɛtebi naikina mana ma vino ye mbunoko bodua bo Bokumu bo Ndjakomba.».","car, je vous le dis, je ne boirai plus désormais du fruit de la vigne, jusquà ce que le royaume de Dieu soit venu."
LUK.22.19,"Ngɔngɔ atombaka mwɛmbɛ apaka Ndjakomba mɛlɛsi, alenakaka ko abapaka. Abalaka na bu: «Iye edi mokuku mo mbi mokabami tina e bino. Kɔkɔni bea tine bolɛdjɛni.».","Ensuite il prit du pain; et, après avoir rendu grâces, il le rompit, et le leur donna, en disant: Ceci est mon corps, qui est donné pour vous; faites ceci en mémoire de moi."
LUK.22.20,"Abapaka pongono kɔbɔ, ngɔngɔ i mia, abalaka: «Akɔkɔ oko moda momina mondumba mokɔ yo na kɔbɔ. Abalaka: Kɔbɔ ye edi bwela boyanie ta ndjea e makia ma mbi masopeake tina e bino.","Il prit de même la coupe, après le souper, et la leur donna, en disant: Cette coupe est la nouvelle alliance en mon sang, qui est répandu pour vous."
LUK.22.21,"Endolo endjani: mokabi o mbi adi ya, ayaka ta mesa engbanga emɔti na mbi!.","Cependant voici, la main de celui qui me livre est avec moi à cette table."
LUK.22.22,"Soti, Mwana o Moto agwake bokokana na mbuno e Ndjakomba; endolo ndjokwa na yona omokabi!».",Le Fils de lhomme sen va selon ce qui est déterminé. Mais malheur à lhomme par qui il est livré!.
LUK.22.23,Bapɔsɔlu baimeaka bosahɔdjɔnɔ tine bodjeba moto ndani ta ndanda e bobo oboani bokɔ modjɔ mo mina.,Et ils commencèrent à se demander les uns aux autres qui était celui dentre eux qui ferait cela.
LUK.22.24,Bapɔsɔlu babomanaka kitɛ na ngulu tine bodjeba moto onɔi bina nde na bonɛnɛ.,Il séleva aussi parmi les apôtres une contestation: lequel dentre eux devait être estimé le plus grand?.
LUK.22.25,Yesu abalaka na bu: «Bakondji ba ngondo bakangɔndje bato ba bobo ko badi na kpatsi adiko i bobo; bakapale bababeake bato bapele.,"Jésus leur dit: Les rois des nations les maîtrisent, et ceux qui les dominent sont appelés bienfaiteurs."
LUK.22.26,Endolo etada bea tina e bino. Onɔi na bonɛnɛ ta ndanda e bino atombe polo esuka; ko yona apalaka adae mokondji adae elenge mosali.,"Quil nen soit pas de même pour vous. Mais que le plus grand parmi vous soit comme le plus petit, et celui qui gouverne comme celui qui sert."
LUK.22.27,"Tengasa yona onɔi na bonɛnɛ nda? Yona odi ta mesa kaoko yona akɔmedjaka? Editi yona odi ta mesa? Na bea, mbi nadi ta ndanda e bino elenge yona akɔmedjaka!.","Car quel est le plus grand, celui qui est à table, ou celui qui sert? Nest-ce pas celui qui est à table? Et moi, cependant, je suis au milieu de vous comme celui qui sert."
LUK.22.28,Ino odakani na mbi seko ta mameko.,"Vous, vous êtes ceux qui avez persévéré avec moi dans mes épreuves;."
LUK.22.29,"Ndenge emɔti sange mbi apani Bokumu, mbi pongono nopakani Bokumu:.","cest pourquoi je dispose du royaume en votre faveur, comme mon Père en a disposé en ma faveur."
LUK.22.30,"wayakeni ko wamwakeni mesa emɔti na mbi ta Bokumu bo mbi, ko odabini ta ngbɛndɛ tine bosambedja mabota domi na mabae ma Isalɛlɛ.».","afin que vous mangiez et buviez à ma table dans mon royaume, et que vous soyez assis sur des trônes, pour juger les douze tribus dIsraël."
LUK.22.31,"«Simo, Simo! Oka: Satana ahombaka enɔeli tine aopupeni elenge akapupe bo mbuma i bule.","Le Seigneur dit: Simon, Simon, Satan vous a réclamés, pour vous cribler comme le froment."
LUK.22.32,"Endolo mbi nongɔni tine wɛ, tine boo edimeli e wɛ esakwa. Ko ehole asɔmbeakeni wɛ, pingedja bange i wɛ.».","Mais jai prié pour toi, afin que ta foi ne défaille point; et toi, quand tu seras converti, affermis tes frères."
LUK.22.33,"Piɛlɛ abalaka na nde: «Kumu, nadi mbuti nakɛ na wɛ ta bɔlɔkɔ ko nagwɛ na wɛ.».","Seigneur, lui dit Pierre, je suis prêt à aller avec toi et en prison et à la mort."
LUK.22.34,"Yesu amosɔmbedjaka: «Nabali na wɛ, Piɛlɛ, boso bo kɔkɔ akɔkɔlɔ busa bu wainganeakeni mbala isato boo otadjebakani.».","Et Jésus dit: Pierre, je te le dis, le coq ne chantera pas aujourdhui que tu naies nié trois fois de me connaître."
LUK.22.35,"Ngɔngɔ Yesu abalaka na bu: «Ehole eolomakani mbi elomu pɛ palanga, pɛ sɛki, pɛ sapato; otakakani eka?» «Bamosɔmbedjaka, ngasa loitakaka eka.».","Il leur dit encore: Quand je vous ai envoyés sans bourse, sans sac, et sans souliers, avez-vous manqué de quelque chose? Ils répondirent: De rien."
LUK.22.36,"Na bea abalaka na bu: «Endolo edɛdi, yona odi na palanga aetombe, moda momɔti na yona odi na sɛki; ko yona odi pɛ mopamba atɛke esendja e nde bɛngi asombe ekina.","Et il leur dit: Maintenant, au contraire, que celui qui a une bourse la prenne et que celui qui a un sac le prenne également, que celui qui na point dépée vende son vêtement et achète une épée."
LUK.22.37,"Tengasa, nabali na nu, etungi ekokedjame ta mohelo mo mbi: Adaka ta ndanda e motango mo baoweli ba bato babe Na bea, na balaka na nu etungi misusu mikokedjakani .».","Car, je vous le dis, il faut que cette parole qui est écrite saccomplisse en moi: Il a été mis au nombre des malfaiteurs. Et ce qui me concerne est sur le point darriver."
LUK.22.38,"Batingami babalaka: «Kumu, endja mipamba mibae imi.» Yesu asɔmbedjaka «Mikoki oko bea!».","Ils dirent: Seigneur, voici deux épées. Et il leur dit: Cela suffit."
LUK.22.39,"Yesu aimaka ko akɛkɛ, elenge elamaka yo, ta ngomba e Olipa. Batingami ba nde bamokimanaka.","Après être sorti, il alla, selon sa coutume, à la montagne des oliviers. Ses disciples le suivirent."
LUK.22.40,"Ehole eimeaka yo ta polo emina, abalaka na bu: «Ongɔnɔni, osakwani ta bomekama.».","Lorsquil fut arrivé dans ce lieu, il leur dit: Priez, afin que vous ne tombiez pas en tentation."
LUK.22.41,"Na bea asasuaka na bu mo tɔtɔkɔ, akwaka magbundɔ ko aongɔnɔkɔ.","Puis il séloigna deux à la distance denviron un jet de pierre, et, sétant mis à genoux, il pria."
LUK.22.42,"na mibalo imi: «Sange mbi, okapala, dongedjani kɔbɔ ye e saya. Mokano mo mbi modae pɛ bokokedjama endolo mo wɛ.».","disant: Père, si tu voulais éloigner de moi cette coupe! Toutefois, que ma volonté ne se fasse pas, mais la tienne."
LUK.22.43,Na bea obwɛndji amoimaneaka donga ta busa amopingedjaka.,"Alors un ange lui apparut du ciel, pour le fortifier."
LUK.22.44,"Adaka na saya enɛnɛ ta molema, aongɔnɔkɔ na bhingi mɛnɛ. Ipetola i nde imeaka elenge matanga ma makia makwaka ta kpɔtɔ .","Étant en agonie, il priait plus instamment, et sa sueur devint comme des grumeaux de sang, qui tombaient à terre."
LUK.22.45,"Ngɔngɔ i bongɔnɔ, angɔkɔ, ahulaka adi batingami ko abataneaka bawɛli, baembɛi na ndjokwa.","Après avoir prié, il se leva, et vint vers les disciples, quil trouva endormis de tristesse."
LUK.22.46,"Abalaka na bu: «Owɛlini tina nda? Angɔni ko ongɔnɔni, osakakwani ta bomekama.».","et il leur dit: Pourquoi dormez-vous? Levez-vous et priez, afin que vous ne tombiez pas en tentation."
LUK.22.47,"Ehole edaka yo abala na emumu e bato eimeaka ko Yudasi, omɔti o batingami domi na babae, yo moto obadaledjaka. Abatamaka mbuti na Yesu bɛngi amobhimbe.","Comme il parlait encore, voici, une foule arriva; et celui qui sappelait Judas, lun des douze, marchait devant elle. Il sapprocha de Jésus, pour le baiser."
LUK.22.48,"Endolo Yesu abalaka na nde: «Yudasi, edi na bobhimbani okabi Mwana o Moto?».","Et Jésus lui dit: Judas, cest par un baiser que tu livres le Fils de lhomme!."
LUK.22.49,"Ehole enɛkɛ batingami badalaka na Yesu modjɔ momina, bamohɔdjɔkɔ: «Kumu, loboani loane na mipamba?».","Ceux qui étaient avec Jésus, voyant ce qui allait arriver, dirent: Seigneur, frapperons-nous de lépée?."
LUK.22.50,Ko omɔti o bobo alenaka mosali o nganga monɛnɛ o Ndjakomba itoi i ebɔ e bami.,"Et lun deux frappa le serviteur du souverain sacrificateur, et lui emporta loreille droite."
LUK.22.51,"Endolo Yesu abalaka: «Kinani, moboani oko bea!» Apeaka itoi i moto omina ko ahelaka.","Mais Jésus, prenant la parole, dit: Laissez, arrêtez! Et, ayant touché loreille de cet homme, il le guérit."
LUK.22.52,"Ngɔngɔ Yesu abalaka na bakondji ba banganga ba Ndjakomba, na bakondji bakabane tepelo na bakondji ba ibonga, ibaduaka abomopea: «Odoini na mipamba na mihukuku, elenge nadi moweli o moto?.","Jésus dit ensuite aux principaux sacrificateurs, aux chefs des gardes du temple, et aux anciens, qui étaient venus contre lui: Vous êtes venus, comme après un brigand, avec des épées et des bâtons."
LUK.22.53,"Masu masusu, nadaka na nu ta tepelo ko oihombani bopeanini. Endolo ehole ye edi e bino ko na ngulu e modidi.».","Jétais tous les jours avec vous dans le temple, et vous navez pas mis la main sur moi. Mais cest ici votre heure, et la puissance des ténèbres."
LUK.22.54,"Ibea bapeaka Yesu, bakɛkɛ na nde ngbandengba ta ndako e mokondji o banganga ba Ndjakomba. Piɛlɛ abakimanaka mo bohali.","Après avoir saisi Jésus, ils lemmenèrent, et le conduisirent dans la maison du souverain sacrificateur. Pierre suivait de loin."
LUK.22.55,Bayodjaka mosa ta ndalengando e bopango bomina ko Piɛlɛ adaka ndanda e bato ibadaka bahiki.,"Ils allumèrent du feu au milieu de la cour, et ils sassirent. Pierre sassit parmi eux."
LUK.22.56,"Mosali mwali omɔti, amoenɛkɛ mbuti na mosa; amotingeaka miso ko abalaka: «Moto yo pongono adaki na nde.».","Une servante, qui le vit assis devant le feu, fixa sur lui les regards, et dit: Cet homme était aussi avec lui."
LUK.22.57,Endolo Pielɛ ainganaka ko abalaka: «Natamodjebaka.».,"Mais il le nia disant: Femme, je ne le connais pas."
LUK.22.58,"Mo ehole mokɛkɛ ngɔngɔ, moto okina amoenɛkɛ abalaka: «Wɛ pongono, odi omɔti o bobo!» Endolo Piɛlɛ asɔmbedjaka: «Ngasa, te mbi.».","Peu après, un autre, layant vu, dit: Tu es aussi de ces gens-là. Et Pierre dit: Homme, je nen suis pas."
LUK.22.59,"Ngɔngɔ i ehole emɔti, moto okina pongono apingedjaka bobala na ngulu: «Edi soti, moto iyo adalaki na nde, tengasa adi Mogalilea.».","Environ une heure plus tard, un autre insistait, disant: Certainement cet homme était aussi avec lui, car il est Galiléen."
LUK.22.60,"Endolo Piɛlɛ asɔmbedjaka: «Natadjebaka meako mia mabalaka wɛ.» Oko ta ehole edaka yo abala, kɔkɔ akɔkɔlɔkɔ.","Pierre répondit: Homme, je ne sais ce que tu dis. Au même instant, comme il parlait encore, le coq chanta."
LUK.22.61,"Kumu ahombanaka ko akokoledjaka Piɛlɛ. Na bea Piɛlɛ alɛnɛkɛ mibalo mibalaka Kumu na nde: «Boso bo kɔkɔ akɔkɔle busa bu, wainganeakeni mbala isato.».","Le Seigneur, sétant retourné, regarda Pierre. Et Pierre se souvint de la parole que le Seigneur lui avait dite: Avant que le coq chante aujourdhui, tu me renieras trois fois."
LUK.22.62,Piɛlɛ aimi sokolu ayeaka na ndjokwa mɛnɛ.,"Et étant sorti, il pleura amèrement."
LUK.22.63,"Bato ibabaneaka Yesu, bamotaaka ko bamobomaka.","Les hommes qui tenaient Jésus se moquaient de lui, et le frappaient."
LUK.22.64,Bamodipaka boso ko bamohɔdjɔkɔ: «Obomi nda? Elɛ bonganga!».,"Ils lui voilèrent le visage, et ils linterrogeaient, en disant: Devine qui ta frappé."
LUK.22.65,Ko bamosingaka na kɔpi djinɛnɛ.,Et ils proféraient contre lui beaucoup dautres injures.
LUK.22.66,"Ehole eya busa, bakumu ba Bayuda, na bakondji ba banganga ba Ndjakomba ko balehi ba mobeko babolamaka. Baduaka na Yesu ta boso bo ibolea inɛnɛ i basuku ba bayuda.","Quand le jour fut venu, le collège des anciens du peuple, les principaux sacrificateurs et les scribes, sassemblèrent, et firent amener Jésus dans leur sanhédrin."
LUK.22.67,"ko bamohɔdjɔkɔ: «Lotɔndea, wɛ odi Kilito? » Abasɔmbedjaka: «Nakotɔndeani, otadimeakenini.","Ils dirent: Si tu es le Christ, dis-le nous. Jésus leur répondit: Si je vous le dis, vous ne le croirez pas;."
LUK.22.68,"ko nakohɔdjɔni ihɔdjɔ, otasɔmbedjakenini.","et, si je vous interroge, vous ne répondrez pas."
LUK.22.69,Endolo donga edɛdi Mwana o Moto adabi ta ebɔ e bami e Ndjakomba onɔi na sueya .».,Désormais le Fils de lhomme sera assis à la droite de la puissance de Dieu.
LUK.22.70,Bato basusu bagamaka: «Wɛ mɛnɛ odi Mwana o Ndjakomba?» Abasɔmbedjaka: «Obalini.».,"Tous dirent: Tu es donc le Fils de Dieu? Et il leur répondit: Vous le dites, je le suis."
LUK.22.71,Na bea babalaka: «Loditi naikina na posa e batemo! Tengasa looki so bɛnɛ na monɔkɔ mo nde.».,Alors ils dirent: Quavons-nous encore besoin de témoignage? Nous lavons entendu nous-mêmes de sa bouche.
LUK.23.1,Ibolea i bato basusu bangɔkɔ ko bakɛkɛ na Yesu ta boso bo Pilato.,"Ils se levèrent tous, et ils conduisirent Jésus devant Pilate."
LUK.23.2,"Oho, bamopundaka na mibalo imi: «Lotanei moto iyo apa bato ba ibonga i biso molo mobe: asiaka bato badae pɛ boputa puti e mokondji Sedjale ko abali yo mɛnɛ boo adi Kilito, epalaka e bale boo Kumu.».","Ils se mirent à laccuser, disant: Nous avons trouvé cet homme excitant notre nation à la révolte, empêchant de payer le tribut à César, et se disant lui-même Christ, roi."
LUK.23.3,Pilato amohɔdjɔkɔ: «Odi mokondji o Bayuda?» Yesu amosɔmbedjaka: «Wɛ obali.».,"Pilate linterrogea, en ces termes: Es-tu le roi des Juifs? Jésus lui répondit: Tu le dis."
LUK.23.4,Pilato abalaka na bakondji ba banganga ba Ndjakomba ko na emumu e bato: «Naeniti modjɔ mobe moboani na mbi bopa moto iyo etumbo.».,Pilate dit aux principaux sacrificateurs et à la foule: Je ne trouve rien de coupable en cet homme.
LUK.23.5,"Endolo bapingedja na bopipo mɛnɛ: «Akapɛ bato ba biso molo mobe na bileho bi nde. Abanga ta Galilea, ko anɔkɔ ta Yudea esusu, edɛdi, aimei iya.».","Mais ils insistèrent, et dirent: Il soulève le peuple, en enseignant par toute la Judée, depuis la Galilée, où il a commencé, jusquici."
LUK.23.6,"Ehole eoka Pilato mibalo mia, ahɔdjɔkɔ: «Moto yo adi moto o Galilea?».","Quand Pilate entendit parler de la Galilée, il demanda si cet homme était Galiléen;."
LUK.23.7,"Ehole eoka Pilato boo Yesu adongaka ta ibonga idaka Elode Gupɛnɛlɛ; amolomaka adi Elode, yona odaka ta Yelusalɛmɛ masu mamina.","et, ayant appris quil était de la juridiction dHérode, il le renvoya à Hérode, qui se trouvait aussi à Jérusalem en ces jours-là."
LUK.23.8,"Elode asepaka mɛnɛ ta boenɛ Yesu. Tengasa, aokaka babala tine nde ko asepaka basakane donga ehele. Adaka na edinga boo Yesu akɔke embete e ngindola.","Lorsque Hérode vit Jésus, il en eut une grande joie; car depuis longtemps, il désirait le voir, à cause de ce quil avait entendu dire de lui, et il espérait quil le verrait faire quelque miracle."
LUK.23.9,"Amohɔdjɔkɔ mahɔdjɔ manɛnɛ, endolo Yesu aimosɔmbedjaka.",Il lui adressa beaucoup de questions; mais Jésus ne lui répondit rien.
LUK.23.10,Bakondji ba banganga ko na balehi ba mobeko badaka ena ko bamopundaka na midjɔ mibe.,"Les principaux sacrificateurs et les scribes étaient là, et laccusaient avec violence."
LUK.23.11,Elode na basoda ba nde baimeaka bomota ko bomonyɔkɔlɔ. Bamolwadjaka esendja epele ko bamosɔmbedjaka adi Pilato.,"Hérode, avec ses gardes, le traita avec mépris; et, après sêtre moqué de lui et lavoir revêtu dun habit éclatant, il le renvoya à Pilate."
LUK.23.12,"Donga ehele Elode na Pilato baiyokanaka; endolo ta busa bua, baimeaka bopalana.","Ce jour même, Pilate et Hérode devinrent amis, dennemis quils étaient auparavant."
LUK.23.13,"Pilato atitanedjaka bakondji ba banganga ba Ndjakomba, bakondji ba ibonga ko na bato.","Pilate, ayant assemblé les principaux sacrificateurs, les magistrats, et le peuple, leur dit:."
LUK.23.14,"Abalaka na bu: «Odɔini na moto iyo bobala bo apaka bato ba bino molo mobe. Na bea, na mosambedji ta boso bo bino ko na modihiti nongo na mobunga ko na modjɔ mobe mo mopundi na nu.","Vous mavez amené cet homme comme excitant le peuple à la révolte. Et voici, je lai interrogé devant vous, et je ne lai trouvé coupable daucune des choses dont vous laccusez;."
LUK.23.15,"Elode pongono aimodiaka nongo na mobunga, na tina emina amosɔmbedjaka adi so. Moto iyo akɔiti nongo bobe bomɔti boboani na nde bodia etumbo ebogwa.","Hérode non plus, car il nous la renvoyé, et voici, cet homme na rien fait qui soit digne de mort."
LUK.23.16,"Namokɛsɛkɛke oto mbalake, ngɔngɔ na mokinake.».","Je le relâcherai donc, après lavoir fait battre de verges."
LUK.23.17,"Engi tɛkɛ e Pasika, Pilato adaka aimedja mobɔlɔkɔ omɔti.","A chaque fête, il était obligé de leur relâcher un prisonnier."
LUK.23.18,Endolo bo basusu bagamaka engbanga: «Owa moto omina! Lotingoaso Balabase!».,"Ils sécrièrent tous ensemble: Fais mourir celui-ci, et relâche-nous Barabbas."
LUK.23.19,Balaba apeamaka ta bɔlɔkɔ tine boo aisaka wusuwusu ta ibonga inɛnɛ ko aowaka moto. Na tina emina bamoisaka ta bɔlɔkɔ.,"Cet homme avait été mis en prison pour une sédition qui avait eu lieu dans la ville, et pour un meurtre."
LUK.23.20,"Pilato apalaka botingoa Yesu, asɔmbɔkɔ naikina bobahɔdjɔ.","Pilate leur parla de nouveau, dans lintention de relâcher Jésus."
LUK.23.21,Endolo bato bagamaka: «Abakame ta ekulusu abakame ta ekulusu!».,"Et ils crièrent: Crucifie, crucifie-le!."
LUK.23.22,Pilato abahɔdjɔkɔ mbala e basato: «Bobe bokɔi yo nda? Na modihiti nongo na mobunga momɔti bɛngi agwɛ. Namokɛsɛdjake mbalake ngɔngɔ na motingoake.».,"Pilate leur dit pour la troisième fois: Quel mal a-t-il fait? Je nai rien trouvé en lui qui mérite la mort. Je le relâcherai donc, après lavoir fait battre de verges."
LUK.23.23,Endolo bapingedjaka naikina: «Mobaka ta Ekulusu.» Ko migamo mi bobo midimamaka:.,"Mais ils insistèrent à grands cris, demandant quil fût crucifié. Et leurs cris lemportèrent:."
LUK.23.24,Pilato adimaka bakokedje posa e bobo.,Pilate prononça que ce quils demandaient serait fait.
LUK.23.25,"Atingoaka moto ohɔdjɔkɔ bo ko yona oisaka bo ta bɔlɔkɔ tine mobulu ko aowaka moto, Pilato abapaka Yesu bɛngi bakokedje posa e bobo.","Il relâcha celui qui avait été mis en prison pour sédition et pour meurtre, et quils réclamaient; et il livra Jésus à leur volonté."
LUK.23.26,"Ehole epeaka bo Yesu ngbandengba, basakanaka na Simo, moto o Kulɛnɛ, yona odaka ahule ta gbie. Basoda bamopeaka ko bamotombedjaka ekulusu bɛngi asonge na Yesu.","Comme ils lemmenaient, ils prirent un certain Simon de Cyrène, qui revenait des champs, et ils le chargèrent de la croix, pour quil la porte derrière Jésus."
LUK.23.27,"Emumu e bato ekimanaka Yesu, bali pongono badaka bayea ko bosatungeaka tina e nde.","Il était suivi dune grande multitude des gens du peuple, et de femmes qui se frappaient la poitrine et se lamentaient sur lui."
LUK.23.28,"Yesu ahombanaka ko abaendjaka, abalaka: «Ba maa ba Yelusalɛmɛ, pɛ boyeani tina e mbi! Endolo yeani tina e bino ko bana ba bino!.","Jésus se tourna vers elles, et dit: Filles de Jérusalem, ne pleurez pas sur moi; mais pleurez sur vous et sur vos enfants."
LUK.23.29,Tengasa masu maduake babalabi: Sepi adi batete ko ibadi pɛ bonungea.,"Car voici, des jours viendront où lon dira: Heureuses les stériles, heureuses les entrailles qui nont point enfanté, et les mamelles qui nont point allaité!."
LUK.23.30,Babalakabi na makoli: Kwani diko i biso! Ko na makoli: Lokundani.,Alors ils se mettront à dire aux montagnes: Tombez sur nous! Et aux collines: Couvrez-nous!.
LUK.23.31,"Tengasa bakakɔ midjɔ mi na mole motɔtu bea, ekɔbi bo na mole mokakanake nde?».","Car, si lon fait ces choses au bois vert, quarrivera-t-il au bois sec?."
LUK.23.32,"Bakɛkɛ na baoweli ba bato babea ngbandengba, bɛngi bagwɛ na Yesu.","On conduisait en même temps deux malfaiteurs, qui devaient être mis à mort avec Jésus."
LUK.23.33,"Aimeaka bo ta polo ekabe bo «Egɔgɔlɔ e molo», basoda babakaka Yesu ta ekulusu, engbanga na batɔmbi babae, omɔti ta e bɔ e bami okina ta e bɔ e bali.","Lorsquils furent arrivés au lieu appelé Crâne, ils le crucifièrent là, ainsi que les deux malfaiteurs, lun à droite, lautre à gauche."
LUK.23.34,"Ibea Yesu abalaka: «Sange mbi, bayɛ, tengasa batadjebaka eka akɔkɔ bo.» Bakabanaka bisendja bi nde na boboma djonga.","Jésus dit: Père, pardonne-leur, car ils ne savent ce quils font. Ils se partagèrent ses vêtements, en tirant au sort."
LUK.23.35,"Bato baemaka ena ko baendjaka. Bakondji ba Bayuda bamotaka eni babala: «Aheledjaka bakina bato; atako saheledja yo mɛnɛ, akada adi Kilito, yona ohɔ Ndjakomba!».","Le peuple se tenait là, et regardait. Les magistrats se moquaient de Jésus, disant: Il a sauvé les autres; quil se sauve lui-même, sil est le Christ, lélu de Dieu!."
LUK.23.36,Basoda pongono badaka bomosɛkɛ; babatamaka ko bamopaka mana ma ngayi .,Les soldats aussi se moquaient de lui; sapprochant et lui présentant du vinaigre.
LUK.23.37,"Babalaka: «Okada Bakondji ba Bayuda, saheledja wɛ mɛnɛ!».","ils disaient: Si tu es le roi des Juifs, sauve-toi toi-même!."
LUK.23.38,Ta diko i molo mo nde bakomaka: «Moto iyo adi Bakondji ba Bayuda.».,Il y avait au-dessus de lui cette inscription: Celui-ci est le roi des Juifs.
LUK.23.39,Omɔti obaoweli ba bato obakaka bo ta ekulusu amosingaka: «Wɛ oditi Kilito? Saheledja ko heledjaso pongono!».,"Lun des malfaiteurs crucifiés linjuriait, disant: Nes-tu pas le Christ? Sauve-toi toi-même, et sauve-nous!."
LUK.23.40,"Endolo okina agameaka mina nde. Amosɔmbedjaka: «Wɛ otabanga Ndjakomba, wɛ odihi etumbo moda momɔti na nde?.","Mais lautre le reprenait, et disait: Ne crains-tu pas Dieu, toi qui subis la même condamnation?."
LUK.23.41,"Tine biso, etumbo edi bodjo, tengasa lodihi etumbo eboani na misala mi biso; endolo yo akɔiti bobe.».","Pour nous, cest justice, car nous recevons ce quont mérité nos crimes; mais celui-ci na rien fait de mal."
LUK.23.42,"Ko abalaka: «Yesu, omalɛdjɛni ehole eduabi wɛ boda Kumu.».","Et il dit à Jésus: Souviens-toi de moi, quand tu viendras dans ton règne."
LUK.23.43,"Yesu amosɔmbedjaka: «Nabali na wɛ, edi soti: oko busa bu wadake na mbi ta paladiso .».","Jésus lui répondit: Je te le dis en vérité, aujourdhui tu seras avec moi dans le paradis."
LUK.23.44,Edaka mbuti na midi: modidi mokɔmɔkɔ ta ngondo esusu mbuti na bihole bisato ngɔngɔ i midi.,"Il était déjà environ la sixième heure, et il y eut des ténèbres sur toute la terre, jusquà la neuvième heure."
LUK.23.45,Lido edaka esɛpi ta tepelo ealeaka bipasa bibae.,"Le soleil sobscurcit, et le voile du temple se déchira par le milieu."
LUK.23.46,"Yesu agamaka na moholi mopipo: «Sange mbi, nasɔmbedji mwembo mo mbi ta mɔmɔ ma wɛ .» Ngɔngɔ i bobala bea, Yesu agwaka.","Jésus sécria dune voix forte: Père, je remets mon esprit entre tes mains. Et, en disant ces paroles, il expira."
LUK.23.47,Kapitɛne o basoda mokama o Loma aenɛkɛ yo modjɔ momina; akumedjaka Ndjakomba ko abalaka: «Soti mɛnɛ moto iyo adaki bodjo!».,"Le centenier, voyant ce qui était arrivé, glorifia Dieu, et dit: Certainement, cet homme était juste."
LUK.23.48,"Emumu e bato baduaka aendja modjɔ momina, baenɛkɛ eka ekɔmɔkɔ. Na bea bayanaka bapeli mɔmɔ ta melo na ndjokwa.","Et tous ceux qui assistaient en foule à ce spectacle, après avoir vu ce qui était arrivé, sen retournèrent, se frappant la poitrine."
LUK.23.49,"Badjebani ba Yesu, na bali ibamopakeaka donga ta Galilea, ba semeaka bohali ko baendjaka eka edaka anɔmɔ.","Tous ceux de la connaissance de Jésus, et les femmes qui lavaient accompagné depuis la Galilée, se tenaient dans léloignement et regardaient ce qui se passait."
LUK.23.50,"Edaka na moto omɔti kombe e nde Esepu. Adaka moto o ibonga i Alimatayo. Moto omina adaka mopele ko bodjo, ko ambaka bodua bo Bokumu bo Ndjakomba. Adaka omɔti o ibolea i basuku, endolo aidimaka eka ekɔkɔ basuku bakina na edima bo bokɔ.","Il y avait un conseiller, nommé Joseph, homme bon et juste."
LUK.23.52,Akɛkɛ adi Pilato amɔhɔdjɔ mokuku mo Yesu.,"Cet homme se rendit vers Pilate, et demanda le corps de Jésus."
LUK.23.53,"Atitedjaka mokuku momina ta ekulusu, amohuaka na mbendja e motuya monɛnɛ ko amoisaka ta ikila itɔkɔ bo ta ibanga, ta polo eda bo pɛ bopusea moto boso.","Il le descendit de la croix, lenveloppa dun linceul, et le déposa dans un sépulcre taillé dans le roc, où personne navait encore été mis."
LUK.23.54,Edaka mɔmɔkɔ mo isu i mosalingo mo busa bo sabata.,"Cétait le jour de la préparation, et le sabbat allait commencer."
LUK.23.55,"Bali badalaka engbanga na Yesu donga Galilea, baduaka engbanga na Esepu; baendjaka ikila ko baenɛkɛ moda mosambeaka bo mokuku mo Yesu.","Les femmes qui étaient venues de la Galilée avec Jésus accompagnèrent Joseph, virent le sépulcre et la manière dont le corps de Jésus y fut déposé."
LUK.23.56,"Ngɔngɔ bayanaka ta ibonga inɛnɛ ko basalingoaka na minɛ na misoloa miso elitindi tine bosopea mokuku. Isu i sabata, bahemaka, tine bosuma mobeko.","et, sen étant retournées, elles préparèrent des aromates et des parfums. Puis elles se reposèrent le jour du sabbat, selon la loi."
LUK.24.1,"Ehuma e busa bo eyenga, bali bakɛkɛ ta ikila, na misoloa miso e itindi imibɔngedjaka bo .","Le premier jour de la semaine, elles se rendirent au sépulcre de grand matin, portant les aromates quelles avaient préparés."
LUK.24.2,Baenɛkɛ ibanga idipaka bo ta ikila balihilingodjaka;.,Elles trouvèrent que la pierre avait été roulée de devant le sépulcre;.
LUK.24.3,"bakweaka, endolo baitaneaka mokuku mo Kumu Yesu.","et, étant entrées, elles ne trouvèrent pas le corps du Seigneur Jésus."
LUK.24.4,Elenge ayekama bo: bami babae balwaka bisendja bidaka bangɛsɛ babimaneaka.,"Comme elles ne savaient que penser de cela, voici, deux hommes leur apparurent, en habits resplendissants."
LUK.24.5,Balumaka na bɔɔ mɛnɛ ko basuneaka maso ma bobo ta kpɔtɔ bami bamina babalaka na bu: «Tina ndani wahombakani ta ndanda e bago moto o bomɔ?.,"Saisies de frayeur, elles baissèrent le visage contre terre; mais ils leur dirent: Pourquoi cherchez-vous parmi les morts celui qui est vivant?."
LUK.24.6,"Aditi ya, asapusoi. Lɛdjɛni mibalo miobaleakani yo ehole edaka yo oho ta Galilea:.","Il nest point ici, mais il est ressuscité. Souvenez-vous de quelle manière il vous a parlé, lorsquil était encore en Galilée, :."
LUK.24.7,"Etungi Mwana o Moto akabame adi bato babe, abakame ta Ekulusu ko apusoe ta tei e bago ta isu i basato.».","et quil disait: Il faut que le Fils de lhomme soit livré entre les mains des pécheurs, quil soit crucifié, et quil ressuscite le troisième jour."
LUK.24.8,Balɛdjɛkɛ mibalo mi Yesu.,Et elles se ressouvinrent des paroles de Jésus.
LUK.24.9,Badongaka ta ikila ko bakɛkɛ atɔndɔ meako mi mina adi batingami domi na omɔti ko bato bakina.,"A leur retour du sépulcre, elles annoncèrent toutes ces choses aux onze, et à tous les autres."
LUK.24.10,"Edaka Malia e Magadala, Yoana ko na Malia, nange e Djake. Bali bakina badaka na bu babalaka oko bea meako mimina adi bapɔsɔlu.","Celles qui dirent ces choses aux apôtres étaient Marie de Magdala, Jeanne, Marie, mère de Jacques, et les autres qui étaient avec elles."
LUK.24.11,Endolo bapɔsɔlu balɛdjɛkɛ meako mibalaka bali bamina midongaka ta malɛno ma bobo bɛnɛ ko baimidimaka.,"Ils tinrent ces discours pour des rêveries, et ils ne crurent pas ces femmes."
LUK.24.12,"Oko ta ehole emina Piɛlɛ angɔkɔ akɛ ebango ta ikila; asunamaka ko aenɛkɛ oto bipasa bi bisendja. Ngɔngɔ ayanaka oho adakabo, eni akamoe meako imi minɔmɔkɔ.","Mais Pierre se leva, et courut au sépulcre. Sétant baissé, il ne vit que les linges qui étaient à terre; puis il sen alla chez lui, dans létonnement de ce qui était arrivé."
LUK.24.13,"Oko ta isu imina, batingami babae badaka bakɛ ta ibonga emɔti kombe Emausu. Bohali bo Emausu na Yelusalɛmɛ bodaka ba kilomɛtɛlɛ mbuti na domi na bibae.","Et voici, ce même jour, deux disciples allaient à un village nommé Émmaüs, éloigné de Jérusalem de soixante stades;."
LUK.24.14,Badaka basabaleane ta tina e meako misusu imi nɔmɔkɔ.,et ils sentretenaient de tout ce qui sétait passé.
LUK.24.15,"Ehole edaka bo basabaleana ko basabomeana kite, Yesu yo mɛnɛ abatamaka ko adalaka na bu engbanga.","Pendant quils parlaient et discutaient, Jésus sapprocha, et fit route avec eux."
LUK.24.16,Bamoenɛkɛ; endolo baimosipoaka.,Mais leurs yeux étaient empêchés de le reconnaître.
LUK.24.17,"Yesu abahɔdjɔkɔ: «Eka asabaleanakano wadaleni nde?» Baemaka, na ndjokwa esusu.","Il leur dit: De quoi vous entretenez-vous en marchant, pour que vous soyez tout tristes?."
LUK.24.18,"Omɔti o bobo, kombe Keopasi, abalaka na nde: «Bato basusu ba Yelusalɛmɛ badjebi meako manɔkɔ masu mi oko wɛ moto adaka pɛ bomidjeba?».","Lun deux, nommé Cléopas, lui répondit: Es-tu le seul qui, séjournant à Jérusalem ne sache pas ce qui y est arrivé ces jours-ci?."
LUK.24.19,Abahɔdjɔkɔ: «modjɔ nda??» Bamosɔmbedjaka: «Imu mokɔmi na Yesu o Nasaleta! Adaka mbaeli o Ndjakomba o ngulu; aminedjaka na misala ko na mibalo mi nde ta boso bo Ndjakomba ko ta boso bo bato basusu.,"Quoi? leur dit-il. Et ils lui répondirent: Ce qui est arrivé au sujet de Jésus de Nazareth, qui était un prophète puissant en œuvres et en paroles devant Dieu et devant tout le peuple."
LUK.24.20,Bakondji ba banganga ba Ndjakomba ko na basuku ba ibonga bamokaba bɛngi bamopɛ etumbo e bogwa ko bamobake ta ekulusu.,et comment les principaux sacrificateurs et nos magistrats lont livré pour le faire condamner à mort et lont crucifié.
LUK.24.21,"Lodaka na ndingo edi yo moto obwanaka bosikoa Isalɛlɛ. Endolo ta misusu mia, edi busa bu isu i basato donga akɔmi modjɔ mo mina.","Nous espérions que ce serait lui qui délivrerait Israël; mais avec tout cela, voici le troisième jour que ces choses se sont passées."
LUK.24.22,Bakina bali ba engbanga e biso balokamodji. Bakɛkɛ nahindihindi ta ikila.,Il est vrai que quelques femmes dentre nous nous ont fort étonnés; sétant rendues de grand matin au sépulcre.
LUK.24.23,endolo baitaneaka mokuku mo nde. Bahulaka ko balotɔndeaka boo babwɛndji basaenɛmedjaki na bu ko babatɔndeaki boo adi na bomɔ.,"et nayant pas trouvé son corps, elles sont venues dire que des anges leur sont apparus et ont annoncé quil est vivant."
LUK.24.24,"Bakina binasu bakɛkɛ ta ikila ko bataneaka misusu oko moda ebatɔndeaka bali, endolo yo, baimoenɛkɛ.».","Quelques-uns de ceux qui étaient avec nous sont allés au sépulcre, et ils ont trouvé les choses comme les femmes lavaient dit; mais lui, ils ne lont point vu."
LUK.24.25,Na bea Yesu abalaka na bu: «Bato bataka ebowɛi! Tina ndani milema mi bino te midime meako misusu mikotɔndeni Ba mbaeli ba Ndjakomba!.,"Alors Jésus leur dit: O hommes sans intelligence, et dont le cœur est lent à croire tout ce quont dit les prophètes!."
LUK.24.26,Eboanakiti boo Kilito anɔnge boso bo bokwea ta e kumu e nde?».,"Ne fallait-il pas que le Christ souffrît ces choses, et quil entrât dans sa gloire?."
LUK.24.27,"Ngɔngɔ abatingodjaka mibalo mikomama ta makomi, bobanga ta buku i Mose ko na buku isusu i ba mbaeli ba Ndjakomba.","Et, commençant par Moïse et par tous les prophètes, il leur expliqua dans toutes les Écritures ce qui le concernait."
LUK.24.28,"Ehole ebatamaka bo na ibonga yena ekɛkɛ bo, Yesu akɔkɔ elenge bokimana ndjea ekɛkɛ yo.","Lorsquils furent près du village où ils allaient, il parut vouloir aller plus loin."
LUK.24.29,Endolo bamosiaka babalaka: «Daa na su; busa boimei mɔkɔmɔkɔ ko bulu boimei.» Akweaka ko adaka na bu.,"Mais ils le pressèrent, en disant: Reste avec nous, car le soir approche, le jour est sur son déclin. Et il entra, pour rester avec eux."
LUK.24.30,"Ehole edaka yo na bu ta mesa, atombaka mwɛmbɛ ko apaka Ndjakomba mɛlɛsi; abukakaka mwɛmbɛ ko abapaka.","Pendant quil était à table avec eux, il prit le pain; et, après avoir rendu grâces, il le rompit, et le leur donna."
LUK.24.31,"Na bea, miso ma bobo madipoamaka ko bamosipoa; endolo alɛmoaka.","Alors leurs yeux souvrirent, et ils le reconnurent; mais il disparut de devant eux."
LUK.24.32,Basabaleanaka: «Milema mi biso midaka na sepi ehole ebalaka yo na su ta ndjea ko elotingodjaka yo makomi?».,"Et ils se dirent lun à lautre: Notre cœur ne brûlait-il pas au-dedans de nous, lorsquil nous parlait en chemin et nous expliquait les Écritures?."
LUK.24.33,Na mbala emɔti basangɔdjɔkɔ ko basɔmbɔkɔ ta Yelusalɛmɛ. Bataneaka batingami domi na omɔti bato bakina badaka polo emɔti.,"Se levant à lheure même, ils retournèrent à Jérusalem, et ils trouvèrent les onze, et ceux qui étaient avec eux, assemblés."
LUK.24.34,babalaka na bu: «Soti Kumu apusoi! Nasenɛmedji na Simo!».,"et disant: Le Seigneur est réellement ressuscité, et il est apparu à Simon."
LUK.24.35,Ibo pongono babatɔndeaka meako iminɔkɔ na bu na ndjea ko moda momosipoaka bo ehole ebukaka yo mwɛmbɛ.,"Et ils racontèrent ce qui leur était arrivé en chemin, et comment ils lavaient reconnu au moment où il rompit le pain."
LUK.24.36,"Yana adakabo babala, Yesu asenɛmedjaka ta ndanda e bobo ko abalaka na bu: «Bogo bodae na nu!».","Lu : Tandis quils parlaient de la sorte, lui-même se présenta au milieu deux, et leur dit: La paix soit avec vous!."
LUK.24.37,"Balumaka na bɔɔ bonɛnɛ, tengasa balɛdjɛkɛ baeni edjo.","Saisis de frayeur et dépouvante, ils croyaient voir un esprit."
LUK.24.38,Endolo Yesu abalaka na bu: «Oyegebanini tina nda? Tina e kitɛ ta milema mi bino nda?.,"Mais il leur dit: Pourquoi êtes-vous troublés, et pourquoi pareilles pensées sélèvent-elles dans vos cœurs?."
LUK.24.39,"Endjani mɔmɔ na mako ma mbi: edi oko mbi! Bɛndjɛnini ko endjanini, tengasa edjo editi na muni na mokuwa, elenge enɛkɛno adi mbi.».","Voyez mes mains et mes pieds, cest bien moi; touchez-moi et voyez: un esprit na ni chair ni os, comme vous voyez que jai."
LUK.24.40,Ehole ebalaka yo kɔpi imina abainedjaka mɔmɔ na mako ma nde.,"Et en disant cela, il leur montra ses mains et ses pieds."
LUK.24.41,"Badaka na sepi enɛnɛ iyena ekɔkɔ bo badae pɛ ko bodima ko balumaka na bakamoa, abahɔdjɔkɔ: «Odini na eka oboyaka?».","Comme, dans leur joie, ils ne croyaient point encore, et quils étaient dans létonnement, il leur dit: Avez-vous ici quelque chose à manger?."
LUK.24.42,Bamopaka ekenge o moswi ekalangake.,Ils lui présentèrent du poisson rôti et un rayon de miel.
LUK.24.43,Aetombaka ko aeyaka ta boso bo bobo.,"Il en prit, et il mangea devant eux."
LUK.24.44,"Ngɔngɔ abalaka na bu: «Ehole edaka mbi na nu, endjani meako miotɔndeakani mbi: imikomama ta tina e mbi ta mobeko mo Mose, ta buku i Ba mbaeli ba Ndjakomba ko ta ndjembo, misusu mibwani mikokedjame.».","Puis il leur dit: Cest là ce que je vous disais lorsque jétais encore avec vous, quil fallait que saccomplît tout ce qui est écrit de moi dans la loi de Moïse, dans les prophètes, et dans les psaumes."
LUK.24.45,Na bea abadipoaka bowɛi bɛngi basipoe makomi.,"Alors il leur ouvrit lesprit, afin quils comprissent les Écritures."
LUK.24.46,"ko abalaka na bu: «Endjani mikomama: Kilito atungi boka saya, ngɔngɔ apusoe ta tei e bago isu i basato.","Et il leur dit: Ainsi il est écrit que le Christ souffrirait, et quil ressusciterait des morts le troisième jour."
LUK.24.47,"ko etungi balehe na kombe e nde ta mabota masusu, bobanga ta Yelusalɛmɛ; bo babwani bahombedje milema ko na bodiha boyɛmɛ bo mabe.","et que la repentance et le pardon des péchés seraient prêchés en son nom à toutes les nations, à commencer par Jérusalem."
LUK.24.48,Odini batemo ba meako mimina.,Vous êtes témoins de ces choses.
LUK.24.49,"Ko nalomake mbi mɛnɛ adi no yena eodikanani Sesa. Na bea no, dikani ta ibonga enɛnɛ mbunoko olumeni na ngulu adongake odiko.».","Et voici, jenverrai sur vous ce que mon Père a promis; mais vous, restez dans la ville jusquà ce que vous soyez revêtus de la puissance den haut."
LUK.24.50,"Ngɔngɔ Yesu abaimedjaka sokolu e ibonga enɛnɛ, mbuti na Betania, ko oho, angɔdjɔkɔ mɔmɔ abadjongoaka.","Il les conduisit jusque vers Béthanie, et, ayant levé les mains, il les bénit."
LUK.24.51,"Ehole adakayo ebadjongoa, agbɔtɔkɔ na bu ko aiwea ta busa.","Pendant quil les bénissait, il se sépara deux, et fut enlevé au ciel."
LUK.24.52,"Endolo bo, bamokumedjaka ko basɔmbɔkɔ ta Yelusalɛmɛ, na mosepi monɛnɛ mɛnɛ.","Pour eux, après lavoir adoré, ils retournèrent à Jérusalem avec une grande joie;."
LUK.24.53,Badaka bihole bisusu ta tepelo bakumedjaka Ndjakomba.,"et ils étaient continuellement dans le temple, louant et bénissant Dieu."
JHN.1.1,"Ta mbangi e leka losusu, Mobalo adaka ehele; Mobalo adaka engbanga na Ndjakomba, Ko Mobalo adaka Ndjakomba.","Au commencement était la Parole, et la Parole était avec Dieu, et la Parole était Dieu."
JHN.1.2,"Soti, ta mbangi eleka losusu, Mobalo adaka engbanga na Ndjakomba .",Elle était au commencement avec Dieu.
JHN.1.3,"Na ndjea e Mobalo, leka losusu loduama; Pɛ nongo eka eda pɛ boduama na ndjea e nde .","Toutes choses ont été faites par elle, et rien de ce qui a été fait na été fait sans elle."
JHN.1.4,Ta tei e Mobalo bomɔ bodaka ; Na bea bomɔ bomina bodaka bohu tina e bato.,"En elle était la vie, et la vie était la lumière des hommes."
JHN.1.5,Endolo bohu bongɛsɛ ta modidi ko modidi moihɔnɔ bomodipa .,"La lumière luit dans les ténèbres, et les ténèbres ne lont point reçue."
JHN.1.6,"Moto omɔti aimaka, kombe e nde Yoane, yo alomama na Ndjakomba .",Il y eut un homme envoyé de Dieu: son nom était Jean.
JHN.1.7,"Aduaka elenge tati e bohu, tine bosipodja bato basusu badime na ndjea e nde.","Il vint pour servir de témoin, pour rendre témoignage à la lumière, afin que tous crussent par lui."
JHN.1.8,"Yo mɛnɛ aidaka bohu, endolo aduaka bopa tati tina e bohu.","Il nétait pas la lumière, mais il parut pour rendre témoignage à la lumière."
JHN.1.9,"Bohu bomina bodaka bohu bosoti, ibua ehole eduabo ta ngondo, boinedja bohu adi bato basusu.","Cette lumière était la véritable lumière, qui, en venant dans le monde, éclaire tout homme."
JHN.1.10,"Mobalo adaka ehele ta ngondo, ko ngondo eduama na ndjea e nde . Nongo bea bato ba ngondo baimodjebaka.","Elle était dans le monde, et le monde a été fait par elle, et le monde ne la point connue."
JHN.1.11,"Mobalo aduaka adi bato ba nde mɛnɛ , Endolo bato ba nde baimoasɔ.","Elle est venue chez les siens, et les siens ne lont point reçue."
JHN.1.12,"Na bea, bato ibamoasɔkɔ, bamodimeaka; Abapaka kpatsi e boimea bana ba Ndjakomba .","Mais à tous ceux qui lont reçue, à ceux qui croient en son nom, elle a donné le pouvoir de devenir enfants de Dieu, lesquels sont nés."
JHN.1.13,"Baimeaka bana ba Ndjakomba te na moda mo bobotama bo makia, kaoko na bopala bo bato; endolo edi Ndjakomba abapaka mohelo moyanie.","non du sang, ni de la volonté de la chair, ni de la volonté de lhomme, mais de Dieu."
JHN.1.14,"Mobalo aimeaka moto Ko ahelamaka ta tei e biso, Alumaka na mongandi ko na soti. Iso loenɛ ekumu e nde, Ekumu e Mwana o ikinda olomama na Sange e nde.","Et la parole a été faite chair, et elle a habité parmi nous, pleine de grâce et de vérité; et nous avons contemplé sa gloire, une gloire comme la gloire du Fils unique venu du Père."
JHN.1.15,"Yoane apaka tati tina e nde. Adumbeaka: «Edi na yona obalaka na mbi: Yona aduake ngɔngɔ i mbi, anɔini na ekumu enɛnɛ, tengasa adaka ehele boso bo mbi !».","Jean lui a rendu témoignage, et sest écrié: Cest celui dont jai dit: Celui qui vient après moi ma précédé, car il était avant moi."
JHN.1.16,"Ta tei e bodieli bo nde bonɛnɛ, Iso basusu lodihi enɔeli e mongandi ngɔngɔ i mongandi.","Et nous avons tous reçu de sa plénitude, et grâce pour grâce;."
JHN.1.17,Ndjakomba alopaka mobeko na ndjea e Mose ; endolo enɔeli e mongandi ko soti loduaka na ndjea Yesu Kilito.,"car la loi a été donnée par Moïse, la grâce et la vérité sont venues par Jésus-Christ."
JHN.1.18,"Pɛ nongo moto oenɛ Ndjakomba . Dongedja oko Mwana o ikinda, odi Ndjakomba okadikame mbuti na Sango, oko yo mɛnɛ aloinedja Ndjakomba.","Personne na jamais vu Dieu; le Fils unique, qui est dans le sein du Père, est celui qui la fait connaître."
JHN.1.19,"Bakondji ba bayuda ibadaka ta Yelusalɛmɛ, balomaka banganga ba Ndjakomba ko na balewi, tine bohɔdjɔ Yoane: «Wɛ odi nda?» Endja pongono tati e Yoane.","Voici le témoignage de Jean, lorsque les Juifs envoyèrent de Jérusalem des sacrificateurs et des Lévites, pour lui demander: Toi, qui es-tu?."
JHN.1.20,"Yo ailona bobasɔmbedja, endolo adima bohu ta boso bo bobo ko ta miso ma bato basusu: «Naditi Kilito.».","Il déclara, et ne le nia point, il déclara quil nétait pas le Christ."
JHN.1.21,Bamohodjɔkɔ: «Wɛ odi mɛnɛ nda? Odi Elia?» – Abasɔmbedja: «Ngasa naditi Elia.» – Bamohɔdjɔkɔ naikina: «Ibeako odi mbaeli o Ndjakomba?» Asɔmbedjaka: «Ngasa!».,Et ils lui demandèrent: Quoi donc? Es-tu Élie? Et il dit: Je ne le suis point. Es-tu le prophète? Et il répondit: Non.
JHN.1.22,Na bea babalaka na nde: «Wɛ mɛnɛ odi nda? Tine bo lobwani bosɔmbedja adi ibia balolomi. E bali wɛ nde ta tina e wɛ mɛnɛ?».,Ils lui dirent alors: Qui es-tu? Afin que nous donnions une réponse à ceux qui nous ont envoyés. Que dis-tu de toi-même?.
JHN.1.23,Yoane asɔmbedjaka: «Nadi moholi mo moto yona adumbeaka ta etengelenge: Bɔngedjani ndjea e Kumu eime bodjo!» Moda mobalaka mbaeli o Ndjakomba Isaya.,"Moi, dit-il, je suis la voix de celui qui crie dans le désert: Aplanissez le chemin du Seigneur, comme a dit Ésaïe, le prophète."
JHN.1.24,"Ta ndanda e bia ibalomamaka adi Yoane, badaka Bapalusai .",Ceux qui avaient été envoyés étaient des pharisiens.
JHN.1.25,"Bamohɔdjɔkɔ naikina: «Wɛ oditi Kilito, oditi Elia, oditi Mbaeli o Ndjakomba, edɛdi wainaka tina nda?».","Ils lui firent encore cette question: Pourquoi donc baptises-tu, si tu nes pas le Christ, ni Élie, ni le prophète?."
JHN.1.26,"Yoane abasɔmbedjaka: «Mbi, nainakini na madiba; endolo ta tei e bino odini na moto omɔti wadaka no pɛ bodjeba.","Jn : Jean leur répondit: Moi, je baptise deau, mais au milieu de vous il y a quelquun que vous ne connaissez pas, qui vient après moi;."
JHN.1.27,"Yona aduake ngɔngɔ i mbi; nadi moto ngasa ta boso bo nde, nabwaniti bolodja ngɔli i sapato i nde.».",je ne suis pas digne de délier la courroie de ses souliers.
JHN.1.28,"Midjɔ mimina minɔmɔkɔ ta ngando e Betania , ta dɔngɔ ikina i duwa e Yolodane, oho edaka polo einaka Yoane.","Ces choses se passèrent à Béthanie, au-delà du Jourdain, où Jean baptisait."
JHN.1.29,"Aya busa, Yoane aenɛ Yesu bodua adi yo. Abalaka: «Endjani Mwana o bhata o Ndjakomba okadongedje mabe ta ngondo .","Le lendemain, il vit Jésus venant à lui, et il dit: Voici lAgneau de Dieu, qui ôte le péché du monde. Jn :."
JHN.1.30,"Edi yona obalaka mbi tina e nde: Moto omɔti aduake ngɔngɔ i mbi, endolo adi na ekumu enɛnɛ bonɔ mbi, tengasa yo adaka ehele boso bo mbi.","Cest celui dont jai dit: Après moi vient un homme qui ma précédé, car il était avant moi."
JHN.1.31,"Mbi mɛnɛ naimodjebaka, endolo mbi nainaka na madiba, bɛngi na modjebedje adi bato ba Isalɛlɛ.».","Je ne le connaissais pas, mais cest afin quil fût manifesté à Israël que je suis venu baptiser deau."
JHN.1.32,"Yoane apaka tati ye naikina ta tina e nde: «Naeni Mwembo mo Ndjakomba motita ta busa elenge embenga ko bobakama ta diko i nde, naenɛkɛ meako mimina mbi mɛnɛ .",Jean rendit ce témoignage: Jai vu lEsprit descendre du ciel comme une colombe et sarrêter sur lui.
JHN.1.33,"Naimodjebaka, endolo Ndjakomba yona olomani boina na madiba, abalaka na mbi: Wenɛke Mwembo botita ko bobakama ta diko i moto omɔti; edi yona abatisake na Mwembo Mosɛnɔke.","Jn : Je ne le connaissais pas, mais celui qui ma envoyé baptiser deau, celui-là ma dit: Celui sur qui tu verras lEsprit descendre et sarrêter, cest celui qui baptise du Saint-Esprit."
JHN.1.34,Mbi mɛnɛ naeni meako mimina ko napaka tati bo yo adi Mwana o Ndjakomba.».,"Et jai vu, et jai rendu témoignage quil est le Fils de Dieu."
JHN.1.35,"Ngɔngɔ i isu imɔti naikina, Yoane adaka naikina oko ta polo emina, na batingami ba nde babae.","Le lendemain, Jean était encore là, avec deux de ses disciples;."
JHN.1.36,"Ehole enɛkɛ yo Yesu bonɔ, abalaka: «Endjani Mwana o bhata o Ndjakomba !».","Jn : et, ayant regardé Jésus qui passait, il dit: Voilà lAgneau de Dieu."
JHN.1.37,"Ehole eoka batingami ba babae ba Yoane mobalo momina, bakimana Yesu.","Les deux disciples lentendirent prononcer ces paroles, et ils suivirent Jésus."
JHN.1.38,Yesu ahombana ko aeni bato bamokimane. Abahɔdjɔkɔ: «Ahombaka no nde?» Bamosɔmbedjaka: «Labi adikamaka wɛ djɔ ?» – Kombe emina etingodji «Molehi.» –.,"Jésus se retourna, et voyant quils le suivaient, il leur dit: Que cherchez-vous? Ils lui répondirent: Rabbi , où demeures-tu?."
JHN.1.39,"Abasɔmbedjaka: «Duani ko wɛnɛkeni.» Bakɛ, baenɛ polo edaka yo adi ko bada na nde busa bomina. Edaka mbuti na bihole binɛi ngɔngɔ i midi.","Venez, leur dit-il, et voyez. Ils allèrent, et ils virent où il demeurait; et ils restèrent auprès de lui ce jour-là. Cétait environ la dixième heure."
JHN.1.40,"Omɔti ta tei e babae ibadaka baoka mobalo mo Yoane ko bakimanaka Yesu, edaka Andele, mwange Simo Piɛlɛ.","André, frère de Simon Pierre, était lun des deux qui avaient entendu les paroles de Jean, et qui avaient suivi Jésus."
JHN.1.41,"Moto o boso osakanaka na Andele, edaka mwange e nde Simo; abalaka na nde: «Lotanei Masiya.» Kombe emina etingondji «Kilito».","Ce fut lui qui rencontra le premier son frère Simon, et il lui dit: Nous avons trouvé le Messie ."
JHN.1.42,"Ko akɛ na Simo mbuti na Yesu. Yesu amoendja ko abalaka: «Wɛ odi Simo, mwana o Yoane; baobeake edɛdi Kipasi » kombe emina etingondji «Piɛlɛ».","Et il le conduisit vers Jésus. Jésus, layant regardé, dit: Tu es Simon, fils de Jonas; tu seras appelé Céphas ."
JHN.1.43,"Ngɔngɔ i isu imɔti naikina, Yesu apalaka bokɛ ta ngando e Galilea. Asakanaka na Pilipo ko abalaka na nde: «Kimanani!».","Le lendemain, Jésus voulut se rendre en Galilée, et il rencontra Philippe. Il lui dit: Suis-moi."
JHN.1.44,"Pilipo adaka moto o ibonga i Betesaida , ngando e Andele na Piɛlɛ.","Philippe était de Bethsaïda, de la ville dAndré et de Pierre."
JHN.1.45,"Na bea, Pilipo asakanaka pongono na Natanɛlɛ ko abalaka na nde: «Losakani na yona obala Mose ta buku e Mobeko ko pongono yona obalaka ba mbaeli ba Ndjakomba ta tina e nde . Edi Yesu o ngando e Nasaleta, mwana o Esepu.».","Philippe rencontra Nathanaël, et lui dit: Nous avons trouvé celui de qui Moïse a écrit dans la loi et dont les prophètes ont parlé, Jésus de Nazareth, fils de Joseph."
JHN.1.46,Natanɛlɛ abalaka na nde: «Eka epele ebwani boboloa ta Nasaleta nda?» Pilipo amosɔmbedjaka: «Dua ko wenɛke.».,"Nathanaël lui dit: Peut-il venir de Nazareth quelque chose de bon? Philippe lui répondit: Viens, et vois."
JHN.1.47,"Ehole enɛ Yesu Natanɛlɛ bobatama mbuti na nde, abalaka na nde: «Endja mo Isalɛlɛ o soti mɛnɛ; boloa boditi ta tei e nde.».","Jésus, voyant venir à lui Nathanaël, dit de lui: Voici vraiment un Israélite, dans lequel il ny a point de fraude."
JHN.1.48,"Na bea Natanɛlɛ amohɔdjɔkɔ: «Odjebini moda nda?» Yesu amosɔmbedjaka: «Noenɛki yana adaki wɛ ta nase i mole mo pigi, boso bo Pilipo aobe.».","Doù me connais-tu? Lui dit Nathanaël. Jésus lui répondit: Avant que Philippe tappelât, quand tu étais sous le figuier, je tai vu."
JHN.1.49,"Na tina emina Natanɛlɛ abalaka na nde: «Labi, wɛ odi soti mɛnɛ Mwana o Ndjakomba, odi Mokondji o Isalɛlɛ !».","Nathanaël répondit et lui dit: Rabbi, tu es le Fils de Dieu, tu es le roi dIsraël."
JHN.1.50,Yesu amosɔmbedjaka: «Odimi tine nabali na wɛ noenɛki yana adaki wɛ ta nase i mole mo pigi? Wenɛke naikina meako minɛnɛ bonɔ i mi!».,"Jésus lui répondit: Parce que je tai dit que je tai vu sous le figuier, tu crois; tu verras de plus grandes choses que celles-ci."
JHN.1.51,"Ko abakeaka: «Okobea, nabali na wɛ, edi soti: wenɛke busa bodipoama ko babwɛndji ba Ndjakomba boiweya ko botita diko i Mwana o Moto !».","Et il lui dit: En vérité, en vérité, vous verrez désormais le ciel ouvert et les anges de Dieu monter et descendre sur le Fils de lhomme."
JHN.2.1,"Ta isu i basato, edaka na tɛkɛ e moki ta Kanana, ta ngando e Galilea. Nange e Yesu adaka ena.","Trois jours après, il y eut des noces à Cana en Galilée. La mère de Jésus était là."
JHN.2.2,Babeaka pongono Yesu na batingami ba nde ta tɛkɛ e mina.,et Jésus fut aussi invité aux noces avec ses disciples.
JHN.2.3,"Ngɔngɔ i moehole omɔti, mana ma vino masiaka. Nange e Yesu abalaka na nde: «Baditi naikina na mana ma vino.».","Le vin ayant manqué, la mère de Jésus lui dit: Ils nont plus de vin."
JHN.2.4,"Endolo Yesu amosɔmbedjaka: «Mwali, modjɔ mo mbi na wɛ nda? Ehole e mbi ebwanakini.».","Jésus lui répondit: Femme, quy a-t-il entre moi et toi? Mon heure nest pas encore venue."
JHN.2.5,Na bea nange e Yesu abalaka na basali: «Kɔni misusu mabalake yo na nu.».,Sa mère dit aux serviteurs: Faites ce quil vous dira.
JHN.2.6,"Enakobea edaka ena biseli bi mabanga bisakamoaka na bayuda, tine mida mi bobo mi bosasɛnodja. Engi eseli ekweaka bikpate mbuti na mokama.","Or, il y avait là six vases de pierre, destinés aux purifications des Juifs, et contenant chacun deux ou trois mesures."
JHN.2.7,Yesu abalaka na basali: «Lumedjani madiba ta biseli bi.» Ko basali babilumedjaka botɔ.,Jésus leur dit: Remplissez deau ces vases. Et ils les remplirent jusquau bord.
JHN.2.8,Na bea Yesu abalaka na bu: «Edɛdi lokani ko pani mobɔngedji o tɛkɛ.» Na bea ekɔmɔ oko bea.,"Puisez maintenant, leur dit-il, et portez-en à lordonnateur du repas. Et ils en portèrent."
JHN.2.9,"Mobɔngedji o tɛkɛ ameka madiba imakindoa mana ma vino. Aidjeba dɔngɔ idonga mana ma vino emina, endolo basali ibalokaka madiba badjebaka. Mobɔngedji o tɛkɛ abeaka moswa tɛkɛ e moki.","Quand lordonnateur du repas eut goûté leau changée en vin, ne sachant doù venait ce vin, tandis que les serviteurs, qui avaient puisé leau, le savaient bien, il appela lépoux."
JHN.2.10,"ko abalaka na nde: «Bato basusu bobangaka boso bopa mana ma vino epele, ngɔngɔ ehole elangoi bato ibabei yo, aimei bobapa imapɛ boda mapipo. Endolo wɛ, obombi mana ma vino epele mbunoko edɛdi!».","et lui dit: Tout homme sert dabord le bon vin, puis le moins bon après quon sest enivré; toi, tu as gardé le bon vin jusquà présent."
JHN.2.11,Endja iye edi mbangi e bimbete bi boso bi ngindola ibikɔ Yesu ta Kanana ngando e Galilea. Na bea ainedjaka ekumu e nde ko batingami ba nde bamodimeaka.,"Tel fut, à Cana en Galilée, le premier des miracles que fit Jésus. Il manifesta sa gloire, et ses disciples crurent en lui."
JHN.2.12,"Ngɔngimina, akɛkɛ ta ngando e Kapalanauma engbanga emɔti na nange e nde, bange i nde ko batingami ba nde. Bayeyoaka oho baasu.","Après cela, il descendit à Capernaüm, avec sa mère, ses frères et ses disciples, et ils ny demeurèrent que peu de jours."
JHN.2.13,Tɛkɛ e Pasika e bayuda aimeaka mbuti ko Yesu akɛkɛ ta Yelusalɛmɛ .,"La Pâque des Juifs était proche, et Jésus monta à Jérusalem."
JHN.2.14,"Ta tepelo, ataneaka bato batɛkɛ ngɔmbɛ, bhata ko bimbenga. Ataneaka pongono basendji ba bibende bi palanga badi ta mesa i bobo .","Il trouva dans le temple les vendeurs de bœufs, de brebis et de pigeons, et les changeurs assis."
JHN.2.15,"Na bea, atombaka mobalake ko ababenganaka bato basusu sokolu e tepelo, na bhata ba bobo ko na ngɔmbɛ ba bobo ; asabakaka bibende bi palanga bi basendji ko bodumbakaka mesa i bobo.","Ayant fait un fouet avec des cordes, il les chassa tous du temple, ainsi que les brebis et les bœufs; il dispersa la monnaie des changeurs, et renversa les tables;."
JHN.2.16,Abalaka na batɛki ba bimbenga: «Dongedjani losusu iya! Pɛ boimedjani ndako e Sange e mbi ndako e mombongu!».,"et il dit aux vendeurs de pigeons: Otez cela dici, ne faites pas de la maison de mon Père une maison de trafic."
JHN.2.17,"Batingami ba nde balɛdjɛkɛ mibalo i mikomama: «Ikuwa idi na mbi tine e ndako e wɛ, oo Ndjakomba, langodjakeni elenge mosa .».",Ses disciples se souvinrent quil est écrit: Le zèle de ta maison me dévore.
JHN.2.18,"Na bea bakondji ba bayuda bamohɔdjɔkɔ: «Embete e ngindola ndani ebwani na wɛ bokɔ, ebɛngi olodimedje bo odi na kpati e bokɔ bea nda?».","Les Juifs, prenant la parole, lui dirent: Quel miracle nous montres-tu, pour agir de la sorte?."
JHN.2.19,Yesu abasɔmbedjaka: «Bukani tepelo ye ko ngɔngɔ i masu masato naetongake .».,"Jésus leur répondit: Détruisez ce temple, et en trois jours je le relèverai."
JHN.2.20,"Bayuda babalaka na nde: «Ta botongama bo tepelo ye, eyeyoaka mbula tuku inɛi na basamano ko wɛ wetongake na masu masato! ».","Les Juifs dirent: Il a fallu quarante-six ans pour bâtir ce temple, et toi, en trois jours tu le relèveras!."
JHN.2.21,"Endolo tepelo ebalaka Yesu, edaka mokuku mo nde mɛnɛ.",Mais il parlait du temple de son corps.
JHN.2.22,"Ta ehole epusowa Yesu ta tei e bago, batingami ba nde balɛdjɛkɛ meako imibalaka yo na bu; ko badimaka ikomi ko na mibalo imi batɔndeaka Yesu.","Cest pourquoi, lorsquil fut ressuscité des morts, ses disciples se souvinrent quil avait dit cela, et ils crurent à lÉcriture et à la parole que Jésus avait dite."
JHN.2.23,"Ehole edaka Yesu ta Yelusalɛmɛ, ta ehole e tɛkɛ e Pasika, emumu e bato emodimeaka ta boenɛ bimbete bi ngindola ibikɔkɔ yo.","Pendant que Jésus était à Jérusalem, à la fête de Pâque, plusieurs crurent en son nom, voyant les miracles quil faisait."
JHN.2.24,"Endolo Yesu aibadimaka, tine abadjebaka bo basusu bopele mɛnɛ.","Mais Jésus ne se fiait point à eux, parce quil les connaissait tous."
JHN.2.25,"Aidaka na posa e bomotɔndea tati tine e moto, tengesa yo mɛnɛ adjebaka bopele eka ndani edaka ta tei e molema mo moto.",et parce quil navait pas besoin quon lui rendît témoignage daucun homme; car il savait lui-même ce qui était dans lhomme.
JHN.3.1,Edaka na momi omɔti kombe e nde Nikodɛmɛ. Yo adaka omɔti o basuku ba bayuda ta ikita i bapalusai.,"Mais il y eut un homme dentre les pharisiens, nommé Nicodème, un chef des Juifs."
JHN.3.2,"Aduaka na bulu adi Yesu ko abalaka na nde: «Labi, lodjebi bo odi molehi yona odonga adi Ndjakomba. Tengasa pɛ moto obwani bokɔ bimbete bi ngindola elenge akɔkɔ wɛ, emiti da bo Ndjakomba adae engbanga na nde.».","qui vint, lui, auprès de Jésus, de nuit, et lui dit: Rabbi, nous savons que tu es un docteur venu de Dieu; car personne ne peut faire ces miracles que tu fais, si Dieu nest avec lui."
JHN.3.3,"Yesu amosɔmbedjaka: «Okobea, nabali na wɛ, edi soti: moto abwaniti bodjeba meako mi Bokumu bo Ndjakomba amiti botama mbala e babae .».","Jésus lui répondit: En vérité, en vérité, je te le dis, si un homme ne naît de nouveau, il ne peut voir le royaume de Dieu."
JHN.3.4,Nikodɛmɛ amohɔdjɔkɔ: «Moda ndani moto mosuku abwani bobotama mbala e babae? Asɔmbe naikina ta sɔpɔ i nango bɛngi abotame mbala e babae?».,Nicodème lui dit: Comment un homme peut-il naître quand il est vieux? Peut-il rentrer dans le sein de sa mère et naître?.
JHN.3.5,"Yesu amosɔmbedjaka: «Okobea, nabali na wɛ, edi soti: moto abwaniti bokwea ta Bokumu bo Ndjakomba amiti botama na madiba ko na Mwembo.","Jésus répondit: En vérité, en vérité, je te le dis, si un homme ne naît deau et dEsprit, il ne peut entrer dans le royaume de Dieu."
JHN.3.6,Yona obotami na moto adi moto; ko yona obotami na Mwembo adi mwembo.,"Ce qui est né de la chair est chair, et ce qui est né de lEsprit est esprit."
JHN.3.7,Pɛ bokamoa tine bo naotɔndei: Etungi na wɛ bobotama mbala e babae .,Ne tétonne pas que je taie dit: Il faut que vous naissiez de nouveau.
JHN.3.8,"Epoyipoyi bonɔkɔ polo epalaka mo; okaka kilingo ekɔkɔ mo, endolo otadjebaka polo edongaka mo kaoko enɔkɔ mo. Endja eka enɔmɔke tine yona abotamake na Mwembo mo Ndjakomba.».","Le vent souffle où il veut, et tu en entends le bruit; mais tu ne sais doù il vient, ni où il va. Il en est ainsi de tout homme qui est né de lEsprit."
JHN.3.9,Na bea Nikodɛmɛ amosɔmbedjaka: «Modjɔ momina modi bokɔmɔ moda nda?».,Nicodème lui dit: Comment cela peut-il se faire?.
JHN.3.10,"Yesu amosɔmbedjaka: «Wɛ moto odi molehi odjebami ta Isalɛlɛ, otadjebaka midjɔ imi?.","Jésus lui répondit: Tu es le docteur dIsraël, et tu ne sais pas ces choses!."
JHN.3.11,"Okobea, nabalaka na wɛ, edi soti: iso labalaka meako madjebaka so ko lapaka tati e meako imenɛkɛ so, endolo otapalakani bodima tati e biso.","En vérité, en vérité, je te le dis, nous disons ce que nous savons, et nous rendons témoignage de ce que nous avons vu; et vous ne recevez pas notre témoignage."
JHN.3.12,Ehole eobaleakani mbi midjɔ mi ngondo otadimeakanini; moda ndani wadimeakenini ehole eobaleakeni mbi midjɔ mi busa?.,"Si vous ne croyez pas quand je vous ai parlé des choses terrestres, comment croirez-vous quand je vous parlerai des choses célestes?."
JHN.3.13,"Pɛ moto okɛ ta busa, dongedja oko Mwana o Moto yona otita ta busa .","Personne nest monté au ciel, si ce nest celui qui est descendu du ciel, le Fils de lhomme qui est dans le ciel."
JHN.3.14,"Oko moda momina mongɔdjɔkɔ Mose ndjɔ ta etengelenge, oko moda momina Mwana o Moto atungi angɔdjɔme.","Et comme Moïse éleva le serpent dans le désert, il faut de même que le Fils de lhomme soit élevé."
JHN.3.15,tine bo yona amodimeake adihe mohelo mo seko.,afin que quiconque croit en lui ait la vie éternelle.
JHN.3.16,"Tengasa Ndjakomba apalaka bonɔ mɛnɛ bato ba ngondo, apaka Mwana o nde omɔti o ikinda, tine bomoto na moto yona amodimeake, adae pɛ bobunga endolo adihe mohelo mo seko.","Car Dieu a tant aimé le monde quil a donné son Fils unique, afin que quiconque croit en lui ne périsse point, mais quil ait la vie éternelle. Jn :."
JHN.3.17,Ndjakomba ailomaka Mwana o nde ta ngondo tine bosambedja bato; endolo tine boheledja bato ba ngondo na ndjea e nde.,"Dieu, en effet, na pas envoyé son Fils dans le monde pour quil juge le monde, mais pour que le monde soit sauvé par lui."
JHN.3.18,"Yona adimeake Mwana, atasambedjamake; endolo yona odɛi pɛ bomodimea, asambedjamabi; tine bo aidimea kombe e Mwana o ikinda o Ndjakomba.","Celui qui croit en lui nest point jugé; mais celui qui ne croit pas est déjà jugé, parce quil na pas cru au nom du Fils unique de Dieu."
JHN.3.19,"Endjani moda moenɛmɛke esambi: bohu aduaka ta ngondo, endolo bato ba ngondo bapalaka modidi bonɔ bohu, tine misala mi bobo midaka mibe.","Et ce jugement cest que, la lumière étant venue dans le monde, les hommes ont préféré les ténèbres à la lumière, parce que leurs œuvres étaient mauvaises."
JHN.3.20,"Yona akɔkɔ bobe, alonaka bohu ko akasasue na bohu; tengasa abangaka misala mi nde mibe misakenɛmɛ ta bohu.","Car quiconque fait le mal hait la lumière, et ne vient point à la lumière, de peur que ses œuvres ne soient dévoilées;."
JHN.3.21,"Endolo yona adalaka ta soti, akadue ta bohu, bɛngi misala mikasaleyo engbanga na Ndjakomba mienɛme bohu.».","mais celui qui agit selon la vérité vient à la lumière, afin que ses œuvres soient manifestées, parce quelles sont faites en Dieu."
JHN.3.22,"Ngɔngɔ imina, Yesu na batingami ba nde bakɛkɛ ta mokpɔtɔ mo Yudea. Ayeyoaka mo ehole na bu, ko ainaka .","Après cela, Jésus, accompagné de ses disciples, se rendit dans la terre de Judée; et là il demeurait avec eux, et il baptisait."
JHN.3.23,"Yoane pongono ainaka ta moongando e Enɔi, mbuti na Salimi , tine oho madiba madaka manɛnɛ. Bato bakɛkɛ adi yo ko ababatisaka.","Jean aussi baptisait à Énon, près de Salim, parce quil y avait là beaucoup deau; et on y venait pour être baptisé."
JHN.3.24,Tengasa Yoane aipakakwea ta bɔlɔkɔ .,Car Jean navait pas encore été mis en prison.
JHN.3.25,"Na bea busa bomɔti, kitɛ edaka ta tei e batingami ba Yoane na moyuda omɔti ta tina e mabɔngedji ma bosasɛnodja.","Or, il séleva de la part des disciples de Jean une dispute avec un Juif touchant la purification."
JHN.3.26,"Bakɛkɛ botanea Yoane ko babalaka na nde: «Labi, wadjebaka naikina moto yona odaka na wɛ ta dɔngɔ i Yolodane, yona opaka wɛ tati? Endja ainaka edɛdi ko bato basusu bakɛkɛ adi yo!».","Ils vinrent trouver Jean, et lui dirent: Rabbi, celui qui était avec toi au-delà du Jourdain, et à qui tu as rendu témoignage, voici, il baptise, et tous vont à lui."
JHN.3.27,"Yoane abasɔmbedjaka: «Moto abwaniti adie ikabo ta busa, emiti da bo Ndjakomba amopɛ.",Jean répondit: Un homme ne peut recevoir que ce qui lui a été donné du ciel.
JHN.3.28,"Inobɛnɛ odini batemo ba meako imabalaka mbi: Naditi Kilito, endolo nalomamaka boso bo nde .","Vous-mêmes mêtes témoins que jai dit: Je ne suis pas le Christ, mais jai été envoyé devant lui."
JHN.3.29,"Mwali o moki adi tine momi omoasɔi. Endolo modjebani o momi adake mbuti na nde bomoka, adake na mongandi tine boka moholi mo yona oasɔi. Mongandi momina modi mo mbi, modi edɛdi mokokake.","Celui à qui appartient lépouse, cest lépoux; mais lami de lépoux, qui se tient là et qui lentend, éprouve une grande joie à cause de la voix de lépoux: aussi cette joie, qui est la mienne, est parfaite."
JHN.3.30,Etungi ekumu e nde e we ko e mbi etite.».,"Il faut quil croisse, et que je diminue."
JHN.3.31,«Yona odonga ta busa adi diko i losusu; yona odonga ta kpɔtɔ adi kpɔtɔ ko abalaka meako mi kpɔtɔ. Iyona odonga ta busa adi diko i losusu .,"Celui qui vient den haut est au-dessus de tous; celui qui est de la terre est de la terre, et il parle comme étant de la terre. Celui qui vient du ciel est au-dessus de tous."
JHN.3.32,"Apaka tati e meako imenɛ yo ko imokaka yo, endolo pɛ moto odimaka tati e nde.","Jn : il rend témoignage de ce quil a vu et entendu, et personne ne reçoit son témoignage."
JHN.3.33,"Yona odimaka tati bimbete bi nde, adimedjaka mɛnɛ bo Ndjakomba adi soti.",Celui qui a reçu son témoignage a certifié que Dieu est vrai;.
JHN.3.34,"Tengasa yona olomaka Ndjakomba, bobalaka mibalo mi Ndjakomba; Ndjakomba amolumedja na Mwembo mo nde napɛ mwɛngi.","car celui que Dieu a envoyé dit les paroles de Dieu, parce que Dieu ne lui donne pas lEsprit avec mesure."
JHN.3.35,Sange moto akapale Mwana ko amopa losusu ta mɔmɔ ma nde.,"Le Père aime le Fils, et il a remis toutes choses entre ses mains."
JHN.3.36,"Yona aisaka edimeli e nde adi Mwana adi na mohelo mo seko; yona alonaka bodimea Mwana adihetebi mohelo momina, endolo kɛlɛ e Ndjakomba adake adi yo.».","Jn : Jn : Celui qui croit au Fils a la vie éternelle; celui qui ne croit pas au Fils ne verra point la vie, mais la colère de Dieu demeure sur lui."
JHN.4.1,Bapalusai baokaka gala bo Yesu ainaka bato ko aimeaka na batingami banɛnɛ bonɔ Yoane. –.,Le Seigneur sut que les pharisiens avaient appris quil faisait et baptisait plus de disciples que Jean.
JHN.4.2,"Ta bosoti, Yesu yo mɛnɛ ainaka, edaka ndolo batingami ba nde bato babatisaka. – Ehole eokaka Yesu meako mimina.","Toutefois Jésus ne baptisait pas lui-même, mais cétaient ses disciples."
JHN.4.3,adongaka ta ngando e Yuda ko asɔmbɔkɔ ta ngando e Galilea.,"Alors il quitta la Judée, et retourna en Galilée."
JHN.4.4,"Enakobea, edaka bo akatise ta ngando e Samalia.",Comme il fallait quil passât par la Samarie.
JHN.4.5,"Aimeaka mbuti na ngando emɔti e Samalia, ebeakabo Sikale yena edaka mbuti na gbie e Djakobo, epaka yo na mwana o nde Esepu .","il arriva dans une ville de Samarie, nommée Sychar, près du champ que Jacob avait donné à Joseph, son fils."
JHN.4.6,"Ena edaka mombɔndɔ mo madiba mo Djakobo. Yesu aembɛkɛ na mɔndɔ, asadedjaka ta yɔngɔ e mombɔndɔ mo madiba. Edaka mbuti na ehole e midi.","Là se trouvait le puits de Jacob. Jésus, fatigué du voyage, était assis au bord du puits. Cétait environ la sixième heure."
JHN.4.7,Mwali omɔti mo Samalia aduaka boloka madiba ko Yesu abalaka na nde: «Pani madiba na mwake.».,Une femme de Samarie vint puiser de leau. Jésus lui dit: Donne-moi à boire.
JHN.4.8,Batingami ba nde bakɛkɛ ta ngando enɛnɛ asomba eka e boyaka.,Car ses disciples étaient allés à la ville pour acheter des vivres.
JHN.4.9,"Mwali Mosamalia abalaka na Yesu: «Wɛ odi Moyuda! Moda ndani wahɔdjɔkɔni nopɛ madiba ma bomwaka, mbi mwali mosamalia?» Na bea, bayuda tebokane na basamalia .","La femme samaritaine lui dit: Comment toi, qui es Juif, me demandes-tu à boire, à moi qui suis une femme samaritaine? Les Juifs, en effet, nont pas de relations avec les Samaritains."
JHN.4.10,"Yesu amosɔmbedjaka: «Osodjeba ikabo i Ndjakomba ko yona aohɔdjɔkɔ madiba ma bomwaka, edaki wɛ moto omohɔdje madiba ma bomwaka ko abwanaki bopa madiba imakapɛ mohelo .».","Jésus lui répondit: Si tu connaissais le don de Dieu et qui est celui qui te dit: Donne-moi à boire! Tu lui aurais toi-même demandé à boire, et il taurait donné de leau vive."
JHN.4.11,"Mwali omina asɔmbedjaka: «Tata, oditi na elokei e madiba ko mombɔndɔ mo madiba modi mombɛngɛ! Oboani bodiha madiba mamina makapɛ mohelo djɔ?.","Seigneur, lui dit la femme, tu nas rien pour puiser, et le puits est profond; doù aurais-tu donc cette eau vive?."
JHN.4.12,"Kɔkɔ e biso Djakobo alopaka mombɔndɔ mo madiba mu; amwakaka yo mɛnɛ madiba mamina, bana ba nde bami ko na bingbɛndɛ bi nde bamwakaka pongono. Olɛdji bo wɛ onɔi Djakobo?».","Es-tu plus grand que notre père Jacob, qui nous a donné ce puits, et qui en a bu lui-même, ainsi que ses fils et ses troupeaux?."
JHN.4.13,"Yesu amosɔmbedjaka: «Yona omwaki madiba mi, aokake posa naikina;.",Jésus lui répondit: Quiconque boit de cette eau aura encore soif;.
JHN.4.14,"endolo yona amwake madiba mamopake mbi, aoketebi naikina posa. Tengasa madiba mamopake mbi, maimeake adi yo momboka mokapɛ mohelo mo seko .».","mais celui qui boira de leau que je lui donnerai naura jamais soif, et leau que je lui donnerai deviendra en lui une source deau qui jaillira jusque dans la vie éternelle."
JHN.4.15,"Mwali abalaka na nde: «Tata, pani edɛdi madiba ma mina, bɛngi bo nadae pɛ boka posa e madiba naikina ko nadae pɛ boda na posa e bosɔmbɔ aloka madiba naikina iya!».","La femme lui dit: Seigneur, donne-moi cette eau, afin que je naie plus soif, et que je ne vienne plus puiser ici."
JHN.4.16,Yesu abalaka na nde: «Kɛ abe muma wɛ ko osɔmbe iya.».,"Va, lui dit Jésus, appelle ton mari, et viens ici."
JHN.4.17,Mwali omina amosɔmbedjaka: «Naditi na momi.» Yesu abalaka na nde: «Odi na elonga e bobala bo oditi na momi.,La femme répondit: Je nai point de mari. Jésus lui dit: Tu as eu raison de dire: Je nai point de mari.
JHN.4.18,"Tengasa odaka boso na bami batano ko momi odi na wɛ edɛdi, aditi ko muma wɛ. Na bea obali soti.».","Car tu as eu cinq maris, et celui que tu as maintenant nest pas ton mari. En cela tu as dit vrai."
JHN.4.19,"Mwali omina akamoaka ko abalaka: «Tata, naeni bo wɛ odi mbaeli o Ndjakomba!.","Seigneur, lui dit la femme, je vois que tu es prophète."
JHN.4.20,Bakɔkɔ ba biso basamalia baongɔnɔkɔ Ndjakomba ta ikoli idi; endolo no bayuda okabaleni bo polo eboani na bokumedja Ndjakomba edi ta Yelusalɛmɛ .».,"Nos pères ont adoré sur cette montagne; et vous dites, vous, que le lieu où il faut adorer est à Jérusalem."
JHN.4.21,"Yesu amombedjaka: «Mwali dimeani, ehole eduake, okumedjetebini naikina Sesa ta ikoli idi, nongo ta Yelusalɛmɛ.","Femme, lui dit Jésus, crois-moi, lheure vient où ce ne sera ni sur cette montagne ni à Jérusalem que vous adorerez le Père."
JHN.4.22,"Ino basamalia, okakumedjeni Ndjakomba okadɛno pɛ bodjeba; endolo iso bayuda lokakumedje Ndjakomba okadjebeso. Tengasa isiko idoi na bayuda.","Vous adorez ce que vous ne connaissez pas; nous, nous adorons ce que nous connaissons, car le salut vient des Juifs."
JHN.4.23,"Endolo ehole yena aduake ko esi boimea, ehole yena bakumedji ba soti bakumedjakabi Sesa na ndjea e Mwembo ko na soti; tengasa edi bakumedji bia bakahombe Sesa.","Mais lheure vient, et elle est déjà venue, où les vrais adorateurs adoreront le Père en esprit et en vérité; car ce sont là les adorateurs que le Père demande."
JHN.4.24,"Ndjakomba adi Mwembo ko bia bakamokumedje, badi bomokumedja na ndjea e Mwembo ko na soti.».","Dieu est Esprit, et il faut que ceux qui ladorent ladorent en esprit et en vérité."
JHN.4.25,"Mwali omina abalaka na nde: «Nadjebaka bo Masiya, atingodjaka Kilito, aduabi. Ehole eduabi yo, aloinedjabi meako misusu.».","La femme lui dit: Je sais que le Messie doit venir ; quand il sera venu, il nous annoncera toutes choses."
JHN.4.26,"Yesu amosɔmbedjaka: «Edi Mbi, iyo nabalaka na wɛ.».","Jésus lui dit: Je le suis, moi qui te parle."
JHN.4.27,"Oko ta ehole emina, batingami ba Yesu bahulaka; bakamoaka bomoenɛ bosola na mwali. Endolo pɛ nongo omɔti ta tei e bobo obwanaka bomohɔdjɔ: «Apalaka yo nde?» Kaoko: «Asolakabo nde?».","Là-dessus arrivèrent ses disciples, qui furent étonnés de ce quil parlait avec une femme. Toutefois aucun ne dit: Que demandes-tu? Ou: De quoi parles-tu avec elle?."
JHN.4.28,Na bea mwali omina akinaka eseli e nde ko asɔmbɔkɔ ta ngando botɔndea bato:.,"Alors la femme, ayant laissé sa cruche, sen alla dans la ville, et dit aux gens:."
JHN.4.29,«Duani aendjeni moto omɔti abaleini misusu mikɔkɔ mbi! Abwaniti boda ehole ekina Kilito?».,Venez voir un homme qui ma dit tout ce que jai fait; ne serait-ce point le Christ?.
JHN.4.30,Baimanaka ta ngando enɛnɛ ko baduaka botanea Yesu.,"Ils sortirent de la ville, et ils vinrent vers lui."
JHN.4.31,"Oko ta ehole emina, batingami baongɔnɔkɔ Yesu: «Molehi yaka nongo moeka!».","Pendant ce temps, les disciples le pressaient de manger, disant: Rabbi, mange."
JHN.4.32,"Endolo Yesu abasɔmbedjaka: «Miya maboani mbi boyaka, ino otamadjebakani.».",Mais il leur dit: Jai à manger une nourriture que vous ne connaissez pas.
JHN.4.33,Batingami basahɔdjɔkɔ ta tei e bobo: «Moto omɔti amopi mia ma boyaka?».,Les disciples se disaient donc les uns aux autres: Quelquun lui aurait-il apporté à manger?.
JHN.4.34,"Yesu abalaka na bu: «Miya ma mbi madi: bokɔ bolulea bo yona olomani ko boimedja mbunoko suka, mosala mopani yo.","Jésus leur dit: Ma nourriture est de faire la volonté de celui qui ma envoyé, et daccomplir son œuvre."
JHN.4.35,"Ino okabaleni: Ediki songe banɛi boso bo boo ehole e botswa mbuma boime. Endolo mbi nabalaka na nu, endjani bopele mɛnɛ gbie: mbuma ipingi ehele ko imei mbuti na botswa!.","Ne dites-vous pas quil y a encore quatre mois jusquà la moisson? Voici, je vous le dis, levez les yeux, et regardez les champs qui déjà blanchissent pour la moisson."
JHN.4.36,"Moto yona atswaka mbuma asadiedji iputi i nde ko abongoanedjaka mbuma tine mohelo mo seko. Na bea, edɛe yona onaka kaoko yona atswaka basepake engbanga.","Celui qui moissonne reçoit un salaire, et amasse des fruits pour la vie éternelle, afin que celui qui sème et celui qui moissonne se réjouissent ensemble."
JHN.4.37,Tengasa edi soti na isɛ labalaka: Omɔti aoni ko okina atswi.,"Car en ceci ce quon dit est vrai: Autre est celui qui sème, et autre celui qui moissonne."
JHN.4.38,Mbi naolomakani botswa ta gbie eda no pɛ bona; bakina baenɛ saya na bosala ko ino oheli na mosala mo bobo.».,"Je vous ai envoyés moissonner ce que vous navez pas travaillé; dautres ont travaillé, et vous êtes entrés dans leur travail."
JHN.4.39,Basamalia banɛnɛ ba ngando emina badimeaka Yesu tine bo mwali abatɔndeaka: «Abaleini misusu mikɔkɔ mbi.».,Plusieurs Samaritains de cette ville crurent en Jésus à cause de cette déclaration formelle de la femme: Il ma dit tout ce que jai fait.
JHN.4.40,"Na tina emina, ehole eimeaka basamalia mbuti na nde, baongɔnɔkɔ Yesu bo adae na bu; na bea Yesu ayeyoa na bu masu mabae.","Aussi, quand les Samaritains vinrent le trouver, ils le prièrent de rester auprès deux. Et il resta là deux jours."
JHN.4.41,"Ta tina e mibalo mibalaka Yesu na bu, bato bomodimeaka naikina badaka banɛnɛ bonɔ.",Un beaucoup plus grand nombre crurent à cause de sa parole;.
JHN.4.42,"Babalaka na mwali omina: «Edɛdi lodimiti tine meako milotɔndei wɛ; endolo tine looki iso bɛnɛ, ko losipoi bo adi soti mɛnɛ Moheledji o ngondo.».","et ils disaient à la femme: Ce nest plus à cause de ce que tu as dit que nous croyons; car nous lavons entendu nous-mêmes, et nous savons quil est vraiment le Sauveur du monde."
JHN.4.43,"Ngɔngɔ i bonɔdjɔ masu mabae ta polo emina, Yesu akɛkɛ ta ngando e Galilea.","Après ces deux jours, Jésus partit de là, pour se rendre en Galilée;."
JHN.4.44,Yesu yo mɛnɛ abalaka: «Mbaeli o Ndjakomba takume ta ngando e nde mɛnɛ .».,car il avait déclaré lui-même quun prophète nest pas honoré dans sa propre patrie.
JHN.4.45,"Na tina emina, ehole eimeaka yo ta ngando e Galilea, bato ba ngando e Galilea bamoasɔkɔ bopele. Tengasa bo pongono bakɛkɛ ta tɛkɛ e Pasika ta Yelusalɛmɛ ko baenɛkɛ meako misusu mikɔmɔkɔ ta ehole e tɛkɛ emina .","Lorsquil arriva en Galilée, il fut bien reçu des Galiléens, qui avaient vu tout ce quil avait fait à Jérusalem pendant la fête; car eux aussi étaient allés à la fête."
JHN.4.46,"Yesu asɔmbɔkɔ ta Kanana ta ngando e Galilea, oho asendjaka madiba mana ma vino. Edaka ena mosali monɛnɛ o mokondji, yona odaka na mwana o nde na epeko ta Kapalanauma.","Il retourna donc à Cana en Galilée, où il avait changé leau en vin. Il y avait à Capernaüm un officier du roi, dont le fils était malade."
JHN.4.47,"Ehole eokaka yo bo Yesu adongi ta Yuda aimei ta Galilea, akɛkɛ bomotanea ko amongɔnɔkɔ bo adue ta Kapalanauma tine boheledja mwana o nde momi, yona odaka na epeko epipo mbuti na bogwa.","Ayant appris que Jésus était venu de Judée en Galilée, il alla vers lui, et le pria de descendre et de guérir son fils, qui était près de mourir."
JHN.4.48,Yesu abalaka na nde: «Odimakabini seko oko okaenɛni bimbete bi ngindola kaoko bingengo!».,"Jésus lui dit: Si vous ne voyez des miracles et des prodiges, vous ne croyez point."
JHN.4.49,"Mosali monɛnɛ o mokondji abalaka na nde: «Kumu, dua pɛpɛlɛ adi mbi esada boo mwana o mbi agwɛ.».","Lofficier du roi lui dit: Seigneur, descends avant que mon enfant meure."
JHN.4.50,"Yesu amosɔmbedjaka: «Sɔmbɔ akadɛ wɛ, mwana o wɛ aheli.» Mosali monɛnɛ o mokondji adimaka mibalo mibalaka Yesu na nde ko ayanaka.","Va, lui dit Jésus, ton fils vit. Et cet homme crut à la parole que Jésus lui avait dite, et il sen alla."
JHN.4.51,"Iyana adaka yo ayane, basali ba nde baduaka bosakana na nde ko babalaka na nde: «Mwana o wɛ aheli!».","Comme déjà il descendait, ses serviteurs venant à sa rencontre, lui apportèrent cette nouvelle: Ton enfant vit."
JHN.4.52,"Abahɔdjɔkɔ ehole ndani esokodjaka yo bopele. Ibo bamosɔmbedjaka: «Edaki mɔkɔ, ngonga e boso ngɔngɔ i midi, ehole emokinaka pɛpɛlɛ.».","Il leur demanda à quelle heure il sétait trouvé mieux; et ils lui dirent: Hier, à la septième heure, la fièvre la quitté."
JHN.4.53,Sange mwana asipoaka bo edaka oko ta ngonga yena ebalaka Yesu na nde: «Mwana o wɛ aheli.» Na bea yo na bato basusu ba ndako e nde badimeaka Yesu .,"Le père reconnut que cétait à cette heure-là que Jésus lui avait dit: Ton fils vit. Et il crut, lui et toute sa maison."
JHN.4.54,"Yena edaka embete e babae e ngindola ekɔkɔ Yesu, ngɔngɔ i ihule i nde ta Galilea donga ta Yuda .",Jésus fit encore ce second miracle lorsquil fut venu de Judée en Galilée.
JHN.5.1,"Ngɔngimina, Bayuda basepaka tɛkɛ ko Yesu akɛkɛ ta ngando enɛnɛ e Yelusalɛmɛ.","Après cela, il y eut une fête des Juifs, et Jésus monta à Jérusalem."
JHN.5.2,"Ta ngando e mina, edaka na esoseli emɔti ebeakabo ta monɔkɔ mo baebele Beteseda. Edaka mbuti na ekukɛ e bhata ko ehikamaka na mbalasani imakwe matano .","Or, à Jérusalem, près de la porte des brebis, il y a une piscine qui sappelle en hébreu Béthesda, et qui a cinq portiques."
JHN.5.3,"Nase i mbalasani imina, emumu e bato ba bipeko, bagwa miso, bitumbɛ, na bato ba mitɛngu badaka basambi ena. Bambaka bokumana bo madiba;.","Sous ces portiques étaient couchés en grand nombre des malades, des aveugles, des boiteux, des paralytiques, qui attendaient le mouvement de leau;."
JHN.5.4,"tengasa obwɛndji o Kumu adaka atita bihole na bihole bokumana madiba ma esoseli. Moto o boso o epeko osadumbaka ehole ekumanaka madiba, ahelaka na yogo e nde, nongo edaka moda ndani.","car un ange descendait de temps en temps dans la piscine, et agitait leau; et celui qui y descendait le premier après que leau avait été agitée était guéri, quelle que fût sa maladie."
JHN.5.5,Edaka na momi omɔti o epeko ayeyoaka ena bianga tuku isato na bomwambe.,Là se trouvait un homme malade depuis trente-huit ans.
JHN.5.6,"Ehole emoenɛkɛ Yesu asambi ta kpɔtɔ ko aoka gala bo ayeyoaka ena na epeko donga ehele, amohɔdjɔkɔ: «Wapalaka ohele?».","Jésus, layant vu couché, et sachant quil était malade depuis longtemps, lui dit: Veux-tu être guéri?."
JHN.5.7,"Moto o epeko amosɔmbedjaka: «Kumu, naditi na moto obosabani ta esoseli ehole ekakumane madiba. Ehole ehombi mbi na kɛ, okina asasabi boso bo mbi.».","Le malade lui répondit: Seigneur, je nai personne pour me jeter dans la piscine quand leau est agitée, et, pendant que jy vais, un autre descend avant moi."
JHN.5.8,"Yesu abalaka na nde: «Angɔ, tomba itɔkɔ i wɛ ko dala.».","Lève-toi, lui dit Jésus, prends ton lit, et marche."
JHN.5.9,"Mbala emɔti, momi omina ahelaka; atombaka itɔkɔ i nde ko abangaka bodala. Na bea, modjɔ momina mokɔmɔkɔ ta busa bo sabata.","Aussitôt cet homme fut guéri; il prit son lit, et marcha."
JHN.5.10,"Bakondji ba Bayuda bahɔdjɔkɔ momi omina ohelaka: «Edi busa bo sabata, otungiti botomba itɔkɔ i wɛ !».",Cétait un jour de sabbat. Les Juifs dirent donc à celui qui avait été guéri: Cest le sabbat; il ne test pas permis demporter ton lit.
JHN.5.11,Abasɔmbedjaka: «Moto oheledjini abali na mbi: Tomba itɔkɔ i wɛ ko dala.».,"Il leur répondit: Celui qui ma guéri ma dit: Prends ton lit, et marche."
JHN.5.12,Na bea bamohɔdjɔkɔ naikina: «Moto obali na wɛ bea nda: Tomba itɔkɔ i wɛ ko dala?».,"Ils lui demandèrent: Qui est lhomme qui ta dit: Prends ton lit, et marche?."
JHN.5.13,"Endolo momi omina ohelaka aimodjebaka, tengasa Yesu alɛmoaka ta emumu e bato yena edaka ta polo emina.",Mais celui qui avait été guéri ne savait pas qui cétait; car Jésus avait disparu de la foule qui était en ce lieu.
JHN.5.14,"Ngɔngɔ i mooehole, Yesu asakanaka na nde ta tepelo ko abalaka: «Iya aheli wɛ edɛdi, angatana bo osakakɔ bobe naikina; esakadabo modjɔ mokina mobe bonɔ mosakotanea.».","Depuis, Jésus le trouva dans le temple, et lui dit: Voici, tu as été guéri; ne pèche plus, de peur quil ne tarrive quelque chose de pire."
JHN.5.15,"Momi omina akɛkɛ abala adi bakondji ba bayuda, edaka Yesu moto omoheledjaka.","Cet homme sen alla, et annonça aux Juifs que cétait Jésus qui lavait guéri."
JHN.5.16,"Na tina emina bayuda baimeaka bonɔngedja Yesu, tine bo akɔkɔ modjɔ momina ta busa bo sabata.","Cest pourquoi les Juifs poursuivaient Jésus, parce quil faisait ces choses le jour du sabbat."
JHN.5.17,"Endolo Yesu abalaka na bu: «Sange e mbi adi oko ta mosala, mbi pongono nadi ta mosala.».","Mais Jésus leur répondit: Mon Père agit jusquà présent; moi aussi, jagis."
JHN.5.18,"Ta tina e mobalo mua, bakondji ba bayuda bahombaka naikina enɔeli e bowa Yesu, tengasa eidaka otobea tine aisumaka busa bo sabata, endolo abalaka pongono Ndjakomba adi Sange e nde mɛnɛ ko asakokanedjaka na Ndjakomba.","A cause de cela, les Juifs cherchaient encore plus à le faire mourir, non seulement parce quil violait le sabbat, mais parce quil appelait Dieu son propre Père, se faisant lui-même égal à Dieu."
JHN.5.19,"Yesu asɔmbɔkɔ bobala na bu naikina: Okobea, nabali na nu, edi soti: Mwana abwaniti bokɔ eka emɔti na moda mo nde mɛnɛ; akɔkɔ oko imenɛkɛ yo na Sange e nde bokɔ, Mwana akɔkɔ oko moda momina.","Jésus reprit donc la parole, et leur dit: En vérité, en vérité, je vous le dis, le Fils ne peut rien faire de lui-même, il ne fait que ce quil voit faire au Père; et tout ce que le Père fait, le Fils aussi le fait pareillement."
JHN.5.20,Tengasa Sesa bopalaka Mwana ko bomoinedjaka imikakɔe yo. Amoinedjakabi misala minɛnɛ bonɔ imi menɛkɛno ko wakamoakeni bonɔ.,"Car le Père aime le Fils, et lui montre tout ce quil fait; et il lui montrera des œuvres plus grandes que celles-ci, afin que vous soyez dans létonnement."
JHN.5.21,"Tengasa, oko moda momina Sesa akasisodje bago ko akabapɛ bomɔ, oko moda momina Mwana akapɛ bomɔ adi moto opali yo.","Car, comme le Père ressuscite les morts et donne la vie, ainsi le Fils donne la vie à qui il veut."
JHN.5.22,"Ko Sesa tasambedjake moto, endolo apaka adi Mwana bokondji bosusu bo bosambedja.","Le Père ne juge personne, mais il a remis tout jugement au Fils."
JHN.5.23,"bɛngi bo bato basusu bakumedjake Mwana elenge akumedjaka bo Sesa. Yona adaka pɛ bokumedja Mwana, atakumedjaka pongono Sange e moto yona omolomaka.",afin que tous honorent le Fils comme ils honorent le Père. Celui qui nhonore pas le Fils nhonore pas le Père qui la envoyé.
JHN.5.24,"«Okobea, nabali na nu, edi soti: yona okaka mibalo mi mbi ko adimaka yona olomani, adihi bomɔ bo seko. Atadihabi esambi, endolo anɔ ehele ta bogwa na bomɔ.","En vérité, en vérité, je vous le dis, celui qui écoute ma parole, et qui croit à celui qui ma envoyé, a la vie éternelle et ne vient point en jugement, mais il est passé de la mort à la vie."
JHN.5.25,"Okobea, nabali na nu, edi soti: ehole eduake, ko eimei edɛdi, bagwake baokabi kɔpi e Mwana o Ndjakomba ko ibia bamokakabi, badabi na mohelo.","En vérité, en vérité, je vous le dis, lheure vient, et elle est déjà venue, où les morts entendront la voix du Fils de Dieu; et ceux qui lauront entendue vivront."
JHN.5.26,"Tengasa, elenge Sesa adi na mohelo mo nde yo mɛnɛ, oko moda momina apa adi Mwana makoki ma boda na mohelo mo nde yo mɛnɛ.","Car, comme le Père a la vie en lui-même, ainsi il a donné au Fils davoir la vie en lui-même."
JHN.5.27,"Ko apaka adi Mwana kpatsi e bosambedja, tine bo adi Mwana o Moto.","Et il lui a donné le pouvoir de juger, parce quil est Fils de lhomme."
JHN.5.28,"Pɛ bokamoani, tengasa ehole aduake, ibapuseamaka baokabi kɔpi e nde.","Ne vous étonnez pas de cela; car lheure vient où tous ceux qui sont dans les sépulcres entendront sa voix, et en sortiront."
JHN.5.29,"ko baimabi ta makila ma bobo. Bia ibakɔkɔ bopele, bapusoabi tine bodiha bomɔ, endolo ibia ibakɔkɔ bobe bapusoabi tine bodiha esambi .","Ceux qui auront fait le bien ressusciteront pour la vie, mais ceux qui auront fait le mal ressusciteront pour le jugement."
JHN.5.30,"Naboaniti bokɔ eka emɔti tina e mbi mɛnɛ. Nasambedjaka oko abalaka Ndjakomba na mbi ko esambi e mbi edi bodjo, tine bo natahombaka bokɔ eka na bopala bo mbi mɛnɛ, endolo na bopala bo yona olomani.».","Jn : Je ne puis rien faire de moi-même: selon que jentends, je juge; et mon jugement est juste, parce que je ne cherche pas ma volonté, mais la volonté de celui qui ma envoyé."
JHN.5.31,"«Ekada bo napaka tati tina e mbi mɛnɛ, tati emina etadake na tina.","Si cest moi qui rends témoignage de moi-même, mon témoignage nest pas vrai."
JHN.5.32,Endolo edi okina apake tati tina e mbi ko nadjebaka bo tati emina edi soti.,"Il y en a un autre qui rend témoignage de moi, et je sais que le témoignage quil rend de moi est vrai."
JHN.5.33,Olomakani balomami adi Yoane ko yo apaka tati e soti .,"Vous avez envoyé vers Jean, et il a rendu témoignage à la vérité."
JHN.5.34,"Mbi, naditi na tina e tati e moto; endolo nabalaka bea bɛngi oheleni.","Pour moi ce nest pas dun homme que je reçois le témoignage; mais je dis ceci, afin que vous soyez sauvés."
JHN.5.35,"Yoane adaka elenge molinda mowanedjakabo tine mopɛ bohu. Endolo ino, odimakani bosepa mooehole mokɛkɛ na bohu bo nde.","Jean était la lampe qui brûle et qui luit, et vous avez voulu vous réjouir une heure à sa lumière."
JHN.5.36,"Endolo nadi na tati enɔi na bonɛnɛ bonɔ e Yoane, tengasa misala makɔkɔ mbi, oko mia mipakani Sesa bo namikokedje. Misala mimina mapaka tati tina e mbi bo Sesa alomakani.","Moi, jai un témoignage plus grand que celui de Jean; car les œuvres que le Père ma donné daccomplir, ces œuvres mêmes que je fais, témoignent de moi que cest le Père qui ma envoyé."
JHN.5.37,"Ko Sesa yona olomakani yo pongono apaka tati ta tina e mbi. Endolo, oiyokani kɔpi e nde ko oiyenɛni nongo boso bo nde.","Et le Père qui ma envoyé a rendu lui-même témoignage de moi. Vous navez jamais entendu sa voix, vous navez point vu sa face."
JHN.5.38,"ko tobaneakeni mibalo mi nde temiyeyoe ta tei e bino, tine bo todimeni yona olomaka yo.","et sa parole ne demeure point en vous, parce que vous ne croyez pas à celui quil a envoyé."
JHN.5.39,Okaikoeni bopele makomi tine bo okalɛdjeni bodiha na ndjea e mu bomɔ bo seko: enakobea edi makomi mamina mapaka tati tina e mbi .,"Vous sondez les Écritures, parce que vous pensez avoir en elles la vie éternelle: ce sont elles qui rendent témoignage de moi."
JHN.5.40,"Enakobea, otapalakani bodua adi mbi bɛngi odiheni mohelo.",Et vous ne voulez pas venir à moi pour avoir la vie!.
JHN.5.41,Tenahombe gala ikadonge adi bato.,Je ne tire pas ma gloire des hommes.
JHN.5.42,Endolo nakodjebeni bopele: oditini na epaeli tina e Ndjakomba.,Mais je sais que vous navez point en vous lamour de Dieu.
JHN.5.43,"Naduaka na kombe e Sange e mbi ko olonini boasɔnini; endolo ekadabo moto adoi na kombe e nde mɛnɛ, ino bomoasɔkɔ!.","Je suis venu au nom de mon Père, et vous ne me recevez pas; si un autre vient en son propre nom, vous le recevrez."
JHN.5.44,Okapaleni seko ekumu ekadonge adi bato endolo tohombakeni ekumu ekadonge adi Ndjakomba. Moda ndani oboanini bodima?.,"Comment pouvez-vous croire, vous qui tirez votre gloire les uns des autres, et qui ne cherchez point la gloire qui vient de Dieu seul?."
JHN.5.45,"Endolo pɛ bolɛdjɛni bo nopundakeni adi Sange e mbi. Te mbi, edi Mose moto opundabini , yo moto oisakano elɛndɛ.","Ne pensez pas que moi je vous accuserai devant le Père; celui qui vous accuse, cest Moïse, en qui vous avez mis votre espérance."
JHN.5.46,"Okadimeani mɛnɛ Mose, odimeakabinini pongono, tengasa yo akomaka ta tina e mbi .","Car si vous croyiez Moïse, vous me croiriez aussi, parce quil a écrit de moi."
JHN.5.47,"Endolo edakabo ino todimeni imikoma yo, moda ndani obwanini bodimani mibalo mi mbi?».","Mais si vous ne croyez pas à ses écrits, comment croirez-vous à mes paroles?."
JHN.6.1,"Ngɔngimina, Yesu akatisaka dɔngɔ ikina ibeke i ngando e Galilea ibeamaka pongono ibeke i Tibelia .","Après cela, Jésus sen alla de lautre côté de la mer de Galilée, de Tibériade."
JHN.6.2,"Emumu e bato bamokimanaka, tine bato baenɛkɛ bimbete bi bokamoa bikɔkɔ yo tine boheledja bato ba bipeko.","Une grande foule le suivait, parce quelle voyait les miracles quil opérait sur les malades."
JHN.6.3,Yesu aiweaka ta ikoli ko adaka ena na batingami ba nde.,"Jésus monta sur la montagne, et là il sassit avec ses disciples."
JHN.6.4,"Enakobea Pasika, tɛkɛ e bayuda, ebatamaka.","Or, la Pâque était proche, la fête des Juifs."
JHN.6.5,Ehole endjaka Yesu emumu e bato bodua adi yo. Ahɔdjɔkɔ Pilipo: «Abwani so bodiha mwɛmbɛ mo bosomba tine boyedja bato bi basusu djɔ?».,"Ayant levé les yeux, et voyant quune grande foule venait à lui, Jésus dit à Philippe: Où achèterons-nous des pains, pour que ces gens aient à manger?."
JHN.6.6,"Abalaka bea bɛngi ameke Pilipo, tengasa adjebaka ehele meako mibwanaka na nde bokɔ.","Il disait cela pour léprouver, car il savait ce quil allait faire."
JHN.6.7,"Pilipo amosɔmbedjaka: «Molehi nongo na palanga i bibende mikama mibae , lotabwanake bosomba mwɛmbɛ tine bopa moto na moto moekenge o boyaka.».",Philippe lui répondit: Les pains quon aurait pour deux cents deniers ne suffiraient pas pour que chacun en reçût un peu.
JHN.6.8,"Omɔti o batingami ba nde, Andele, mwange Simo piɛlɛ, abalaka na nde:.","Un de ses disciples, André, frère de Simon Pierre, lui dit:."
JHN.6.9,«Edi ya na mwenga omɔti adi na miɛmbɛ mitano na swi babae. Mibwani bokɔ ye na bato bi banɛnɛ?».,Il y a ici un jeune garçon qui a cinq pains dorge et deux poissons; mais quest-ce que cela pour tant de gens?.
JHN.6.10,Na bea Yesu abalaka: «Dedjani bato basusu.» Polo emina edaka na ndjani inɛnɛ. Na bea bada bo basusu; badaka mbuti na bami koto itano.,"Jésus dit: Faites-les asseoir. Il y avait dans ce lieu beaucoup dherbe. Ils sassirent donc, au nombre denviron cinq mille hommes."
JHN.6.11,"Yesu atombaka mwɛmbɛ ko ngɔngɔ i bosakoa Ndjakomba, bakabaneaka bato ibadaka ena. Abapaka pongono swi, bokokana na posa edaka na bu.","Jésus prit les pains, rendit grâces, et les distribua à ceux qui étaient assis; il leur donna de même des poissons, autant quils en voulurent."
JHN.6.12,"Ehole eyakabo ko bagolaka, Yesu abalaka na batingami ba nde: «Andoani bikenga kengi ibidiki, eka emɔti edae pɛ bobeha.».","Lorsquils furent rassasiés, il dit à ses disciples: Ramassez les morceaux qui restent, afin que rien ne se perde."
JHN.6.13,Babiandoaka ko balumedjaka mitinga domi na ibae na bikenga kengi ibidikaka ta miɛmbɛ mitano.,"Ils les ramassèrent donc, et ils remplirent douze paniers avec les morceaux qui restèrent des cinq pains dorge, après que tous eurent mangé."
JHN.6.14,"Ehole enɛkɛ bato bimbete bi bokamoa bikɔkɔ Yesu, babalaka: «Moto iyo adi soti mɛnɛ Mbaeli o Ndjakomba yona obwani bodua ta ngondo!».","Ces gens, ayant vu le miracle que Jésus avait fait, disaient: Celui-ci est vraiment le prophète qui doit venir dans le monde."
JHN.6.15,"Yesu adjebaka malɛnɔ ma bobo bahombaka bamoimedje na bopipo Mokondji o bobo. Asatiedjaka naikina ta ikoli, yo mɛnɛ bɛngi adike yo mɛnɛ.","Et Jésus, sachant quils allaient venir lenlever pour le faire roi, se retira de nouveau sur la montagne, lui seul."
JHN.6.16,"Ehole eimeaka mɔmɔkɔ, batingami ba Yesu batitaka ta mokula mo ibeke.","Quand le soir fut venu, ses disciples descendirent au bord de la mer."
JHN.6.17,Batiteaka ta bwato bɛngi bakatise ibeke ta dɔngɔ i Kapalanauma. Bulu boimeaka ko Yesu aidaka na bu polo emɔti.,"Étant montés dans une barque, ils traversaient la mer pour se rendre à Capernaüm. Il faisait déjà nuit, et Jésus ne les avait pas encore rejoints."
JHN.6.18,"Madiba ma ibeke makumanaka mɛnɛ, tengasa lungu ekumbaka na bopipo.","Il soufflait un grand vent, et la mer était agitée."
JHN.6.19,Batingami balukaka mbuti na boyai bo kilomɛtɛlɛ itano kaoko isamano. Ehole enɛkɛ bo Yesu bobatama mbuti na bwato adale diko i madiba; ko baimeaka na bɔɔ.,"Après avoir ramé environ vingt-cinq ou trente stades, ils virent Jésus marchant sur la mer et sapprochant de la barque. Et ils eurent peur."
JHN.6.20,"Endolo Yesu abalaka na bu: «Pɛ bobangani, edi oko mbi!».",Mais Jésus leur dit: Cest moi; nayez pas peur!.
JHN.6.21,"Batingami bapalaka bamotombe ta bwato, endolo na mbala emɔti bwato bosɛmɛkɛ o ngondo, ta polo ekɛkɛ bo.","Ils voulaient donc le prendre dans la barque, et aussitôt la barque aborda au lieu où ils allaient."
JHN.6.22,"Ngɔngɔ i isu imɔti, emumu e bato edikaka ta dongɔ ikina i mokula mo ibeke badjebaka boo oho bwato bodikaka oko bomɔti. Bato badjebaka bo Yesu aititeaka ta bwato engbanga na batingami ba nde, endolo batingami bakɛkɛ bo bɛnɛ.","La foule qui était restée de lautre côté de la mer avait remarqué quil ne se trouvait là quune seule barque, et que Jésus nétait pas monté dans cette barque avec ses disciples, mais quils étaient partis seuls."
JHN.6.23,"Na bea, mato makina, madongaka ta ibeke i Tibelia , maimeaka mbuti na polo yena edaka bo bayaka mwɛmbɛ, ngɔngɔ i Kumu bosɔmbedja misakoa adi Ndjakomba.","Le lendemain, comme dautres barques étaient arrivées de Tibériade près du lieu où ils avaient mangé le pain après que le Seigneur eut rendu grâces."
JHN.6.24,"Ehole enɛkɛ bato Yesu na batingami ba nde baidaka ena, batiteaka ta mato ko bakɛkɛ ta ngando enɛnɛ e Kapalanauma tine bomohomba.","les gens de la foule, ayant vu que ni Jésus ni ses disciples nétaient là, montèrent eux-mêmes dans ces barques et allèrent à Capernaüm à la recherche de Jésus."
JHN.6.25,"Bataneaka Yesu ta dɔngɔ ikina i ibeke ko babalaka na nde: «Labi, oimei iya ehole nda?».","Et layant trouvé au-delà de la mer, ils lui dirent: Rabbi, quand es-tu venu ici?."
JHN.6.26,"Yesu abasɔmbedjaka: «Okobea, nabali na nu: edi soti, wahombakanini tine oyakani ko ogolini; endolo editi tine boo osipoitini bimbete bi ngindola bikɔki mbi.","Jésus leur répondit: En vérité, en vérité, je vous le dis, vous me cherchez, non parce que vous avez vu des miracles, mais parce que vous avez mangé des pains et que vous avez été rassasiés."
JHN.6.27,"Pɛ bosalani tine mia i makapɔe, endolo tine mia i mayeyoake ko i madi na bomɔ bo seko; mia mamina, Mwana o Moto aopabini, tine boo edi yo Ndjakomba Sango, adimedja boisa adi yo embete e nde.».","Travaillez, non pour la nourriture qui périt, mais pour celle qui subsiste pour la vie éternelle, et que le Fils de lhomme vous donnera; car cest lui que le Père, que Dieu a marqué de son sceau. : :."
JHN.6.28,"Na bea bamohɔdjɔkɔ: «Ebwani na su bokɔ nde, bɛngi losale misala mambaka Ndjakomba boo losale?».","Ils lui dirent: Que devons-nous faire, pour faire les œuvres de Dieu?."
JHN.6.29,"Yesu abasɔmbedjaka: «Mosala mambaka na Ndjakomba adi no, edi odimeni yona oloma yo.».","Jésus leur répondit: Lœuvre de Dieu, cest que vous croyiez en celui quil a envoyé."
JHN.6.30,Babalaka na nde: «Embete e ngindola ebwani na wɛ boloinedja bɛngi lodime nda? Akɔke wɛ mɛnɛ nde?.,"Quel miracle fais-tu donc, lui dirent-ils, afin que nous le voyions, et que nous croyions en toi? Que fais-tu?."
JHN.6.31,"Batata su bayaka mana ta etengelenge, elenge ebalaka ikomi: Abayakedja mwɛmbɛ imodonga ta busa.».","Nos pères ont mangé la manne dans le désert, selon ce qui est écrit: Il leur donna le pain du ciel à manger."
JHN.6.32,"Yesu abasɔmbedjaka: «Okobea, nabalaka na nu, edi soti: eidaka Mose moto obapa mwɛmbɛ imodonga ta busa, endolo edi Sange e mbi moto opani mwɛmbɛ mosoti mo busa.","Jésus leur dit: En vérité, en vérité, je vous le dis, Moïse ne vous a pas donné le pain du ciel, mais mon Père vous donne le vrai pain du ciel;."
JHN.6.33,"Tengasa mwɛmbɛ mokapɛ Ndjakomba, edi yona otita ta busa tine bopa bomɔ adi bato ba ngondo.».","car le pain de Dieu, cest celui qui descend du ciel et qui donne la vie au monde."
JHN.6.34,"Na bea babalaka na nde: «Kumu, lopa mwɛmbɛ momina.».","Ils lui dirent: Seigneur, donne-nous toujours ce pain."
JHN.6.35,Yesu abalaka na bu: «Nadi mwɛmbɛ mo bomɔ. Yona aduake adi mbi atokabi nongo ndja ko yona odimeini aoketebi nongo posa e madiba.».,"Jésus leur dit: Je suis le pain de vie. Celui qui vient à moi naura jamais faim, et celui qui croit en moi naura jamais soif."
JHN.6.36,Elenge abala mbi na nu: Oeninini endolo odimitinini .,"Mais, je vous lai dit, vous mavez vu, et vous ne croyez point."
JHN.6.37,Moto mosusu opani Sesa aduabi adi mbi ko mbi nadumbetebi nongo yona oduabi adi mbi.,"Tous ceux que le Père me donne viendront à moi, et je ne mettrai pas dehors celui qui vient à moi;."
JHN.6.38,"Tengasa nadongaka ta busa te na bokɔ bolulea bo mbi, endolo bokɔ bolulea bo yona olomani.","car je suis descendu du ciel pour faire, non ma volonté, mais la volonté de celui qui ma envoyé."
JHN.6.39,"Ko endjani bolulea bo yona olomani: edi boo nadae pɛ bobungedja nongo omɔti adi bato basusu ibapani yo, endolo nabasisodjebi ta isu i suka.","Or, la volonté de celui qui ma envoyé, cest que je ne perde rien de tout ce quil ma donné, mais que je le ressuscite au dernier jour."
JHN.6.40,"Soti, endja bolulea bokapale Sange e mbi: moto mosusu oeni Mwana ko amodimei, adiabi mohelo mo seko ko namosisodjabi ta isu i suka.",": La volonté de mon Père, cest que quiconque voit le Fils et croit en lui ait la vie éternelle; et je le ressusciterai au dernier jour."
JHN.6.41,Bayuda bakotoaka Yesu tine abalaka: «Nadi mwɛmbɛ modonga ta busa.».,"Les Juifs murmuraient à son sujet, parce quil avait dit: Je suis le pain qui est descendu du ciel."
JHN.6.42,"Babalaka: «Iyo te Yesu, Mwana o Esepu? Ladjebaka bopele Sange e nde na nange e nde . Moda ndani abalaka edɛdi boo adonga ta busa?».","Et ils disaient: Nest-ce pas là Jésus, le fils de Joseph, celui dont nous connaissons le père et la mère? Comment donc dit-il: Je suis descendu du ciel?."
JHN.6.43,Yesu abasɔmbedjaka: «Kinani bosakotoani.,Jésus leur répondit: Ne murmurez pas entre vous.
JHN.6.44,Moto abwaniti bodua adi mbi emitida bo Sange e mbi amitimoloma adi mbi; ibea mbi namosisodjake ta isu i suka.,"Nul ne peut venir à moi, si le Père qui ma envoyé ne lattire; et je le ressusciterai au dernier jour. Jn :."
JHN.6.45,"Ba mbaeli ba Ndjakomba ba komaka: Bato basusu balehamabi na Ndjakomba. Yona oki Sesa bobala ko adimi eleho e nde, aduake adi mbi.",Il est écrit dans les prophètes: Ils seront tous enseignés de Dieu. Ainsi quiconque a entendu le Père et a reçu son enseignement vient à moi.
JHN.6.46,Etatingodjaka mɛnɛ moto aeni Sesa; tengasa edi oko yona odonga adi Ndjakomba aenɛkɛ Sesa.,"Cest que nul na vu le Père, sinon celui qui vient de Dieu; celui-là a vu le Père."
JHN.6.47,"Okobea, nabalaka na nu, edi soti: yona odimi adi na mohelo mo seko.","En vérité, en vérité, je vous le dis, celui qui croit en moi a la vie éternelle."
JHN.6.48,Nadi mwɛmbɛ mo bomɔ.,Je suis le pain de vie.
JHN.6.49,"Batata nu bayaka soti mana, endolo nongo bea bagwa.","Vos pères ont mangé la manne dans le désert, et ils sont morts."
JHN.6.50,"Endolo endja mwɛmbɛ mu imodonga ta busa, tine boo moto yona amoyake, agwɛtebi.","Cest ici le pain qui descend du ciel, afin que celui qui en mange ne meure point."
JHN.6.51,"Nadi mwɛmbɛ mo bomɔ imodonga ta busa. Ekadabo moto akayaka mwɛmbɛ momina, adabi na mohelo tine seko. Mwɛmbɛ mo mopabi mbi bɛngi bato ba ngondo bahele, edi mokuku mo mbi.».","Je suis le pain vivant qui est descendu du ciel. Si quelquun mange de ce pain, il vivra éternellement; et le pain que je donnerai, cest ma chair, que je donnerai pour la vie du monde."
JHN.6.52,Bayuda baimeaka bosoana ibo na ibo. Babalaka: «Moda ndani moto iyo adi bolopa mokuku mo nde bɛngi lomoyake?».,"Là-dessus, les Juifs disputaient entre eux, disant: Comment peut-il nous donner sa chair à manger?."
JHN.6.53,"Yesu abalaka na bu: «Okobea, nabali na nu, edi soti: omiti yakani mokuku mo Mwana o Moto ko omiti mwakani makia ma nde, otadiakeni mohelo ta tei e bino.","Jésus leur dit: En vérité, en vérité, je vous le dis, si vous ne mangez la chair du Fils de lhomme, et si vous ne buvez son sang, vous navez point la vie en vous-mêmes."
JHN.6.54,Yona ayake mokuku mo mbi ko amwake makia ma mbi adi na mohelo mo seko ko na mosisodjabi ta busa bo suka.,Celui qui mange ma chair et qui boit mon sang a la vie éternelle; et je le ressusciterai au dernier jour.
JHN.6.55,Tengasa mokuku mo mbi modi mia mapele ko makia ma mbi madi elenge mana mapele.,"Car ma chair est vraiment une nourriture, et mon sang est vraiment un breuvage."
JHN.6.56,Yona ayake mokuku mo mbi ko amwake makia ma mbi loimei omɔti: yo ta tei e mbi ko mbi ta tei e nde.,"Celui qui mange ma chair et qui boit mon sang demeure en moi, et je demeure en lui."
JHN.6.57,"Elenge Sange e mbi yona olomani adi na bomɔ ko mbi nadi na bomɔ na ndjea e nde; oko moda momɔti yona ayakeni, adake na bomɔ na ndjea e mbi.","Comme le Père qui est vivant ma envoyé, et que je vis par le Père, ainsi celui qui me mange vivra par moi."
JHN.6.58,"Endjani mwɛmbɛ imotita ta busa. Editi elenge mwɛmbɛ imoyaka ba sange i bino, ibia ibagwa. Endolo yona ayaka mwɛmbɛ imu, adabi na bomɔ bo seko.».",Cest ici le pain qui est descendu du ciel. Il nen est pas comme de vos pères qui ont mangé la manne et qui sont morts: celui qui mange ce pain vivra éternellement.
JHN.6.59,Yesu abalaka mibalo mimina ehole elehaka yo ta sinagoga ta ngando enɛnɛ e Kapalanauma.,"Jésus dit ces choses dans la synagogue, enseignant à Capernaüm."
JHN.6.60,"Ngɔngɔ ihokamedjakabo Yesu, banɛnɛ ta tei e batingami ba nde babalaka: «Bihelo bi binɔi na bopipo! Obwani bobidima nda?».","Plusieurs de ses disciples, après lavoir entendu, dirent: Cette parole est dure; qui peut lécouter?."
JHN.6.61,"Yesu asipoaka boo batingami ba nde banungunaka na ilako imina, abalaka na bu: «Ilako imina lobenedjini?.","Jésus, sachant en lui-même que ses disciples murmuraient à ce sujet, leur dit: Cela vous scandalise-t-il?."
JHN.6.62,"Ko mokaimea boo Mwana o Moto asɔmbi oho adonga yo, moadake bo ?.",Et si vous voyez le Fils de lhomme monter où il était auparavant?….
JHN.6.63,Edi Mwembo mo Ndjakomba akapɛ bomɔ; mokuku mo mɛnɛ moditi na eka. Mibalo motɔndeini mbi midi Mwembo ko bomɔ.,Cest lesprit qui vivifie; la chair ne sert de rien. Les paroles que je vous ai dites sont esprit et vie.
JHN.6.64,"Endolo ta tei e bino bakina batadimaka». Na tina emina, Yesu adjebaka donga ehele boo bakina baimodimeaka ko yona amokabake.","Mais il en est parmi vous quelques-uns qui ne croient point. Car Jésus savait dès le commencement qui étaient ceux qui ne croyaient point, et qui était celui qui le livrerait."
JHN.6.65,Abalaka naikina: «Na tina emina nabali na nu moto abwaniti bodua adi mbi emiti da boo Sesa amopɛ enɔeli.».,"Jn : Et il ajouta: Cest pourquoi je vous ai dit que nul ne peut venir à moi, si cela ne lui a été donné par le Père."
JHN.6.66,"Donga ehole emina, banɛnɛ ta tei e batingami ba nde basasuaka ko balonaka bokɛ engbanga na nde.","Dès ce moment, plusieurs de ses disciples se retirèrent, et ils nallaient plus avec lui."
JHN.6.67,Na bea Yesu ahɔdjɔkɔ batingami domi na babae ibadikaka: «Ino pongono opalini okɛni?».,"Jésus donc dit aux douze: Et vous, ne voulez-vous pas aussi vous en aller?."
JHN.6.68,"Simo Piɛlɛ amosɔmbedjaka: «Kumu, lokɛ naikina adi nda? Wɛ odi na mobalo mokapɛ bomɔ bo seko.","Simon Pierre lui répondit: Seigneur, à qui irions-nous? Tu as les paroles de la vie éternelle."
JHN.6.69,Lodimi ko lodjebi boo wɛ odi Mosɛnɔke olomama na Ndjakomba .».,"Et nous avons cru et nous avons connu que tu es le Christ, le Saint de Dieu."
JHN.6.70,Yesu abasɔmbedjaka: «Mbi moto ohɔni ino basusu domi na babae. Enakobea omɔti ta tei e bino adi djabulu!».,"Jésus leur répondit: Nest-ce pas moi qui vous ai choisis, vous les douze? Et lun de vous est un démon!."
JHN.6.71,"Abalaka ta tina e Yudasi mwana o Simo Isikaliota. Tengasa Yudasi, omɔti o domi na babae, obongedjama amokababi .","Il parlait de Judas Iscariot, fils de Simon; car cétait lui qui devait le livrer, lui, lun des douze."
JHN.7.1,"Ngɔngɔ imina, Yesu adaka bodala ta ngando e Galilea, alonaka bokɛ ta ngando e Yuda, tengasa bakondji ba bayuda bahombaka bomowa.","Après cela, Jésus parcourait la Galilée, car il ne voulait pas séjourner en Judée, parce que les Juifs cherchaient à le faire mourir."
JHN.7.2,"Enakobea tɛkɛ e bayuda, yena ebeakabo tɛkɛ e bitondo, eimeaka mbuti .","Or, la fête des Juifs, la fête des Tabernacles, était proche."
JHN.7.3,"Bange i Yesu babalaka na nde: «Donga ya ko kɛ ta ngando e Yuda, bɛngi boo batingami ba wɛ, ibo pongono, baenɛ misala makɔkɔ wɛ.","Et ses frères lui dirent: Pars dici, et va en Judée, afin que tes disciples voient aussi les œuvres que tu fais."
JHN.7.4,"Pɛ moto okakɔe ta mbombi akada na posa adjebame. Elenge akɔkɔ wɛ bimbete moda na moda, kɔɔ bo bato basusu ba ngondo baenɛ!».","Personne nagit en secret, lorsquil désire paraître: si tu fais ces choses, montre-toi toi-même au monde."
JHN.7.5,"Na bea, edɛ bange i nde baimodimeaka.",Car ses frères non plus ne croyaient pas en lui.
JHN.7.6,Yesu abalaka na bu: «Ehole e mbi eimeakini. Endolo ino odini seko na bihole.,"Jésus leur dit: Mon temps nest pas encore venu, mais votre temps est toujours prêt."
JHN.7.7,"Ngondo eboaniti bolonani, endolo edi na swɛ na mbi; tine boo mbi nakainedje mikɔ mi yu midi mibe.","Le monde ne peut vous haïr; moi, il me hait, parce que je rends de lui le témoignage que ses œuvres sont mauvaises."
JHN.7.8,"Ino, kɛni ta tɛkɛ emina; endolo mbi nitakɛkɛ oho , tine ehole e mbi epakini akokedjama.».","Montez, vous, à cette fête; pour moi, je ny monte point, parce que mon temps nest pas encore accompli."
JHN.7.9,"Ngɔngɔ i bobala bea, adikaka ta ngando e Galilea.","Après leur avoir dit cela, il resta en Galilée."
JHN.7.10,"Ehole ekɛkɛ bange i nde ta tɛkɛ, Yesu pongono akɛkɛ; adaka bosabomba, aipalaka bosenɛmedja na bato.","Lorsque ses frères furent montés à la fête, il y monta aussi lui-même, non publiquement, mais comme en secret."
JHN.7.11,Bakondji ba bayuda bamohombaka ta ehole e tɛkɛ emina ko bahɔdjɔkɔ: «Adi yo djɔ?».,"Les Juifs le cherchaient pendant la fête, et disaient: Où est-il?."
JHN.7.12,"Emumu e bato babalaka bobuke ta tina e nde. Bamɔti babalaka: «Adi moto mopele.» Endolo bakina babalaka: «Ngasa, abungedji bato.».","Il y avait dans la foule grande rumeur à son sujet. Les uns disaient: Cest un homme de bien. Dautres disaient: Non, il égare la multitude."
JHN.7.13,"Endolo pɛ moto obalaka na nde ta bhuda, tine boo bato basusu badaka na bɔɔ na bakondji ba bayuda.","Personne, toutefois, ne parlait librement de lui, par crainte des Juifs."
JHN.7.14,"Ehole eimeaka tɛkɛ ta ndanda, Yesu akweaka ta tepelo ko abangaka boleha.","Vers le milieu de la fête, Jésus monta au temple. Et il enseignait."
JHN.7.15,"Bayuda badaka bokamoa ko bobala: «Moda ndani moto yo asipoaka makomi, iyo oda pɛ boikoa ?».","Les Juifs sétonnaient, disant: Comment connaît-il les Écritures, lui qui na point étudié?."
JHN.7.16,"Yesu abasɔmbedjaka: «Bileho bopakani mbi bidongiti adi mbi, endolo adi Ndjakomba yona olomani.","Jésus leur répondit: Ma doctrine nest pas de moi, mais de celui qui ma envoyé."
JHN.7.17,"Yona odimi bokɔ bopala bo Ndjakomba, adjebake soti bileho bi mbi bidongi adi Ndjakomba kaoko nabalaka ta tina e kombe e mbi mɛnɛ.","Si quelquun veut faire sa volonté, il connaîtra si ma doctrine est de Dieu, ou si je parle de mon chef."
JHN.7.18,"Moto okabale ta tina e kombe e nde mɛnɛ, bohombaka ekumu e nde mɛnɛ. Endolo yona okahombe ekumu e yona omoloma, abalaka soti ko bobe boditi ta tei e nde.","Celui qui parle de son chef cherche sa propre gloire; mais celui qui cherche la gloire de celui qui la envoyé, celui-là est vrai, et il ny a point dinjustice en lui."
JHN.7.19,"Mose aopakani mobeko, editi bea? Endolo pɛ omɔti o bino atamoisaka ta mosala. Tina ahombakano bowani nda?».",Moïse ne vous a-t-il pas donné la loi? Et nul de vous nobserve la loi. Pourquoi cherchez-vous à me faire mourir? Jn :.
JHN.7.20,Emumu e bato bamosɔmbedjaka: «Wɛ odi na mwembo mobe! Ohombaka aowoe nda?».,La foule répondit: Tu as un démon. Qui est-ce qui cherche à te faire mourir?.
JHN.7.21,Yesu abasɔmbedjaka: «Nakɔi oko mosala momɔti ko endjani oimeini ino basusu bokamoa!.,"Jésus leur répondit: Jai fait une œuvre, et vous en êtes tous étonnés."
JHN.7.22,"Tine boo Mose aopani mobeko mo bolena songɔ i bami, eidaka Mose moto obangaka bokɔ, endolo ebangaka na ba kɔkɔ ba biso ba boso , na bea ino odimakani bolenedja bami songɔ nongo ta busa bo sabata.","Moïse vous a donné la circoncision, non quelle vienne de Moïse, car elle vient des patriarches, et vous circoncisez un homme le jour du sabbat."
JHN.7.23,"Ekada bo obwanini bolenedja songɔ i bami ta busa bo sabata tine boo mobeko mo Mose modae mosumamake; ko tina ndani oimeini na kɛlɛ na mbi, tine boo naheledji moto ta busa bo sabata?.","Si un homme reçoit la circoncision le jour du sabbat, afin que la loi de Moïse ne soit pas violée, pourquoi vous irritez-vous contre moi de ce que jai guéri un homme tout entier le jour du sabbat?."
JHN.7.24,Kinani bosambedja na moda moenɛkɛno na miso. Sambedjani na bodjo .».,"Ne jugez pas selon lapparence, mais jugez selon la justice."
JHN.7.25,Bato bakina ba ngando e Yelusalɛmɛ baimeaka bobala: «Editi moto yo ahombaka bo bowoe?.,Quelques habitants de Jérusalem disaient: Nest-ce pas là celui quils cherchent à faire mourir?.
JHN.7.26,"Endja: abalaka ta bhuda ko batamobaleaka nongo eka! Na bea, bakondji ba biso badimiti soti mɛnɛ boo adi Kilito?.","Et voici, il parle librement, et ils ne lui disent rien! Est-ce que vraiment les chefs auraient reconnu quil est le Christ?."
JHN.7.27,"Endolo ehole enɛmɛbi Kilito, pɛ moto odjebabi dɔngɔ ladongakake yo; enakobea tina e moto omina, ladjebaka dɔngɔ idonga yo!».","Cependant celui-ci, nous savons doù il est; mais le Christ, quand il viendra, personne ne saura doù il est."
JHN.7.28,"Na bea Yesu alehaka ta tepelo; agamaka: «Ino bɛnɛ odjebakanini? Odjebakani dɔngɔ i donga mbi? Naidua na mbi mɛnɛ, endolo yona olomani adi soti. Ino otamodjebakani.","Et Jésus, enseignant dans le temple, sécria: Vous me connaissez, et vous savez doù je suis! Je ne suis pas venu de moi-même: mais celui qui ma envoyé est vrai, et vous ne le connaissez pas."
JHN.7.29,"Mbi, nakamodjebe, tine boo nadongake adi yo ko edi yo moto olomani.».","Moi, je le connais; car je viens de lui, et cest lui qui ma envoyé."
JHN.7.30,"Na bea bahombaka bamope, endolo pɛ moto obakea ebɔ diko i nde, tengasa ehole e nde eipaka imea.","Ils cherchaient donc à se saisir de lui, et personne ne mit la main sur lui, parce que son heure nétait pas encore venue."
JHN.7.31,"Na bea ta emumu e bato, banɛnɛ bamodimeaka. Babalaka: «Ehole eduabi Kilito, akɔbi bimbete binɛnɛ bi bokamoa bida pɛ bokɔmɔ na moto iyo?».","Plusieurs parmi la foule crurent en lui, et ils disaient: Le Christ, quand il viendra, fera-t-il plus de miracles que nen a fait celui-ci?."
JHN.7.32,Manungunungu ma emumu e bato ta tina e Yesu maokamaka ta matoi ma bapalusai. Na bea bakondji ba banganga ba Ndjakomba ko na bapalusai balomaka babanei bɛngi bamopee.,Les pharisiens entendirent la foule murmurant de lui ces choses. Alors les principaux sacrificateurs et les pharisiens envoyèrent des huissiers pour le saisir.
JHN.7.33,"Yesu abalaka: «Nadi na nu naikina mooehole mokɛkɛ, ngɔngɔ nakɛke adi yona olomani.","Jésus dit: Je suis encore avec vous pour un peu de temps, puis je men vais vers celui qui ma envoyé."
JHN.7.34,"Wahombakenini, endolo otaenɛkɛnini; tengasa otabwanakeni bokɛ oho adake mbi.».","Vous me chercherez et vous ne me trouverez pas, et vous ne pouvez venir où je serai."
JHN.7.35,Bayuda basahɔdjɔkɔ: «Akɛke yo djɔ bɛngi lodae pɛ bomodia? Lalɛdjɛkɛ boo abwani bokɛ adi bayuda ibanangana ta tei e bagɛlɛki ko bobalwɛ bileho bi nde oho .,"Sur quoi les Juifs dirent entre eux: Où ira-t-il, que nous ne le trouvions pas? Ira-t-il parmi ceux qui sont dispersés chez les Grecs, et enseignera-t-il les Grecs?."
JHN.7.36,"Mibalo mabalaka yo: Wahombakenini, endolo otaenɛkɛnini; tengasa otabwanakeni bokɛ oho adake mbi.» Atingodjakamo nde?.","Que signifie cette parole quil a dite: Vous me chercherez et vous ne me trouverez pas, et vous ne pouvez venir où je serai?."
JHN.7.37,"Ta busa bosuka bo tɛkɛ, edaka busa bonɛnɛ . Busa bo mina, Yesu, aema ko agamaka: «Moto akoka posa e madiba, adue adi mbi, amwake.","Le dernier jour, le grand jour de la fête, Jésus, se tenant debout, sécria: Si quelquun a soif, quil vienne à moi, et quil boive."
JHN.7.38,"Elenge ebala makomi: Yona odimeini, duwa i madiba ma bomɔ ikɛlɛbi ta tei e molema mo nde.».","Celui qui croit en moi, des fleuves deau vive couleront de son sein, comme dit lÉcriture."
JHN.7.39,"Yesu abalaka tina e Mwembo mo Ndjakomba ibia bamodimeake badi bodia ngɔngɔ i masu. Tengasa ehole emina, Mwembo mo Ndjakomba moipaka apama, tine boo Yesu aipaka angɔdjɔmɔ ta ekumu e nde.","Il dit cela de lEsprit que devaient recevoir ceux qui croiraient en lui; car lEsprit nétait pas encore, parce que Jésus navait pas encore été glorifié."
JHN.7.40,"Ngɔngɔ i boka mibalo mimina, bamɔti ta tei emumu e bato babalaka: «Moto iyo adi soti mɛnɛ Mbaeli o Ndjakomba!».",": Des gens de la foule, ayant entendu ces paroles, disaient: Celui-ci est vraiment le prophète."
JHN.7.41,"Bakina babalaka: «Adi Kilito!» Endolo, bakina pongono basɔmbedjaka: «Kilito abwani boima ta ngando e Galilea?.",Dautres disaient: Cest le Christ. Et dautres disaient: Est-ce bien de la Galilée que doit venir le Christ?.
JHN.7.42,"Na bea makomi ma balaka boo Kilito adabi motitani ta ibota i Dapiti ko aimabi ta ngando e Bɛtɛlɛmɛ, oho ta ngando edaka Dapiti .».","LÉcriture ne dit-elle pas que cest de la postérité de David, et du village de Bethléhem, où était David, que le Christ doit venir?."
JHN.7.43,Na bea bato basakabanaka tina e Yesu.,"Il y eut donc, à cause de lui, division parmi la foule."
JHN.7.44,"Bakina ta tei e bobo badaka posa boo bamopee, endolo pɛ moto omopeaka.","Quelques-uns dentre eux voulaient le saisir, mais personne ne mit la main sur lui."
JHN.7.45,Babanei basɔmbɔkɔ adi bakondji ba banganga ba Ndjakomba ko na bapalusai. Na bea bahɔdjɔkɔ babanei: «Odoitini na Yesu tina nda?».,Ainsi les huissiers retournèrent vers les principaux sacrificateurs et les pharisiens. Et ceux-ci leur dirent: Pourquoi ne lavez-vous pas amené?.
JHN.7.46,"Babanei basɔmbedjaka: «Ngasa, pɛ moto okabale elenge yo!».",Les huissiers répondirent: Jamais homme na parlé comme cet homme.
JHN.7.47,"Bapalusai ba bahɔdjɔkɔ: «Ino pongono, aokoseini?.","Les pharisiens leur répliquèrent: Est-ce que vous aussi, vous avez été séduits?."
JHN.7.48,Edi nongo na mokondji omɔti kaoko mopalusai omɔti amodimei?.,Y a-t-il quelquun des chefs ou des pharisiens qui ait cru en lui?.
JHN.7.49,"Edi oko bato ibaka dae pɛ bodjeba mobeko mo Mose, ibalakedjama bobe!».","Mais cette foule qui ne connaît pas la loi, ce sont des maudits!."
JHN.7.50,Nikodɛmɛ adaka omɔti o bapalusai odaka ena: edaka yo moto okɛkɛ bosakana na Yesu mooehole onɔ . Abalaka na bu:.,"Nicodème, qui était venu de nuit vers Jésus, et qui était lun dentre eux, leur dit:."
JHN.7.51,"«Bokimana mobeko mo biso, loboaniti bodumba moto napɛ bomosambedja boso ko napɛ bodjeba modjɔ mokɔi yo .».",Notre loi condamne-t-elle un homme avant quon lentende et quon sache ce quil a fait?.
JHN.7.52,"Bamosɔmbedjaka: «Wɛ pongono, obwaniti boda moto o ngando e Galilea? Kokoledja makomi bopele ko wenɛke pɛ nongo mbaeli o Ndjakomba oimana ta ngando Galilea .» .","Ils lui répondirent: Es-tu aussi Galiléen? Examine, et tu verras que de la Galilée il ne sort point de prophète."
JHN.7.53,"Ngɔngɔ imina, moto na moto ayanaka ta ndako e nde .",Et chacun sen retourna dans sa maison.
JHN.8.1,Endolo Yesu akɛkɛ ta ikoli i Olipa .,Jésus se rendit à la montagne des oliviers.
JHN.8.2,"Ehuma mɛnɛ e pumasɛnɛ, asɔmbɔkɔ ta tepelo ko bato basusu baduaka adi yo. Adaka ko abangaka bobaleha.","Mais, dès le matin, il alla de nouveau dans le temple, et tout le peuple vint à lui. Sétant assis, il les enseignait."
JHN.8.3,Na bea balehi ba mobeko ko bapalusai baduaka na mwali omɔti opeaka bo na ndukeli. Bamoemeaka ta boso bo bato basusu.,Alors les scribes et les pharisiens amenèrent une femme surprise en adultère;.
JHN.8.4,"ko babalaka na Yesu: «Molehi, mwali yo lomopei oko ta ehole edaki yo akɔ bɔɔli.","et, la plaçant au milieu du peuple, ils dirent à Jésus: Maître, cette femme a été surprise en flagrant délit dadultère."
JHN.8.5,"Mose alopaka ta mobeko bowa bali modumba mu na mabanga . Ko wɛ, obali bo?».","Moïse, dans la loi, nous a ordonné de lapider de telles femmes: toi donc, que dis-tu?."
JHN.8.6,"Babalaka bea bɛngi bamopikee elambo, tine bohomba modjɔ mo bomopunda. Endolo Yesu angundamaka ko abangaka, na ndjea e mosapi mo nde, aimeaka bokoma ta kpɔtɔ.","Ils disaient cela pour léprouver, afin de pouvoir laccuser. Mais Jésus, sétant baissé, écrivait avec le doigt sur la terre."
JHN.8.7,"Elenge adaka bo oko bamɔhɔdjɔ mahɔdjɔ, Yesu asunoaka ko abalaka na bu: «Ta tei e bino odjebi boo aditi na bobe amolɛ ibanga boso.».","Comme ils continuaient à linterroger, il se releva et leur dit: Que celui de vous qui est sans péché jette le premier la pierre contre elle."
JHN.8.8,"Na bea angundamaka naikina, ko na ndjea e mosapi mo nde, abangaka bokoma ta kpɔtɔ.","Et sétant de nouveau baissé, il écrivait sur la terre."
JHN.8.9,"Ehole eoka bo mibalo mimina, bakɛ omɔti ngɔngɔ i okina, bobanga na ibadaka basuku. Yesu adika oko yo mɛnɛ na mwali omina, aemi ta boso bo nde.","Quand ils entendirent cela, accusés par leur conscience, ils se retirèrent un à un, depuis les plus âgés jusquaux derniers; et Jésus resta seul avec la femme qui était là au milieu."
JHN.8.10,Na bea Yesu asunoaka ko abalaka na nde: «Bato bamina badoo? Pɛ moto olenei etumbo?».,"Alors sétant relevé, et ne voyant plus que la femme, Jésus lui dit: Femme, où sont ceux qui taccusaient? Personne ne ta-t-il condamnée?."
JHN.8.11,"Amosɔmbedjaka: «Kumu, pɛ moto.» Yesu abalaka na nde: «Mbi pongono nodumbiti na modjɔ. Obwani bokɛ, endolo pɛ bokɔ bobe naikina.».","Elle répondit: Non, Seigneur. Et Jésus lui dit: Je ne te condamne pas non plus: va, et ne pèche plus."
JHN.8.12,Yesu abalaka naikina na bato: «Nadi bohu bo ngondo . Yona akimanakeni adiake buhu bo mohelo ko adaletebi naikina ta modidi.».,"Jésus leur parla de nouveau, et dit: Je suis la lumière du monde; celui qui me suit ne marchera pas dans les ténèbres, mais il aura la lumière de la vie."
JHN.8.13,Bapalusai babalaka na nde: «Wasapaka tati e wɛ mɛnɛ; tati e wɛ editi e soti.».,"Là-dessus, les pharisiens lui dirent: Tu rends témoignage de toi-même; ton témoignage nest pas vrai."
JHN.8.14,"Yesu abasɔmbedjaka: «Nongo nakasapa tati tina e mbi mɛnɛ, tati e mbi edi e soti, tine boo nadjebaka dɔngɔ idonga mbi ko ikɛke mbi. Endolo ino, otadjebakani nongo dɔngɔ idonga mbi ko ikɛke mbi.","Jésus leur répondit: Quoique je rende témoignage de moi-même, mon témoignage est vrai, car je sais doù je suis venu et où je vais; mais vous, vous ne savez doù je viens ni où je vais."
JHN.8.15,Okasambedjeni na moda mo bato; endolo mbi tenasambedjake moto.,"Vous jugez selon la chair; moi, je ne juge personne."
JHN.8.16,"Na bea, ekimea boo nasambedje, sambi e mbi edi e soti, tine boo naditi mbi mɛnɛ tine bosambedja, endolo nadi engbanga na Sesa yona olomani.","Et si je juge, mon jugement est vrai, car je ne suis pas seul; mais le Père qui ma envoyé est avec moi."
JHN.8.17,"Ekomama ta mobeko mo bino, bato babae bakapa tati mondumba momɔti, tati emina edi soti.",Il est écrit dans votre loi que le témoignage de deux hommes est vrai;.
JHN.8.18,"Mbi nasapaka tati e mbi mɛnɛ ko Sesa yona olomani, akapɛ pongono tati tina e mbi.».","je rends témoignage de moi-même, et le Père qui ma envoyé rend témoignage de moi."
JHN.8.19,"Bamohɔdjɔkɔ: «Sange e wɛ adi djɔ?» Yesu asɔmbedjaka: «Ino todjebeni nongo mbi nongo Sesa. Ekada bo odjebinini, okɔkidjebani pongono Sange e mbi.».","Ils lui dirent donc: Où est ton Père? Jésus répondit: Vous ne connaissez ni moi, ni mon Père. Si vous me connaissiez, vous connaîtriez aussi mon Père."
JHN.8.20,"Yesu abalaka mibalo mi ehole edaka yo eleha ta tepelo, ta polo edaka sanga i bipeli. Pɛ moto omopea, tine boo ehole e nde eipakaimea.","Jésus dit ces paroles, enseignant dans le temple, au lieu où était le trésor; et personne ne le saisit, parce que son heure nétait pas encore venue."
JHN.8.21,Yesu abalaka na bu naikina: «Mbi nakɛke; endolo wahombakenini ko wagwakeni ta bobe bo bino. Obwanitini bokɛ ta dɔngɔ lakɛke mbi.».,"Jésus leur dit encore: Je men vais, et vous me chercherez, et vous mourrez dans votre péché; vous ne pouvez venir où je vais. Jn :."
JHN.8.22,"Bayuda basabaleaka: «Akɛi asowa, bɛngi abale: Obwanitini bokɛ ta dɔngɔ lakɛke mbi?».","Sur quoi les Juifs dirent: Se tuera-t-il lui-même, puisquil dit: Vous ne pouvez venir où je vais?."
JHN.8.23,"Yesu abasɔmbedjaka: «Odini bato ba ngondo, endolo mbi nadongi ta busa. Odini bato ba ngondo ye, endolo mbi naditi moto o ngondo ye.","Et il leur dit: Vous êtes den bas; moi, je suis den haut. Vous êtes de ce monde; moi, je ne suis pas de ce monde."
JHN.8.24,Na tina emina nabalaka na nu wagwakeni ta mabe ma bino. Tengasa wagwakeni ta ma mabe ma bino omitidimani mbi nadi. ».,"Cest pourquoi je vous ai dit que vous mourrez dans vos péchés; car si vous ne croyez pas ce que je suis, vous mourrez dans vos péchés."
JHN.8.25,Bamohɔdjɔkɔ: «Wɛ nda?» Yesu abasɔmbedjaka: «Edi yona otɔndeani mbi donga ta mbangi .,Qui es-tu? Lui dirent-ils. Jésus leur répondit: Ce que je vous dis dès le commencement.
JHN.8.26,"Nadi na midjɔ minɛnɛ mi bobala ko mi bosambedja ta tina e bino. Endolo nakatɔndee bato oko imikoa mbi na yona olomani; ko yo, akabale soti.».","Jai beaucoup de choses à dire de vous et à juger en vous; mais celui qui ma envoyé est vrai, et ce que jai entendu de lui, je le dis au monde."
JHN.8.27,Baisipoaka boo abalaka tina e Sange e nde.,Ils ne comprirent point quil leur parlait du Père.
JHN.8.28,"Yesu abalaka na bu naikina: «Ehole angɔdjɔkeno Mwana o Moto, wadjebakeni boo mbi nadi; ko tenakɔe meako na mbi mɛnɛ: nakabale oko bokimana moda imolehani Sange e mbi.","Jésus donc leur dit: Quand vous aurez élevé le Fils de lhomme, alors vous connaîtrez ce que je suis, et que je ne fais rien de moi-même, mais que je parle selon ce que le Père ma enseigné."
JHN.8.29,"Iyona olomani adi na mbi engbanga; ko takineni mbi mɛnɛ, tine boo nakakɔe seko meako mikamosepedje.».","Celui qui ma envoyé est avec moi; il ne ma pas laissé seul, parce que je fais toujours ce qui lui est agréable."
JHN.8.30,"Elenge abalaka Yesu bea, bato banɛnɛ bamodimeaka.","Comme Jésus parlait ainsi, plusieurs crurent en lui."
JHN.8.31,"Na bea Yesu abalaka na bayuda ibia bamodimeaka: «Okadimani mibalo mi mbi, odini soti mɛnɛ batingami ba mbi.","Et il dit aux Juifs qui avaient cru en lui: Si vous demeurez dans ma parole, vous êtes vraiment mes disciples;."
JHN.8.32,Na bea wadjebakeni soti ko soti eimedjakeni basɔmi.».,"vous connaîtrez la vérité, et la vérité vous affranchira."
JHN.8.33,Bamosɔmbedjaka: «Iso lodi batitani ba Abalayama ko loida nongo babuli ba bato. Moda ndani obwani bobala: Wimeakeni basɔmi?».,"Ils lui répondirent: Nous sommes la postérité dAbraham, et nous ne fûmes jamais esclaves de personne; comment dis-tu: Vous deviendrez libres?."
JHN.8.34,"Yesu abasɔmbedjaka: «Okobea nabali na nu, edi soti: moto mosusu akɔkɔ bobe adi mobuli o bobe.","En vérité, en vérité, je vous le dis, leur répliqua Jésus, quiconque se livre au péché est esclave du péché."
JHN.8.35,"Mobuli tadae seko moto o ibota, endolo mwana momi bodikaka tine seko ta ibota.","Or, lesclave ne demeure pas toujours dans la maison; le fils y demeure toujours."
JHN.8.36,"Ekadabo Mwana akoimedjani basɔmi, na bea wadakeni mɛnɛ basɔmi.","Si donc le Fils vous affranchit, vous serez réellement libres."
JHN.8.37,"Nadjebaka boo odini batitani ba Abalayama. Endolo wahombakani bowanini, tine boo walonakani bodima mibalo mi mbi.","Je sais que vous êtes la postérité dAbraham; mais vous cherchez à me faire mourir, parce que ma parole ne pénètre pas en vous."
JHN.8.38,"Mbi, nabalaka iminedjani sange e mbi, endolo ino, wakɔkɔni imolakani sange e bino.».","Je dis ce que jai vu chez mon Père; et vous, vous faites ce que vous avez entendu de la part de votre père."
JHN.8.39,"Bamosɔmbedjaka: «Sange e biso, edi Abalayama.» Yesu abalaka na bu: «Akɔkino dani bana ba Abalayama, obwanakini bokɔ meako imikɔ yo .","Ils lui répondirent: Notre père, cest Abraham. Jésus leur dit: Si vous étiez enfants dAbraham, vous feriez les œuvres dAbraham."
JHN.8.40,"Endolo edɛdi, nongo nobaleini soti yena eikoa mbi adi Ndjakomba, wahombakani bowani. Enakobea Abalayama aikɔ bea.","Mais maintenant vous cherchez à me faire mourir, moi qui vous ai dit la vérité que jai entendue de Dieu. Cela, Abraham ne la point fait."
JHN.8.41,"Ino, wakɔkɔni meako oko moda momɔti na sange e bino.» Bamosɔmbedjaka: «Iso loditi bana ba misamba. Lodi oko na Sange e biso omɔti, Ndjakomba.».","Vous faites les œuvres de votre père. Ils lui dirent: Nous ne sommes pas des enfants illégitimes; nous avons un seul Père, Dieu."
JHN.8.42,"Yesu abalaka na bu: «Ekadabo Ndjakomba adaka Sange e bino, okɔkini palanini; tengasa nadonga adi Ndjakomba ko nadi ya tina e nde. Naidua na bopala bo mbi mɛnɛ, endolo yo moto olomakani.","Jésus leur dit: Si Dieu était votre Père, vous maimeriez, car cest de Dieu que je suis sorti et que je viens; je ne suis pas venu de moi-même, mais cest lui qui ma envoyé."
JHN.8.43,Tina ndani otasipoakani mibalo mabalaka mbi na nu? Tine boo oditini na makoki ma bodima mibalo mi mbi.,Pourquoi ne comprenez-vous pas mon langage? Parce que vous ne pouvez écouter ma parole.
JHN.8.44,"Sange e bino edi djabulu ko wapalakani bokɔ posa e sange e bino. Adaka mowoi donga ta mbangi. Pɛ nongo mbala emɔti ebala yo soti tine bosoti editi ta tei e nde. Ehole ekabale yo meako mi boloa, akabale moda mokadae yo, tine boo adi mokosi ko sange e boloa.","Vous avez pour père le diable, et vous voulez accomplir les désirs de votre père. Il a été meurtrier dès le commencement, et il ne se tient pas dans la vérité, parce quil ny a pas de vérité en lui. Lorsquil profère le mensonge, il parle de son propre fonds; car il est menteur et le père du mensonge."
JHN.8.45,Endolo mbi nakabale soti ko na tina emina todimeakenini.,"Et moi, parce que je dis la vérité, vous ne me croyez pas."
JHN.8.46,"Ta ndanda e bino, moto omɔti abwani boinedja nongo bobe bo mbi bomɔti? Ko ekada boo nabalaka soti, tina ndani otadimeakanini?.","Qui de vous me convaincra de péché? Si je dis la vérité, pourquoi ne me croyez-vous pas?."
JHN.8.47,"Iyona odi o Ndjakomba, bokaka mibalo mi Ndjakomba. Endolo ino oditini bato ba Ndjakomba, na tina emina otaokeakanini.».","Celui qui est de Dieu, écoute les paroles de Dieu; vous nécoutez pas, parce que vous nêtes pas de Dieu."
JHN.8.48,Bayuda basɔmbedjaka Yesu: «Soti lodi na elonga e bobala boo odi mosamalia ko odi na mwembo mobe!».,"Les Juifs lui répondirent: Navons-nous pas raison de dire que tu es un Samaritain, et que tu as un démon?."
JHN.8.49,"Yesu asɔmbedjaka: «Ngasa, naditi na mwembo mobe! Endolo nakumeaka Sange e mbi ko ino, wenɛkɛnini moto ngasa.","Jésus répliqua: Je nai point de démon; mais jhonore mon Père, et vous moutragez."
JHN.8.50,Natahombaka ekumu tina e mbi mɛnɛ. Edi na omɔti ahombaka ekumu tina e mbi ko yo bosambedjaka.,Je ne cherche point ma gloire; il en est un qui la cherche et qui juge.
JHN.8.51,"Okobea, nabalaka na nu, edi soti: Iyona osumaka mibalo mi mbi agwɛtebi.».","En vérité, en vérité, je vous le dis, si quelquun garde ma parole, il ne verra jamais la mort."
JHN.8.52,"Bayuda babalaka na nde: «Edɛdi lodimi mɛnɛ boo odi na mwembo mobe! Abalayama agwa, ba mbaeli ba Ndjakomba pongono bagwa, na bea wɛ obali: Iyona asumaka mibalo mi mbi agwɛtebi.","Maintenant, lui dirent les Juifs, nous connaissons que tu as un démon. Abraham est mort, les prophètes aussi, et tu dis: Si quelquun garde ma parole, il ne verra jamais la mort."
JHN.8.53,Walɛdjɛkɛ boo onɔi sange e biso Abalayama yona ogwa na ekumu? Ba mbaeli ba Ndjakomba pongono bagwa! Wasenɛkɛ elenge nda?».,"Es-tu plus grand que notre père Abraham, qui est mort? Les prophètes aussi sont morts. Qui prétends-tu être?."
JHN.8.54,"Yesu asɔmbedjaka: «Ekadabo nasakumeaka mbi mɛnɛ, ekumu emina editi na tina. Yona wakumedjakani, edi Sange e mbi. Wabalakani na tina e nde: Adi Ndjakomba o biso.","Jésus répondit: Si je me glorifie moi-même, ma gloire nest rien. Cest mon Père qui me glorifie, lui que vous dites être votre Dieu."
JHN.8.55,"enakobea tomodjebakeni. Endolo mbi nakamodje. Ekadabo nabali tenamodjebe, ena nadi mokosi elenge no. Endolo mbi nakamodjebe ko nakasume mibalo mi nde.","et que vous ne connaissez pas. Pour moi, je le connais; et, si je disais que je ne le connais pas, je serais semblable à vous, un menteur. Mais je le connais, et je garde sa parole."
JHN.8.56,"Abalayama, sange e bino, alumedjamaka nasepi na malɛi maboenɛ busa bo mbi; aboenɛkɛ ko alumaka nasepi.».","Abraham, votre père, a tressailli de joie de ce quil verrait mon jour: il la vu, et il sest réjoui."
JHN.8.57,Bayuda babalaka na nde: «Wɛ oimeakini nongo bianga tuku itano ko obali bo oenɛ Abalayama ?».,"Les Juifs lui dirent: Tu nas pas encore cinquante ans, et tu as vu Abraham!."
JHN.8.58,"Yesu abasɔmbedjaka: «Okobea, nabali na nu, edi soti: boso bo Abalayama abotame, Mbi nadi .».","Jésus leur dit: En vérité, en vérité, je vous le dis, avant quAbraham fût, je suis."
JHN.8.59,"Ngɔngɔ i boka bea, bandoaka mabanga bɛngi bamolɛ. Endolo Yesu asabombaka ko asomɔnedja na bu ta ikanga i tepelo.","Là-dessus, ils prirent des pierres pour les jeter contre lui; mais Jésus se cacha, et il sortit du temple."
JHN.9.1,"Ta bonɔ bo nde, aenɛkɛ moto omɔti ogwa miso donga bobotama bo nde.","Jésus vit, en passant, un homme aveugle de naissance."
JHN.9.2,"Batingami ba nde bamohɔdjɔkɔ: «Labi, tina ndani moto yo abotama miso mago: edi tine bobe bo nde kaoko tine bobe bo baboti ba nde ?».","Ses disciples lui firent cette question: Rabbi, qui a péché, cet homme ou ses parents, pour quil soit né aveugle?."
JHN.9.3,"Yesu abasɔmbedjaka: «Ngasa, editi nongo ta tine e bobe bo nde, kaoko tine e bobe bo baboti ba nde. Adi miso mago tine boo misala mi Ndjakomba mienɛme adi yo.",Jésus répondit: Ce nest pas que lui ou ses parents aient péché; mais cest afin que les œuvres de Dieu soient manifestées en lui.
JHN.9.4,"Ehole edi moi, lobwani bokokedja misala mi yona ololomaka. Bulu bobatami, moto abwaniti bosala.","Il faut que je fasse, tandis quil est jour, les œuvres de celui qui ma envoyé; la nuit vient, où personne ne peut travailler."
JHN.9.5,"Ehole edi mbi ta ngondo, nadi bohu bo ngondo .».","Pendant que je suis dans le monde, je suis la lumière du monde."
JHN.9.6,"Ngɔngɔ i bobala mibalo mimina, Yesu atsuwɛaka masɔi ta kpɔtɔ ko anyɔmɔkɔ kpɔtɔ imina na masɔi ma nde ; asuoaka ta miso ma moto ogwa miso.","Après avoir dit cela, il cracha à terre, et fit de la boue avec sa salive. Puis il appliqua cette boue sur les yeux de laveugle."
JHN.9.7,"Abalaka na nde: «Kɛ asose boso ta esoseli e Silowe.» Kombe emina etingondjaka «Elomu». Moto o miso mago akɛkɛ, asosaka boso ko ehole ehulaka yo, aenɛkɛ!.","et lui dit: Va, et lave-toi au réservoir de Siloé . Il y alla, se lava, et sen retourna voyant clair."
JHN.9.8,Batuteani ba nde ko na bia bamoenɛkɛ adaka asɛngɛ boso bahɔdjɔkɔ: «Iyo te moto odaki na mobondo tine bosɛngɛ?».,Ses voisins et ceux qui auparavant lavaient connu comme un mendiant disaient: Nest-ce pas là celui qui se tenait assis et qui mendiait?.
JHN.9.9,"Bamɔti babalaka: «Edi oko yo.» Bakina babalaka: «Ngasa, editi yo, endolo akuwanaka na nde.» Enakobea yo mɛnɛ abalaka: «Edi soti oko mbi!».","Les uns disaient: Cest lui. Dautres disaient: Non, mais il lui ressemble. Et lui-même disait: Cest moi."
JHN.9.10,Bamohɔdjɔkɔ: «Moda ndani miso ma wɛ maheli?».,Ils lui dirent donc: Comment tes yeux ont-ils été ouverts?.
JHN.9.11,"Asɔmbedjaka: «Moto okabe bo Yesu anyɔmi moo kpɔtɔ na masɔi ma nde, amosuoini ta miso ko abali na mbi: Kɛ ta esoseli e Silowe sosa boso. Na bea nakɛkɛ, nasosa boso ngɔngɔ naenɛ!».","Il répondit: Lhomme quon appelle Jésus a fait de la boue, a oint mes yeux, et ma dit: Va au réservoir de Siloé, et lave-toi. Jy suis allé, je me suis lavé, et jai recouvré la vue."
JHN.9.12,Bamohɔdjɔkɔ: «Adi moto omina djɔ?» Abasɔmbedjaka: «Natadjeba.».,Ils lui dirent: Où est cet homme? Il répondit: Je ne sais.
JHN.9.13,Na bea bakɛkɛ adi bapalusai na moto odaka na miso mago.,Ils menèrent vers les pharisiens celui qui avait été aveugle.
JHN.9.14,"Enakobea, Yesu anyɔmɔkɔ kpɔtɔ ko aheledjaka moto o miso mago ta busa bo sabata.","Or, cétait un jour de sabbat que Jésus avait fait de la boue, et lui avait ouvert les yeux."
JHN.9.15,"Na tina emina bapalusai, ibo pongono, bahɔdjɔkɔ moto omina meako iminɔmɔkɔ bɛngi boo oenɛ edɛdi. Abalaka na bu: «Asingini baasɛtɛ ba kpɔtɔ inyɔmɔkɔ yo ta miso, nasosi boso ko edɛdi naeni.».","De nouveau, les pharisiens aussi lui demandèrent comment il avait recouvré la vue. Et il leur dit: Il a appliqué de la boue sur mes yeux, je me suis lavé, et je vois."
JHN.9.16,"Ekenge e bapalusai babalaka: «Moto yo adongiti adi Ndjakomba, tengasa tasumake busa bo sabata.» Endolo bakina basɔmbedjaka: «Moda ndani moto mobe abwani bokɔ bimbete bi ngindola moda mu?» Ko basakabanaka.","Sur quoi quelques-uns des pharisiens dirent: Cet homme ne vient pas de Dieu, car il nobserve pas le sabbat. Dautres dirent: Comment un homme pécheur peut-il faire de tels miracles? Et il y eut division parmi eux."
JHN.9.17,"Bapalusai bahɔdjɔkɔ naikina moto ohela miso: «Ko wɛ, e bali wɛ tine moto oheledji miso nde?» Yo abasɔmbedjaka: «Adi mbaeli o Ndjakomba.».","Ils dirent encore à laveugle: Toi, que dis-tu de lui, sur ce quil ta ouvert les yeux? Il répondit: Cest un prophète."
JHN.9.18,"Enakobea, bakondji ba bayuda baidimaka boo adaka na miso mago ko edɛdi aheli. Na tina emina babeaka baboti ba nde.",Les Juifs ne crurent point quil eût été aveugle et quil eût recouvré la vue jusquà ce quils eussent fait venir ses parents.
JHN.9.19,bɛngi babahɔdje. Babalaka na bu: «Adi soti mɛnɛ mwana o bino? Abotamaka soti miso mago? Ekɔmi edɛdi nde bɛngi aenɛ?».,"Et ils les interrogèrent, disant: Est-ce là votre fils, que vous dites être né aveugle? Comment donc voit-il maintenant?."
JHN.9.20,Baboti ba nde basɔmbedjaka: «Lodjebi boo adi mwana o biso ko abotama miso mago.,"Ses parents répondirent: Nous savons que cest notre fils, et quil est né aveugle;."
JHN.9.21,"Endolo lotadjebaka meako misanɔmɔ boo aenɛ edɛdi ko lotadjebaka mɛnɛ moto oheledji miso ma nde. Mohɔdjɔni yo mɛnɛ, adi bosuku abwani bosɔmbedja yo mɛnɛ!».","mais comment il voit maintenant, ou qui lui a ouvert les yeux, cest ce que nous ne savons. Interrogez-le lui-même, il a de lâge, il parlera de ce qui le concerne."
JHN.9.22,"Babalaka bea tine badaka na bɔɔ bo bakondji ba bayuda. Na bea, badimanaka bobudjea moto mosusu ta sinagoga odimakabi boo Yesu adi Kilito.","Ses parents dirent cela parce quils craignaient les Juifs; car les Juifs étaient déjà convenus que, si quelquun reconnaissait Jésus pour le Christ, il serait exclu de la synagogue."
JHN.9.23,"Na tina emina baboti ba nde babalaka: «Mohɔdjɔni yo mɛnɛ, adi bosuku abwani bosɔmbedja yo mɛnɛ!».","Cest pourquoi ses parents dirent: Il a de lâge, interrogez-le lui-même."
JHN.9.24,Bapalusai babeaka mbala e babae moto odaka miso mago ko babalaka na nde: «Bala soti ta boso bo Ndjakomba! Ladjebaka boo moto yo adi moto mobe.».,"Les pharisiens appelèrent une seconde fois lhomme qui avait été aveugle, et ils lui dirent: Donne gloire à Dieu; nous savons que cet homme est un pécheur."
JHN.9.25,Abasɔmbedjaka: «Mbi nitadjeba too adi moto mobe kaoko ngasa! Endolo nadjebi oko eka emɔti: Nadaki miso mago ko edɛdi naeni.».,"Il répondit: Sil est un pécheur, je ne sais; je sais une chose, cest que jétais aveugle et que maintenant je vois."
JHN.9.26,Bamohɔdjɔkɔ naikina: «Eokɔi yo nde? Aheledji miso ma wɛ moda nda?».,Ils lui dirent: Que ta-t-il fait? Comment ta-t-il ouvert les yeux?.
JHN.9.27,"Abasɔmbedjaka: «Notɔndeakini ehele, endolo okeitinini. Nabale naikina bo? Ehole ekina ino wapalakani boimea pongono batingami ba nde?».","Il leur répondit: Je vous lai déjà dit, et vous navez pas écouté; pourquoi voulez-vous lentendre encore? Voulez-vous aussi devenir ses disciples?."
JHN.9.28,Bamosingaka ko babalaka na nde: «Wɛ moto odi motingami o nde! Iso lodi batingami ba Mose.,"Ils linjurièrent et dirent: Cest toi qui es son disciple; nous, nous sommes disciples de Moïse."
JHN.9.29,"Ladjebaka Ndjakomba abalaka na Mose; endolo yo, lotadjebaka dɔngɔ i dongi yo!».","Nous savons que Dieu a parlé à Moïse; mais celui-ci, nous ne savons doù il est."
JHN.9.30,"Moto omina asɔmbedjaka: «Endja modjɔ mo bokamoa: otadjebakani dɔngɔ i dongi yo, enakobea adipoi miso ma mbi!.",Cet homme leur répondit: Il est étonnant que vous ne sachiez doù il est; et cependant il ma ouvert les yeux.
JHN.9.31,"Ladjebaka boo Ndjakomba tasɔmbedje bato babe, endolo Ndjakomba akasɔmbedje moto mosusu okamosume ko okakɔe bolulea bo nde .","Nous savons que Dieu nexauce point les pécheurs; mais, si quelquun lhonore et fait sa volonté, cest celui là quil exauce."
JHN.9.32,Lokakini bobala isolo i moto aheledji moto o miso mago donga ehele ta botama bo nde.,Jamais on na entendu dire que quelquun ait ouvert les yeux dun aveugle-né.
JHN.9.33,"Esedabo moto omina adonga adi Ndjakomba, abwaniti akɔe bea.».",": Si cet homme ne venait pas de Dieu, il ne pourrait rien faire."
JHN.9.34,Bamosɔmbedjaka: «Wɛ obotama bosusu ta bobe ko wapalaka ololake?» Ko bamobenganaka sokolu .,"Ils lui répondirent: Tu es né tout entier dans le péché, et tu nous enseignes! Et ils le chassèrent."
JHN.9.35,"Ehole eokaka Yesu boo babenganaka moto omina, asakanaka na nde ko amohɔdjɔkɔ: «Okadime Mwana o Moto?».","Jésus apprit quils lavaient chassé; et, layant rencontré, il lui dit: Crois-tu au Fils de Dieu?."
JHN.9.36,"Asɔmbedjaka: «Kumu, tɔndeani adi nda, bɛngi na modime!».","Il répondit: Et qui est-il, Seigneur, afin que je croie en lui?."
JHN.9.37,"Yesu abalaka na nde: «Wamoenɛkɛ, yona obali na wɛ edɛdi.».","Tu las vu, lui dit Jésus, et celui qui te parle, cest lui."
JHN.9.38,"Na bea moto omina abalaka: «Kumu, nadimi!» Ko akwaka magbundɔ ta boso bo Yesu.","Et il dit: Je crois, Seigneur. Et il se prosterna devant lui."
JHN.9.39,Na bea Yesu abalaka: «Nadoi ta ngondo ye tine botikoanedja bokɔɔme: tine boo bato ibagwa miso baenɛ ko ibia baenɛkɛ baime bato ba miso mago.».,"Puis Jésus dit: Je suis venu dans ce monde pour un jugement, pour que ceux qui ne voient point voient, et que ceux qui voient deviennent aveugles."
JHN.9.40,Ekenge e bapalusai ibadaka mbuti na nde baokaka mibalo mimina ko bamohɔdjɔkɔ: «Wapalaka bobala boo iso lodi bato bagwa miso?».,"Quelques pharisiens qui étaient avec lui, ayant entendu ces paroles, lui dirent: Nous aussi, sommes-nous aveugles?."
JHN.9.41,"Yesu abasɔmbedjaka: «Akɔki no dani bato ibagwa miso, okɔkitini daani na lindo. Endolo elenge abali no: Loenɛkɛ, e bali boo odikini na lindo e bino.».","Jésus leur répondit: Si vous étiez aveugles, vous nauriez pas de péché. Mais maintenant vous dites: Nous voyons. Cest pour cela que votre péché subsiste."
JHN.10.1,"Yesu abalaka: «Okobea, nabali na nu, edi soti: moto yona adake pɛ bokwea ta ekukɛ e ikutu i bhata, endolo akwei ta polo ekina, moto omina adi moibi ko mobedji.","En vérité, en vérité, je vous le dis, celui qui nentre pas par la porte dans la bergerie, mais qui y monte par ailleurs, est un voleur et un brigand."
JHN.10.2,Endolo yona okakwee ta ekukɛ adi mobanei o bhata.,Mais celui qui entre par la porte est le berger des brebis.
JHN.10.3,Mobanei akadipoe ekukɛ e ikutu ko bhata ikoke moholi mo nde. Akabe bhata ba nde na kombe ko akakɛ na yu sokolu.,"Le portier lui ouvre, et les brebis entendent sa voix; il appelle par leur nom les brebis qui lui appartiennent, et il les conduit dehors."
JHN.10.4,"Ehole ebaimedji yo basusu sokolu, akadale boso bo yu ko bhata ikamokimane, tine boo ikadjebe moholi mo nde.","Lorsquil a fait sortir toutes ses propres brebis, il marche devant elles; et les brebis le suivent, parce quelles connaissent sa voix."
JHN.10.5,"Endolo ibwaniti bokimana moto okina; enakobea ibwani botia bohali moto okina omina, tine boo teidjebake moholi mo nde.».","Elles ne suivront point un étranger; mais elles fuiront loin de lui, parce quelles ne connaissent pas la voix des étrangers."
JHN.10.6,"Yesu abatɔndeaka isɛ dia, endolo bato ibamohokamedjaka baisipoaka meako mipalaka yo bobala.","Jésus leur dit cette parabole, mais ils ne comprirent pas de quoi il leur parlait."
JHN.10.7,"Yesu abalaka naikina: «Okobea, nabali na nu: edi soti: Mbi nadi ekukɛ e bhata.","Jésus leur dit encore: En vérité, en vérité, je vous le dis, je suis la porte des brebis."
JHN.10.8,"Bato basusu ibaduaka boso bo mbi, badi baubi ko babedji; endolo bhata baibokaka.",Tous ceux qui sont venus avant moi sont des voleurs et des brigands; mais les brebis ne les ont point écoutés.
JHN.10.9,"Mbi nadi ekukɛ. Iyona onɔbi na ndjea e mbi, ahelabi; abwani bokwea ko boima, adiabi mia.","Je suis la porte. Si quelquun entre par moi, il sera sauvé; il entrera et il sortira, et il trouvera des pâturages."
JHN.10.10,"Moibi akadue oko tine boiba, bowa ko bobedja. Mbi, nadoi tine bato badihe bomɔ ko na bonɔke.","Le voleur ne vient que pour dérober, égorger et détruire; moi, je suis venu afin que les brebis aient la vie, et quelles soient dans labondance."
JHN.10.11,Mbi nadi mobanei mopele o bhata. Mobanei mopele o bhata akapɛ mohelo mo nde tine bhata ba nde.,Je suis le bon berger. Le bon berger donne sa vie pour ses brebis.
JHN.10.12,"Mobanei okasale oko tine palanga, aditi moswa bhata. Akasundole bhata ko akatie ehole eni yo swa; na bea swa esasabi diko i bhata ko enanganedji bwela bomina.","Mais le mercenaire, qui nest pas le berger, et à qui nappartiennent pas les brebis, voit venir le loup, abandonne les brebis, et prend la fuite; et le loup les ravit et les disperse."
JHN.10.13,Endja meako mikakɔme tina e moto okasale oko tine palanga ko aditi na ndjokwa na bhata.,"Le mercenaire senfuit, parce quil est mercenaire, et quil ne se met point en peine des brebis. Je suis le bon berger."
JHN.10.14,Mbi nadi mobanei mopele. Nakadjebe bhata ba mbi ko bhata ba mbi bakadjebeni pongono.,"Je connais mes brebis, et elles me connaissent."
JHN.10.15,"oko elenge Sesa akadjebeni, mbi pongono nakamodjebe . Nakapɛ bomɔ bo mbi tine bhata ba mbi.",comme le Père me connaît et comme je connais le Père; et je donne ma vie pour mes brebis.
JHN.10.16,Nadi pongono na bhata bakina baditi ba ikutu idi. Natungi pongono bobadaledja; baokakabi moholi mo mbi ko baimeabi bwela bomɔti na mobanei omɔti.,"Jai encore dautres brebis, qui ne sont pas de cette bergerie; celles-là, il faut que je les amène; elles entendront ma voix, et il y aura un seul troupeau, un seul berger."
JHN.10.17,"Sange e mbi akapaleni tine nakapɛ mohelo mo mbi, tine na mobolodjabi naikina.","Le Père maime, parce que je donne ma vie, afin de la reprendre."
JHN.10.18,Moto abwaniti bokatoani mohelo; endolo nakamopɛ na bopala bo mbi mɛnɛ. Nadi na kpatsi e bomopa ko bomodia naikina. Yena ebwani na mobeko mopani Sesa.».,"Personne ne me lôte, mais je la donne de moi-même; jai le pouvoir de la donner, et jai le pouvoir de la reprendre: tel est lordre que jai reçu de mon Père."
JHN.10.19,Bayuda basakabanaka naikina tina e mobalo momina.,"Il y eut de nouveau, à cause de ces paroles, division parmi les Juifs."
JHN.10.20,Banɛnɛ ta tei e bobo babalaka: «Moto yo adi na mwembo mobe! Adi na pupulɔ! Tina ndani wamohokamedjakani?».,"Plusieurs dentre eux disaient: Il a un démon, il est fou; pourquoi lécoutez-vous?."
JHN.10.21,Bakina babalaka: «Moto o mwembo mobe aboaniti boimedja mibalo mi! Mwembo mobe aboani boheledja bato i bagwa miso?».,Dautres disaient: Ce ne sont pas les paroles dun démoniaque; un démon peut-il ouvrir les yeux des aveugles?.
JHN.10.22,Edaka ta ehole e piyɔ ko basepaka tɛkɛ e bodjongoa tepelo ta Yelusalɛmɛ .,On célébrait à Jérusalem la fête de la Dédicace. Cétait lhiver.
JHN.10.23,"Yesu adaka boeteta ta tepelo, na se e mbalasani e Salomo.","Et Jésus se promenait dans le temple, sous le portique de Salomon."
JHN.10.24,"Na bea Bayuda baputoanaka mbuti na nde ko babalaka: «Mbunoko ehole ndani walokinaka milema minanganake? Okada Kilito, lobalea bohu!».","Les Juifs lentourèrent, et lui dirent: Jusques à quand tiendras-tu notre esprit en suspens? Si tu es le Christ, dis-le nous franchement."
JHN.10.25,"Yesu abasɔmbedjaka: «Nobaleini ehele, endolo otadimakani. Misala makɔkɔ mbi ta kombe e Sange e mbi mapaka tati tina e mbi.","Jésus leur répondit: Je vous lai dit, et vous ne croyez pas. Les œuvres que je fais au nom de mon Père rendent témoignage de moi."
JHN.10.26,"Endolo otadimakani, tine boo oditini ta bwela bo bhata ba mbi.","Mais vous ne croyez pas, parce que vous nêtes pas de mes brebis."
JHN.10.27,Bhata ba mbi bakoke moholi mo mbi; nakabadjebe ko ibo bakakimaneni.,"Mes brebis entendent ma voix; je les connais, et elles me suivent."
JHN.10.28,"Nabapa mohelo mo seko na seko, babungetebi nongo ko moto abakatoetebi ta ebɔ e mbi.","Je leur donne la vie éternelle; et elles ne périront jamais, et personne ne les ravira de ma main."
JHN.10.29,"Yena epani Sesa, enɔi losusu na bonɛnɛ ko pɛ moto obwani boekatoani ta ebɔ e Sesa.","Mon Père, qui me les a données, est plus grand que tous; et personne ne peut les ravir de la main de mon Père."
JHN.10.30,"Mbi na Sesa, lodi omɔti.».",Moi et le Père nous sommes un.
JHN.10.31,Bayuda bandoaka naikina mabanga bɛngi bamolɛ .,Alors les Juifs prirent de nouveau des pierres pour le lapider.
JHN.10.32,Na bea Yesu abalaka na bu: «Noinedjini misala minɛnɛ mipele na ngulu e Sange e mbi. Na bea wapalakani bowanini na mabanga tina e misala mimina?».,Jésus leur dit: Je vous ai fait voir plusieurs bonnes œuvres venant de mon Père: pour laquelle me lapidez-vous?.
JHN.10.33,"Bayuda bamosɔmbedjaka: «Lotapalaka bowa na mabanga tine mosala mopele, endolo tine wasingaka Ndjakomba: odi oko moto endolo wapalaka bosimedja Ndjakomba!».","Les Juifs lui répondirent: Ce nest point pour une bonne œuvre que nous te lapidons, mais pour un blasphème, et parce que toi, qui es un homme, tu te fais Dieu."
JHN.10.34,Yesu abasɔmbedjaka: «Ekomama ta mobeko mo bino: Ndjakomba abali: Odini ba ndjakomba.,Jésus leur répondit: Nest-il pas écrit dans votre loi: Jai dit: Vous êtes des dieux?.
JHN.10.35,"Lodjebi bo lobwaniti bodongedja eka edimami ta ikomi. Enakobea, Ndjakomba abalaka na bato ko aimeaka bobabea ba ndjakomba.","Si elle a appelé dieux ceux à qui la parole de Dieu a été adressée, et si lÉcriture ne peut être anéantie."
JHN.10.36,Na bea Sange e mbi ahɔni ko alomani ta ngondo. Tina ndani wabalakani boo nasingaka Ndjakomba tine nabali nadi Mwana o Ndjakomba?.,"celui que le Père a sanctifié et envoyé dans le monde, vous lui dites: Tu blasphèmes! Et cela parce que jai dit: Je suis le Fils de Dieu."
JHN.10.37,"Namitikɔ misala mi Sange e mbi, pɛ bodimeanini!.","Si je ne fais pas les œuvres de mon Père, ne me croyez pas."
JHN.10.38,"Endolo nakamikɔ, nongo okalonani bodimeani; dimeanini nongo na misala mimina, bɛngi odjebeni ko osipoeni boo Sesa adi na mbi ko mbi nadi Sesa.».","Mais si je les fais, quand même vous ne me croyez point, croyez à ces œuvres, afin que vous sachiez et reconnaissiez que le Père est en moi et que je suis dans le Père."
JHN.10.39,"Bahombaka naikina ndjea e bomopea, endolo asomɔnodja na bu.","Là-dessus, ils cherchèrent encore à le saisir, mais il séchappa de leurs mains."
JHN.10.40,"Yesu akɛkɛ naikina ta dɔngɔ i duwa, e Yolodane ta polo ebangaka Yoane boina boso , ko yo adikaka.","Jésus sen alla de nouveau au-delà du Jourdain, dans le lieu où Jean avait dabord baptisé. Et il y demeura."
JHN.10.41,"Emumu e bato baduaka adi yo. Babalaka: « Yoane aikɔ nongo embete emɔti e bokamoa, endolo meako misusu mibalaka yo tina e moto omina midaka soti.».","Beaucoup de gens vinrent à lui, et ils disaient: Jean na fait aucun miracle; mais tout ce que Jean a dit de cet homme était vrai."
JHN.10.42,"Na bea, bato banɛnɛ badimeaka Yesu.","Et, dans ce lieu-là, plusieurs crurent en lui."
JHN.11.1,"Moto omɔti na kombe e Ladjalo apekaka. Adaka moto o ngando e Betania, ngando edaka Malia ngɛnɛ e nde mwali na Malata.","Il y avait un homme malade, Lazare, de Béthanie, village de Marie et de Marthe, sa sœur."
JHN.11.2,Malia adaka mwali yona osopeaka Kumu mosoloa moso e itindi ta mako ko ahakoaka na swe i nde. Adaka pongono ngɛnɛ e Ladjalo yona opekaka.,"Cétait cette Marie qui oignit de parfum le Seigneur et qui lui essuya les pieds avec ses cheveux, et cétait son frère Lazare qui était malade."
JHN.11.3,"Bangɛnɛ ba Ladjalo balomaka moto akatɔndea Yesu: «Kumu, mopalani o wɛ adi na epeko.».","Les sœurs envoyèrent dire à Jésus: Seigneur, voici, celui que tu aimes est malade."
JHN.11.4,"Ehole eokaka Yesu gala emina, abalaka: «Epeko e Ladjalo etamolomake ta bogwa; edi bɛngi einedje ekumu e Ndjakomba ko ta boinedja pongono ekumu e Mwana o Ndjakomba.».","Après avoir entendu cela, Jésus dit: Cette maladie nest point à la mort; mais elle est pour la gloire de Dieu, afin que le Fils de Dieu soit glorifié par elle."
JHN.11.5,"Yesu apalaka Malata ko ngɛnɛ e nde Malia, na pongono Ladjalo.","Or, Jésus aimait Marthe, et sa sœur, et Lazare."
JHN.11.6,"Ehole eokaka yo Ladjalo apeka, ayeyoaka naikina masu mabae ta polo edaka yo.","Lors donc quil eut appris que Lazare était malade, il resta deux jours encore dans le lieu où il était."
JHN.11.7,Ngɔngɔ abalaka na batingami ba nde: «Losɔmbeni ta ngando e Yuda.».,et il dit ensuite aux disciples: Retournons en Judée.
JHN.11.8,"Batingami bamosɔmbedjaka: «Labi, ekɔiti baasu bakondji ba bayuda bahombaki bowoe na mabanga ko wapalaka osɔmbe naikina oho?».","Les disciples lui dirent: Rabbi, les Juifs tout récemment cherchaient à te lapider, et tu retournes en Judée!."
JHN.11.9,"Yesu abasɔmbedjaka: «Busa bomɔti bodi na ngonga domi na ibae, editi bea? Ekada moto adali na moi, atakwa, tine boo aenɛkɛ bohu bo ngondo.","Jésus répondit: Ny a-t-il pas douze heures au jour? Si quelquun marche pendant le jour, il ne bronche point, parce quil voit la lumière de ce monde;."
JHN.11.10,"Endolo moto akadala na bulu, abwani bokwa tine boo bohu boditi adi yo.».","mais, si quelquun marche pendant la nuit, il bronche, parce que la lumière nest pas en lui."
JHN.11.11,"Ngɔngɔ i bobala bea, Yesu abalaka naikina: «Mopalani o biso Ladjalo ahwɛli, endolo nakɛi amosisodja.».","Après ces paroles, il leur dit: Lazare, notre ami, dort; mais je vais le réveiller."
JHN.11.12,"Batingami basɔmbedjaka: «Kumu, ahwɛli, ahelake.».","Les disciples lui dirent: Seigneur, sil dort, il sera guéri."
JHN.11.13,"Ta soti Yesu abalaka tine bogwa bo Ladjalo, enakobea batingami balɛdjɛkɛ boo Yesu abalaka tine hiyɔ ikahwɛe so.","Jésus avait parlé de sa mort, mais ils crurent quil parlait de lassoupissement du sommeil."
JHN.11.14,Yesu abalaka na bu bohu: «Ladjalo agwi.,Alors Jésus leur dit ouvertement: Lazare est mort.
JHN.11.15,"Nadi nasepi tine nadakiti oho, bɛngi odimenini. Endolo lokɛni adi yo.».","Et, à cause de vous, afin que vous croyiez, je me réjouis de ce que je nétais pas là. Mais allons vers lui."
JHN.11.16,"Na bea Toma obeakabo ipasa abalaka na batingami bakina: «Lokɛni, lokagwa na nde engbanga!».","Sur quoi Thomas, appelé Didyme, dit aux autres disciples: Allons aussi, afin de mourir avec lui."
JHN.11.17,"Ehole eimeaka Yesu, aokaka boo bapusei Ladjalo ko akɔi masu manɛi ta ikila.","Jésus, étant arrivé, trouva que Lazare était déjà depuis quatre jours dans le sépulcre."
JHN.11.18,"Ngando e Betania edaka mbuti na Yelusalɛmɛ, bohali bo kilomɛtɛlɛ mbuti na isato.","Et, comme Béthanie était près de Jérusalem, à quinze stades environ."
JHN.11.19,ko bayuda banɛnɛ baduaka adi Malata na Malia tine bobagɔmbedja milema ta tina e bogwa bo mwange e bobo.,"beaucoup de Juifs étaient venus vers Marthe et Marie, pour les consoler de la mort de leur frère."
JHN.11.20,"Ehole eokaka Malata boo Yesu adalake, akɛkɛ bosakana na nde; enakobea Malia adikaka ta ndako.","Lorsque Marthe apprit que Jésus arrivait, elle alla au-devant de lui, tandis que Marie se tenait assise à la maison."
JHN.11.21,"Malata abalaka na Yesu: «Kumu, osoda ya, ka ngɛnɛ mbi agwiti.","Marthe dit à Jésus: Seigneur, si tu eusses été ici, mon frère ne serait pas mort."
JHN.11.22,Endolo nadjebi edɛdi mɛnɛ boo Ndjakomba aopake losusu lahɔdjɔke wɛ.».,"Mais, maintenant même, je sais que tout ce que tu demanderas à Dieu, Dieu te laccordera."
JHN.11.23,Yesu abalaka na nde: «Mwange e wɛ asisoake ta bogwa.».,Jésus lui dit: Ton frère ressuscitera.
JHN.11.24,Malata asɔmbedjaka: «Nadjebaka boo asisoabi ehole esisoabi bago ta isu i suka .».,"Je sais, lui répondit Marthe, quil ressuscitera à la résurrection, au dernier jour."
JHN.11.25,"Yesu abalaka na nde naikina: «Mbi nadi bopusoa ko bɔmɔ. Moto yona odimeakeni adake na mohelo, nongo akagwa.","Jésus lui dit: Je suis la résurrection et la vie. Celui qui croit en moi vivra, quand même il serait mort;."
JHN.11.26,"Na bea moto yona odi mɔ ko akadimeani, agwɛtebi. Odimi bea?».",et quiconque vit et croit en moi ne mourra jamais. Crois-tu cela?.
JHN.11.27,"Asɔmbedjaka: «Okobea, Kumu, nadimi boo odi Kilito Mwana o Ndjakomba, yona odaka bodua ta ngondo.».","Elle lui dit: Oui, Seigneur, je crois que tu es le Christ, le Fils de Dieu, qui devait venir dans le monde."
JHN.11.28,"Ngɔngɔ i bobala bea, akɛkɛ. Na bea abeaka Malia ngɛnɛ e nde ko abalaka na nde na popoli: «Molehi adi ya ko aobeaka.».","Ayant ainsi parlé, elle sen alla. Puis elle appela secrètement Marie, sa sœur, et lui dit: Le maître est ici, et il te demande."
JHN.11.29,"Aoka Malia bea, angɔ pɛpɛlɛ ko akɛ adi Yesu.","Dès que Marie eut entendu, elle se leva promptement, et alla vers lui."
JHN.11.30,"Enakobea, Yesu aipakakwea ta ngando, endolo edaka oko ta polo esakanaka yo na Malata.","Car Jésus nétait pas encore entré dans le village, mais il était dans le lieu où Marthe lavait rencontré."
JHN.11.31,"Ehole edaka bayuda na Malia ta ndako tine bomogɔmbedja, bamoenɛkɛ angɔi ko aimaka pɛpɛlɛ, bamokimanaka; tengasa balɛdjɛkɛ boo akɛi ta ikila tine boeya.","Les Juifs qui étaient avec Marie dans la maison et qui la consolaient, layant vue se lever promptement et sortir, la suivirent, disant: Elle va au sépulcre, pour y pleurer."
JHN.11.32,"Malia aimeaka ta polo edaka Yesu; ehole enɛkɛ yo Yesu, akwaka ta mako ma nde ko abalaka na nde: «Kumu, osoda ya, ka ngɛnɛ e mbi agwiti.».","Lorsque Marie fut arrivée là où était Jésus, et quelle le vit, elle tomba à ses pieds, et lui dit: Seigneur, si tu eusses été ici, mon frère ne serait pas mort."
JHN.11.33,"Ehole emoenɛkɛ Yesu boeya, engbanga na bayuda bia ibadaka na nde, Yesu aimeaka na ndjokwa ko asatungeaka ta molema.","Jésus, la voyant pleurer, elle et les Juifs qui étaient venus avec elle, frémit en son esprit, et fut tout ému."
JHN.11.34,"ko abahɔdjɔkɔ: «Amopuseino djɔ?» Bamosɔmbedjaka: «Kumu, duwa aendje.».","Et il dit: Où lavez-vous mis? Seigneur, lui répondirent-ils, viens et vois."
JHN.11.35,Yesu aeya.,Jésus pleura.
JHN.11.36,Na bea bayuda babalaka: «Endja moda momopalaki yo!».,Sur quoi les Juifs dirent: Voyez comme il laimait.
JHN.11.37,"Endolo bato bakina ta tei e bobo babalaka: «Yo aheledja miso ma bato ibagwa miso , abwanakiti bokɔ boo Ladjalo adae pɛ bogwa?».","Et quelques-uns dentre eux dirent: Lui qui a ouvert les yeux de laveugle, ne pouvait-il pas faire aussi que cet homme ne mourût point?."
JHN.11.38,"Yesu alumaka na ndjokwa mɛnɛ, akɛkɛ ta ikila. Ikila imina idaka ibanga inɛnɛ itɔmɔkɔ ipose, ko idipamaka ta monɔkɔ na ibanga.","Jésus frémissant de nouveau en lui-même, se rendit au sépulcre. Cétait une grotte, et une pierre était placée devant."
JHN.11.39,"Yesu abalaka: «Dongedjani ibanga di.» Malata, ngɛnɛ e mowei, abalaka na nde: «Kumu, abwani bokɔso; tengasa enɔi ehele masu manɛi donga amopusei so.».","Jésus dit: Otez la pierre. Marthe, la sœur du mort, lui dit: Seigneur, il sent déjà, car il y a quatre jours quil est là."
JHN.11.40,Yesu amosɔmbedjaka: «Nabalakiti na wɛ boo okadima wenɛke ekumu e Ndjakomba?».,": Jésus lui dit: Ne tai-je pas dit que, si tu crois, tu verras la gloire de Dieu?."
JHN.11.41,"Badongedjaka ibanga. Yesu angɔdjɔkɔ miso ta busa ko abalaka: «Sesa, naopi misakowa na moda mosɔmbedjini wɛ.","Ils ôtèrent donc la pierre. Et Jésus leva les yeux en haut, et dit: Père, je te rends grâces de ce que tu mas exaucé."
JHN.11.42,"Nadjebi boo okasɔmbedjeni seko, endolo nabali tine bato ibi bahikini, bɛngi badime boo wɛ olomini.».","Pour moi, je savais que tu mexauces toujours; mais jai parlé à cause de la foule qui mentoure, afin quils croient que cest toi qui mas envoyé."
JHN.11.43,"Ngɔngɔ i bobala bea, agamaka na ngulu: «Ladjalo, ima!».","Ayant dit cela, il cria dune voix forte: Lazare, sors!."
JHN.11.44,"Mowei aimaka, mɔmɔ na mako manangake na yale esendja boso bohuamake na esendja. Yesu abalaka: «Molodjani ko mokinani akɛ.».","Et le mort sortit, les pieds et les mains liés de bandes, et le visage enveloppé dun linge. Jésus leur dit: Déliez-le, et laissez-le aller."
JHN.11.45,"Bayuda banɛnɛ ibaduaka adi Malia ko aenɛkɛbo meako imikɔ Yesu, bamodimeaka.","Plusieurs des Juifs qui étaient venus vers Marie, et qui virent ce que fit Jésus, crurent en lui."
JHN.11.46,Endolo bakina ta tei e bobo bakɛkɛ adi bapalusai ko babatɔndeaka meako imikɔ Yesu.,"Mais quelques-uns dentre eux allèrent trouver les pharisiens, et leur dirent ce que Jésus avait fait."
JHN.11.47,Bakondji ba banganga ba Ndjakomba ko na bapalusai babongowanaka ta ibolea inɛnɛ i basuku ba bayuda ko babalaka: «Ebwani so bokɔ nde? Tengasa moto iyo akɔkɔ bimbete bi ngindola binɛnɛ!.,"Alors les principaux sacrificateurs et les pharisiens assemblèrent le sanhédrin, et dirent: Que ferons-nous? Car cet homme fait beaucoup de miracles."
JHN.11.48,"Lokamokina akɔke okobea, bato basusu bamodimeake; na bea bakondji ba Loma baduake abuka tepelo ko na bato ba biso!».","Si nous le laissons faire, tous croiront en lui, et les Romains viendront détruire et notre ville et notre nation."
JHN.11.49,"Omɔti ta tei e bobo, kombe e nde Kaipa, yona odaka nganga monɛnɛ o Ndjakomba ta bianga bia, abalaka na bu: «Otasipoakani eka!.","Lun deux, Caïphe, qui était souverain sacrificateur cette année-là, leur dit: Vous ny entendez rien;."
JHN.11.50,Otasipoakani edi bopele boo moto omɔti agwɛ tine bato basusu ko ekomi esusu edae pɛ bobeha?».,"vous ne réfléchissez pas quil est dans votre intérêt quun seul homme meure pour le peuple, et que la nation entière ne périsse pas."
JHN.11.51,"Enakobea, aibalaka meako midongaka ta malɛno ma nde yo mɛnɛ; endolo elenge adaka yo nganga monɛnɛ o Ndjakomba ta yanga yena, atɛlɛkɛ boo Yesu agwake tine ekomi e bayuda.","Or, il ne dit pas cela de lui-même; mais étant souverain sacrificateur cette année-là, il prophétisa que Jésus devait mourir pour la nation."
JHN.11.52,"eidaka nongo tine ekomi e bayuda, endolo pongono tine bobaimedja ekomi emɔti bana basusu ba Ndjakomba ibananganaka ta ngando isusu.",Et ce nétait pas pour la nation seulement; cétait aussi afin de réunir en un seul corps les enfants de Dieu dispersés.
JHN.11.53,"Donga ta masu mia, bakondji ba bayuda badimanaka bowa Yesu.","Dès ce jour, ils résolurent de le faire mourir."
JHN.11.54,"Na tina emina Yesu aidalaka naikina ta bhuda ta tei e bayuda. Akɛkɛ ta ngando emɔti mbuti na etengelenge, ta ngando ebeaka bo Epalaima , adikamaka oho yo na batingami ba nde.","Cest pourquoi Jésus ne se montra plus ouvertement parmi les Juifs; mais il se retira dans la contrée voisine du désert, dans une ville appelée Éphraïm; et là il demeurait avec ses disciples."
JHN.11.55,Tɛkɛ e Pasika e bayuda ebatamaka ko bato bakɛkɛ ta ngando e Yelusalɛmɛ tine bosasɛnodja boso bo tɛkɛ.,"La Pâque des Juifs était proche. Et beaucoup de gens du pays montèrent à Jérusalem avant la Pâque, pour se purifier."
JHN.11.56,Badaka bohomba Yesu ko basabaleanaka ta tepelo: «Olɛdjini bo? Aduake ta tɛkɛ kaoko ngasa?».,"Ils cherchaient Jésus, et ils se disaient les uns aux autres dans le temple: Que vous en semble? Ne viendra-t-il pas à la fête?."
JHN.11.57,"Enakobea bakondji ba banganga Ndjakomba ko na bapalusai bapaka mobeko bomoto akadjeba polo edi Yesu, abatɔnde, bɛngi bamopee.","Or, les principaux sacrificateurs et les pharisiens avaient donné lordre que, si quelquun savait où il était, il le déclarât, afin quon se saisît de lui."
JHN.12.1,"Masu masamano boso bo tɛkɛ e Pasika, Yesu akɛkɛ ta ngando e Betania , ta polo edaka Ladjalo, moto opusoa yo ta tei e bago.","Six jours avant la Pâque, Jésus arriva à Béthanie, où était Lazare, quil avait ressuscité des morts."
JHN.12.2,"Oho, ayaka mia ma mokɔmedjaka na Malata. Ladjalo adaka omɔti odaka ena ta mesa eyaka Yesu.","Là, on lui fit un souper; Marthe servait, et Lazare était un de ceux qui se trouvaient à table avec lui."
JHN.12.3,"Na bea Malia atombaka molangi i modaka na ekenge e mosoloa moso e itindi, molumake na motuya monɛnɛ imokɔmɔkɔ na mole mokabebo nale. Amosuwoaka mosoloa momina ta mako, ngɔngɔ ahakoaka mako ma Yesu na swɛ i nde. Ndako esusu elumaka na so eitindi e mosoloa momina.","Marie, ayant pris une livre dun parfum de nard pur de grand prix, oignit les pieds de Jésus, et elle lui essuya les pieds avec ses cheveux; et la maison fut remplie de lodeur du parfum."
JHN.12.4,"Omɔti o batingami ba Yesu, Yudasi Isikaliota, yona wamokabake, abalaka:.","Un de ses disciples, Judas Iscariot, fils de Simon, celui qui devait le livrer, dit:."
JHN.12.5,"«Tina ndani otɛkitini mosoloa momina na mikama misato mi palanga , tine bopa na batakeli?».","Pourquoi na-t-on pas vendu ce parfum trois cents deniers, pour les donner aux pauvres?."
JHN.12.6,"Aibalaka bea te tine aokeaka batakeli pɛhɛ, endolo tine adaka moubi. Elenge adaka yo mobanei o tɔmbi e iputo, adaka aiba palanga.","Il disait cela, non quil se mît en peine des pauvres, mais parce quil était voleur, et que, tenant la bourse, il prenait ce quon y mettait."
JHN.12.7,Endolo Yesu abalaka: «Mokinani bogo! Akɔi bea tine busa bopuseabinibo.,Mais Jésus dit: Laisse-la garder ce parfum pour le jour de ma sépulture.
JHN.12.8,"Odabini seko na batakeli, endolo otadabini na mbi seko.».","Vous avez toujours les pauvres avec vous, mais vous ne mavez pas toujours."
JHN.12.9,"Emumu e bayuda baokaka gala boo Yesu adaka ta Betania. Baikɛkɛ oto ta tine Yesu, endolo pongono tina e boendja Ladjalo yona osisodjaka Yesu ta ndanda e bago.","Une grande multitude de Juifs apprirent que Jésus était à Béthanie; et ils y vinrent, non pas seulement à cause de lui, mais aussi pour voir Lazare, quil avait ressuscité des morts."
JHN.12.10,Bakumu ba banganga ba Ndjakomba badimanaka pongono bowa Ladjalo.,Les principaux sacrificateurs délibérèrent de faire mourir aussi Lazare.
JHN.12.11,tine bayuda banɛnɛ babatiaka ta tina e nde ko badimeaka Yesu.,"parce que beaucoup de Juifs se retiraient deux à cause de lui, et croyaient en Jésus."
JHN.12.12,"Ngɔngɔ i isu imɔti, emumu e bato ekɛkɛ ta tɛkɛ e Pasika, baokaka boo Yesu adaka bokɛ ta Yelusalɛmɛ.","Le lendemain, une foule nombreuse de gens venus à la fête ayant entendu dire que Jésus se rendait à Jérusalem."
JHN.12.13,Na bea bato ibadaka boso bo yesu batombaka maango ma mabiya ko baimaka ta ngando enɛnɛ bɛngi bakasakana na nde. Badaka bogama: «Ekumu adi Ndjakomba! Kina boo Ndjakomba adjongoe yona aduake na kombe e Mokondji! Kina boo Ndjakomba andjongoe Kumu o Isalɛlɛ !».,"prirent des branches de palmiers, et allèrent au-devant de lui, en criant: Hosanna! Béni soit celui qui vient au nom du Seigneur, le roi dIsraël!."
JHN.12.14,"Yesu atombaka mwana o ane ko abakamaka diko i yu, elenge abalaka ikomi:.","Jésus trouva un ânon, et sassit dessus, selon ce qui est écrit:."
JHN.12.15,"«Pɛ bobanga, ngando enɛnɛ e Siona! Endja, Mokondji o wɛ adoi, Adi ta diko i mwana o ane .».","Ne crains point, fille de Sion; Voici, ton roi vient, Assis sur le petit dune ânesse."
JHN.12.16,"Boso mɛnɛ, batingami ba nde baisipoaka meako mimina; endolo ehole angɔndjɔmɔkɔ Yesu ta ekumu, balɛdjɛkɛ ikomi ibalamaka ta tina e nde ko meako mibalaka yo.","Ses disciples ne comprirent pas dabord ces choses; mais, lorsque Jésus eut été glorifié, ils se souvinrent quelles étaient écrites de lui, et quils les avaient accomplies à son égard."
JHN.12.17,"Bato basusu badaka engbanga na Yesu ta ehole ebeaka yo na Ladjalo ta ikila ko amosisodjaka ta tei e bago, badaka botɔndɔ gala e meako mienɛkɛbo.","Tous ceux qui étaient avec Jésus, quand il appela Lazare du sépulcre et le ressuscita des morts, lui rendaient témoignage;."
JHN.12.18,Na tina emina emumu e bato baduaka bosakana na nde tine baokaka gala e bimbete bi ngindola bikɔkɔ yo.,"et la foule vint au-devant de lui, parce quelle avait appris quil avait fait ce miracle."
JHN.12.19,"Bapalusai basabaleanaka: «Wɛnɛkɛni, otakɔni naikina eka, tengasa bato basusu bamokimanaka!».","Les pharisiens se dirent donc les uns aux autres: Vous voyez que vous ne gagnez rien; voici, le monde est allé après lui."
JHN.12.20,"Enakobea, edaka pongono na ekenge e Bagɛlɛki ibakɛkɛ ta Yelusalɛmɛ tine bokumedja Ndjakomba ta ehole e tɛkɛ.","Quelques Grecs, du nombre de ceux qui étaient montés pour adorer pendant la fête."
JHN.12.21,"Babatamaka na Pilipo, yona odaka moto o ngando e Betesaida ta Galilea, ko bamohɔdjɔkɔ: «Tata, lapalaka loenɛ Yesu.».","sadressèrent à Philippe, de Bethsaïda en Galilée, et lui dirent avec instance: Seigneur, nous voudrions voir Jésus."
JHN.12.22,"Na bea Pilipo akɛkɛ atɔndea Andele, ibea bo babae bakɛkɛ bobala na Yesu meako mimina.","Philippe alla le dire à André, puis André et Philippe le dirent à Jésus."
JHN.12.23,Yesu abasɔmbedjaka: «Ehole ebwani boo Mwana o moto akumedjame.,Jésus leur répondit: Lheure est venue où le Fils de lhomme doit être glorifié.
JHN.12.24,"Okobea, nabali na nu, edi soti: mbuma e bule ekadike oko mbuma emɔti emiti pɔɔ ta kpɔtɔ, etagwa. Endolo ekakwa ta kpɔtɔ, ebotake mbuma inɛnɛ.","En vérité, en vérité, je vous le dis, si le grain de blé qui est tombé en terre ne meurt, il reste seul; mais, sil meurt, il porte beaucoup de fruit."
JHN.12.25,"Iyona apalaka mohelo mo nde, amobungedjake; endolo yona alonaka bosapa ta ngondo ye, amobaneake tine bomɔ bo seko.","Celui qui aime sa vie la perdra, et celui qui hait sa vie dans ce monde la conservera pour la vie éternelle."
JHN.12.26,"Moto akapala bosaleani, akimaneni; na bea mosali o mbi adake pongono ta dɔngɔ idabi mbi ko Sange e mbi akakumedje yona okasaleni.».","Si quelquun me sert, quil me suive; et là où je suis, là aussi sera mon serviteur. Si quelquun me sert, le Père lhonorera."
JHN.12.27,"«Edɛdi mwembo mo mbi molengesani. Ebwani mbi bobala nde? Nabale: Sesa, heledjani ta ehole ye e saya? Enakobea edi mɛnɛ tine ehole ye enɔngi naimei ta ehole ye.","Maintenant mon âme est troublée. Et que dirai-je?… Père, délivre-moi de cette heure?… Mais cest pour cela que je suis venu jusquà cette heure."
JHN.12.28,"Sesa, pa ekumu ta kombe e wɛ!» Na bea kɔpi eokamaka donga ta busa: «Naekumedja ehele ko naekumedjakabi.».","Père, glorifie ton nom! Et une voix vint du ciel: Je lai glorifié, et je le glorifierai encore."
JHN.12.29,"Emumu e bato edaka ena ko baokaka kɔpi, babalaka: «Edi mogamo mo bɛi!» Bakina babalaka: «Obwɛndji abali na nde!».","La foule qui était là, et qui avait entendu, disait que cétait un tonnerre. Dautres disaient: Un ange lui a parlé."
JHN.12.30,"Endolo Yesu abasɔmbedjaka: «Editi tina e mbi kɔpi emina eokame, endolo edi ta tina e bino.",Jésus dit: Ce nest pas à cause de moi que cette voix sest fait entendre; cest à cause de vous.
JHN.12.31,Edɛdi edi ehole ebwani na ngondo bosambedjama; na bea mokondji o ngondo ye adoi adumbama sokolu.,Maintenant a lieu le jugement de ce monde; maintenant le prince de ce monde sera jeté dehors.
JHN.12.32,"Ko, ehole angɔdjɔmɔbi mbi ta ngondo, natubabi bato basusu adi mbi.».","Et moi, quand jaurai été élevé de la terre, jattirerai tous les hommes à moi."
JHN.12.33,"Na ndjea e mibalo mimina, Yesu ainedjaka modumba mo yogo agwake yo.","En parlant ainsi, il indiquait de quelle mort il devait mourir."
JHN.12.34,Emumu e bato bamosɔmbedjaka: «Iso lokaka ta buku i mibeko mi biso boo Kilito adakabi na bomɔ tina e seko. Moda ndani obwani bobala boo mwana o moto adi boangɔdjɔmɔ? Mwana omina o moto nda?».,La foule lui répondit: Nous avons appris par la loi que le Christ demeure éternellement; comment donc dis-tu: Il faut que le Fils de lhomme soit élevé? Qui est ce Fils de lhomme?.
JHN.12.35,"Yesu abalaka na bu naikina: «Bohu bodi oko ta tei e bino, endolo moo ehole mokɛkɛ. Dalani ehole edi no na bohu, bɛngi boo modidi mosaka ogbundumoani, tengasa yona adalaka ta modidi ta djebe polo akɛkɛ yo.","Jésus leur dit: La lumière est encore pour un peu de temps au milieu de vous. Marchez, pendant que vous avez la lumière, afin que les ténèbres ne vous surprennent point: celui qui marche dans les ténèbres ne sait où il va. :."
JHN.12.36,"Dimeani bohu ehole edi no na bohu, bɛngi oimeni bato ba bohu.» Ngɔngɔ i bobala bea, Yesu akɛkɛ ko abolamaka bohali na bu.","Pendant que vous avez la lumière, croyez en la lumière, afin que vous soyez des enfants de lumière. Jésus dit ces choses, puis il sen alla, et se cacha loin deux."
JHN.12.37,"Nongo akɔkɔ yo bimbete bi ngindola binɛnɛ ta miso ma bobo, baimodimeaka.","Malgré tant de miracles quil avait faits en leur présence, ils ne croyaient pas en lui."
JHN.12.38,"Na bea ekokedjamaka elenge ebalaka mbaeli o Ndjakomba Isaya: «Kumu, odimi bwɛndji bu nda? Kumu aenɛmedji suwea e nde adi nda?».","afin que saccomplît la parole quÉsaïe, le prophète, a prononcée: Seigneur, Qui a cru à notre prédication? Et à qui le bras du Seigneur a-t-il été révélé?."
JHN.12.39,Isaya abalaka pongono tina ndani bato bia baimodimeaka:.,"Aussi ne pouvaient-ils croire, parce quÉsaïe a dit encore:."
JHN.12.40,"«Ndjakomba adipa miso ma bobo, Adipa bowɛi bo bobo bɛngi miso ma bobo masakaenɛ, Bowɛi bo bobo bodae pɛ bosipoama. Endja pongono ta tina ebala Ndjakomba, Milema mi bobo mitasɔmbɔ adi mbi Tine boo nasabaheledja .».","Il a aveuglé leurs yeux; et il a endurci leur cœur, De peur quils ne voient des yeux, Quils ne comprennent du cœur, Quils ne se convertissent, et que je ne les guérisse."
JHN.12.41,Isaya abalaka bea tine anɛkɛ ekumu e Yesu ko abalaka ta tina e nde.,"Ésaïe dit ces choses, lorsquil vit sa gloire, et quil parla de lui."
JHN.12.42,"Na bea, ta tei e bakondji ba bayuda, banɛnɛ ba bobo badimeaka Yesu. Endolo ta bɔɔ bo bapalusai, baimodimeaka ta bohu, basakababudjea ta Sinagoga.","Cependant, même parmi les chefs, plusieurs crurent en lui; mais, à cause des pharisiens, ils nen faisaient pas laveu, dans la crainte dêtre exclus de la synagogue."
JHN.12.43,Tengasa bapalaka ekumu e bato bonɔ e ekumu Ndjakomba.,Car ils aimèrent la gloire des hommes plus que la gloire de Dieu.
JHN.12.44,"Yesu agamaka: «Soti, moto odimeini, adimeiti mbi, endolo adimei yona olomani.","Or, Jésus sétait écrié: Celui qui croit en moi croit, non pas en moi, mais en celui qui ma envoyé;."
JHN.12.45,"Moto yona oenini, aeni yona olomani.",et celui qui me voit voit celui qui ma envoyé.
JHN.12.46,"Mbi, naduaka boda bo bohu bo ngondo, na bea yona odimeini, abwaniti adae ta modidi.",": Je suis venu comme une lumière dans le monde, afin que quiconque croit en moi ne demeure pas dans les ténèbres."
JHN.12.47,"Moto yona okaka mibalo mi mbi ko atamisaka ta mosala, editi mbi moto waesambedjake; tengasa mbi naduaka tine boheledja bato ba ngondo endolo te bobasambedja.","Si quelquun entend mes paroles et ne les garde point, ce nest pas moi qui le juge; car je suis venu non pour juger le monde, mais pour sauver le monde."
JHN.12.48,"Moto adaka pɛ bodimeani ko atadimaka mibalo mi mbi, ataneake mosambedji o nde: edi mibalo mi balaka mbi mimosambedjabi ta isu i suka.","Celui qui me rejette et qui ne reçoit pas mes paroles a son juge; la parole que jai annoncée, cest elle qui le jugera au dernier jour."
JHN.12.49,"Na tina emina, mbi naibalaka na mbi mɛnɛ, endolo Sesa olomani apani yo mɛnɛ mibeko miboanaka na mbi bobala ko boleha.","Car je nai point parlé de moi-même; mais le Père, qui ma envoyé, ma prescrit lui-même ce que je dois dire et annoncer."
JHN.12.50,"Ko nadjebaka: mibeko mikapɛ yo boo lokɔe mikapɛ bomɔ bo seko. Na bea, mibalo mabalaka mbi, namibalaka oko elenge ebala Sesa na mbi.».","Et je sais que son commandement est la vie éternelle. Cest pourquoi les choses que je dis, je les dis comme le Père me les a dites."
JHN.13.1,"Edaka boso bo tɛkɛ e Pasika. Yesu adjebaka boo ehole e nde emei tina e bokina ngondo ye ko bokɛ adi Sange e nde. Yo apalaka bato ba nde ibadaka ta ngondo, ko abainedjaka epaeli egbasoake epɛ suka .","Avant la fête de Pâque, Jésus, sachant que son heure était venue de passer de ce monde au Père, et ayant aimé les siens qui étaient dans le monde, mit le comble à son amour pour eux."
JHN.13.2,"Yesu na batingami ba nde bayaka mia ma mɔmɔkɔ. Djabulu akweaka ehele bopangoa molema mo Yudasi, mwana o Simo Isikaliota, bokaba Yesu.","Pendant le souper, lorsque le diable avait déjà inspiré au cœur de Judas Iscariot, fils de Simon, le dessein de le livrer."
JHN.13.3,Yesu adjebaka bo yo mɛnɛ adongaka adi Ndjakomba ko asɔmbɔke adi Ndjakomba. Adjebaka pongono boo Sesa apaka misusu ta bokondji bo nde.,"Jésus, qui savait que le Père avait remis toutes choses entre ses mains, quil était venu de Dieu, et quil sen allait à Dieu."
JHN.13.4,"Asongɔdjɔkɔ ta mesa, adongedjaka mokoto mo nde, atombi ehakoi ko asadingaka ta bongo bo nde.","se leva de table, ôta ses vêtements, et prit un linge, dont il se ceignit."
JHN.13.5,"Ngɔngɔ, i boisa madiba ta ebaeli ko abangaka bososa mako ma batingami ba nde; ngɔngɔ abahakoaka na ehakoi emina.","Ensuite il versa de leau dans un bassin, et il se mit à laver les pieds des disciples, et à les essuyer avec le linge dont il était ceint."
JHN.13.6,"Ehole eimeaka engbanga e Simo Piɛlɛ, yo abalaka na Yesu: «Kumu, wapalaka ososeni mako!».","Il vint donc à Simon Pierre; et Pierre lui dit: Toi, Seigneur, tu me laves les pieds!."
JHN.13.7,"Yesu amosɔmbedjaka: «Edɛdi odjebiti eka epali mbi bokɔ, endolo wadjebake ngɔngɔ.».","Jésus lui répondit: Ce que je fais, tu ne le comprends pas maintenant, mais tu le comprendras bientôt."
JHN.13.8,"Piɛlɛ abalaka na nde: «Ngasa, otasosakani oto mako!» Yesu amosɔmbedjaka: «Namiti ososa mako, oditi na ibondo ta bodieli bo seko.».","Pierre lui dit: Non, jamais tu ne me laveras les pieds. Jésus lui répondit: Si je ne te lave, tu nauras point de part avec moi."
JHN.13.9,"Simo Piɛlɛ abalaka na nde: «Na bea, Kumu, otasosakani oto mako, endolo sosani pongono mɔmɔ na molo!».","Simon Pierre lui dit: Seigneur, non seulement les pieds, mais encore les mains et la tête."
JHN.13.10,"Yesu abalaka na nde: «Yona osasosi aditi na tina na bosasosa, emiti da oko mako; tengasa asɛnɔi mɛnɛ. Omeini basɛnɔke, endolo editi no basusu.».","Jésus lui dit: Celui qui est lavé na besoin que de se laver les pieds pour être entièrement pur; et vous êtes purs, mais non pas tous."
JHN.13.11,Yesu adjebaka moto yona amokabake; na tina emina abalaka: «Oditini no basusu basɛnɔke.».,Car il connaissait celui qui le livrait; cest pourquoi il dit: Vous nêtes pas tous purs.
JHN.13.12,"Ngɔngɔ ibobasosa bo basusu mako, Yesu alwaka esendja e nde, adaka naikina ta mesa ko abalaka na bu: «Odjebini meako misokɔni mbi?.","Après quil leur eut lavé les pieds, et quil eut pris ses vêtements, il se remit à table, et leur dit: Comprenez-vous ce que je vous ai fait?."
JHN.13.13,"Okabenini Molehi ko Kumu, ko odini na molonga, tengasa nadi mɛnɛ.","Vous mappelez Maître et Seigneur; et vous dites bien, car je le suis."
JHN.13.14,"Ibea ekada mbi, Kumu ko Molehi, nososini mako, ino pongono otungini bosasosani mako.","Si donc je vous ai lavé les pieds, moi, le Seigneur et le Maître, vous devez aussi vous laver les pieds les uns aux autres;."
JHN.13.15,Noinedjini moda mo mbi bɛngi ino pongono okwaneni elenge ekɔini mbi.,"car je vous ai donné un exemple, afin que vous fassiez comme je vous ai fait."
JHN.13.16,"Okobea, notɔndeini, edi soti: mosali ta nɔe mokondji o nde ko molomani ta nɔe yona omolomaka .","En vérité, en vérité, je vous le dis, le serviteur nest pas plus grand que son seigneur, ni lapôtre plus grand que celui qui la envoyé."
JHN.13.17,"Edɛdi odjebini meako mi mina; wadakeni bato basepi, okasaledeani meako mimina.","Si vous savez ces choses, vous êtes heureux, pourvu que vous les pratiquiez."
JHN.13.18,"Natabalaka tina e no basusu; nadjebaka bia ibahɔ mbi. Endolo etungi ikomi i mobalo ikokedjame: Yona ayaka na mbi sani emɔti, aimei moloni o mbi .",Ce nest pas de vous tous que je parle; je connais ceux que jai choisis. Mais il faut que lÉcriture saccomplisse: Celui qui mange avec moi le pain A levé son talon contre moi.
JHN.13.19,"Oko edɛdi nabali na nu, boso bo midjɔ mimina mikɔmee, tine ehole ekɔmɔkemo, dimani boo nadi.","Dès à présent je vous le dis, avant que la chose arrive, afin que, lorsquelle arrivera, vous croyiez à ce que je suis."
JHN.13.20,"Okobea, nabali na nu, edi soti: moto oasɔi yona olomi mbi, asɔini pongono; ko yona oasɔini, asɔi yona olomani.».","En vérité, en vérité, je vous le dis, celui qui reçoit celui que jaurai envoyé me reçoit, et celui qui me reçoit, reçoit celui qui ma envoyé."
JHN.13.21,"Ngɔngɔ i Yesu bobala bea, mwembo mo nde asatungeaka ta tei e molema ko abalaka: «Okobea, nabali na nu, edi soti: Omɔti o bino akabakeni.».","Ayant ainsi parlé, Jésus fut troublé en son esprit, et il dit expressément: En vérité, en vérité, je vous le dis, lun de vous me livrera."
JHN.13.22,Batingami baimeaka bosedjana ko bosahɔdjɔnɔ tine bodjeba moto obalaka yo.,"Les disciples se regardaient les uns les autres, ne sachant de qui il parlait."
JHN.13.23,"Omɔti o batingami, yona opalaka Yesu, adaka mbuti na nde.","Un des disciples, celui que Jésus aimait, était couché sur le sein de Jésus."
JHN.13.24,Simo Piɛlɛ amoniteaka bɛngi ahɔdje Yesu amotɔndee moto yona obalaka tina e nde.,Simon Pierre lui fit signe de demander qui était celui dont parlait Jésus.
JHN.13.25,"Motingami omina aekɛmɛkɛ adi Yesu ko amohɔdjɔkɔ: «Kumu, omina nda?».","Et ce disciple, sétant penché sur la poitrine de Jésus, lui dit: Seigneur, qui est-ce?."
JHN.13.26,"Yesu asɔmbedjaka: «Nadoi adubea ekenge e mwɛmbɛ ta mosua: yona apake mbi, edi yo.» Yesu atombaka ekenge e mwɛmbɛ, adubeaka ko eapaka na Yudasi, mwana o Simo Isikaliota.","Jésus répondit: Cest celui à qui je donnerai le morceau trempé. Et, ayant trempé le morceau, il le donna à Judas, fils de Simon, lIscariot."
JHN.13.27,"Na bea ehole etombaka Yudasi ekenge e mwɛmbɛ, Satana akweaka ta tei e nde. Yesu abalaka na nde: «Modjɔ mopalaka wɛ okɔe, mokɔ pɛpɛlɛ!».","Jn : Dès que le morceau fut donné, Satan entra dans Judas. Jésus lui dit: Ce que tu fais, fais-le promptement."
JHN.13.28,"Pɛ nongo omɔti adi bia ibadaka ta mesa, odjebaka tina epalaka Yesu bobala bea.",Mais aucun de ceux qui étaient à table ne comprit pourquoi il lui disait cela;.
JHN.13.29,"Elenge apeaka Yudasi tɔmbi e iputo, banɛnɛ balɛdjɛkɛ boo Yesu amohɔdjɔkɔ akɛe asomba leka ilobwanaka na tɛkɛ, kaoko akɛe apa ikabo adi batakeli.","car quelques-uns pensaient que, comme Judas avait la bourse, Jésus voulait lui dire: Achète ce dont nous avons besoin pour la fête, ou quil lui commandait de donner quelque chose aux pauvres."
JHN.13.30,Na bea Yudasi atombaka ekenge e mwɛmbɛ ko aimaka mbala emɔti. Edaka na bulu.,"Judas, ayant pris le morceau, se hâta de sortir. Il était nuit."
JHN.13.31,"Ngɔngɔ i Yudasi boima, Yesu abalaka: «Edɛdi ekumu e Mwana o Moto enɛmi ko ekumu e Ndjakomba asinedji adi yo.","Lorsque Judas fut sorti, Jésus dit: Maintenant, le Fils de lhomme a été glorifié, et Dieu a été glorifié en lui."
JHN.13.32,"Ekada ekumu e Ndjakomba esinedji ta tei e nde, Ndjakomba pongono, apake ekumu adi Mwana ko ainedjake napɛ ekoka.","Si Dieu a été glorifié en lui, Dieu aussi le glorifiera en lui-même, et il le glorifiera bientôt."
JHN.13.33,"Bana ba mba, nadi na nu baasu bakɛkɛ. Ohombabini, endolo nabalaka na nu edɛdi elenge ebalaka mbi na bayuda: Otakokakeni bokɛ ta dɔngɔ lakɛke mbi .","Mes petits enfants, je suis pour peu de temps encore avec vous. Vous me chercherez; et, comme jai dit aux Juifs: Vous ne pouvez venir où je vais, je vous le dis aussi maintenant."
JHN.13.34,Naopakani mobeko moyanie: palanani ino na ino. Etungi opalaneni moda mopalani mbi.,"Je vous donne un commandement nouveau: Aimez-vous les uns les autres; comme je vous ai aimés, vous aussi, aimez-vous les uns les autres."
JHN.13.35,"Ekada bo opalanini ino na ino, na bea bato basusu badjebake boo odini batingami ba mbi.».","A ceci tous connaîtront que vous êtes mes disciples, si vous avez de lamour les uns pour les autres."
JHN.13.36,"Simo Piɛlɛ amohɔdjɔkɔ: «Kumu, akɛke wɛ djɔ?» Yesu amosɔmbedjaka: «Ta dɔngɔ lakɛke mbi, otakimanakeni edɛdi; endolo okimanabini ta masu maduake.».","Simon Pierre lui dit: Seigneur, où vas-tu? Jésus répondit: Tu ne peux pas maintenant me suivre où je vais, mais tu me suivras plus tard."
JHN.13.37,"Piɛlɛ abalaka na nde: «Kumu, tina edi mbi pɛ bokimana edɛdi nda? Nadi mbuti bopa bomɔ bo mbi tine wɛ!».","Seigneur, lui dit Pierre, pourquoi ne puis-je pas te suivre maintenant? Je donnerai ma vie pour toi."
JHN.13.38,"Yesu asɔmbedjaka: «Odi mɛnɛ mbuti bopa bomɔ wɛ tina e mbi! Okobea, nabali na wɛ, edi soti: Boso boo kɔkɔ akɔkɔle, wɛ oinganeakeni mbala isato boo otadjebakani.».","Jésus répondit: Tu donneras ta vie pour moi! En vérité, en vérité, je te le dis, le coq ne chantera pas que tu ne maies renié trois fois."
JHN.14.1,Yesu abalaka na bu: «Kina milema mi bino midae pɛ bosatungea. Dani na edimeli adi Ndjakomba ko dimani mbi pongono.,"Que votre cœur ne se trouble point. Croyez en Dieu, et croyez en moi."
JHN.14.2,Bisika bidi binɛnɛ ta ndako e Sesa; emitida bea nakɔki odjebedjani boo nakɛkɛ aobɔngedjeani bisika?.,"Il y a plusieurs demeures dans la maison de mon Père. Si cela nétait pas, je vous laurais dit. Je vais vous préparer une place."
JHN.14.3,"Ko ngɔngɔ i bokɛ aobɔngedjeani bisika, naduake ko naotombakeni mbuti na mbi, bɛngi ino pongono odaeni ta dɔngɔ idake mbi.","Et, lorsque je men serai allé, et que je vous aurai préparé une place, je reviendrai, et je vous prendrai avec moi, afin que là où je suis vous y soyez aussi. Jn :."
JHN.14.4,Wadjebakani ndjea ekɛkɛ mbi.».,"Vous savez où je vais, et vous en savez le chemin."
JHN.14.5,"Toma abalaka na nde: «Kumu, lotadjebaka polo ekɛke wɛ. Lodi bodjeba ndjea emina moda nda?».","Thomas lui dit: Seigneur, nous ne savons où tu vas; comment pouvons-nous en savoir le chemin?."
JHN.14.6,"Yesu amosɔmbedjaka: «Mbi nadi ndjea, soti ko bomɔ. Moto aboaniti bokɛ adi Sesa emiti da oko na mbi.","Jésus lui dit: Je suis le chemin, la vérité, et la vie. Nul ne vient au Père que par moi."
JHN.14.7,"Ekadabo odjebinini, okɔkidjebani pongono Sesa. Ko donga edɛdi omodjebini ko omoenini.».","Si vous me connaissiez, vous connaîtriez aussi mon Père. Et dès maintenant vous le connaissez, et vous lavez vu."
JHN.14.8,"Pilipo abalaka na nde: «Kumu, loinedja Sesa ko ladake nasepi.».","Philippe lui dit: Seigneur, montre-nous le Père, et cela nous suffit."
JHN.14.9,"Yesu amosɔmbedjaka: «Pilipo, ehole eyai edi mbi na nu ko wɛ otadjebakani? Yona oenini, aeni Sesa. Tina abalaka wɛ: Loinedja Sesa.","Jésus lui dit: Il y a si longtemps que je suis avec vous, et tu ne mas pas connu, Philippe! Celui qui ma vu a vu le Père; comment dis-tu: Montre-nous le Père?."
JHN.14.10,"Otadimaka mbi nadi ta tei e Sesa ko Sesa ta tei e mbi? Mibalo miobaleakani mbi miidonga adi mbi. Edi Sesa yona odi ta tei e mbi, akokedjaka misala mi nde mɛnɛ.","Ne crois-tu pas que je suis dans le Père, et que le Père est en moi? Les paroles que je vous dis, je ne les dis pas de moi-même; et le Père qui demeure en moi, cest lui qui fait les œuvres. :."
JHN.14.11,"Dimeanini ehole abalaka mbi: nadi ta tei e Sesa ko Sesa ta tei e mbi. Emitikoda bea, dimani nongo tine misala mieni no mbi bosala.","Croyez-moi, je suis dans le Père, et le Père est en moi; croyez du moins à cause de ces œuvres."
JHN.14.12,"Okobea, nabalaka na nu, edi soti: yona adimeakani akɔke pongono misala makɔkɔ mbi. Amikɔke minɛnɛ bonɔ, tine boo nakɛkɛ adi Sesa.","En vérité, en vérité, je vous le dis, celui qui croit en moi fera aussi les œuvres que je fais, et il en fera de plus grandes, parce que je men vais au Père;."
JHN.14.13,"Ko nakɔke misusu misɛngɛkɛbi bino ta kombe e mbi, bɛngi Mwana ainedje ekumu e Sange e nde.","et tout ce que vous demanderez en mon nom, je le ferai, afin que le Père soit glorifié dans le Fils."
JHN.14.14,"Eka esusu esɛngɛkɛbi no ta kombe e mbi, naekɔkɔbi.».",": Si vous demandez quelque chose en mon nom, je le ferai."
JHN.14.15,"«Okapalanini, osumabini mobeko mi mbi.","Si vous maimez, gardez mes commandements."
JHN.14.16,"Nasɛngɛkɛbi na Sesa aopɛni mobaeli okina, tine aokamoakeni ko adae na nu tina e seko.","Et moi, je prierai le Père, et il vous donnera un autre consolateur, afin quil demeure éternellement avec vous."
JHN.14.17,"Adi Mwembo mosoti. Ngondo ebwaniti amoasɔe, tine eboaniti nongo amoenɛ ko amodjebe. Endolo ino, wamodjebakeni, tine ayeyoabi na nu ko adakabi seko na nu.","lEsprit de vérité, que le monde ne peut recevoir, parce quil ne le voit point et ne le connaît point; mais vous, vous le connaissez, car il demeure avec vous, et il sera en vous."
JHN.14.18,Natokinabini no bɛnɛ elenge bana ba madinda; nasɔmbɔbi adi no.,"Je ne vous laisserai pas orphelins, je viendrai à vous."
JHN.14.19,"Mooehole mokɛkɛ ngondo etaenɛkeni naikina, endolo no, wenɛkenini, tine boo mbi nadi na bomɔ ko ino wadakeni na bomɔ pongono.","Encore un peu de temps, et le monde ne me verra plus; mais vous, vous me verrez, car je vis, et vous vivrez aussi."
JHN.14.20,"Ta busa bomina, osipoabini boo nahelaka iputo na Sesa ko ino odini iputo na mbi ko mbi na nu.","En ce jour-là, vous connaîtrez que je suis en mon Père, que vous êtes en moi, et que je suis en vous."
JHN.14.21,"«Moto yona abaneake mibeko mi mbi ko amisumaka, adi yona apalakani. Sange e mbi apalakabi yona opalini; mbi pongono namopalabi ko nasinedjabi na nde.».","Jn : Celui qui a mes commandements et qui les garde, cest celui qui maime; et celui qui maime sera aimé de mon Père, je laimerai, et je me ferai connaître à lui."
JHN.14.22,"Yuda, te Yudasi Isikaliota, abalaka na nde: «Kumu, moda ndani moboani wɛ bosinedja na su endolo te na ngondo?».","Jude, non pas lIscariot, lui dit: Seigneur, doù vient que tu te feras connaître à nous, et non au monde?."
JHN.14.23,"Yesu amosɔmbedjaka: «Moto yona opalini, asumake mibalo mabalaka mbi. Sange e mbi amopalabi; Sange e mbi ko mbi loduabi bodikama ta tei e nde.","Jésus lui répondit: Si quelquun maime, il gardera ma parole, et mon Père laimera; nous viendrons à lui, et nous ferons notre demeure chez lui."
JHN.14.24,"Moto yona adaka pɛ bopalani, tasumake mibalo mi mbi. Mibalo miokaka no mbi bobala mitadongaka adi mbi, endolo adi Sange e mbi yona olomani.","Celui qui ne maime pas ne garde point mes paroles. Et la parole que vous entendez nest pas de moi, mais du Père qui ma envoyé."
JHN.14.25,Nabalaka mibalo imi misusu ehole edi mbi oko na nu.,Je vous ai dit ces choses pendant que je demeure avec vous.
JHN.14.26,"Mobaeli yona oduabi bokamoani edi Mwembo Mosɛnɔke. Sesa amolomabi ta kombe e mbi, tine bolehani meako misusu ko bolɛdjɛni meako misusu mibalaka mbi na nu.","Mais le consolateur, lEsprit-Saint, que le Père enverra en mon nom, vous enseignera toutes choses, et vous rappellera tout ce que je vous ai dit."
JHN.14.27,«Nokineini bogo ko nopini bogo bo mbi . Natopakani bogo bomina elenge moda mo ngondo. Milema mi bino midae pɛ bosatungea ko pɛ bodani na bɔɔ.,"Je vous laisse la paix, je vous donne ma paix. Je ne vous donne pas comme le monde donne. Que votre cœur ne se trouble point, et ne salarme point."
JHN.14.28,"Okani nabala na nu: Nakɛke, endolo nasɔmbɔke adi no. Osopalanini, okɔki sepani bodjeba boo nakɛke adi Sesa, tine Sesa anɔini.","Vous avez entendu que je vous ai dit: Je men vais, et je reviens vers vous. Si vous maimiez, vous vous réjouiriez de ce que je vais au Père; car le Père est plus grand que moi."
JHN.14.29,"Nabalaka na nu meako imi edɛdi boso boo mimee, bɛngi ehole eimeabi mo odimeni.","Et maintenant je vous ai dit ces choses avant quelles arrivent, afin que, lorsquelles arriveront, vous croyiez."
JHN.14.30,"Nabaletebi naikina na nu bobuke, tengasa kumu o ngondo ye adoi. Aditi na kpati diko i mbi.",Je ne parlerai plus guère avec vous; car le prince du monde vient. Il na rien en moi;.
JHN.14.31,"endolo bato ba ngondo badjebake boo nakapale Sesa ko nakakɔe elenge akabale yo na mbi nakɔe. Angɔni, lodongeni iya!».","mais afin que le monde sache que jaime le Père, et que jagis selon lordre que le Père ma donné, levez-vous, partons dici."
JHN.15.1,Mbi nadi soti mole mo vino ko Sesa adi moswa gbie e vino .,"Je suis le vrai cep, et mon Père est le vigneron."
JHN.15.2,"Akondoake bitape bisusu, ibitingi adi mbi, ko idaka pɛ bobota mbuma; endolo akondoake tɔɔlɔ ta bitape ikabote mbuma bɛngi ibote inɛnɛ bonɔ.","Tout sarment qui est en moi et qui ne porte pas de fruit, il le retranche; et tout sarment qui porte du fruit, il lémonde, afin quil porte encore plus de fruit."
JHN.15.3,"Ino, odini ehele basɛnɔke ta tine mobalo mosolehani mbi.","Déjà vous êtes purs, à cause de la parole que je vous ai annoncée."
JHN.15.4,"Yeyoani iputo na mbi, ko mbi nayeyoake iputo na nu. Etape ebwaniti bobota mbuma yo mɛnɛ, emiti da etingi na mole; oko moda momɔti, ino obwanitini bobota mbuma omiti dani iputo na mbi.","Demeurez en moi, et je demeurerai en vous. Comme le sarment ne peut de lui-même porter du fruit, sil ne demeure attaché au cep, ainsi vous ne le pouvez non plus, si vous ne demeurez en moi."
JHN.15.5,"Nadi soti mole mo vino, ino odini bitape. Moto yona oputoani na mbi ko mbi iputo na nde, adi bobota mbuma inɛnɛ, tengasa otakɔni eka pɛ mbi.","Je suis le cep, vous êtes les sarments. Celui qui demeure en moi et en qui je demeure porte beaucoup de fruit, car sans moi vous ne pouvez rien faire."
JHN.15.6,"Moto amiti da iputo na mbi, adumbamake sokolu elenge etape ekakana. Enakobea bitape ibikakana, bakabiandoe ko bakabidumbe ta mosa ko boangoaka.","Si quelquun ne demeure pas en moi, il est jeté dehors, comme le sarment, et il sèche; puis on ramasse les sarments, on les jette au feu, et ils brûlent."
JHN.15.7,"Okadani iputo na mbi ko mibalo mi mbi miyeyoi adi no, hɔdjɔni eka epalaka no ko oediabini.","Si vous demeurez en moi, et que mes paroles demeurent en vous, demandez ce que vous voudrez, et cela vous sera accordé."
JHN.15.8,Sange e mbi akakumedjame ekada boo obotini mbuma inɛnɛ ko ainedjamake boo odini batingami ba mbi.,"Si vous portez beaucoup de fruit, cest ainsi que mon Père sera glorifié, et que vous serez mes disciples."
JHN.15.9,Mbi nakopaleni elenge Sange mbi akapaleni yo. Yeyoani ta tei e epaeli e mbi.,"Comme le Père ma aimé, je vous ai aussi aimés. Demeurez dans mon amour."
JHN.15.10,"Okasumani mibeko mi mbi, wayeyoakeni ta tei e epaeli e mbi, elenge oko akasume mbi mibeko mi Sange e mbi ko nakayeyoe ta tei e epaeli e nde.","Si vous gardez mes commandements, vous demeurerez dans mon amour, de même que jai gardé les commandements de mon Père, et que je demeure dans son amour."
JHN.15.11,"«Nabali na nu bea, bɛngi boo sepi e mbi edae adi no ko sepi e bino edae ekokake .","Je vous ai dit ces choses, afin que ma joie soit en vous, et que votre joie soit parfaite."
JHN.15.12,Endja mobeko mo mbi: Palanani ino na ino elenge aopalani mbi.,"Cest ici mon commandement: Aimez-vous les uns les autres, comme je vous ai aimés."
JHN.15.13,"Epaeli enɔi na bonɛnɛ, edi bopa bomɔ bo nde tine ba binande.",Il ny a pas de plus grand amour que de donner sa vie pour ses amis.
JHN.15.14,"Ino odini binambi, okakɔni eka ekohɔdjeni mbi.","Vous êtes mes amis, si vous faites ce que je vous commande."
JHN.15.15,"Nataobeakani naikina basali, tine mosali tadjebe eka ekakɔe moswande. Nakobeni binambi, tine boo nodjebedjani meako misusu imikoa mbi na Sesa.","Je ne vous appelle plus serviteurs, parce que le serviteur ne sait pas ce que fait son maître; mais je vous ai appelés amis, parce que je vous ai fait connaître tout ce que jai appris de mon Père."
JHN.15.16,"Ino oihɔni mbi, mbi moto oohɔni. Nopini elomu okɛni, bobota mbuma ko mbuma ipingake. Na bea, Sesa aopabini meako misusu mihɔdjɔkɔbino ta kombe e mbi.","Ce nest pas vous qui mavez choisi; mais moi, je vous ai choisis, et je vous ai établis, afin que vous alliez, et que vous portiez du fruit, et que votre fruit demeure, afin que ce que vous demanderez au Père en mon nom, il vous le donne."
JHN.15.17,"Na bea eka eohɔdjɔkɔni mbi, edi palanani.».","Ce que je vous commande, cest de vous aimer les uns les autres."
JHN.15.18,"Ekada ngondo ekolonani, djebani boo elonani boso bo bino.","Si le monde vous hait, sachez quil ma haï avant vous."
JHN.15.19,"Akokino dani bato ba ngondo, ngondo ekɔki opalani tine odini bato ba yu. Endolo mbi nohɔni bɛngi odaeni sokolu e ngondo, oditini naikina bato ba ngondo: na tina emina ngondo eolonini.","Si vous étiez du monde, le monde aimerait ce qui est à lui; mais parce que vous nêtes pas du monde, et que je vous ai choisis du milieu du monde, à cause de cela le monde vous hait."
JHN.15.20,"Lɛdjɛni ehele mibalo mibala mbi na nu: «Mosali ta nɔe mokondji o nde .» Ekada bato bonɔngedjani, bonɔngedjabini pongono; ekada basuma eleho e mbi, basumabi pongono bi bino.","Souvenez-vous de la parole que je vous ai dite: Le serviteur nest pas plus grand que son maître. Sils mont persécuté, ils vous persécuteront aussi; sils ont gardé ma parole, ils garderont aussi la vôtre."
JHN.15.21,"Endolo baokɔbini midjɔ misusu mimina ta tina e kombe e mbi, tine batadjebaka yona olomani.","Mais ils vous feront toutes ces choses à cause de mon nom, parce quils ne connaissent pas celui qui ma envoyé."
JHN.15.22,"Nasonada pɛ bodua ko nosonada pɛ bobatɔndea, baikɔkɔ da na lindo. Endolo edɛdi baditi na boyɛmɛ tine mabe ma bobo.","Si je nétais pas venu et que je ne leur eusse point parlé, ils nauraient pas de péché; mais maintenant ils nont aucune excuse de leur péché."
JHN.15.23,"Yona alonakani, aloni pongono Sange e mbi.","Celui qui me hait, hait aussi mon Père."
JHN.15.24,"Baikɔkɔ kwa ta lindo nasonada pɛ bokɔ ta tei e bobo misala imida moto pɛ bokɔ. Na bea, edɛdi, baeni misala, balonini ko na Sange e mbi.","Si je navais pas fait parmi eux des œuvres que nul autre na faites, ils nauraient pas de péché; mais maintenant ils les ont vues, et ils ont haï et moi et mon Père."
JHN.15.25,Endolo meako misusu mibwani boimea tine bokokedja mobalo imokomama ta mobeko mo bobo: «Balonani napɛ tina. ».,Mais cela est arrivé afin que saccomplît la parole qui est écrite dans leur loi: Ils mont haï sans cause.
JHN.15.26,«Mobaeli yona ookamoakabini aduabi: adi Mwembo mosoti yona adongake adi Sesa. Mbi nolomeakeni yo ta kombe e Sesa ko abalake tati ta tina e mbi.,"Quand sera venu le consolateur, que je vous enverrai de la part du Père, lEsprit de vérité, qui vient du Père, il rendra témoignage de moi;."
JHN.15.27,"Ko no pongono, opabini tati tina e mbi, tengasa odakani na mbi donga ta mbangi.","et vous aussi, vous rendrez témoignage, parce que vous êtes avec moi dès le commencement."
JHN.16.1,«Nabala na nu bea tine osaka kinani edimeli.,"Je vous ai dit ces choses, afin quelles ne soient pas pour vous une occasion de chute."
JHN.16.2,"Bobudjeakabini ta ba Sinagoga. Edabi ta ehole emɔti eduabi, bato bowabini, balɛdjɛbi boo na bokɔ bea, basaleaka Ndjakomba.",Ils vous excluront des synagogues; et même lheure vient où quiconque vous fera mourir croira rendre un culte à Dieu.
JHN.16.3,Bakɔkɔ bea tine baidjebaka Sesa ko mbi.,"Et ils agiront ainsi, parce quils nont connu ni le Père ni moi."
JHN.16.4,"Endolo nabalaka na nu bea, ehole ekimeabi, lɛdjɛni meako mibalaka mbi na nu.» «Nabalaka na nu meako mi donga mbangi, tine boo nadaka na nu.» Nabalakiti bea donga ta mbangi, tengasa nadaka na nu.","Je vous ai dit ces choses, afin que, lorsque lheure sera venue, vous vous souveniez que je vous les ai dites. Je ne vous en ai pas parlé dès le commencement, parce que jétais avec vous."
JHN.16.5,"Edɛdi, nakɛi adi yona olomani ko pɛ moto ta ndanda e bino obwani bohɔdjɔni: «Okɛi djɔɔ?».","Maintenant je men vais vers celui qui ma envoyé, et aucun de vous ne me demande: Où vas-tu?."
JHN.16.6,"Endolo tine notɔndeini bea, ndjokwa elumi na nu ta milema.","Mais, parce que je vous ai dit ces choses, la tristesse a rempli votre cœur."
JHN.16.7,"Enakobea, Mbi notɔndeini soti: edi bopele tine mbi boyana; na bea namiti yana, yona obwani bodua elenge Mobaeli abwaniti bodua.","Cependant je vous dis la vérité: il vous est avantageux que je men aille, car si je ne men vais pas, le consolateur ne viendra pas vers vous; mais, si je men vais, je vous lenverrai."
JHN.16.8,"Endolo ehole eduabi yo, adjebedjabi adi bato mabunga ma bobo ta tina e mabe, ta bodjo ko ta bosambedja bo Ndjakomba .","Et quand il sera venu, il convaincra le monde en ce qui concerne le péché, la justice, et le jugement:."
JHN.16.9,"Ta tina e modjɔ moendji bobe, edi tine boo batadimeakani ;.","en ce qui concerne le péché, parce quils ne croient pas en moi;."
JHN.16.10,"ta tine e modjɔ moendji bodjo, edi tine boo nakɛkɛ adi Sesa ko oenɛtebinini naikina;.","la justice, parce que je vais au Père, et que vous ne me verrez plus;."
JHN.16.11,"ta tine modjɔ moendji bodjo, edi tine boo mokondji o ngondo ye asambedjama ehele.","le jugement, parce que le prince de ce monde est jugé."
JHN.16.12,"«Nadi na meako minɛnɛ mi botɔndeani, endolo otabwanakeni bomihɔnɔ edɛdi.","Jai encore beaucoup de choses à vous dire, mais vous ne pouvez pas les porter maintenant."
JHN.16.13,"Ehole eduabi Mwembo mosoti, aodaledjabini ta bosoti bosusu. Abaletebi na kombe e nde mɛnɛ, endolo abalabi misusu imiokaka yo ko aotɔndeabini meako maduake.","Quand le consolateur sera venu, lEsprit de vérité, il vous conduira dans toute la vérité; car il ne parlera pas de lui-même, mais il dira tout ce quil aura entendu, et il vous annoncera les choses à venir."
JHN.16.14,"Ainedjabi ekumu e mbi, tengasa adiabi yena edi adi mbi ko aodjebedjakabini.","Il me glorifiera, parce quil prendra de ce qui est à moi, et vous lannoncera."
JHN.16.15,Losusu lopeli Sesa lodi pongono lo mbi. Na tina emina nabali boo Mwembo atombakabi imidi adi mbi ko aodjebakabini.».,"Tout ce que le Père a est à moi; cest pourquoi jai dit quil prend de ce qui est à moi, et quil vous lannoncera."
JHN.16.16,"«Ngɔngɔ mweka otenɛkenini, namoehole mokɛkɛ oenɛkenini naikina.».","Encore un peu de temps, et vous ne me verrez plus; et puis encore un peu de temps, et vous me verrez, parce que je vais au Père."
JHN.16.17,"Ekenge e batingami ba nde babaleanaka: «Apalaka yo abale nde? Ngɔngɔ mweka otenɛkenini, na moehole mokɛkɛ oenɛkenini naikina, ko pongono: edi tine boo nakɛke adi Sesa.","Là-dessus, quelques-uns de ses disciples dirent entre eux: Que signifie ce quil nous dit: Encore un peu de temps, et vous ne me verrez plus; et puis encore un peu de temps, et vous me verrez? Et: Parce que je vais au Père?."
JHN.16.18,Mibalo mi etingodjaka mo nde? Na moehole mokɛkɛ Lotasipoaka meako mabalaka yo.».,Ils disaient donc: Que signifie ce quil dit: Encore un peu de temps? Nous ne savons de quoi il parle.
JHN.16.19,"Yesu asipoaka boo bapalaka bamohɔdje. Abalaka na bu: «Edi tine mibalo mi: ngɔngɔ mweka otenɛkenini, na moehole mokɛkɛ oenɛkenini naikina; wapalakani bosahɔdjɔ?».","Jésus connut quils voulaient linterroger, et il leur dit: Vous vous questionnez les uns les autres sur ce que jai dit: Encore un peu de temps, et vous ne me verrez plus; et puis encore un peu de temps, et vous me verrez."
JHN.16.20,"Okobea, nabalaka na nu, edi soti: oyeabini ko osatungeabini, enakobea bato ba ngondo badabi na sepi. Odabini na ndjokwa, endolo ndjokwa e bino ehombanabi sepi.","En vérité, en vérité, je vous le dis, vous pleurerez et vous vous lamenterez, et le monde se réjouira: vous serez dans la tristesse, mais votre tristesse se changera en joie."
JHN.16.21,"Ehole ahombaka mwali abote, akaime bosatungea, tine boo ehole e nde e saya eimei. Endolo ehole eboti yo mwana, abosi saya isusu ko alumi na mongandi boenɛ boo moto adoi ta ngondo na ndjea e nde.","La femme, lorsquelle enfante, éprouve de la tristesse, parce que son heure est venue; mais, lorsquelle a donné le jour à lenfant, elle ne se souvient plus de la souffrance, à cause de la joie quelle a de ce quun homme est né dans le monde."
JHN.16.22,"Oko moda momina, ino pongono wasatungeakeni edɛdi. Endolo noenɛbini naikina ko milema mi bino misepabi, na bea moto o bokatoani sepi emina adaetebi.","Vous donc aussi, vous êtes maintenant dans la tristesse; mais je vous reverrai, et votre cœur se réjouira, et nul ne vous ravira votre joie."
JHN.16.23,"«Ehole eimeabi busa bomina, ohɔdjetebini nongo eka. Soti, nabalaka na nu, edi soti: Sesa aopabini misusu mihɔdjɔkɔbino ta kombe e mbi.","En ce jour-là, vous ne minterrogerez plus sur rien. En vérité, en vérité, je vous le dis, ce que vous demanderez au Père, il vous le donnera en mon nom."
JHN.16.24,"Mbunoko edɛdi, opakitini ahɔdjɔ eka na kombe e mbi. Sengeni ko wadiakeni, na bea sepi e bino eimeake e bokoka.».","Jusquà présent vous navez rien demandé en mon nom. Demandez, et vous recevrez, afin que votre joie soit parfaite."
JHN.16.25,"«Nabalaka na nu meako misusu na masɛ. Ehole eduake nataake bala naikina masɛ, endolo nodjebedjakeni bohu mɛnɛ ta tina e Sesa.","Je vous ai dit ces choses en paraboles. Lheure vient où je ne vous parlerai plus en paraboles, mais où je vous parlerai ouvertement du Père."
JHN.16.26,"Ta busa bomina, osɛngɛkɛbini Sesa na kombe e mbi; ko nabaliti na nu boo naongɔnɔke Sesa ta tina e bino.","En ce jour, vous demanderez en mon nom, et je ne vous dis pas que je prierai le Père pour vous;."
JHN.16.27,tengasa Sesa yo mɛnɛ akopaleni. Akopaleni tine boo ino okapalenini ko okadimeni boo nadonga adi Ndjakomba.,"car le Père lui-même vous aime, parce que vous mavez aimé, et que vous avez cru que je suis sorti de Dieu."
JHN.16.28,Nadonga adi Sesa ko naimei ta ngondo. Edɛdi nadongi ta ngondo ko nasɔmbi adi Sesa.».,"Je suis sorti du Père, et je suis venu dans le monde; maintenant je quitte le monde, et je vais au Père."
JHN.16.29,"Na bea batingami ba nde babalaka: «Endja edɛdi obali bohu mɛnɛ, napɛ bobala na masɛ!.","Ses disciples lui dirent: Voici, maintenant tu parles ouvertement, et tu nemploies aucune parabole."
JHN.16.30,Edɛdi losipoi boo wɛ okadjebe meako misusu ko oditi na posa boamba bohɔdje. Na tina emina lodimi boo odonga adi Ndjakomba.».,"Maintenant nous savons que tu sais toutes choses, et que tu nas pas besoin que personne tinterroge; cest pourquoi nous croyons que tu es sorti de Dieu."
JHN.16.31,Yesu asɔmbedjaka: «Odimini edɛdi?.,Jésus leur répondit: Vous croyez maintenant.
JHN.16.32,"Ehole edoi, eimei ehele, wapatanganakeni moto na moto ta dɔngɔ idonga yo, ko wakinakenini mbi mɛnɛ. Endolo naditi mbi mɛnɛ, tengasa Sesa adi na mbi engbanga.","Voici, lheure vient, et elle est déjà venue, où vous serez dispersés chacun de son côté, et où vous me laisserez seul; mais je ne suis pas seul, car le Père est avec moi."
JHN.16.33,Nodjebedjakani meako misusu bɛngi odaeni bogo iputo na mbi. Wenɛkɛni saya ta ngondo. Endolo sapingedjani! Mbi nalongi ngondo!».,"Je vous ai dit ces choses, afin que vous ayez la paix en moi. Vous aurez des tribulations dans le monde; mais prenez courage, jai vaincu le monde."
JHN.17.1,"Ngɔngɔ i bobala bea, Yesu angɔdjɔ miso ta busa ko aongɔnɔkɔ: «Sesa, ehole eimei. Inedja ekumu e Mwana o wɛ, bɛngi Mwana pongono ainedje ekumu e wɛ!.","Après avoir ainsi parlé, Jésus leva les yeux au ciel, et dit: Père, lheure est venue! Glorifie ton Fils, afin que ton Fils te glorifie."
JHN.17.2,"Tengasa omopa kpatsi diko i bato basusu, tine boo apɛ mohelo mo seko adi bia ibamopa wɛ.","selon que tu lui as donné pouvoir sur toute chair, afin quil accorde la vie éternelle à tous ceux que tu lui as donnés."
JHN.17.3,"Mohelo mo seko modi: bodjeba boo wɛ odi Ndjakomba oko omɔti o soti ko yona oloma wɛ, Yesu Kilito.","Or, la vie éternelle, cest quils te connaissent, toi, le seul vrai Dieu, et celui que tu as envoyé, Jésus-Christ."
JHN.17.4,Nainedji ekumu e wɛ ta ngondo; nasidji mosala mopani wɛ bokɔ.,"Je tai glorifié sur la terre, jai achevé lœuvre que tu mas donnée à faire."
JHN.17.5,"Ko edɛdi Sesa, pani ekumu yena edaka na mbi ta boso bo wɛ, boso bo ngondo ekɔme .","Et maintenant toi, Père, glorifie-moi auprès de toi-même de la gloire que javais auprès de toi avant que le monde fût."
JHN.17.6,Nakɔi boo nosipodje wɛ adi bato bia badongedja wɛ ta ngondo ko obapani. Badaka bato ba wɛ ko obapani; ko basumi mobalo mo wɛ.,"Jai fait connaître ton nom aux hommes que tu mas donnés du milieu du monde. Ils étaient à toi, et tu me les as donnés; et ils ont gardé ta parole."
JHN.17.7,"Edɛdi badjebi misusu imipani wɛ, midongaka soti adi wɛ.",Maintenant ils ont connu que tout ce que tu mas donné vient de toi.
JHN.17.8,tengasa nabapi mibalo imipakani wɛ ko bamidimi. Basipoi soti mɛnɛ boo nadongaka adi wɛ ko wɛ olomani.».,"Car je leur ai donné les paroles que tu mas données; et ils les ont reçues, et ils ont vraiment connu que je suis sorti de toi, et ils ont cru que tu mas envoyé. :."
JHN.17.9,"Naongɔni tina e bobo. Naongɔniti tine ngondo, endolo tina e bia ibapani wɛ, tengasa badi bato ba wɛ.","Cest pour eux que je prie. Je ne prie pas pour le monde, mais pour ceux que tu mas donnés, parce quils sont à toi;."
JHN.17.10,"Bato basusu ibadi ba wɛ, badi ba mbi; ekumu e mbi einedjami ta tei e bobo.","et tout ce qui est à moi est à toi, et ce qui est à toi est à moi; et je suis glorifié en eux."
JHN.17.11,"Edɛdi naditi ta ngondo naikina, endolo bo badi oko ta ngondo, enakobea mbi nakɛkɛ adi wɛ. Sesa mosɛnɔke, babanea na kpati e kombe e wɛ, bia ipapani wɛ , bɛngi badae omɔti elenge mbi na wɛ lodi omɔti.","Je ne suis plus dans le monde, et ils sont dans le monde, et je vais à toi. Père saint, garde en ton nom ceux que tu mas donnés, afin quils soient un comme nous."
JHN.17.12,"Ehole edaka mbi engbanga na bu, nababaneaka na kpati e kombe e wɛ, kombe yena epani wɛ. Nababaneaka ko omɔti o bobo aibeha, dongedja oko yona odaka bo abunge, tine boo ikomi ikokedjame.","Lorsque jétais avec eux dans le monde, je les gardais en ton nom. Jai gardé ceux que tu mas donnés, et aucun deux ne sest perdu, sinon le fils de perdition, afin que lÉcriture fût accomplie."
JHN.17.13,"Edɛdi nahuli adi wɛ. Na bea nabalaka ta ehole edi mbi ta ngondo, bɛngi boo badae na sepi ta tei e bobo, sepi ekokake.","Et maintenant je vais à toi, et je dis ces choses dans le monde, afin quils aient en eux ma joie parfaite."
JHN.17.14,"Nabapi mobalo mo wɛ ko ngondo ebapaliti tine boo baditi bato ba ngondo, elenge adi mbi pɛ boda moto o ngondo.","Je leur ai donné ta parole; et le monde les a haïs, parce quils ne sont pas du monde, comme moi je ne suis pas du monde."
JHN.17.15,"Natongɔnɔkɔ obadongedje ta ngondo, endolo babanea ta boso bo satana .","Je ne te prie pas de les ôter du monde, mais de les préserver du mal."
JHN.17.16,"Baditi bato ba ngondo ye, elenge mbi naditi moto o ngondo ye.","Ils ne sont pas du monde, comme moi je ne suis pas du monde."
JHN.17.17,Bahɛngɛ boo badae mɛnɛ adi wɛ ta ndjea e bosoti; tine boo mobalo wɛ modi soti.,Sanctifie-les par ta vérité: ta parole est la vérité.
JHN.17.18,Nabalomi ta ngondo elenge alomani wɛ ta ngondo.,"Comme tu mas envoyé dans le monde, je les ai aussi envoyés dans le monde."
JHN.17.19,"Nasahɛngi na bosusu adi wɛ tine bobo, bɛngi bo pongono, badae bahɛngɛmɛke adi wɛ na ndjea e soti.","Et je me sanctifie moi-même pour eux, afin queux aussi soient sanctifiés par la vérité."
JHN.17.20,"«Natongɔnɔkɔ oko tine e bobo pɛ, endolo pongono tina e bia ta ndjea e mibalo mi bobo, bamodimeabi.","Ce nest pas pour eux seulement que je prie, mais encore pour ceux qui croiront en moi par leur parole."
JHN.17.21,"Nongɔnɔkɔ tina e bobo basusu badae omɔti. Sesa, kina boo badae ta iputo i mbi na wɛ, elenge wɛ odi iputo na mbi ko mbi nadi iputo na wɛ. Badae omɔti bɛngi ngondo edime boo olomani.","afin que tous soient un, comme toi, Père, tu es en moi, et comme je suis en toi, afin queux aussi soient un en nous, pour que le monde croie que tu mas envoyé."
JHN.17.22,"Nabapi ekumu epani wɛ, bɛngi badae omɔti elenge mbi na wɛ lodi omɔti;.","Je leur ai donné la gloire que tu mas donnée, afin quils soient un comme nous sommes un."
JHN.17.23,"mbi ta tei e wɛ ko wɛ ta tei e mbi. Badae mɛnɛ omɔti, tine boo bato ba ngondo badjebe boo wɛ olomani ko okabapale elenge akapaleni wɛ.","moi en eux, et toi en moi, afin quils soient parfaitement un, et que le monde connaisse que tu mas envoyé et que tu les as aimés comme tu mas aimé."
JHN.17.24,"Sesa, wɛ obapani ko nadi na posa badae na mbi ta dɔngɔ idi mbi; bɛngi boo baenɛ ekumu e mbi, ekumu epani wɛ, tengasa opalani boso bo ngondo ekɔme.","Père, je veux que là où je suis ceux que tu mas donnés soient aussi avec moi, afin quils voient ma gloire, la gloire que tu mas donnée, parce que tu mas aimé avant la fondation du monde."
JHN.17.25,"Sesa, wɛ odi Bodjo, bato ba ngondo baidjebaka wɛ, endolo mbi nodjebaka ko bo basipoi boo wɛ olomani.","Père juste, le monde ne ta point connu; mais moi je tai connu, et ceux-ci ont connu que tu mas envoyé."
JHN.17.26,"Noinedja adi bo kombe e wɛ ko nakɔke boo bodjebe naikina bonɔ, bɛngi epaeli einedjani wɛ edae ta tei e bobo ko nadae ta tei e bobo.».","Je leur ai fait connaître ton nom, et je le leur ferai connaître, afin que lamour dont tu mas aimé soit en eux, et que je sois en eux."
JHN.18.1,"Ngɔngɔ i bobala bea, Yesu akɛ na batingami ba nde ta dɔngɔ ikina i ibɛngɛ ibeakabo Sedelɔne . Akweaka na batingami ba nde ta gbie emɔti edaka oho.","Lorsquil eut dit ces choses, Jésus alla avec ses disciples de lautre côté du torrent du Cédron, où se trouvait un jardin, dans lequel il entra, lui et ses disciples."
JHN.18.2,"Yudasi, yona omokababi, adjebaka pongono polo emina, tine boo Yesu ko batingami ba nde badaka na elama e bosonganaka oho .","Judas, qui le livrait, connaissait ce lieu, parce que Jésus et ses disciples sy étaient souvent réunis."
JHN.18.3,"Na bea Yudasi adalaka boso bo engbanga e basoda na babanei bia bakondji ba banganga ba Ndjakomba ko bapalusai bamopakabo. Aimea ta gbie emina engbanga na bato bapelamaki milodji, tanda ko bipeko.","Judas donc, ayant pris la cohorte, et des huissiers quenvoyèrent les principaux sacrificateurs et les pharisiens, vint là avec des lanternes, des flambeaux et des armes."
JHN.18.4,"Elenge Yesu adjebaka midjɔ misusu mibwanaka bomoimea, akɛkɛ boso bo bobo ko abahɔdjɔkɔ: «Wahombakano nda?».","Jésus, sachant tout ce qui devait lui arriver, savança, et leur dit: Qui cherchez-vous?."
JHN.18.5,"Bamosɔmbedjaka: «Yesu o Nasaleta.» Yesu abalaka na bu: «Edi mbi.» Ko Yudasi yona omokababi, adaka pongono ena engbanga na bu.","Ils lui répondirent: Jésus de Nazareth. Jésus leur dit: Cest moi. Et Judas, qui le livrait, était avec eux."
JHN.18.6,"Ehole ebalaka Yesu na bu: «Edi mbi,» basɔmbɔkɔ ngɔngɔ ko bakwakaka ta kpɔtɔ.","Lorsque Jésus leur eut dit: Cest moi, ils reculèrent et tombèrent par terre."
JHN.18.7,Yesu abahɔdjɔkɔ naikina: «Wahombakano nda?» Bomosɔmbedjaka: «Yesu o Nasaleta.».,Il leur demanda de nouveau: Qui cherchez-vous? Et ils dirent: Jésus de Nazareth.
JHN.18.8,"Yesu abasɔmbedjaka: «Nabali na nu ehele, edi mbi. Edaka boo ohombakanini, kinani bato bakina bayane.».","Jésus répondit: Je vous ai dit que cest moi. Si donc cest moi que vous cherchez, laissez aller ceux-ci."
JHN.18.9,Edaka tine bokokedjama bo mobalo mobalaka yo: «Nabungedjiti nongo omɔti o bobo ta bia ibapani wɛ.».,"Il dit cela, afin que saccomplît la parole quil avait dite: Je nai perdu aucun de ceux que tu mas donnés."
JHN.18.10,Simo Piɛlɛ adaka na mopamba; amoiwaka ko alenaka mosali o nganga monɛnɛ o Ndjakomba itoi i ebɔ e bami. Mosali omina bamobeaka na kombe e Malukusu.,"Simon Pierre, qui avait une épée, la tira, frappa le serviteur du souverain sacrificateur, et lui coupa loreille droite. Ce serviteur sappelait Malchus."
JHN.18.11,Endolo Yesu abalaka na Piɛlɛ: «Sɔmbedja mopamba mo wɛ ta igbogbo! Olɛdjɛkɛ boo nata mwake kɔbɔ e saya yena epani Sesa ?».,Jésus dit à Pierre: Remets ton épée dans le fourreau. Ne boirai-je pas la coupe que le Père ma donnée à boire?.
JHN.18.12,"Engbanga e basoda na mokondji o bobo ko babanei ba bayuda bapeaka Yesu, bamonangaka mbɔti.","La cohorte, le tribun, et les huissiers des Juifs, se saisirent alors de Jésus, et le lièrent."
JHN.18.13,"Bakɛkɛ na nde boso mɛnɛ adi Ana, yona odaka bokio bo Kaipa ko nganga monɛnɛ o Ndjakomba ta bianga bimina.","Ils lemmenèrent dabord chez Anne; car il était le beau-père de Caïphe, qui était souverain sacrificateur cette année-là."
JHN.18.14,Enakobea edaka Kaipa moto opaka ilako adi bakondji ba bayuda: «Otasipoakani edi bopele boo moto omɔti agwɛ tine bato basusu ko ekomi esusu edae pɛ bobeha .».,Et Caïphe était celui qui avait donné ce conseil aux Juifs: Il est avantageux quun seul homme meure pour le peuple.
JHN.18.15,Simo Piɛlɛ ko motingami okina bakimanaka Yesu. Motingami omina adjebanaka bopele na nganga monɛnɛ o Ndjakomba ko akweaka na Yesu ta ikanga i bopango bo ndako bo nganga monɛnɛ o Ndjakomba.,"Simon Pierre, avec un autre disciple, suivait Jésus. Ce disciple était connu du souverain sacrificateur, et il entra avec Jésus dans la cour du souverain sacrificateur;."
JHN.18.16,"Endolo Piɛlɛ adikaka sokolu, mbuti na ekukɛ. Na bea, motingami okina, yona odjebanaka bopele na nganga monɛnɛ o Ndjakomba, aimanaka sokolu ko abalaka na mwali yona odaka sindjili o ekukɛ, ko akwedjaka Piɛlɛ.","mais Pierre resta dehors près de la porte. Lautre disciple, qui était connu du souverain sacrificateur, sortit, parla à la portière, et fit entrer Pierre."
JHN.18.17,"Mosali mwali yona odaka sindjili o ekukɛ abalaka na Piɛlɛ: «Wɛ oditi pongono, omɔti o batingami ba moto yonaoo?» Abalaka: «Ngasa, te mbi.».","Alors la servante, la portière, dit à Pierre: Toi aussi, nes-tu pas des disciples de cet homme? Il dit: Je nen suis point."
JHN.18.18,"Basali ko basindjili badaka ena; bawanedjaka mosa, tengasa piɔ edaka epipo ko baokaka mosa. Piɛlɛ adaka na bu ko aokaka mosa pongono.","Les serviteurs et les huissiers, qui étaient là, avaient allumé un brasier, car il faisait froid, et ils se chauffaient. Pierre se tenait avec eux, et se chauffait."
JHN.18.19,Na bea Nganga monɛnɛ o Ndjakomba aimeaka bosambedja Yesu ta midjɔ miendji ba batingami ba nde ko na bileho bilehaka yo.,Le souverain sacrificateur interrogea Jésus sur ses disciples et sur sa doctrine.
JHN.18.20,"Yesu amosɔmbedjaka: «Nabalaka ta bohu na bato basusu ba ngondo; nalehaka ta ba sinagoga, ta tepelo, ko ta polo iputoanaka bayuda basusu; naibalaka ta mbombi.","Jésus lui répondit: Jai parlé ouvertement au monde; jai toujours enseigné dans la synagogue et dans le temple, où tous les Juifs sassemblent, et je nai rien dit en secret."
JHN.18.21,"Ohɔdjɔkɔnini tina nda? Hɔdjɔni bato bia baokaka meako midaka mbi bobala: badjebaka bopele, meako ndani mibalaka mbi.».","Pourquoi minterroges-tu? Interroge sur ce que je leur ai dit ceux qui mont entendu; voici, ceux-là savent ce que jai dit."
JHN.18.22,"Na bobala bea, omɔti o babanei odaka ena, abomaka Yesu epapata ko abalaka: «Edi moda mobwani na wɛ bosɔmbedja nganga monɛnɛ o Ndjakomba?».","A ces mots, un des huissiers, qui se trouvait là, donna un soufflet à Jésus, en disant: Est-ce ainsi que tu réponds au souverain sacrificateur?."
JHN.18.23,"Yesu amosɔmbedjaka: «Nakabala eka emɔti ebe, inedjani bobe bomina; endolo tati e bali mbi ekada soti, tina ndani ebomini wɛ?».","Jésus lui dit: Si jai mal parlé, fais voir ce que jai dit de mal; et si jai bien parlé, pourquoi me frappes-tu?."
JHN.18.24,"Na bea Ana amolomaka, monangamake na mbɔti adi Kaipa, nganga monɛnɛ o Ndjakomba.","Anne lenvoya lié à Caïphe, le souverain sacrificateur."
JHN.18.25,"Ta ehole emina, Simo Piɛlɛ, yo adikaka ena aoka mosa. Bamohɔdjɔkɔ: «Wɛ oditi pongono omɔti o batingami ba moto yo?» Endolo Piɛlɛ ainganaka: «Ngasa, te mbi.».","Simon Pierre était là, et se chauffait. On lui dit: Toi aussi, nes-tu pas de ses disciples? Il le nia, et dit: Je nen suis point."
JHN.18.26,"Okina mosali o nganga monɛnɛ o Ndjakomba, odaka sange e moto yona olenaka Piɛlɛ itoi, abalaka na nde: «Naonɛkiti wɛ na nde ta gbie?».","Un des serviteurs du souverain sacrificateur, parent de celui à qui Pierre avait coupé loreille, dit: Ne tai-je pas vu avec lui dans le jardin?."
JHN.18.27,Endolo Piɛlɛ ainganaka naikina. Ko na mbala emɔti kɔkɔ akɔkɔlɔkɔ.,Pierre le nia de nouveau. Et aussitôt le coq chanta.
JHN.18.28,"Baimana na Yesu adi Kaipa ko bakakwea na nde adi gupɛnɛlɛ o Baloma, edaka ehuma mɛnɛ. Endolo bakondji ba bayuda ibakɛkɛ na Yesu ta ndako e gupɛnɛlɛ, baikweaka oho; basaka saimedja mbindo, tine boyaka mia ma pasika.","Ils conduisirent Jésus de chez Caïphe au prétoire: cétait le matin. Ils nentrèrent point eux-mêmes dans le prétoire, afin de ne pas se souiller, et de pouvoir manger la Pâque."
JHN.18.29,Na tina emina gupɛnɛlɛ Pilato aimaka sokulu bobatanea. Abahɔdjɔkɔ: «Modjɔ mopundaka na nu moto iyo nda?».,"Pilate sortit donc pour aller à eux, et il dit: Quelle accusation portez-vous contre cet homme?."
JHN.18.30,"Bamosɔmbedjaka: «Amiti da moto mobe, lobwaniti bodua amopunda!».","Ils lui répondirent: Si ce nétait pas un malfaiteur, nous ne te laurions pas livré."
JHN.18.31,Pilato abalaka na bu: «Motombani ino bɛnɛ ko mosambedjani elenge mobeko mo bino.» Bayuda bamosɔmbedjaka: «Lotungiti bodumba moto ta bogwa.».,"Sur quoi Pilate leur dit: Prenez-le vous-mêmes, et jugez-le selon votre loi. Les Juifs lui dirent: Il ne nous est pas permis de mettre personne à mort."
JHN.18.32,"Bɛngi boo ekokedjame mibalo misusu mibalaka Yesu, tine etingodje moda mo bogwa modaka na nde agwɛ.","Cétait afin que saccomplît la parole que Jésus avait dite, lorsquil indiqua de quelle mort il devait mourir."
JHN.18.33,Na bea Pilato akweaka naikina ta ndako e nde. Aimanaka na Yesu ko amohɔdjɔkɔ: «Odi Mokondji o bayuda?».,"Pilate rentra dans le prétoire, appela Jésus, et lui dit: Es-tu le roi des Juifs?."
JHN.18.34,Yesu amosɔmbedjaka: «Obali bea wɛ mɛnɛ kaoko bato bakina babali na wɛ tina e mbi?».,"Jésus répondit: Est-ce de toi-même que tu dis cela, ou dautres te lont-ils dit de moi?."
JHN.18.35,"Pilato asɔmbedjaka: «Mbi naimei moyuda? Bato bia ba ekomi e wɛ ko bakondji ba banganga ba Ndjakomba baopundi adi mbi, modjɔ mokɔi wɛ nda?».","Pilate répondit: Moi, suis-je Juif? Ta nation et les principaux sacrificateurs tont livré à moi: quas-tu fait?."
JHN.18.36,"Yesu asɔmbedjaka: «Bokumu bo mbi boditi bokumu bo ngondo ye; ekadabo bokumu bo mbi bodae bo ngondo ye, basali ba mbi bakɔki ana bila tine mbi, bɛngi nadae pɛ bopama ta mɔmɔ ma bakondji ba bayuda. Endolo ngasa, bokumu bo mbi boditi bo ngondo ye.».","Mon royaume nest pas de ce monde, répondit Jésus. Si mon royaume était de ce monde, mes serviteurs auraient combattu pour moi afin que je ne fusse pas livré aux Juifs; mais maintenant mon royaume nest point dici-bas."
JHN.18.37,"Na bea Pilato abalaka na nde: «Odi mɛnɛ Kumu?» Yesu asɔmbedjaka: «Wɛ moto obali boo: nadi Mokondji . Nabotama ko nadua ta ngondo tine bopa tati ta tina e soti. Moto odi ta dɔngɔ i soti, akɔke meako mikabale mbi.».","Pilate lui dit: Tu es donc roi? Jésus répondit: Tu le dis, je suis roi. Je suis né et je suis venu dans le monde pour rendre témoignage à la vérité. Quiconque est de la vérité écoute ma voix."
JHN.18.38,"Pilato amohɔdji naikina: «Edi soti nde?» Ngɔngɔ imibalo mia, Pilato aimaka naikina adi bayuda ko abalaka na bu: «Naeniti nongo modjɔ moboloma momi yo ta bogwa.","Pilate lui dit: Quest-ce que la vérité? Après avoir dit cela, il sortit de nouveau pour aller vers les Juifs, et il leur dit: Je ne trouve aucun crime en lui."
JHN.18.39,"Elenge alamano na bokɔkɔ bo di na nu, botingoa mobɔlɔkɔ omɔti ta enɔeli ta tɛkɛ e Pasika. Wapalakani notingoeni Mokondji o bayuda?».","Mais, comme cest parmi vous une coutume que je vous relâche quelquun à la fête de Pâque, voulez-vous que je vous relâche le roi des Juifs?."
JHN.18.40,"Bamosɔmbedjaka na bogama: «Ngasa, te moto yona! Endolo Balaba moto apalaka so!» Enakobea, Balabase adaka mowoi .","Alors de nouveau tous sécrièrent: Non pas lui, mais Barabbas. Or, Barabbas était un brigand."
JHN.19.1,Na bea Pilato abalaka baimedje Yesu ko bamobome mbalake.,"Alors Pilate prit Jésus, et le fit battre de verges."
JHN.19.2,"Basoda bayoaka egbala endjubɛ, baebakeaka Yesu ta molo ko bamolwadjaka esendja ekpetu .","Les soldats tressèrent une couronne dépines quils posèrent sur sa tête, et ils le revêtirent dun manteau de pourpre; puis, sapprochant de lui."
JHN.19.3,"Babatamaka mbuti na nde ko babalaka: «Bwanda, Mokondji o bayuda!» Ko bamobomaka.","ils disaient: Salut, roi des Juifs! Et ils lui donnaient des soufflets."
JHN.19.4,"Pilato aimaka naikina ko abalaka na bayuda: «Ambani, nadoi amoimedja sokolu, bɛngi odjebeni boo nadihiti nongo modjɔ mobe tine bolenea moto iyo etumbo e bogwa.».","Pilate sortit de nouveau, et dit aux Juifs: Voici, je vous lamène dehors, afin que vous sachiez que je ne trouve en lui aucun crime."
JHN.19.5,Na bea Yesu aimaka; alwaka egbala e ndjubɛ ko esendja ekpetu. Ko Pilato abalaka na bu: «Endjani moto!».,"Jésus sortit donc, portant la couronne dépines et le manteau de pourpre. Et Pilate leur dit: Voici lhomme."
JHN.19.6,"Endolo ehole emoenɛkɛ bakumu ba banganga ba Ndjakomba ko na babanei, bagamaka: «Mobaka ta ekulusu! Mobaka ta ekulusu!» Pilato abalaka na bu: «Kɛni amobakeni no bɛnɛ ta ekulusu, tengasa mbi nadihiti modjɔ mobe mo bomolenea etumbo e bogwa.».","Lorsque les principaux sacrificateurs et les huissiers le virent, ils sécrièrent: Crucifie! Crucifie! Pilate leur dit: Prenez-le vous-mêmes, et crucifiez-le; car moi, je ne trouve point de crime en lui."
JHN.19.7,"Bayuda bamosɔmbedjaka: «Lodi na mobeko ko bokimana mobeko momina atungi na bogwa, tengasa asimedjaka boo adi Mwana o Ndjakomba .».","Les Juifs lui répondirent: Nous avons une loi; et, selon notre loi, il doit mourir, parce quil sest fait Fils de Dieu."
JHN.19.8,"Ehole eokaka Pilato mibalo mimina, aimeaka naikina na bɔɔ.","Quand Pilate entendit cette parole, sa frayeur augmenta."
JHN.19.9,Akweaka ta ndako ko ahɔdjɔkɔ Yesu: «Odi oekomi nda?» Endolo Yesu aimosɔmbedjaka.,"Il rentra dans le prétoire, et il dit à Jésus: Doù es-tu? Mais Jésus ne lui donna point de réponse."
JHN.19.10,Na bea Pilato abalaka na nde: «Oloni bosɔmbedjani? Otadjebaka mbi nadi na kpatsi e botingoa ko pongono ebobakedja ta ekulusu?».,"Pilate lui dit: Est-ce à moi que tu ne parles pas? Ne sais-tu pas que jai le pouvoir de te crucifier, et que jai le pouvoir de te relâcher?."
JHN.19.11,"Yesu amosɔmbedjaka: «Akɔki wɛ da na kpatsi diko i mbi emitida yena epamaka na wɛ donga o diko. Na tina emina, moto yona okabini adi wɛ adi na lindo bonɔ wɛ.».","Jésus répondit: Tu naurais sur moi aucun pouvoir, sil ne tavait été donné den haut. Cest pourquoi celui qui me livre à toi commet un plus grand péché."
JHN.19.12,"Oko ta ehole emina, Pilato ahombaka enɔi e botingoa Yesu. Endolo bayuda bagamaka: «Okatingoa momi iyo, oditi mwange e Sedjale! Moto yona wasatukoaka mokondji, adi moloni o Sedjale!».","Dès ce moment, Pilate cherchait à le relâcher. Mais les Juifs criaient: Si tu le relâches, tu nes pas ami de César. Quiconque se fait roi se déclare contre César."
JHN.19.13,"Ngɔngɔ i Pilato boka mibalo mimina, aimedjaka Yesu sokolu; adaa o diko ta polo e esambi ekabebo «Gabata» ta monɔkɔ mo baebele .","Pilate, ayant entendu ces paroles, amena Jésus dehors; et il sassit sur le tribunal, au lieu appelé le Pavé, et en hébreu Gabbatha."
JHN.19.14,"Edaka busa bo mosalingo mo tɛkɛ e Pasika, ta ngonga e midi . Pilato abalaka na bayuda: «Endjani mokondji o bino!».","Cétait la préparation de la Pâque, et environ la sixième heure. Pilate dit aux Juifs: Voici votre roi."
JHN.19.15,Endolo bagamaka: «Agwɛ! Agwɛ! Mobaka ta ekulusu!» Pilato abalaka na bu: «Wapalakani nabake kumu o bino ta ekulusu?» Bakondji ba banganga ba Ndjakomba basɔmbedjaka: «Loditi na kumu okina oko Sedjale.».,"Mais ils sécrièrent: Ote, ôte, crucifie-le! Pilate leur dit: Crucifierai-je votre roi? Les principaux sacrificateurs répondirent: Nous navons de roi que César."
JHN.19.16,"Na bea Pilato abapaka Yesu, bɛngi bamobake ta ekulusu. Na bea bakɛkɛ na Yesu.","Alors il le leur livra pour être crucifié. Ils prirent donc Jésus, et lemmenèrent."
JHN.19.17,"Yesu atombaka ekulusu e nde yo mɛnɛ, aimaka ta ngando enɛnɛ ta polo ebeamaka «Egɔgɔlɔ e molo» ebeamaka «Gologota» ta monɔkɔ mo baebele .","Jésus, portant sa croix, arriva au lieu du crâne, qui se nomme en hébreu Golgotha."
JHN.19.18,"Edaka oho polo ebakaka ba soda Yesu ta ekulusu. Oko ta ehole emina, babakaka bami bakina babae ta ekulusu, omɔti ta ebɔ e bami okina ta ebɔ e bali Yesu adaka ndanda e bobo.","Cest là quil fut crucifié, et deux autres avec lui, un de chaque côté, et Jésus au milieu."
JHN.19.19,"Pilato atombaka moibaya o ikomi ko aibakaka ta diko i ekulusu. Bakomaka ta ibaya imina: «Yesu o Nasaleta, mokondji o bayuda.».","Pilate fit une inscription, quil plaça sur la croix, et qui était ainsi conçue: Jésus de Nazareth, roi des Juifs."
JHN.19.20,"Bayuda banɛnɛ balangaka ikomi imina, tengasa polo ebakabo Yesu ta ekulusu edaka mbuti na ngando enɛnɛ. Ikomi imina ikomama na monɔkɔ mo baebele, na latɛ ko na gɛlɛki.","Beaucoup de Juifs lurent cette inscription, parce que le lieu où Jésus fut crucifié était près de la ville: elle était en hébreu, en grec et en latin."
JHN.19.21,"Na bea bakondji ba banganga ba bayuda babalaka na Pilato: «Pɛ bokoma ikomi di kumu o bayuda, endolo obwani bokoma: Moto yona abalaka, adi kumu o bayuda.».",Les principaux sacrificateurs des Juifs dirent à Pilate: Nécris pas: Roi des Juifs. Mais écris quil a dit: Je suis roi des Juifs.
JHN.19.22,"Pilato asombedjaka: «Eka ekomi mbi, ediki oko bea.».","Pilate répondit: Ce que jai écrit, je lai écrit."
JHN.19.23,"Ngɔngɔ i basoda bobaka Yesu ta ekulusu, batombaka bisendja bi nde ko babikabanaka mabondo manɛi, omɔti na omɔti na i nde ibondo. Batombaka pongono kasaka e nde, yena eda bo pɛ botonga, donga o diko mbunoko nase.","Les soldats, après avoir crucifié Jésus, prirent ses vêtements, et ils en firent quatre parts, une part pour chaque soldat. Ils prirent aussi sa tunique, qui était sans couture, dun seul tissu depuis le haut jusquen bas. Et ils dirent entre eux:."
JHN.19.24,"Basoda basabaleanaka: «Lotaekabanaka, bopele lobome djonga tine bodjeba moto waetombake!» Ekɔmɔkɔ bea bɛngi ikomi ikokedjame: «Basakabaneabi bisendja bi mbi ko babomabi djonga tine bisendja bi mbi.» Endja eka ekɔkɔ basoda.","Ne la déchirons pas, mais tirons au sort à qui elle sera. Cela arriva afin que saccomplît cette parole de lÉcriture: Ils se sont partagé mes vêtements, Et ils ont tiré au sort ma tunique. Voilà ce que firent les soldats."
JHN.19.25,"Mbuti na ekulusu e Yesu edaka nange e nde, ngɛnɛ mwali o nange nde, Malia mwali o Kelopasi ko Malia o Magadala.","Près de la croix de Jésus se tenaient sa mère et la sœur de sa mère, Marie, femme de Clopas, et Marie de Magdala."
JHN.19.26,"Ehole enɛkɛ Yesu nange e nde aemi mbuti na motingami opalaka yo; abalaka na nange e nde: «Mwali, endja mwana o wɛ momi!».","Jésus, voyant sa mère, et auprès delle le disciple quil aimait, dit à sa mère: Femme, voilà ton fils."
JHN.19.27,"Ngɔngɔ abalaka na motingami: «Endja nange e wɛ.» Oko ta ehole emina, motingami omina amotombaka adi yo.","Puis il dit au disciple: Voilà ta mère. Et, dès ce moment, le disciple la prit chez lui."
JHN.19.28,"Ngɔngɔ imina, elenge Yesu adjebaka boo misusu midaka misiake, abalaka tine bokokedjama bo ikomi: «Naoki posa e madiba !».","Après cela, Jésus, qui savait que tout était déjà consommé, dit, afin que lÉcriture fût accomplie: Jai soif."
JHN.19.29,"Edaka ena na biseli bilumake na mana ma vino e ngayi. Basoda babokeaka imbusu ta mana ma vino e ngayi , baenangaka na etape e mole mokabebo isɔpi, bamobateaka ta monɔkɔ mo Yesu.","Il y avait là un vase plein de vinaigre. Les soldats en remplirent une éponge, et, layant fixée à une branche dhysope, ils lapprochèrent de sa bouche."
JHN.19.30,"Yesu atombaka mana ma vino e ngayi emina, ngɔngɔ abalaka: «Misusu mikoki!» Na bea, asuneaka molo ko molema motsweaka.","Quand Jésus eut pris le vinaigre, il dit: Tout est accompli. Et, baissant la tête, il rendit lesprit."
JHN.19.31,"Elenge edaka busa bo mosalingo mo busa bo sabata, na bonɔ mɛnɛ sabata emina edaka isu inɛnɛ, bakondji ba bayuda baipalaka mikuku midike mibaki ta ekulusu. Na bea bahɔdjɔkɔ Pilato babuke mako ma bato ibabakama ta ekulusu ko batitedje mikuku mimina.","Dans la crainte que les corps ne restassent sur la croix pendant le sabbat, car cétait la préparation, et ce jour de sabbat était un grand jour, les Juifs demandèrent à Pilate quon rompît les jambes aux crucifiés, et quon les enlevât."
JHN.19.32,"Basoda baduaka bobuka mako ma moto o boso obakamaka engbanga na Yesu ta ekulusu, na yona o babae.","Les soldats vinrent donc, et ils rompirent les jambes au premier, puis à lautre qui avait été crucifié avec lui."
JHN.19.33,"Ehole eimeabo adi Yesu, bamoenɛ agwaka ehele; na tina emina baimobukaka mako.","Sétant approchés de Jésus, et le voyant déjà mort, ils ne lui rompirent pas les jambes;."
JHN.19.34,"Endolo omɔti o basoda amolusaka mopandje na ikɔngɔ i nde, ko makia na madiba maimaka.","mais un des soldats lui perça le côté avec une lance, et aussitôt il sortit du sang et de leau."
JHN.19.35,Moto oenɛkɛ meako mimina apaka tati ko tati e nde idi soti. Adjebaka boo abalaka soti. Apaka tati emina e bɛngi ino pongono odimeni .,"Celui qui la vu en a rendu témoignage, et son témoignage est vrai; et il sait quil dit vrai, afin que vous croyiez aussi."
JHN.19.36,"Na bea, meako mimina mimeaka bɛngi ikomi ikokedjame: «Pɛ nongo mokua mo nde mobukeabi .».","Ces choses sont arrivées, afin que lÉcriture fût accomplie: Aucun de ses os ne sera brisé."
JHN.19.37,Ko makomi makina mabali: «Baendjabi yona olusakabo mopandje .».,Et ailleurs lÉcriture dit encore: Ils verront celui quils ont percé.
JHN.19.38,"Ngɔngɔ imina, Esepu, moto o Alimatayo , asɛngɛkɛ enɔi adi Pilato bɛngi boo atombe mokuku mo Yesu. Esepu adaka omɔti o batingami ba Yesu, endolo ta mbombi tine adaka na bɔɔ bo bakondji ba bayuda. Ko pilato amopaka. Na bea Esepu akɛkɛ atomba mokuku mo Yesu.","Après cela, Joseph dArimathée, qui était disciple de Jésus, mais en secret par crainte des Juifs, demanda à Pilate la permission de prendre le corps de Jésus. Et Pilate le permit. Il vint donc, et prit le corps de Jésus."
JHN.19.39,"Nikodɛmɛ, yona okɛkɛ botanea Yesu na bulu, aduaka pongono ko amolwɛkɛ munɛ mobongoanake mbuti na kilo tuku isato i mile ko na aloe .","Nicodème, qui auparavant était allé de nuit vers Jésus, vint aussi, apportant un mélange denviron cent livres de myrrhe et daloès."
JHN.19.40,"Na bea batombaka mokuku mo Yesu, bamodingaka na bipasa bi bisendja bipu ko bamosopeaka misoloa mi so e itindi elenge bayuda, ta makɔkɔ ma bobo, bakakɔe ta ehole ekapusebo mikuku mi bobo.","Ils prirent donc le corps de Jésus, et lenveloppèrent de bandes, avec les aromates, comme cest la coutume densevelir chez les Juifs."
JHN.19.41,"Enakobea edaka na gbie emɔti ta polo ebakaka bo Yesu, edaka ena na ikila iyanie ida bo pɛ bopusea moto boso.","Or, il y avait un jardin dans le lieu où Jésus avait été crucifié, et dans le jardin un sépulcre neuf, où personne encore navait été mis."
JHN.19.42,"Elenge edaka busa bo mosalingo mo busa bo sabata e bayuda ko ikila idaka mbuti, basambeaka mokuku mo Yesu.","Ce fut là quils déposèrent Jésus, à cause de la préparation des Juifs, parce que le sépulcre était proche."
JHN.20.1,"Ta ehuma e busa bo eyenga, na mohindihindi, Malia e Magadala akɛkɛ ta ikila. Aenɛkɛ ibanga idongaka ta monɔkɔ mo ikila.","Le premier jour de la semaine, Marie de Magdala se rendit au sépulcre dès le matin, comme il faisait encore obscur; et elle vit que la pierre était ôtée du sépulcre."
JHN.20.2,"Na bea apotaka tine bokatɔndea Simo Piɛlɛ ko na motingami okina, yona opalaka Yesu. Abalaka na bu: «Badongedji Kumu ta ikila ko lotadjebaka polo emoisibo.».","Elle courut vers Simon Pierre et vers lautre disciple que Jésus aimait, et leur dit: Ils ont enlevé du sépulcre le Seigneur, et nous ne savons où ils lont mis."
JHN.20.3,Piɛlɛ na motingami okina bakɛkɛ ko baimeaka ta ikila.,"Pierre et lautre disciple sortirent, et allèrent au sépulcre."
JHN.20.4,Bapotaka bo basusu babae; endolo yona okina motingami apotaka bonɔ Piɛlɛ ko aimeaka boso ta ikila.,"Ils couraient tous deux ensemble. Mais lautre disciple courut plus vite que Pierre, et arriva le premier au sépulcre;."
JHN.20.5,"Asunamaka tine boendja ko aenɛkɛ bipasa bi bisendja bipu bisambi ena, endolo aikweaka.","sétant baissé, il vit les bandes qui étaient à terre, cependant il nentra pas."
JHN.20.6,"Simo Piɛlɛ, yona omokimanaka, aimeaka ko akweaka ta tei e ikila. Aenɛkɛ bipasa bi bisendja bipu bisambi ena.","Simon Pierre, qui le suivait, arriva et entra dans le sépulcre; il vit les bandes qui étaient à terre."
JHN.20.7,"na pongono esendja epu ehuwakabo molo mo Yesu. Esendja emina eidaka polo emɔti na bipasa bia, endolo edingamaka pamba ekina.","et le linge quon avait mis sur la tête de Jésus, non pas avec les bandes, mais plié dans un lieu à part."
JHN.20.8,"Na bea motingami yona okina, yona oimeaka boso ta ikila, akweaka pongono. Aenɛkɛ ko adimaka.","Alors lautre disciple, qui était arrivé le premier au sépulcre, entra aussi; et il vit, et il crut."
JHN.20.9,Tengasa batingami baipaka sipoa ikomi ibalaka boo Yesu apusuake ta ndanda e bago .,"Car ils ne comprenaient pas encore que, selon lÉcriture, Jésus devait ressusciter des morts."
JHN.20.10,Ngɔngɔ batingami babae basɔmbɔkɔ adi bo.,Et les disciples sen retournèrent chez eux.
JHN.20.11,"Malia aemaka mbuti na ikila, sokolu ko adaka boyea. Ehole eeyaka yo, asumanaka tine boindja ta tei e ikila;.","Cependant Marie se tenait dehors près du sépulcre, et pleurait. Comme elle pleurait, elle se baissa pour regarder dans le sépulcre;."
JHN.20.12,"aenɛkɛ babwɛndji babae balwali bisendja bipu badaka ta polo esambeakabo mokuku mo Yesu, omɔti ta molo, okina ta mako.","et elle vit deux anges vêtus de blanc, assis à la place où avait été couché le corps de Jésus, lun à la tête, lautre aux pieds."
JHN.20.13,Babwɛndji bahɔdjɔkɔ Malia: «Tina aeyaka wɛ nda?» Abasɔmbedjaka: «Badongedji Kumu o mbi ko natadjebaka polo emosambei bo.».,"Ils lui dirent: Femme, pourquoi pleures-tu? Elle leur répondit: Parce quils ont enlevé mon Seigneur, et je ne sais où ils lont mis."
JHN.20.14,"Ngɔngɔ i bobala na bu, ahombanaka ko aenɛkɛ Yesu aemi ena, enakobea aidjebaka boo edaka Yesu.","En disant cela, elle se retourna, et elle vit Jésus debout; mais elle ne savait pas que cétait Jésus."
JHN.20.15,"Yesu amohɔdjɔkɔ: «Aeyaka wɛ nde, wahombaka nda?» Alɛdjekɛ boo edaka mobanei o gbie, na tina emina abalaka: «Tata, ekada wɛ moto omodongedji, tɔndeani polo emosambei wɛ ko nakɛke amotomba.».","Jésus lui dit: Femme, pourquoi pleures-tu? Qui cherches-tu? Elle, pensant que cétait le jardinier, lui dit: Seigneur, si cest toi qui las emporté, dis-moi où tu las mis, et je le prendrai."
JHN.20.16,Yesu abalaka na nde: «Malia!» Ahombanaka ko abalaka na nde na monɔkɔ mo baebele: «Labuni!» Etingodji «Molehi».,"Jésus lui dit: Marie! Elle se retourna, et lui dit en hébreu: Rabbouni! Cest-à-dire, Maître!."
JHN.20.17,"Yesu abalaka na nde: «Pɛ bopeani, tengasa naiweakini adi Sesa. Endolo kɛɛ atɔndea bange i mbi boo mbi nakɛi adi Sesa yona odi pongono Sange e bino, adi Ndjakomba o mbi odi pongono Ndjakomba o bino.».","Jésus lui dit: Ne me touche pas; car je ne suis pas encore monté vers mon Père. Mais va trouver mes frères, et dis-leur que je monte vers mon Père et votre Père, vers mon Dieu et votre Dieu."
JHN.20.18,"Na bea, Malia e Magadala akɛkɛ adi batingami ko abatɔndeaka: «Naeni Kumu!» Ko abatɔndeaka misusu imibalaka yo na nde.","Marie de Magdala alla annoncer aux disciples quelle avait vu le Seigneur, et quil lui avait dit ces choses."
JHN.20.19,"Oko ta mɔmɔkɔ momina mo busa bo eyenga, batingami baputoanaka ta ndako. Badipaka bikukɛ na pongola, tengasa badaka na bɔɔ bo bakondji ba Bayuda. Yesu aduaka ko aemaka ta ndanda e bobo. Abalaka na bu: «Bogo bodae na nu!».","Le soir de ce jour, qui était le premier de la semaine, les portes du lieu où se trouvaient les disciples étant fermées, à cause de la crainte quils avaient des Juifs, Jésus vint, se présenta au milieu deux, et leur dit: La paix soit avec vous!."
JHN.20.20,"Ehole ebalaka yo na bu bea, abainedjaka mɔmɔ ma nde ko na mopandje mo nde. Batingami balumaka na mongandi aboenɛ Kumu.","Et quand il eut dit cela, il leur montra ses mains et son côté. Les disciples furent dans la joie en voyant le Seigneur."
JHN.20.21,"Yesu abalaka na bu naikina: «Bogo bodae na nu! Elenge Sesa alomani yo, mbi pongono nolomakani.».","Jésus leur dit de nouveau: La paix soit avec vous! Comme le Père ma envoyé, moi aussi je vous envoie."
JHN.20.22,"Ngɔngɔ ibobala bea, abahuweya mohuli ko abalaka na bu: «Asɔni Mwembo Mosɛnɔke!.","Après ces paroles, il souffla sur eux, et leur dit: Recevez le Saint-Esprit."
JHN.20.23,"Adi bia bayɛkɛbi no mabe ma bobo, bayɛmɛbi; adi bia balonabi no boyɛ mabe ma bobo, mayɛmetebi .».","Ceux à qui vous pardonnerez les péchés, ils leur seront pardonnés; et ceux à qui vous les retiendrez, ils leur seront retenus."
JHN.20.24,"Enakobea, omɔti o batingami domi na babae, Toma obeakabo ipasa, aidaka engbanga na bu, ehole esenɛmedjaka Yesu na bu.","Thomas, appelé Didyme, lun des douze, nétait pas avec eux lorsque Jésus vint."
JHN.20.25,"Batingami bakina bamotɔndeaka: «Iso loeni Kumu!» Endolo Toma abasɔmbedjaka: «Namiti enɛ embete esɛtɛ ta mɔmɔ ma nde na miso ko namiti isa mosapi mo mbi ta polo esɛtɛ ko ebɔ e mbi ta mopandje mo nde, natadimake !».","Les autres disciples lui dirent donc: Nous avons vu le Seigneur. Mais il leur dit: Si je ne vois dans ses mains la marque des clous, et si je ne mets mon doigt dans la marque des clous, et si je ne mets ma main dans son côté, je ne croirai point."
JHN.20.26,"Ngɔngɔ i pɔsɛ emɔti, batingami ba Yesu badaka naikina ta ndako, ko Toma adaka engbanga yena na bu. Enakobea bikukɛ bikangamaka na pongola, Yesu akweaka ko aemaka ta ndanda e bobo. Abalaka: «Bogo bodae na nu!».","Huit jours après, les disciples de Jésus étaient de nouveau dans la maison, et Thomas se trouvait avec eux. Jésus vint, les portes étant fermées, se présenta au milieu deux, et dit: La paix soit avec vous!."
JHN.20.27,"Ngɔngɔ abalaka na Toma: «Isa mosapi mo wɛ iya, endja mɔmɔ ma mbi; lindedja ebɔ ko isa mosapi ta mopandje mo mbi. Kina bokakoana endolo dima. Kina kitɛ!».","Puis il dit à Thomas: Avance ici ton doigt, et regarde mes mains; avance aussi ta main, et mets-la dans mon côté; et ne sois pas incrédule, mais crois."
JHN.20.28,Toma amosɔmbedjaka: «Kumu o mbi ko Ndjakomba o mbi!».,Thomas lui répondit: Mon Seigneur et mon Dieu! Jésus lui dit:.
JHN.20.29,Yesu amosɔmbedjaka: «Odimi tine oenini? Sepi adi bia badimake napɛ boenɛni!».,"Parce que tu mas vu, tu as cru. Heureux ceux qui nont pas vu, et qui ont cru!."
JHN.20.30,"Yesu akɔkɔ naikina ta boso bo batingami ba nde bimbete binɛnɛ bi ngindola, ibidama pɛ bokomama ta buku iye.","Jésus a fait encore, en présence de ses disciples, beaucoup dautres miracles, qui ne sont pas écrits dans ce livre."
JHN.20.31,"Endolo imi mikomami, mikomama bɛngi odimeni boo Yesu adi Kilito, Mwana o Ndjakomba. Ko okamodimeani, odiabini bomɔ na kombe e nde.","Mais ces choses ont été écrites afin que vous croyiez que Jésus est le Christ, le Fils de Dieu, et quen croyant vous ayez la vie en son nom."
JHN.21.1,"Ngɔngɔ imina, Yesu asinedjaka naikina adi batingami, ta ibongu i ibeke i Tibelia. Endja moda mosinedjaka yo na bu:.","Après cela, Jésus se montra encore aux disciples, sur les bords de la mer de Tibériade. Et voici de quelle manière il se montra."
JHN.21.2,"Simo Piɛlɛ, Toma, obeakabo ipasa, Natanɛlɛ, odaka moto o Kanana, e ngando e Galilea, bana ba Djebede ko na batingami bakina babae ba Yesu, badaka na bu engbanga.","Simon Pierre, Thomas, appelé Didyme, Nathanaël, de Cana en Galilée, les fils de Zébédée, et deux autres disciples de Jésus, étaient ensemble."
JHN.21.3,"Simo Piɛlɛ amosɔmbedjaka: «Nakɛi aluba.» Bamosɔmbedjaka: «Iso pongono, lakɛkɛ na wɛ.» Bakɛkɛ ko batiteaka ta bwato. Endolo baitaedjaka nongo moswi emɔti ta bulu bua.","Simon Pierre leur dit: Je vais pêcher. Ils lui dirent: Nous allons aussi avec toi. Ils sortirent et montèrent dans une barque, et cette nuit-là ils ne prirent rien."
JHN.21.4,"Ehuma mɛnɛ, Yesu aemaka ena, ta ibongu i ibeke, endolo batingami baisipoaka boo edaka Yesu.","Le matin étant venu, Jésus se trouva sur le rivage; mais les disciples ne savaient pas que cétait Jésus."
JHN.21.5,"Na bea Yesu abalaka na bu: «Bana, oditini nongo na moeka o boyaka?» Bamosɔmbedjaka: «Ngasa».","Jésus leur dit: Enfants, navez-vous rien à manger? Ils lui répondirent: Non."
JHN.21.6,"Abalaka na bu: «Dumbani modjanga ta dɔngɔ i ebɔ e bami e bwato ko wataedjakeni swi.» Na bea badumbaka modjanga ko baihɔnɔkɔ bomotuba ta madiba, tine boo molumaka na swi.","Il leur dit: Jetez le filet du côté droit de la barque, et vous trouverez. Ils le jetèrent donc, et ils ne pouvaient plus le retirer, à cause de la grande quantité de poissons."
JHN.21.7,"Motingami yona opalaka Yesu abalaka na Piɛlɛ: «Edi Kumu!» Ehole eoka Simo Piɛlɛ kɔpi emina: «Edi Kumu»; alwaka esendja e nde, tine boo ayeihwaka ehole elubaka yo ko asadumbaka ta madiba.","Alors le disciple que Jésus aimait dit à Pierre: Cest le Seigneur! Et Simon Pierre, dès quil eut entendu que cétait le Seigneur, mit son vêtement et sa ceinture, car il était nu, et se jeta dans la mer. :."
JHN.21.8,"Batingami bakina balindaka bwato mbunoko ibongu ko batubaka modjanga molumake na swi: baidaka bohali na ngondo, mbuti na bamɛtɛlɛ mokama.","Les autres disciples vinrent avec la barque, tirant le filet plein de poissons, car ils nétaient éloignés de terre que denviron deux cents coudées."
JHN.21.9,"Ehole esɛmɛkɛ bo o ngondo, bataneaka mosa mo maalo na swi batumbake ko na mwɛmbɛ.","Lorsquils furent descendus à terre, ils virent là des charbons allumés, du poisson dessus, et du pain."
JHN.21.10,Yesu abalaka na bu: «Duani na ndambo e swi etaedji no.».,Jésus leur dit: Apportez des poissons que vous venez de prendre.
JHN.21.11,"Simo Piɛlɛ atiteaka ta bwato ko atubaka modjanga o ngondo molumake na swi ba gbɔbgɔ: mokama na tuku itano na basato. Nongo bonɛnɛ boswi imina, mondjanga moiyaleanaka.","Simon Pierre monta dans la barque, et tira à terre le filet plein de cent cinquante-trois grands poissons; et quoiquil y en eût tant, le filet ne se rompit point."
JHN.21.12,Yesu abalaka na bu: «Dua ayakeni.» Pɛ nongo motingami omohɔdjɔkɔ: «Wɛ nda?» Tengasa badjebaka boo edaka Kumu.,"Jésus leur dit: Venez, mangez. Et aucun des disciples nosait lui demander: Qui es-tu? Sachant que cétait le Seigneur."
JHN.21.13,"Yesu abatamaka, atombaka mwɛmbɛ ko abakabaneaka; akɔkɔ bea pongono na moswi.","Jésus sapprocha, prit le pain, et leur en donna; il fit de même du poisson."
JHN.21.14,"Yena edaka mbala e basato e Yesu bosinedja na batingami ba nde, donga ta bopusoa bo nde ta tei e bago.",Cétait déjà la troisième fois que Jésus se montrait à ses disciples depuis quil était ressuscité des morts.
JHN.21.15,"Ngɔngɔ iboyaka, Yesu ahɔdjɔkɔ Simo Piɛlɛ: «Simo, mwana o Yoane, wapalakani bonɔ iluu losusu?» Asɔmbedjaka: «Okobea Mokondji, odjebi bopele boo nakopale.» Yesu abalaka na nde: «Banea bhata ba mbi.».","Après quils eurent mangé, Jésus dit à Simon Pierre: Simon, fils de Jonas, maimes-tu plus que ne maiment ceux-ci? Il lui répondit: Oui, Seigneur, tu sais que je taime. Jésus lui dit: Pais mes agneaux."
JHN.21.16,"Abalaka na nde mbala e babae: «Simo, mwana o Yoane, wapalakani?» Asombedjaka: «Okobea Kumu, odjebi bopele boo nakopale.» Yesu abalaka na nde: «Banea bhata ba mbi.».","Il lui dit une seconde fois: Simon, fils de Jonas, maimes-tu? Pierre lui répondit: Oui, Seigneur, tu sais que je taime. Jésus lui dit: Pais mes brebis."
JHN.21.17,"Ngɔngɔ amohɔdjɔkɔ naikina mbala e basato: «Simo, mwana o Yoane, wapalakani?» Na bea Piɛlɛ alumaka na ndjokwa na mahɔdjɔ mamohɔdjɔkɔ Yesu mbala i sato: «Wapalakani?» Ko asɔmbedjaka: «Kumu okadjebe meako misusu; odjebi boo nakopale!» Yesu abalaka na nde: «Banea bhata ba mbi .","Il lui dit pour la troisième fois: Simon, fils de Jonas, maimes-tu? Pierre fut attristé de ce quil lui avait dit pour la troisième fois: Maimes-tu? Et il lui répondit: Seigneur, tu sais toutes choses, tu sais que je taime. Jésus lui dit: Pais mes brebis."
JHN.21.18,"Okobea, nabalaka na wɛ, edi soti: ehole edaka wɛ yɛngɛ, osanangaka mosenge wɛ mɛnɛ ko okɛkɛ ta polo ipalaka wɛ. Endolo ehole eimeake wɛ mobange, waninodjake mɔmɔ ma wɛ, okina moto aolwadjake mosenge ko akɛke na wɛ ta polo edi wɛ pɛ boda na posa e bokɛ.».","En vérité, en vérité, je te le dis, quand tu étais plus jeune, tu te ceignais toi-même, et tu allais où tu voulais; mais quand tu seras vieux, tu étendras tes mains, et un autre te ceindra, et te mènera où tu ne voudras pas."
JHN.21.19,Abalaka bea tine boinedja moda mo bogwa bo Piɛlɛ agwake yo tine bokumedja Ndjakomba. Na bea Yesu abalaka na nde: «Kimanani!».,"Il dit cela pour indiquer par quelle mort Pierre glorifierait Dieu. Et ayant ainsi parlé, il lui dit: Suis-moi."
JHN.21.20,"Piɛlɛ asahombedjaka ko aenɛkɛ ta sangɔngɔ i bobo, motingami opalaka Yesu ko oekɛmɛkɛ adi Yesu ta ehole e boyaka. Yo ahɔdjɔkɔ Yesu: «Kumu, yona wokabake nda ?».","Pierre, sétant retourné, vit venir après eux le disciple que Jésus aimait, celui qui, pendant le souper, sétait penché sur la poitrine de Jésus, et avait dit: Seigneur, qui est celui qui te livre?."
JHN.21.21,"Ehole emoenɛkɛ Piɛlɛ, abalaka na Yesu: «Kumu ibea yo, eka amoimeake nda?».","En le voyant, Pierre dit à Jésus: Et celui-ci, Seigneur, que lui arrivera-t-il?."
JHN.21.22,"Yesu asɔmbedjaka: «Nakapala bo ayeyoe oko ta bodua bo mbi, mo wɛ nda? Wɛ, kimanani!».","Jésus lui dit: Si je veux quil demeure jusquà ce que je vienne, que timporte? Toi, suis-moi."
JHN.21.23,"Na bea gala enanganaka ta ndanda e badimi boo motingami omina agwɛtebi. Enakobea Yesu aibalaka na Piɛlɛ bea: «Agwɛtebi,» Endolo abalaka: «Nakapala ayeyoe mbunoko bodua bo mbi, edi na modjɔ ?».","Là-dessus, le bruit courut parmi les frères que ce disciple ne mourrait point. Cependant Jésus navait pas dit à Pierre quil ne mourrait point; mais: Si je veux quil demeure jusquà ce que je vienne, que timporte?."
JHN.21.24,Edi oko motingami yona opaka tati e meako imi misusu ko yo amikomaka. Ko iso lodjebi boo tati e nde idi soti .,"Cest ce disciple qui rend témoignage de ces choses, et qui les a écrites. Et nous savons que son témoignage est vrai."
JHN.21.25,"Yesu akɔkɔ meako mikina minɛnɛ. Basobamikoma momɔti na momɔti na meako mimina misusu, nalɛdjɛkɛ boo buku isusu ipalaka bo bokoma, ikɔkɔ koka bokwea ta ngondo esusu .","Jésus a fait encore beaucoup dautres choses; si on les écrivait en détail, je ne pense pas que le monde même pût contenir les livres quon écrirait."
