fra	nnb
Où ces photos ont-elles été prises ?	Bisosekanio bino bimiribawa hayi  ?
Prenez-en un quatre fois par jour, après les repas.	Mubye mukimya kw’ekighuma ngendo kani, oko kiro mwabirya.
J'ai besoin de quelqu'un avec qui parler.	Nama lagh’okomundu werikania naye.
Il a violé la loi.	Sialita siky’omughambo.
Est-ce que la porte était fermée ?	Olú̧kyô lwanabya lukingire ?
J'apprécie les échecs.	Ngatsemera obutatoka.
Je lui ai demandé son nom.	Munga mubulay’erina liwe.
Donnez une chance à quelqu'un d'autre.	Mutasya watikya n’owundi.
Le livre que j'ai acheté est sur la table.	Ekitabu ekyo nilya ghula kiny’oko mesa.
Mon ordinateur a cessé de fonctionner il y a quelques jours.	Ekombiotya yagh’eno siyitasya kola hamahw’ebiro ngabyenebyo.
Tom ne sait pas où il est né.	Yo Toma syaasi nga butirawahi.
Il nous faut tous apprendre à faire face à cette situation.	Kitolere itwigha eriyikakirya oko mwatsy’oyu.
Y a-t-il des plantes auxquelles vous soyez allergiques ?	Han’ebibaya ebyanga kukola nabi ?
Comment puis-je choisir un poisson frais?	Nanga sombol’erihere ryo nyithi?
Apporte-moi sa tête.	Ndeter’omutwe wiwe.
Vous pouvez faire ce qui vous chante.	Wangana kola ekyowanzire.
Prends tes cachets !	Unyw’amabaly’aghu !
C'est un joueur de tennis.	Nimusati w’etinishi.
Son père travaille à la banque.	Tata wiwe aka sib’oko bhángi.
Il est vraiment sans cœur.	Syawite mutima.
Je n'ai pas de plaintes.	Sinanga yighungumula.
Je dois m'excuser auprès de Tom.	Nanga sab’obughanyiryi bw’oko Toma.
Je pense sérieusement à déménager à Boston.	Alinga ngendi ḩ́ú̧mir'e Bostoni.
Ton amitié importe.	Obwirabwaghu butolere.
Je pense toujours que nous aurions dû inviter Tom à venir avec nous.	Nikinalengekanaya nga twangasire kughuma tuna Toma.
Il n'est pas digne de toi.	Syakutolere.
Je rêvais de devenir mannequin.	Ingananz’eribya kiminyikalyo omomyambalire y’ebindu bya makasini.
Elle n'a que quelques années de plus que moi.	Mwaliwetu oyu  anyi labiry’ebirimo birebe.
Une compréhension des gens est l'arme la plus puissante que vous puissiez détenir.	Erihulikirirana lya bandu ni mbundu yi lengir’esyo mbundu syosi.
Je n'ai rien de mieux à faire.	Sihali kindi kyuwene naga syakola.
Ne crie pas, ou tu es mort.	Wama laka, iwamakwa.
Tom ne l'a fait qu'une fois.	Yo Toma mwakola kyo kaghuma kasa.
Nous nous connaissons depuis longtemps.	Tunasyene erilwa kera.
Dans ma famille, personne n'est capable de le faire.	Omo kihanda kyaghe, sihali wangakitoka.
Nous avons voyagé à travers tout le pays.	Twabiri timb’omo mulongo wosi.
On m'a proposé le choix entre un thé et un café.	Mobaka mbwir’ambu niimaye e tsayi kutse akawa.
Thomas a une photo de sa famille sur son bureau.	Yo Toma abiri hir’ekitutu kyekihanda kiwe kyoko mesa yiwe.
On se fait à tout.	Tuka begher’ebyosi.
Je ne pense pas que quiconque me comprenne réellement.	Ngalengekanaya nga sihali nomughuma musa oyukanyowa oko kwenene.
Je commence à comprendre.	Nandi mwasa ngoowa.
Tu as entendu un bruit derrière toi.	Mukoowa olukanda lwenyuma syaghu.
Tu as commis cette erreur exprès, n'est-ce pas ?	Ulya kolerer’enabi eyi, ngateba?
Pourquoi as-tu pleuré ?	Ulya lira busanaki ?
Nous avions nos raisons.	Twanabya n’ebyaleka.
Tu dois appeler Tom immédiatement.	Birikira Toma yo hatyahatya.
C'est déjà l'été.	Omughulu w’omwisi munene abiri hika.
Ce n'est pas du chiqué.	Sibitsandire.
Tom ne m'a pas payé autant qu'il l'a promis.	Yo Toma syeta nyiriha ngoko anyi lagha.
Ils ne peuvent me voir.	Sibanga nyilangira.
Profitez de la soirée au bal.	Omo kagholo kano kekimbute, tuyisyandire.
Des monnaies antiques furent trouvées à l'intérieur de la mystérieuse tombe.	Ebitsere bya kera mobya sungw’omwisinda.
Mon père m'a emmené au cinéma hier soir.	Omokaghologholo kamuligholo, Tata mwanyilore oko bisesani.
Vous pouvez choisir le livre que vous aimez.	Wangana sombol’ekitabu ekyo wanzire.
Tu es un bon étudiant.	Uli mwigha oyuwene.
Combien en as-tu eu ?	Muka sungamo bingahi ?
Restez en ligne, s'il vous plaît.	Kishi, ubye iwune okwihunga.
Nous partons maintenant.	Eryo lino tuka ghenda.
Nous n'avons pas encore planifié nos vacances.	Situli twa teghekania eriluhuka ryenyu.
Le soleil, ça fait toute la différence.	Eryuba lika hindul’ebyosi.
Comment faisons-nous cela ?	Tuka kolabyo tuti ?
Tu dois remettre les rapports lundi.	Usubulay’omukekera omonyamwingira.
Je sais que tu te soucies de Tom.	Ninaasi ngoko una tsomene yoToma.
Je ferais pareil.	Konangana kolire nyitya.
Il se lassa bientôt.	Mwaluha luba.
Il faut que tu essaies ça.	Yirenge kino.
Je me suis descendu à son niveau.	Monayi kimirye omolulengo lwiwe.
Il aime les jeux de hasard.	Anzire alingula.
Elle m'a menti.	Mumbesa mwakanyi theba.
Nous l'avons élu maire.	Tulya musumbola mo mukama w’omulongo.
Nous avons presque fini pour aujourd'hui.	Tunemwasa tuka bugh’ebya munabwire.
Je suis devenu ami avec Tom.	Nabiribya mwira wa Toma.
Vous n'êtes jamais allé à Paris ?	Siuliwatay’eparia naho ?
Quand la fête a-t-elle lieu ?	Ekisiyisiyi kikendiby’oko mughulu wahi ?
Je dois déjeuner avec lui.	Ngandi lya naye.
Je préfère l'anglais.	Ekingeresa kyo nianzire.
Il s'inquiète pour les résultats de l'examen.	Akatikatika ngane mwenditoka oko buyilwireko.
Elle est fière d'être belle.	Omukalyoyu ayiketere obubuya bwiwe.
Père lisait souvent des romans policiers pendant son temps libre.	Thata abya abegher’erisoma esyo ndekerano akaluhuka.
Sers-toi une boisson !	Unyw’oko bwabosoma !
C'est arrivé ce matin pour vous.	Kilya kuhikira omo tututu.
La serviette ne fut pas du tout utile.	Akatsimba sikabya na mughaso wosi.
C'est mieux que le film.	Kirengir’ebisesani.
Ils vous aideront à vous réchauffer.	Wakendisya kuwatikya erikuhuhya.
Cela peut avoir de sérieuses conséquences.	Ekyo kyangana hekya mbali kumunwe.
Je préférerais vraiment ne pas savoir.	Sinaganzir’eriminya.
Qui commande ici ?	Nindi yukabugh’ ekyo muheryo hano ?
Tu as un téléphone chez toi.	Unawite enunu ewawu.
J'imagine que non.	Ngalengekanaya nyithi iyehe.
Il se met parfois en colère pour rien.	Akahitana oko hathe.
Ça n'a pas été fait auparavant.	Sikirikyata kolwa embere.
Marie se défendait.	Yo Maria inia kayilwirako.
Tu te dépêchais.	Wabya iwuka yira lubaluba.
Ce soir, mangeons dehors.	Omokagholo kano, tulire ehihya.
Dan a été profondément troublé par la mort de Linda.	Oluholo lwa Linda moluka tula ko Dani ko kutsibu.
Tu voulais me parler de liberté ?	Wabya wanzire uwanyi kanirya oko bwiranda kwe ?
Nous sommes des hommes occupés.	Tuli bandu abawite ebyerikola.
Tu as craqué pour lui, n'est-ce pas ?	Wabiri mwanza, ngateba ?
Ta femme te manque-t-elle ?	Ukwire olukando lw'omwaghu ?
C'est un livre espagnol.	Ni kitabu ekisakire omo kispanyoli.
C'est mal de dire un mensonge.	Eribugha amabehi siryuwene.
Quand avez-vous commencé à apprendre l'anglais ?	Mughulu wahi watsuk’eriigha ekingeresa ?
Tom a acheté un appareil photo comme le tien.	Yo Toma alyawul’akanunu kerihambamw’ekisosano nga kaghu.
Notre ville n'a pas encore l'eau courante.	Omuyi wetu syalyabyamw’amaghetse.
Ne ronge pas tes ongles.	Isiwa ly’esyonyala syaghu.
Elle arriva en courant, les yeux brillants.	Omumbesa mwasa akatibita, ameso inya biri palya.
Tom sera heureux de te revoir.	YoToma akandi tsem’aku langira.
Je te donnerai tout ce que tu veux.	Ngesya kuhebyosi kowanzire.
J'ai manqué mon train.	Indya hika engurubani  iya birinisigha.
J'ai acheté ces fleurs pour toi.	Nilya kughulir’amawa ano.
Elle est aussi vieille que la grand-mère du diable.	Abirikekeluha nga mukaka wa Sitani.
Je suis de ton avis.	Namaghender’oko kyaghu.
Moi non plus.	Inje iyehe.
As-tu déjà embrassé une autre nana ?	Wanabirikumbatir'owundi mumbesa ?
L'homme était trop gros pour se déplacer par lui-même.	Omulum’abya munene kundu isyanga tok’eribasula iyuwenewene.
Ma sœur est un génie !	Mwali wetu awite obwenge bunene !
Nous nous approchâmes chaque jour.	Buli kiro, mutwasa tuka begheranako.
Il prit un stylo dans sa main.	Mwimya olusaki lwomo byala biwe.
Celui qui dit A doit aussi dire B.	Oyukabugha Kino, yukana bugha na kirya.
Ce bus va-t-il à la gare ?	Engurubani erya yikayoko parkingi ?
Ne le saviez-vous pas ?	Wabya isiwasikyo kwe ?
Dieu l'a créé.	Nyamuhanga mwamuhangika.
La vengeance est un plat qui se mange froid.	Eriyikisya ni kisa kikalibawamo kyuhu.
Vous me gênez.	Mwamanikenderya.
Il est parti.	Abirighenda.
Du poisson s'il vous plaît.	Namalagha oko samaki.
Ils sont nés à un mois d'intervalle en 1970.	Babutawa oko birimo 1970 balabenieko mwisi mughuma.
Nous ne sommes pas perdus.	Enzira yotunemo situherire.
Je ne sais pas le distinguer de son frère.	Ngamusosekanaya n’omughala wabo.
Je me casse.	Namaghenda.
On a trop parlé de ce mariage.	Endw’eyo muya buyabuya abandu.
Je lui demanderai demain.	Ngesya mubuly’omungya.
Père est allé à la pêche.	Tat’abiraya soha.
En es-tu sûr ?	Unalighire kyo?
J'attachai mon chien à un arbre dans le jardin.	Ininga hang’endegheteghe yaye oko muti omo lirima.
Je pensais que j'étais en train de mourir.	Nabya nga lengekania niti namabihola.
Il n'y a pas de limites à l'univers.	Ekihugho sikirik’wenduli.
Je ferais mieux d'y aller, moi aussi.	Kitolere naghe, inaenda.
Ce bureau est différent de celui que j'ai commandé.	Ebiro eno siyisosire eyo nilya saba.
Il est à l'étranger.	Aly’omokihugho ky’ehihya.
L'éducation est importante.	Olusumba nilwandundi.
Tom était très fiable.	Abandu babya bikirye yo Toma.
Qu’est-ce que cela signifie ?	Ekyo kibuyire kitiki kwe ?
Il semble que la question était trop facile pour toi. La prochaine fois, je devrai en faire une un peu plus difficile.	Aling’eribulyo lyabya lilobiry’okwiwe. Ekindi kiro, nanganasya kalya eribulya lyo hake.
Elle sera de retour dans moins de dix minutes.	Omukali akendilwi niasubula embere sye so miniti kumi.
Y a-t-il un musée dans cette ville ?	Omomulong’ono muna ahaka bikaw’ebindu by’endundi kwe ?
Tu es chanceux que personne ne t'ait vu faire ça.	Uwite omukululo kundi sihatabya noyukakulangira uka kolakyo.
Tom a aidé son fils à s'habiller.	Yo Toma akawatikaya mughala okwambala.
Je pensais que ma tête allait exploser.	Nabya ngalengekania niti omutwe angana tulika.
C'est un grand jour.	Ni kiro kikulu.
Ne vous prenez pas tant au sérieux !	Simulwe mukayiheka !
Ils se marièrent et eurent beaucoup d'enfants.	Mobalungire, bama buta nabana banene.
Je n'aurais pas dû aller voir Tom.	Sinagayabanire yo Toma.
Ils partirent en voyage.	Mubakabalama.
Elle dit qu'elle t'appellera plus tard.	Omumbes’ati akendisya kubirikira bolo.
Je sais que tu n'as pas peur.	Ninaasi ngoko sighukwire buba.
Elle a très peur des chiens.	Mumbesa akubah’esyondegheteghe syo kutsibu.
J'attendrai ici jusqu'à ce qu'il revienne.	Ngendi linda hano erihika liwe.
Je suis certain de l'avoir déjà vu quelque part.	Ninaasi ko nabiri mulolako handu.
Puis-je emprunter votre stylo ?	Wangana ngwatikya omolusaki lwaghu ?
J'ai bu le café.	Nilya nyw'akawa.
Ce n'est pas bon de fabriquer les mêmes vieux produits, année après année.	Siryuwene erikokotya ebindu bighumerera oko buli kirimo.
J'étudie avec beaucoup d'assiduité.	Ngakol’amakangirirya n’omuhwa munene.
Tom a une maison avec piscine.	Yo Toma awit’embimban’omuli handu hanene aheri karabira oko bandu bangi.
Nous sommes conscients des risques.	Tunaashi ebistibu ebyanga hika.
Il devrait pleuvoir demain.	Embula yanga nawa omongya.
Ferme tes yeux un instant et cherche la réponse.	Lib’amaso katambi, neryo urondaye erisubiranio.
Je suis au courant.	Nyinaasi.
Il portait une grande boîte dans ses bras.	Abya ahekir’ekituba kinene omo byala biwe.
Il quitta son équipe car il ne s'entendait pas avec l'entraîneur.	Mwalw’omo kitongole kiwe kusangwa isibehulikirirana n’omughalima.
Au revoir !	Buholo !
Tom porte des lunettes.	Toma ambit'ekilangiri.
Je sais que ce n'est pas vrai.	Ninaasi ko sikwenene.
Il ne faut pas se disputer avec une femme lorsqu'elle est fatiguée.	Omughulu omukali aluhire, syalilwibawa naye.
Quelle est ta décision ?	Oko mwiso, wama bughutiki ?
C'est quelque chose que ma mère a fait.	Ekyo kyo koyo waghe aliakola.
Pense à poster la lettre sur le chemin de l'école.	Siwibirirawe ukay’ekalasi erilebek’enzakano yoko ofisi.
Quel est le meilleur plan, selon toi ?	Ekyu wene kyo, kyahi ok’wiwe ?
Tom a couru aussi vite qu'il a pu.	Yo Toma mwaka thibita kwanga toka.
Aimez-vous discuter ?	Ukananza erighambula nabandi kwe?
Nous ne faisons rien.	Situli kola kindu.
Je suis peut-être vieux, mais pas fou.	Nilimushakulu kwenene, haliwe sindi musire.
Il me demanda si je connaissais son père.	Mwanyibulya ngo ninaasi tat’iwe.
Quand est-ce que ça commence ?	Ika tsuka mughulu wahi kwe ?
J'ai commencé à apprendre le chinois la semaine dernière.	Nilya tsuk’eriigh’omubuyire wa shinoi oko yenga yahwa.
Es-tu sûr que tu vas bien ?	Uka lengekanay’uti unuwene ?
Le déjeuner est servi.	Ekiribwa kyamabi teghekanibwa.
Je vois Tom.	Nama lol’aku Toma.
J'arrangerai ça.	Ngandi tondekabyo.
Elle demanda si j'avais besoin d'un taxi.	Mwanyi bulya ati nga nina layire oko syerighenderako.
Il peut le faire beaucoup mieux que moi.	Angana kola ndeke kunyilenga.
Suivez simplement mon exemple.	Munyileberayeko.
J'ai donné à Tom de nombreuses opportunités de le faire.	Mungaha Toma yo miyisa minene yeri kolakyo.
Un petit gain vaut mieux qu'une grosse perte.	Akake k’uwiteko kalengire ebinene ebyabiri hera.
On ordonna aux forces britanniques de saisir les armes.	Mobabwira abalasi abe Ungereza bati bahamb’ebimano bya malwa.
Je veux voir ce qui se produit.	Nanziri nalebya ekikandibya.
J'ai fait mon travail.	Nabiri kol’omubiri waghe.
Elle cherche le portefeuille qu'elle a perdu.	Omumbesa abiri hery’ekila kiwe.
Tous mes enfants vont à l'école à Boston.	Abana baghe abosi bakasomer’ebostoni.
Mes parents t'adorent.	Ababuti baghe bakwanzire.
Cette boîte est lourde.	Ekitiri kino kilitohire.
Il a composé l'histoire.	Mwa ghambula omwatsi.
La vie en ville ne plaisait pas à Tom.	Obuyingo bw'o butala bweru sivutanzisya yo Toma.
Linda va préparer du café.	Yo Linda amaya huk'akawa.
Il ne s'agit pas d'argent.	Simwatsi we sende.
Les requins mangent des poissons.	Ekíhéte kika tomer'esyo hondwê.
Je veux m'assurer qu'il y en a assez.	Nianzir' inaminya ngokw'ebyosi bineho.
Nous jouâmes sur la plage.	Motwaya sátir'ok'omukokoro.
J'ai une importante mission pour vous tous.	Ngwit'omubiriw'endundi okwinywe boshi.
Cette règle ne s'applique pas à l'affaire.	Omughamb'oyo siwomwatsi oyo.
Tu te comportes comme un enfant.	Uka yitwa ng'omwana.
Le restaurant était silencieux.	Aho baka ghuliray'byalya havy'obú̧ku̧tu̧.
Je ne peux pas venir à l'instant.	Sinangalu nasa hatyáhatyâ.
Est-il probable qu'il vienne ?	Kianga tokena ina niasa kwe ?
Tout le monde à bord!	Abosi banemo!
Je ne sais presque rien sur ça.	Siniashi kyosikyosy'okwekyo.
Tom peut aider.	Yo Toma angana watikyya.
J'ai un vélo.	Ngwith'ekinga.
Je crains que ce ne soit la vérité.	Yanganaby'ekwenene.
Je prendrai votre parti juste pour cette fois.	Lero, ngendiby'oko luhande lwaghu.
Je ferais n'importe quoi pour toi.	Nangana kol'obuli mwatsi busana naghu.
Tu m'as tellement manqué !	Nabiri ku kw'olukando !
Tom me comprenait.	Yo Toma iniaka niowa.
On s'entraide.	Abandu baka watikanaya.
Ken a embrassé la fiancée de Tom.	Yo Kena mw'akumbatiry'omú̧herú̧ki wa Toma.
Il a du pognon.	Awite olu̧mbu̧ka.
Quand le chat n'est pas là, les souris dansent.	Omughul'olúbundu lutebyaho, esyo mbu̧kú̧li̧ sika yi syalandira.
Dans de nombreux endroits du monde, il n’y a pas assez de nourriture pour satisfaire aux besoins de chacun.	Omo biharo binji bye kihuho, abandu bàngi sibenguk'ekeri tola.
La mode est un cercle vicieux.	Eryanza erisuhukála nibererera haghuma.
Il nous faut un peu plus de temps.	Kumb'itwa sunga akatambi kanene.
J'ai honte d'avouer que le travail n'est pas terminé.	Nama kw'esisoni sy'eriyisingá ng’ okó sinita bugh'omubíri.
J'ai beaucoup de choses à faire aujourd'hui.	Ngwite myatsi minene y'erikola.
Je sais que j'aurais pu le faire mais je ne l'ai pas fait.	Niasi ngoko nangana kolire kyo, naho sinita kolakyo.
Je m'y joindrai.	Ngendisya hikayo.
Je savais que Tom ne voulait pas le faire, mais je voulais quand même qu'il le fasse.	Nabye iniasi ngoko yo Toma alwe isyanzir'erikola kyo, haliwe nilwe nianzir'iniakola kyo.
Tom a tourné la page quand il a rencontré Marie.	Obuyingo bwa Toma bwabiri bya buhyabuhya, okonakatambi alia hindanana mo Maria.
Tom écoutait le bruit de l'océan.	Yo Toma aby'aka hulikirir'eríhúha ly'engétse.
L'avez-vous vu à la gare ce matin ?	Unalya mu lolako ahaka by'emitoka omotututu eno kwe ?
J'avais mal à la tête donc je n'ai pas pu faire ça.	Omutwe alw'akaluma kyokilia leka inita kolakyo.
Tu ne peux pas utiliser le sien.	Siwanga kolesy'ekiwe.
On a gagné le match.	Wabiri ş́iņgán'oko kaghulughulu.
Il se cacha derrière l'arbre.	Mwayi bisa enyuma sy'omúti.
La femme s'est levée de la chaise. Et elle a jeté un coup d’œil à la porte.	Omukali mwakima oko kitumbi. Kandi mwaķ́ ebu̧liŗye okolú̧kyô.
Je ferai du beurre de cacahuètes.	Ngesya kokotia ebithutha.
Tom a dit qu'il n'avait pas faim.	YoToma aliabugha athi syakwir'embétya.
Nous réparerons ceci.	Tukandisya b̧́iņiŗyâ kino.
On ne peut pas être à deux endroits en même temps.	Omundu syanga bya habiri oko katambi kaghuma.
Elle était sur le point de l'appeler lorsqu'il entra par la porte.	Omumbes'alwaka legerér' erimubirikira, nayw'amasira oko lukyo.
Quelle est ta couleur de cheveux naturelle ?	Esyónzwirí syághu sisosire siti kwe ?
Je me demande si Tom sait ce que Mary a fait.	Ngayib̧́u̧laya̧ nga yo Toma asi ebyo Maria akolire.
Je ne suis pas du tout intéressé.	Sínzoméne.
Il tient un journal en anglais.	Aka labaya esyongulu omo kingeresa.
Une douzaine d'arbres environ furent bientôt plantés.	Emíti erıķ́u̧mí n'ébibiri ikandisha herwa.
Tout le monde le faisait.	Abandú bos'ibaka kola kyo.
Je ne suis pas déçu.	Nama yíhumwâ.
Arrête de te la raconter ! Tu n'aurais pas les moyens d'acheter une maison pareille.	Uleke eri kania kubio ! Siwanga sunga olubwele lwerighul'enyú̧mba munye.
Je ne pense pas que des enfants devraient boire de la bière.	Nga lengekanıá̧ ngoko abana sibanga nywa óbwabu̧.
Qu'as-tu l'intention de faire ?	Utakire eri kola ki kwe ?
Est-ce que ça en valait la peine?	Kiwite ndundi ?
Je suis chez une amie.	Nandi ewabo mwira waye.
Un jour, tu le regretteras.	Ekírô kighuma, ukandi sy'á̧yiķú̧byá bómó.
Tu es très timide.	Uli mú̧ku̧tu̧.
Nous n'en sommes pas fiers.	Ekyo sikye tu tsemesya.
Ne perdras-tu pas la raison ?	Siwendisya bya musire kwe ?
Je ne peux pas faire ça.	Sinanga kola kyo.
J'ai besoin de ça.	Nilaghire kukyo.
Il va peut-être neiger ce soir.	Aling'émbú̧l' ikandi wa omwigólo.
De combien de temps disposes-tu pour déjeuner ?	Ukavugha saha singah’ eriry’akalio kenzakya ?
C'est tout ce que nous pouvons faire pour le moment.	Ebyo byo twanga kola lhino.
As-tu jamais trouvé réponse à cette question ?	Sulhi wata sunga erisubirya oko kibuly’ekyo ?
Mes amis m'ont invité à dîner.	Abira baghe mobakambirikir’eriyalhya.
Restez calme !	Tulhera !
Reprenons un peu notre souffle !	Thuthasya sub’omuvunyamundu bwethu !
Je pense que Tom croit tout ce que Marie lui dit.	Ngalengekanaya Toma akikiriray’ebyo Maria aka mubwira.
Je vous laissai une note.	Ngakusighir’enzakano.
Ton arme est-elle chargée ?	Embundu yawe yinatheghekanibwe ?
Elle se tint près de lui.	Neryo mwiman’ahakuni naye.
J'ai pensé que tu serais intéressé par cela.	Mongalhengekanay'indi mbino ukandi tsemesibwa nekyo.
Nous nous embrassâmes.	Mutwa kumbatírana.
Dis-moi, dis-moi !	Mbwire, mbwire !
D'où venez-vous au Canada ?	Ukasira hayi omo Canada ?
Avec toi, c'est l'été toute l'année.	Haghuma naghu, ni kihuhany’omomwak’oghosi.
Je veux changer le monde.	Nyanzir'inabindul'ekihugho.
Il essaie de se débarrasser des fourmis.	Neryo mwalheng'erilushyakw'esyombalhi.
Le poison s'est répandu dans tout le corps.	Obúti mubwayitsatsangir'omomubiri ghosi .
J'ai peut-être heurté ses sentiments.	Alhinga munga humira esyombıņ́ga siwe.
Je ne comprends pas pourquoi tu ne veux pas faire ça.	Sinatha miny'ekikalhek'iwathakol'eki.
Je crains de ne pas avoir d'expérience.	Ngubah’erithendi minya biri.
Fais juste ce que je dis !	Kol’ekyo ngaku bwira !
Tom doit être puni pour ce qu'il a fait.	Toma angasuyirw'okwevy’alyakola.
Je ne crois pas que Tom ait fait ses devoirs lui-même.	Sinyilhengekenye yo Toma ngulhya kol’ebimulhebirye iyuwenewene.
Tom a montré à Marie la photo.	Toma mwaka kanganya Maria ye kisasimira.
Tom ferait n'importe quoi pour attirer l'attention de Marie.	Toma anga kolhir’omwilhengerera ryerikur’amaha wa Maria.
Personne ne se soucie de moi.	Sihalh’oyunzomene.
Les animaux ne sont pas des jouets !	Nesyo nyama sisyeritsangamo !
Mon père a arrêté de fumer récemment.	Tatá waghe abya biryumby’eryómotyâ hatyahatya.
Je veux simplement que les gens m'aiment.	Nyanzir’abandu ibanyanza.
La fille s'efforçait de retenir ses larmes.	Omumbesa mwayikása erıţ́atogongy’émişónia̧.
Laissez-moi vérifier le manuel.	Leká ni lebay'ekitábu.
Cet incendie de forêt a une origine naturelle.	Olu̧hıņ́di lwomú̧sıţ́u̧’oyu nilwobunya mundu.
Tom va le faire à temps.	YoToma akendi kola ky'okondambi.
Tom a demandé un conseil à Maria.	Toma mwaka sab’erihano ryoko Maria.
Je sais que Tom est à moitié endormi.	Nyinasi Toma kwabiriya thulo.
Je ne pense pas que ce soit le meilleur moment pour parler à Tom.	Sinyilhengekeniy’eno nga yendambi mbuya yeri kania na Toma.
Si elle avait été en vie, ma mère m'aurait aidé à ce moment-là.	Nyiya way'angabereho, anganywathiry’okondambieno.
La police enquête sur les causes de l'accident.	Aba puthu bakakol’obusosotya bwe kisida.
Ce garçon a un corps fort et sain.	Omú̧lwan’oyu awithe omubir'oghuwene novunyaghas’obuwene.
Le studio est très petit, sans lieu où se cacher.	Estidyo ninge, siyiwithe oh’omundu anga bisama.
Je pensais que tu voudrais peut-être savoir.	Ngalengekanay'unayisunzir'eriminya.
Soyez vu par moi !	Ulayirawe naghe!
Tom sortit un crayon.	Toma mwanahuluky’akalamu.
Les personnes âgées ont besoin de vivre pour quelqu'un.	Abandu ababirikulhya bakabya ho basana nomundu.
Quelle est le sens de cela ?	Nibwambu ki ?
Le temps est vraiment mauvais.	Obuthuku sibuwene.
Je suis très intéressé d'entendre ce que tu as à dire.	Namatsemesibwa nehyo wanzire iwabugha.
Croyez-vous vraiment nécessaire de faire cela ?	Ukalengekanay’ebyo ukasondikola ?
Ils se nourrissent surtout de lait.	Bakanyw'amásabu̧ kanji kanji.
Je ne suis qu'un garçon qui fait des erreurs.	Niri mulume oyukakosa.
Il changea d'avis.	Neryo mwabindula omukanya.
Peux-tu m'indiquer la bonne direction ?	Wanga nanganjya engend’yuwene ?
Tom est tombé dans l'eau.	Toma mwaka togher’omo lusi.
Tu sais que Tom aime la bière.	Unasi ngoko Toma anzir’obulendi.
Nous sommes sérieux.	Thunayithondekire.
Je bois.	Nga nywa.
Je ne veux pas être votre secret.	Singanabya kumbo yaghu.
Nous avons une bonne nouvelle.	Thunawith’omwatsi mubuya.
Il viendra bientôt.	Akandyasa luba.
Plus de recherches sont nécessaires.	Emirondekanyo niya muhungo.
J'ai entendu ça.	Monganowa kino.
Je ne pouvais rien y faire.	Sinanga kolir'eho kindu.
Pourquoi ne nous glissons-nous pas à nouveau à l'intérieur ?	Busanaki sitwathayitheh'emwisi ?
Tom se donne beaucoup de mal.	Toma amasukwa sukwa.
Elle parle anglais.	Omumbes'akabugha ebingeresa.
Vues d'avion, les petites collines paraissent plates.	Omwilhabira enyony’ehithwa hikehike hikabya nga buthambi.
Nous tentons de réduire les dépenses.	Thukasond’erikehy’okombanza.
Tu as dit qu'il y avait urgence.	Ulya mbwir’uthi halh’ekyalubaluba.
Est-ce vraiment possible ?	Kikatokekana ?
Tom a été surpris par ce qu'il a vu.	Toma mwaka shishira kusangwa mwakalangira .
Tu veux bien me passer le sel, s'il te plaît?	Ndabiray’omunyu, wamasonda?
En grandissant, il apprit à mettre les choses en perspective.	Abiakakula, mwayikangiriry’erithondek’ebindu.
Vous n'avez à l'évidence pas le temps.	Sighuwith’endambi.
L'opéra commence à sept heures.	Omwatsi akatsuk’oko saha nguma.
Nous ne pouvons pas continuer à nous abuser.	Sitwanga lolhy’emuliro thuka tsanga .
C'est un risque que tu dois simplement prendre.	Nibulhigh'obowangayi theghekanyako.
C'est étrange à dire, mais il ne connaissait pas la nouvelle.	Kino kikaswekaya, eribugha uthi syulughu wasy'omwats'ono.
Tom fut promu gérant.	Toma mwatheghekanibw’eribya musondolya.
Lire des livres est une de mes habitudes.	Erisom’ebithabu nikighuma kyoko mibere yaghe.
Tom a coupé la pomme en deux.	Toma mwatw’ekitsungu kyo kabiri.
Le fait est qu'ils sont trop jeunes.	Inikusangw’abosi nibalwana.
Il a dû y aller.	Angan'yire yo.
Qui frappe à la porte?	Oyuka kongot’okó lú̧kyô nindi ?
Tom n'a pas suffisamment d'argent pour acheter une voiture.	Toma syawithe okosende ndek’eriby’inyangana ghul’engurubani.
Je me demande si je peux faire ça.	Ngayibulaya ngananganakol'eki.
Tom m'a demandé comment se rendre à la poste.	Toma mwaka mbulaya ngangay’oko mukolano kwathi ?
Nous espérions que quelque chose d'intéressant surviendrait.	Thulwe thuhengekenye nga sir’ebindw’ebyuwene.
Il n'est pas facile de maîtriser l'anglais.	Kikalir’eriminy’ekingeresa.
Voudriez-vous me porter ceci au premier étage ?	Wama sonda, wangana nyihethukiry’eki omwa golhofa.
La valeur des livres était telle qu'on en prenait le plus grand soin.	Endundi ye bithabu yanga sughumathirwa kundu.
Il n'y a que cinq-cent-quatorze personnes qui soient allées dans l'espace.	Hathy’abandu maghana athanu erikumi na bane ababiriy’omokyaya.
Combien de temps faut-il d'ici à la gare ?	Hathi ndambi singahierilwa han’eriyahika oko rubaho ?
Il avait dit qu'il m'écrirait, mais il n'en fut rien.	Mwambwir’ath’akandinyisakira, alhiwe mwathita kola kyo.
Tom et Marie n'ont pas été particulièrement gentils avec moi.	Yo Toma bana Maria mobaka ni huna.
Bien qu'il soit jeune, il est très prudent.	Nomo nimulwana, anayitheghererye.
Voulez-vous contrôler les pneus ?	 Unyanzir’iwa leby’ebiringo ?
Tu n'aimes pas le chien de Tom.	Siwanzir’endeghetheghe ya Toma.
Je n'ai pas du tout peur des chiens.	Sindyubah’esyondeghetheghe.
Je devais rencontrer quelqu'un pour des affaires.	Nangasungir’omundu busana ne myatsi mingi.
Quel âge a ce livre?	Ekithab'eki kiwithe ebirimo bingahi ?
La plupart des gens aiment regarder la telé.	Abandu bangi banzir’erilheby’ebisesani.
Nous sommes pauvres, mais heureux.	Thuli bera, alhiwe thunatsemire.
Je parle anglais, et toi, quelle langue parles-tu ?	Ngabugh’ekingeresa. Nagh’ukavugh'omú̧bu̧ge ki ?
Quel sorte de jeu est-ce ?	Nibitsange muhandaki ?
Mon père travaille dans une usine.	Thatha waghe akakoler'omo kibuthe.
Il aime lire des livres.	Anzir’erisom’ebithabu.
La vie n'est pas figée.	Eribyaho sikumbo.
Il posa le livre sur la table.	Neryo mwikiry’ekithabu kyoko butara.
Bien qu'il ne fût qu'un enfant, il était très courageux.	Mwali'anabya mwana,aby’inya with’omuhwa.
Regarde ces nuages noirs.	Lhebay’obutuku obw’yomwirima.
Pourquoi les hommes ne sont-ils jamais heureux ? Parce qu'ils veulent toujours l'impossible.	Busanak’abandu sibalhi bathatsema ? Kusangwa bakanz’ebithevyangatokekana.
On est ici, à l'office de tourisme. Vous voyez ?	Thune hano ahalh’ebisenge byabangubya. Mwana masamalhira ?
Il est revenu du Canada.	Aby’abirilw’e Canada.
Ils sont en salle des professeurs.	Ban’omobisenge byabakangirirya.
Nous y allons seuls.	Thuka yayo ithwé benebene.
Mon front brûlait de fièvre.	Embú̧mo yaghe yabya iyihuhene.
Dan a été vu pour la dernière fois avec un jean bleu et une veste en cuir noir.	Yo Dan mwarangwa nerikothiry'engobi yomulhima.
Elle vivait la porte à côté de chez nous.	Inyakabuk’oholuthambi kohoka.
Sa mère a frappé à la porte.	Nyinya wiwe mw'akongot’okó lú̧kyô.
Je ne peux pas l'abandonner.	Sinanga muleka.
Nous n'avons aucune raison d'avoir honte.	Sihalhi ekyangalheka itwakwisoni.
À sept heures je serai de nouveau là.	Oko sahanguma ngiby’inyin’eyo buhyaka .
Elle n'est plus seule maintenant.	Omumbesa Lhino syakiri iyuwene.
Nous tînmes parole.	Mutwimya ekinywa.
Qu'est-ce qui se passe, ici ?	Hano, hamabya ki ?
L'as-tu fait toi-même ?	Ighunalhyakolakyo?
C'est la vie.	Ryeribyaho.
Oh ! c'est trop mignon !	Ayo ! Ki ghambire !
Je n'ai pas envie de rentrer à la maison!	Singwith’endundi yerisuba omo maka!
Je ne savais pas que Tom dormait.	Sinyilwe nyasi ngongo yo Toma alw’inyanetho.
De quoi avez-vous peur ?	Ukakwa buba bwaki ?
Dans cette boîte, je me sentais comme un poisson hors de l'eau.	Omorisanduk'eri, nyilwe ngayowa ngesamak’eyi kith’omomaghetse.
Je pense que Tom est blessé.	Ngalengekanaya Toma abiri huthala.
La vie est dure pour tout le monde.	Eribyaho ryobulhimundu rikalhire.
J'ai peur des ours.	Ngwir'obuba bwesyo nyama.
Elle a remporté le premier prix de la course.	Omumbesa mwahekir’olusathi lwe syondivitho.
J'ai du travail par-dessus la tête.	Nangwith’omukolano.
N'as-tu pas une réunion ?	Sighuwith’olukuratho ?
Monte le son de la musique !	Sumba akalhikilhiki !
Tu vas manquer le train si tu ne te dépêches pas.	Kola lubalub’ukasyathalhy’engurubani.
Non, ça ne me plait pas tant que ça.	Iyihi, sikyathanzemesya.
Peut-être a-t-il manqué le train.	Mbino abiri thalhy’engurubani ?
Puis-je savoir où vous travaillez ?	Nanganaminy’ey’ukakolhera.
Les progrès de l'homme sont sans limites.	Obukake bomundu sibunawith’omwiso.
Je vous demande pardon. Je ne pense pas que cela soit votre siège.	Ngakusab’obughanyiri. Sinyilhengekeny'obo nivwikalo bwaghu.
Tom aurait dû manger plus.	Yo Toma angalhire bingi.
C'est de la faute de Tom.	Nilolo rya Toma.
Nous mangeâmes des fruits frais après le déjeuner.	Motwalya ebighum’enyuma syerirya akalyo komo mitsangé.
Il n'est rien d'autre qu'un enfant.	Nimwana.
Mets de l'eau dans ton vin.	Leka olutseghetseghe.
C'était pour rire ?	Kilwe kyerisekya ?
Je veux fonder une famille.	Nyanzire inahir’omukali na bana.
Quel est ton restaurant de fast food préféré?	Byahi'ebisenge bwaghu ebyeriliramo?
Un café, ça te dirait ?	Twanganaya nyw'akawa ?
Je viens juste d'apprendre que mon hôtel favori a fait faillite.	Namowa ngoko lutere lwaghe lwabirithera.
Un jour tu comprendras.	Ukasyaminya kiro kighuma.
Je me rappelle l'avoir rencontrée quelque part.	Namibuka, muna musangana.
Reste hors de ma vue !	Ulw'omomes'waghe !
Combien y a-t-il de sortes ?	Hali mihanda mingahi ?
J'ai dansé.	Monga satha.
S'il a eu dix sur dix à l'examen, c'est parce qu'il a triché.	Amaby'imwakabya n’erikumi okwikum'inikusangwa mwakiba.
Tom a gardé son chapeau sur la tête.	Toma mwakaleka esapwê yiyeyokomuthwe.
Je n'ai jamais dit cela à personne auparavant.	Embere naby’isindi nathambwir’ekyo kyomundu.
La pire amie et ennemie n'est nulle autre que la mort.	Enziwu lono luholo.
Femme au volant, mort au tournant.	Omukali akenday'engurubani, no luholo hakuhi.
« J'ai rêvé de toi, hier. » « Sérieux ? Et je faisais quoi ? »	« Munakulothire, muligholo. » « Kwenene ? Ininga kola ki ? »
Fermez la trappe.	Mukinge olukyo.
Tu aimerais ça.	Wangananzir’eki.
Je n'arrive pas à croire que nous ayons finalement terminé le projet.	Sinyilengekanye tukaby'itwa biriluma ekisunzwa kyetu.
La campagne a été une réussite et il a gagné les élections.	Ewanzirendi moyathokire kandi kandi mwaka kinda obusomboli.
Je dois m'occuper de quelque chose.	Nanganakola kindu.
Je pense que sa proposition mérite réflexion.	Ngalengekanay'obulengekanya bwiwe bwangathimbwako.
Je vais corriger ceci.	Nangasya kokotya kino.
Nous vivons à proximité de la grande bibliothèque.	Tukabuka ahakuhi nekisenge kyebitabu.
Je vais vous en montrer quelques-uns.	Nikukanjya kwebighumabighuma.
Nous devons mettre à jour notre méthode pédagogique.	Twanga bindula emihanda yetu eyerikangirirya.
Les prix sont élevés ces jours-ci.	Okobiro bino akathalhi kahetukire.
Quand est-ce que t’as acheté ce portable ?	Waghul’ekisengula eki kyo mughulu wahi ?
Parfois, je souhaiterais être un petit oiseau.	Kanzi kanzi, nganza eribya nyunyunge.
Cela est tellement gênant.	Ekyo kika lheth’obulundu.
Un homme avec le ventre plein pense que personne n'a faim.	Omundu oyughuthir’akalhengekanaya ngosihali omundu oyu kwir’embetya.
J'aimerais vous donner un conseil.	Nianzir'inakuha erihano.
Tom ne m'a pas vraiment manqué.	Monyititha kw'olukando lwa Toma.
Nous vous avons gardé un siège juste là.	Mothukakusighir’ekibethe kyo halya.
Ce n'est pas quelque chose que je sais faire.	Sikindu ekyonyas’erikola.
Ils réfléchissent trop.	Bakalhengekanya bingi.
Dans cette bibliothèque, il y a beaucoup de livres.	Omu nyumb'eyi, muswir'ebithabu bingi.
Je n'ai même pas de petit ami.	Singwithe nomwira.
Tu t'aimes.	Uyanzire.
L'adolescent-pilote autour du monde est mort.	Obusuko bukasondiolhibawa nekihugho bukahola.
Y a-t-il quelque chose de nouveau au menu ?	Hane bihyaka ?
Ça ne sera pas facile.	Sikyendi tokekana.
Pourriez-vous me réveiller demain matin à sept heures moins le quart, s'il vous plaît ?	Wanganasya mbukya omonjyakya okosaha nguma eyibulhireko amathondi ikum'ni ?
Un voyage de mille milles commence par un simple pas.	Olughendo lwabandu bangi lukatsuk’okokika kighuma.
Au son du sifflet, le bateau commença à s'éloigner du port.	Okomulhenge womulhinga,eryatho moryatsuk’eribya halhioko rubaho.
Si tu te trouves piégé par un ours dans la forêt, ta meilleure option est de te mettre au sol et de faire le mort.	Wama rangik’ihutheghire nenyama yomoli, kumbe uwayithek’okokithaka ngoyuholire.
Mon oncle Bob a réparé mon horloge et maintenant elle indique l'heure correctement.	Nyoko byala waghe, Bob abya birikanisa akaghanza butuku kaghe na hathya kanemukangya endambi.
L'âme qui désire que Dieu se rende entièrement à elle, doit se rendre entièrement à lui sans rien garder pour elle.	Ekirimuekyanz’omuhangiki kikayisubiramo butsir’erisyayibika mokindu.
Allez, Joe. Ne joue pas au pantouflard. Viens à la fête avec nous ! Quand tu as dit à Nancy qu'elle était si grosse, tu as vraiment appuyé là où ça fait mal.	Joe, ghenda. Isiwasata okwebi. Asa tughende oko kisendebele. Omughul’ukambwira yo Nancy ngoko abya mungaha,ukabya iwama muthonika.
La logique et le bon sens suggèrent que la Russie, l'Union Européenne et les États-Unis doivent agir ensemble.	Emithondere ikabugha ithi,eburusi,nobughuma bwebulaya nobwe bihugho bwamerika byangakolera haghuma.
Vous avez notre permission pour inclure notre logiciel à condition de nous fournir une copie du produit final.	Munawith’ehamulhi yeringiz’ekilope kyethu nakandi imwathuh’ekyakarikyamukyo.
George Bush est le 41e président des États-Unis.	Sórosi Bushi yo mwimaniri wa makumyani nomughuma wobughuma  bwebihugho bye buamerika.
De mon côté, je ne voyage pas pour aller quelque part. Je voyage pour voyager. Le principal est de se bouger.	Okwinge, sindighenda handu. Nga balama okw'ibalama. Ekya ndundi niseghera.
Un nom respectable - monnaie au cours vraiment substantiel qui se négocie admirablement pour qui comprend comment la présenter.	Erina risikirwe - rineng'olubwele oko banasi eri lukangya nero baka lembalo, banabandu abaasi endundi yalo.
Dan a vendu de la drogue à un dangereux trafiquant de drogue.	Yo Danieli mwaka hinganay’eloho okomundu oyutuwene.
C'est l'humanité qui a perdu l'homme. Dire que cet idiot-là aurait pu être le plus heureux des animaux, s'il avait su se tenir tranquille. Mais non... il a inventé la civilisation.	Ekihugho kyokyaheraya omundu. Eribugha uthi omuthaku olhy’angatsemire kulab’esyonyama, angabere amatghok’erisighala bukuthu. Iyehee, mwa tsukisy'ekisungu.
Ma carte de crédit a été rejetée par le distributeur de billets.	Enyondi yaye m yika hana erikol'omo kighona kyo lubwele.
Ce n'est pas comme si nous devions vendre des trucs, tu vois ?	Sibwambu tuka ghulaya ebindu, wanama langira ?
Une entente parfaite entre la théorie et la pratique est quelque chose de rare.	Eki handikirwe sitiri sosa ekikakolawa.
Compter les moutons aide à s'endormir.	Erighanz'esho mbuli, rika watikya eri ghotsera.
Mon thérapeute m'a dit de me rendre dans un bar et d'entamer une conversation avec quelqu'un qui me soit tout à fait étranger.	Omuthawa waghe mwambirir'athi nyighende omo kirabo neritsuka erikanya nomundu oyonyithasi.
Tu dois t'agenouiller à mes pieds, me baiser la main et jurer que je suis un ange.	Kumbe iwayikehya, nerindyatsira okobyala neryo iwalapa kwindi malaika.
Je n'oublierai jamais de garder dans mon cœur une douce pensée pour ma chère professeur.	Sinandisibirirwa eribika omuthima waghe nobulhengekanya oko mukangirirya waghe.
Un homme qui peut conduire prudemment en embrassant une jolie dame ne consacre tout simplement pas au baiser l'attention qu'il mérite.	Omundu oyowangaghendya ndeke inyanemu kumbathir'omukalhi; syangatsomana erilyatsira erimutholhera.
Elle sortit la bouteille de champagne qu'elle avait gardée pour un événement particulier.	Neryomwalusya etsupa eyebulhendi eyabya inyabiribikira erithegheko erisikire.
Ce qui est permis à Jupiter n'est pas permis au bœuf.	Ekihamulhirwe oko yupitero sikihamulhirwe okonde.
J'aimerais que les passants arrêtent de jeter leurs canettes vides et autres ordures sur le sentier de montagne.	Sinyanzire abalabi bakusa,nerighusanga ebirindikabyab' omonzira eyo kokitwa.
Dans le système judiciaire américain, il y a douze personnes dans un jury.	Omonzira eyobusosi eyobwamerika, mulhi bandwikumi nabiri nomusosi mughuma .
Supposer que la justice fasse cela, c'est détruire le principe de son existence qui est la chose elle-même.	Erilhengekanya kobusosi bwangakola omubiri wabo,ni sambula ebighendererwako beribyaho bikuhabo kikabya ekyenebindu ikyo kikyenekyene.
Merci pour votre généreuse invitation mais nous ne voulons pas abuser de votre hospitalité.	Wasingya okwibirikiryaghu halhiwe sitwanzir'eritsanga omo bukokya bwawe.
La mutuelle de l'entreprise couvre l'ensemble des frais médicaux.	Obughuma bukalhiha esyosende esyosi silebire  amabalhya wabafanyakasi.
En Inde, la vache est un animal sacré.	Ebuhindi, ende ninyamo eyibuyirire.
Le nombre de personnes sur Facebook est supérieur à la population des États-Unis d'Amérique.	Abandu abalhi okokisesengula kye facebuke nibanji oko bahimbani abomo bughuma  bye bihugho  byebuamerika.
Dans ma vie quotidienne, je prends soin de mon corps de diverses manières afin de ne pas endommager ma santé.	Omo buyingo bwaghe wosi, nganza obuyonzo, kundi issi nyita obunyaghasa bwaye.
L'attitude du tribunal envers les jeunes criminels est différente de celle qu'il a envers les criminels adultes.	Obusosi sibuyitwa olughumerera oko musuko ngembere esyabithi bakulubakulu.
L'ensemble des nombres réels est un exemple typique de corps.	Obughuma bwemighanzo eyekwenene nikilhebelhyo  kyerighenderako.
A cheval donné on ne regarde pas les dents.	Sibelhebaya ameno awésabayıŗ́i nyirebe.
Un capitaine est chargé de ce bateau et de son équipage.	Omukulu yuwithe obuthoki boko ryatho eri nabaghendi.
Finalement, en 1314, ces jeux devinrent si violents et dangereux que le roi Edouard II créa une loi.	Okondulya, okomwaka we kighonye kighuma mughanasa erikuminini, amasatha ayo mwakala erihika okolulhengo neryo omwami Dware mwa hiraho mughambo.
C'est seulement quand je ne peux pas dormir la nuit que le tic-tac de l'horloge devient assez bruyant pour m'embêter.	Yenesahanga bul'ehitsori, momughulu e thi thai yakaghanza buthuku yikanyilhewisaya.
Nous ne serons jamais trop prudents pour faire fonctionner une centrale nucléaire.	Sitwendisyathabya nabwiheghereryo omwikolesya eributhe kyekighuma.
Il m'adressa un courrier pour m'informer que son élevage de poulets ferait faillite tôt ou tard.	Neryo mwanyiandikira akambwira okobilhebirye olútúngo lwiwelwesyongoko, aka mbwir'athi esyosende syaherir'emo.
Nous avons tendance à penser que notre temps nous appartient seulement le dimanche et pendant les vacances.	Thukalhengekanaya thuthi mbino endambi ikabya yethu omoyenga nomonduhuke.
Les enfants commencent par aimer leurs parents ; après un temps ils les jugent ; rarement, voire jamais ils ne leur pardonnent.	Abana bakatsuk'eryanza ababuthi babo; habiwa biro neryo ibaba hira okobusosi; kwabuke; nibyasibeghanyirabo.
En regardant les fleurs j'ai pensé soudain que les êtres humains aussi avaient un bon côté. Ce sont eux qui ont découvert la beauté des fleurs et ce sont aussi les humains qui peuvent l'apprécier.	Omwilangir'amawa, nabyangalhengakanya indimbwino ebi hangikwa byabya ibanawithe oluhande oluwene. Nibo benye bayafumbúla obubuya  bwamawa nakandi ngoko abandu kobabangana simakyo.
J'ignore s'il est doté de pouvoirs spéciaux ou pas, mais il est sans doute plus fort qu'un humain normal.	Sindengekenye akabya nakaghala akasikire kutse, haliwe akalhire kulaba omundu oyuluyirene.
Ces feuilles vertes deviennent rouges ou jaunes à l'automne.	Ebithi ebi bikabya ngomugombwê kutse ngomúlyánzúki omughulu wo miwisi.
Ce passage est le plus technique de ce morceau de piano. J'ai mis beaucoup de temps avant de savoir le jouer.	Akasimo kano kokakilire omo pianoeyi. Monabugha ebiro binzi emberenyithokeyo.
Je mis mes doigts dans mes oreilles pour éviter ces bruits terribles.	Neryo munahira eminwe yaghe yomomatwi ngasaghe olukanda.
Une langue acérée est plus dangereuse qu'un couteau acéré.	Olulhimi olukabughabinzi, lulhengire omuhamba owathwire.
Le propriétaire de ce bar ne vend jamais d’alcool à crédit.	Omuny'ekiraboeki kasyalhighulaya obulendi bweriyibweka.
Trouver une solution qui fonctionnait fut un processus expérimental.	Erisunga ebya byabyatholere, yabyanzira nyiri.
Jane doit arrêter de céder à son désir de chocolat.	Yo Jane kumbe inyumbya okongumbu siwe syeriri'esyosokola.
La première fois que tu rencontres une personne, tu devrais être attentive à la proximité avec laquelle tu te tiens par rapport à elle.	Ekiro ukandisunga omundu, wangakolire kundu eribya luhande okwiyo okwikwamana nohoanimene.
Manger de la glace me met toujours de bonne humeur.	Erirya eglace rikalheterabutseme bunzi.
Le crime aurait été parfait si le voleur n'avait pas oublié d'essuyer ses empreintes digitales.	Obuithi bwangaberendeke omuhungura ngwatha sangula ebisasamira biwe.
La statue de la liberté est un symbole de l'Amérique.	Ekisasamira kyobwiranda nikiminyikalo kyo buamerika.
M. Johnson a subitement changé d'avis et a signé le contrat.	Mulumuna Yohani mwalwa binduka obulhengekanya nerilwa na senya ekipapura kyobunwani.
Un coup de tonnerre soudain le réveilla.	Efuy'oyobutuku moyamubukya.
Nous avons actuellement aux États-Unis plus de gardes de sécurité pour les riches que de services de police pour les pauvres.	Lhino thuwithe ebuamerika yabalhasi bobutheya banzi aba katheghaya  abatheke nabobupolisi bakatheghaya abakubiri.
L'état ne devrait pas supprimer des droits civiques, il devrait les protéger !	Obuthabali sibwangihireho esyombanzwa syabahimbani, yangatheghiryesyo !
Mario, arrête de me traiter d'homo! Je suis hétéro !	Maria, lhekinlengekania nga nyiri ngomundu oyuka ghotsera nabalume nginje ! Indi mundu oyukalhunga noghundi mundu !
As-tu conscience du rapport entre la fumée du tabac et le cancer du poumon?	Ounasi ndeke kohane obughobyo omokathi  komuki wethaba nakásowésowê komobyahaha?
Les données à discuter ci-dessous ont été collectées de la manière suivante.	Ebyo thuka kanayak'ohondatha kobya kumawa bitya.
De nombreuses personnes ne le comprennent jamais et terminent avec un emploi au gouvernement. Comment ils font ça restera toujours un mystère.	Abandu banzi sibwawakyo neryobakahika okokik'ebabugha nomubiri omobuthabalhi . Bakakola kyo bathi kikandisyasighala kithikothiko.
M. Brun est jaloux du succès de son collègue.	Mulumuna Buruna alhineritsur'okomenge homwira wiwe.
Un entrepôt plein de feux d'artifice a explosé et a détruit un pâté de maison entier.	Ekighona  kyesyo tahu tahu syamasatha moyikahutukamo muliro neritsandy'enyumba yossi.
La parade était menée par un orchestre militaire.	Erihindana riryasondolhibawa nendeko yabalhasi.
Bob a dit à Jane de ne pas se mêler de ses affaires.	Bobo mwabwire Jane athisyase akatsomana ebikuwiwe.
Un énorme cri d'encouragement s'éleva de la foule.	Omulhenge munene oghomuhwa mwasira omokathi kendeko.
En découvrant que les autres avaient réussi, elle devint verte de jalousie.	Erisya birinya kwabandi mubakathoka, neryo busana nekigha, mwahinduka.
Les oiseaux, par exemple, ont un système particulier de protection.	Ngesyonyunyu, kwa mufano, siwithe mitsungire yayoyayo yeriyitsunga.
Sous la torture il a confessé des crimes qu'il n'avait pas commis.	Omwilabira obunyoyanyowa, mwabikula amalologhobwithi obwakola.
Le roi de l'Orient avait un beau jardin et, dans ce jardin, se trouvait un arbre qui portait des pommes d'or.	Omukama abyawithe eririma eryuwene, nakandi omwirima eryo, mwamabya omuthi owahekire ebighuma bye horo.
Monsieur, ce CD n'est disponible que sur commande.	Mulumuna, aka CIDI aka eribanika ikanalhya thumirawako.
Mesdames et Messieurs, nous avons maintenant atterri à l'aéroport international de Tokyo.	Balhi nabaghala, twamabikira okokikira masu ekye Tokyo.
L'avion a atterri suivant les instructions de la tour de contrôle.	Erisu morikira omobusondolya bwaba kalhebya obughendya.
Une des différences les plus importantes entre les Américains et les Japonais est que les Japonais ont tendance à choisir une vie sans danger, alors que les Américains explorent la vie et la défient.	Ekighuma ekyoko mighabanyo omob'amerika nabanya Japane ni abanya  Japane bakabya nerisombola eribyaho erithemobulhigho, omughulu abanya buamerika bakatsopolaya eribyaho namalhigho waryo.
L'inspecteur tint le verre à vin dans la lumière pour vérifier les empreintes digitales.	Nikwa omumberere mwawatha okokisha kyobulhendi omokyakakala akasonda erilhebya ebisasamira byeminywe.
Tom entra dans l'ascenseur et appuya sur le bouton du troisième étage.	Toma mwinzira omukihethukyo neryo mwathuthya ekibutho eki kahetukarayo omundu omo golhofa eya kasathu.
J'ai agi pour me protéger d'une destinée similaire.	Mungakola nyitya Eriyikakiry' okolughendo luling'olu.
Il y a une foule curieuse des deux côtés de l'avenue.	Okombandi biri esyenzira kunyabandu abakayitheghereraya.
Pour le dessert, Marie avait fait son gâteau au chocolat et une salade de fruits.	Okombwarara, Maria mwakokotheryako omukathi wiwe omo bighuma.
Il a la réputation d'être intègre. Il ne serait jamais impliqué dans de la corruption.	Anakumayire omobuthendeke. Syangatok'eribya mwibi.
Les mains de ma femme sont légèrement plus petites que celles de l'assistant du magasin.	Ebyala byomukali waghe nibike okobyayukatheghaya emakashini.
Les violences post-électorales ont fait 5 victimes.	Obutsumbutsumbu obyenyuma syobusombolhi mosya lheka abandu bathanu ibathusighanya.
Selon la légende, ces bois étaient hantés, aussi les gens évitaient d'y pénétrer.	Erikwamana nekera, emithi eyi isiyingirawamo.
La charité individuelle n'est qu'une goutte d'eau dans l'océan.	Obughanyiri bomundu kobune ngerithondi omongetse.
Elle prend plaisir à regarder des films d'horreur.	Akalolaya emulhiro akalhebya ebisasamira ebikitha obuba.
Un couple a découvert par hasard un trésor de 1400 pièces d'or en Californie.	Abandu babiri mobaka kasunga omotsulitsuli ekighonye kighuma maghanani webihasa bye horo omo kalifornia.
Je pense que vous vouliez ajouter une traduction à cette phrase, au lieu de cela vous venez d'ajouter un commentaire ; pour traduire une phrase il vous suffit de cliquer sur ce bouton.	Ngalhekanaya indimbino ukangeraya eribindula ryoko mulondo oyu, omomwanyenda wekyo wamabyengerya kwebikekethe; eribindula omulondo uhwere erithutya ekibutho eki.
Sa technique était unique et absolument incroyable.	Obukengereghesanya bwiwe bwabya bughuma isibulibwalolwako.
Cette vie est un hôpital où chaque malade est possédé du désir de changer de lit.	Eribyaho lino nilupithali olobulhi mukoni awith'engumbu yeri bindula enjingo.
Ah, je vous remercie, mon cher.	Ah, namakusima, mwanethu.
Les pirates ont enfoui leur trésor sous terre.	Abakurungu babiribisa owitheke bwabo bomokithaka.
Si tu ne peux pas les battre, allie-toi avec eux.	Wamabya isiwanga hunzabo, uhulikirane nabo.
Puis-je vous aider, madame ?	Mukalhi, nangana kuwathikya ?
J'ai du abattre mon cheval parce qu'il souffrait beaucoup.	Monakerire epunda yaghe kundi yabya iyikaghalawa kutsibu.
L'éléphant d'Afrique est doté d'oreilles plus grandes que l'éléphant d'Asie.	Enzoghu yomo Afrika yiwithe amathwe manzi kulaba yomo Azia.
Père aime raconter des blagues.	Thata anzire erikanya ebisekya.
Il rit car le film est drôle.	Amaseka kundi ebisesani nibyobutsweka.
Même lorsque j'irai par la sinistre vallée, je ne craindrai pas le mal, car Tu es avec moi ; ton bâton et ta canne me rassureront.	Momughulu ngandi laba omomusya ghobwithi, sinendisaha obubi, busana unenaghe, omutsowawe bakandimbya amaha.
Je ne me moque pas de vous. Certaines personnes croient vraiment que le monde n'a que six mille ans.	Sindikikuseka. Abandu baghumabaghuma bakalhengekanaya kwe kihugho kiwithe mikera ebighonye ndathu.
La science a découvert qu'il y a cinq types d'êtres humains.	Obusosotya bwabirifumbula kohalhi mihanditanu eya bandu.
Michael Jackson était le chanteur le plus célèbre aux États-Unis.	Mikaeli Jackson abya mwimbi oyukunayire omobughuma bwe bihugho byebuamerika.
Monsieur David à l'air fatigué.	Mulumuna Daudi aberengaluhire.
Le gangster local avait l'habitude de conduire à travers la ville, s'arrêtant de temps en temps pour discuter avec les enfants.	Omutswatswa abyawithe emibere yerifuhira omomuyi; neryo inakimana kanzikanzi aka kuba obuhaka nabana.
Lorsque j'inspire profondément, une douleur me lance le long du côté droit de mon dos.	Omughulu nga humula kutsibu, obulumi bukandaghala oko luhande lokulhembe lomomughongo waghe.
Combien de pays commencent par la lettre Y ?	Bihugho bingahi  bitsukire kye nzakano Y ?
Mets un pied devant l'autre, pour avancer.	Hira ekisando kyembere okokindi imo wabasula.
Maman a pleuré.	Koyo mwalhira.
Madame, puis-je prendre vos mensurations ?	Mukali, nangan'imia obuli bwaghu kwe ?
En hiver l'île est couverte de glace et de neige.	Omughulhu we mbeho ekitsira kikaswikawa omomatsuku.
Je ne suis pas le Christ, mais celui qui a été envoyé devant lui.	Sindi Krisito, alhiwe oyulhya tumawa embere siwe.
Chers mesdames et messieurs, bienvenue à bord.	Balhi na baghala, kalhibo muno.
Anne accepta la demande en mariage d'Henri.	Anna mwalhigha athi yo Harya amutahaye.
Salut, ça va ?	Kuthi, kinuwene ?
La récompense suprême est un baiser de la princesse.	Ebihembo bikulu nilyatsira omwalhi ghomwami.
Le prof avec qui j'ai déjeuné s'appelle Peter.	Omukangirirya oyotulyalyanaye abirikira wamo Petero.
Sa voix résonne encore à mes oreilles.	Nandimowa omulhenge wiwe ghokomatwi waghe.
Comment oses-tu me traiter comme un criminel !	Busanaki uka ni langira ngo mwithi !
Ce n'est que lorsque notre santé nous quitte que nous nous rendons compte de sa valeur.	Momughulu obunyaghasa bwetu bukaghenda motukaminya endundi yabo.
À Londres, la police craint toujours de trouver une bombe dans le train ou le métro.	Elondone, epolisi ikubaha erisunga embundú omongurubani eyomuki.
Steve a reçu une lettre de Jane.	Sitive mwakasunga enzakano ya jane.
Richard a dit que sa mère était malade, ce qui est un mensonge.	Richard mwakabugha athi koyo wiwe abyalwere, ayo akabya ini mabehi.
Tu es vraiment incapable de garder un secret.	Ukaluiwathaluka eribika ekumbo.
Billy se cogne souvent la tête contre la fenêtre.	Bilhi akaghum'omutwe wiwe kanzikanzi oko ridirisa.
Je me demande ce qu'il se passera si j'appuie sur ce bouton.	Ngayibulaya ekyangahuluka namathula okokibuto eki.
Lève-toi et brille, Jeannot ! C'est l'heure d'aller à l'école.	Jano, hangana ukolheraye ! Nindambi yeriya ekalhasi.
C'est madame Lee, la mère de Susan, à Londres.	Oyu yo mukali Lee, koyo wa Susana, e Londone.
Ma grand-mère s'est blessée la jambe en chutant.	Mukaka waghe mwayithonika okokughulu akatwa ekika .
Il y a quatre points cardinaux : L'est, le sud, l'ouest et le nord.	Hali mband'ini : obú̧lengya, endata, eyisi, namalengera riuba.
Les élèves marchèrent en file indienne.	Abigha mobaghenda okomulondo webuhindi.
Il y a un monde entre « se faire comprendre » et « avoir un anglais correct. »	Hanye kihugho omokathi «  keriyihozisya » ne « eribya ne kingeresa ekikamulikire. »
Je n'ai pas d'objection à payer des frais spéciaux si cela est nécessaire.	Namaligha eri liha syosende munye kiamabya ini kyendundi.
Si on crie du haut d'une falaise, on entend l'écho de sa voix.	Wama lakira endathasyamabwe, omulhenge inyakindi subirira.
Après un moment, il commença à dire des inepties.	Enyuma syakatambi, neryo mwatsuka eribugha ehyumbu.
Heureux ceux qui ont une âme de pauvre, car le Royaume des Cieux est à eux.	Batsemire abawithe omuthima wobukubiri, obwami bwelubula nibwabo.
Leur manière d'éduquer leurs enfants est extrêmement inhabituelle.	Erighana abana babo siriri tsemesaya konahake, nirieliswekya.
Mon papa a dit non.	Thatha waghe mwakaghana.
Il est interdit aux étudiants de fumer sur le terrain de l'école.	Kighanisibwe abigha erimotherya omobuthala bwekiyiro.
C’est au juge de décider si une plainte peut donner lieu à une enquête de police.	Biri oko musosi eriminya olutsongero olu ngolwanganalheka epolisi iya kola obusosotya.
Le savoir sans bon sens ne mène à rien.	Eriminya butsir'obwenge bwerikolesya nibuyira.
Je pense sincèrement qu'il est préférable d'échouer à quelque chose que l'on adore plutôt que d'avoir du succès à quelque chose que l'on déteste.	Ngalhengekanaya ngoko nikyendundi erithaluka okokindu ekyo wanzire omomwanyenda weriyira emiyihalambo okokindu ekyo utanzire.
Amy a travaillé dans la cour samedi dernier.	Amy mwakolhere omobuthala omoyenga eyabyaya labire.
Je mange avec mon frangin.	Ngalya na mughalá wetu.
Ah, Monsieur ! Mangez mon chat, s'il vous plaît !	Ah, Mulumuna  ! Mwangana ly'epusu yaghe, kış́i !
Le prince Charles sera le prochain roi britannique.	Mughala wo mwami  ye Karolhi yukandisyabya mwami we Biritania.
Elle hurle à peine on lui touche le nerf ulnaire.	Amaruruma kundi ibamamuthonika oko miki.
Je n'aime pas manger des glaces pendant l'hiver.	Sindyanza eribya amatsuku omughulu wembeho.
La semaine prochaine, mon ami qui habite en Angleterre viendra au Brésil pour cinq mois, espérant y trouver un bon travail.	Okoyengo eyikasa, omwenzi waghe oyulhwe bungeresa akendisyasa ebresilya omomiker'ithanu, omwilhengekanya athi akisungayo omubiri mubuya.
Attends le signal vert avant de commencer à traverser.	Linda eki lalhirya kyerangi yebithi imuwatsuka erisoka.
Qu'on me donne six lignes écrites de la main du plus honnête homme, j'y trouverai de quoi le faire pendre.	Ngabamba emilondo ndathu eyiryasakawa nomundu oyunayithekerye, ingandisunga ekyo nangakola.
C'est un fort construit pour protéger la ville des invasions.	Kiwithe akaghala kanzi kundu eritheya omuyi wemibumbire.
Tom est un chef célèbre.	Toma nimwami oyukumayire.
Jeff pense qu'il ne tombera jamais amoureux.	Gemusi akalhengekanaya athimbino syanganza bakali.
Merci de m'avoir envoyé une belle lettre.	Wasingya erindumira enzakano eyuwene.
Ce bâtiment au toit marron est une église.	Embimbano eyi eyirikolutwe luthi nikisomo.
Est-ce que Jerry a vraiment gagné au loto ?	Gery anabirisingana oko kaghulughulu ?
Thomas s'est inscrit sur un site de rencontres.	Toma mwayisakisirye okobibuthe byamasanganya.
Soupe de requin ou steak de baleine ? - Vous avez le choix.	Mboka yo munama kuts'embondwe ? -Wanganasombola.
Scott a reçu une éducation très sévère.	Sikoti mwabanire amakangirirya awakalhire.
Benjamin tua un ours avec un fusil.	Benjamina mwakitha enyama nembundu.
Le suicide, c'est une vengeance personnelle, et moi, personnellement, je ne m'en veux pas.	Obwithi, niyilwira,naghe, ingowenewene, sinyanzireryo.
Le commerce entre Les États-Unis et la Chine a beaucoup augmenté.	Obuhingania obobughuma bye bihugho byebuamerika nekihugho kye Shina bwabiriryeruka kundu.
Au fond, tu as absolument raison.	Emwisi, unasingene.
Je ne veux pas faire comme beaucoup, qui d'abord ruinent leur santé pour gagner de l'argent, puis ensuite se ruinent pour la regagner.	Sinyanzire erikola binzi, abaka songasongaya eribyaho ryabo omo sende,  neryo ebakathasa sondaya erithasya sungabyo.
On rentre chez nous.	Thukasuba ewethu.
En parlant du professeur Smith, son assistant est dur d'oreille.	Okwibugha okomughalima Simithi, omulhebya wiwe awithe okuthu okuthwire.
L'assassin confessera bientôt son crime.	Omwithi akandibikula amathegheko wiwe lhinolhino.
Jouer de la country à la guitare est très facile pour un musicien professionnel.	Eriwatha okokintere okokidalhi rilobire okomwimbi oyowabirihyabyo.
Tom fit tout ce qu'il put pour sauver les enfants pris au piège dans le bâtiment en flammes.	Toma mwakola kwangakola omwisula abana abalhi omobithegho omombimbano eyikaghulumira.
Le test ADN l'a blanchi de toutes les accusations.	Ekinzame kye ADN mokyamubakulirye omolubanza munye.
Cette voix semble familière.	Omulhenge oyo namabya nganama minyagho.
La meilleure défense, c'est l'attaque.	Engabo eyuwene, niyitheghekanya.
Le loup changera de forme, mais continuera à manger du poulet.	Endeghetheghe yamahenduka, alhiwe yikandilolhya emulhiro ikalhya okongoko.
De mon côté, je ne voyage pas pour aller quelque part. Je voyage pour voyager. Le principal est de se bouger.	Okwinje, sindi balama okwi enda luhande lulebe. Ngabalama okwi balama. Ekighendererwako nithengana.
Chris fut embauché pour peindre des maisons, et put mettre de l'argent de côté.	Kriso mwaghenderanya omwi hakabya esyombimbano, neryo mwanalhenga erihira esyosende syeluhande.
Une déclaration a été lue au sujet des coupes dans les programmes sociaux.	Omulaghe mwakasomawa owalhebirye eritwa esyo ndambi syabandu.
Si vous déposez votre lettre à la poste avant dix-neuf heure, elle sera rendue à destination le lendemain.	Wamabitheka enzakanoyawe omokisanduku embere syesahikumi, iyi kandisya hika enjiakya.
Le palais royal fut érigé sur une colline.	Enyumba yobwami moyahimbwa okokatwa.
Nous venons d'être informés que l'ennemi nous attend embusqué à deux milles plus loin sur le chemin.	Twamabyowa ko enzighu inathulhindire oko metere bighonye bibiri omongenda mohalhi.
Un rat traversa la route.	Embukulhi moyakirukanya omonzira.
Tom fait tout ce qu'il peut pour améliorer la qualité de vie de ses patients.	Toma amakola kwangathoka erighambya eribyagho ryabalwere biwe.
L'acteur quitta le lieu du tournage précipitamment.	Omukulu mwalwa omorukumba.
Soudain, la porte s'est refermée d'un coup.	Ahonaho, oluyimo lwayihinda.
La fête surprise pour Laura n'est pas ce soir, mais demain soir.	Ekisendebelhe kierubaha kya Lora sikyomwigholo, alhiwe nikyomonzakya omomwigholo.
Je me suis blessé pendant la séance d'éducation physique.	Mongayithonika omughulu nyilwengayikangirirya.
Les incendies sont moins effrayants aujourd'hui qu'ils ne l'étaient autrefois, parce que de plus en plus de maisons sont construites en béton et les maisons en béton ne brûlent pas aussi facilement que les maisons en bois.	Esyombidi sisisyabahisyalhinongakera, kusangwa kanzikanzi esyombimbambano sihimbire omomabwe nesyombimbano esihimbire omomabwe sisihya kityakityangesihimbire omomithi.
Nous baptisâmes le chien Tim.	Motwabatisy'esyondeghetheghe omo rina Tim.
J'ai rencontré un oto-rhino-laryngologiste à une fête dimanche.	Omoyenga monasangana oko kisendembele kyomoyenga omunganga wemiki.
Ted a un ordinateur dans le cerveau.	Tide anawithe okokisengula omo bongo bwiwe.
Luke a les cheveux courts.	Luka awithe okosyonzwiri sikuhi.
Les maisons de bois brûlent plus facilement que les maisons de pierre.	Esyombimbano syemithi sikaghulumira luba okosi himbire omo mabwe.
Le seigneur avait un pouvoir absolu sur ses sujets.	Omwami abyawithe obuthoki bunzi kundu okobathabalwa biwe.
Un vieux chêne grince dans la tempête.	Omuthi munene oyo akotire ámákereget'omo kighunga.
La consommation d'alcool dans les rues ou les parcs est illégale dans la plus grande partie des Etats-Unis.	Erinywir'obwabu omo syonzira siri hamulirw'ebwamerika.
Le brouillard commença à se dissiper vers 10 heures.	Ekilú̧mbi kikendi tsukerihwa oko saa ine.
À mesure que les arbres grandissent, ils privent l'herbe de lumière.	Omughulu emiti yika kotha, ebiti sibiri bana aheri humulira.
Sa beauté le charma.	Obubuya bwiwe mobwa mutsemesya.
Je ne voyais pas suffisamment bien pour pouvoir dire si la tache noire sur le plafond était une araignée ou une mouche.	Mondabyangalangira ndeke erithoka eribugha ekithanga ekiri okoluthwe nganikisengula kutse nganinzuhere.
Ils ont tourné le film dans un vrai désert.	Mobakathimbaya ekyesa kyomo mbwarara.
Fred commença à aimer Jane, et ils ont commencé à se voir.	Feredi mwatsuka eryanza Jane, neryo mobatsuka erisungana.
Une carte est fournie sur demande.	Akarithe kakahabawa omundu omwilaghakuko.
J'ai vu un cheval tirant une carriole.	Mongalangira epunda ikakurubana ekibindi.
C'était hier matin que j'avais vu M. Carter.	Mulhigholo monalangira mulumuna Katere.
La pointe de la lame du couteau est aiguisée.	Omutwe ghomuhesano ayisongire kindu.
Un manque de sommeil affecta la prestation du chanteur.	Eribula ryehighotseri muryabugha okomwimbi.
Peter et Emma sont juste amis. Il n'y a rien entre eux.	Pitha bana manwilhi nibira. Sihalhi kindu omokathikabo.
Le précédent président des États-Unis est le seul Américain à connaître le président de tous les pays.	Omusondolhya wohombere webuamerika iyuwene yowa naberya minya  abasondolhya bomo bihugho byosi.
La paix n'est pas l'absence de violence mais la présence de justice.	Emirembe sibughambu nikakirya obunyoyanyoya alhiwe eribyaho ryekwenene.
Lorsque nous dormons, la température du corps chute de quelques degrés.	Omughulu tukayathulo, ekihuhanya kyo mubiri kikakima hangenya.
Les États-unis ont déjà un quart de la population mondiale des prisons.	Obughuma bye bihugho byebuamerika biwithe ekitswe kighuma kyokobini ebyabandu abalhi omomulhiki.
Si tu agis comme un idiot, tu dois être traité comme tel.	Wamakola ngomukiru, naghuighukandiwatwa ngomukiru.
Le prix que les personnalités ont à payer pour leur célébrité est un manque d'intimité.	Endihi eyo abandu balhiha bakarondya bayikumayiraye ni bulirwa ryobunwani.
Les autres filles sont jalouses de Lillie parce qu'elle est très jolie.	Abandi bambesa batsurire Lili busana nobubuya bwiwe.
De par le décès de Joan Rivers, le monde a perdu une femme pleine d'humour.	Eritsukira okoluholo lwa Joan Riva, ekihugho kyabiriherya omukalhi oyuswire mo lwanzo.
Traduis, au lieu de bavasser !	Bindula, omomwanyenda weribugha ebighumerera !
Julie a reçu une carte de Noël de son frère en Italie.	Yulia mwabanire a karata Kenwili ko mughala wabowe italiya amutumira.
Nous connaissons la légende de Robin des Bois.	Thunasi ehistoria ya Robo womomithi.
C'était la seule façon dont nous pouvions nous défendre contre tous ces tirs terribles.	Yabyanzira ngumwa eyo twakolesaya eriyikakirya oko malwa awabya akalhire.
Je n'en ai absolument aucune idée.	Singwithe kobulhengekanya.
Sauf exceptions, tout le monde est autorisé à entrer dans l'immeuble.	Erilusiako, obulhimundu ahamulhimwe eringira ono mbino.
Rien ne saurait excuser son comportement grossier.	Sihalhi oyo wangathoka erighenyera emibere yiwe yemiyibeko.
Salut.	Kuthi.
J'ai littéralement mangé une dizaine d’œufs le dimanche de Pâques.	Ekiro kye Pasika, monalhire amaya hakuhi kumi.
Ne blasphémez pas ou je laverai votre bouche avec du savon.	Isiwa bugha kithiakithia kutse ngandi fula obuno bwaghu bomo kasabu.
Une carte d'identité en règle est requise.	Ekitambulisyo ekinahwererere kyokika sabawa.
Julie donne un bec à sa fille.	Yulhya amaha akangongodio komwali.
Cet homme est un policier de la brigade criminelle, et non pas un criminel.	Omulume oyu nimughuma ghoko bapolisi byowithe, alhiwe si mwithi.
Une cérémonie d'adieu fut tenue en l'honneur de monsieur Jones hier.	Amakinga we ndulia mwakakolawa mulhigholo okwilagha yohani.
Hitler a pris le pouvoir en 1933.	Hithere mwimya obuthabali oko 1933.
Je me casse.	Ngahenda.
Le viol est toujours un crime violent.	Eribaka nilholho likalire.
Maman et papa sont très nerveux.	Koyo na thatha bahithene.
Dans la salle de bain de l'hôtel il y avait une corde pour suspendre les vêtements mouillés.	Omokyoghero kyoko lutere mwabya omulhiki werihanika ko esyonzimba  esitsapire.
Notre ultime but est d'établir la paix dans le monde.	Erilhengerera ryethu nilhetha emirembyo mokihugho.
Les bénéfices de la drogue, ils l'employaient à acquérir de nombreuses propriétés immobilières.	Abaka hulay'eloho, baka himb'omo syo franca munye.
Elle fut placée à la tête du projet, bien qu'elle n'ait aucune aptitude à diriger.	Mwathekwa  okobusondolhi byobutheghanyo, mwalhisabya nakaghala kerisondolhya.
La femme sourde portait un gilet de sécurité orange d'ouvrier du bâtiment.	Omukali oyutyowa alwambithe akajile kabakholi.
C'est un truc de gonzesses.	Nikindu kyabakali.
Je me demande si le Prince Guillaume laisse quiconque l'appeler Bill.	Ngayibulaya nyithi ngo mwala yomo mwami, yo Gyome mwasigha abandu bamubirikiremo Biri.
Un bateau de rêves a accosté un cauchemar.	Eryatho ryesonzolhi  moryayomeka.
Ils ont ressenti une douleur à la fois physique et émotionnelle.	Mubakabya nobulhighe bunene.
Travaille au lieu de bavarder !	Kola, omo mwenyenda weri hungyahungya !
Les ailes nous manquent, mais nous avons toujours assez de force pour tomber.	Thukabulhirawa ebipupa alhiwe thunawithe obuthoki bwerithogha.
Elle portait une ceinture rose aussi chère que moche.	Abyambithe omukaba oghobughulhi bunzi.
Le vent souffle à une vitesse incroyable.	Ekihunga mokya fuhirirakundu.
La glace sur le lac est trop fine pour supporter ton poids.	Emakoya make awalhi okongetse syanga shika okwikwamana na kaghala kaghu.
Tiens, quelle formidable coïncidence ! Tom a les mêmes empreintes digitales que moi.	Oho, twamahindanana ! YoToma awite eminwe ngeyaye.
C'est quand on devient capable de bouger que la véritable valeur de la santé se fait ressentir.	Momughulu omundu akathokerithenga mwakaminya endundi yeribyaho riwe.
Je me demande s'il pourrait me prêter sa guitare pendant les congés.	Ngayibulaya kwane mwendimbweka ekidhalhi kiwe omonduhuke.
Il n'avait qu'un seul désir : se faire tout petit et vivre parmi les lumières et les ombres.	Abyawithe ngumbu nguma : eriyiyira momuke neribyagho omobyakakala nomobitsutsu.
Je l'ai entendue sangloter dans sa chambre.	Ngabina mowa  akashimbira omokisenge kiwe.
Le chasseur abattit un ours.	Abahiyi mobitha enyama.
Le guide touristique a volé mon identité.	Omuparake mwakiba ekithabu kyaghe.
Il s'enrôla dans la marine des États-Unis.	Neryo mwayisakisya omobulhasi bye bwamerika.
Le monde est un grand bal où chacun est masqué.	Ekighugho ni kabembere kanene, obulimundu ambite ekiswikwa busu.
Elle a fait un voyage en Amérique, en s'arrêtant dans six grandes villes.	Mwakaya ebwamerika, akimana omo miyi ndatu eminenemine.
Le père de Tom s'appelait Jean.	Thatha watoma yo Yohani.
Durant l'été il ne fait, en Italie, pas nuit avant vingt-et-une heure.	Omughulu nikihuhanya, omo Italiya, obutuku sibwira embere syeso sah'ikumi abiri nesini.
La couronne de la Reine était d'or.	Embitha yo mugholhe yabya ye horo.
Tant dut coûter de peine / ce long enfantement de la grandeur romaine !	Kyabikikalire kutsibu/ Eributwa rino riraha banya roma !
Betty a une voix charmante.	Byati awithe omulhenge oyuwene.
Il est persuadé qu'ils vont voter en faveur de M. Jones.	Mobakaberereraya kobakandisombola Yohani.
Mon ancienne professeur d'anglais doit sûrement se retourner dans sa tombe à l'heure qu'il est.	Omukakangirirya waghe wakera owe kingeresa angayisubirye omwisinda yiwe okondambieno.
M. Jordan s'est réveillé soudainement.	Yoroda mwalwa buka okondambieyo.
Il est doux et noble de mourir pour la patrie.	Nikyamuhungo omundu eriholhera ekihugho kiwe.
C'est alors que nous avons appris que la poste centrale était en feu et qu'ils avaient kidnappé notre président.	Ikwa oko saha eyo, motowa ko kisenge kinemwaka nakandi kobibiribulyaranyaomusondolya wekihugho kyethu.
Assure-toi d'avoir enclanché le cerveau avant de mettre la bouche en mouvement !	Kumb'iwaminya ngoko unalengekenye ndeke, embere syeri sonokalia ekinywa !
Donc, p est vrai si et seulement si q est vrai.	Nibwambu, P nikwenene na Q yamabya kwenene.
La vieille femme a envoyé un serviteur pour le tronc.	Omukekulu mwakathuma omughombe busana nobuhinganya.
Après dix ans comme partenaires en affaires, ils ont décidé de se séparer.	Habere habya emyaka ikumi, mobayisogha erighabana.
Selon ce magazine, mon actrice favorite épousera un musicien de jazz au printemps prochain.	Erikwamana nekibabekino, omukolhi waghe akandi thahya omwimbi owe Jaz okomughulu owakasa.
L'avion a perdu une partie de son aile.	Erusuryabiri herya ekighuma kyako bipupa byalio.
Les soldats sur les bateaux feraient des cibles faciles.	Abalhasi bamo ryatho bangakolire ekikasabawa.
Le son de ta voix est comme le chant d'une sirène.	Omulhenge wawu, alingawenzoka.
Vénus n'est qu'à peine plus petite que la Terre et Mars est plus grosse que la moitié de la Terre.	Venisi nihakuhi kake okokithaka na manzi ni nene kulhenga enusu yekithaka.
Quelle est la différence entre un samouraï et un ninja ?	Obughabaghabano bulhi hayi omokathi komusamurahi ne ninja ?
Au football américain la défense a un travail spécifique.	Okomupira we buamerika engabo nimubiri awasikire.
Faites fondre le chocolat, ajoutez le beurre et remuez bien.	Twang'eshokola, iramwe bleba, nyighitsa yo ndeke.
Carol et Jane ont dû l'oublier au bureau.	Karolhi bana Yohani mobakibirirawa kyomo buro.
La plupart des Étasuniens étaient d'accord avec le président Wilson.	Abigha banene be buamerika babya ibalighire omukulu we kighugho kyabo ye Wilsoni.
Mon estomac a commencé à grogner pendant le rendez-vous. C'était embarrassant.	Ekihukyaghe mokyatsuka eriruruma omughulu werisangana. Kyany'ekyeriswekya.
Carlos est intelligent et créatif.	Yo Karoli awith'obwenge.
Entre nous, il a une maîtresse.	Omokathi kethu, awithe omumbalak'ehihia.
Il nous envoya un poème tellement touchant.	Mwathuthumira enzakano eyiwithe eribindula riowene.
Si les cons faisaient un concours, tu finirais deuxième, tu es bien trop con pour finir premier.	Epumbafu eyi, yikakola ekinzame, wangabuyire kabiri, ulhimukarusa kundu eribugha werimbere.
Il n'y a pas deux personnes ayant les mêmes empreintes digitales.	Sihalhi abandu ababiri abawithe ebisasamira ebisosene.
Que diriez-vous d'une crème glacée avec une sauce au chocolat pour le dessert?	Wangabughire uthichi oko mabonzo awahuhire nemboka yeshokola.
Les enfants font comme s'ils se brossaient les dents.	Abana bakakola ngobakasughusa ameno.
Ils ont mis en place un réseau qui a couvert le bâtiment tout entier.	Babirithekaho ekikumula ekika thehaya embimbano yosi.
Elle a l'intention d'aller à un concours de beauté.	Anawithe omuhwa weriya okokapupa kobubuya.
Le lion est le roi de la jungle.	Endalhi ninyama yolukanda.
Il est de mauvaise grâce de cracher par la fenêtre dans la rue, ou sur le feu et tout autre lieu où on pourrait marcher sur le crachat.	Sikitholhere eritwira amathande ghomongenda, kutse ahandi handu ahangalaba abandu kutse aho bandu bangana basulira.
Je t’en prie, Papa, sois bon avec lui. Je ne pourrais t’exprimer à quel point je tiens à son amitié.	Ngakusaba, thatha, ubyenaye ndeke. Sinanga kubwirire lulhengo lwayi ngahambirira obwira bwiwe.
Mon cousin est accro à l'héro.	Omusingisano waghe kwanengo omuyihereri.
Dans ma ville, la température est un degré au-dessus de zéro.	Omomulhongo waghe, ekihuhanya nikathondi akalhi endatha okohathe.
Elle veut en avoir le plus possible pour son argent.	Asondire inyamina luba okobilhebirye olumbuka lwiwe.
Une couleur est une main de poker dans laquelle la totalité des cinq cartes sont de la même couleur.	Eranzi ni byala byekipoka omolulhengo lwehirita hitanu nibyeranzi nguma.
Le centre restera fermé deux mois pendant l’été.	Ekibuthe kikandisabya ikinakingirywe omomikera eyibiri omughulu we kihuhania.
Les heures perdues au sol annulent l'avantage de la vitesse de croisière.	Esyondambi esiryahera okokitaka sisiyira ndundi omughulu rissu rika tibita.
Ainsi voyons-nous une vieille vérité confirmée : la guerre est toujours inutile.	Neryo twanamalangira ekindu kye kwenene kya kera : amalwa niwabulhe.
La différence entre un « mot juste » et un « mot presque juste » est comme la différence entre la foudre et le foudre.	Obughabanyo omokathi ke  kinya  kwenene » ne « kibere ngakisosire ekwenene » anengobughabanyo bokobuthuku no buthuku.
Un exercice régulier est excellent pour la santé.	Omukolo ghobulikiro uwene oko ribyaho.
La science médicale a fait des progrès spectaculaires.	Amakangirirya agho bunyaghasa mwalhetha obukake.
Les champs s'étendent, couverts d'une neige épaisse.	Amalhima alhikwe ngobi yamatwa.
Votre cargaison devrait être livrée dans les vingt-quatre heures.	Omushiko waghe ukandi sungagho omomasaha makumi abiri nebini.
Aux yeux de beaucoup de gens, la pauvreté est bien pire que vice : elle est faiblesse.	Omomeso wabandu banzi, obwera bukalhire : bolobire.
Votre belle voix était très agréable aux oreilles.	Omulhenge wawu aghambire eriowiragho okokutu.
Y a-t-il un endroit où nous pourrions parler en privé ?	Twangana yihengeka, mwitwakania ndeke kwe ?
Linda a identifié Dan comme l'homme de son viol.	Linda abirikangya Dina ngomundu oyuwamubakire.
Les couleurs du motif sont très ordinaires.	Esyoranzi syo musango sinalwiri syabo isyenasighumerera.
Sophie, qui avait faim, mangeait tout ce qu’elle pouvait attraper.	Sophia, oyo waby'akwire enzala, abya akalhya ekyosikyosi ekyabya  akasunga.
Le plus grand zoo du monde se trouve à Berlin, en Allemagne.	Akathatha akatsemesirye nakanzi kundu kakabanika e Berlin, e Allemagne.
Ouille, mon pied !	Aya, ekisando kyaghe !
Science sans conscience n'est que ruine de l'âme.	Amakangirirya butsira bulengekania nibuyira.
Notre quartier général se situe dans un autre quartier de la ville.	Akathatha kethu kalhyomo kandi kathatha omo muyi.
Ne compte pas sur lui pour te prêter de l'argent.	Isiwayi lhindirira okwiye eribya inyanganakuha esyo sende.
Les gens ne sont des héros que quand ils ne peuvent pas faire autrement.	Abandu bakabya bahereri omughulu bakabya isibangakola ghundi muhanda.
Mon oncle conduit comme un pied !	Muyomba waghe akafua nge kisandu !
Dans notre malheur, nous avons eu de la chance : nous avions fait une sauvegarde complète la veille.	Omobuhanya byethu, mothwayirire akabanga akawene : mutwa yirire  ekibiko eki hwererere engyakya.
Le gouvernement surveillait avec attention les activités des groupes radicaux.	Obuthabalhi bwabya ibune muyi theghererya emibiri eyesyo ndeko esiyilhighire.
Elle mit le linge sale dans la machine à laver.	Mwahir'ebisegherero ebithuwene byomokyuma ekikafulha.
Pourriez-vous l'emballer ?	Wangana bombakyo ?
Je n'avais pas pu dormir la nuit d'avant, du coup je n'ai pas arrêté de piquer du nez pendant la réunion.	Moyithithayatho omokiro kyembere ahobaho monyithithalheka  eritsimitha enind'omondambi esyolukuratho.
Ne creuse pas un trou pour y faire tomber quelqu'un ou tu risques de finir toi-même dedans.	Isiwa thakul'ekyuna busana nerithogheriam'omundu kusangwa  ighuwenewene iwanganayithogherya mukyo.
L'enfant fut fait pupille de la nation.	Omwana mwa hirwamo kalangira komo liso kekihigho.
Dieu a envoyé ses anges pour te protéger où que tu ailles.	Omuhangiki abirithuma abamalaika biw'erikutheya ahosi ohowangaya.
Mon cousin a une large collection de figurines.	Mughala wethu anawithe okokimano kye historia ekye figurines.
Un examen plus poussé est requis.	Obusosotya bunene busabirwe.
Du pinacle du bonheur, elle a sombré dans les abysses de la misère.	Erilwa  oko kasulhisulhi akobutseme, mwaka thogher'omobimbikambika bya malhigho.
Un pot de départ fut organisé pour M. Smith.	Ekisendebel'ekyenzuko mukyakokothesibwa okwilagha mulumuna Smith.
J'ai reçu ce couteau électrique comme cadeau.	Mungahabawa omuhesano oyu owamasenyerezi mobihembo.
Je pense qu'Anne aime Jacques.	Ngalengekania yo Anna anzire yo Yakobo.
Tous au village la nommaient Le Petit Chaperon Vert.	Abosi omomulhongo olumbuka  akake oko chaperon akaranzi eyebithi bibisi.
J'ai laissé mes émotions troubler mon jugement.	Mongalheka amaghalhi waghe inyakenderya obulhengekanya bwaghe.
Fais quelque chose à propos du flot de sang qui s'échappe de la blessure.	Kola ekindu oko bilhebiry'omusasi owakasenda erilwa omobironda.
Hier, j'ai écrit à Hélène.	Muligholo, monasakirire Helena.
Les amants qui aiment bien n'écrivent pas leur bonheur.	Abanzene abanzire kundu sibisaka obutseme bwabo.
Puisque c'est désormais légal de se marier avec quelqu'un du même sexe, je suis à deux doigts de me marier avec moi-même.	kusangwa kyabiriminywa erilhunga nomundu oyunawithe ekitsuko kighumerera nekyomundu, ninayitheghererye erilhunga ninzuwenewene.
Jimmy est mon enfant adoptif.	Jimmy nimwana waghe oyonyikerye naye.
Je suis membre de cette organisation depuis cinq ans. Oh attends ! Non, six.	Nyirimughuma ghoko balhi omokithongolhe eki hakuhi myaka eyithanu. Oh Lhinda ! Iyehe, ndathu.
Il a perdu son temps à jouer aux courses hippiques.	Abiri herya endambi yiw'erisatha oko masatha awerisyondibitho.
Liz est morte depuis huit ans.	Liz abyabirihola hamawa myaka munani.
Le scientifique a essayé de découvrir les lois de la Nature.	Owamenge mwakanasond'erifumbula emighambo eyekihugho.
Pourquoi faut-il que le plus grand crime et la plus grande gloire soient de verser le sang d'un homme ?	Busanaki obwithi bukulu nolukengerwa lukulu byangabya enibyeruutha  omusasi ghomundu ?
Les parents devraient superviser les activités de leurs enfants.	Ababuthi bangayithegherery'emibiri ya banababo.
Il est devenu sourd à sonner les cloches.	Abiribya nzaramathwe omwiwatha emikenge.
Cette église date du 12e siècle.	Ekisomo ekinikyo ko birimo erikumi ne bibiri.
Ne t'en fais pas, j'ai couvert chaque angle.	Isiwakwa buba, nabiri swika obulhindengo.
Le vent a arraché le toit de notre immeuble.	Ekihunga mokyahikire oluthwe olokombimbano yethu.
La ville se situe à la pointe la plus au nord du Japon.	Omuyi akabanik'oko muthwe endatha sye Japane.
Les ventes ont chuté dans tous les grands magasins.	Akathalhi kabiri kima omobiseng'ebyosi ebyobuhinganya.
Tom a dit qu'il voulait rendre visite au Père Noël au Pôle Nord.	Toma mwaka bugha athi alwe asondire inya yalhebya thatha Nwili  endatha  syo muyi.
Marie est une danseuse à la barre verticale professionnelle.	Maria ni musathi omokirabo.
Il y a des roues dans des roues.	Mun'ebiringo omobiringo.
Ce repas était simplement divin.	Akalyo kalwe iniko bwami.
J'aimerais disposer de la volonté d'arrêter de manger de la malbouffe.	Nilwenyanzire inabya nobulhengekanya ebyerithendirya oko byalhya  ebithuwene.
Il est venu en se débattant et en hurlant.	Mwakas'akayihumanga nakandi inyane mururuma.
Je ne puis vous approuver, ma fille, d’attacher ainsi votre admiration à un inconnu, que vous ne reverrez jamais sans doute.	Sinanga bererya, mwalhiwagh'eriyikurira kobutseme oboghundi mundu  oyuthasibwe, ngawe ighuthendisyasa sunga.
La veuve souffrait d'un cancer de l'estomac.	Omukwirwa abyakwire akásowésowê akekıḩ́û̧.
Les bons artistes copient, les artistes éminents volent.	Ebatsokola buwene bakakimaya ebyabandim nabandi ibiba byo.
Le savon aide à enlever la saleté.	Akasabu kakawathikaya erilusya omutsafu.
Papa, je suis enceinte, voici la liste des suspects....	Thatha, nyiri mukule, nekibab'ekyabongathikathikako kyakino.
Je veux une carte du Texas à l'échelle 1/250000e.	Nyianzir'akariteka Texas akalhi oko syondengo 1/250000e.
Écrire est un sommeil plus profond que la mort.	 Erisaka nihighotseri hinzi kutsibu kulhenga oluholo.
Le juge a demandé à l'accusé s'il connaissait la différence entre dire la vérité et dire un mensonge.	Omusosi mwakabulaya omutsongerwa kwanaasi erighabaghabana omokathi keribugha ekwenene neribugha amabehi.
Un homme demanda un jour à Bouddha : Je veux du bonheur ! Bouddha lui répondit : D’abord, enlève « Je », c’est de l’ego. Puis enlève « veux », c’est du désir. Et maintenant, tout ce qu’il te reste : « du bonheur ».	"Omulume mughuma mwabulhya kiro kighuma ye Boudha : nyanzire obutseme ! Boudha mwamusubirya : Kwanza, lusayaho ""inje"", niyithagha. Nakandi, lusaya ""nianzire"" niyikandayíra. Nalino, ekitakusighalire : « obútsemê »."
Nous devons quitter l'hôtel avant 10h, autrement nous allons manquer le train pour Miami.	Kumbe itwalwa omolutere embere sye 10h, ithukandi bula engurubani eyeriya emyami.
Le chemin vers le mal peut apporter un grand pouvoir, mais pas la loyauté.	 Enzira eyeriya eyirikibi yanganalhethera buthoki bunzi, alhiwe butsira olukengerwa.
Elle a suivi un régime les deux derniers mois car elle a pris trop de poids durant l'hiver.	Mwaka kwamirira erirya eritheghekanibwe busana mwaka neneha kutsibu omomughulu owembeho.
Les équipes de football d'Amérique latine réussissent plutôt bien, en particulier par rapport aux équipes asiatiques.	Ebipia ebyakaghulughulu ebye buamerika yekilatini bikathoka ndeke, okwibindula kulaba ebipia ebye Azia.
Tom n'est clairement pas intéressé par une adhésion à notre groupe.	Toma syatsomene eringira omokikundi kyethu.
En cas de retard de la cargaison, nous avons une assurance retard spéciale.	Ebindu bya makereberera, thunawithe eriyikethera ryeritselewa eryeribindula.
Dans les régions méridionales, les ventes ont augmenté de 47 pour cent.	Omobithatha ebyekabuno, obuhingania bwabiri thasyongeriako ehithondi makumiane ne saba.
La magie et les monstres sont les fruits de l'imagination.	Obuminyereri ne mirimu nibighuma byeriyilhengekanirya.
Ayant perdu son chemin, il choisit sa route au hasard.	Abiherya enzira yiwe, mwakasombola enzira yiwe yathya.
Le plancher était peint en vert, mais les murs étaient jaunes.	Orupagho lwabya lukakireko eranzi eyebithi bibisi, alhiwe esyombimbo syabya kweranzi eyo mulhinga.
Ils ont parié une bouteille de whisky.	 Mobaka kubira obuhaka okotsú̧pâ ekye whisky.
Le feu, conduit par un vent d'est, a détruit le centre-ville.	Omulhiro, owakatwalawa nekihunga ekye mathanga ryuba, abiri tsandya  eninzininzi yomuyi.
Sais-tu qui est cette grande fille blonde habillée en vert ?	Unasi omumbesa olhya oyumbethe esyonzimba esyeranzi yebithi bibisi?
En matière de drogues, la frontière est mince entre l'usage et l'abus.	Okobilhebirye elhoho, omuthani ni muke omokathi akerikolhesya nerilabirya katheho.
Il adopte l'attitude que la résistance est une perte d'énergie.	Akabya nomubere weriyitulhumya niherya akaghala.
Ces vrais jumeaux ont été séparés à la naissance et ont été élevés dans des familles différentes.	Aba hasa buwene aba mubaghabwa okwibutwa ryabo nakandi mobakaya kulhira omobihanda ebighabaghabene.
Une carte était attachée au cadeau.	Akarite kalwe ikanamathikene oko bihembo.
J'ai toujours pensé qu'un infarctus était la manière dont la nature t'indique qu'il est temps de mourir.	Ngabya ngalhengekanya ekihimbiko eki nimwaghenda wekihugho erikubwira ngoko nindambi yerihola.
Une maison en bois brûle plus facilement qu'une maison de pierre.	Embimbano eye mithi ikahya luba kulhenga embimbano eyamabwe.
Le scientifique est connu non seulement au Japon, mais également à l'étranger.	Owamakangirirya simbwambu asibwe omo Japane, alhiwe nahandi.
Le soldat authentique ne lutte pas parce qu'il déteste ce qui est devant lui, mais parce qu'il aime ce qu'il a derrière-lui.	Omulhasi owekera syalhilwa busan'anzir'ebiri enyuma siwe.
Il essaya d'être courageux tandis qu'il était pris en otage.	Mwanalhenga eribyanomuhwa nakanyanzinga abyanitheko.
Monica n'a pas beaucoup étudié.	Munica syasomire kanzi.
Nicole sait très bien parler japonais.	Nicole anasi eribugha eki Japani.
Ne vous frottez jamais les yeux après avoir coupé un piment.	Isiwanyighitsa ameso erinyuma syerithwa epilipili.
Après que sa femme l'ait quitté, Harold est devenu fou.	Enyuma syomwalhiwiwe  eribimusigha, Horold abiribya musire.
Tous les gens devraient découvrir les joies du partage par eux-mêmes.	Abandu bosi bangafumbulhir'ebibenebene etseme yerighaba.
"""Superman"" sort ce mois-ci au cinéma."	"""Mundu mukulu"" ikendi lolowako oko mukera oyu okokisasamira."
Je viens d'écrire une appréciation négative au sujet de cette agence immobilière.	Nama bisaka omulaghe owathatsemesirye owalhebiry'ekibuthekino.
Un sot trouve toujours un plus sot qui l'admire.	Ekikiru kisasunga kanzikanzi ekindi kikiru ekikamutsemera.
Les Russes copient les mœurs françaises, mais toujours à cinquante ans de distance.	Aba Rusi bakira emibere eya bafranza, oko bulhi bwemyaka makumiyathanu.
S'il vous plait mettez-moi en relation avec Mr Smith.	Kishi, munihire omo bwira na mulumuna Smith.
La criminalité est certainement en progression dans plusieurs de nos grandes villes.	Obwithi bwabirikanya kutsibu omomilhongo minzi eyomo miyi minene.
Qui est le garçon qui joue le rôle de Peter Pan ?	Omulwana nindi oyukasatha omomwanya wa Petero Pan ?
Un dollar est égal à cent cents.	Engohe nguma yilhingene nerighana.
Je n'ai pas assez de mémoire RAM.	Singwithe obwenge bunzi owe Ram.
Je vis dans un petit village à cinquante kilomètres de la capitale polonaise.	Munabya ngabuka omokalhongo kake oko bilometere makumiathanu oko bwikalano bukulu obwe Polonesya.
Le capitaine donna l'ordre d'abandonner le navire.	Neryo omukulu mwatheka ehamulhi yerilwa omoryatho.
Il fut envoyé au combat.	Neryo mwathumwa okomalwa.
Les noms sont dans l'ordre d'entrée sur scène des acteurs.	Amena anakwamire erithondeka ryerihangana okokikwa.
Il arriva chez lui un peu avant cinq heures.	Mwahika ewiw'embere syesosah'ithano.
Un mensonge peut voyager jusqu'aux antipodes pendant que la vérité en est encore à lacer ses chaussures.	Amabehi anganaghenda erihika nokobalhi ekulhimu omughulu ekwenene siyiriya ghusa ebiryatho byayo.
Il a été élu roi du bal de fin d'année.	Mwakasombolawa nomwami we Bal oko muheryo gho mwaka.
Je prends ces pastilles quand j'ai la gorge sèche.	Ngimaya ehitere ehi omughulu omumero waghe umire.
Chaque étudiant masculin a le symbole de l'école sur sa casquette.	Obulhi mwigha ghobulume anawithe okokiminyikalo kyakalhasi okokikeke kiwe.
Je n'utiliserais pas une machine à laver dont l'interrupteur est défectueux.	Sinendisya kolhesya ekyumano ekikafulha ekyerikwekuma ikikatwa kutse ekikakingulir'amasenyerezi ekithaluyirirene.
L'or est le souverain des souverains.	Ehoro ningulu yomobakulu.
L'absence de preuve du contraire est elle-même la preuve que votre théorie est probablement vraie.	Eribula ryebikaberereraya ebyolundi luhande byebinasyaberereraya ngoko  ebyaghu byanganabya kwenene.
Si le lion est le roi des animaux, l'aigle est le roi des oiseaux.	Endalhi yamabya ininyama yesindinyama, erisamba niryami ryesyonyungu.
Ce produit chimique est extrèmement dangereux.	Ebindu ebyo birikolubanza.
Il était sur le point de réussir.	Alwe inyasi nyathoka.
Tu détournes tout ce que je dis.	 Ukaghana ebyosi ebyongabugha.
Regarde là !	Lhebaya halya !
Veuillez dire adieu, Madame, à votre époux.	Ubughuthi musighalhe yambo, mugholhe, oko mwira waghu.
N'essayez pas de couvrir le ciel entier de la paume de votre main.	Isiwalhenga erisuika olubula olosi omokighanza ekyebyala byaghu.
Le juge prononça une peine de cinq ans de travaux forcés.	Omusosi mwasobola enzwere ye myakithanu eyibiri eyerikaswa.
Tom a commencé à siffler un air.	Toma mwakatsuka erisughunda omomyanya.
L'Irlandaise, qui écrit en irlandais, est écrivain.	 Omunya Irlande, oyukasaka omo mubughe weki Irlande nimusaki.
Je sais que son oncle va lui présenter une femme.	Nyinasi ngoko muyomba wiwe akandi mukangya omukalhi.
Pierre croit encore au Père Noël. En revanche, son fils n'y croit plus.	Petero akikiriraya omo Thatha Nwili. Angulhe, mughala wiwe sikirirye.
Malheureusement, l'hôtel que tu as proposé était complet.	Ekyobughanya, olutere ulyanikangya silweluhwere.
Les Allemands n'ont pas le sens de l'humour ? Ça ne m'amuse pas du tout !	Abanya Allema sibawithe obulhengekanya obwe sisanda kwe ?  Sibithanyitsangya tsangya !
La solution rapide et efficace pour trouver le job de vos rêves !	Omusoho niwalubaluba nakandi anatholher'erisunga omubiri ogho ukalhotha !
Nous autres adultes ne détruisons pas les facultés intelligentes et créatrices des enfants.	Ithwe bandu bakulu isitwatsandaya amalhengekanya nerihanzika abana.
Une bonne équipe est un groupe d'individus qui travaillent ensemble à atteindre un objectif commun.	Ekipia ekyuwene kyekirimo abandu abakakolera ahaghuma erya hindira okokilhengererwako kighuma.
L'hiver semble s'attarder cette année beaucoup plus longtemps que d'habitude.	Omughulu owembeho amabya ngamabulhirayo oko mwaka ono kulhenga eyindi mighulu.
Chaque journée est une petite vie : chaque réveil et chaque lever est une petite naissance, chaque nouveau matin en est la jeunesse, chaque repos ou endormissement est une petite mort.	Obulhikiro neribyaho rikuhi, obulhi eribuka nobulhi nzakya nibuthwa buke, obulhi mitsange mihyaka nimusuko, obulhi nduhuke kutse highotso niluholo luke.
Messieurs, démarrez vos moteurs.	Balume, mwakaye emitere yenyu.
Cet homme cruel fouetta son chien.	Omulume mwithi oyu mwa hunza endeghetheghe yiwe.
Le cancer peut être facilement guéri s'il est détecté dans sa phase initiale.	Akásowésowê kanganalama luba kamabifumbulhwa luba ikakin'okonzuko.
Un bon rayon de soleil, froid et sec, voilà un beau temps d'hiver !	Erisalalhi eryuwene eryeruba, erihuhirire kandi eryumukire, endambi mbuya eyembeho yeyo !
Dans un vaste espace laissé libre entre la foule et le feu, une jeune fille dansait.	Omokyanya kinene ekiri bwiranda omokathi kathi kerinyumba nomulhiro, omumbesa mulhere abya inyanemusatha.
Tom est un imbécile.	Toma ni kikiru.
C'est au pied du mur que l'on connait le maçon.	Kokonzuko eyoluhimbo kobakaminyira omuhimbi.
Tout le monde a adopté une attitude hostile envers les immigrés clandestins.	Obulhi mundu mwakabya nemibere eyo bukalhi oko basa abakayitulhumaya.
Le cœur sert à pomper du sang.	Omuthima alhiho okwighusa omusasi.
En 1860, Lincoln fut élu Président des États-Unis d'Amérique.	Okokirimo kye kighonye kighuma maghana munani makumi ndathu, Lincoln mwasombolwa momusondolhya wobughuma bwebihugho byebuamerika.
Nous aurons besoin d'une agence de chasseurs de têtes pour trouver l'homme qui convient à ce poste de cadre.	Thukandilagha oko kibuthe kyabahiyi bemithwe okwisunga omundu oyutholhere omo lubethe olu.
J'étais impliqué dans une dispute insignifiante.	Nabya omomyatsi eyobuhaka obuthawithe ndundi.
Il était terrifié en voyant cette énorme serpent.	Abyakwire obuba erilangira enzoka nene erya.
Tom est en route vers Boston.	Toma anyomonzira eyeriya e Bostone.
Notre liberté dépend de la liberté de la presse et cela ne peut pas être restreint sans être perdu.	Obwiranda bwethu bulhiho omwilabira obwiranda bwabathula ngulu nekyo sikyangakehibwa butsira eriheribwa.
« J’arrive maintenant à compter de un à cent en français. » « Waouh, super ! Bon, maintenant, tu peux le faire à l’envers, en partant de cent jusqu’à un ? » « Euh, ça, je peux pas encore. »	« Nabiri hika oko lulhengo lwerighanza eritsuka okokighuma erihika okwighana omokifranza. » « Waooh, kyowene ! Neryo, hathya, wanganakolakyo omwilabira, eritsuka okwihana erihika oko kighuma ? » « Euh, ekyo, sinangasyathokakyo. »
Los Angeles est la deuxième plus grande ville des États-Unis.	Los Angeles nimuyi wakabiri omunene omobughuma bye bihugho byebuamerika.
Un vaisseau sanguin a éclaté à l'intérieur de son cerveau.	Enzira eyo musasi moyikathulikira emisisyo bongobwiwe.
Le journal raconte qu'un lion s'est échappé du zoo et qu'il pourrait, à présent, être dans n'importe quelle partie de la ville.	Esyongulu sikakanaya ngoko endalhi moyikatswa omobatsunga nahathya yanganabya obulhihandu oholhuthasi omo muyi.
Perdre son passeport dans un pays étranger est pire que de perdre ses bagages ou de se faire voler son portefeuille.	Erimaya e pasiporo yiwe omo kihugho ekyehihya ritsandire kulaba erimya ebindu kutse eriherya ekirango omwilabi abaabakurungu.
Plus le corps est petit, plus probablement la personne souffrira des effets néfastes de radiations.	Omubiri eribya muke, kutsibu nomundu akandihimbikwa.
Linda est devenue la nounou à temps plein des enfants de Dan.	Linda abiribya mulhemberi mubuya owabana ba Dan okobulindambi.
Ma mère me crie dessus tout le temps sans raison.	Nyinya waghe akanyitomboker'okobulhindambi isihalhi kindu.
Elle enveloppa le cadeau dans du papier de soie et mit un gros nœud rouge sur le dessus.	Neryo mwabomba ebihembo okokibabe ekyo bweya hakandi amahira erikundo rinzi eryengwindisi ryendatha.
Tom n'a certainement rien fait qui mérite ce genre de punitions.	Toma mwathithakola ekyosi kyosi ekyo kwangasiyirwathya.
Les ardeurs du marié se refroidissaient quelques minutes avant le mariage.	Abomuhwa bobulume bakayi huhiriraya kathambikake emberesyendwa.
Je vois Dana.	Namalangira Dana.
Il y a des cerisiers des deux côtés de la route.	Han'ebikuku okombande ibiri esyenzira.
Son absence donna cours à toutes sortes de rumeurs.	Erithendi hika riwe moryaleka inahulwa.
Le bonheur est un idéal de l'imagination et non de la raison.	Obutseme nikikulu ekyomwiyitheghererya butsira ekyerilhengekanya.
La troisième étoile appartenait à un roi.	Engununu yakasathu yabya iniyomwami mughuma.
Mon estomac gargouille déjà.	Ekihu kyaghe kirimubulhunganya.
Ils volèrent les chevaux et les bœufs.	Mobiba esyopunda nesyonde.
Il nia avoir pris part au crime.	 Mwayighana athimwatha theghekanya okobwithi.
« T'as une clope ? » « Oui, mais je n'ai pas de briquet. »	« Unawithe oko thaba ? » « Inga alhiwe sinyiwithe okokabiriti. »
Le jour suivant, le naufrage du bateau fut découvert sur la grève.	Ekiro ekyakwama, mubayafumbulha eryaho eryasenda ryokomukeketho.
Thomas jeta ses vêtements dans le panier à linge sale.	Toma mwaghusa esyonzimba siwe omokithiri ekirimo esikinire.
Une petite sieste et hop, je suis frais comme un gardon.	Enduhukenge, nyinaluhukire nge samaki.
Des détectives privés ont été embauchés pour examiner l'étrange affaire.	Ebikaminyerera ebyomundu mobika hekawa eriyalheberibwa ehihya.
Allo, est-ce le service du personnel ?	Allo, nikithoongole kyabakoli bemibiri ?
Le roi était célèbre pour son splendide palais.	Omwami abya ahalambirwe busana nobubuya bwenyumba yiwe.
Tom parlait plus fort que d'habitude.	Toma abyakabugha kutsibu kulenga ngoko akabugha.
Tracy a perdu ses lunettes.	 Tracy abiriherya amalhinete wiwe.
Il y a une alliance importante entre ces deux pays.	Hane obwamathani obusikire omokathikathi kebihugho bibiri ebi.
Si tu étais venu aujourd'hui, je t'aurais donné mille francs.	Wamabya ighunasire lhino, nangakuhere ekighonye kighonye kighuma ekyesyo sende.
Je te remercie d'avance pour ton aide.	Namakusima embere oko buwathikya bwaghu.
Le film s'est inspiré du roman éponyme.	Ekisasamira kikabilwa omobithabu ebibandu bakulu.
Kent est un meneur-né.	Kent nimundu oyowabuthawa luba.
Lorsqu'un médecin suit le cercueil d'un patient, c'est en fait parfois la cause qui suit l'effet.	Omughulu omuthahwa akakwama erikereghethe eryemukoni, kanzikanzi bikabya ebyebikakwama ekiryabya.
Ne fais pas de cendres de cigarette sur le tapis.	Sighuthe eribu ryethaba ryokokiseso.
Debbie! Est-ce que tu m'entends?	Debbie! Wanamanyowa?
Nous avons mangé de la barbe-à-papa à la foire régionale.	Muthukalhya okonderu thatha omughulu wakathalhi komokihugho kyosi.
Nous faisons un bœuf au club demain soir.	Thukandisyakola ende omokipia ekyo munzia.
Elle a admis avoir de l'héroïne.	Mwakalhiyira eribya inyanawithe okobuhereri.
Comprenez bien que dans de telles circonstances, nous n'avons pas d'autres alternatives que de trouver un autre acheteur.	Wowe ndeke ngoko omo bikango ebiringebyo, sithuwithe ebindi ebyanga yikola ekindi okokindi hathane aherisunga oghundi oyukaghula.
« Mince, ma batterie va me lâcher. » « Tu aurais dû la recharger pendant que tu dormais. »	« Mince, ebateri yaghe yikandinyilheka. » « Wangahirire momulhir'omughul'ulweughotsere. »
Je mesure 1 m 58.	Nyimirwe oko metere nguma nebitswe makumi awathanu nomunani.
Des cris de joie éclatèrent.	Emirenge yobutseme bunzi.
Il est dangereux de se pencher au-dehors.	Nikyo bulighe eryeghemerera ebyahihya.
Samantha est arrivée.	Samatha abiri hika.
C'est un engagement énorme.	Niyitheka erinene.
Cette collection est riche en tableaux des maîtres hollandais.	Ekikumulo ekyo nikitheke omobisayi byabakangirirya ba hollande.
L'énergie solaire ne menace pas l'environnement.	Omulhiro owe syo pano syalhina busango nebithuthimbireko.
De retour à Shanghai je me fais des bonnes pâtes de riz sautées à la chair de crabe.	Erisyabilwa e Shanghai ngayikokotheraya obundu bomutsere eritwira omo munyoku werihiri.
Je veux être photographe de la nature.	Nyanzire inabya nga hamba ebirimu omobithuthimbireko.
Et ils continueront à influencer le monde à travers l'excitation de leur littérature, de leur cinéma et de leur musique.	Nikwa bikandisya lolhya emulhiro erithebererya ekihugho omwilabira emisako, ebye bisasamira byabo; nehisimo syabo.
Cet outil est complètement inutile.	Ekyuma eki sikiwithe ndundi.
Elles ont accordé une interview au journaliste.	Mubakaha omukanya gho muthulangulu.
Mon épouse a donné naissance à un enfant lorsque nous étions très pauvres. Pendant qu'elle dormait, je cuisinai du riz et des légumes pendant plusieurs jours et je la surpris par la variété et le goût de ma cuisine.	Mukalhi waghe mwaka butha omwana omughulu twabya banaku. Omughulu abya inyainyanetho, nabyangahuka omutsere nesyonyinyi omobiro binzi neryo ininga musisiraya omobusi bwemihukire yaye.
Heureusement nous avons trouvé le chemin de la fuite.	Ekyobutseme, mothukasunga enzira eyerithereryamo.
Cette église fut détruite par un tir d'obus.	Ekisomo eki mokyatheribwa omo mbundu nene.
Il a repéré cinq fautes en autant de lignes.	 Mwakasunga amalolo hakuhi athanu omomilondo mingaho.
Le verre est tombé par terre.	Oluthehi molukathoghera ahisi.
Tom est entré dans l'Église de Satan.	Toma mwakingira omokisomo ekyashetani.
Bientôt, je ne pus voir que son cou, flotter au-dessus des vagues.	Sesene, bangalhangire ebikya biwe bikalhelhetha endatha sye bisunda.
Je ne sais pas.	Sinyasi.
Le Japon se situe en Asie Orientale.	Ejapani yikanabika omo Azia yemathanga ryuba.
J'ai vu Andrea quand elle sortait de la maison.	Monalangira Andrea omughulu alwe akalwa omo nyumba.
J'avais neuf ans lorsque je demandai à ma mère si le Père Noël existait vraiment.	Nabyangwith'emikera mwenda omughulu nabyangabulhya Kwenenekyo thatha Nwili ngabya inyaneho.
UN signifie Nations Unies.	 UN nibugha hathi obughuma bwebihugho.
Donald était le prénom de mon professeur d'anglais.	Donald ryabya rina ryo mukangirirya waghe owekingeresa.
Marie était la seule fille à porter une jupe.	Maria abya mumbesa iyuwene eryambala eshipo.
La porte restant verrouillée de l'intérieur, il ne pouvait rentrer dans la maison.	Oluyi eribya ilunahindir'emwisi, syangasuba emwisi we nyumba.
Conformément à votre demande, j'ai joint une photo récente au format passeport.	 Erikwamana nerisaba ryaghu, mungongeraya ekisasamira kyalhinolhino kyoko pasiporo.
Ma sœur travaille à l'ambassade des États-Unis à Londres.	Mwalhi wethu akakolhera okobulhembya obomobihugho ebye buamerika e Londone.
Les Nations Unies s'efforcent de maintenir la paix dans le monde.	Obughuma bwebihugho bukayikasira okwihambirira emirembe omokihugho.
Une nouvelle équipe fut formée afin de prendre part à la course de bateaux.	Ekipya kihyaka mukya theghekanibwa erisangira oko lusalhi olwe siondibitho esya matho.
Je pensais le tenir dans un coin, mais il fit alors un mouvement inattendu et renversa complètement la situation en ma défaveur.	Indyalhengekanaya nganyinawithe kukyo komongonde, alhiwe mwakola erikinga eritheryerilhinda neryo mwabindula ekika ekyo okoluhande lwaghe.
Le présent accord est produit en deux exemplaires signés par les deux parties.	Erilhighirana rino rilusibwe mombande ibiri kandi rihirirwe kwesisembo nesyombande ibiri.
Merde !	Luhanda !
Souffle toutes les chandelles du gâteau de fête en même temps.	Akabuhirira okomisuma eyo bundu obwekisendebelhe okondambi ngumerera.
Le prince a été transformé par magie en une grenouille.	Omughala wamwami mwakabindulawa mokikere.
Un miracle est un évènement décrit par ceux à qui il a été raconté par des gens qui ne l'ont pas vu.	Ekithiko thiko ni mwatsi owakathondolawa nabandu abathalhyalangiragho.
Veuillez rester assis jusqu'à ce que l'appareil atteigne la porte.	Musighalhe hano erihika omughulu ekyunano kikandihik'okoluyi.
Cette excursion comprend chacune des cinq îles principales.	Olughendo olu lunemo obulhi kighuma kyomobitsira bikulu.
Le cargo de marchandises a quatre heures d'avance.	Omushiko webyerighulhya amabibya embere hakuhi masaha awani.
J'adore Ken le survivant !	Ngaramaya Ken oyulhiho !
Tom prétend avoir des pouvoirs psychiques.	Toma akalhengekanaya nganawithe obuthoki bwekinyamuthwe.
Anne a un faible pour le chocolat.	Anna awithe obolo oko tsokolha.
Merci, monsieur, de votre gentillesse.	Wamuwanya, musyakulu, oko bughenge bwaghu.
Toute personne a des devoirs envers la communauté, étant donné qu'elle ne peut développer pleinement et librement sa personnalité qu'à travers elle.	Obulhi mundu awithe ebyanga kolhera ekihanda kikuwiwe, erilangira ngoko angalolya obunyamundu bwiwe omwilabira ekihanda ekyo.
Les tortues pondent leurs œufs dans le sable.	Esyokulu sikanya amaya ghomomutsanga.
Je sentis la tension monter entre nous.	Mongowa obuyighu bukenuka omwithwe.
Il a été trouvé coupable de tentative de meurtre pour avoir attaqué sa mère avec un couteau.	 Mwakalhangirika omomyatsi eyo bwithi kusangwa mwaka kalhambana na nyinya wiwe inyane nomuhesano.
Le cerf dormait sur un lit de feuillages.	Erisamba ryabya irinaghotsera omonzingo eyebithi.
Sais-tu différencier l'argent de l'étain ?	Unaasi erilengeriana e arja ne etain kwe ?
Seuls les paranoïaques survivent.	Ebirimu bisa byobikabyaho.
S'il vous plait demandez à la secrétaire de stocker les fournitures de bureau à la réserve.	Kisi, mubwire endombi muthiabike ebindu byomobusenge mo ndanda.
En signant ce contrat, je me suis engagé à travailler là-bas pendant 5 ans.	Ukahira eyisembo yokokibabe eki, mongayisogha erikolera halhya omomikera ithanu.
Les danseurs semblent délicats dans leurs robes blanches, mais ils sont en fait forts comme des chevaux.	Abasathi bamabya nga niberibindula omo ropo syabo esyomusohe, alhiwe nimbanzi nge binyana.
Je vois à vos doigts que vous fumez.	Namalangira omominywe yaghu ngoghuka mothaya.
Décidément, ça doit être dur pour vous. Comment faites-vous face à tout ça ?	Okokwenene, kyangabakalako.  Ukakola uthi erilwa nebyosi ebyo ?
Que t'apporte de détruire des preuves ! ? La chose à faire serait de contacter la police, n'est-ce pas ?	Rikakulhetheraki eritsanga ebyanga berererye ! ? Ekindu ekyerikola kyangabere ekyeribirikira epolishi, kobithe bithya ?
Les élèves rirent dans leur barbe en voyant que le professeur avait mis son pull à l'envers.	Abigha mobaseker'emwisi erilangira omughalima ngoko ambit'ethiŗiķô yiwe yobú̧tu̧li̧.
Par ici, je vous prie, Mademoiselle.	Hano, ngakusaba, mumbesa.
Le traité commercial doit fournir un terrain neutre sur lequel se concurrencer.	Ekirango ekyo buhingaghania kyanga lheka ebithatha ekithawithe luhande  ekyangabya kwerilhengana.
Quand le chat n'est pas là, les souris dansent.	Omughulu olubundu silhulhi, esyombukulhi sikasatha.
Son rétablissement n'était ni plus ni moins qu'un miracle.	Erilwaluka riwe siryabya rike kutse rinzi okokithikothiko.
Vendez-vous des vêtements officiels ?	Ukaghulaya esyonzimba syolukengerwa ?
Le berger essaye toujours de persuader les moutons que leurs intérêts et les siens sont identiques.	Omulhisya akalhenga erilighisya esyombulhi ngoko endundiyabo neyasyo nibighuma.
Des scientifiques britanniques ont établi que si vous renversez le drapeau japonais, vous obtenez le drapeau japonais.	Abamenge bebubritanike mobakakangaya ngoko bamabibindula ebelhu  eye japani, ghukandi sunga ebelhu eye Japani.
La discipline, voilà la part la plus importante de la réussite.	Erisikya, ekyo kikulu ekyerithoka.
Mes amis m'appellent généralement Freddy.	Abánywáni baghe bakambirikiramo Feredi.
Résumez ce passage en 200 mots.	Theritsinda omulaghe omobinywa maghana awabiri.
Je ne sais pas me servir d'un rouet.	Sinyasi eriyiha omokyumano ekyebiringo.
Un compliment vaut un baiser.	Erisima rikaghenda nerilhyatsira righuma.
Le chasseur ne peut exister sans la proie.	Omuhiyuhi syanga byaho butsira nyama.
Tu ferais mieux d'examiner attentivement le contrat avant de signer.	Wangayirire ndeke eriyitheghererya ekibabe embere uhireko eyisembo.
Après six heures d'escalade, nous avons finalement réussi à atteindre le sommet de la montagne.	Enyuma syamasaha ndathu aweryeruka, mothukahika okondulhi  yekithwa.
Elle possède un Turner.	Anawithe oko luthimbyo lughuma.
Il y a un fort lien d'affection entre eux.	Hane obwamathani omokathi kabo.
Si un porteur porte tes bagages, n'oublie pas de lui donner un pourboire.	Omuheki amaheka ebindubyaghu, isiwibiri erimuha ebihembo.
Il a laissé la saucisse tomber par terre.	Mwakalheka akabuba erithoghera ahisi.
On dirait que cet animal a un problème génétique.	Omundu anganabugha athi enyama eyi yiwithe olubanza lomomusasi.
Mon grand-père était un pirate, un chasseur de trésor.	Mukulu waghe abya kisosekanio, muhiyi gho butheke.
Le président Kennedy a été tué, mais sa légende vivra pour toujours.	Omusondolhya Kenedi mwithwa, alhiwe ehistoria yiwe yikasyabyaho  ekera nakera.
Son courage tout au long de sa maladie est une source de motivation pour nous tous.	Omuhwa wiwe omondambi syosi esyendwala yiwe ninzuko eye mbirikiro  okwithwe bosi.
Il y a eu un flot ininterrompu d'appels de réclamations depuis la semaine dernière.	Mohabere omusalala owathe angathwika owe syombirikiro okoyenga  eyabya yalabire.
Il a mangé un poulet avec de la salade et de petits pains.	Mwakalhya engoko haghuma nebithahire nikwa nobundu buke.
Ces ordinateurs ? C'est de l'argent jeté par les fenêtres.	Ebisengula ebi ? Nisende sighusire omwilabir'akabengeryô.
Tu as besoin de connaissances techniques pour comprendre comment fonctionne ce système.	Wanzire iwabya namalhengekanya aghobukengereghesanya eriminya  obughuma ngabuka kola buthi.
Nous nous jugeons de par nos intentions tandis que nous jugeons les autres de par leurs actions.	Thukayi soha erikwamana nebiri emwisi syethu nabandi  thukasohabo  erikwamana  na mathegheko wabo.
Tu n'emploierais pas d'aérosol pour nettoyer ton téléphone portable, si ?	Sitwendikolesya ekilemekeryo kyo muka eryerya enyakutu yaghu, kobine ?
Un capitaine dirige son navire et son équipage.	Omukulu aka fuha eryatho riwe nabosi abalhimo.
Le chemin serpente le long de la route.	Enzira yiyilhingalhingire oko mukekethyo wengenda.
J'ai comme la tête qui tourne et j'ai la nausée.	Ngwire omuthwe  owakabya  ngwakathimba nakandi ngabya nganyikwire  ekitamitami.
Hooker était extrêmement ravi.	Hooker abyatsemire kutsibu.
Mary porte un soutien-gorge sportif pendant l'exercice.	Maria ambithe ekifunga omondambi esya makangirirya.
Tom n'a pas d'antécédents judiciaires.	Toma syawithe enywamirira eyobusosi.
Il est nu comme un ver.	Kwane ndumbu ngomunyolhe.
L'heure d'été commence le trois avril.	Endambi eye kihuhanya  ikatsuka omo biro bisathu oko mukera wakani.
M. Joel est actuellement de service.	Mulumuna Joel alhi lhino omo mubiri.
On nous a octroyé le privilège de pouvoir pêcher dans cette baie.	Mobakathuha akabanga akerisoha omokighuma eki.
Qui entend sa voix enregistrée a la sensation d'écouter un étranger.	Obulhi mundu oyukahulikira omulhenge wiwe owabirihambwa, akabya nganemwowa omundu owehihya.
Une relation basée sur l'honnêteté absolue est vouée à l'échec.	Obwamalhani obutsukire okomiyithondekere bukalolaya eriyathaluka.
Jessie parlait mal français et pire encore allemand.	Jessie abyaaka bugha ekifranza kyomuhanda kalhenzyo eki Alemand.
Notre dette totale s'élève à dix mille dollars.	Omwinda wethu wosi nihakuhi bighonye erikumi ebyesyo ngohe.
Meg est curieuse de tout connaître sur le Japon.	Meg nimutsweka anzire inya minya ebyosi ebilhebirye e Japane.
C'est dommage que tu retournes bientôt en Chine, il n'y aura plus personne pour me tenir compagnie.	Nikyo buhanya ukabya ighukasuba eshine yolhinolhino, sihandisabya  mundu oyukangwanamisaya.
La Géorgie est son pays natal.	Egeorgie yatwirawa engundi.
On a le droit de vote à vingt ans.	Obulimundu awithe ehamulhi yeritsakura oko myaka makumi abiri.
Je ne pense pas que les gens devraient faire une montagne à partir d'une taupinière.	Sinyilhengekenye abandu baka kokotya ekithwa omolutseghetseghe.
Je dois être en train de fatiguer. J'ai sommeil dès que termine de dîner.	Nangabere nyinemuluha. Ngandiyatho nabugha erirya ebyerigholo.
La pièce était bondée de journalistes attendant que la conférence de presse commence.	Ekyumba kilu ikiswiremo bathula ngulu omwirindiria olukuratho lutsuke.
J'aime faire mes courses au marché fermier du coin.	Ngatsa erithibitha omokathalhi kebyondo omongenda.
Je lui ai rappelé son entrevue avec le président.	Monga mwebukaya erisunganariwe mukulu.
Nous publierons l'ordre du jour définitif le matin du lundi 20 janvier, donc répondez rapidement, s'il vous plait.	Thukandi laghalaghanya ebilwe okolughalhi omomitsange yekiro kyerimbere biro makuhi abiri, nibwambu usabiraye luba.
Si seulement j'avais vendu cette propriété pendant la bulle, je n'aurais pas perdu autant d'argent.	Ngonalhighulaya ekindu eki omughulu gho muka oyu, sinangasukire  esyosende singaha nesi.
Si tu plantes une graine de pommier, elle pourrait devenir un arbre.	Bamabihera enyuma ye pome, yikandisyabya muthi.
Les vaches sont grandes et leurs cornes sont longues ; les moutons sont petits et leur cornes sont courtes.	Esyonde ninene namahembe wasyo nimalhimalhi, esyombulhi  ningengenge namahembe wasyo nimakuhi makuhi.
Le temps passe et il fait tourner la roue de la vie comme l'eau celle des moulins.	Endambi yikalaba nakandi yikathimbaya ekiringo ekye ribyaho ngamaghetse ogholusi.
Tom a commis des crimes, mais n'a jamais été condamné.	Toma mwakakola obwithi, alhiwe syalhathasuyirwa.
Les activités de notre club sont constamment gâchées par son comportement.	Emibiri eyekipya kyethu yabirimanibwa busana nemibere yiwe.
Paul est venu à Rome pour me saluer.	Polo mwasire e Roma erisyaniramukya.
J'ai croisé Naomi en rentrant chez moi et on a discuté.	Mongasangana Naomi omughulu nyilwengasuba eka neryo mothukana  bangabanganya.
Il semble que M. Brooke soit un homme honnête.	Bikalangirika Mulumuna Brooke angabya mundu oyuyithondekire.
Le monde suit une règle d'or : Quiconque possède l'or écrit les règles.	Ekihugho  kikakwama  esyotholhi  eye horo : Obulhimundu oyuwith'  okohoro akasaka emighambo.
Le château est à vendre pour 10 millions d'euros.	Embimbano eyobwami yikaghulibawa milioni ikumi esyo sende  esyobulaya.
Jon est beaucoup plus attirant que Tom.	Yohani atsemesirye kundu kulaba Toma.
M. Adams a été idiot de donner son accord sur la proposition.	Mulumuna Adamu mwakabya mukiru erilhiya obulhengekanya bwaye.
Il y a d'énormes serpents sur cette île.	Halhi esyo nzoka nyinzi okokitsira kirya.
N'importe quelle chanson chantée en français me met dans une humeur libidineuse.	Kangabya kashimo kahi akanzimbwa omokifuranza kakayitheka  omobusike.
Il décida d'être prudent et de se retirer du tournoi à cause de son genou blessé.	Neryo mubayithegekanya eribya ange neriyilusya omolusalhi busana  neriru riwe erihuthere.
J'achète des tas de trucs dans ce magasin.	Ngaghula emifungo eye bindu omo makashiniaya.
Mars vient entre février et avril.	Omukera owekihéro akabia omo wamáhúlule nawobútende.
Garde-toi de celui qui veut te dénier l'accès à l'information car dans son cœur, il rêve d'être ton maître.	Yitheghaye okoyo oyuka  sonda  erikukakirya oko ngulu busana omo muthima wiwe, akalhotha eribya mukangirirya wawe.
Gin n'est pas mon ami.	Gin si mwenzi waghe.
Nicholas et Maria s'aiment.	Nicolas bana Maria benzene.
Aux USA, devenir médecin prend un minimum de huit années d'études universitaires.	E USA, eribya muthahwa  rjkabugha hakuhi myaka munani omokiyiro.
Selon les astres, nous ne sommes pas compatibles.	Erikwamana nebiri omokyanya, sithuhambene.
Empêcher la maladie de se répandre à toute vitesse n'a pas été une chose facile.	Erikakirya obukoni erithendi kanya kutsibu mokithithabya kyolo.
Dan se trouvait dans son appartement lorsqu'il entendit Matt et Linda se disputer dans le couloir.	Dan abya inyane omunyumba yiwe omughulu alhyaghanaya Matt na Linda erithendisya sokongolana omo mbakumbaku.
Il y avait trois boutons au bas du dos du robot.	Habya ebifungo bisathu ekabuno syo mughongo wakangiti.
Ils gagnent leur pain en collectant et en vendant de vieux journaux.	Babya ibakabyaho omwirondekania nerighulhya ebirango.
Je trouve délicieux la salade aux crevettes.	Erilhira ebithahire bikabya ngabyowene.
Pouvez-vous me prêter une pièce de dix cents ?	Wanganambweka akayani kaghuma akeri ghana ?
Les troupes soviétiques ont commencé à se retirer d'Afghanistan.	Ebikukumula ekyabusabulhi kyabiritsuka erilwa e Afganista.
Cleveland n'était pas sûr que le garçon soit son fils.	Cleveland abya isiyayitsulhira omulwana kyangabya mughala wiwe.
Au lieu d'y aller moi-même, j'ai envoyé un messager.	Ohonangayireyo inzowenewene, monathumirey'omulhembya.
Ce chocolat est très doux et à un très bon goût.	Etsokoleyi yisiyire kundu nakandi ikakumba ndeke .
Elaine est à l'hôpital.	Helain anye lupithali.
La glace recouvre le lac, durant l'hiver.	Amatsuku akasul'okongetse, omughulu wembeho.
Nous nous dirigeâmes vers un étang au pied de la colline.	Motwaghenda eyiri engetse ebwanga eyiso omusya owekitwa.
John connaît l'histoire anglaise de A à Z.	Yohani anasi ehistoria eya bangaresa neritsuka oko A erihika oko Z.
J'ai glissé et me suis blessé en dégageant la neige de la route ce matin.	Mongathendera nerikwa omughulu nyilwangalusya amatsuku ghomongenda.
C'est juste un coup publicitaire à peu de frais.	Nikirango kike nakandi omokathalhi akhalhi ahisi.
Dong est un citoyen coréen.	Dong nimwikalani we Korea.
Elvis a quitté le bâtiment.	Elvis abirilwa omo mbimbano.
Ce fut un plaisir de vous rencontrer, M. et Mme. Thompson. Voici ma carte.	Mobwabya butseme ngabasangana, mulumuna nakoyo . Toma.  Akarata kaghe kakano.
Le garçon pouilleux se révéla être un prince déguisé.	Omulwana mwayikanzia ngani mughala gho mwami oyusikire.
Il pense inviter beaucoup de gens à la cérémonie de clôture.	Akalhengekanaya ngakandi birikira bandu banzi eriya sangria oko mubala wiwe owendulya.
"Les contes de fées commencent généralement avec la phrase ""il était une fois..."" et finissent avec ""... ils vécurent heureux et eurent beaucoup d'enfants""."	"Esyongano sikatsuka kanzikanzi omomulondo ""Habya kiro kighuma…"" neryo sikahwa ne"" ...mobabyaho nobutseme namobabut'abana banzi""."
Ding joue sur ordinateur.	Yo Dingo akasatha nekisengula kiwe.
L'empereur pria pour le repos des morts.	Omwami mwasabir'abaholhi.
Une pizza ? Ça peut aller, oui.	Epitsa ? Ekikyanganaghenda, inga.
Elle a fait ses études aux États-Unis.	Mwasomera amakangiriria wiwe webwamerika.
Scélérat ! m’écriai-je, que fais-tu ?	Scelerat ! namayilakire, ukakolaki ?
Douglas accepta enfin de parler avec Lincoln.	Dougala mwalhigha okondulhya erikanya haghuma na Lincoli.
T'es une drôle de fille.	Ulhi mutsweka womobambesa.
Des fois, à la nuit tombée, il levait les yeux vers le ciel étoilé avec curiosité.	Kanzikanzi, ekiro ikikabya kyahika, iniyakasumbir'ameso weyiri olubula olhulhiko esyongununu omwiyitheghererya.
Il tient un journal intime, et cela m'a encouragé à faire pareil, mais en anglais.	Anawithe okokirango kiwe,  nekyo mukyandethera omuhwa  erikolanyithya alhiwe omo kingeresa.
Si Shakespeare a écrit ce poème ou pas restera probablement une énigme.	Shakespeare amabya imwa saka olwimbo olu kutse iyehe akandisabya ini musyo.
La plupart des serpents, sur cette île, sont inoffensifs.	Esinzi syomonzoka okokitsirya kirya, sisilhethera bulhighe.
Il nous aidera à changer la roue.	Akandithuwathikya erihinganisya ekiringo.
Le ballon a roulé sur le sol dans ma direction.	Akaghulughulu mokakumbaghala okokitaka kakalola ebwanga eyonyiri.
De tels traitements feraient se rebeller n'importe qui.	Emyatsi eyirengeyo yangalhetera omulhelhe oko mundu.
J'ai la peau extrêmement blanche et je ne bronze pas du tout.	Nyiwithe omubiri ogho musoghe nakandi sindisughusa kanzikanzi.
Où est le supermarché le plus proche ?	Akathali kakulu akalhi hakuhikalha hohayi ?
Monsieur White a dit qu'à cause de la convention, il n'y avait pas de salles libres.	Mulumuna white mwakabughali kusangwa nerilhighirana, sihabya ebisenge ebio twanga kolesya.
Des feuilles mortes flottent à la surface de l'eau.	Ebithi ebihondire bikalhelhetha oko maghetse.
Veuillez inscrire la taille, la couleur et le style sur le bon de commande.	Ubyenerisaka obulhi, eranzi nemisakire okokisabo.
Il se couvrait le dos d'un manteau bleu.	Abyaswikire omughong'omorikothiriri eringe ranzi eye lubula.
Quand nous mangeons, nous mâchons lentement.	 Omughulu thukalhya, thukathakunya lhyololhyolo.
La santé est un facteur essentiel du bonheur.	Obunyaghasa nikighuma kyoko butseme.
Le lion rugit.	Esıḿ̧bâ yama ruruma.
Tôt ou tard, tous les parents doivent avoir une conversation avec leurs enfants au sujet des roses et des choux.	Omolhino kutse omokera, ababuthi bosi kumbe ibabya nerikaniraya nabana bab'okobilhebirye ebitsemesirye nokobyeswa.
Au cours de cet hiver, l'écriture a occupé l'essentiel de mon temps libre.	Omo mughulu ono owembeho,  olusako lwabirirya endambi yaghe eyo bwiranda.
La soubrette est entrée portant un gâteau.	Omukolhi mwakingira inyana hekir'erıţ́sáıḑ́ongo.
Combien font neuf moins six ?	Bingahi bikayira tissa okwlilusyako sindathu ?
M. Smith a demandé Jane en mariage.	Mulume wa Smith mwakasaba Jane atiabye mukali wiwe.
Si tu n'étudies pas davantage, tu continueras à obtenir de mauvaises notes.	Uthithasoma kundu, ukandi lolhya e mulhiro ukandi talukokokalasi.
Ce gant est troué au niveau du pouce.	Ekikaswika ebyala kithulikire okokikumo.
Dan a aidé Linda à trouver une robe élégante à la boutique de vêtements.	Dan mwaka watikya Linda erisunga eropo eyuwene yomo makashini.
Il est recherché pour vol de véhicule.	 Anemurondibwa busana nobwibi bwe ngurubani.
Ils accusèrent le président de ne pas se soucier de l'homme de la rue.	Mobatsongera omukulu we kihugho erithendi tsomana omulhume oghomongenda.
Ne pas te voir de toute une journée en ligne m'effraie.	Erithendikusunga omokyana omomusiboghosi rikandethera obuba.
Il y a un festival lors de la récolte du riz.	 Hane ekisendebelhe omughulu werihulula omutsere.
Si tu ne plantes pas les graines, elles ne pousseront pas.	Uthithahera esyonguma, isisyendisyalasa.
Le médecin a envoyé le patient vivant à la morgue.	Omuthahwa mwakabugha athi batwalhe omukoni oyukineho yomo kisenge ekyabaholhi.
Les femmes qui cherchent à égaler les hommes manquent d'ambition.	Abakalhy'abakasondekanaya eribya omolubwa lughuma nabalume sibawithe ebyobakayisunga.
Tom propose à Marie d'aller faire les courses pendant qu'elle gardera les enfants.	Toma mwakabwira Maria athibayatsange omughulu akandibya inyanemutheya abana.
Il est doux et noble de mourir pour la patrie.	Kikatsemesya eriholhera ekihugho.
J'aimerais me diriger vers le commerce extérieur dans le futur.	Omobiro ebikasa nganza niyakole obuhinganya omobihugho ebyehihya.
Vous me rappelez tellement mon ami Marina, grand maître de russe.	Wamanyebukya kundu omú̧nwáni waye yo marina, nimundu mukulu owe Ruse.
Nous avons choisi Jeffrey comme capitaine de notre équipe.	Motukasombola Jeffrey momukulu wekipya kyethu.
Comme habitude, il lit le journal en mangeant.	Ngokoyinemitsye, angasoma ekirango inyanemulya.
Il s'est jeté dans la gueule du loup.	Mwakayighusa omobuno bwembwa.
Une carte parfaite devrait être aussi grande que le territoire qu'elle représente.	Akarata akahwererere kangabere kanzi okokithaka ekyo kakahonyanira.
J'ai trouvé un timbre rare dans ce magasin.	Mongasunga kindu kihyaka omo duka eyo.
Plusieurs soldats furent blessés lors de l'offensive.	Balhasi banzi mubahuthala omughulu habya amalwa.
Depuis des années, il se trouve chaque mardi au marché à son étal de poisson.	Eritsukakera, abya inyaka banika omosoko obhulikiro kyetwátogere oko kisenge kiwe kyesombondwe.
Les habitants de l'Amérique se sont battus pour leur indépendance.	Abahimbani bebuamerika mobalwire busana nelipanda ryabo.
Bonjour à tous !	Kuthi inywebosi!
Un uniforme élimine-t-il les différences de classes sociales ?	Esyo jimba syabakolo sikana hinganabo kwe?
Au théâtre, Kathy changea de place avec sa mère.	Okobisanda, katarina mwahinganisya omwanya na mama wiwe.
Tom regarde un film sur la deuxième chaîne de télévision allemande.	Toma akalhebaya ebisanda okokinimba kyakabiri ekyebugeremani .
Sam aide quiconque lui demande.	Sam akawathikaya obuliamundu oyukamusab'obuwathikya.
Thomas a acheté une bouteille d'huile d'olive.	Toma mwakaghula etsupa eya maghutha awe alhibe.
Monsieur, vous avez fumé dans votre chambre et nous avons ajouté 200 dollars de frais à votre facture.	Mulumuna, moghuka futira omo kisenge kyaghu neryomo thungongerayako dolare maghana abiri oko kithuko kyaghu.
"Oh, non ! Je suis encore en retard ! On va finir par m'appeler ""le Roi du retard""."	"Oh, iyehe ! Kandi nabiri tselewa ! Bakisala bambirikiramo ""mwami weritselhewa""."
Le public pensait que ce n'était pas un court-circuit, mais que ça faisait partie du spectacle.	Abandu bakalhengekanaya ngoko siyilwe erisangana, alhiwe kalwe kahande akoko bisanda.
À son arrivée à Londres, il m'a envoyé un télégramme.	Okwihika riwe e Londone, mwandumira omulaghe omwilabira ekyuma.
L’estomac est un des organes internes.	Ekihu nikighuma kyokobitsuko ebyemwisi.
Il devait son succès autant à son habileté qu'à son application.	Angayirire olukengerwa lwiwe erikwamana nakaghala kiwe.
Le jeune fut arrêté pour son implication dans une émeute.	Omulwana mwahambwa busana neriyitheka omolubanza.
C'est seulement quand je ne peux pas dormir la nuit que le tic-tac de l'horloge devient assez bruyant pour m'embêter.	Esaha sindighotsera omokiro yesaha emihumbo eyaka ghanza buthuku ikangenderaya.
Je te remercie pour ta politesse.	Namakusima okwiyikehya ryaghu.
Il m'a téléphoné il y a une heure.	Akabimbirikira ko hamahwa sahanguma.
L'instituteur a souligné l'importance des exercices quotidiens.	Omukangirirya mwaka hathiriraya endundi eyeripima ryo bulhikiro.
Je porte des shorts tout le temps.	Ngaheka ehikuhi hikuhi oko bulhindambi.
Les ennemis mortels sont des amis immortels.	Esyonzighu esiholire nibira abathandisyahola.
Une datation au carbone fut réalisée sur l'échantillon afin de déterminer son âge.	Mobasunga omughulu woko kiyani omwilhenga ryerilhebya olubwa lwiwe.
Dan a entendu des bruits sexuels pendant toute la nuit à l'hôtel.	Dan mwakowa olukanda olwabashingiri omokiro kyoshi omoluthere.
Considère le scénario suivant.	Lhengekanaya ebiryasakama enyuma syaho.
Pardonnez-moi de vous interrompre, mais pourriez-vous ouvrir la fenêtre.	Unganyire kusangwa nama kwimania alhiwe, wangana kingul'akabengeryô.
Le désespoir l'a conduit à faire une tentative de suicide.	Eritwa amaha morikamatwala okwiyitha.
Les animaux agissent selon leurs instincts.	Esyonyama sikakola ngoko obwenge bwasyo bukasimbwira.
À moins que vous n'ayez des preuves, vous ne pouvez pas l'accuser de vol.	Hanganabya isighuwithe okowangakanya, siwangamutsongera omomyatsi eyobwibi.
Le café est au rez-de-chaussée, deux étages en-dessous.	Akawa kane ekabuno, ekabunosye bisenge bibiri.
Qu'une blague soit ressentie comme drôle dépend fortement du milieu culturel.	Olutseghetseghe lukalangirika erikwamana nobulimiyiwatho.
Il y a ceux qui, dans une situation désespérée, cherchent assistance dans les prières des autres, mais ne pensent pas à prier pour eux-mêmes.	Hane bandu abho, omughulu halhietwa, maha bakarondaya obuwathikya omwilabira emisabe ya bandu, halhiwe sibilhengekanaya eriyisabira ebibenebene.
Nous avons trois enfants adoptés. Les deux plus jeunes sont frères biologiques.	Thuwithe abana basathu abikere ohowethu. Ababiri nimusuko nakandi nibomonda nguma.
Mon oncle est un joueur de cricket amateur.	Muyomba waghe mimusathi womokipya kya Cricket.
Marc est dans la chambre à coucher.	Mariko ane omokyumba ekyerighotseramo.
Les deux pays vont négocier un règlement à la crise.	Ebihungo bibiri bikandikanyiranya busana nobulhigh'obuli mubyo.
Elle s'est totalement sacrifiée pour élever ses enfants.	Mwakayiherera eritsunga abanabiwe.
Personne ne sait exactement de combien de races se compose la population des États-Unis.	Sihalhi oyowasi abanya buamerika ngabalhimo mihanda mingahi eye rangi.
La preuve que le gâteau est bon est qu'il est consommé.	Ekyangalheka itwabugha thuthi omukati uwene nibusan'akalhibawa.
La police a interrogé de nombreuses personnes qui travaillaient près de la scène de crime.	Abapolishi mobaka bulaya abandu abalwe bakakoler'ahalyabya obulhigho.
J'ai fait la paix avec mon créateur. Je suis prêt à mourir.	Mongayisangira obugholo nomuhangiki waghe. Nyinayithekenye erihola.
Emily a peur des hauteurs.	Emily akwire obuba bobulhi.
Les espions empoisonnèrent le comte.	 Abalhebya babiri tsandya emyatsi.
L'opération était vraiment délicate, là, à un moment, mais le médecin pense qu'il survivra.	Erithegheko rilwe rilwerikalire aho ndambi nguma omuthahwa akalhengekanya ngakindibyaho.
Je n'avais jamais vu d'étoile aussi brillante.	Nabya isindi nathalangira esyongununu esikangabasenye.
Le sauvage m'a dérobé mes joyaux précieux et a pris la fuite.	Omukurungu mwaka heka ebindu byaghe neryo abiri thibitha nabyo.
De nombreuses différences culturelles subsistent entre l'Allemagne de l'Ouest et l'Allemagne de l'Est.	Halhi ebithasosekene omo kathi kathi ke Allemagne eye malhengera ryuba neye mathangalwiba.
Je suppose que vous aurez besoin de ça.	Ngalhengekanaya unemwendilagha okweki.
Les terroristes ont juré d'exercer leur vengeance sur ce pays.	Abalhelhe mobaka berereraya kobakandi kisirya ekinigha kyoko kihugho eki.
Mon nom est étrange.	Erina ryaghe nirihyaka.
Merci de m'avoir finalement expliqué pourquoi les gens me prennent pour un idiot.	Wasingya ukambwira ekikalheka abandu ebanimya ngekikiru.
La nonne pria et fit le signe de croix.	Omusere mwaka pik'okolina l'ise.
Nous nous battons tous contre notre propre remède; car la mort est le remède à tous les maux.	Itwebosi thukalwa busana nekibalhire kyethu, busan'oluholo nilo lukabugha ebyosi.
L'Irlande et l'Angleterre sont séparées par la mer.	E Irlande ne Angleterre bighabene omo maghetse.
La science se base sur des observations rigoureuses.	Amakangirirya akasikire okwitheghererya berisikire.
C'était un attentat-suicide.	Kyaba hakuni ekyo bwithi.
Je ne peux pas lui pardonner de m'avoir insulté en public.	Sinanga mughanyira kusangwa mwakayitsumira omobandu.
Pendant la guerre, l'Amérique a essayé d'arrêter le commerce avec l'Angleterre.	Omughulu wamalwa, Ebuamerika moyimanire obuhinganya nekihugho kyebungeresa.
Une fois, Tom a mangé dans un restaurant bon marché et a fait une intoxication alimentaire. Il est donc maintenant très attentif au lieu où il mange.	Kaghuma, Toma mwalire ebyala biomo restora nero mobyalabire omo nda yiwe. Neryo lhino akahulhikirira kundu ahandu ahakendi lira.
Des quantités énormes de soldats et de civils furent tués.	Abalhasi banzi nabandu banzi mobitwa.
Vous pouvez embrasser la mariée.	Mwangana kumbathira omulunga.
Je veux faire enregistrer une plainte en bonne et due forme.	Ngandi saka eritsongera ryondekendeke.
L'Église catholique s'oppose au divorce.	Ekisomo kyo bukatholika sikirihulhikirirana nerilwamo.
Ils ont dû rejoindre Jacques.	Bangana yireyasangana na Yakobo.
Le saumon remonte la rivière et ponds ses œufs dans le sable.	Enyamasomba ikalwa omomaghetse ikayanya amaya ghomomutsanga.
Le fil va là où l'aiguille le tire.	Omulhiki akaya ohoembıņ́dwa ikakurirayo.
Une brebis galeuse infecte tout le troupeau.	Embulhi eyiherire ikatsandaya esindi.
Pendant toute la leçon, il comptait les mouches.	 Omondambi syosi esyamakangirya, abya akaghanza esyonzuhere.
Napoléon conduisit ses troupes en Russie.	Napoleon mwatwala esyondabithi siwe sye Rusi.
La plupart des accidents de la circulation sont dus au manque de sommeil.	Ebisida binene bikabya busana bandu banzi sibiyatho.
La langue latine ne m'est pas totalement inconnue mais je suis totalement dépourvu de la capacité de la parler.	Sibwambu omubughe wekilatini sinyasigho alhiwe sinyiwithe obulhengekanya obwerithoka erikanya mugho.
La reine des sorcières est morte.	Omughole wabaloyi abyabiri hola.
Ne gaspille pas un seul grain de riz !	Isiwatsatsanga engumanguma eyo mutsere !
Au Japon, les sources d'eau chaude abondent.	E Japane, esyonunga sya maghetse awahuhire sikusula.
Je déteste les entretiens.	Ngasuyira emikokotherye.
Ton parti politique est complètement corrompu.	Ekithunga kyaghu ekye kipolitika kyabiritsanda busana nekithuliro.
Ainsi, cinquante pour cent du muscle peut céder la place à la graisse.	Nokwekyo amakumi athanu okorighana omunyoku anganasighira omwanya wamaghutha.
Elle a une machine à laver automatique.	Awithe ekyuma ekisekeraya ekyenekyene.
La vue du homard frais me donna de l'appétit.	Nabyangalangira embondwe, inalu nanza erilya.
La technologie numérique pour l'apprentissage du langage se met lentement mais sûrement en place.	Erigha omubughe omwilabira ebyuma rinemwasa rikayitheka lhyololhyolo.
Cet homme a touché le fond : sa femme l'a quitté il s'est fait virer de son travail et il est alcoolique. Le pire c'est que je le connaissais, c'était mon patron il y a cinq ans.	Omulhume oyu mwaka hikereraho : mukalhi wiwe mwaka musigha neryo mwakayitheka oko mubiri neriby'akanywa obulhendi. Ekitsandire ryeribya inyina mwasi, abya mutheke waghe hamahwa hakuhi myak'ithano.
Mon client souhaite plaider coupable.	Omobuhwa akalhira eritsongerwa.
Nous étions en sueur à cause de la chaleur.	Ekihuhanya mokikalheka itwatwa olunza .
Marie s'est mise à glousser.	Maria mwaka ghusa amahiyi.
Dan est le seul roublard dans le coin.	Dan yune iyuwene omosyonde.
Ce projet de loi a été soumis à l'approbation du Sénat.	Omuyisonzo oyu mwaka thekawa omokisenge kyabasombolwa.
Il s'est mis à œuvrer afin que le Congrès réduise les impôts.	Eribya ibanga bangabangania kugho mwaka bereribawa eribya abasondolya bangathehya emisolo.
Parmi nous aujourd'hui se développe une concentration du pouvoir privé sans égale dans l'histoire.	Munabwire omwithwe hanemubya erilola emulhiro eryobuthabalhi eritheryatabya eritsuka kera.
De nos jours, presque toutes les voitures ont un GPS.	Okobiro bino, esyofwatiri siwithe GPS.
Mon oncle s'est porté garant de mes dettes.	Nyokolume waghe mwakayisunza erinyilhihira amadeni waghe.
Nous pouvions entendre des loups hurler au loin.	Twanganowa emiruruno eyesyombwa yohalhi.
La marijuana thérapeutique est légale dans cet État.	Eloho ehi yina hamulhirwe omobuthabalhi obu.
Le feu a réduit le village en cendres dans son intégralité.	Omulhiro mwakathoghothaya omulhongo ghosi.
Il te draguait carrément, au bar.	Alwe akakulombotera, omokirabo.
L'entreprise a publié un communiqué de presse.	Ekisenge kye mikolano kyabiri laghalaghanya ekirango.
La foule en colère jetait des objets sur la police.	Ekíkumúlâ, busananeríhitána kikaghusanga ebindu byokobapolishi.
Nous chantâmes des chants en chœur.	Motwimba esyo syonyimbo kinyamutima.
Si tu vas sous l'eau, retiens ta respiration et souffle pour déboucher tes oreilles.	Wamabya oko maghetse hambirira erihumula nomuuka ukahumula amatwe waghu.
Elle parle souvent de son fiancé.	Akabugha kanzikanzi oko mwenzi wiwe.
C'est ma recette spéciale, le ragoût de lapin.	Nikalyo kaghe akasombwere, amathulunganyowe esungúra.
La Grèce est en train de prendre des mesures radicales afin d'éviter l'effondrement de son système financier.	Obugriki bunemwimya esyonzira esyerikolesya okwilwa oko ngunza yo lumbuka lwabo erithendi suba enyuma.
J'aimerais profiter, par la même occasion, de dire à ce type arrogant qui, j'espère, écoute ce programme, que tout le monde en a marre de ses commentaires hautains et que nous voulons tous le voir partir.	Omokabanga kaghumerera, nyanzire inabwira omulume oyu miyiheko, oyu kahulikirira ebi thengwa ebi, ngoko obulhi mundu abiri luha oko bikekethe biwe byemiyiheko nakandi ngoko tusondire inyaghenda.
Gémir, pleurer, prier est également lâche. Fais énergiquement ta longue et lourde tâche Dans la voie où le Sort a voulu t'appeler, Puis après, comme moi, souffre et meurs sans parler.	Erış́ıḿ̧ba, erilhira, erisaba nibya muhotherikola. Kolomubiri mulhitho waghu omolhulhengo olo erikingika ryeribyaho rika kubirikira, neryo enyuma syaho, nganze, uteseke nerihola butsirabugha kindu.
Désolé, chérie, il n'y a aucun moyen que je puisse prendre toute une soirée pour un bavardage autour de cocktails.	Nganyire, mwanzi waghe, sihalhi nzira eyo nangana minya omobulhi righolo erikanya oko kyerirya.
Le latin utilise 23 lettres : a, b, c, d, e, f, g, h, i, k, l, m, n, o, p, q, r, s, t, u, x, y, z.	Abekilatini bakakolhesaya esyonzakano amakumi abiri ni sathu : a, b, c, d, e, f, g, h, I, j, k, l, m, n, o, p, q, r, s, t, u, v, w, x, y, z.
Par moments il se disait que laisser une aussi jolie femme sortir ainsi seule dans Paris était aussi imprudent que de poser un écrin plein de bijoux au milieu de la rue.	Okobulhi ndambi   inyakanyi bulhaya athi erisigha omumbesa mubuya erilhendera eyuwene omo Paris yosi sikyabya kya ndundi neribya nibiningita binzi omongenda.
Les Japonais ont tendance à vouloir connaître un certain nombre d'informations personnelles sur quelqu'un telles que son âge, sa position sociale, s'il est ou non marié, avant de se sentir en confiance pour parler avec un étranger.	 Abanya Japane bakana sondekanaya eribya nesyongulu syabo oko mundu erikwamana ne myaka yiwe, omubiri owaka kola nganahikirye kutse iyehe, embere weriyilhigha erikanya nomugheni.
Énée sort du nuage et paraît tout à coup ; il adresse son compliment à la reine, qui lui fait une réception très favorable, et se hâte d’envoyer des provisions de toute espèce à ses compagnons restés sur le rivage.	Enée amalwa omobithu okwipalya nokwilibula ; amabya amasima omugholhe, oyukamukokaya kundu, neryo amanguhira erithuma esyondandanda syo bulhi mughanda ghosi oko biro biwe abalhya sighala oko lusi.
Pour se retrouver nu, asphyxié dans un sac de sport cadenassé, avec la clé du cadenas sous les fesses, à l'intérieur du sac, il faut être un espion anglais, non ?	Eribya buthambala eribula kukahumulira omomubuta owa kingire, kandi namakinguli inyane ekabuno sye mathako, emwisi syo mubuta, kumbe iwabya mungeresa mutweka, kobine bitya ?
Il est clair que les Américains ne peuvent même pas résoudre leur propres problèmes. Comment peuvent-ils alors avoir la possibilité de penser être dans la capacité de gérer les problèmes du reste du monde ?	Binalwiri byakangya ngoko aba nyamerika sibanga sunga ekyerikola oko syo mbanza syabo. Byanga thokekekana bithi bakalhengekanya ngoko bangasoha esyombanza kyosi ?
""" Mais écoute, et connais par quels signes certains / s'annonceront ces lieux promis par les destins. """	"""Alhiwe, hulhikirira naghuminye ebiminyikalo bighuma bighuma / ebikandisya kangya obutseme obobathulahiraya. """
Quant à moi, plutôt que d'essayer d'être un homme cosmopolite et sympa, j'aimerais être quelqu'un du terroir à l'esprit ouvert.	Okwinze, omo mwanyenda weribya mundu uyuka labalaba omo bihanda, nganzire inabya mundu ghomo kithatha.
Malheureusement, la police a dû attendre qu'il y ait une autre victime avant de tenter d'en savoir plus sur le tueur en série.	Buhasha, abapolisi bakalind'omundu ahole, nero moba rondy'abithi.
Après les destructions de la seconde guerre mondiale dans le centre-ville, sont apparues de nombreuses nouvelles constructions. Il existe cependant encore de belles anciennes demeures en quelques endroits.	 Enyuma sye mihimbulo yamalwa abakasuri omokihugh'omokathi ko muyi, emihimbire mihyaka yabiri huluka. Hakine alhiwe esyonyumba ngumanguma esyakera esyuwene.
Vous voulez des réponses à des questions que vous ne devriez pas poser.	Ukasondaya ebisabiryo oko mabulhyo oghoghuthe wanga bulhirye.
La voiture est garée en Zone E, place 97. Sortez par l'entrée principale, tournez à droite et allez jusqu'au bout du terminal.	Efwathıŗ́i yikasondolibawa omokithatha E, omo mwanya 97. Muhulukire omolukyo lunene, ubindukire okokulhembe neryo oluwaghenda mwighenda.
Ne passez jamais devant aucune église sans saluer révéremment et adorer Jésus-Christ qui y repose, et honorer le Saint auquel elle est dédiée : tenez le même respect aux croix que vous rencontrerez.	Isiwa laba nahake embere syakanisa butsira eriramukya neriramya Yesu kirisito oyulhiho nerisikya ababuyirire boghunaitwe : naghutya embere sye misalaba eyo ukandi sunga.
Tu te souviens pas de cette chanteuse de l’époque, Komuro ou Himuro, je sais plus trop, qui faisait une danse bizarre ?	Siwathe buka omwimbi oghoko mughulu oyo, Komuro kutse Himuro, sinyasibinzi, oyo wabya akasatha kitya kitya ?
Même si les deux garçons n'avaient pas aimé le partenaire de chacun au début, ils sont vite devenus amis.	Mwalhi abalwana babiri mobothanza omutheke ghobulhi mughuma oko nzuko, babirilu ibabya bira.
Hier nous sommes allé à un concert de musique classique. Pendant la première partie, ils ont joué quelque chose de triste - je me suis presque endormi ; la deuxième partie était un peu plus joyeux.	Muligholo mutwayire oko bisanda ebyesyo nyimbo nyihyaka. Omokabanga akerimbere, mobaka satha ebindu ebikitha - munayiyiretho ; ekihande ekyakabiri kyabya kyuwene.
Le passé n'éclairant plus l'avenir, l'esprit marche dans les ténèbres.	Ebyalaba sibisya theghekania ebikasa, ekirimu kikaghenda omomwirimya.
Hé, attendez une minute. J'espère que vous n'essayez pas de me dire que vous n'allez pas me rendre mon argent.	Hé, linda hake. Ngalhengekanaya siwendi mbwira ngoko siwandimba esyo franga syaghe.
Énée s’occupe d’abord de fournir aux premiers besoins de ses compagnons ; il va à la chasse, et tue plusiers cerfs qu’il leur distribue ; il leur adresse ensuite quelques encouragements.	Enée akasubirira ekyeri mbere abaghendi biwe, akaya higha, neritha esyo nyama nyinzi esyo aka baghabira neryo inyatasya bahira momuhwa.
Là il reçoit sur son bord un malheureux Grec de la suite d'Ulysse, nommé Acheménide, qui était resté sur cette côte abandonné par ses compagnons.	Aho akakokaya omukigriki muhanya no Ulysse, oyo washibwemo Achemenide, oyowasighala oko mwisirya nabenzi biwe.
Lorsque vous aurez rendu Berthe malade, il faudra appeler le docteur, ça coûtera de l'argent chez le pharmacien, et c'est encore vous qui serez le dindon...	Ukandibya wabilwalhya Bhíritha, kumbe uwabirikira omutahwa, kikandisaba esyosende eriya ghula emibatsi munye, kandi niwe ukendisyabya ekidoadóa...
Vous vous souvenez des « Fous du volant » ? Regardez la primaire aux États-Unis d'Amérique, ça y ressemble drôlement !	Wanamebuka « abashire bakapururuka » ? Lhebaya ekyekwanza eyiri obughuma bwe bihugho ebyebuamerika, bisosireyo kundu !
Plus bas, le fer en main, d'intrépides cohortes / se pressent en dedans, et protègent les portes. / Ma fureur se réveille en ces moments d'effroi ; / je vole à leur secours, au secours de mon roi.	Ohokabuno, ekyuma ikine omobyala, emistari / emwisi yikalaba neritheya emilhango. /Obuba bwaghe bukalu ibwasa ;/ ngayabasabula, erisabula omwami waghe.
Eh bien, s'il continue à neiger, le père Noël ne pourra pas arriver à l'heure.	Neryo, embula yamalolhya emulhiro ikawa, omusyakulu Nwili isyangasya hika okondambi.
Ah ! vous voulez vous échapper, infâme créature ! vous cherchez à vous sauver comme une voleuse, au milieu de la nuit, hein ?	Ah ! ukasonda erighenda ngomwibi, mumbule nyama ! ukatakeri thibita ngo mwibi, omo kathi ke kiro, yaa?
Avant de prendre sa retraite, elle travaillait en tant que secrétaire du Directeur d'une école de recherche de l'université.	Embere ahabawe  enduhuke, abyainyaka  handikira omusondolya wekiyiro  kyomusondyo ekikulu.
""" O vous, l'amour, l'espoir et l'orgueil des Troyens, / Hector, quel dieu vous rend à vos concitoyens ? / Que nous avons souffert de votre longue absence ! / Que nous avons d'Hector imploré la présence ! """	"""O iwe, olwanzo, eriyikethera, neriyiheka ryaba Troyens,/ Hector, ekirimu kyahi ukahabikalani ? /Ngotwanubire busana neribula ryaghu ! / Ngotwangasabire Hector eribyaho ! """
Le camion de Dan semblait avoir disparu sans laisser de trace.	Ekiheka kya Dan kilwenga kyabulhirene butsira erisigha ebiminyikalo.
"""I Love You"" est le titre de plus de chansons que quiconque pourrait chanter durant toute sa vie."	"""Nyikwanzire"" yenzuko esyonyimbo nene esyoabandu banzi bangimba omwibyaho ryabo ryosi."
J'ai laissé certains documents importants pour la société à mon domicile. Désolé, mais pourriez-vous, je vous prie, aller me les chercher maintenant ?	Munga sih'ebiratasi bighuma bighuma byeka. Namasweka, alhiwe, ngakuasaba, ghenda uyanisondera yebyo  lhynolhyno?
L'audience de lecture de l'acte d'accusation d'aujourd'hui offre au prévenu sa première occasion d'exposer son cas en personne.	Omuthondi wamunabwire akandiha omutsongerwa ya kabanga erikanya  okomwatsi wiwe kyeyuwene wene.
Auxerre a enregistré sa première victoire de la saison et, par la même occasion, est sortie de la zone rouge.	Auxerre mwakatheghekeranya erisingana riwe okoluhwetsyo lwerimbere, nokondambi ngumerera, mwakalwa omokathatha akakalhire.
T’es marrant, toi ! Tu croyais quand même pas que j’allais t’attendre toute l’après-midi ?	Utsandire, iwe ! Ulwe ukalhengekanya nganangakulindire erithunzi ryosi ?
Il n'est pas nécessaire de lui demander de se convaincre qu'il est, de cœur et d'esprit, lié à sa classe, à sa classe ouvrière.	Sikyamuhungo erimubulya eriyilhisya ngonindi, omutima nomokirimu, ebihambene nolulhengo, lwe mubiri wiwe.
Et pourquoi avez-vous cru qu’il était mon amant ? Parce que sa société me faisait plaisir ? Si vous étiez plus intelligent, plus agréable, j’aurais préféré la vôtre !	Neryo busanaki mulhyalhengekanaya ngoko nimwanzi waghe ? Busana ekihanda kyabo mokikanyitsemesaya ? Wanga bere nobwenge, nobutseme, nangasondire owaghu !
Je t'explique d'abord le topo et tu pourras me poser toutes les questions que tu veux par la suite.	Ngakukaniraya kwanza etopo nerya ukandinibulya amabulhyo ghosi oghowanzire.
Pendant la journée nous voyons le clair soleil, et au cours de la nuit nous voyons la lune pâle et les belles étoiles.	Omorithunzi ryosi tukalhangira eryuba, nomokiro omughenda nesyongununu esitsemisirye.
« Bon, t'en as tiré combien ce mois-ci ? » « Ben tu sais, je suis comme tous les mecs, mon horizon, c'est vingt-quatre heures max ! »	« Neryo, moghalusyamosingahi oko mwis ono ? » « Ben unaasi, konyine ngabandi balume, eyisirya waghe, ni masaha kumi abiri nawani okondulia ! »
L'entreprise a répondu à l'appel et fera un don de vingt-cinq mille euros.	Ekisenge kyomubiri kyabiri nisubirya nakandi kikamdimba emilioni makumi athanu esyondesende sye bulaya.
Le 18 mai, un jeune couple japonais fut arrêté après que leur bébé d'un an ait été trouvé emballé dans un sac plastique et jeté dans une gouttière.	Omobiro 18 okomukera wakahatabánze, abandu babiri ebe Japani  mobahambwa enyuma syo mwana wabo erisungika inyane omo kaghutsu neryo inya birighuswa omomulomba.
Avec Tatoeba en version Android, on pourra traduire Flaubert tout en faisant l'amour, ouvrant ainsi la voie à des niveaux de plaisir jusqu'alors inexplorés...	Ne Tatoeba  omolubindulo olwe Android, banganabindula Flaubert itunemu thetana, nerikingula hathya esyondengo esyebisihire ebititasungwa...
Dans les hôtels de New York, il est désormais conseillé aux hommes de sortir de leur douche tout habillés.	Omaluthere awe New York, bakasaba abalhume erilwa omobinabiro kumbe ibabya ibanambithe.
Sir William Lucas, autrefois négociant à Meryton, possédait une jolie fortune. Ayant exercé honorablement l’office de maire, il avait obtenu du roi le titre de chevalier.	Mulumuna William Lucas, muhinganya wakera owe Merithon, abya nobutheke ubuwene. Nerybya inya kola ndeke ngomukulu wo muyi, mwahabwa no mwami erina ryembanzi.
Devant le buffet ouvert, Catherine réfléchissait. Il ne restait qu’un bout de pain, du fromage blanc en suffisance, mais à peine une lichette de beurre ; et il s’agissait de faire les tartines pour eux quatre.	Embere syoluhi, Katharıņ́a abya inyane mulhengekanaya. Hakisiya ekatswe ako bundu, omukati ne foromage ebitoshire, alhiwe ehi bleba ; ryaba lhitholer'erikolama ehindi hini ehianga ba tosire.
« Vous n’aviez donc pas remarqué combien je suis belle ? semblait lui dire Hélène. Vous n’aviez pas remarqué que je suis une femme et une femme que chacun peut obtenir, vous surtout ? » disait son regard.	« Nibwambu sighuthaminyerera ngoko nirimubuya ? Helena abyangaka mubwira. Sighuta minya ngoko nyiri mukalhi oyo obulhi mundu angasunga, iwekwanza ? » Emileberye yiwe yika bugha.
En grimpant à l’arbre, pour faire le malin devant ses copines, Gabriel s’est couvert de ridicule au moment où son pantalon s’accrocha à une épine et fit entendre un craquement suspect.	Ukasamba omo muthi, erikola obutsweko embere syabenzibiwe, Ngabhu̧lyéri mwahemuka omughulu epataro yiwe yaghoba om'obu̧kú̧to neryo yamaruruma muhanda.
Autrefois, j'étais responsable de la gazette de mon lycée, appelez cela une feuille de chou si cela vous chante, quoiqu'il en soit c'est ainsi que naquit ma passion pour le journalisme.	Kera, nabya  mukulu wa kazeti okokiyiro kyethu, birikirakyo mokithi kyeswa ekyokyamabya ikyamakutsemesya, nahonatsukira eribya nengumbu yo buthula ngulu.
Je trouve ça bizarre qu'Alice garde le silence si longtemps.	Sikyathanzemesya Alice eribya nobukuthu omo ndambi ngayeneyo.
Désolé, chéri, il n'y a aucun moyen que je puisse prendre toute une soirée pour un bavardage autour de cocktails.	Namasweka mwenzi waghe, sihalhi esyonzira esyonangakolhesya eribya inangakanya okokerirya.
Comme vous aviez sollicité un rapport des faits circonstancié, nous vous faisons parvenir, ci-joint, à ce sujet, une note par la personne compétente en charge du dossier.	Kusangwa mughukasaba eroporo, thukandi kuthumir'enzakano  omwilabira omundu oyusikire nakandi oyukwamirira edosho.
« Écoute, Marie, lui ai-je dit en joignant ses deux petites mains dans les miennes, est-ce que tu ne me connais point ? » Elle m’a regardé avec ses beaux yeux, et a répondu : « Ah bien non ! »	« Maria, hulhikirira, monamubwira ininemuyira ebyalabiwe bike byomo byaghe, sighunyasi konahake ? » Mwakandebaya omomeso aghuwene, neryo mwakasubiraya :  « athi iyehe ! »
« Comment ça se fait que tu t’y connaisses si bien en français ? » « Ben, je suis Français. Évidemment que je m’y connais. » « Mais même moi qui suis Japonais, je sais pas expliquer aussi bien le japonais ! »	« Bikathokekane bithi ukabya ighunatsibuhire omo kifranza ? » « Ben, nyiri mufranza. Kyangalheka inaminyakyokundu. » « Alhiwe naghe ngabya munya Japane, sinyasi erikangirirya ekijapane ! »
En regardant ce vieil instrument de musique aux formes des plus torturées, je me demandais de quel fol esprit il était sorti. « En tout cas, quel bel instrument que voilà ! », lâchai-je.	Erithalangira ekumakyakera ekyemilahanguko ekyabiritsanda, ngayibulya  ngakyalwa hayi. « Alhiwe, kyamakyahi kibuya kitya ! », Monabugha.
Afin d'accélérer l'expulsion des Palestiniens de certaines régions de la Cisjordanie, l'armée d'occupation a transformé 18% de cette région en des terrains d'entraînement. Les quelques 6000 Palestiniens qui y vivent seront tôt ou tard expulsés.	Okondulya erisala wahika okwithibitwako ryabanga Palestina  omobithatha ebye Cisjordan, obulhasi mobwabindul'esyo pursenti kumi nomunane mokithatha ekyamakangirya. Hakuhi bihonye ndathu byabanyapalestine abikereyo bakandisya tibitwako ekiro kighuma tuu.
N'attends pas que les événements arrivent comme tu le souhaites ; décide de vouloir ce qui arrive et tu seras heureux.	Isiwalinda erihika omughulu bikandisya huluka ngoko usondire; thereyisogha ebyanga hika neryo ukandibya nobutseme.
Le véhicule roulant à vive allure glissa et s'enfonça tête la première dans l'arrière d'un camion avant que son conducteur n'ait pu dire Jack Robinson.	Omúthoka oyuthibithire mwahwerera omoghundi embere omughendya wayo abughe athi Jack Robinson.
Blanc puis rouge, rien ne bouge. Rouge puis blanc, tout fout le camp.	Musohe nengwindisi, sihalhi ekikathenga. Engwindi no musohe, ebyosi bighende.
En Espéranto, on peut arranger toute phrase selon les six différents ordres possibles : SVO, SOV, VOS, VSO, OVS, OSV, avec S pour le sujet, V pour le verbe et O pour l'objet.	Omoki Esperanto, bangana thondeka omulondo erikwamana  nemithondekere ndathu eyanga tokekana : SVO, SOV, VOS, VSO, OVS, OSV, ne S okoyukahulawa, ne V okorithegheko ne O okokindu.
Je suggère que tu fasses ton boulot et me laisses faire le mien.	Ngasaba ukolhe omubiri wawe neryo unyilheke naye nikole owaghe.
Écoutez le texte qui vous sera lu, puis répondez aux questions qui vous seront posées.	Hulhikirira ekibab'ekyo bakandi kusomera, neryo usubaye okomabulhyo oghobakandi kubulhya.
Allez, debout ! Sinon je ne pourrai pas vous amener à l'école.	Iwe, Hangana ! Isinendikutwala ekalhasi.
Mais d'un sage orateur si la vue imposante / dans l'ardeur du tumulte à leurs yeux se présente, / on se tait, on écoute, et ses discours vainqueurs / gouvernent les esprits et subjuguent les cœurs.	Haliwe okwilwir'oko busikire bwomukangiriya omwilangira rikulu / erilebya  ebikaby'omo meso wabo, / thukahuna, thukahulhikirira, nemikanyo yiwe yerisingana/ moyasondolhya ebirimu ne mithima yabo.
Tel, d'un coup incertain par le prêtre frappé, / mugit un fier taureau, de l'autel échappé, / qui, du fer suspendu victime déjà prête, / à la hache trompée a dérobée sa tête.	Kobine, okosa itasibwe nomukara oyuhumbirye, / mohasir'ende, eyatibitire oko lutere,/ eyo, oko kuma kalelembire ngeyika kerawa iyine tayari, némbása oko mutwe wayo.
Quiconque bat sa belle-mère à mort y perd la tête, décapité. C'est une coutume antique qu'on peut comprendre. Mais quiconque trucide des centaines de milliers y gagne un monument.	Obulymundu oyukahunza mabyala wiwe, akabya ngamushire. Eyo nimíbere yabya kera nakandi sitwangowayo. Alhiwe obulhi oyukakola nebighone erighana akayilhethera olukengerwa.
En ces moments affreux, / qui n'implorai-je point des hommes et des dieux ! / Non, Ilion en feu, non, cette nuit terrible, / pour ce cœur déchiré n'eut rien de plus horrible.	Okondambi esyobulhigho, /oyuthendi saba abalume nemirimunindi! / Iyehe, Ilion ikaka, ekiro kikalire, / okomutima awathulikire, sihali ekyanga mubahisya.
Chère maman, j'aurai besoin de tes conseils à l'approche de la naissance de mon bébé.	 Koyo mwanze, nangasabire amahano waghungasonda eriyabutha omwana waghe.
Le prisonnier jure sur l'évangile d'exécuter fidèlement le traité, en donnant ses fils en otages, mais la veille il a signé une protestation secrète disant qu'il abandonne la Bourgogne par contrainte.	Omubohwa mwaka lahir'embere syamasako mabuyirire athi akendi kolabyo, neri habaghala biwe, alihwe omwalindi mwatekisembo okokipapura omobubiso ekikahana bioshi ebyabugh'embere.
Je n'avais jusqu'alors jamais compris pourquoi l'éternité avait été faite. C'est pour laisser à certains d'entre nous une chance d'apprendre l'allemand.	Ngabya isiniri niaminyia obusangwaki ekera na kera yahirawaho. Nikwishira abaghuma bokwitwe omuyisa werigha eki allemand.
« Désolée, Kylia. » « Pourquoi tu t’excuses ? » « Non, c’est juste que je me dis que j’ai dû pas mal t’embêter. » « Hein ? Mais non, voyons, pas du tout. »	« Nganyire, Kilya. » « Busanaki ukayisabira obughanyiri ? » « Iyehe, sibwambu ngasonda erikutsangamo. » « Yaa ? Alhiwe iyehe, thulebaye, sibyathathokekana. »
Si un travailleur qui avait entamé un ouvrage honnêtement conçu venait à mourir, il faut que n'importe quel autre maître expert en la matière puisse continuer l'œuvre pour la mener à bonne fin.	Omukolhi oyulyatsuka omubiri ghondeke ndeke amahola, kumb'oghundi mundu oyunasi inyalolhya omubiri we mbere okwibughawo ndeke.
Les cinq articles de la vie : §1 Ne pense pas ! §2 Lorsque tu penses, ne parle pas ! §3 Lorsque tu parles, n'écris pas ! §4 Lorsque tu écris, ne signe pas ! §5 Lorsque tu signes, alors ne t'étonne pas !	 Ebighendererwako bithanu ebyeribyaho : §1 Siwalhengekanya ! §2 Omughul'ukalhengekanaya, isiwabugha ! §3 Omughul'ukabugha, isiwasaka ! §4 Omughul'ukahandika, isiwatheka eyisembo ! §5 Omughul'ukatekeyisembo, nikwa  isiwasweka !
L'article 214b, selon mon opinion une des dispositions encore plus étranges du Code administratif général du Land de Schleswig-Holstein, semble stipuler que quelqu'un qui voit un éléphant rose doit lui délivrer un reçu.	Ekikya kye 214b, erikwamana nobulhengekania bwaghe halhi ebindu  ebikabya nga nibihyaka ebilhebirye obusondolhi bwa Land we Schleswig-Holstein, ikabugha ngok'oyukalhangir'enzóghu̧ yomulhinga kumbe inyamuha ekibabe.
""" Hélas ! par cet espoir j'aimais à me venger ; / à nos malheurs passés j'opposais cette joie, / et Rome adoucissait les désastres de Troie : / chaque jour cependant reproduit nos malheurs. / Grand roi ! quand mettrez-vous un terme à nos douleurs ? """	""" Oho ! Nganza eriyilwira bwana nolukoho lwerilhindirira ; / oko malhigho wethu  awalaba nga tswebaya ko butseme bwethu, / ne Roma yabya ikabuyirira amalhigho waba Troie : / obulikiro amalhigho wethu inyakalwa. / Mwami mukulu  ! mughulu wahi wasyahira oko malhigho wethu kwendulya ? """
Ils auraient obtenu un meilleur taux de change s'ils étaient allés à la banque.	Bangayirire olulheng'oluwene olobuyinganya bangayire okobhángi̧.
Mon nouvel ouvre-boîtes est plus puissant que l'ancien, donc il faut espérer que ça ne me prendra plus deux minutes pour accéder à mes haricots.	Akafungulahi saho kahiaka kaghe kalhire kulaba kakera, nero ngambe iwalinda esyo minites ibiri motwahika oko bughothi bwaye.
Le nombre de clients qui se rendent tous les ans pendant la période du nouvel an chinois, au grand Tang Frères, à Paris dans le treizième arrondissement, fait peur.	Emighanzo eyabahinganya abakaya oko bulhi mwaka ye Chine oko kiro kyo mwaka muhia, e grandTang Freres, e Paris omo kitata kierikumi nasathu, yikitha obuba.
La bonté en pensées donne de la profondeur, la bonté en paroles met en confiance, la bonté en actes généreux est source d'amour.	Obulhengekanya bukalhetha obubuya bulhi, obubuya oko kinywa bukalhethera eriyikethera, obubuya omomathegheko rikalhethera  olwanzo.
Cette tenue de camouflage très étrange va tromper la vision informatique des robots J-12, bien qu'ils pourraient envoyer une volée de tirs d'armes légères dans votre zone.	Eriyibisabisa rikandilhethera bihyaka ebye byumano bye hingithi J-12, mwalhi bikandithuma oluhwetsyo lwerimbere olwe syo mbundu omo kithatha kyenyu .
Ma tante vit à New York.	Sóngali̧ waghe iker'eNiwiYorko.
Le soir, bien impatiemment attendu, vint enfin. Ma jeune épouse se retira dans la chambre nuptiale, où je ne pus la suivre aussi vite que je l’aurais voulu. Un devoir fastidieux, mais indispensable, me réclamait auparavant.	Omorighologholo, akalhindirirwa kwabiha, mwasa. Omugholhe waghe muhyaka mwalwa oko kisenge ekyendwa, omo  monamukwamira lubaluba ngoko nangathoka. Omubiri mukulu owerikola, alhiwe owo muhungo, abyanyilayireko  embere.
J’ai bien là quelques provisions, dit Spiagudry en tirant son havre-sac de dessous son manteau ; mais, si votre appétit égale le mien, ce pain noir et ce fromage rance auront bientôt disparu.	Nangwithe okondanda, mwabugha Spiagudry inyanemukura engunza yiw'endatha syerikolhi riwe, alhiw'engumbu yaghu yamabya ngeyaghe, obundu bwekirima obu  bukandi bulhirana lhinolhino.
Laisser des colons extrémistes tuer des autochtones en toute liberté fait partie de la stratégie qui consiste à maintenir la pression sur les autochtones afin qu'ils quittent leurs terres ancestrales.	Lhek'abakapundaya bithi esyondulani omobwiranda obukandi kuna syo imosyalw'oko kithatha kyosi kyabakoko babo.
Ces gars sont chanceux. Ils ont tous appris le russe avec des petites amies russes, et certains d'entre eux ont même fini par les épouser.	Abalwan'aba bawit'omuyisa. Abosi babirigha ekiruse haghuma nabirababo abe burusi, na baghuma bo mwabo mobakahika oko kika kyerithahyabo.
Il n'y a pas de problèmes ; il n'y a que des solutions. L'esprit de l'homme invente ensuite le problème. Il voit des problèmes partout.	Sihalhi syombanza nyisa; nemisoho yine. Ekirimu kyomulume kyokikayiyironderaya mbanza. Akalangira esyombanza syahosi.
Si vous pensez que c'est en faisant des exercices de grammaire et en apprenant bêtement du vocabulaire que vous allez savoir parler une langue, alors vous vous mettez le doigt dans l'œil.	Mwamalhengekanya ngoko erigha ebye kifranza nerigha ebye binywa imoghukandithoka omubughe, neryo iyukayihir'omunwe omoliso.
La viande artificielle va bientôt arriver dans nos assiettes. On dit que c'est l'avenir et que sa production est plus écologiquement responsable.	Enyama eyerikokotherya yikandihika omosyosahani syethu. Bakabugha ambu ghomughulu owakasa nakandi emihulukyo yaghoyoyinakulhirwe.
Les pieds me font tellement souffrir que j'ai l'impression de les avoir usés jusqu'à l'os à force de courir.	Ebisando bikanduhaya erihika okokika ngalhengekanaya ngoko nabiri luhyabyo erihika oko makuha busana nerithibitha.
On m'a dit que la jeune miss Lovelace aimait la musique, je serais enchanté si, pendant mon séjour sur ce lac auquel me condamne une ordonnance de médecin, elle voulait me permettre de faire de la musique avec elle...	Mobakambwira ngok'omusuko Lovelace abyanzire ehishimo, nangatsemire, omughulu omutahw'abughathi nibye ngayako, nangabere oko ngetse abyanzire itwa satha okohishimo naye…
La jeunesse se trompe lorsqu'elle croit que l'on meurt d'avoir le cœur brisé. Ce faisant, on vit la plupart du temps jusqu'à un âge avancé.	Omusuko akayi theba  omughulu  akalhengekanayako mughulu  omundu  akahola  omuthima  inyanayindire. Bikabya bitya, omundu akabyaho erihika omomyaka yobusyakulu.
J'ai passé deux heures hier à essayer de réparer cette radio cassée.	Munabughire hakuhi esyosah'ibiri  ininemukokothya eradiy̧ô eyithwikire.
La révolution numérique ouvre la voie vers des formes étonnamment nouvelles de relations sociales.	Eribyagho rye bighona bye miatsi omo kompiuta rika leta esindi ngulu nabandi bira.
Une étude tend à prouver que les hommes célibataires utilisent en moyenne plus de mouchoirs en papier que ceux ayant une petite amie, on est donc tenté de conclure que l'amour protège du rhume.	Amakangirya akasonda erikanzya ngoko abasimbi bakakolesaya ebimiriro binzi kulaba abo abawithe oko bira erierilhengwako ngoko olwanzo luka theghaya emihombolo.
Pour son fils malheureux pleine d'un tendre effroi, / cette ville suspecte et ce peuple sans foi, / Junon surtout, Junon, qu'un fier courroux dévore, / tout l'alarme, et la nuit sa crainte veille encore.	Okoluhande lwamughala wiwe oyo awite buligho bunene, / omuyi oyu owakathikathikawako nowalhi mwa bandu abathawithe erikirirya, / Junon, Junon kundu, Junon, atsemire ngo mwibi oyuka robha, / omusonya ghosi, nomokiro kyosi butsira buba.
Toute la vie des sociétés dans lesquelles règnent les conditions modernes de production s’annonce comme une immense accumulation de spectacles. Tout ce qui était directement vécu s’est éloigné dans une représentation.	Omwibyaho ryosi omobihanda ebirimo ebighendererwako bihyaka bikaya langirika emulhi omutsundamiro owe bisanda. Ebyosi ebyalolawako mobikaya omobusosekanyo.
Le résultat de toute recherche sérieuse ne peut être que poser deux questions là où il n'y en avait qu'une auparavant.	Ebighuma ebyo burondekanyo bwangalhethera amabulhyo awabiri awabyam'omwirimya.
«Tu promets ?» «Croix de bois, croix de fer, si je mens, je vais en enfer !»	« Ukalaghanira ? » « Omusalaba ghomuthi, omusalaba wekyuma, namabya ingatheba, ngaya omo mulhiro ! »
Vous devez faire montre de respect à vos invités.	Yisikay'embere syabalyabirikirawa.
L'amour, nous pouvons l'accepter ou le refuser, le nourrir ou l'éteindre, nous pouvons l'épicer ou l'empoisonner, le soigner ou le négliger.	Olwanzo, twangana lighalo kutse itwaghanalo, erilisyalo kutse itwalimyalo, twangana lunganisyalo kutse itwaloghalo, twangana tunzalo kutse itwa lenzyalenzyalo.
Elle regrettait que son mari passât ses journées à la chasse, répandît une si forte odeur et fût si velu.	Mwasweka ngok'oghomwiwe mwabugha ekiro kyosi akahigha, nerilwa kwe kikumbo kingaha kitya ina swirek'obweya.
Je me demande si je devrais être fier que les cinq premières pages des résultats de recherche de mon nom sur Internet ne parlent pas de moi, ou bien honteux.	Ngayibulaya nganangatsemire ngebihasa bithanu ebierimberembere  ebyebighuma ebye mirondo bikahul'erina ryaghe oko kisengula, kutse isoni.
L’esprit de la jeune fille était ailleurs, et la voix de Gringoire n’avait pas la puissance de le rappeler.	Obulhengekanya bomumbesa bulwe hanli, nomulhenge wa Gregoire abya isyawithe obuthoki bwerimubirikira.
« Sens, mon amour ! Voici une odeur de foin frais à rendre fou. Qu'en penses-tu : peut-on imaginer nid plus adéquat pour la première nuit de notre lune de miel que celui-ci ? » « Oui, je peux. »	« Humulakyo, mwanzi waghe ! Ekikumbo kyakino ekyeriyira momushire. Ukalhengekanaya kyoki : wanganalhengekanaya oluth'okokiro kyerimbere ekyethu ekyendwa ngoko kino ? » « Inga, nanganathoka. »
Je suppose que la société offre un charme étonnant. Si le fait d'y vivre est franchement ennuyeux, celui de vivre hors d'elle est tout bonnement tragique.	Ngalhengekanay'abandu bakatheka obulhengekanya obutsemesirye. Eribyaho ryamabya erikaluhaya, eribya hakuhi nayo eryangitha buba.
Bref, vous auriez dû en accepter la responsabilité.	Omokikuhi, wangalhihire kobiri okomuthwe wawe.
""" Cependant, de Pallas pour remplacer l'image, / surtout pour expier leur sacrilège outrage, / ils ont à la déesse offert ce nouveau don. """	"""Okolundi luhande, erihangarya ekisasamira, / kulhenga erihulukya emibere yobwithi, / mobaka herera oluhabwa loko mulhimu. """
Il a rentré sa voiture en marche arrière dans le garage.	Mwakasubaya engurubani yiwe ghomunyumenyume omo garage.
Ce qui est important lorsqu'on rédige un essai est de mettre ses idées au clair.	 Omughulu omundu akalhenga erisaka ekyamuhungo nithondeka obulhengekanya bondeke.
Tu auras des problèmes si ta copine apprend la vérité.	Omukalhi wawe amabiminya ekwenene ighukandibya nolubanza.
Notre station de télé locale effectue un assez bon travail de couverture des nouvelles locales.	Ekibuthe kyethu ekyomulhenge kikakol'omubiri munene oweribya inanganakola omubiri ghomomaka.
Cela ferait vingt-sept mots au lieu de quatre, et même si le message brut de la longue phrase serait compris, la force de persuasion serait perdue.	Ekyo kyangambere binywa makumiabiri butsir'ebini nasaba, haliwe omulaye angabere muli, akaghala keri minyabo kanga herire.
La vie est tellement longue qu'on a le temps de changer plusieurs fois d'avis et de ne pas s'en souvenir. C'est pour cela que la jeunesse est de gauche et que la vieillesse est de droite.	Obuyingo ni bulhi tunawit'endambi yeribindul'ebinywa neri birirwa byo. Kyalekire kyekyo omusuko inabya oko amálembe, nobukekulu okomáli.
Personne ne perd plus la clé de sa voiture dans un monde où la vie de tout le monde est enregistrée… si quelqu’un ne se rappelle plus où il l’a laissée, roule la vidéo et voilà !	Sihakiri omundu oyukaheraya olufungúra lwe ngurubani yiwe omokihugho eky'obulhi mundu eribyaho riwe ryabirihambwa…omundu  athithasyaminya ahwalyasigha ebisasamira biwe nero kobine !
Il revient de chez le notaire. Il était parti signer quelques papiers concernant l'héritage de sa tante.	Akalwa eghomusasi. Mwayiriyatheka eyisembo yokobibab'ebilhebirye omwandu wa songali wiwe.
Les services administratifs et les institutions devraient tirer parti des nouvelles technologies pour mettre en ligne et aisément disponible pour le public, l'information concernant leurs opérations et leurs décisions.	Omubiri eyo bukengereghesanya  nebibuthe byangalhebirye ngobwanga lusirye omubukengereghesanya mobwahi ebikandi thekwaho busana  nabandu, esyongulu esilhebiry'emibiri yabo nebikango byabo.
Je suis meurtri: mon coeur est à plaindre d'avoir failli assister à la déperdition de notre culture.	Ngaghalawa : omuthima waghe akasweka eribilhebya ekera yethu ngoko yikahera.
Pour se convaincre qu'un légume bio est meilleur, il suffit de fermer les yeux et de goûter un petit chou de Bruxelles ordinaire, puis un bio, justes étuvés. Je te défie de ne pas sentir la différence.	Erisyayilhighisya ngoko olunyinyi luwithe endundi nene, uhwere erikinga ameso nerighonza okoswa eye Bruxelles ngoko syabiri hukwa. Ngakubwira,siwendiowa obughabaghabane.
« Arriveras-tu à soumettre ton manuscrit à temps ? » « Ben ouais, il faudra bien. Une promesse est une promesse. »	« Ukandisya subulye ebisako byaghu omokatambi kwe ? » « Inga, kyokitolhere. Endaghane nindaghane. »
Il s’accouda sur le pont, tenant d’une main son chapeau battu par le grand vent, et il put regarder à l’aise la jeune fille, qui s’était assise à l’abri.	Mwayilhingira okokilalo, inyanawithe embitha omobyala biwe nakandi eyiryaghulukibawa nekihunga, neryo mwathungerera bweghubweghu omumbesa, oyowabya ikere akuwama.
Les réservations de places sont disponibles à la caisse jusqu'à trente minutes avant le début du concert. Après quoi, elles retournent en vente libre.	Emyanya yine omokisenge omwilabira ebyolumbuka erihika omomathondi makumi asathu embere ebisanda bitsuke. Enyumasyaho, obuhinganya bwabyo bukandibya obwobwiranda.
Allez-y doucement avec Bob. Vous savez, il a traversé une période difficile récemment.	Mwende ryolo ryolo muna Bob. Unasi, mwalabire okokika ekikalhire kundu hatia hatia.
"Alors, des anciens temps gravés dans sa mémoire / mon père à nos regards développant l'histoire : "" O Troyens ! nous dit-il, par des signes certains / connaissez notre espoir, connaissez nos destins. """	"Neryo, emighulu yakera ikabya iyikine omomalhengekanya wiwe /  erilhebya thatha waghe mwakakya omukanya : "" O Troyens ! Mwathubwira omwilabira ebiminyikalo/  abaghuma banasi eriyikethera ryethu, namatseme wethu. """
Pote pote les carottes, à la place des tomates, boule de canon tu fiches le camp !	Ehirothi, omomyanya ye tomate, embuhumo ukayirirabyo okokambi !
Regarde ça. Quels merveilleux cadeaux ! Je suis super content !	Lhebaya eki. Bihembo bihambirenga ! Nitsemire kundu !
Vous devez suivre le traitement jusqu'au bout.	Ukwamirire amabalya erihika okondulya.
Le réparateur devait arriver à midi, mais il s'est retrouvé coincé dans des bouchons pendant plusieurs heures.	Omukengereghethanya angahikire oko medi, alhiwe mwakabya nebikakiryo omondambi nyiri.
Ainsi tombe la vague ; ainsi des mers profondes / Neptune d'un coup d'œil tranquillise les ondes, / court, vole, e, sur son char roulant sous un ciel pur, / de la plaine liquide il effleure l'azur.	Ebusunda kobikathogha bitya ; nomwirigholusi nimulhi / Nameso aka luhukya,/ tibita, end'elubula oko highetsi nomobithu/oko kithatha kiamaghetsi ahakasa amawa we Azur.
Ne pose pas de questions, contente-toi de suivre les ordres.	Esiwasya nibulaya ribulhyo, iwe uyitheke erikwama emighambo.
Les histoires de fesses et le boulot ne font pas bon ménage.	Emyatsi eya mathako neyemibiri sibihimba.
"On dirait que ces déclarations ont été faites par un personnage démoniaque sorti d'un film d'horreur, et pourtant, elles ont été dites par un dirigeant politique d'un pays considéré comme ""démocratique et civilisé""."	"Omundu angana bugha athi emyatsi eyo yirya bughawa no mulhimu oyulyalwa omokisasamira ekitire obuba, nalingabirya bughawa nomusondolhi owekihugho ekikalhengekaniribawa ngamulhi ""ekidemokrasya nekipolitike""."
Du Tillet découvrit alors le secret que Sarah Gobseck lui avait si soigneusement caché, sa folle passion pour Maxime de Trailles.	Du Tillet mwafumbula esyokumbo sya Sarah Gobesk esyabya inyabiri mubisa, olwanzo lubi lwiwe oko Maxime we Trailles.
Kevin a acheté une bague et va demander Kim en mariage cette nuit.	Kevin abirighula embuka nakandibulya Kim ngabanganalhunga omorigholo rino.
Toute la vie humaine ressemble à une plante qui contient pas seulement ce qu’elle offre à nos yeux, mais encore un état futur qu’elle cache au tréfonds de son être.	Eribyaho ryomundu risosire omuthi owathekye bindu ebyakah'ameso wethu, alhiwe omo mighulu eyikasa akasubaya esyonyala sye mwisi wiwe.
Ok, je boucle le dossier, ma valise et je me taille en quatrième vitesse.	Inga ee, ngakuyira omusango erisanduku ryaghe neryo ngayikokotheraya, ebithasi byakani.
Nous devrions nous rappeler d'envoyer à Yanis une carte d'anniversaire.	Twangayebukirye erithumira Yanis ya karite omokiro keributwa riwe.
Le concombre tueur, qui se croyait peinard à la retraite en Espagne, dut reprendre du service dare-dare parce que les germes de soja se révélèrent incapables d'assurer sa mission exterminatrice.	Ebikeke bithi ebyabya bikayibanda kikuba e Espagne, mobabererya kobabiritsuka emibiri yokinya mbembethe kusangwa ehindohondoho hie soya mobalangirika isibendikola omubiri wiwe.
Une atroce torture et méthode d'exécution consiste à placer la victime au-dessus d'une pousse de bambou et de laisser pousser la plante au travers.	Obulumi bunene bukalwomwihir'oyu katsingerawa oko mulonge nerio iwaleka ono iniera.
Il faut que je demande à Nick sa nouvelle adresse et son numéro de téléphone quand je le verrai.	Kumbe Inabulya Nick enimero yiwe neyakabanika omughulu ngandimusunga.
Si la réincarnation existe, j'aimerais revenir avec les jambes de Tina Turner et la voix de Nina Simone.	Obutswatswa bwamabya bukine, kumbe inasa nokughulu kwa Tina Turner nomulhenge wa Nina Simoni.
Lorsque vous regardez la télévision ou écoutez la radio, la musique que vous entendez est souvent d'origine africaine.	Omughulu ukalhebaya ebisasamira kutse omughul'uka hulikirira ekinimba, kutse akalhikilhiki oko ukahulhikirira nikebu Afrika.
En tout adulte se retrouve le désir secret de revenir à l'enfance.	Nobulhi mukulu akalwabya nolukand'olwerisiba mwana.
Tu ne peux pas chanter et danser le Vendredi saint.	Siwanga satha nerimba omo kiro ekyaka thanu ekibuyirire.
Ce n’était ni une femme, ni un homme, ni un être vivant, ni une forme définie ; c’était une figure ; une sorte de vision sur laquelle s’entrecoupaient le réel et le fantastique, comme l’ombre et le jour.	Shabya mukali, kutse mulume, kutse mundu oyulhiho, kutse kyabya kindu, bulhinga buminyereri, ebyabya bika twikirako ekwenene, ngekitsutsu ne kiro.
Si vous avez des demandes supplémentaires sur ce produit, veuillez l'ajouter au panier, où vous pouvez laisser un message. Nous ferons tous nos efforts afin de vous satisfaire.	Wamabya ighunawithe ebindi ebyeribulya ebilhebirye ebindu ebi, ghongerayeky'omokithiri, kutse wangana sigh'omulaghe. Thukandi kola ngoko twangakola eribya twanga thekanya.
Dites ce que vous vous voulez, mais moi je ne reviendrai pas sur la décision que j’ai prise.	Bugha ebyo wanzire, alhiwe inze sinendisuba oko muthima okobyo nabiribugha.
«As-tu déjà pensé à utiliser un miroir quand tu te rases ?» «Non, pourquoi ça ?» «Parce qu'on dirait que tu t'es fait attaquer par une bande de harpies en furie. Ton visage n'est plus qu'une plaie sanguinolente.»	« Wananibiringa eriyilheberya omo ekitsatsamír'omughul'ukayisisa ? » « Iyehe, busanaki ? » « Kundi omundu  angana bugha athi moghukathalhirawa nekikumula kyesyonyama syomoli. Obusu bawe sibukiri ngekironda ekikalwa momusasi. »
Sortir boire avec ses copains la fait se sentir un mec.	Eriyanywa na benzi biwe obwabu rika leka inyayowa ngo mulume oyu sikire.
Au nom de vos collègues, vous écrivez au directeur pour lui demander que chacun puisse travailler chez soi.	Okorina ryabira benyu, muhandikire omwimanire wenu muthi obulimundu akolere ewiwe.
Ne laissez pas le métal exposé au contact de l'air ou sinon il s'oxydera.	Isimwa sigha ekyuma kyoko kyuka bithebithya ekikanditsanda.
Pour justifier les massacres massifs des Palestiniens, les médias dominants les déshumanisent, mais pour que le monde libre accepte l'extermination du peuple palestinien, il faudrait déshumaniser l'humanité toute entière.	Erikangania obwithi bo bulhikir'obwabanya Palestine, ebinimba  bikahundir'abathikwamirira ebyekihugho, ekihugho ekiri bwiranda  emukyalhigha eribugh'abanya Palestine, kumbe ibabugha obunya mundu omokihugho.
Mon amour pour vous me garde de tout vous dire. Il est préférable que certaines choses restent non dites.	Olwanzo lwaghe okwiwe, lukalheka ina kubwir'ebiosi. Ebindu bighuma bighuma ngambe isibyabughawa.
Le meilleur moyen de réaliser un rêve est de revenir à la réalité.	Enzira nguhi eyuwen'eyeriberererya esyo nzoli nisuba okobiri.
Arrêtez de vous poser des questions sans intérêt.	Lhekerayo eribuly'amabulhyo awathawithe ndundi.
Bien qu’il agonisât, elle le revoyait dans sa tente, à genoux, lui entourant la taille de ses bras, balbutiant des paroles douces. Elle avait soif de les sentir encore, de les entendre.	Mwalhi anabya akasimba abyakasubulya omo kithetheya kiwe, inyanunamire, inyanathimbirweko nebyala, neribugha  ebinywa ebisihirire. Abya inyanakwir'engumbu erisyiowabyo, nerithula kubyo.
Il le fera, si le prince héritier prouve qu'il est capable de diriger une armée prête au combat.	Akandikolakyo, ekighenderwako kyo butheke kyamakyangya  kwanganathoka erisondolya obulhasi obukasonda eriyalwa.
Elle semblait avoir un visage triste quand elle a lu cette lettre.	Mwakabya nobundi busu omughulu alyasoma ekibabe kino.
Deux détenus se sont évadés d'une prison de haute sécurité aux États-Unis, dans l'État de New York.	Ababohwa nabiri mobakatswa omomulhiki owakatheyi bawa kundu  omobughuma bwe bihugho, omokihugho ekye NiwiYorko.
Les chances de promotion l'ont convaincu d'accepter l'offre.	Emi higho eyo mulabira moyikalheka inyalhiya omubiri.
Nous avons beaucoup aimé la pluie de la nuit passée dans le parc.	Omughulu twabya omo luparake, mutwanzire embula eyo mokiro.
Je considère que les Témoins de Jéhovah qui viennent constamment frapper à ma porte ne sont pas différents des fanatiques religieux qui essayent de me convertir.	Ngalhengekanaya abathemwe ba Yehova abaka kongotha kanzi kanzi oko luyi lwaghe sibalhingene ngabandi bape abanyalhenga erinyi bindula.
En Algérie une femme se rend au commissariat pour une agression subie et les flics font des attouchements sexuels à la victime.	E Algeria, omukalhi akayitwala eyeri ebisenge byo bupolisi busana  imubaka tsangiroko mubiri wiwe.
Nous espérions que quelques étudiants seraient venus, mais il n'y en avait aucun dans la classe.	Thukalhengekanay'abigha baghuma baghuma banganasire, alhiwe  omokiyiro simulwe mundu.
Ma fille est venue passer plus de quatre semaines à la maison. Demain après-midi, elle a un vol pour Dresde, car elle doit poursuivre ses études dans le cadre du programme Erasmus.	Mwalhiwaghe mwasisyabugha ewaghe ye mayeng'awani. Omonzakya omuithunzi, anawithe erisu eriya e Dresde, busana  neriya kwamirira  amakangirya wiwe omolulhengo olwe Erasmus.
Je suis conscient que certains mettent en doute ou justifient les événements du 11 septembre. Mais soyons clairs : al Qaeda a tué presque 3000 personnes ce jour-là.	Nyinasi ngoko  abandu banene  sibiligha emyatsi eyalaba omobiro 11 okomukera oghomú̧toheryô. Alhiwe thubughe  ekwenene : al Qaeda mwakitha hakuhi bihonye bisathu biabandu ekiro ekyo.
"Quel est le meilleur allié des États-Unis dans leur soi-disant ""guerre contre le terrorisme"" si ce n'était pas al-Qaïda ? Partout où les États-Unis voulaient frapper, ils justifiaient leurs attaques par la présence d'al-Qaïda. Donc, qu'auraient été les États-Unis sans al-Qaïda ?"	"Oyukehemera ndeke obughuma bwe bighugho byebuamerika nindi omo ""malw'awalhi  busana nabasinza"" isi Al Qaida ? Ahosi aho obughuma  bwe bihugho  bukasondi erithema, nabya ibakayi balhira neribugha bathi halhi aba Al-Qaida. Nikubwambu obughuma bwe bihugho bwebuamerika bwangabere buthi butsira aba Al Qaida ?"
Rien n’est petit dans l’amour. Ceux qui attendent les grandes occasions pour prouver leur tendresse ne savent pas aimer.	Sihalhikike omolwanzo. Abkalhinda emighulu minene imubakangya olwanzo lwabo, sibasi eryanza.
As-tu joué à The Legend of Zelda ?	Mowana sata oko e legend ye Zelda ?
"John dit ""Hey les gars, faisons une pause."""	"Yohani mwabwire athi ""balwana, tuluhuke."""
"Avec les images choquantes d'Abou Ghraib, les États-Unis voulaient marquer le début d'une nouvelle ère où la torture serait désormais appelée ""techniques d'interrogatoire renforcées."""	"Nebisasamira ebika hithanaya ye Abou-ahraib, obughuma bwe bihugho bwebuamerika bwabya bukasonda erikangya enzuko yekika kihaka omo bunyoyanyoya bukandi hulwamo ""esyo tekniki nyihyaka esyeri bulibwamo."""
Mathis se demanda ce que Ann penserait si elle savait qu'il avait passé la semaine passée à Boston avec Alice.	Mathis mwayibulya ekyo Ann angathengekenye angaminyire ngoko  mwabuyire eyenga ye Bostone haghuma na Alice.
Le témoin relatait les faits, tandis que le sergent prenait des notes dans un carnet.	Omuthemwe anabya akabugha okolundi luhande omusaki inyane  muhandika omokithabu kiwe.
N'oubliez pas de couper le gaz avant de sortir.	Sighubirirawe eritwa omuka embere syeri huluka.
Jure d’exécuter tous mes ordres, de me suivre comme une ombre !	Nabirilahirya ko mwangakola ekyosi ekyo ngabugha eringwama nge kitsutsu !
Les réseaux de neurones artificiels peuvent servir à comprendre les réseaux de neurones biologiques, ou à résoudre des problèmes d'intelligence artificielle sans avoir forcément besoin de créer des modèles de systèmes biologiques réels.	Erihunga eryathula kera ryanganawathikya eryowa erihunga  eryo mubiri kwakakola kutse neryo soha esyombanza esyo bwenge obuka kokothibawa  butsira eribya nerilagha okwi kokotya bekindu kyo mubiri.
Le détective que j'ai employé m'a appelé pour me dire qu'il a une piste intéressante.	Akaminyereri okongakolhesaya mokakanyiminyisaya ngoko hanyenzira eyowene.
Le monde réel est toujours plus compliqué que les formulations en laboratoire ou les plans en bureau d'étude.	Ekihugho kye kwenene kirikithya kithya kuleng'ebyo tukigha omo biuma bye labo nebihandiko byesoburo sika himba.
Il semble que le flic de cette série télé soit un ripou qui abuse de son autorité.	Aling'omu anere womo kisesani kino akayowa kutsibu.
""" Entends-moi donc : ce fils, si cher à mon amour, / Ascagne, par son père attendu dans ce jour, / se prépare à porter aux remparts de Carthage / les restes précieux des feux et du naufrage. """	"""Nyihulikirire no : omughal'oyu, ali okomutima womwanzi waghe, / Ascagne, omwilabira thatha wiwe mowa ekiro ekyo, / eriyitheghekanya eriheka rye Carthage / ebisighalirya bye milhiro ne risenda. """
Les gens parlent beaucoup du besoin de laisser une meilleure planète à nos enfants, mais oublient l'importance de laisser de meilleurs enfants à notre planète.	Abandu bakakanganaya kundu okwiyithagha ryerisighira ekihugho ekibuya kyabana bethu, alhiwe bakibirirawa erisigha abana abuwene boko kihugho kyetu.
Lorsque le signe sur la porte des toilettes marque occupé, cela signifie que quelqu'un utilise les lieux.	Omughulu ebiminyikalo byoluyi lwehibinet bikakangaya ko omundu anemo, ikikabugha kithi omundu anemukolhesyabo.
Il fallait que je vous voie, les mecs, avant que je parte.	Kumbe indyabasunga, balume, emberenyighende.
""" Ici, tonne en fureur l'implacable Junon : / debout, le fer en main, la vois-tu sous ces portes / appeler ses soldats ? Vois-tu de ces cohortes / l'Hellespont à grands flots lui vomir les secours ? """	"""Hano, ane mu rurumira Junon :/ Hangana, ekyuma ikine omobyala, wanamalangiragho omilango ano / birikir'abalhasi biwe ? Wanamalangira ebikumula / Hell spont akamusalhira obusabulhi ? """
""" Grand roi ! prenez pitié de mon destin funeste ; / par les dieux immortels, par la foi que j'atteste, / plaignez mon innocence, épargnez mes malheurs ! """	""" Mwami mukulu ! Ngwire obulhighe okwitseme ryaghe ;/ omwilabira emirimu iyithehola, omwilabira erikirirya eryongwithe, nganyire oko malhigho waghe ! """
Mon détecteur de faux compte version 3000 nouvelle génération, édition de luxe™ n'a reconnu aucun motif « à la bora » dans son comportement.	Omubehi wesyo sende syaghe 3000 esihia, esyabayowa sisitita minya nekyaleka « yo bora » omomibere yikuwiwe.
L'alphabet français contient vingt-six lettres : a, b, c, d, e, f, g, h, i, j, k, l, m, n, o, p, q, r, s, t, u, v, w, x, y, z.	Olufabe lwe kifranza luwith'esyonzakano makumi abiri nendathu : a, b, c, d, e, f, g, h, j, k, l, m, n, o, p, q, r, s, t, u, v, w, x, y, z.
Elle est allée en France pour étudier l'art.	Myandende bufaranza okwisoma eri desa.
Personne n'aurait pu deviner, à cette époque, quelle place Martin Luther King occuperait dans l'Histoire.	Sihalhi oyo wanga minyerera oko mughulu oyo, Martin Luther King  angimirye mwanya wahi omo historia.
Envoyez chercher le docteur tout de suite.	Muya ronday'omuthahwa lino lino.
« Ça faisait longtemps que je t’avais pas vu sourire. T’avais toujours l’air renfrogné, ces derniers temps, ça m’inquiétait. » « Ah bon ? Désolé de te causer du souci. »	« Hatya kera nabya isindinathakusunga ukaseka. Wabya ighunasunzire, Ebiro bhino, ikikanyiswekaya. » « Uweghesa ? Bolobolo kusangwa nama kulhethera amalhengekanya. »
Nous avons utilisé des mesures d'urgence pour réanimer le patient victime d'un arrêt cardiaque.	Mothukakolhesaya esyonzira esye lubaluba eriwathikya omukoni oghomuthima.
Il est resté à New York trois semaines.	Mwakasighala e NiwiYorko mayenga awa sathu.
La camionnette est partie sur la route enneigée. Le chauffeur doit envoyer un message quand il arrivera à destination.	Engurbani moyika ghendokonzir'eyi tendehire. Omusofere ngambe inya tum'omulaghe abi hika.
« Amnesty International » a déclaré que le procès de Sergeï Magnitsky, assassiné dans une prison russe, « ouvrirait un chapitre entièrement nouveau de la dégradation des droits de l'homme en Russie. »	« Amnesty International » moyikabugha iti amasambo wa Sergeï Magnitsky, oyowitawa omongomo yeburusi, « moyakingulire omulondo muhyaka werithendi sikya esyo mbangwa sya bandu e Russia. »
On peut se demander si l'humanité a avantage à connaître les secrets de la nature, si elle est mûre pour en profiter ou si cette connaissance ne sera pas nuisible.	Twanganayibulhya ekihugho ngakyanganabya nendundi eriminya esyokumbo syekyanya, kokinabulhire kutse obwenge obo ngasibwangabya buligho.
Oh ! l'amour d'une mère ! amour que nul n'oublie ! Pain merveilleux qu'un dieu partage et multiplie ! Table toujours servie au paternel foyer ! Chacun en a sa part et tous l'ont tout entier.	Oh ! olwanzo lwakoyo ! olwanzo olomundu syendisibirirwa ! Bundu obutsemesirye obo emirimu yikaghaba ! Obutara obukabya ibunatheghekanibwe omwathatha ! Bulhimundu anawithe oluhande lwiwe nabosi banawithe okolosi.
Bonsoir, ma chérie ! Que je suis content d'être enfin à la maison !	Wabirisibibwa, mwanzi waghe ! Nyitsemire ngabya eka !
« Ne vous inquiétez pas », dit Dima pour essayer de mettre la femme à l'aise. « Ce n'est pas le mien. »	« Isiwahubagha », mwabugha Dima erilhenga  eritsemesya  omukalhi. « Sikyaghe. »
Ne prépare aucun argument logique pour la discussion si ton contradicteur ne comprend que les coups de pieds.	Sighuthekanaye ekyosi busana nobuhaka omutswebi waghu amabya inyakowa ebishindo bisa.
Nous savons parfaitement où nos développements vont nous mener. D'ailleurs, dans l'équipe, chacun fait ce qui lui plaît.	Tunasi oho obukake bwethu bukendi thukolya. Nibya, omo kipia, bulimundu akakola ekyanzire.
En somme, nous vous offrons une seconde chance : nous faisons table rase de votre passé de criminel pour vous permettre de commencer une nouvelle vie.	Okondulhi thukathasyabaha olukoho lwakabiri ebyobwithi bwaghu  thulhekerebyo aho imowathasya tsuka eribyaho rihyaka.
Ali et Lana étant partis au cinéma, je suis restée surveiller Alan.	Ali na Lana mobakaya eyiri ebisasamira, mongasighala ngalhebya Alan.
Pourtant le Japon est encore insuffisamment compris des autres pays, et les Japonais, trouvent également les étrangers difficiles à comprendre.	Ikwa ekihugho ekye Japane sikyathalhiwa nabindi bihugho, nabanya Japane sibalhyowa abakalwa ehihya.
Il faut rappeler aux nations croissantes qu'il n'y a point d'arbre dans la nature qui, placé dans les meilleures conditions de lumière, de sol et de terrain, puisse grandir et s'élargir indéfiniment.	Kumbe imwibukya ebihanda ebikusuka kosihalhi, omo kihugho, omuthi owathekirwe omo kyakakala, nomokithatha, neryo inyusuka kutsibu .
Les gens disent que je rêve toutes les nuits mais si je le fais, je n'arrive jamais à me rappeler aucun de mes rêves.	Abandu bakahula esyonzoli esyekiro, alhiwe namakolasyo, sindihika  nokokika ekyeribukasyo.
Le cinéma américain est marqué par de grands acteurs juifs tels que Paul Newman, Harrisson Ford, Sean Penn, Kirk Douglas, Woody Allen, Jake Gyllenhaal, Dustin Hoffman, Scalett Johansson...	Ebisasamira ebye buamerika birimo nduhi sye buyahudi nga Paul New man, Harriossonford, Sean Penn, Douglas, Woody Allen, Jake Gyllenhaal, Dustin Hoffman, Scalett Johansson...
L'amour rend aveugle, mais le mariage ouvre les yeux.	Olwanzo lukalheka omundu inyabyandimethime, alhiw'endwa yika kingula  oko mundu kwameso.
Kate Middleton est désormais Son Altesse Royale la princesse William Arthur Philip Louis, duchesse de Cambridge, comtesse de Strathearn, baronne de Carrickfergus, maître ès arts.	Kate Middleton yo wambai mughole wiwe, nayo William Arthur Philip Louis, ekirimu kye Cambridge, comtesse de Strathearn, omutheke we Carrickfergus, maître ès arts.
Le crambé maritime, qui a un délicieux goût de choux fin à la noisette, est pourtant en voie de disparition, parce que sa culture est difficile à industrialiser, alors que Louis XIV l'exigeait dans son potager.	E swa yomo maghetse, asihire ngeswa, akasondi erihera, busana ekerya yayo yikalhire eribika, omughulu Louis XIV abya akasababyo omo.
One yours is worth more than two you will have.	Akaghu ko kaghu butsira hibiri, ukandi syabya nako.
Certains se donnent beaucoup de mal pour avoir une coupe de cheveux faussement négligée, tellement bien apprêtée, qu'on ne pourrait imaginer pouvoir reproduire le négligé naturellement.	Abanzi bakayikandanga eriyira okonzwiri esikaghonerawa, nero isi teghekanibwe ndeke, ngomundi isianga lengakania nga syanga lassa.
"De tous ceux qui ont appelé Christophe Colomb ""Chris"", aucun n'a survécu assez longtemps pour le refaire."	"Omobosi ababirikira Christophe Colomb mo ""Chris"", sihalhi oyowabugha ebirimo erithasyakolabyo."
Mon père m'a refusé un cadeau d'anniversaire, parce que je n'accepte pas sa nouvelle copine.	Thata waye mwanighanir'ebihembo oko kirokyebukamabutwa waghe kundi nabira hana omukali wiwe muhiaka.
C'est un type gentil et sympa.	Nimu lwana oyuwene.
Après un assez long séjour en Épire, le héros se rembarque et va toucher la côte d'Italie, où, suivant les avis d'Hélénus, il fait d'abord un sacrifice à Junon, pour calmer cette déesse ennemie des Troyens.	Enyuma syebiro e Epire, ebahereri mobaghenda neriyahika e Italiano, eyo mobakwama ebyo Hélenus mwakayi herera kwanza oko Junon, erikiranya omulhimu wenzighu ya Troyens.
Vous devez avoir rendu votre devoir d'ici jeudi sans faute.	Kumbe omokiro kya Kani mubye imwabirikola emibiri yenyu butsira kahinira.
C'est bien la pire folie que de vouloir être sage dans un monde de fous.	Nirisire eribya mwenge omo kihugho kyabasire.
Catherine le regarda un moment en silence. Elle devait le trouver joli, avec son visage fin et ses moustaches noires.	Catherina mwabasamalira bukuthu omondambi nge. Angakisungire kibuya, nobusu buwe nobweya bwe kirima.
L'avocat de la défense n'est pas responsable de l'opinion qu'il présente durant l'accomplissement de la défense.	Omusosi syalhibya mwenye bulhengekanya omughulu akabugha.
Le simple fait que tu aies trouvé ces choses dans l'ordinateur ne signifie absolument pas que tes parents ont des problèmes relationnels ; les relations entre adultes sont plus compliquées qu'il n'y paraît au premier abord.	Ekyolokyolo kyerisunga ebindu ebi omo kompyuta, sibibwhambu ababuthi baghu bawithe mbanza; obughambulhirane omokathi kabakulhu bukalhire.
Adam et Clémentine, mariés au mois de décembre 1835, étaient allés, après avoir passé l'hiver à Paris, en Italie, en Suisse et en Allemagne pendant l'année 1836.	Adamu na Clémentine, abalhunga oko mukera  we kirerembyo 1835, mobayire, babibugha omukera we mbeho ye Paris, e Italie, e Suisse ne Allemagne okomwaka 1836.
Il a regardé à gauche puis à droite ensuite il a traversé la rue.	Mwakalebay'okulhi nokulhembe neryo mwakakiruka engenda.
Si possible, j'aimerais recevoir de nouvelles informations sur ce dossier.	Byamathokekana, nganza nyibye nemyatsi mihyaka eyi lhebirye edosyo eyi.
Ce site Web recueille et utilise notre information personnelle, entre autres, pour la création de compte, l’administration interne, le marketing, pour nous envoyer des informations publicitaires et pour l’analyse de données.	Ekibuthe web eki kikakumakuma nerikolesha esyongulu syethu, nge  erikokotia enyuma enunga, obuthabalhi obwe mwisi, ebyo buhingania,  erithuthumira esyongulu esyo buhingania neritheghereria emyatsi.
Les politiciens sont bien les mêmes partout dans le monde. Ils promettent de construire un pont même lorsqu'il n'y a strictement aucun fleuve.	Ebapolitika nibaghumerera omokihugho kyosi. Bakalahiraya eri himb'ekilálo omughulu sihalhi nolusi.
Apprends d'abord tes leçons et ensuite tu pourras sortir t'amuser.	Igha kwanza ebyaghu mo ukandi huluka eriya tsanga.
Quand il finit de parler avec sa mère, il rentre directement dans la chambre qui se trouve au dessous du salon.	Abere abugha erikania  nanyinya, mwasaba omokisenge kiwe ekiri  ekabuno syekiseng'ekyerilhiramo.
"L'ours noir et blanc qui vit dans les montagnes de Chine et du Tibet est appelé ""panda""."	"Enyama yo moli, eyo mulhima nomusohe eyabya ikabuk'omo bithwa by'e Chine neTibet yikahulawamo ""panda""."
Timéo venait juste de téléphoner à son esthéticienne, quand Marie a senti ses joues brûler de jalousie.	Timeo alwe imwanabirikira okomukengereghesania wiwe, omughulu  amathema wa Maria alhyusulamo eritsuro.
Il portait une chemise rayée de blanc et de bleu, un foulard assorti, une chaîne d'or sur le cou et une épée de valeur sous le bras gauche.	Abye ambith'ekisomeko ekyemirera ekyomusohe nomutheghulhe, omusarandwe, obusanga obwe horo omobikya no muyalhi owendundi nene omo byalabiwe ebya mulhi.
Carl Sagan a rassemblé sur un disque des informations à propos de notre planète et l'a envoyé dans l'espace, de telle sorte que d'autres êtres intelligents le trouvent.	Carl Sagan mwaka kumakuma esyongulu syokokalhilhiki esilhebirye  ekihugho kyethu nabathumawa omokyanya, omo kika abandi bandu  abamenge bangasungabyo.
J'avais une longue à cœur alors il était clair que j'allais me faire couper.	Nabya nobulhighe oko muthima nerio kyabya ikinayi langirire konangayayithwa.
À en juger d'après ce superbe bronzage, il semble que tu aies passé l'essentiel de tes vacances à la plage.	Okwilangira ngoko wamatakata, bikathokekana nga walabiry'enduhuke  yaghu oko mukekethyo ogholusi.
""" Alors, renouvelant nos questions avides, / ignorant l'art affreux que cachaient ses discours, / longtemps nous le pressons d'en poursuivre le cours. """	""" Nerio, erithasya bindul'amabulhyo wethu,/ eribirirwa omubiri ogho buba ogho aby'abisirwe omomikanya  yiwe,/ kera thukalhengekanya  ngathwangasyayifunzabyo. """
Les forces d'occupation ont utilisé des bombes à fragmentation ainsi que des bombes au phosphore blanc dans des zones habitées par des centaines de milliers de civils.	Obulhasi bukakolhesaya embundu nenenen'esyosio nungu haghuma  nesyamabwe aghomokithaka omobithatha byabikalani.
Après avoir pris congé du ministre de la guerre, Bolkonsky partit dans la nuit avec l’intention de rejoindre l’armée, qu’il ne savait plus où trouver, et avec la crainte de tomber entre les mains des Français.	Enyuma syerighabana nomukulu oghobulhasi, Bolkonsky mwaghenda  omokiro omwilhengerera ryeri suba omobulhasi, obwabya isyasi  ohobwanga banika, nobuba obweri thogher'omobyala ebyabya franza.
C'est justement la raison pour laquelle je n'ai aucun intérêt pour l'art.	Ekikalhek'inathabya nandundi nomukolhi owebyala kyekyo.
Répandu en Europe et un peu partout dans le monde, le mouron blanc est une plante très commune en France.	Iyi tsangangire omo ulaya yosi nomo kighuho, eyi ka hulawamo mouron blanc ni rihereko rika sungika kanzi kanzi ebufaranza.
Le boulot lui rapporte un demi million de yens par mois.	Omubiri akamulhethera hakuhi enusuye kighonye kighuma ekyolumbuka lwesyo yens okobulhi mwisi.
Les voisins disent que Marie bat son mari.	Abahimbani bakabughabathi Maria akahunza ibawiwe.
Les meilleurs médecins du monde sont: Le Docteur diète, le docteur Tranquille et le docteur Joyeux.	Abanganga babuya omo kighugho kyosi ni : omutahwa oghomukania, omutahwa owobuthekane, omutahwa oyo tsangire.
Le personnage de gauche gâche l'unité du tableau.	Omu̧lıţ́o wemalhi akatsanday'obughuma obwomusakirwe.
C'est quand même génial de disposer d'un portable quand les premiers beaux jours arrivent et qu'on peut faire du Tatoeba au chant des oiseaux.	Kyowene eribya ne simu omughulu ebiro ebyowene ebyerimbere bikahika nakandi kowanganakola e Tatoeba okolwimbo lwe syonyunyu.
L'amour aussi doit s'apprendre et s'essayer et on ne rencontre pas toujours immédiatement le partenaire pour la vie.	Olwanzo nalolwaighwa neripipmwa nakandi sibisangana ahonah'oyo omundu oyo ukendisyabya mwira waghu.
Je peux vous mentir, mais si vous voulez la vérité, on n'a pas encore trouvé la personne qui tiendrait même une minute devant les questions de leur chercheur.	Nangana kutheba, alhiwe wamabya ighuka ronday'ekwenene,  sihalhihasungwa omundu oyukendi byaho omo dakika nguma oko mabulio wobutsopolya bwabo.
Ce mec me rend dingue.	Omulume oyu akangiramo musire.
"""Je l'accepte seulement, pour que vous ne croyiez pas que je suis impoli."" Il dit cela avec la mine apeurée d'une victime, dit l'employé, mais dans ses yeux on pouvait lire les mots ""Vive la corruption!""."	"""Namaligha, ngisiwa lengekania uti singwit'adabu."" Akabugh'ebyo nga mundu oyu akwir'obuba, mwabwiryata omukholi, alhiwe omomeso wiwe itwanga somamo ebinywa ""Ekithulirokiuwene!""."
J'aurais pu répondre à toutes les questions difficiles. Mais le professeur dit qu'il voulait me poser quelques questions simples. Et ça a complètement foiré.	Nanganasubirye oko mabulhyo aghosi awakalhire. Alhiwe omukangirirya mwaka bugha athialwe anzire iniambulhya amabulhio ogholoberere. Nerio ebyosi mo biatsanda.
Ça aurait été sympa si Timéo avait écouté ce que je disais plus attentivement.	Kyangabere kyabusu nga Timeo angowire ebyonyilwengabugha.
Sans raison, l'amour effectif des hommes manque tout autant sa cible que la haine des hommes dépourvue de puissance.	Butsira ekilheka, olwanzo olwabalume lukabula obuyo oko ritsuro  eryabalume abathawithe kaghala.
Aux accents douloureux de sa voix gémissante, / je pleure, je réponds en sons entrecoupés / par quelques mots sans suite et sans ordre échappés:	Oko mirenge eyamaghali,/ ngalhira, ngasubiraya omomulhenge owaka thwikathwika / omo binywa bighuma butsira ehamulhi na buthondekane:
Il ne faut avoir aucun regret pour le passé, aucun remords pour le présent, et une confiance inébranlable pour l'avenir.	Isihasyathabya eriwekara ebyenyuma, sihalhi mbitha okobiri hathya, nerikala oko bikasa.
Enfourner à 240°C (thermostat 8), et baisser au bout de 5 min à 200°C (thermostat 6-7) ; laisser encore 10 min. Bien surveiller la cuisson !	Ibine omokihuhania 240ᵒ C nerikima omo mathondi tanu oko 200ᵒC; lheka omomathondi ikumi. Utheghereraya ndeke omuhuko !
C'était parfaitement clair, j'ai compris toute l'explication du problème.	Kilwe ikinayi langirire, mongowa ekyalekire ekyolubanza.
C'est le vrai génie de l'Amérique: que l'Amérique puisse changer. Notre Union peut se perfectionner. Ce que nous avons réalisé jusque-là nous donne de l'espoir quant à ce que nous pouvons et devons réaliser demain.	Ryerithegheko rikulu erye Amerika : Eamerika yangabinduka. Obughuma bwethu bwanganayikokothya. Ekyothwabirikola erihika aho kikathuha eriyikethera ebilhebirye ebyothwangakolhire omonzakya.
Roger Miller a commencé à écrire des chansons, parce qu'il aimait la musique qu'il entendait à la radio.	Roger Miller abiritsuka erisaka esyonyimbo, busan'anzire ehishimo ehia ba akowa okokinimba.
J'ai vu le gars sauter par-dessus la clôture et s'enfuir en courant.	Mongalangira abalume bakathwira ebika byendatha okoluba neryo  banemuthibitha.
Pourtant, malgré toute cette étrange apparence d'humilité et ce mépris pour la raison humaine, il s'aventure dans les suppositions les plus audacieuses.	Mwalhi, oluthuthu olweriyikehia nolwerilhenzialhenzia busana nebireka  ebyo bunyamundu, bakatsangira omomalhengekanya aweri pima.
Le monde est comme une maison à deux portes, tu rentres par ici et tu sors par là.	Ekihugho kiringenyumba syemilango ibiri, ukingirira hano nerio iwasya hulukira halhia.
Les nouvelles de la récente explosion sont partout à la radio.	Esyongulu esyomuhutho muhiaka sine ahosi oko kinimba.
Si tu lui demandes trop directement si elle a un copain, elle va être sur ses gardes et répondre : « Pourquoi tu poses la question ? ».	Ahonaho wmabimubulhia binzi ngwanawithe omwira wiwe, iniakandilu inabya nerikubulia athia : « Ukabulaya ekibulhio ekyo kundiki ? ».
Le jeune avocat vint chercher sa fiancée pour l'emmener dîner.	Omusosi mubisibisi mwasyaronda omuhukanzumbu wiwe baka sonda  eriyalhya.
Si tu fais triste mine dans ce métier, les clients ne viendront pas.	Wamabya ukahithanira omomubiri oyo, abangaghula kosibangasa.
Je ne vais tout de même pas ranger ma chambre tout de suite, maman ! Enfin, je suis un agent secret et il faut que je sauve le monde !	Sinyanzir'erikokothya ekisenge kyaghe hathiahathia, nyinya ! Okondulia, nyiri mukolhi owekumbo rikatholhera inasabul'ekihugho !
Un homme qui est capable d'admettre qu'il s'est trompé et de demander pardon est un homme digne de mon amour.	Omulume oyo angaligha komwakayitheba nerisaba erighenyera ni mulume oyuswire molwanzo.
Lorsque tu essaies de tout contrôler, tu ne profites d'aucun moment. Détends-toi, respire, lâche prise et vis !	Omughulu ukalhenga erithebya ekyosi, sighubanakabanga nabake  akeribanamo endundi. Luhuka, humula, leka nakandi ubyeho !
La femme est bien dans son droit, et même elle accomplit une espèce de devoir en s'appliquant à paraître magique et surnaturelle; il faut qu'elle étonne, qu'elle charme; idole, elle doit se dorer pour être adorée.	Omukalhi uwene omo mbangwa siwe, nakandi akaberereraya esyo  ndaghane siwe akabya nganibuthoki ; ritholhere inyasweka, mulhimu  wahi, angayighambya; imwasabwa.
Quand on l'a placé en garde à vue, on savait qu'il allait falloir jouer serré.	Omughulu bakathekagho erilangirwa, babya ibanaasi kwakendisatha.
Il a lu dans mes paroles un message que je n'avais pas prévu.	Mwakasoma omobinywa byaghe mobulhengekanaya ogho nyithalhya  theghekanaya.
Si je perds ma clé, je ne pourrai plus fermer la porte.	Namabiriheria olukinguli lwaghe, isinangasya hinda oluyi lwaghe.
Harry n'arrivait pas à suivre le niveau de la classe.	Harry mwahika okokika isyathasyakwama olulhengo olwekiyiro.
Je croyais que je ne supportais pas la vue de mon visage, mais en y réfléchissant bien, c’est l’image que les autres me renvoient que je ne supporte pas.	Indwengalhengekania ngasinangasyathoka erisika na malangiri waghe, alhiwe erilhengekania kubyo kondeke, nikisasamira ekyo abani babya  bakandumira nekyonithenangathoka erilhebya.
Quand on l'a vu descendre du train avec son bonnet sur la tête et ses gants, on a tout de suite compris qu'elle ne revenait pas de Marseille.	Omughulu thulhia mulolako akakima omo ngurubani nekihukiwe oko muthwe haghuma nebikaswika ebyala, ahonaho mubyalangirika ngoko  akalwa e Marseilles.
Hum. J'ai le sentiment que je vais me perdre, quelle que soit la route que je prenne.	Yaaa. Nangwithe amahangoko ngandihera, mwalhi enzira eyonamimia.
Cependant, quand le soleil du Moyen Âge est tout à fait couché, quand le génie gothique s'est à jamais éteint à l'horizon de l'art, l'architecture va se ternissant, se décolorant, s'effaçant de plus en plus.	Kuliweko, omughulu eryuba ryokomukera owalaba riritho, omughulu  erithegheko rikalhimira eyisirya esyokindu, obukengereghesania bukasa  bukakeha, nerilhima.
Quand bien même je voudrais dire « c'est hors de question! », parfois, je finis malgré moi par répondre « aucun problème! ».	Nomughulu ngasonda eribugha « sibiendi bya bithia ! », kanzikanzi, mongabughira lulhi erisubira indi  « sihali lubanza ! ».
Internet a étendu le rayon d'action de ma vie sexuelle ; un peu comme si j'étais passé aux missiles balistiques.	Ekisengula kyabirisanza amasalalhi wemikoler'eyeribiaho eyo luthetho ; hake ngomunalaba okwambundu nenene.
Jane a sauté les questions auxquelles elle ne savait pas répondre.	Jane mwakakiruka amabulhio owalwe ishangathoka erisubiriako.
La vie appartient aux vivants, et celui qui vit doit s'attendre au changement.	Eribyaho niriabalhiho, noyulhiho angayilhindirira oko mabindulikanya.
Pour certains citadins la campagne est intolérable parce que son silence rejoint leur vide intérieur.	Oko baghuma baghuma abomomulhongo sikyangathokekana busana  obukuthu bwabo bukasuba oko hathe yabo eyemwisi.
Peux-tu arranger le coup pour qu'elle figure dans cette émission de télé ?	Wangana teghekania ekindu kino, okwibya ikya bya omo bisesani ?
Quand tu parles, tu ne fais que répéter ce que tu sais déjà. Mais si tu écoutes, tu pourrais apprendre quelque chose de nouveau.	Omughulu ukabugha, ukasubirira omobio unaasi. Alhiwe mwabi hulhikirira, ukandisyigha bindu bihyabihya.
Le Parc naturel régional de Camargue, vaste zone humide située dans le delta du Rhône, est magnifique !	Oluparake olwe Camargue, kithatha kirimo kitsabadudu ekiri omo kathi ako lusi Rhone, kighambire !
Je vous dirais tout ce que vous voulez si les sons que j'émettais pouvaient être ce que vous entendez.	Ngandikubwira ekyosi ekyabanzire alhiwiwe omulhenge oghongaghusa  amabya ighoghune mwendyowa.
Les groupes sont un bon moyen de partager un centre d'intérêt en petit comité ou avec le monde entier.	Ebikumula ninzira esyowene esyerighabam'ekibuthe kutse nekihugho  kyosi.
Tu verras que tout est devenu très beau et tu pourras présenter quelque chose de vraiment impressionnant aux invités.	Ukandilangira ebyosi kobyowene nerio ukandi kanzia ibindu bihiaka oko bagheni.
Ils étaient prêts à courir le risque de se faire tirer dessus par l'ennemi.	Babia ibanayitheghekenie erithoghera omobuhia bwesyonzighu.
Fais-tu encore confiance à ce type alors qu'il a déjà rompu par deux fois sa promesse ?	Ukinahirire amaha ghomo omughulu abighana kabiri endaghane yiwe ?
Il est d'ordinaire direct et sincère et gagne ainsi la confiance de ceux qui le rencontrent.	Ali molo nakalu nyabya ngo mundu oyuwene oko bandu bossi baka mu langira.
Vous pensez sûrement que vous savez comment faire ça, mais laissez-moi l'expliquer encore une fois.	Ukalhengekanaya uthi unaasi erikola eki, alhiwe lheka nyiku bwire  buhyaka.
Formant une infrastructure d'informations, le réel impact de l'autoroute de l'information est une attente du développement de la nouvelle économie due au passage d'une industrie de matériel informatique tangible à une industrie de logiciels intelligents.	Bikakokothya ekibuthe ekye syongulu, enzumwa ngulu eyesyonzira esyeri  yikokotherya esyongulu nilihindirira eryobukake bobuthunde irilwa  okonzira eye kibuth'ekyebindu ebyomo bukengereghesania.
Ma ville natale se situe à 10 miles (~16 km) au sud de New York.	Omuyiwaghe owamabuthwa alhioko bilometere 16 ekabuno sye NiwiYorko.
L'ancien ministre de l’Environnement est responsable de la hausse de l'essence.	Omulhembya wakera owe bithuthimbweko yonzuko eyakathalhi aka  maghutha eryeruka.
En ce qui concerne le sens, les deux phrases sont - en principe - équivalentes. Cependant, la seconde permet une interprétation plus large.	Ebilhebiry'ebitsuko, emilondo eyibiri yilwiriyabya-ngambe-iyisosene. Alhiwe, owakabiri ngasa lhino lhino isiwaligha esimu.
Une seconde, je reviens tout de suite. Ne raccrochez pas !	Kathambi, ngasa lhinolhino. Isiwatwa !
Énée envoie chercher Ascagne qui était resté sur la flotte; mais Vénus, qui redoute l’inconstance de la reine et la perfidie carthaginoise, pour s’assurer de son cœur prend le parti d’enlever le jeune Ascagne.	Enée akathuma erisondya Axagne oyulhiasighala okomukekethyo, alhiwe akasa, akathikathika oko mugholhe, omuthima wiwe akimaya ekihande ekyerilusia omubisibisi Ascagne.
Ca roule, mon pote ?	Kyamathimba, mundu waghe ?
Lorsqu'il déplaît à un méchant voisin, le plus gentil peut ne pas vivre en paix.	Omughulu syathatsemesya omuhimbani wiwe mubi, omwenge syangasya byahonemirembe.
Si on doit attendre que les flics se pointent, alors on est foutu !	Abandu bamalhinda abakulu abobulhasi batsuk'eriyitheha, nibwambu  ithuli buyira !
Ils ont tiré avec des balles explosives pour tuer.	Mubakakolesaya esyombundu esikahuta omwith'abandu.
"""Pars, emmène les tiens de ces funestes lieux, / du triomphe des Grecs épargne-leur l'insulte : / Ilion te remet le dépôt de leur culte. / Cherche-leur un asile, et qu'au-delà des mers / leur nouvelle cité commande à l'univers ! """	"""Enda, lusay'abo kwiwe bomokathatha kano, / omobushike bwabagriki leka baghende isi beba tsambwa : / Ilion akakusubulhiraya ekighona ekye  misinge yabo. / Baronderaye obwikalo, nahalhi okongetse / obwikalo bwabo buhia bukalebaya ekighugho ! """
J'ai passé des heures à chercher la clé que j'avais laissée tomber.	Mongabughandambi ngarondia olukingulhi olonathoghaya.
Je m'excuse mais je ne pourrai participer en personne à la réunion.	Munganyire alhiwe sinyilwe endisangira okondeko.
Offrir l'amitié à qui veut l'amour, c'est donner du pain à qui meurt de soif.	Eritheka obwira okolhia oyowanzire olwanzo, niha obundu okoyukaghalawa nenyotha.
Mais périsse celui auprès duquel tu trouveras tes dieux ! En présence de nos frères, examine ce qui t’appartient chez moi, et prends-le. Jacob ne savait pas que Rachel les eût dérobés.	Alhiwe akahera olhia mundu oyukandisangako ebyaghu birimu ! Embere syabaghala bethu, sosothaya ebikulhebire okwinze, nerio wimayebo. Yakobo abya isyasi ko Rakelhi mwibabio.
Le coureur le plus rapide ne peut pas courir le 100 mètres en 9 secondes.	Omuthibithi oyo wanguhire syanga thibitha metere ighane okohithondi munane.
Le sentiment de faire l'objet de pitié est horrible.	Omulhimu oweri kola ekindu ekyobughanyiri nighobuba.
Henry James était américain à sa naissance.	Henry James abia munyamerika erilwa okwibutwa riwe.
Il y a du mérite, même chez le législateur atteint d'arriération mentale. Il pose les questions que tout le monde a peur de poser de peur de paraître simple.	Hane kibuya noko bandombe abakwir'iring'isire.  Akabulay'amabulhio agh'obulhi mundu akasagha eribulhia omobuba bweribia molo.
Les Grecs l'ayant poursuivi, il perd sa femme : s'apercevant de son absence, il retourne la chercher ; son ombre lui apparaît, et lui dit que Cybèle la retient dant la Phrygie.	Abagriki erimuhalhika, mwaheria mukalhi : mwaberereria eribula riwe, mwasuba enyum'akaya musondia ; ekitsutsu  kiwe kyama muhulukira, nerimubwira athi Cybele yukaleka inabya e Phrygie.
L'amour n'est-il pas censé durer toujours ?	Olwanzo silwangabugha biro binzi ?
Et tout à coup cette idée de la mort évoqua en lui toute une série de souvenirs lointains et intimes, ses adieux à son père, à sa femme, les premiers temps de son mariage et son amour pour elle !	Ahonah'obulhengekanya ololuhol'olwahulawa molwa mulhethera  amalhengekanya waker'awabenzi wiwe, nerimhuobuholo awendulia  awathatha wiwe, wa mukalhi wiwe, ebiro biwe ebyerimber'ebyendwa  nesyo lwanzo luwe oko mukalhi wiwe !
Si possible, les Japonais semblent préférer choisir un conjoint qui leur ressemble, chercher une situation stable qui assure une promotion lente mais régulière et mettre leurs économies à la banque.	Bika thokekana, abanya Japane bakabya ngabakasombola abira abasosire,  erirondia obuthekane obukathekanaya omubala ghobondola nerihira  esyosende syomobangi.
Maria a acheté à Nathan une copie de « How to Win Friends and Influence People » de Dale Carnegie.	Maria mwakaghula Nathan ekibabe ekye « wangayira ghuthi eribia nabira  banzi eriyira omukululoowe » ya Dale Carnegie.
Pars tout de suite, ou tu seras en retard à l'école.	Enda hathya hathya, kutse ukandi tselhewa ekalhasi.
J'espère que vous ferez un bon somme et que votre migraine va vite disparaître.	Ngalhengekanaya ukandiyira akalendo kanzi nobubonde bwaghu bukandi bulhirana.
Hé les garçons, arrêtez de vous battre. Allez, séparez-vous !	He inywebalwana, mulhek'erilwa. Mughabane !
Il n'y a vraiment aucun peuple qui, lors des cent dernières années, ait enduré autant que les Juifs.	Sihalhi ekihanda ekyo, omughulu we miaka erighana eyalaba, ekyashika kikabya ngekyabayahudi.
J'annule ma réservation pour le vol numéro deux pour New York le dix mai.	Nama neghenia  olughendo lwaghe omorikisakisa eryakabiri eriya eNiwiYorko omobiro ikumi oko mukera w'akahatabánze.
« Dire qu’on peut acheter une clé USB de 64 Go pour 16 euros… On vit une époque formidable. » « Et ce prix aura encore dégringolé dans dix ans… »	« Eribugha uthi omundu anganaghula olukingulhi Usb olwe 64 GO okobihasa 16 esyolusende olwe bufranza… Thuka lab'omokirimo ekyowene. » « Akathalhi ako kanamwendisyakema enyuma sye mikera ikumi... »
« Je fais partie d'un think-tank » « Ah ben j'ignore si tu réfléchis beaucoup, là dans ton cercle, mais ouais, t'es pas mal tankée. »	« Indi mughuma ghomo think-tank » « ngabula ngoghune mulhengekania  kundu, omo kiringo kyaghu, inga thahi, alhiwe ghowe. »
Un être peut-il créer les cinquante milliards de galaxies, chacune d'elles d'une centaine de milliards d'étoiles, et ensuite se réjouir à l'odeur de la viande de chèvre que l'on brule ?	Ekihanzikwa  kyanganakokotya emiliare makumi atanu eye syongununu, obulhi  kighuma kyamo ikiwithe esyongununu erighana nerisyatsemera  ekikumbo ekyenyama eyembene eyikakahalawa ?
Elle était redevenue sombre et bizarre; ses dernières réponses étaient incohérentes ou moqueuses, son cœur s'était refermé.	Mwabia mulhima neribia kithia kithia;  amasabirio wiwe awendulhia abya isyawithe kyakakala kutse bisekwa, omutima wiwe mwayi kinga.
Le suspect s'était caché dans les montagnes pendant trois semaines.	Omuthikwathikwa siwayibisa omobithwa omomayeng'asathu.
Des soufflets appliqués par des mères mécontentes sur la joue de leurs filles, venues en cachette à la danse, retentissaient au milieu des rires de la jeunesse qui avait la permission de s’amuser.	Emihuluko eyirabereribawa nabokoyo abahithene okomathema wabalhi  babo, abalhiasa omokabisam'omomasatha byabia ibine mwowika  omokathi  akamasek'agholulwana ababia bawith'ehamulhi eyeritsanga.
Marie s'est enfermée à clé dans la salle de bains et elle refuse de sortir.	Maria mwakayi kingira omokyoghero na akaghana erilwamo.
C'est sympa de ta part d'essayer de me remonter le moral.	Nisimba okoluhande lwaw'erilhenga erisyanyiha emiatsi.
Évidemment, un jeu comme ça, ça peut avoir des conséquences très graves pour les personnes ayant une paire de chaussettes fleuries à l'intérieur de leur tiroir réservé aux gants à pois bleus.	Nikwenene, amasatha ngayo, anganayira bighuma bibi okobandu  abawithe omukulu mughuma owesyosokise isiri emwisi omo kabathi  ebibikire oko bandu abebilo ebye mutheghulhe.
Je regrette de ne pas vous avoir compris ; vous parlez trop vite.	Namasweka erithendi bowa; ukabugha lubaluba.
Lieutenant, ma patience est plus courte que mon épée.	Lieutenant, erikiriria ryaghe rikalwa luba nakandi nirike oko muyalhi waghe.
Je suis désolé de t'amener tous ces ennuis.	Namasweka eribya imongakulhethera obondola.
Etre raisonnable en toutes circonstances ? Il faudrait être fou...	Eribya mundu oyukalhengekanaya okobulhi kika ? Kumbe iwabya musire...
« Can » est le mot exact pour exprimer la capacité et « may », celui pour demander la permission.	« Can » nikinywa ekitholher'eribia ikyangana obuthoki ne « May », yikasaba ehamulhi.
J’ai souvent remarqué que les jeunes filles ne savent pas s’intéresser aux œuvres sérieuses, écrites cependant pour leur bien. Cela me confond, je l’avoue, car rien ne peut leur faire plus de bien qu’une lecture instructive.	Ngabia ngafumbulha kanzikanzi ko abambesa sibalhyanza eriyitsinga oko mikolhere ko kutsibu, erisaka busana ne ndundi yabo. Ekyokikanyi libathanganaya, ngalapa, busana sihalhi ekyangabaha ekyomuhungo ngokwisoma.
Algerian power is corrupt and criminal against the Kabyle.	Obuthabalhi obwe Algeria bulhi nekithulhiro nakandi bulhi nobuyighu oko kabyle.
Malgré la pluie, on a joué au foot.	Mwalhi embula, muthukasatha oko mupira.
Quoique gros, court et ventripotent, à jambes grasses et à mains épaisses, il était doué de la finesse des aubergistes de Suisse, auxquels il ressemblait.	Kyangabya kinzi, kikuhi na kyabibunda, amaghulu awalhi mwamaghutha  nebiala ebibondire, abyasuire nobubonde obwabanya auberge abe Suisse, obwabia sosire.
Les arabes algériens sont content lorsque les kabyles se font tuer par leur armée arabo-islamiste.	Abaharabu abe Algeria bakatsema omughulu abakabiles bakayitha omo mbundu syabo syabaharabu.
Garde tous tes objectifs à l'esprit et décide des détails selon les circonstances !	Ubik'ebilhengererwa byosi byomomuthwe naulhengekanaye ngok'obulhi kika !
Si vous étiez plus responsable et que vous ne dépensiez pas tout votre argent, vous pourriez le payer maintenant.	Wangabere mundu nerithendi tsara bukania esyo sende syaghu,  wangalhihiresyo hathya.
""" Je vous atteste ici, qu'infidèle envers moi / mon pays pour toujours a dégagé ma foi ; / que je puis rompre enfin le serment qui m'enchaîne, / révéler ses secrets, et lui vouer ma haine. """	"""Ngakubwira  hano, ngoyuthanyikirirye/ ekihuho kyaghe ebiro  kobyanakya kyabiri nyithwisya amaha ; / konangathwa emiriki eyi mbohire,/ bugha esyokumbo, nerimubwira obuyighu bwaghe. """
N'aie crainte, je serai discret et ne dirai pas ce qu'ils ne savaient pas bien.	Sighukwebuba, ngandibisasyo nakandi sinendibugha ebyo bathasi ndeke.
Les expériences de la vie impriment des traces vivaces sur la plaque sensible de son esprit.	Ebikabinzi ebyeribyaho mobyasigha ebiminyikalo oko kisayi ekyo  muthima wiwe.
"La polémique se poursuit quant à ""l'exemption des Cols Blancs"" qui exempte des travailleurs cols blancs spécifiques du temps de travail ""8 heures par jours, 40 heures semaines"" prévu par la loi sur le temps de travail."	"Obuhaka mobwalolhia emulhiro ""ebilhebirye esyombangwa esyebibuko ebye musohe"" ebika buyira abakolhi ebibuko ebyo musohe ebyo mubiri ""masaha munani okobulhikiro, mahasa 40 oko yenga"" ebithegekanibwe  nemighamb'oko ndambi esyo mubiri."
On joue au cowboy et aux Indiens ? Je me proclame shérif et vous devez tous m'obéir.	Thukasatha okomasatha awa balisya nawabahindi ? Ngayibirikiramo Sherif na inywebosi kumbe imwanzikya.
Si tu veux mon avis, Dan n'a jamais mis les pieds en Italie, sinon comment expliquerais-tu qu'il ne connaisse aucun mot en Italien alors qu'il prétend y avoir vécu pendant dix ans ?	Wamabya ighunanzire obulhengekania bwaghe, Dan syalhyatha lhyatha  ebisando biwe bye Italia omughulu akabugha athi mwana bughayo  miakikumi ?
C'est un garçon de stature moyenne, qui porte une chemise bleue à carreaux et un pantalon court gris. Il porte des chaussettes horribles et des baskets bleues.	Nimulwana  owe kithuthu  ekinaseghere, oyumbithe ekisomeko ekyeranzi  eyo mutheghulh'ekirimo emirera nepataro enguhi eyebithi ebyumire. Ambith'esyosokise esithire obuba nebikabisa ebyala ebyomutheghulhe.
Ça ira, tu peux le faire! Garde confiance en toi! Tu es déjà un nageur hors pair.	Bikandighendeka, wanganakolakyo! Ubye nerikirirya omwiwe! Uli mutsihia.
Ha ha ha ! Vous voulez tuer toutes les mouches ?	Ha ha ha ! Ukasonda eritha esyonzuhere esyonzi ?
C'est sans aucun doute l'une des pires idées que j'aie jamais entendue.	Butsira erithikathika nikighuma ekyokomalhengekania ekyonithenathowa.
J'ai trahi la foi conjugale, que j'avais jurée à don José, mon mari.	Nabianabiri ketha omughamb'owendwa, oghonalahiraya Don José, ibawaghe.
Maxime a passé la soirée entière à chercher sur internet des photos de célébrités.	Maxime mwakabugha erigholo riosi akabugha endambi omwirondya ebisasamira ebyasibwe.
Les forces d'occupation mènent désespérément des campagnes massives d'arrestation pour essayer d'empêcher un soulèvement général dans les territoires occupés. Cependant, ce soulèvement reste inévitable si cette occupation inhumaine continue.	Akaghala kanemutheka amah'awabandu erithendi syanza omulhongo  arihambwa erikingir'abandu erithendi hahuka omo bithatha ebyebikeremo. Angulhe, eriyibaghala erio sirihwere eriyimiria kinyanganga ryamabya inikandilolhia emulhiro.
Partez tout de suite, ou vous serez en retard.	Mughende lino lino, mukasya tselewa.
Gardez toujours un esprit ouvert pour de nouvelles connaissances.	Mubye nobwenge okwigha ebindu bihia.
Il existe partout des hommes de bien pour dénoncer au pouvoir ces individus d'humeur atrabilaire qui veulent déposer les princes et opérer, sans la consulter, le déménagement d'une société.	Hane abalume abuwene anganatsongera okobuthabalhi abandu abawith'emithima mibi abanzire babindulhe omughala gho mwami nerio ibatsuka erikola,  butsira neribulhya endeko eya bandu.
Les garçons, ne croyez surtout pas que cette bête entrera dans la maison.	Abalwana, sibabia balhengekanie ngoko endiabithi yangingiria omo mbimbano.
« Tu sais bien qu'il ne faut pas réveiller un lion qui dort. » « Évidemment on ne doit pas le réveiller ; on doit profiter de l'occasion pour le vaincre ! »	« Unaasi ndeke ngoko sikuwene eribuky'esimba eyi ghotsere. » « kobine, isibangabukyayo; alhiwe abandu bangimia akabanga  akerikindayo ! »
Je suis entré dans cet état d'esprit où un homme écoute et écoute et commence à ardemment désirer apercevoir un agent de police.	Monayitheka omo kirimu eky'om'omundu akahulhikirira kandi nerisonda  inyalangira omukulu owe polishi.
Chérie, tu veux bien passer chercher le gosse à l'école, ce soir ?	Mwenzi waghe, wanzire iwayasondya omwana yekiyiro, omorighologholo rino ?
Le détective Dan Anderson est retourné à la maison de Linda armé d'un mandat de perquisition.	Omuminyereri Dan Anderson mwakasubul'omunyumba ya Linda inyanawite oko kipapura eki muha obu bweri hesa.
Un regard vers l'avenir est nécessaire: qui ne regarde pas vers l'avant ne progressera pas; et comme on fait son lit, on se couche (comme on prépare ses repas, on mange).	Erikebera eyiri ebikasa nikya muhungo, oyuthe lhebaya embere syendisya  loliembere; nangok'omundu akakokothaya enzingo yiwe, iwayatho (ngoko bakahuka akalhio, ibalhia).
C'était suffisamment grave qu'il ait l'habitude d'arriver en retard au travail, mais qu'il arrive soûl est un comble, et je vais devoir m'en séparer.	Kyabya ikikalhire iribya inyawithe omutsye oweriasandangalhiri, alhiwe  iniaka hika inianughuthire, nerio nabya ngwithe ekyeriyighabana nayo.
C'est comme si vous n'aviez pas de famille, alors vous parlez de la mienne.	Alhinga sighuwithe ekihanda, nerio ukabugha oko kyaghe.
Le virus de l'herpès tue beaucoup d'éléphanteaux, partout dans le monde.	Ekirusi ekyomulémba kyamathema esyonzoghu nyingi, omokihugho kyosi.
Chaque génération, sans doute, se croit vouée à refaire le monde. La mienne sait pourtant qu'elle ne le refera pas. Mais sa tâche est peut-être plus grande. Elle consiste à empêcher que le monde se défasse.	Obulhi kihanda, butsira neriyitheba, kikabya ngakikandisya suba omo kihugho. Ekyaghe kinaasi ngoko sikyendi syakolkio. Alhiwe omubiri wakyo akabya nganimunene. Akakiraya ekihugho eritheyikola.
Descends chercher du vin à la cave.	Thima uyarhondaye omunzenze omo kishya.
Nul n'imagine que l'avenir puisse être différent du passé.	Sihali nomundu oyo wasi ebikasa nga bikandisya bia bihakia.
Vous devriez arriver tôt pour qu'il puisse lire votre manuscrit avant votre discours.	Wangahikire luba imwathoka erisoma ebyo ulhiasaka embere syomukania wawe.
À une époque où l'on faisait taire les voix des femmes et où l'on congédiait leurs espoirs, elle a survécu pour les voir se mettre debout et se prononcer et tendre la main pour prendre un scrutin.	Okomughulu oghobabya bakahunia kwemirenge eyabokoyo,  mwakakabathasyabiaho erilangirabo bakathasya hangana nerisyayithethula  nerihira hebyala erimia ekibabe ekyobusombolhi.
Tous sur des lits brodés, admirent tour à tour / l'air, le regard brillant, les traits du faux Ascagne, / sa douce voix, ses dons que la grâce accompagne.	Ithwebosi okonzingo, twamatsemera oghundi okoghundi / omuka, omobusu obutsemesirye, ebikwarari ibye Ascagne,/ omulhenge wiwe  owatsemesirie, oluhabwa luwe ebikakwamanisibawa nolukogho.
Si un mec te paie un verre dans un bar, tu peux être sûre qu'il cherche à coucher avec toi.	Omulume amakuha etsupa omokirabo, wanganikiriria kwakasonda  erikesya naghu.
Le Dr Miller souhaite que vous patientiez quelques instants.	Omuthawa Miller akayisunza muthasya lhinda hake.
L'utilisation d'asticots pour les soins de la plaie est bien plus efficace que le traitement médical moderne, car les asticots ne mangent que la chair nécrosée, mais sans abîmer la chair vivante autour.	Erikolhesya ebistikoli oko mabalia owekironda nikyamuhungo kulaba  amabali'awalhino, busana ebistikoli bikalhia omunyoku, butsira eritsandia  omunyoku owalhiho.
C'est une marque d'un esprit malin de témoigner de la joie, quand on reprend ou quand on châtie quelqu'un ; gardez-vous donc bien de tomber dans cette faute.	Nikiminyikalo ekyomulimu erikanzia obutseme bunzi, uyitheghaye  erithendisya thoghera omo rilolo erio.
Si vous voulez que vos employés soient heureux, vous devez leur verser un salaire décent.	Wamabugha uthi abakolhibawe babie nobutseme, kumbe iwahabo  olumbuka oluseghere.
Proposer aux étudiants étrangers de venir étudier en France en langue anglaise est la proposition la plus bête que j'ai jamais entendue.	Erilhenga eribwira abika erisighira ebufranza omo mubughire  owekingeresa, nikighuma kyokomisobio eyo ngithe nathowa.
Est-ce que tu penses que les poils sur la poitrine sont sexy ?	Ukalhengekanaya uthi obweya oboko kikuba niboluthetho ?
Par quels chants, par quelles musiques évoquer cette figure souverainement terrible et souverainement bonne, qui se voile aujourd’hui de clartés et s’endort aujourd’hui dans la lumière ?	Omohisimo ehiahi, omonyimbo syahi, mukalwa eribirikira obusu  obukathabala nakandi obuwene kinyabukama obukayiswika lhino omokwenene, nerighotsera hathya omo kyakakala ?
Ne perds pas confiance Mike.	Sighuheraye eriyikethera riaghu Mike.
Au rez-de-chaussée du palais se trouvent une salle de bal, un salon des miroirs, une salle à manger, un salon des trophées de chasse et un cabinet chinois.	Ekabuno esye mbimbano yabia iyine ekisenge kya bal, ekyerimo ebiyo, ekyerilhiramo ne kyerihighiramo nebisenge ebya banya Chine.
Laissez toujours la priorité aux véhicules venant de droite.	Mulhekere obwiranda obwe siongurubani esikasira okomalhembe.
Ce pigeon a volé de San Francisco à New York.	Akalıķ́u̧ku̧ kakaghuluka erilwa e San Francisco erihika eNiwiYorko.
Je suis comme cette folle de Sainte-Agathe qui sortait à chaque minute sur le pas de la porte et regardait, la main sur les yeux, du côté de La Gare, pour voir si son fils qui était mort ne venait pas.	Konyine  ngomusire  oyu  owe Mwikiria Agatha oyuwabia akahuluka  okobulhi  ndambi okoluyi nerilhbya ebyala oko meso, eluthambi  okokisenge ekye ngurubani, eriyalhebya mughala wiwe oyo wahola  ngesyalhiasa.
Je vais joindre Jim et lui demander de venir.	Ngandisungana na Jim nerimusaba ase.
Une cellule psychologique a été mise en place au sein du lycée suite à l'attentat.	Ekiyingo ekyomomuthwe mokikathekawah'okokiyiro ekya balwana  busana nobwithi.
Certains pensent, à tort, que les jeux vidéo sont la source de nos maux.	Abanzi bakalhengekanaya, kithyakithya, ngoko amasatha awebisesani  ninzuko eya malhio.
Ça serait vraiment cool si Obama se laissait pousser une chouette et épaisse coiffure afro.	Kyanguwanire nga Obama angayilhekir'eriyikunire nerilasya esyo nzwiri syebirembu.
Les voisins voient que la boîte aux lettres n'est pas vide.	Abahimbani nahalangire ngoko ekisanduku ekyesyonzakano kinemo kindu.
Dans l’amour entre l’homme et la femme, il y a toujours une minute où cet amour atteint son plus haut degré, où il n’a plus rien de réfléchi ni rien de sensuel.	Omolwanzo lwomundu owakera nakera haghuma nomukalhi, sihalhi  hathabia nakathambi kaghuma ak'olwanzo olu lukahika okomungashi owe thatha, eyo syakiwithe yobulhengekania nekyamuhungo.
Une suite est convergente si elle admet une limite finie. Elle est divergente sinon.	Olukwamiriro lubere ngalukalolaya ahaghum'amalhigha endulhi eyiwithe  omwiso. Aniakandighenda omonzira esikiri thiakithia.
Je suis sûre que vous devez avoir beaucoup de questions.	Nyinasi ndeke ngoko mukandibya namabulhio manzi.
"Les Danois disent ""I love you"". Ils ont carrément renoncé à leur langue !"	"Aba Danois bakabugha bathi ""nyikwanzire "". Babirighana omubughe wabo !"
L'outil de liaison est au-dessus de la phrase en cours de traduction et est la première icône sur la gauche; il ressemble à une combinaison d'un caractère japonais et la lettre A.	Ekyumano ekyo busangania kisyendatha syomulondo owakabindulawa  nekisanduku ekyerimbere oko kulhi; asosir'amathula ngania aghomuhanda wabanya Japane ne nzakano A.
""" Vos malheurs sont finis, votre asile assuré ; / vous n'allez point chercher sur de lointaines rives / un empire inconnu, des terres fugitives. """	"""Ebyuwene byenyu byahwere, obwikolano bwenyu bune; / simwendi yaronderia halhi / obwikal'obuthasibwe, ebithatha ebye uyipikapikira. """
Elizabeth Taylor était mon actrice préférée.	Elizabethi Taylor abya musathi waghe oyowanzire.
Ne me touchez pas, espèce de porc !	Sighunyithuleko, mumbul'engulube !
J'attends avec impatience le jour où Mlle Cobb va revenir, je peux vous dire.	Nandimulhinda kwabiha ekiro mumbesa Cobb asyasubula, nangana kubwira.
Je vous répète, ma bien-aimée Éthel, que je reviendrai bientôt vous arracher de cette prison ou m’y ensevelir avec vous.	Ngakusubiramo, mwenzi waghe Ethel, ngoko ngasiasa luba erikulusia omo mulhiki oyu kutse ithwayithabiramo naghu.
Le discours artificieux d’un Grec resté dans le camp séduit le peuple.	Omubughe oweriyikokotheria ogho mugriki erisighala omokambi akathebereraya abandu.
Les délits des mandataires du peuple et de ses agents ne doivent jamais être impunis. Nul n'a le droit de se prétendre plus inviolable que les autres citoyens.	Obubi obwabathumwa babandu nabakolhi babo ngambe ibwa hamulwa. Sihalhi oyuwithe obuthoki obweribya inyangana biamundu oyuthe  wangabia isianga pamwa ngabandi bakalani.
Ouvrez votre livre à la page 17 et lisez tout le texte à voix basse. Dans un quart d'heure, je vous poserai des questions sur ce texte, afin de vérifier si vous l'avez bien compris.	Kingula ekithabu kyaghu okoluyani olwe 17 nerio usome ebiosi ebisakire  omomulhenge mukuhi. Omosyo dakikakumi natano, ngandi kubulhy'amabulhy'awalhebirie  ebioghulhiasoma, ngalhebya nga moghukanowa.
Se rappeler qu'un tableau — avant d'être un cheval de bataille, une femme nue, ou une quelconque anecdote — est essentiellement une surface plane recouverte de couleurs en un certain ordre assemblées.	Eriebuka ekisayi – embere weribia ngusa, omukalhi oyuthambithe, kutse  eistoria – kiri oko buthala ekiswikire kwe syoranzi esiriomobughuma obukumakumire.
Ecoute, Israël ! Le Seigneur, notre Dieu, le Seigneur est un !	Hulhikirira, Israeli ! Mwamiwethu, Nyamuhanga wethu, mwamiwethu nimughuma !
Puisque Marika n'est pas là et qu'elle ne s'intéresse pas à reprendre contact avec toi, tu ferais mieux de l'oublier.	Busana Marika syalhiho nakandi ngoko syatsomen'erisyabya iniangana kusunga, wangakolire nakaghala eribya iwangamwibirirwa.
Le colonel Collins est marié et a une fille. Quand elle a du temps libre, elle aime courir, jouer au golf et camper.	Omukolonele Collins abyabirilhunga abiri buthana mumbesa mughuma. Omughulu awith'endambi, akanza eritibhita, erisatha oko mukekethyo  ogholusi  neriya  handayo  akambi.
Pour lui, le climat arctique d'Arkhangelsk était l'enfer sur terre, mais pour elle qui a grandi dans cette région, Arkhangelsk était un paradis sur terre.	Okwiye, obuthuku obwe Arkhangelsk bwabya lubanza oko kithaka, alhiwe okwiye oyo akulirwe omokiharo kino, Arkhangelsk yabya ngolubula loko kighugho.
Il vous faudra deux semaines avant de recevoir l'article.	Ukandi lhinda amayeng'awabiri embere syeriwatha okokithabu.
Vas-y doucement et ça ira tout de suite mieux.	Ghenda lhiololhiolo ebyosi bikandi ghenda ndeke.
Ça ressemble à une blessure par balle tirée à bout portant.	Kyamasos'ekironda ekyerisasi eririaghusirirawa oko mundu.
Quand ce concurrent n'aura plus de clients, il devra fermer ses portes !	Omughulu omatsuri oyu syendisya sung'abakaghula, akandilu inia hinda oluyo !
Pour Ray Bradbury, « Jules Verne symbolise l'histoire entière de l'humanité ».	Oko Ray Bradbury, « Jules Verme ikaminyisaya ehistoria eyekihugho ».
Le bébé très malade était sous haute surveillance par les médecins.	Omwana oyuthohire abia  omubulhebya bukulu obwabanganga.
C'est très gentil de ta part de m'envoyer un si joli cadeau.	Nikwamuhung' okwiw'erinyithumira ebihembo ebyowene.
À cette époque Tony avait la soixantaine bien tassée et était toujours capable de travailler dur, mais il avait désormais un tout nouveau camion, une nouvelle tondeuse, tout un tas d'autres outils et trois personnes pour l'aider.	Oko mughulu oyo Tony aby'awithe oluthehi olwa makumi hakuhi ndathu  nakandi ibia inawithe obuthoki ebyerikola omubiri ghokundu, alhiwe  abiawithe engurubani nyihiaka, eshiso nyihiaka, nebindi bindu binzi  haghuma nabandu abasathu abakamuwathikaya.
En plus du programme général il existe des cours spécialisés dans les fondamentaux de la mécanique, une formation est aussi assurée pour l'acquisition des compétences et savoirs nécessaires à l'utilisation de différents types de machines.	Obunzi okondambi  esye programe  hane  amakangirirya  eriwithe  eribindula  eryobukengereghesania, namakangiriri'aka hirikirirawa eribya  emyatsi mihiaka yangingira nerigha erikolhesya ebyuma mikindo mikindo.
Sami est gay et il ira en enfer.	Sami nimukumbira akandisya omo mulhiro.
Je veux acheter une chemise pour ma petite soeur.	Nyanzire inaghulira ekisomeko kyo mulhere waghe.
Le docteur a tiré le papier de sa poche.	Omunganga mwaka lusaya ekipapura omo mufuko wiwe.
Un jour nous nous réconcilierons (Un jour ou l'autre le souvenir du sein qui nous a allaités nous fera nous retrouver).	Kiro kighuma thukasyalira omokibindi  kighuma (Kiro kighuma ekiro  oghundi asibuka  amabere aghothwanyonyako akasyathusangania).
Les options d'achat donnent le droit d'acheter un titre à un certain montant, appelé prix d'exercice, à une date donnée. Celles de vente, donnent le droit de vendre.	Emithahi eyerighula ikasyalhetha esyombangwa esyerighula ekingiririo  kighuma,  eyikahulawamo erigha, oko mughulu  mughuma. Ebyerighulia, bikaha embangwa eyerighulia.
Un rêveur est quelqu'un qui peut seulement trouver son chemin au clair de lune, et sa punition est qu'il voit l'aube avant le reste du monde.	Omughasani nimundu oyowangana sunga enzira omo mughenda wape nenzwere yiwe niyalangira enzakya embere syebisakira ebye kihugho.
J'avais peur de poser des questions parce que je ne voulais pas paraître stupide.	Nabya ngwire obuba eribulhi'amabulhio kusangwa sinabya nyanzire  inabya ngathabangana.
J'ai l'impression qu'il ne va pas me laisser m'en sortir si facilement.	Namalangira ngasiendilheka ngayilwiramo bweghubweghu.
Il s'est mis à pleuvoir pile poil quand j'ai voulu sortir.	Nembula  muyawa omughulu nasonda erihuluka.
Ma jeune sœur perd patience, car son mari revient souvent de son travail en état d’ébriété.	Mwalhi wethu  analhindirire, busana ibawiwe akasa kanzikanzi erilwa oko  mubiri wiwe iniabiri luha.
Désolé pour le bordel !	Namaswekera ekithethero !
Hé ! Ta balle vient juste de casser ma vitre !	Hé ! Omupira waghu  amabithula ekiyo kyaghe !
Hélas, aucun éléphant ne vit dans le magnifique pays des Sorabes.	Hélas, sihalhi enzoghu omobihugho ebye Sorabes.
J'espère que vous savez que la dernière chose que je veuille faire est de vous blesser.	Ngalhengekanaya unawithe oko kindu ekye ndulhi  ekyo nangakolhire  nerikuhuthalhia.
Vous rougissez et souriez toute seule, Éthel ; vous êtes heureuse, car vous ne rougissez pas du passé, et vous souriez à l’avenir.	Ukihithana neriyisekako ighuwene, Ethel ; utsemire, kusangwa  sighuhithanira ebyabirilaba, nakandi ukasekerebikasa.
Nous allons commencer la conférence dans quelques secondes mais auparavant j'aimerais remercier mes collègues, avec qui j'ai travaillé durant ces trois années.	Thukandi tsuka olukurath'omo mathondi manyothonyotho alhiwe  embere nianzire inasim'abirabaghe, obonyiriakola nab'omo miaka  eyisathu.
Aucun homme ne peut les connaître, aucun chasseur ne peut leur tirer dessus avec de la poudre ou du plomb - Les pensées sont libres !	Sihalhi mundu oyowangaminyabo, sihalhi nomuhiyi oyo wangaba ghusako  omoyisiano- Amalhengekekani'alhibwiranda.
Je pensais que vous seriez tuée. Je me réjouis d'avoir eu tort.	Indwengalhengekanaya ngaghukendithwa. Namatsema ngabia ininze, ghomusango.
Si vous avez la moindre question, concernant les cours, ou bien des problèmes administratifs, n'hésitez pas à m'écrire un e-mail, je tâcherai d'y répondre aussi vite que possible.	Wamabya ighunawithe oko kibulhio, ekilhebirie amakangirirya,  kutse  esyombanza esilhebirye obusondolhi, isighubaha erinzakira okobye  masenyerezi ngandilhenga erisubiria luba.
De retour dans son bureau, elle décrocha son téléphone et composa le numéro de Charlie.	Erisyasuba omo bisenge biwe, mwakaniria oko simu neritsuka  erithondeka mo enimero ya Charlie.
Allô ! Avec qui je parle ? Tu ne me reconnais pas ? C'est moi, Aldo !	Allô ! Ngakanaya nandiaho ? Siwathasya niminya ? Ninze, Aldo !
Certains l'aiment chaud, qu'ils disent. Peut-être parlent-ils du lait, ou alors du hérisson. Que croyez-vous que ce soit ?	Abanzi bamwanzire mokihuhania, ekyo bakabugha. Alhinga bakabugha oko másabu̧, kuts'ekifagío. Ukalhengekanaya uthi niki kwe ?
Les Français sont vraiment un peuple bizarre : parmi ceux qui lisent cette phrase, un sur deux va vérifier si l'espace avant le double point est bien fine et insécable.	 Abafranza nibandu abatsandenie : omobakasoma  omulond'oyu, mughuma oko babiri  akandilhebya ekyanya embere syebithondi bibiri nga kinuwene.
Je me fiche de savoir qui est votre père. Vous devez quand même obéir à mes ordres.	Sinzomen'eriminya thatha wawe nga nyindi. Wangasikya emighambo yaghe.
Je connais le gamin qui court.	Nyanasi omwana oyo akathibitha.
Hot dogs, noix et graines, morceaux de viande ou de fromage, raisins entiers, bonbons durs ou gluants, maïs soufflé, morceaux de beurre d'arachide, légumes crus, raisins secs, chewing-gum et guimauves sont des risques connus d'étouffement pour les enfants.	Mbwangulu, ebighuma nesyonungu, namaghabo awesyonyama, obundu,  bikusa, ebihindi byemibimba ya kalhanga, syonyinyi sambisi, ebituha, nimalhigho awasibwe okobana.
Afin de pouvoir bénéficier du service des soins infirmiers tel que prévu par l'assurance suivi des soins infirmiers, il faut que le caractère nécessaire de ces soins ait été reconnu (autorisation de recours à des soins infirmiers).	Omwi bana akabanya akeri kolhesya obulamia bwabathahwa ngoko  bisakire omokyobutheya bwa mabalhia awabathahwa ritholher'emibere  eyitholher'eya mabalhia  aya  iyaminywa. (ehamulhi eyeri kolhesia  amabalhia wabathawa).
La guerre froide est peut-être terminée, mais la peur de la guerre n'a pas encore disparu des esprits.	Amalw'awe kingunyengunye alhinga ahwere, alhiwe obuba obwamalwa  sibulhi bwahwa omo mithima.
"La magicienne Sarah. Apparemment, certains l'appellent ""La grande Mage"" ou quelque chose comme ça."	"Omuminyereri Sarah. Alhinga, abandi baka muhulamo ""Muminyereri mukulu"" ekindungekyo."
Cette offre est réservée aux clients qui reçoivent ce courriel : n'oubliez pas de vous identifier sur le site pour en bénéficier !	Akabang'ako kalhiko busana nabaghuli abaka kokaya ekilop'eki : sighubirirawe eriyiminyisya oko kibuth'emowasungakubio !
ll y a trop de gens dans cette pièce.	Omokisanda eki mulhibandu banzi.
Le vague souvenir d'un gars qui lui avait parlé la nuit d'avant refaisait surface du fin fond de son esprit.	Ekisunda ekyemibuko ekyo mulwana ekyabughanaye omokiro kyabia  ikine musubira omwisi omo mulhimu wiwe.
Eh ben voyons !	Thulhebaye !
En légalisant la Gestation Pour Autrui, on a inauguré la vente mondiale de bébés sur Internet. Aurez-vous les moyens d'avoir un bébé de riche ou bien vous contenterez-vous d'un bébé de pauvre ?	Erilhingirirania omulaso wa bene, mobakasendebelha obughulhia  omokihugh'obwabana  okokisengula. Unemwendi sunga omwana ogho mutheke kutse ukandiyitsingirako omwana ogho mwera?
Comment ça s'est passé dernièrement, Frank ?	Frank, mobyaghendire bithi ?
Désolé, il est plus de 16 heures, le département est fermé. Appelez encore demain matin !	Awa, nihakuhi masaha manzi oko masaha erikumi nendathu, ebisenge  ebyomuthahi binahindire. Erithasya birikira kandi omóngyakyâ !
Hé ! N'entrez pas dans le jardin s'il vous plait !	Hé ! Siwingire omo ririma kishi kishi !
La conscience de sa supériorité donnait à ses rapports avec les femmes une certaine nuance de dédain, qui avait le don d’éveiller en elles la curiosité, la crainte, l’amour même.	Obulhengekania obobukulu bwiwe uwabya bukaha eroporo nabakalhi  akalhinga kaghonero, akabia kawithe oluhabwa lweribukya omwiye  mobutsweka, obuba, olwanzo nibia.
J'irai partout où vous voulez que j'aille.	Ngandiyahosi ohowanzire inaya.
Condillac, avec le sensationnalisme, révolutionna le concept de l'esprit, faisant du langage et du geste les précurseurs des idées, faisant voler en éclats la conception de Locke du langage comme simple médium passif.	Condillac, haghuma nobuthulhi,  mwasumb'amalhengekania ekinywa  ekyo mulhimu, kyabya kikakokothia omubughe nebiminyikalo ebyo  mundu oyukandi lhetha obulhengekania, akaghulikira omwi thula  ebyerighenderako bya Locke ngomu̧laghú̧li molo.
L'énergie solaire semble pouvoir offrir plus d'espoir que les autres sources d'énergie, notamment parce que les régions consommatrices d'eau se trouvent assez proches de l'équateur et disposent d'une atmosphère relativement propre.	Omulhir'oweryub'akabia ngwakaha obuthoki obweribya na maha kulaba  ebindi bisalamulhiro, busana ebindi bithatha bikakolhesay'amaghethe bikabanik'ahakuhi nakathi komo kihugho, nakandi biwithe obuthuku obowene.
Je suis désolé d'avoir raté votre anniversaire.	Namasweka eribia mongathala okokisendebelhe kyaghu.
Quand j'ai demandé à Nico comment il fallait faire pour être « trusted user », il m'a répondu qu'il fallait coucher. Ah ! Bravo !	Omughulu nyirya bulaya Nico ngabangayirirebathi eribya « mupini oyukakolhesaya », mwakambwir'athi kumbe iwaghotsera. Ah ! Uthia !
La remarque que tu as faite à la fête à propos du poids de Lisa était totalement déplacée.	Ekyoghulhiakosolam'omo karamu okobilebiry'ebilobya Lisa kilwe isikiriho.
C’est une vérité universellement admise, qu’un célibataire en possession d’une fortune solide se doit de vouloir prendre femme.	Nikwenen'eyasibwe ahosi, ngok'omusimbi oyuwithe oko butheke  obusikire angayikandanga erihikya omukalhi.
Johnny a demandé Alice en mariage et elle a accepté.	Johnny mwakasaba Alice abye mukalhi ghuwe owendwa, nerio mwaka lhigha.
Théo se sent responsable pour ce qu'il s'est passé.	Théo mwakayiminya ngoyulialek'ebiria laba ibiabia.
IA signifie Intelligence Artificielle.	IA omo kifranza nibughambu obwenge obweriyikokotheria.
Tu te mets le doigt dans l'oeil !	Wamayitheka omunwe ghomo riso !
Sache être toi-même, et tu ne seras jamais un jouet du destin.	Uminy'erisighal'iwe, nasiwandisabya kithekerio kyamatsene.
S'il vous plaît, s'il vous plaît, continuez de chanter faux !	Kishi, kishi, ulolay'emulhir'ukimba kithyakithya !
Je suis bien content que « brol » soit enfin rentré dans le Robert : c'est un de mes mots belges préférés !	Nyitsemir'oko « brol » asubire omo Robert : nikighuma kyomo binywa byagh'ebyobubelhesi ebyonanzire !
Les soldats obéirent à leur commandant sans poser de questions.	Abalhasi mobasiky'omukulu wabo butsir'eribulhia.
La vieillesse nous attache plus de rides en l'esprit qu'au visage ; et ne se voit point d'âmes, ou fort rares, qui en vieillissant ne sentent l'aigre et le moisi.	Obusyakulu bukathu hambisaya emikwarari omokirimu kulhenga  omobusu; nasibulangira kirimu, kutse kulaba kutsibu, omughul'omundu  akalaba syalhiow'eriģhagiŗyâ kuts'ekihondo.
L'amour a ses propres règles et un rythme que la législation peut difficilement suivre.	Olwanzo lunawith'ebighendererwako ebyo emighambo iteghekanirwe siyanga tokerikwama.
J'ai dû payer une forte somme pour le récupérer.	Mongalhiha lusende lunzi erisya yendalo.
N'ayant pas reçu de réponse, il se mit à courir, faisant ainsi tomber de l'escalier le fantôme, si bien qu'il dégringola de dix marches et demeura immobile dans un coin.	Erithendi sunga erisubirio, mwayithek'okwithibitha, nerithogheri'oko  kisambiro ekirimu, nikithawa ikwalhenguk'athia ngendo ikumi neriyomeka omongonde.
Depuis quelques semaines, rien de spécial ne s'est passé.	Hamahwa mayenga ngawanaya, isihalhi ekihia ekirialaba.
Il paraît que tu as gagné la compétition; félicitations!	Alhinga moghukahek'olusalhi; washingya !
Qu'est-ce qu'un sot ? Peut-être ce n'est qu'un esprit peu exigeant qui se contente de peu. Un sot serait-il un sage.	Ekikiru nibugha mbuki ? Alhinga nibugha hathi ekirimu ekikasikiraya oko hike. Ekikiru kyangabere kyolo.
Aucun pécheur n'est jamais sauvé après les vingt premières minutes d'un sermon.	Sihalhi nomubalhiya  oyo wabiri sabulwa enyuma syamathondi makumi  abiri awamaungamo.
Parce que c'était un ingénieur aéronautique particulièrement brillant dans le Japon des années 1930, qui a réalisé le rêve de milliers de gamins : concevoir un avion exceptionnel.	Busan'abia mukengereghesania oyutsibuhire omo Japane oko kirimo ekye  kighonye kighuma moghana mwenda na makumi asathu, oyulhiaberereraya esyonzolhi syenzighenenzigh'eyabana : erikokothia  erikisakisa erithe riatha rangika.
Désolé, j’ai effacé par erreur le mail que tu venais de m’envoyer. Tu peux me le renvoyer ?	Nganyire, kwesi mungasakúla ekikanganio eky'ulhiandumira. Wanganasyandumirabyo ?
Ecoutez voir!	Hulhikirira lhebaya !
Si vous connaissez une personne faisant l'objet de maltraitance, cette brochure pourra lui être utile.	Wamabya ighunasi omund'oyu kaminyaminywa, ekithabu eki kikandibya  kyamuhung'okwiye.
Si tu veux épouser ma fille, tu seras obligé de respecter nos traditions familiales.	Wamabya iwanzire iwathahia omwalhi waghe, ukandibya iwanganasikia  ebye asilhi yethu.
L'esprit du sport de Pierre de Coubertin a été complètement abandonné aux marchands du temple.	Ekirim'ekyamakangiriria kya Pierre owe Coubertin mokia sihirwa abakatsurusi bomobuhima.
Je dispose de quelques informations internes à propos des projets de cotation en bourse de la société.	Nangwithe okongulu esilebir'emikolano yebihasa bye eyekithongole kino.
Je vais sortir chercher mon oncle, il a un peu bu, donc je vais prendre la voiture à sa place pour le ramener.	Ngayarondaya muyomba waghe, mwakananywa hake, ngandiyimya engurubani yiye inia endiayo.
Rien n'est moins que le moment présent, si vous entendez par là cette limite indivisible qui sépare le passé de l'avenir.	Sihalhi ekike ngendambieno, owamowathe angahabwa owakahaba  ebyakera nebyalhino.
Un jeune homme pauvre peut seul savoir ce qu'une passion coûte en voitures, en gants, en habits, linge, etc. Si l'amour reste un peu trop de temps platonique, il devient ruineux.	Omulhume munaku iyowenewene anganayira eby'olwanzo lwangayira  omo ngurubani, okonzimba, okomilondo, nebindi okwaho. Olwanzo lwamasighala lunzi ndambi, lukabia ilwamahera.
Le FBI le surveille depuis 1987.	E FBI  ikamusosothia erilw'okokighonye kighuma maghana mwenda makumi munani nebirinda.
Pierre ne passait plus ses nuits à s’amuser comme il aimait tant autrefois à le faire.	Petero abia isyalhisya lhisya labia ebirobiwe akatsanga ngoko abia  akatsanga kera.
Revenez la semaine prochaine et les vêtements seront prêts.	Usyasyasa okoyeng'eyikasya nesyonzimba sikasiabia isyabisyabiritheghekanibwa.
On se verra au nouvel an.	Thukandisyasa sungana okoghundi mwaka.
Pas moyen de me souvenir où j'ai planqué mon fric !	Sinangasy'ibuka aho nahirir'esyosende syaghe !
Je parie que Kylia a aimé son cadeau d'anniversaire.	Nyinassi nyithi Kylia mwakatsemer'ebihembo ebyo twamuha ekirokyeribukamabutyhwawiwe.
Vous auriez dû me prévenir que cela allait arriver.	Wangambwirire ngoko ekyo kyangahikire.
"L'occupation de la totalité de la ville de Jérusalem constituera une étape essentielle et le début d'une ""solution finale"" dans l'anéantissement du peuple palestinien autochtone."	"Omuyi wosi owe yerusalema kikanabia inikihindi ekyowene nenzuko eye ""risubiria eryendulhia"" omwinegheni'abahimbani abe Palestina  esyondulani."
Regardez ce qu'elle a apporté pour ma fête d'anniversaire !	Lhebay'ekyalhiandethera omokisiyisiyi kyaghe ekyamabutwa !
Dites ce que vous voulez, ça ne me dérange pas.	Bugha ebyowanzire, sikingenderaya.
La limite forestière, au-delà de laquelle aucun arbre ne pousse plus, se situe, dans les Alpes allemandes, à une altitude d'environ dix-huit-cents mètres.	Omukekethyo ghomushitu, endatha syagho sinalhi muthi owangalasa; alhi, omo kibungo ekyo kobitw'ebye Allemagne, okobikango ikumi nomunane erighana eriesio metere.
Ce que tu me demandes constitue un engagement important ; laisse-moi y réfléchir...	Ekyoghukambulaya kikabya  ikikayira  ndundi nene; lheka nyilhengekanaye...
Je suis désolée d'avoir raté ton anniversaire.	Namasweka eribia imongathalaya ekisendebelhe kyawe kyamabutwa.
Ton père aurait aimé te voir devenir un respectable officier de l'armée régulière, mais pas un voyou des forces spéciales.	Thatha wawe abianzire iniakulangira koghuli mukulu ogho bulhasi  oyushikibwe, butsira omuthwenge.
Un des meilleurs chanteurs de Heavy Metal vient de s'éteindre en la personne de Ronnie James Dio.	Mughuma oghoko bimbi abe Heavy metal amabilhim'akahulawamo Ronnie James Dio.
Avez-vous joué à The Legend of Zelda ?	Mwanasathire oko masatha owe The Legend of Zelda ?
Les premiers arrivés auront les meilleures places.	Abakandi hika embere bakandi sunga emyanya eyowene.
Je suis si fatigué de tes commentaires arrogants que, maintenant, je ne lis presque rien de ce que tu écris afin d'éviter de tomber sur l'une de tes conneries hautaines.	Nduhire kundu busana nebwebwebwe yaghu eyemiyiheko, lhino, sinindisoma kindu okobio ukasaka, ndiasyalholoko lwanana lwaghu.
Ok, je suis content que tu puisses venir.	Uthia, namatsema kusangwa ukandisubula.
Toute personne accusée d'un acte délictueux est présumée innocente jusqu'à ce que sa culpabilité ait été légalement établie au cours d'un procès public où toutes les garanties nécessaires à sa défense lui auront été assurées.	Obulhimundu ghosi oyuka handawa komunwe omo miatsi eyo butswatswa  nimuthikwathikwako  nakandi  oyusengerwe komusoma  athahire  omughulu  erihanulhirwariwe morikayalangirika  omughulu obusosi  mobukakanaya oko musango.
J'ai contemplé son déhanché tzigane et me suis demandé l'intérêt d'adorer la sainte vierge.	Mongasamalhira amanyongé wiwe, nero mongayibula busanaki ngaramaya koyo mubuyirire Maria.
Les parents voient la nouvelle génération comme une génération très éloignée de la réalité et occupée à poursuivre des rêves irréalisables.	Ababuthi bakalhebaya olubutho luhiaka lino neriyikolhesya erikwamirira  esyonzolhi esyathahwa.
Buvez tout de suite votre verre de jus de tomate!	Unywe lubaluba  ekiraghuli  kyaw'ekirimo eyisande eye thomathe !
A force de rouler sa bosse, on en voit du paysage !	Omwilebya elikuku riwe, thukasungam'ehirima !
Quoi ? Alex, c'était une fille ? J'ai toujours cru que c'était un garçon.	Eki ? Alex, abia mukali ? Ngabia ngalhengekanaya nganimulwana.
D'ailleurs un procès, mais c'est très amusant.	Nibya han'emithondere, alhiwe hathya nikyemusekya.
Nous devrions consacrer notre temps à créer du contenu pour notre site web plutôt que de gâcher du temps à nous préoccuper de détails esthétiques mineurs.	Twangayithekir'eribumb'ebyerikola ebyothwangahira omo kighona kye web kyethu butsira endambi nene omomwanyenda weribia  thukasulubirira abana bethu.
Le président Ho Chi Minh a bourlingué durant trente années à travers le monde pour chercher la voie au salut national.	Omusondolhi Ho Chi Minh owe Bourling  omomikera makumi asathu omo kihugho kyosi erisondekany'enzira eyobusabuke obwabandu.
Danny n'a pas le sens du beau.	Danny syawithe obulhengekania  obwe byowene.
On a cru que le choléra a définitivement disparu, mis il revient de plus belle.	Mothukalhengekanaya yoko bukoni obwekolera ngabyahwere, haliwe bukine mwasa kanzi kanzi.
Tout ce que tu as à faire c'est t'asseoir là et répondre aux questions du médecin.	Ebiosi ebyo wangakola nikal'aho nerisubira oko mabulhio  gho munganga.
Durant le sommeil, le cerveau traite préalablement les informations acquises et les transforme en mémoire de longue durée. Un temps de sommeil court peut déjà contribuer à l'amélioration d'une capacité nouvellement apprise.	Omondambi syehighotseri, obulhengekania buka tsopolaya esyongulu eyo bulhyasunga nerio ibwayirabo no mulhenge kania mulhi. Endambi nguhi eyehighotseri yangana wathikya erikokothya ebyo ebihiabihya ebiringira.
Jason, qui était en charge du projet, a été renvoyé pour cause de corruption.	Jason, oyulwe mukulu ogho mubiri, mubakamuthibithako busana  nekithuliro.
Elles disent toutes qu'elles ne veulent pas qu'on ne s'intéresse à elles que pour leur physique, mais passent toutes les trois-quarts de leur temps à s'en occuper.	Abosi bakabugha bathi sibanzir'eritsomanabo busana neribiaho riabo, alhiwe baka bugha nitswe bini oko bisathu baka sulubirirabo.
Le chat est enfermé dans le placard. Peux-tu le laisser sortir ?	Ekibundu kinakingire omobuhia. Wanganalheka ikyahuluka ?
J'ai remarqué que j'avais grandi lorsque j'ai commencé à suivre les conseils de mes parents.	Mungaya langira ko munakula omughula nahulhikirira amahano wababuthi baghe.
Bref, vous auriez dû accepter cette responsabilité.	Omokikuhi, biangalhighir'endeko eyi.
Marie a disparu sans laisser de traces. Peut-être a-t-elle été enlevée.	Maria mwakabulhirana butsir'erisigha ebiminyikalo. Alhinga ahindene nabandi babiri mwiba.
Sur une fiche de paie est indiqué : Le salaire brut et le salaire net.	Okokibab'ekyerilihirakobandu kusakire : omúghosólo ahwerere  noy'abulhireko.
Hé ! Je ne m'attendais pas à te rencontrer ici ! Le monde est petit, n'est-ce pas ?	Hé ! Sinyilwenyitsulhirie konanga kusangana hano !  Ekihugho nikike, kobithe bithya ?
Attendez à la gare, je viendrai vous chercher.	Ulhinde oko buthala obwe ngurubani, ngandisya kurondia.
J'espère qu'il ne nous arrivera rien de grave.	Ngalhengekanaya sihandibya kindu eki kathuhikira.
Quand le sage montre la lune, l'imbécile regarde le doigt.	Omughulu owamenge akakanganaya omughenda, omukiru akalhebaya  omunwe.
Ouais, j'ai un nouveau boulot mais il n'a rien d'extraordinaire.	Inga, nabiri yira omubiri  mahiaka iririo  simulhi ebyeribindula.
Quand vous vous tenez si proche de la mort, sachant qu'elle ne vous touchera pas, vous sentez quelque chose de spécial !	Omughulu ukabia hakuhi noluholo, ighunasi ngoko silwendikuthulako, ukow'ekindu ekyeribindula!
Jamais je ne pourrai oublier cet horrible épisode de mon enfance.	Sinendishibirirwa nahake omughulu oyo oghobwana bwaghe.
Jim regarda à droite et à gauche avant de traverser la rue.	Jim mwalhebya okulhi nokulhembe embere akiruke enzira.
Nous parlons trop vite pour les étrangers qui viennent en France.	Thukabugha lubaluba oko basa abakalwa obu franza.
Eh ! Tu as oublié ton baiser. Désolé, tes clés !	Eh ! Wabiri birirwa erinyi nyunguthira. Nganyire, amafungulo waghu !
J'ai un but, une tâche, disons le mot, une passion. Le métier d'écrire en est une violente et presque indestructible.	Ngwit'endundi, omubiri, tubugh'ekinywa, olwanzo. Omubiri owerisak'akalhire nakandi owathe angatsanda.
Il ne faut pas se fier aux choses qui ne peuvent pas arriver, car c'est justement celles-là qui arrivent.	Isiwaghemerera ebindu ebithe biangahika, kundi ebyo bie bikahika.
Stop, attendez !	Lheka, Lhinda!
Le professeur a commandé quelques nouveaux livres de New York.	Omukangirirya mwakalayira oko bithabu bihiaka kwe NiwiYorko.
L'occasion de sauver des vies sera bientôt perdue.	Akabang'akerisabulamo eribiaho kakandihera lhinolhino.
Elle était assise au bar, descendant les verres de whisky les uns à la suite des autres.	Abia inianiker'omokirabo, amakimya ekiraghuli ekye whisky oghundi okoghundi.
Je sais que tu penses avoir compris ce que tu pensais que j'avais dit, mais je ne suis pas sûr que tu as réalisé que ce que tu as entendu n'est pas ce que je voulais dire.	Nyinaasi ngokukalhengekanaya ngawabiriowa ebio ulwe ukalhengekanaya  uthi mongabugha, alhiwe sinyilhengekenie ngamuka sunga ngoko ebyo ulhiowa sibiebionyitalya sonderibugha.
""" D'abord ce Latium, cette terre fatale, / tu les crois séparés par un court intervalle ; / mais la mer, devant toi s'agrandissant toujours, / de ta longue carrière allongera le cours. """	"""Kwanza eki Latini, ekithaka ekikasyahwaho,/ thwalhengekanaya  eribighania omo kanya kake ;/ alhiwe olusi,  embere syaghu lwabia ilune mukula,/ omobulhi  obomubiri waghu amakangiriri'akandisya yikakya. """
En continuant à massacrer des populations civiles malgré une dénonciation internationale généralisée, cet État raciste et colonialiste voudrait banaliser le fait de tuer des populations civiles en grand nombre.	Erilolya emulhiro erith'abahimbani mwalhi hane eritsonger'ahosi kandi, obuthabalhi obwakasolololo nakapundio bwanzire ibwalhenzia lhenzia  erith'abakalani oko bunzi.
D’aucun dira que le numéro treize porte malchance.	Abanzi bakalhengekanaya ngoko erighanza eryerikumi nebisathu rikalther'obuligho.
Le moindre mot de critique la rend nerveuse.	Rieneribiowa oluthongo luke, nerio Inyahithana.
J'avais senti une pression sur mon épaule et je m'étais retourné.	Munow'ekisumuruzio kyoko kithegho kyaghe, nerio munayisubulhira.
Brian a acheté du rouge à lèvres pour Kate.	Brian mwakaghulira kate eranzi eyo kominywa.
L'ail dégage une odeur forte.	Ehayi yikalusaya ekikumbo kinzi.
Il nous a fallu adapter nos vies aux nouvelles circonstances.	Kumbe ithwa hir'amalhengekania wethu oko bikango bihiaka.
Si on remonte la poupée avec la clé sur le côté de son torse, elle fera des cercles avec ses bras et avancera en faisant des culbutes.	Wamabisyerukya ekisasamir'omo makingulhi oko luhand'olwe kikubakiwe iniakandi kola ekibiring'omo bialabiwe  nerio  akandi lolhi'embere akatwa esyorolhi.
Je serais ravie si vous pouviez vous joindre à nous pour déjeuner.	Nangatsemire wangasir'erisyalhia nethu.
Si vous trouvez une erreur, merci de laisser un commentaire.	Wamasunga amalolo, wasingya erisihah'omalhengekania waghu.
Que des idées stupides ne te viennent pas à l'esprit !	Amalhengekanaya werishire sibyathasa omomuthwe wawe !
Le nouvel album de « Take That », c'est de la balle !	Akalhikilhiki  ake « imaya eki », nikaghulughulu !
Le passé est un œuf cassé, l’avenir est un œuf couvé.	Ebyalaba niriyaya erithulikire, ebikasa, niriyaya erithathulhikire.
Je me rends compte que je ne suis peut-être pas l'homme le plus séduisant du monde mais j'espère quand même que tu envisageras de sortir avec moi.	Namabya ngasindi mundu oyuwasibwe omwitheberereria omokihugho  alhi wengalhengekanaya nga thukandi lhendera naghu.
Les téléspectateurs ne voient que ce que la caméra montre.	Abalangiri bakabera erisamalhira ebyo akamera kangaya.
Je refuse de répondre à une question aussi stupide.	Ngaghana erisubiriria oko ribulhio erithawithe kimaniro.
Il faisait sombre, la Lune brillait d'une lumière claire, la neige reposait sur la campagne verte, tandis qu'une voiture, lente comme la vitesse de l'éclair avançait autour du coin circulaire.	Bwabiabwirire, omughenda abiainangurire, amatwe inyaswikir'ekitwa, omughulu engurubani, bolobolo ngekyakakala ekikalolaya embere  endambi ndambi esye ngonde.
Kylia a refusé que j'appelle une ambulance alors je l'ai amené à l'hôpital par moi-même.	Kilya mwakaghan'athi sinabirikira engurubani nerio munga muthwal'oko lupithal'inzowenewene.
Quand je suis rentré à la maison, j'ai trouvé bizarre que la porte fût ouverte.	Omughulu nyiria sub'eka, mungaswek'erigheya oluy'ilunarangire.
Si l'on devait nommer les pays d'après les mots qu'on y entend d'abord, l'Angleterre s'appellerait “damn it”.	"Bangaher'ebihugho byamena erikwamana nebinywa ebiobikeghayiwayo, nge Angleterre yangahulhirwamo ""damn it""."
Tommy ne savait pas répondre à la dernière question.	Tommy syaluinaasi erisubyo oko ribulyo.
Ils sont partis pour New York.	Bayire e NiwiYorko.
Il n'y a aucun moyen de le convaincre. Il insiste absolument que le seul moyen de résoudre le problème est le sien.	Sihalhi nzira syerilhighisiamo. Amaghomereria ngoko enzira nguma eyeri londa oko musango oyo nyiye.
Il n'arrive rien de neuf. Ce sont toujours les mêmes vieilles histoires qui arrivent à de nouvelles gens.	Sihatya hika bihia bihia. Yenemiatsi yakera eyikahikira oko bandu bahiaka.
«Es-tu sûre de vouloir que je te le dise ?» «Je suis toute ouïe !»	« Unayisunzir'inakubwira ? » « Nyine kutheghire ! »
Nous avons passé des heures à chercher comment régler ceci.	Mothuka bugha ndambi thukarondakania erilonda eki.
Elle est tellement têtue. Je parie que si elle est jamais réincarnée, elle sera une bactérie capable de survivre dans le vide sidéral.	Awith'erighundu. Ngakubabo ngoko athitha yusubiriamo, akandibia bulhigho neribia  inianganabia omo kyanya.
Et ainsi, dans cet esprit, laissez-moi vous parler, aussi clairement et ouvertement que je le peux, de certains problèmes spécifiques que je crois que nous devons, en définitive, affronter ensemble.	Nokweki, omo kindu ekyo, mulheke nyibabwire, ngoko nangana thoka, awanzi wesyombanza syenu ngalhengekanya nyithi ngambe, itwalwa nasyo kughuma.
L'une des meilleures applications de l'internet est d'apprendre l'espéranto et de prendre contact avec des membres d'autres peuples.	Ebighuma biebiminyikalo bye intaneti yeneri igha eki esperanto neritsuk'eri kania nabikalani babindi bighugho.
Si ton frère te dit : « Je suis seul, faible et las » , / Ton devoir est d'offrir le secours de ton bras / À ton frère.	Mughala wenyu amakwibwira athi : « indi inyo wenye, molo, na mondola », / Ekisabya kyaghu ryeri muwathikya omokuboko kwaghu / Okomughala waghu.
Quand Jésus commençait sa longue passion, Le crachat qu'un bourreau lança sur son front blême Fit au ciel à l'instant même Une constellation!	Omughulu Yesu atsuk'erisikariwe, omughola byathwibawa nogho  muthima mubi oko mbumo yiwe ahonaho muhiaba ekikuthi esyongununu omolubul'ahonaho !
Salut, je suis Ryan.	Kuthi, inje Ryan.
Les fleurs que j'ai cueillies, comme le complément d'objet direct est placé avant le verbe il y a accord , soit ies pour cueillies.	Amaw'aghonyirathwa, ngekibughiriro ekyahonaho kiri embere sye  rithegheko, alhi obwamathani kutse omwikuthula.
Wow, c'est joli. La mer brille.	Ughesa, kyowene. Olusi lukangabasenie.
J'en ai assez de mes problèmes pour m'inquiéter des vôtres.	 Nabere ne misango minzi eyindebiri'ekyamalheka inakwamirira eyaghu.
Le procureur a requis quinze ans de prison ferme.	Omusosi mwakamuh'emiaka erikumi neyithanu eyomulhiki.
La civilisation, au sens réel du terme, ne consiste pas à multiplier les besoins, mais à les réduire délibérément, volontairement. Cela seul amène le vrai bonheur, le véritable contentement.	Erilolhi'emulhiro, omokathi akendulhi,  siryeri  kanya ebithawa, alhiwe  erikehiabio bolobolo. Ekyokisa kyokikalhethera obutseme, obutheghereria ryekwenene.
J'ai laissé par inattention à la maison les documents importants que je voulais emmener à la boîte. Serais-tu assez gentille de me les apporter maintenant ?	Mongasigh'eka ebipapura ebio indiasonda erithek'omo bisanduku. Unemwendibya  mwenge erithendirabio lhino ?
Je ressens une impression de vide.	Namowa obulhinga obusa.
Daniel a un bon boulot.	Daniel mwakolir'omubiri oghuwene.
« Je voudrais un costume, s'il vous plaît. » « Puis-je vous demander pour quelle occasion ? »	« Nyanzire erikothi, kishi. » « Nangakubulhia oko kabangakahi ? »
La ministre des finances française Christine Lagarde a pris la direction du Brésil, dans le cadre d'une tournée, destinée à réunir des soutiens en faveur de sa candidature.	Omulhembia oyukalhebaya olumbuka ewebufranza Christine Lagarde  mwakaghendera e Bresil, omomuthimbothimbo owe rikumakuma  emisisika busana newanzirendi.
C'est mon pote. Vous le connaissez, les mecs ?	Nimuwani waghe. Munamwasi, balume ?
S'il a encore l'audace de se pointer ici, tu m'appelles tout de suite.	Amabia iniakinawithe amah'awerisuba hano, umbirikire luba.
Mark drague tout ce qui bouge.	MarkIiko akatambaraya ekikaseghanaya.
Hugo a posé plusieurs questions à Marie, mais elle a refusé d'y répondre.	Hugo mwakabulay'amabulhio manzi  gho Maria, alhiwe mwakaghana  erisubiriria.
Un facile succès couronne son message : / il parle, il adoucit la superbe Carthage, / de sua puissante reine apprivoise l'orgueil, / et les Troyens déjà sont sûrs d'un doux accueil.	Erithoka rikathimba oko mulaghe wiwe : / akabugha, akolobaya omukalhi / we sua bukulu  omwami akabika eritsuro,/ naba Troyens  banayitheghekenie okwangirira kabiri.
A vos marques, prêts... partez !	Oko mihanda yenyu, unetayari… mughende !
La star était assise à l'arrière de la limousine noire.	Omustare abiaiker'enyuma  syengurubani eyo mwirima.
La valeur d'une œuvre d'art peut changer grandement selon l'identité supposée de l'artiste, même si l'œuvre elle-même ne change pas.	Endundi eyekindu yikabya omughulu hakaby'amabindulhikania  erikwamana nebighanza ebyo mukengereghesania, mwalhi  ekindu  sikyebinduka.
Angela doit aller chercher le fric.	Angela angaya rondia esyosende.
Comment Sa Majesté pourrait-elle se tromper..?	Bianga biabithi omukam'angayitheba ...?
La conformité de la signature au verso avec l'original est, par la présente, officiellement certifiée.	Erisosekania eryeyisemb'okobuthulhi haguma, nekye rimbere, omokiri lhino kilhetha lhetha.
Si j'avais su votre numéro de téléphone, je vous aurai appelé.	Nangaminyir'enambari yaghu eyesimu, nangakubirikire.
Il y a eu une explosion dans le labo.	Mohakabya omuhut'omokiseng'ekirimo ebyerilheberiamo.
J'ai lu, compris et accepté la déclaration de confidentialité.	Mongasoma, eriowa nerilhigha omwatsi owe bisakiria.
Les preneurs d'otages s'échappèrent avec un policier, malgré un court échange de tirs.	Abasinza mobabulhirana aghuma nomupolishi, mwalhi mwalabirye  nakandi sithakulangira.
Deux semaines ont passé et je ne vous ai pas vus.	Amayengawabiri alaba, sinyitakulolako.
Vous devez vous asseoir et vous reposer.	Wangikala nerio iwaluhuka.
Si vous aviez lu l'horaire avec plus de soin, vous ne vous seriez pas trompé de train !	Wamabya imoghukana soma ekisayi ekya mabalhia, siwanaga yithebirye !
Ne bougez pas, je reviens.	Isiwatsinga, ngasa.
Aujourd'hui, on fera prêter serment aux nouveaux avocats.	Munabwire, twangasingirye abafoka.
J'aurais aimé que tu ne m'aies pas trouvée.	Monganzire ngouthalhia nzunga.
J'attrape des petits boutons sur le visage. Je me demande si je dors suffisamment ces temps-ci.	Ngahamba ebisusu byoko busu. Ngayibulaya ngo nganayatho kindu oko ndambi hino.
Tu auras plein d'occasions de rencontrer des filles lorsque tu iras à la fac.	Ukandibya nehibanga hihene hyerisangana nabumbesa banzi omughulu  ukandiya oko kalasi.
À Washington, personne ne savait à quoi s'attendre.	E Washington, bulhimundu  abia kabula  ekyangayi  lindirako.
Je regardais les infos.	Nyilwe ngalhebya  esyongulu.
Vous ne devez pas renoncer simplement parce que vous n'avez aucun talent.	Siwanga ukaghana kusangwa sighuwithe oluhabwa.
Les mystères seront résolus lorsque le coffre sera enfin ouvert.	Ebithikothiko  bikandi londwa  omughulu ekiheka kikandi kingulwa.
L'ammoniaque est un gaz liquide incolore à odeur forte.	E ammoniaque nihihuka hikakumba kutsibutsibu.
Le comptable de la société a été envoyé en prison pour avoir tripatouillé les comptes.	Omughanzi owabandu mwakathumawa omo mulhiki busana nobupalhia palhia obwe bighona byabene.
Il est vraiment chiant à nous sortir ses blagues vaseuses à tout bout de champ.	Nikisoni erithulusiria olutseghetseghe olu oko nduli eye ririma.
Tu es supposé aider tes amies lorsqu'elles ont des ennuis.	Ukalhengekanibawa nga wanga wathikya abira baghui, omughulu balhi  omo malhigho.
""" Le doux aspect du Xanthe adoucit vos destins ; / notre Ilion revit relevé par vos mains. / Puisse un destin plus doux respecter votre ouvrage ! / Que la Grèce de Troie épargne au moins l'image ! """	"""Ebisire bye Xanthe moyasihirie ebikandiasya ;/ e Ilion yetu moyasumbwire omo byala byethu. /Ngambe ebieriassa embere ibwikiriria ekashi eyi. /Kumbe abagriki  abe Troie  bakaghanyira  ekisasamira ! """
Fata a sarit in sus şansa şansa plecării New York.	Fata a sarit in sus şansa şansa plecării New York.
Tu ne regardes la télé que le vendredi.	Ukalebay'ebisesani ryomo kiro kye Byáléngekánıá̧ kisa.
Je suis le meilleur ami, le meilleur soutien, le meilleur partenaire que tu auras jamais.	Nyindi mwira waghu oyo asikire, oyo wanga hambiriryako, kundu kundu, siwendisya sungaomwira nganje.
Le conducteur s’en est à peu près sorti, mais le type à l’arrière n’avait pas mis sa ceinture et il est mort sur le coup.	Omú̧sóndolya wengurubani mwalwamo ko hangenya, aliwe, omulwana oyuby'iker'enyuma mwatetha mbal'omukábhâ mwalwirye inahola ahonaho.
Bonne nuit ! J'espère que tu seras prête demain.	Ughotsere ndeke ! Ngalengekania ngok'ukendi bya tayari omóngyakyâ.
Mais pour son fils absent tendrement agité, / le héros veut le voir ; il veut qu'en diligence / Achate, secondant sa tendre impatience, / coure chercher Ascagne, et ramène à ses yeux / de l'espoir des Troyens ce gage précieux.	Haliwe, omughala wiwé alwakakenderya, / Engabo yanzir'yamusunga ; luba /Achate, amaluh'erilinda, / tibita, enda uyamurondaye, unyi retelere Ascagne, umu rethe omo meso wiwe /amaha wa Troyens oko kindu kino kuwene nga.
Quand iras-tu à Caen ? demanda Myriam à Eddie.	Ukandi enda sayahi e Caen kwe? Mwabulyathia Myriam oko Eddie.
Ses yeux ont observé mon expression faciale pour savoir si je lui parlais franchement.	Ameso wiwe mwaka ni samalira, ako sondya nga ninamubwir'ekwenene.
Franchement, Hugo est un fan de Star Trek.	Bathaiee, yo Hugo anzire yo Trek.
Retourne dans le van.	Subomolhúngo.
Quand on fait circuler des camions militaires sans plaque d'immatriculation, transportant des troupes sans marques d'appartenance nationale, chez ses voisins, c'est que non seulement on les envahit mais qu'en plus, on en a honte.	Omughulu muka lek'esyo ngurubani syabalhasi omo syonziramo bweghu bweghu, butsira ebiminyikalo, ibihekire abalasi abatashibwe, ewabajirani, nibwambu tukimayabo, nitwakw'esisoni.
""" O catastrophe horrible ! ô souvenir affreux ! / Hélas ! en écoutant ces récits douloureux, / d'Ulysse, de Pyrrhus, auteurs de nos alarmes, / quel barbare soldat ne répandrait des larmes ? """	""" O ni hatari nyingi ! ô omwíbukire akalire ! / Héla ! Ngabya ngowa esyondekeranomunye syobulighe, / sya Ulysse, Pyrrhus, abahandiki besyo kengele syetu, / omutsweka wahi womo balassi oyute wanga lira kwe? """
Envoie les gosses au lit !	Uya ghotserye abana !
Grace à son conseil, nous avons pu terminer plus tôt que prévu.	Erihano riwe morika leka itwabugha luba.
Il est beaucoup plus facile pour un philosophe d'expliquer un nouveau concept à un autre philosophe qu'à un enfant. Pourquoi ? Parce que l'enfant pose les vraies questions.	Ni kyolo okomu filosofe eri kanirya oghundi mu filosofe, kuleng'erikanirya omwana. Busanáki ? Kundi omwana aka bulaya amabulyo awe kwenene.
Je suis presque sûre que Mathis habite à Park Street.	Nyinasi ngoko yo Matayo ikere Park street.
Un soir, cependant, lorsque Miss Baker revint au collège quelques minutes avant l'heure où tous les étudiants devaient être rentrés, elle trouva une voiture sur sa place de parking.	Omwiholo rye kirokighuma, omughulu mumbesa Baker abyakalwa oko kalasi, mwehay'engurubani yomo myanya  wiwe oweryomeka  mwengurubani.
Certains rapports disent que l'explosion a eu lieu dans une boîte en métal noire, d'autres dans une poubelle.	Amaraporo maghuma maghum'akathulagho ngok'omuhuto aliabia omo  kisanduku ekyekyuma kyo mulhima noghundi omokyutho.
Le bébé saura marcher dans quelques jours.	Omwan'akandi basul'omobiro binyothonyotho.
Bobby Womack était une légende de la soul américaine.	Bobby Womack abia kihaniriro ekye buamerika.
Quand elle s'est présentée au guichet, elle n'a plus retrouvé son billet d'entrée dans son sac à main.	Omughulu alhiahik'ahalhi erisanduku, mwathitha syasung'ekihasa kiwe omwisagho yiwe.
Tu n'es pas tombée amoureuse j'espère ! Je ne supporterais pas ! Que cet homme puisse devenir mon beau-frère ; je ne pourrais absolument pas supporter ça !	Siuliwamwanza ikwa ! Sinyendi tokakyo ! Ngomulum'oyu inyabya bhóndê bwaye, ekyo iheye, sinaga ligha kyo!
Vous devez vous en aller… poursuivit Anna Sergeevna en chuchotant. Vous m’entendez, Dmitri Dmitrich ?	Mwangana enda....mwabughire yo Anna Sergeevna aka mu nyungutira. Ukangenderaya, Dmitri Dmitrich ?
Va falloir mettre un sacré coup de collier si tu veux arriver à avoir la moyenne en maths cette année.	Ngambiwambal'éngwángi mwa ukenditokamatematiki ekalasi oko mwak'ono.
Vis dans le présent, et ne réveille pas sans cesse un passé auquel tu ne peux rien changer.	Ubyeho, isiwabuky'ebiakera ebio bithe bianga bindulwa.
Les forces d'occupation viennent de lancer une opération de grande envergure visant à arrêter ou à tuer le plus grand nombre de résistants.	Abalasi bamabi tsuk'akabembere katsibu akakendiita abalele banene.
Il y a des choses que l'intelligence seule est capable de chercher, mais que par elle-même elle ne trouvera jamais. Ces choses, l'instinct seul les trouverait, mais il ne les cherchera jamais.	Hanyebindu eby'obulhengekania ibubwenebwene bwangarondia, alhiwe  isibyendisyayisunga ibibyenebyene. Ebindu ebio, byangayisungire bweghu bweghu, alhiwe syendisya bironda.
Je continue de dire que je suis innocent, mais personne ne m'écoute.	Ngalolay'emulhiro ngabugha ngoko singwithe lubanza, alhiwe sihalhi  omundu oyukanyowa.
Tony a enlevé sa chemise et a nettoyé le piano avec.	Tony mwakalusay'ekisomeko kiwe nerisangulamo kyumakye syonyimbo.
En général, on ne peut pas tellement se fier au fait qu’une tournure semble naturelle ou non. Par exemple, il arrive fréquemment que quelque chose sonne faux, mais que ce soit simplement dû à un manque d’expérience.	Omobyosi, sitwangasyaby'enyuma syomush'owangabia nganindulani  kutse iyehe. Nge, akahika kanzikanzi kindu kighuma kika bugha muhanda, alhiwe bikabya inibulhirwa amahezi.
Larry Ewing est marié et père de deux enfants.	Larry Ewingi alungire ana wite noko bana ba biri.
Père s'est soudainement senti malade et nous avons appelé un docteur.	Thaka mwakalu inyayowa muhanda, motwalu twabirikir'omutahwa.
Je te promets de te rendre cette cassette vidéo dans une semaine.	Ngaku lagha ngoko ngendi kusubiry'akasete ke bisesani kaghu habihwa yenga nguma.
Le décret sert au gouvernement pour obtenir plus d’argent, car il lui permet de recevoir les biens des communautés religieuses, de s’emparer de leurs bénéfices et de réduire les revenus de leurs membres.	Ekirango kikawathikay'obuthabalhi eribya nolumbuka lunzi, busana lukalheka ibwawath'oko bindu ebyabahimbani bekisomo, neriyikumirako  esyondundi syabo nerikehia omuyisa no werisunga riabakolhi babo.
Le Téléthon est une émission TV française organisée tous les ans pour récolter des fonds afin de financer la recherche médicale.	E Telethon nikihindi kyebisasamire bye kifranza ekikatheghekanibawa obulhi mwaka omwisolom'olumbuka omwilhengerera ryeri hirikirira  omusondekania ryabathahwa.
La marine américaine s'est excusée après que des pilotes aient dessiné un pénis géant dans le ciel.	Abalasi bomomaghetse abe buamerika mobakasaba obughanyiri enyuma syaba pilotes eri dess'esoulou nene nyomo bithu.
Théo était évidemment inquiet de ce qui pourrait arriver.	Théo alwe inyabiri hangyahangya oko kyangabere.
Maxime était un chauffeur de camion avant de devenir un pilote de voiture de course.	Maxime abia mufuhi owengurubani embere abye mufuhi owe ngurubani eyikahek'abandu.
On n'a jamais employé tant d'esprit à vouloir nous rendre bêtes ; il prend envie de vouloir marcher à quatre pattes quand on lit votre ouvrage.	Sibalhi batha kolhesy'abalhimu bangaho erisonda erithuyiramo nyama ; akimaya omuhwa owerisonda erighenda omo maghulu awani omughulu  basom'ekithabu kyaghu.
Une nouvelle ligne directrice de l'UE a été rapportée. En conséquence, à l'avenir seules les bananes courbées vers la droite seront autorisées.	Omulondo muhiaka owerikwama oghobughuma bwebihugho ebye  bulaya mwakasubibawa enyuma. Okobiro ebikasa, ebisaghu bisa ebikondomer'eyiri omulond'oyo byobiwith'ehamulhi.
J'espère que vous pourrez résoudre rapidement la situation.	Ngalhengekanaya ngawanga sungire lubaluba omulondo.
« Gabriel a offert à Marie une boite de pralines et une rose à longue tige pour son anniversaire. » « C'est vraiment mignon. »	« Gabriel mwakaha Maria ekisanduku ekyolumand'ekyo buthi bulhi  busana nomwebuky'oweri buthwariwe. » « Kighambire nga. »
Le gagnant n'est pas celui qui a tiré le premier, mais celui qui a atteint sa cible en premier.	Oyukasingawa siyoyulhia kura owerimbere, alhiwe oyulhiahika  ohalaghanirwa ryerimbere.
Toutes choses égales par ailleurs, le résultat est meilleur que je ne l'espérais.	Ebindu byosi  biringirirene okolundi luhande, ebighuma nibya muhungo  ngoko nyithalwe nyiyitsulhirie.
Il y a peut-être un moyen de faire fuir la bête.	Han'enzira eyerithibith'oko nyama.
Vous ne m'aviez pas dit que vous étiez docteur.	Moghuthithambwira ngoko wabia muthawa.
Vous voulez bien quitter la pièce pendant quelques minutes afin que je puisse poser quelques questions à votre fils ?	Ukasond'erilwa omobisanda omo mathondi manyotho nyotho imo  nabulhi'amabulhio maghuma maghuma omughala waghu ?
Eric est dans notre équipe de football.	Eric alhi omokipia kyethu ekyomupira.
Au début, il dessinait des caricatures et nombre de ses ouvrages et de ses lettres - même des dossiers juridiques - contiennent des illustrations de sa main.	Okonzuko, alwe akasak'ebirikithyakithya ne mighanzo eye bithabu biwe  nesyonzakano siwe; nibya nebidoshio byo busosi -binemo  ebiminyikalo  byebyala biwe.
Vous savez à quoi l'enfer ressemble.	Unasi ngokomuliro owekulimu asosire.
Vous devez essayer Chicago pizza à croûte profonde.	Wangana lhenga eChicago Pizza eye ngobi nyiri.
Andy a suspendu sa chemise dans le placard.	Andy mwaka hanika ekisomeko kiwe oko kimalumalu.
Le flingue de Gabriel a disparu.	Embundu ya Gabriel moyika bulhirana.
J'ai vérifié partout.	Monga lhebay'ehosi.
N’hésitez pas à demander des conseils à votre pharmacien au sujet de médicaments en vente libre.	Isiwaghelheng' eribulhia  esyombitha  syomuthahwa waghu oko bilhebirye  emibatsi eyikaghulhibawa bweghubweghu.
Tu auras beau amener le cheval à la rivière, mais tu ne le feras pas boire pour autant.	Wangalhethir'epunda yokolusi, alhiwe siwanga nywisiryeyo losi.
Le prince Basile faisait assurément tout ce qu’il fallait pour arriver, à marier sa fille avec Pierre, mais il le faisait nonchalamment et sans s’en douter, avec l’assurance évidente que sa conduite était toute simple.	Mughala ghomwami Basile mwakola  ngoko  angathoka  erihika,  erilungisya omwalhi wiwe haghuma na Petro, alhiwe abi'akakolabyo  akalhether'amalhengekania butsira nerithikathika, inyana yilhighire ngoko  ayithondekenie.
Pour faire court, elle est sur la No Fly List et nous pourrions avoir été suivis jusqu’ici par un drone.	Eri bughamo kikuhi, ane oko kipapura ekya bakeghend'omo rissu,  thwangakwamirw'erihika han'omo risu erithemo nomufuhi.
Compte tenu des problèmes énergétiques globaux, nous ne pouvons pas nous permettre de négliger l'énergie des masses qui ont un ennemi déclaré commun.	Erikwamana nesyombanza esyamasenyerezi, sithwendiyitswa erilhenzya lhenzy'akaghala kobunzi obuwith'enzighu nguma.
Certains croient dur comme fer qu'un ange gardien les protège.	Abaghuma  baghuma  bakalhengekanaya kutsibu ngekyuma kulhenga  omulayika mutheya aka theghayabo.
Il m'appelle Pete.	Akambirikira mo Pete.
Est-ce que tu ne te rappelles pas de ce qui s'est passé hier ?	Siwathebuk'ebiryalaba mulhigholo?
Je ne ferai pas semblant d'être désolé.	Sinendibya nganyiswekire.
J'ai consacré deux heures hier à essayer de réparer cette radio en panne.	Mungayitheka omo masah'awabiri omwilhenga erikanisa ekinimba eki ekikwire.
Vous ne savez donc pas, Sarah, combien vaut cette coupe ?	Nibwambu siwashi, Sarah, ekikombe kino nisingahi ?
Après ma mort, j'espère que les gens diront de moi : « Ce type me devait certainement un bon paquet d'argent. »	Nabihola, abandu bakandisha bugha bati : « Omulum'oghu alw'awite esyo sende nene. »
Je ne laisserai rien de mal vous arriver.	Sinyendi leka uteseke.
« Luca, quelle fille tu trouves la plus belle de la classe ? » « Hmm, peut-être Marie… » « Hein, Marie ? Elle est pas si belle que ça, si ? »	« Luca, omokalasi kenu koosi, nimumbesa ndi yonamubuya nogko uka langira ? » « Hmm, halinga Maria… » « Hein, Maria ? Syaghambire kundu naghu, uthia? »
Marie a sorti son pistolet et a tiré.	Yo maria mwaka huluky'ebundu, ama hutangiayo.
Heu...	Heu...
Rien qu'une seconde ! Cet appel pourrait être important.	Kana kathambi kake ! Eribirikira rino niriandundi.
À l'hôpital, l'infirmière lui a lu la majorité des lettres de sa femme.	Okolupitali, omutwaniri mwamusomera esyo nzakano si nene sya mukali wiwe.
Je suis désolé que tu n'aies pas bien dormi.	Namasweka ngoko siutita ghotsera ndeke.
La première chose que fit Andrew fut de trouver son frère Simon et de lui raconter.	Ekyelimbere kyoakola yo Ndereya, riaba erirondi'omwala wabo yo Simon neritsuka eri mu kaniria.
Ils ont cherché partout, mais en vain, le garçon disparu.	Mobakarondayohosi, sibeta bana kindu, halinga omulwana abiri bulirana.
Regarde M'man, je sais lire !	Lebaya M'man, ninje nyasi eri soma !
Les quatre premiers garçons qui ont été secourus ont maintenant la possibilité de manger de la nourriture normale.	Abalwana bane mobakanguhibwa luba, bangana basula, na kandi bangana lia ebyala.
On lève le camp à l'aube.	Bakabuky'akambi komo thuthuthu.
Vous ne saviez pas que Marie aimait cuisiner.	Simulwe mwashi ngoko Marie anzir'erihuka kwe.
Il est évident que le parti des Pirates va résoudre tous les problèmes économiques et financiers de l'Allemagne, de l'Europe et peut-être même du monde.	Kinkangenie ngoko ekithongole kyaba Pirates kikendi hamul'emyatsi yoshi eyi lebire olumbuka lwe ugeremani, lwe Ulaya, alinga na lwomo kighugho kiossi.
Hé là! Ne me tirez pas si violemment!	Hé là! Mwende naye bolobolo!
Quand une personne est folle, on la considère comme telle, mais quand des milliers de personnes sont atteintes de la même folie, on appelle cela religion.	Omughulu omundu ni mushire, bakamulangira bathia; alhiw'omughulu omundu esyonzighe n'enzighe syabandu sikabya nerishire righumerera, ekyokikahulawamo kisomo.
Je lis le New York Times.	Ngasoma esyongulu syomo New York Times.
La CIA procède à une analyse détaillée des antécédents de tous les nouveaux employés.	E CIA yinemuthandik'erilhengekania oko byabya oko bakolhi bosi abemibiri.
Vos lèvres sont bleues, vous devriez sortir de l'eau.	Eminywa yenu niye ranzi eyomutheghulhe, mwangalwire omo maghetse.
On aide plus un être en lui donnant de lui-même une image favorable qu’en le mettant sans cesse en face de ses défauts. Chaque être normalement s’efforce de ressembler à sa meilleure image.	Bakawathikaya kutsibu omundu omwimuh'iyuwenewene ekisasamir'ekyuwene kuleng'erimuthek'embere sya malolo wiwe. Obulimundu akayikas'athi kumb'inyasos'ebisasamira biwe.
C'est le bébé le plus charmant que j'aie jamais vu.	Nimwan'oyutsemesirye oyo nyithe nathasunga.
Il coupa le moteur mais laissa les clés sur le contact.	Mwathwa omutere, alhiwe mwasigh'amakingulhi ghoko buthara.
Je pars en France pour étudier la peinture.	Ngay'ebu franza eriyigha ebyesyoranzi.
Un gardien a ramené dans la salle le petit garçon en chaise roulante après son opération chirurgicale, suivi d'une longue file de parents inquiets.	Omuzamu mwakasubay'omulwana yomokisengekyabakoni oko  kithumbi ekikaghend'enyuma syerithulwa, inyana kwamirwe nomulondo  owababuthi abahangahangirye.
Il faut être toujours ivre. Pour ne pas sentir l'horrible fardeau du temps qui brise vos épaules, il faut s’enivrer sans trêve. De vin, de poésie ou de vertu, à votre guise. Mais enivrez-vous !	Ngamb'iwabya ighunathamire. Eribya isiwangow'obulhith'obwendambi eyikaghololay'ebithigho byaghu, ngamb'iwathamira butsir'iriluha. Obwasoma, esyonyimbo kuts'emisyo, ngoko wanzire. Aliwe thamira !
J'ai tout de suite viré ce garçon perturbant de la classe.	Ahonaho mongalunatibit'okokalwan'akakabungay'akalhasi.
Eh fiston, rentre au pays fissa !	Eh Fiston, subeka fissa !
Le bout de sa cravate était dans sa tasse à café, mais il n'a pas remarqué.	Endulhia eyo mulhikiwiwe yabya iyine omoluthehi olhulimo akawa, alhiwe  siethaminya.
C'est une opportunité inespérée que nous serions stupides de laisser passer, il faut frapper un grand coup.	Nikabang'akerithendiheri'amaha oko thwangabere bakiru eri heria, kumb'ithwahinda kutsibu.
Des larmes pourraient bien couler sur ton visage, je ne regarderai pas en arrière.	Emisonia yangasendir'oko busu bwaghe, sinyendi lhebiry'enyuma.
Après avoir réglé l'alarme pour sonner à 7 heures, elle est allée dormir.	Enyuma syeribilhegh'akaghanza buthuku erikunzya okosahanguma, mwayiriyayatho.
Les secours en montagne sont en alerte 24 h sur 24.	Obusabuke oko bithwa bukabya ibune oko bulhindambi.
La protection absolue de la vie privée sur Facebook est une illusion, elle n'existe pas en réalité.	Eritheya eribyaho eryomundu oko kisengul'ekye facebook ninzoli, nakandi siribya kwenene.
Précédemment, la distribution des impôts sur les trois ordres n’était pas équilibrée: en effet les deux premiers ordres en étaient exempts.	Embere, erighab'emisol'oko mighambo eyisathu byabya isibilhingirene : nokweky'eyibiri eyerimberembere yabia ini yerilangirirako.
La foi c'est entamer la première marche, même lorsqu'on ne voit pas la totalité de l'escalier.	Obwikirira nitsuk'olughendo lwerimbere, mwalhi siulilangir'ekisambiro  kyosi.
Ne jette aucun objet par la fenêtre.	Isiwaghus'ekindu omwilabira eridirisa.
Je suis désolé de te déranger, mais il y a un appel téléphonique pour toi.	Nganyireri erikukenderia, alhiwe han'eribirikir'oko simu erikulhebirye.
Vous devriez laisser le vin respirer quelques minutes avant de le boire.	Wangalhekir'obwasoma ebwahumula hak'embere syeri nywabo.
Normalement je paye en carte de crédit plutôt qu'en liquide.	Ngalhiha nakarata omomwanyenda werilhiha olumbuka.
« Eh bien, Dieu merci, les œufs frais avec lesquels vous l'avez bombardé ne sont pas rouges ! Autrement, il aurait cru que vous l'aviez blessé ! »	« Ehe, Nyamuhanga wasingya, amayay'aghothulhya muhutayamo  siwengwindisi ! Hatia, anganalengekenie ngamwamamwitir'ekironda ! »
Personne n'est responsable du crash de Wall Street. Personne n'a organisé la spéculation qui l'a précédée. Tous deux sont le fruit du libre choix et de la décision de centaines de milliers d'individus.	Sihalhi mundu oyulhi oko nzuko eyekisida ekye Wall Street. Sihalhi mundu oyulhya lhenga eribughabugha embere kibye. Aboshi babiri bakalwir'oko ebyerisombola bweghubweghu nobulhengekania bwabandu banzi.
Quand tu as une attitude positive, tu cherches des solutions aux problèmes que tu peux gérer, et tu ignores les choses qui sont hors de ton contrôle.	Omughul'ukabya nemiber'eyuwene, ukasondaya emilond'oko mbanza esyowangana soha, neribirirwa ebindu ebiri halhi oko byoghukatheghaya.
"En signant le traité de Tripoli en 1796, notre second Président John Adams écrivit : ""Les États-Unis n'ont en eux-mêmes aucun caractère d'inimitié à l'encontre des lois, de la religion ou de la tranquillité des Musulmans."	"Omwihira esisembo syokokibab'ekyeTripoli oko mwaka wekighonye kighuma maghana irinda makumi mwenda nendathu, omusondolhia wethu owakabiri John Adams mwasak'athi : ""Obughuma bwe bihugho sibuwithe ibubwenebwene obwira oko bulhi obwemighambo, eyekisomo kuts'eyerithekana ryabashilamu."
Des fois, il rigole de ses propres conneries.	Kanzikanzi, akaseker'olutseghetseghe lwiwe.
Dans des temps difficiles comme ceux-là, aucun effort ordinaire ne peut sortir notre entreprise du rouge.	Omondambi esikalhire ngesyo, sihalhi akaghal'akangalw'omo mubiri owakayiwako.
Un bébé, c'est adorable.	Omwana, niwerihalamba.
Si j'utilise le français pour parler philosophie, je deviens folle.	Namabikolhesy'eki franza eribugha ekifilosofia, ngalunabya musire.
Un major est au-dessus d'un capitaine.	Omu majoro alhi endatha syomukapitene.
Ben il est marrant, lui ! Il avait qu’à être là à l’heure, s’il voulait qu’on l’emmène.	Ughessa, atsandenie iye ! Angasire oko ndambi, amabya inyalwe anzire ibamuheka.
Vous avez reçu un choc important.	Moghuka huthala kutsibu.
Les gardiens de prison seront en grève pendant trois jours à partir de minuit.	Abatsamu abomulhiki bakandiasa oko mibiri omo biro bisathu eritsuk'oko saa sita yekiro.
J'ai finalement compris ce que tu essayais de me dire.	Mongasala nowa ebyoghulwe ukasonda erimbwira.
Si tu n'arrêtes pas d'essayer, tu feras des progrès.	Ghuthitaghusa erilhenga, ukandisyakol'emyatsi minene neriloly'emuliro.
Les villageois étaient convaincus que la série de meurtres était liée à un culte satanique.	Abanyamulhongo babya balhighire ngok'obwithi obulhia kwamirira bwabya bulhi oko mulhimu.
Attends une seconde, je reviens tout de suite. Ne raccroche pas !	Lhinda hake, ngasa hathia hathia. Isiwathwa !
L'important, ce n'est pas l'université où tu as obtenu ton diplôme, mais ce que tu as appris lorsque tu y étais.	Ekikulu, sikyekiyiro kikulu ekyoghulhia somerakyo nerisangirak'erip̧olóme, alhiw'ebyowigha omughulu wabyayo.
Le temps passé ne reviendra jamais; personne ne connaît l'avenir.	Endambi eyabiri laba siyendisyasyasa; sihalhi oyo wasi ebikasa.
C'est un chien qui rencontre un crocodile. Le crocodile dit au chien : - Salut, sac à puces ! Et le chien lui répond : - Salut, sac à main !	Nindeghethegh'eyikasangan'amámba. Amámba mwabira endeghetheghe athi : -kuthi, isaho yebilhoko ! Nerio Endeghetheghe moya musubirya : -kuthi, isaho yomobyala !
Ma montre coûte moins que la tienne.	Akaghanza buthuku kaghe kalaghula luke kulheng'akaghu.
À mon premier cours de C, je n'arrivais pas à comprendre le moindre truc en classe. Dieu merci j'ai obtenu d'un ami programmeur qu'il m'explique comment tout le machin fonctionnait.	Okorikangiriryaryaghe ryerimbere erye C, monyithowa nekindu nekiguma omokalhasi. Omunyambyani asingya nabirisung'ekihand'ekyakatheghekeranaya akambwira ebyuma byosi ngabikakola bithi.
Annie est brune et Madeleine blonde.	Annie nimweru na Madeleine mwiraghulu.
Il éprouvait la jouissance intime de l’homme qui, après une longue attente, voit enfin luire les premiers rayons du bonheur désiré.	Abya isyawithe obutseme obomundu oyo, enyuma syerilhindirira rinzi, akalangir'emisakal'eyikabangabasanaya oko butseme obusoghirwe.
Autant l'amour est aimable dans le cœur des jeunes gens, autant il est inconvenant dans celui qui a passé la fleur de l'âge.	Kungaho olwanzo lukanzawa omo muthima ya bandu, kungaho lulhinga silulhighirawa okolhia oyowabiri labukirania omo miaka yeriwa.
Thomas est un mec super sympa avec qui traîner.	Thomas ni mulumuna oyo mundu anga bundabunda naye.
Le sport peut apporter de la joie, il peut libérer l'esprit et il peut embellir la vie.	Erikakya emiki ryangalheth'obutseme, nerihuluky'amalhengekania nerihambia eribyagho.
Il faut traduire, commenter, publier, imprimer, réimprimer, clicher, stéréotyper, distribuer, crier, expliquer, réciter, répandre, donner à tous, donner à bon marché, donner au prix de revient, donner pour rien, tous les poètes, tous les philosophes.	Kumb'iwabindula, nerikania bulhi, erilaghalaghania, erilusya, erighaba, erilaka, erihula, neriha abosi, neriha oko hithalhi hia hisi, erih'akathalhi kerisubula, erihabusa, abaka kol'esika ghulawamo poemes, aba filosofe bosi.
Il n'écoute que des groupes rock des années cinquante.	Akahulhikirira risa ekikumula ekye rock ekyoko miaka makumi athanu.
Regardez ailleurs une minute ! Je vais vite me changer.	Lhebay'ahandi omo rithondi righuma ! Ngaya yihendula luba.
J'aurais peut-être laissé plus d'espace sur la gauche, dans la direction du regard du modèle.	Nangasighirehomwanya oko malhembe, ebyanga eyilhebiry'ekye  rilheberiako.
Saute sur la créature pour la tuer.	Uthwekika kyoko kihangikwa erithakyo.
Dave est le nageur le plus rapide parmi mes camarades de classe.	Dave nimughendi ghomomaghetse nakandi mwangu okobenzi biwe bomokiyiro.
Ce n'est pas l'espèce la plus forte, qui survit, ni la plus intelligente, mais la plus réactive aux changements.	Simuhand'owakalhire owakasya banika, kuts'owawithe obwenge, alhiwe owakakol'okomabindulhikania.
Nous essayons tous d'être ce qu'aucun d'entre nous ne pourrait être, sauf quand certains d'entre nous seraient ce que le reste désirait.	Thukalheng'eribya ngok'obulhi mughuma ghomwithwe syangabere, erilusyak'omughulu abaghuma baghum'abomwithwe bangathubereko ekyo abaghuma balwe basondire.
J'avais peur de poser des questions car je ne voulais pas avoir l'air idiote.	Nabya ngwir'obuba eribulhi'amabulhyo busana sinabianyanzir'eribyangho mukiru.
Le charme romantique de l'espace vit toujours en certains d'entre nous.	Ekiseng'ekye myatsi kine omo baghuma baghum'abomwithwe.
Le docteur a contrôlé le rythme cardiaque du patient et sa pression artérielle.	Omudokotere mwakalhebaya emipikir'eyomuthima womulwere nolulhengo lwerisisira.
Dieu me garde contre mes amis; en ce qui concerne mes ennemis, je m'en charge moi-même.	Omunyambiani akanyitheghaya oko bira baghe, oko bilhebiry'esyonzighu syaghe, ngandinyambiasyo injuwene.
Je me demandais juste quelles langues tu parles.	Nyilwe ngayibulhya nga ukabugha mibugheki.
La surcharge rendant la possession des terres onéreuse, l'humble propriétaire abandonna son champ, ou le vendit à l'homme puissant; et les fortunes se concentrèrent en un moindre nombre de mains.	Ebyeri kola lheka erimia ekithaka iryakola, namol'omunye ririma mwalhekario, kutse mwaghulyary'oko mulume oyukalhire; nobutheke mubyayikumira omo kighanza ekyebyala.
Il a été chargé d'une mission top secrète.	Mubaka muha omubiri owesyokumbo.
Clark dit qu'il n'oubliera jamais de travailler chez l'un des présidents les plus vénérés des États-Unis.	Clark athi syendisibirirwa nahake erikolhera ohogho mukulu ogho lukengerwa oghobughuma bwebihugho byebuamerika.
Veuillez attendre, car vous serez transporté chez vous en ambulance.	Ubyenerilhinda, busan'ukandi hekerwa ewaghuyomo ngurubani yabakoni.
Tante Kelly nous a invités aujourd'hui pour déguster de la glace.	Songalhi Kelly mwakathubirikirako munabwire eribya itwanga naghonza oko bwasoma obwamatsuku.
Une minute correspond à soixante secondes.	Ekithondi kighuma nibughuma bwehitswe makumi ndathu.
En 2006, la revue Business Week a déclaré le Bhoutan comme le pays le plus heureux d'Asie et le huitième plus heureux du monde, selon une enquête réalisée par l'université de Leicester en 2006 appelée « Carte du Bonheur ».	Oko mwaka 2006, ekithabu ekikahulawamo Business Week mokikakangaya Bhoutan ngekihugho ekitsemire omo Azia yosi nakandi nikihugho ekyomunani omo kihugho kyosi, erikwamana nomurorotsy'owalyakolawa nekiyiro ekye Leicester oko mwaka 2006 owabirikirawamo « Karite oko butseme ».
Tenez le bébé doucement.	Wath'oko mwana rioloriolo.
Cela se voit sur son visage qu’il plaisante.	Ekyokikalangirik'oko busu bwiwe kwakatsanga .
Quelque grande que puisse être la chaleur de l'été, il est incivil de paraître devant qui que ce soit les jambes nues, la poitrine, l'estomac et le cou découvert.	Mwalhi ekihuhanya niki nene kithi, sibyanga thokekana omughulu eribya  isyambithe, ekikuba, ekihu, nebikya bikabya isibiswikire.
Je suis horriblement occupée parce que la date limite de remise du rapport approche.	Nyihathathene busana ekiro ekyerithekam'oroporo kikahika.
La confiance de l'innocent est le meilleur levier du menteur.	Amaha ghomundu oyobakalegha, nikithigho kibuya ekyo mubehi.
La rentrée sociale se fera la deuxième semaine du mois de septembre.	Akalhasi kakasyasubir'oko yenga eyakabiri oko mukera ghomwenda.
L'année dernière je vivais à Sanda City.	Oko mwaka awalaba, nabya e Sanda City.
Ce soir encore, je suis Charlie, je suis flic.	Omorighologholo rino nyiri Charlie, nyiri mu anere.
Si vous reculez, vous ne ferez pas d'affaires.	Wanabisub'enyuma, siwendisya kola kindu.
L'alphabet kurde se compose de trente-et-une lettres : a, b, c, ç, d, e, ê, f, g, h, i, î, j, k, l, m, n, o, p, q, r, s, ş, t, u, û, v, w, x, y, z.	Olufabe olwe kurde luwithe ebisako makumisathu nekighuma : a,b,c,d,e,ê,f,g,h,I,î,j,k,l,m,n,o,p,q,r,s,t,u,û,v,w,x,y,z.
En présence d'étrangers, cette épouse est un ange, avec son mari c'est un véritable démon.	Embere syabehihya, omukalhi oyu nimumalaika, nibawiwe nimulhimu wekwenene.
Finalement, il fut décidé que les magasins seraient équipés de caméras de surveillance.	Okondulhya, mokyaya bughika ebisenge ebyo buhingania byangabere nebyumano ebyobutheya.
Merci d'arriver au moins quinze minutes avant le début de la rencontre.	Wasingya erihika omo mathondi ikumi nithanu embere olukuratho luhike.
Hugo a couché le bébé sur une couverture.	Hugo mwaka ghotseraya omwana yoko bulhingithi.
Le voleur ou l'arnaqueur qui a amassé une grande fortune par ses méfaits a de meilleurs chances que le petit voleur d'échapper aux pénalités rigoureuses de la loi.	Omukurungu oyulhya kumakuma obutheke omo bitswatswa bwiwe awithe emiyisa kulaba omuhunguri muk'eribala oko misuyiro eyo mughambo.
Je n'arrive pas à croire qu'il ait eu les couilles de demander une augmentation de salaire au patron.	Sinyithalhigha kwangabere erisaba enzwere yiwe eryeruka oko mugaga wiwe.
Le conservateur du musée voulait que la peinture égyptienne soit prise en sandwich entre deux épaisses plaques de plexiglas.	Oyukabik'obutheke abyanzir'eranzi eyabanya egypte iyimibwa mo eyobakahulamo sandwich omokathi kebibenete bibisi.
Elle savait que sa réaction avait été stupide.	Abya inyasikobulhengekania bwiwe sibulhi loko.
J'ignorais vraiment que vous aviez ce sentiment.	Sinabya nasi koghuna with'engumbweyo.
Comme vous le savez, nous nous sommes réunis ici pour fêter mon anniversaire.	Ngoko munasi, motukasya sangana hano erisya sendebelha busana neribukeributhwa ryaghe.
Un an a passé depuis qu'elle est venue ici.	Omwakamughuma amabihwa erilw'ahikireno.
OK, ça maintenant ! La combinaison de ceci et ça pourrait être vachement sexy !	 Ok, ekyo lhino ! Erisangania ebi nabirya bikandibya ibyamabya luseso !
L'officier de police de service sentit un vieil homme s'approcher derrière lui.	Omukulu ogho bupolishi mowa omusyakulu akaseghera enyuma siwe.
On peut mettre en doute le fait qu'une personne sache communiquer dans plus de cinq langues différentes et en lister pourtant onze sur son profil.	Hanganabi'erithikathika oko mundu eriminya erighambulhirana omo mibughe hakuhi ithanu eyighabaghabene kandi iniana sakire hakuhi mibughe ikumi nomughuma oko kibenete kiwe.
Hélénus, méditant ces mystères profonds, / de sa tête sacrée abaisse les festons, / présente à Jupiter un pompeux sacrifice, / implore d'Apollon la bonté protectrice, / me conduit dans son temple, et me dit :	Helénus, abya iniane mulhengekania oko bithikothiko biwe,/ okomuthwe mubuyirire wiwe rokomikehere yebisendebelhe,/ mwaherere Jupiter yobuhere obusikire,/ musabe Apollon yo bubuya bobutheya,/ akandwala omobúhíma bwiwe, amambwir'athi :
Il traîne à l'arrière ou il court devant. Parfois, il marche un petit moment à nos côtés; le bonheur.	Akabulhir'enyuma kutse akathibith'embere. Kanzikanzi, akaghenda hake nethu; obutseme.
Martin Luther King Junior avait convaincu les citoyens noirs de manifester pacifiquement.	Martin Luther King Junior mwalhighisy'abahimbani biraghulu eriyibaghala butsira wahawaha.
C'est ce petit détail qui m'a mis la puce à l'oreille, sinon je ne l'aurais jamais su.	Hyehinduhik'ehyo hyohirya hira ekilhoko kyomokuthu kwaghe, bithebithya sinabya endiminyakyo.
Je devine à ton visage que tu as de bonnes nouvelles.	Ngaminyerera oko busu bwaghu ngoko ulhi nomwatsi mubuya.
« Je pense que vous feriez un joli couple. » « Hein ?! »	« Ngalhengekania mwangabere babuthi obuwene. » « Hein ?! »
Les examens de la mi-semestre auront lieu dès la semaine prochaine. Bachoter la veille ne t'avancera à rien, et il n'y a que des questions impossibles. Alors commence dès maintenant à bosser.	Ekinzamen kyomokathikathi kikasyabya oko yenga eyikasa. Bachoter omukekulu syangakuloly'embere yokokindu, nakandi hakiri mabughe ngawanay'awakalire. Neryo hathia tsuka eritumika.
Le fait que la sagesse vienne avec les années ne soit voit pas, avant que la sagesse et les années aient déjà passé.	Eribya omwenge bukasa ne miaka sibulangira, embere obwenge nemiaka yibye yalabire.
Rachel Corrie était une Américaine qui a été tuée à Gaza.	Rachel Corrie abia muny'amerika oyowithawa e Gaza.
« Tu ne me reconnais pas ? Je suis Ethan. » « Ethan ! Bien sûr ! Pourquoi ne t'ai-je pas reconnu tout de suite ? »	« Sighuthasya niminya? Indi Ethan. » « Ethan ! Kwenene ! Busanaki monyithithalu ngakuminya ahonaho ? »
Rockefeller a été gouverneur de New York.	Rockefeller mwabya kafurnali owe New York.
Chut...vous parlez trop fort.	Bolobolo... mukabugh'omo mulhenge  mulhi.
Il a donné à la police un faux nom et une fausse adresse.	Mwakah'abapolishi berin'erithowene nerikangiriabo enyumb'eyithowene.
Je suis désolé de te créer tous ces soucis.	Nganyir'eribya inamabikulhether'amalhengekani'ayo.
« Tu m’en donnes un bout ? » « D’accord, on fait moitié-moitié. »	« wanamambako kaghuma ? » « Kobine, thukayira mokitswe. »
Il m'a dit que, quoi qu'il puisse arriver, il y était préparé.	Mwakambwir'athi, mwalhi ekyosikyosi kyangasa, abya inyanayitheghekerenie.
Es-tu plutôt à la recherche d'une autre fonction dans l'informatique ? N'hésite alors pas à prendre contact, de manière à ce qu'un de nos consultants puisse vous aider dans votre recherche d'un poste intéressant.	Ukasonday'oghundi mubiri omo byebisengula ? Sighuthikethik'erighambulhiran'oko luleng'olomwathikya wethu anganakuwathikya omo misondio yaghu.
"Comment dit-on ""good bye"" en allemand ?"	"Bakabugha bathi e ""usighale yambo"" omo ki Allemand ?"
Comment peut-on attendre d'une femme qu'elle soit heureuse avec un homme qui insiste pour la traiter comme si elle était un être humain parfaitement normal ?	Bangalhindira bathi oko mukalhi eriby'angatsema nomulume oyukahathikana erikukola ngomundu oyuluyirene?
D'après les résultats des tests, il paraît évident que la première solution est la meilleure.	Erikwamana nebighuma ebye misondo, bikabya ngolulondo lwerimbere nilubuya.
J'aime mieux être un météore superbe, chacun de mes atomes rayonnants d'un magnifique éclat plutôt qu'une planète endormie. La fonction de l'homme est de vivre non d'exister.	Nyanzire kundu inabia mundu oyukalhebay'ebithuthimbireko, obulhi nusu yoko bitsuko yika kangabasania kulhenga ngekihugho. Omubiri oghomundu nibyaho butsira eriyihanganira.
Il me disait qu'en juin, il irait en France.	Abyakambwira ngok'oko mukera owobwişeghesa, angayir'ebufranza.
Je croyais que tu aimais apprendre de nouvelles choses.	Nabia ngalhengekania ngawabia wanzir'erigha ebihia bihia.
Re !	Re !
Je t'en supplie, écoute ce que j'ai à te dire jusqu'au bout avant de piquer une crise sur moi.	Ngakulhembalhemba, hulhikirera ebyongasond'erikubwir'embere unyiholhereko.
Le New York Times vérifie sa galerie tout le temps.	E New York Times yikalhebaya ekikumo kyakyo okobulhi ndambi.
Afin que ta phrase paraisse naturelle, il ne suffit pas que tu parles la langue que tu écris, il faut que tu saches écrire.	Okondulhia mwalhi omulondo waghu akabya nganiwahinisi, sighuhwere eribugha omubughe oghouka saka, alhiwe iwaminya erisakagho.
Dégagez, les gamins !	Mughende, bana !
Tu auras beau essayer, tu ne seras pas capable de finir ça en un jour.	Wangathasyalhenga, siwendithok'eribugha eki kyokokiro kighuma.
Voila une bouteille de vin blanc que j'ai apportée pour nous.	Eno nitsú̧pâ eyomunzenze womusohe eyonyiryabalhethera.
J'ai l'impression que quelqu'un surveille mes faits et gestes.	Ngalhengekania ngomundu anemulhebya ebiosi ebyongakola.
Ce qui rend malheureux en amour, c'est moins de ne pas être aimé quand on aime, que d'être encore aimé quand on n'aime plus.	Ekikalhetha obuhanya omolwanzo ryeribya isighulhanzwa, omughulu wanzire, kulhenga kwerianzwa omughulu siwathasyanza.
Rentrez votre chemise dans votre pantalon !	Subay'ekisomeko kyaghu kyomo mbalhe!
Sa reprise de « All along the watchtower » en hommage à Jimi Hendrix a laissé les fans sur leur faim.	Erisubira riwe erye « All along the watchtower » erikenga Jimi Hendrix mwakasigha abahani bomonzala.
Ce n'est pas immoral pour un romancier de mentir. Au contraire, plus les mensonges sont gros et habiles, et plus les gens du peuple et les critiques vous louangeront.	Silolo okomusaki webithabu eritheba.  Alhiwe, kalhenzyo amabehi akabya manzi, nakalenzyo abandu bakandikwimbako.
Cela se voit sur son visage qu’il ment.	Ekyo kikalukyalangirik'oko busu bwiwe ngok'akatheba.
Un tel est mort. Pourquoi irai-je à son enterrement puisque, j’en suis certain, il n’ira pas au mien ?	Lhebe abiri hola. Busanaki ngandiy'oko eritabalibwa riwe, busana nyinanaasi kokwenene, syendisyaghenda okoryaye?
Jules a éteint la lumière dans le salon et est monté dans sa chambre.	Jules mwakalhimaya ekyakakola omo kiseng'ekyerilhiramo neryo mwakerukira omo kisenge kiwe.
Elle aimait le tennis et devint coach.	Abyanzire amasath'awakaghulhughulhu na mwabya musondolhya wekipya.
Le prix est deux fois plus élevé que l'an passé.	Akathalhi kabiryeruka ngendokabiri kulaba omwak'owalaba.
Bonne nuit ! J'espère que vous serez prête demain.	Ughotsere ndeke ! Ngalhengekanaya ukasyayithekanaya omonzyakya.
Thomas est venu me chercher à la sortie de mon cours de danse.	Thomas mwakasyanzondaya oko ndulhia ngalwa omo masatha.
Ils ont lancé un appel de fonds pour l'aide aux réfugiés.	Mobakaghus'amahiyi erisaba obuwathikya busana nabasayi.
Un chèque en blanc ? Ça on n'en voit que dans les films !	Ekithumo ekyo musohe? Eki, kikalangirana risa omobisesani !
L'avenir a beaucoup de chemins - choisis sagement.	Ebiry'embere biwithe nziranene-esisombwerwe kinyamalhengekania.
Ce type est fort pour lancer des balles à trajectoire incurvée.	Omulume oyu akalhir'erighus'aka ghulhughulu komo nzira yako.
On m'a rapporté hier l'agréable nouvelle que vous étiez revenue de votre voyage.	Mobambwire mulhighol'omwatsi mubuya ngoko muwalwir'oko lughendo lwaghu.
Kylia est un fan des Red Sox.	Kylia ni muhangani owe Red Sox.
Le bruit sonore de perceuse donna mal au crâne à son mari.	Olukanda olukathangathanganaya molwalhetha amaghalhi gho mulhwe wiba wiwe.
D’après la police, la victime n’est pas morte sur le coup, mais suite à ses blessures.	Erikwamana nabapolishi, omundu syatha hol'ahonaho, alhiwe busana nebironda biwe.
Ça a beau s'appeler Mac OS X, ça ne signifie pas que le code source ait été mis-à-jour.	Eki mokikayihulamo Mac OS X, sibughambu ekumbo eyenzuko yabiribyanyihiaka.
Timéo tenait une petite lampe de poche dans sa main gauche.	Timéo alweinyanawithe okotalha eyomo mufuk'omobiala biw'ebyamalhi.
Je suis désolée, je dois répondre à des messages.	Nganyire, ngatsukisubiria okosyo nzakano.
Si vous montez l'escalier et tournez à droite vous trouverez votre chambre.	Wameruk'ekísambíro neribindukir'okokulhi ukandi sunga ekisenge kyaghu.
Depuis le début, j'ai remarqué qu'il y a quelque chose qui cloche.	Eritsuk'okonzuko, mongafumbulha kohan'ebindu ebitheghendeka.
Si on me marche sur le pied gauche, on ne m'attrape pas le droit.	Bamabindiathangir'okokughul'okwamalhembe, sibinyihamba okokulhi.
Il semblait clair que le sénateur rejetterait le traité.	Kyamayikangiria ngok'omusenethi mwakaghana ekirango.
L'amour réciproque des frères et sœurs assure l'avenir de la famille.	Olwanz'olulhi omokathi akabaghala na bambesa kikabi'ekika theghekeranay'enjakya eyekihanda.
Il faut laisser aux gens le soin d'inventer leurs propres valeurs en leur donnant au départ le maximum de liberté de création. Car à un certain niveau de profondeur, si une culture est réelle, elle est libératrice. Mouloud Mammeri	 Kumb'imwa lheker'abandu bakabang'akeriyikokotheryi'esyotholhi omwihasy'obwiranda obweriyibumba. Busan'okolulhengo lughuma olwomwisi, esyo asili syamabya syekwenene, isikandisyasabula. Mouloud Mammeri
Ne vous inquiétez pas les gars, je m'en occupe.	Balwana, simuhangahangaye, ngandi kolakyo.
Je n'ai pas à chercher de boulot, on m’en propose sans arrêt.	Sinyirirondi'omubiri, bakani hesyo kashi nene ebiro biosi.
Maxime a attrapé la balle avec sa main gauche.	Maxime mwaka hamb'omupira omobialabiw'ebya malhi.
Tu seras gentil d’utiliser le pied à coulisse plutôt que ta règle : c’est quand même plus précis !	Kikandibia kyamuhongo ukakolhesya okughulu kwaghu omomwanyenda owekyaghu :  kinayikangirie !
La femme à l'apparence étrange a été prise pour une sorcière.	Omukalhi oyo mwaberekobulinga buba nero mobamwima ngomuloyi.
C'est la chose la plus stupide que tu aies jamais faite.	Nikindu ekithowen'ekyoghuthe wathakola.
Si tu rêves de lancer ta propre affaire mais que tu restes planté là à t'amuser et à ne rien faire pour cela, tu ne parviendras à rien.	Wamalhengemerwa eritsuk'omusongo waghu alhiwe iwasighala ukaghasam'aho neritakola kindu okwekyo, siwendisya kola kindu.
Ça serait chouette si vous aviez un quartier de citron vert que je puisse presser dans mon eau glacée.	Kyanguwanire wangabere nomulhong'owendimotsungu esyonangathuthirie omomaghetse waghe awaholokire.
Je vais aller acheter un ticket, alors merci de surveiller mes sacs une minute.	Ngandiya ghula etiket, nerio wasingya eritheya esyonguza syaghe omokithondi kighuma.
D'où es-tu, Karen ?	Ulhimunya hayi, Karen ?
Je cherchais à tuer le temps.	Indwengasond'eri laby'endambi.
Il est tordant de voir des gens, par ailleurs éduqués, se soumettre, pour organiser leurs vies, aux préceptes de sorcellerie d'un autre âge et de superstitions ridicules comme celles du Feng Shui.	Kika swekaya erilangira abandu, okolundi luhande abanawithe obwenge, ibaligha, eriyisuhasuha omo maisa wabo, oko buloyi bwabundi myaka obukasekawa ngabwe Feng Shui.
Un os dit à un chien: fais gaffe, je suis dur. Le chien lui répond: ça ne fait rien car moi, je n'ai rien d'autre à faire.	Erikuha muriabwir'embwa : uyiteghekanaye ndeke, nyi kalire. N'embwa moyasubya : sihalimbugha kundije, singwith'ekindi kindu ekieri kola.
Il occupe un poste important dans la société.	Awite kithumbi kinene omomaka.
Retire tes bas, garde ton masque !	Lusayagh'ehi sosettes hiaguh, ubik'ekikakiryo !
Tous les vrais grands hommes aiment à se laisser tyranniser par un être faible, et Gaudissart avait dans Jenny son tyran.	Abalume bosi abekwenene banzire erikurakurana nekihanjikwa ekyolo, na Gaudissart abi'awithe Jenny mo mukurakurana wiwe.
Chuck Norris peut remporter une partie de Puissance Quatre en trois coups.	Chuck Norris angana hek'ekihand'ekyobutoki bani omo ndambisathu.
Thomas est passé à Questions pour un champion.	Thomas mwaka laba oko kibulhio kyomushinji.
On ne peut pas jeter une habitude par la fenêtre. On doit lui faire descendre l'escalier à coups de poings, marche après marche.	Sibangaghusa emibere omwilabira eridirisa. Ngamb'itwamuthimya oko ekísambíro bolobolo, kisand'okokindi.
Chaque année, le commissaire aux Droits fondamentaux rend compte de son activité au Parlement.	Obuli mwaka, omu commissaire okombangwa syerimbere akayiberereraya oko mubiri wiwe omobisenge ebikaghulawamo parlement.
Toutes les choses sont dites déjà; mais comme personne n'écoute, il faut toujours recommencer.	Ebindu biosi biabiribughwa; alhiwe busana nomundu nomughuma syowire, kumbe iwatsuka.
Tu me racontes des conneries.	Ukanganiray'ebithyabithya.
Ce fut bon pour moi d'avoir à me mesurer, pour l'intelligence, avec les garçons du village et d'être ainsi forcé de constater que leur tête valait bien la mienne.	Mokiabya ikyuwene okwinz'eriyilhenga, okobulhengekania, nabalwana aboko mulhongo nerikaswa erifumbula ngok'omuthwe wabo abia iniawith'endundi oko waghe.
LibreOffice est une suite bureautique libre et gratuite qui offre des modules de traitement de textes, tableur, présentation, dessin vectoriel, base de données, et édition de formules mathématiques.	E LibreOffice ningwamirirayesyoburo esyobwiranda nekitesab'olumbuka ekikathek'ebindu ebyerikol'ebye syonzakano, ebisayi, eriyiminyisya, ebirimu, ekighona kye myatsi, nolusak'olwesyonzira esyobughanzi.
Si tu es rentré directement à la maison comme tu l'as dit, comment ça se fait que j'ai vu ta voiture garée devant le pub ?	Wanga subulhire eka yahonaho ngoko ulhya bugha, nerio kikyabya kith'imonganalangir'engurubani yaghu iyinaghomekirw'embere sye kihinganio ?
Excusez mon indiscrétion, mais avez-vous des problèmes à la maison?	Nganyir'okwikumbulakyo, alhiwe unawithe esyombaza syeka ?
Attention, ne laissons pas cet enseignant se réunir avec nous, il rapporte ce que nous disons à notre directeur.	Kóko, sithusighe omukangirirya oyu eribya haghuma nethu, akabwira ebiosi ebyothulhiakanaya bomulhikitere.
Je retourne avec mon ex petite copine.	Ngasubula nomuhukwanzumbu waghe wakera.
Ce sont les premiers à combattre quand sonne la révolte.	Omughulu wa malwa bakabya berimber'erilwa.
Un désir curieux de mon âme s'empare ; / je brûle d'admirer un destin si bizarre, / de voir, d'entretenir le successeur d'Hector.	Eriyithagha ryagh'eryomomuthima rikayi sesa ;/ ngathimaya eryanza endek'eyighanire, / erilangira, eritheghekania omusubukwa wa Hector.
Je ne sais pas quel est le message de « Lost », mais je connais celui de Twitter : tout le monde désire être important.	Sinyasi omulagh'owe « Lost » ngaghowahi, alhiwe nyinasi owe Twitter : obulhi mundu anzire iniabya wamuhungo.
Lorsque vous tournerez à gauche, vous verrez un bâtiment blanc.	Omughul'ukandi thimbir'oko kulhi, ukandi langira embimbano eyo musohe.
N'ennuie pas les problèmes avant que les problèmes ne viennent t'ennuyer.	Sighu luhaye esyombanza ember'esyombanza sikuluhaye.
Il y a seulement une décennie, le 8 mai 1980, que le Mont St Helens entra en éruption.	Hamathahwa ngemyak'ikumi, biro munani mukera wakahatabánze oko mwaka mwaka we  kighonye kighuma maghana mwenda makumi munani, ekitwa ekye St Helens mokya hutukamo muliro.
Plus sûrement qu'un régime oppressif, les excès nous raviront pis peut - être que la liberté même: le goût de parler d'amour.	Kalhenzio ko buthabalhi obukalhire, erilabirya hokatheho kanga thusaghulhir'obwiranda nibia : omuhwa oweri kaniok'olwanzo.
Un homme seul et vulgaire vaut mieux qu’une meute nombreuse et débile.	Omundu mughum'awithe ndundi nene oko kikumula ekyabandu abathawith'obulhengekania.
Le chevalier et le dragon décidèrent de laisser de côté épée et souffle de feu et de discuter de leurs différents.	Omulwi nenzoka mobayitha eritheka emihamba ya hisi neriomobakania okosyombaza syabo.
Ca me rend malade.	Kikandethera obulwere.
Pourriez-vous me rappeler de téléphoner à mon conseiller académique demain à 21 heures  ?	Wangananyibukiri'eribirikira oko simu omuhani waghe owe kiyiro omonziakya oko sahisathu ?
Aidez Hugo à charger le camion.	Muwathikaye Hugo erihindul'ekiheka.
On joue au cowboy et à l'Indien ? Je m'autoproclame shérif et vous devez tous m'obéir.	Thukasath'okondesyabalwana nokomasath'awabahindi ? Ngayihulamo mwami na ngambimwanganzikia.
On a utilisé les mathématiques pour calculer comment avait été formé l'univers immédiatement avant et après le Big Bang.	 Mothuka kolhesaya emighanzo erihand'akalamu ekihugho ngokya kokothibawa kithi ahonaho embere nenyuma esye Big Bang.
Et ceux que l'on voyait danser étaient pris pour des fous par ceux qui ne pouvaient entendre la musique.	Nabothulwethukasamalhira bakasatha babya ngabasire okobabia isibangow'ehilikiliki.
Je pensais que vous aviez dit que vous ne pouviez pas manger de poisson cru.	Nabia ngalhengekania ngomuwabugha uthi siwangalhia esamaki eyithahire.
Ce qui est effrayant avec cette ère d’Internet, c’est cette tendance à s’imaginer que seules les choses qui ont du sens au niveau mondial auraient une valeur.	Ekikith'obuba okomughulu owe intaneti, ghomughendero ghoweri lhengekania kobindu ebiwithe omuhung'omokihugho kyosi byanga yirire ndundi.
Mais uniquement dans le champs quand personne ne me voit, sinon ce sera une catastrophe.	Alhiwe omo ririma omughulusinyilangirwe nomundu, ebikandibya inibitsibu.
La première chose que vous entendez en arrivant à Vegas est le ching ching ching des machines à sous.	Ekyerimber'ekyo mukowa mwabihik'eVegas ni ching ching ching eye byumano byesyosende.
Nous épluchâmes les archives de police concernant cet incident mais nous ne trouvâmes aucune mention de témoins ayant vu un grand barbu.	Mothwa hatha ebindu byabya byapolhishi ebirebirye olubanza olo alhiwe motwathasunga kyosikyosi ekyabathemwe abalhia langira owesyonderu.
« Oh non ! Mon café a refroidi. » « Je vais tout de suite t'en chercher un autre, mon chéri. »	« Oh iyehe ! Akawakaghe kabiri holoka. » « Ngayakuronderaya hathia hathia akandi, mwanziwaghe. »
Il m'est venu ce matin une idée géniale. Mais ce sont à présent des doutes qui me viennent.	Omoùitsange eno, obulhengekanya obuwene mobuka nyasira. Allhiwe hathia nithika thika ryerikanyasira.
Les enfants de ces temps pensaient que toutes les questions de la vie pouvaient être résolues aussi facilement qu'on recommence un jeu sur ordinateur.	Abana abokomughulu ono bakalhengekanaya ngamabulhio ghosi oghomwibiaho angabere weri landa ryoloryolo ngoko bakakol'enzuko eyobwesa okokisengula.
Lucy était la plus timide et la plus jolie des filles du pays, Caroll le plus brave et le plus noble des garçons du canton.	Lucy avia mundu oyuhuhirire noyutsemesirye kutsivu omo vambesa vosi avomo kihugho, Caroll oghomuhwa nomutheke ghomo balwana bosi omohithatha.
Au salon de maquillage, elle déposa sur une petite table les fleurs qu'on lui avait offertes, considéra durant une seconde son reflet dans le miroir, déboutonna le haut de son corsage et se laissa tomber dans un fauteuil.	Omo kiseng'ekyeriyisambiramo, mwatheka okovuthara vuke amawa aghovamuha, neriverereria omokithondi kighuma ekirimu kiwe omo ekitsatsamíro, nerio amasengula esyobouton esyoluchimba lwiwe nerio mwaghithogheria omokithumbi.
Il tenait dangereusement le carton de gâteaux par le bolduc, un doigt passé dans la boucle, au centre.	Abya inyanawithe luhanyahanya okokikarato ekyovundu, omunwe inyalabir'omoriningitha, omokathikathi.
Il incarne un incorrigible goût de la jactance, une incapacité à résister aux facilités de la pensée toute faite, une obsession de l’intrigue. Bref, de la part d’un ministre, l’irresponsabilité.	Awith'émiyiheko, sialithok'erilabyamalhengekanya awahwerere, oluhehero lomulhimo. Omobikuhi, okwilw'okoluhande lomulhembya, obutsatsambu.
J’ai le regret de vous annoncer que nous n’avons pas donné suite à votre période d’essai.	Nyiwithe obulhighe ngoko sinyitha babwira kosithuthabaha ebikwamire okomughullu waghu owerilhenga.
Lisa en veut à Stan.	Lisa ahitene oko Stan.
Nous avons passé beaucoup de temps à chercher un parking.	Mothuka bugha ndambinyinji thukarondia aho thwangomeka enguruvani.
Heureux est le mortel qui, du monde ignoré, vit content de soi-même en un coin retiré.	Oyutsemire nimuhohi oyo, omokihugho ekithasibwe, akanabia inianatsemire iyowenewene omongonde eyiyiheghulhire.
Je n'ai jamais appris l'allemand, ça ne nous empêche pourtant pas d'échangées des idées en espéranto.	Sindinathigha omubughe weki allemand, sikithathukakirya erithendi kania omokiesperanto.
Est-ce que vous pensez que vous pourrez être à la maison à deux heures et demi ?	Ukalhengekanaya uthi wanganabya eka oko saah'ibir nenusu ?
Toutes les armées du monde rêvent d'avoir un soldat comme Rambo, mais l'ironie c'est que même l'armée américaine n'en a pas un. Rambo n'existe que dans le cinéma.	Obulhasi bosi obomokihugho bwabia bukalhengekania ngavunawithe omulhasi mughuma oyulhinga Rambo, alhiwe omwitheba nobulhasi obwebuamerika sibuwithe nomughuma. Rambo alhi omokisasamira kisa.
Déroule encore tous les fils d'or et prends le vent, espère au soir sauver ton souffle et pars devant ! - Un seul sommeil, si long silence.	Musyalhingola kandi abalume bosi abehoro neryo wimay'ekihunga, namaha owerisabuk'omwighologhol'omuka waghu nerio ulolay'embere ! -Aka ghotseri kaghuma, bulhi kundu obobukuthu.
Le gang est devenu la famille de Sami.	E gang yabiribya kihanda kya Sami.
J'espère que tu plaisantes.	Ngalhengekanaya ngoghukalhetha olutseghetseghe.
Dans l'article d'ouverture de cette série, j'ai défini les concepts fondamentaux que nous pouvons utiliser lorsque nous parlons de greffons.	Omokirango ekyobukinguli omoluthahi olu, mongakanganaya ebinywa bighuma bighum'ebyo thwangana kolhesya omughulu thuka bugha oko mithayi eyeri mathika.
Je hais ce type.	Sinyanzir'omundu oyu.
Si vous voulez me punir à ce propos, ainsi que pour le fait que le Bureau ne respecte pas l'horaire, alors faites-le.	Wamabya iwanzire iwanyisuyira busana nebio, nekyo kusangw'ebiro siyisikaya esyondambi, nikwa kolakyo.
L'instruction est le besoin de tous. La société doit favoriser de tout son pouvoir les progrès de la raison publique, et mettre l'instruction à la portée de tous les citoyens.	Amakangirya nimbangwa syobulhi mundu. Ngambe ekithatha ikiabana akabanga komobuthabalhi obukake obulhengekania, nerihir'amakangirirya ghoko bahimbani bosi.
Le directeur du personnel aimerait faire votre connaissance.	Omukulu owabakolhi athi ngambe inia kusunga.
Merci d’avoir accepté de m’héberger le temps que je trouve un appart. Tu m’enlèves une sacrée épine du pied !	Wasingya eriligherinyikokay'omondambinyirya sungam'obwikalo. Moghuka nyilusayakw'obu̧kú̧t'okughulu !
Je suis contente que tu m'aies invitée à la fête.	Namatsem'okwibyamoghukanyibirikir'oko kisendebele.
Patrick ne sait pas écrire correctement.	Patrick syasi erisaka ndeke.
Ouvre la fenêtre, on meurt de chaud ici.	Kingul'eridirisa, thuka kwira muno nekihuhania.
N'essaie pas ensuite de réduire ta consommation de cigarettes mais, plutôt, ne fume que tes propres cigarettes, n'en sollicite aucune des autres et n'en accepte pas d'eux !	Sighupim'erikehia erimothia riaghu alhiwe, mothay'ethaba eyine yaghu, sighusyabiriraye okosyabandi sighulhighe esyabo !
Dr Hideo Noguchi mourut en Afrique en 1928.	Omunganga Hideo Noguchi mwaholhera omo Africa oko mwaka wekighogne kighuma mahgana mwenda makumi abiri nomunani.
C'est un show à l'américaine.	Nikikangani'oko munyamerika.
Tous les garçons tombent amoureux de Julia.	Abalwana bosi bakanza Julia.
Le comptable de la société a été envoyé en prison pour faux en écritures.	Omwanzi owekibuthe mwaka thwalawa omongomo busana nerikolesya ribi eryebisakire.
Les escargots sont toujours prêts à s'accoupler. Pas besoin de leur passer du Barry White.	Ebikome bikabya kanjikanj'ibinayitheghekeny'erithethana. Sibilaghir'eribilabiri'e Barry White.
L'amour est, comme la médecine, seulement l'art d'aider la nature.	Owanzo, lulhingo vuvalhia, busâ oluhabwa olweri wathikya ekihugho.
Le plus lourd bagage pour un voyageur, c'est une bourse vide.	Omuheke munji owalhithohire oko mughendi, nimushiko owathemo ekindu.
Je ne suis pas sûre que je puisse lui faire confiance.	Sinyilhengekenie nganangana muhiramo amaha.
Je connais quelqu'un avec qui tu travailles.	Nyinasi omundu oyo muka kolanaye.
La radio est trop forte. Baisse le volume.	Ekinimba kighut'omulenge ohondata. kimaya omulhenge.
Je n'aurais jamais dû laisser filer cette occasion.	Sinangalhigha eri labi'akabanga ako.
Aucun de mes camarades de classe ne vit près d'ici.	Sihalhi nomundu oghomokiyiro kyethu nomughuma oyukabuka hano hohakuhi.
Je ne suis pas née ici mais j'y ai passé toute ma prime enfance.	 Nabutirawa kuno alhiwe mona labiriako obwana bwaghe bosi.
Aucun autre élève de la classe n'est aussi génial que lui.	Sihalhi nomwigha nomughuma oghobwenge ngaye.
C'est en voyant un moustique se poser sur ses testicules qu'on réalise qu'on ne peut pas régler tous les problèmes par la violence.	Momwilangir'omububu akayitheka okobiheghe byaghu mothuka langira ngoko esyombanza syosi sisyakasohwa omwilwa.
Quels problèmes ont-elles rencontrés ?	Halhi syombanza syahi esyo balhiasangana ?
""" Teucer, je m'en souviens, banni de son pays, / dans Chypre, alors soumise à notre obéissance, / vint de Bélus mon père implorer la puissance. / Rempli d'un grand projet, de son état nouveau / il voulait que Bélus protégeât le berceau. """	"""Teucer, namibukabyo, abighanwa omokihugho kiwe,/ omo Chypre, neryo  ebithekire okwisikya ryethu,/ mohasisra Bélus thatha waghe mwasaba  obuthoki. / Inyana swire mobyanga kola, omo hali yiwe yihiaka /abyanzire Bélus  inyathehia ekithatha. """
Une exposition à ne rater sous aucun prétexte.	Olukanzy'oluthelhweribalia butsira emiyi hambalhio.
Hey, je peux te parler une seconde ?	Hey, nanganakania naghu omo kathambi ?
Je me souviens de son visage, mais je ne peux pas me souvenir de son nom.	Namebuka obusu bwiwe, alhiwe sinanga syebuka erina riwe.
Quels sont les deux premiers chiffres de votre code postal ?	Nibiahi ebiminyikalo bibiri ebierimbere bye code postal yaghu ?
La connaissance de soi, c'est la descente aux enfers, qui ouvre la voie de l'apothéose.	Eriyiminya, ni thimir'ekulimu, eyikatsingul'enzira yolukengerwa lwabaholi.
Regardez juste le texte surligné à l'écran.	Lhebay'amasako awalhi oko kisesani.
Nos plans ont échoué à la dernière minute.	Ebyothulhia theghekanaya mobika thalukana oko ndulhia.
La révolution que Napoléon fit dans l’âme humaine par la politique et la guerre, Victor Hugo la continua et la compléta par la littérature.	Ebindu bihiaka ebya lhethawa na Napoleon okobunyamundu omwilabira epolitiki na malwa, Victor Hugo mwalolhyabyemulhiro nerisyonyeriagho omo bisako.
Entrerais-tu dans une salle de réunion où se trouvent des gens que tu ne connais pas en disant : « Salut les mecs ! » ? Alors pourquoi le fais-tu sur un site web ?	Wanganingirire omo kiseng'ekyo lukuratho ekirimo abandu aboghuthasi  ighune mubugha ghuthi : « kuthi balhumuna ! » ? Nerio busanaki ukakolabi'oko kibuth'ekye web ?
L'instinct, c'est l'âme à quatre pattes ; la pensée, c'est l'esprit debout.	Omuyikolhero nikirimu ekya maghulu awani; obulhengekania, nikirimu  ekihangene.
Au cours de sa conférence, il parlera de finance, bourse, taux d'intérêt...	Omughulu owolukuratho lwiwe, akandisyakania okobihasa, nokwisoma  buyira nolulhengo lobuhingania...
Aucun amour n'est laid, aucune prison n'est belle.	Sihalhi olwanzo oluthuwene, sihalhi mulhiki oghuwene.
Vous devez lire entièrement et accepter les règles pour avoir le droit de télécharger, d'installer et d'utiliser.	Wangasoma ebyosi nerilhigha ebighenderwak'omwihabwa ehamulhi  yerikuriraby'omo simuyaghu, nerisesabyo n'erikolhesyabio.
Sara a trente et un stylos.	Sara awith'oko hilamu makumi asathu nenguma.
Quels changements attendre de la réalité augmentée pour les enseignes et les magasins ?	Mabindulikania wahi wangalhindirirwa okwe riongeribwa oko biminyikalo nesyo makasini ?
Je me souviens que vous alliez souvent prendre le thé chez Betty, quand vous étiez une petite fille.	Namibuka ngoko ukenda kanzi kanzi etsayi ewa Betty, omughulu wabia kambesa.
Google a décidé de réformer la langue française et colle désormais les « y » et les « a » pour faire « ya», qui ne veut rien dire...	Google mwakayisogha erithasya ghambia omubughe owekifranza  nerihambania esyo « y » nesyo « a » omwikole « ya», ekithe sondyeribugha kindu...
Certains bébés apprennent à nager avant même d'avoir un an.	Abana baghuma baghuma bakigha eritsíha embere bayire nomwaka mughuma.
Il m'a remis son numéro de téléphone sur un bout de papier.	Mwakamba enamba yiw'eyesimu oko kahande akakapapura.
Un jour, ce seront les États-Unis qui feront face à de graves problèmes séparatistes sur leur propre territoire.	kiro kighuma, kikasyabya nibughuma bwebihugho ebye bu amaerika abakasyabya embere syolubanza lunene olwe righabania oko kithatha ekinekyabo.
C'est les Arabes qui nous ont apporté les 1, 2, 3, 4, 5... Sans eux, on en serait encore aux chiffres romains. Vous imaginez la galère ?	Nibaharabu bobathukangiriraya 1, 2, 3, 4, 5... Hathe habo, twangaber'ithune oko mighanzo eyabanya roma. Mwanamalhengekani'amaligho ayo ?
Un suffisant lecteur découvre souvent ès écrits d'autrui des perfections autres que celles que l'auteur y a mises et aperçues, et y prête des sens et des visages plus riches.	Omusomi mughum'akafumbulha kanzi kanzi ebisako byabene  omobukomereri'ebindi ebith'ebyo muhandiki, nerihabi'obusu  obobutheke.
Veuillez laisser un message après le signal sonore ou bien nous jeter des bonbons dans la boîte aux lettres.	Ushighe omulagh'enyuma mulhenge kutse uthughusir'esyo bonbon  omo kilop'ekyosyonzakano.
Je suis navré, je n'ai pas pu vous écrire plus tôt.	Nganyire, monyithitakusakira luba.
J'aurai un entretien avec le professeur à 13 h 30.	Nyinyalwe nyiwithe omukania  nomughalima oko saha irinda ne nusu.
Il vit dans un appartement de luxe près de Central Park.	Mwabia omo mbimbano eyo bughulhi bunen'ehakuhi ne Central Park.
La confiance en soi est une chose saine, tant qu'elle ne rend pas les autres malades.	Eriyihiram'amaha nikibugha, omughulu sikyeyir'abandi mobakoni.
Je vous serais reconnaissant de bien vouloir m'envoyer des renseignements sur votre établissement.	Ngandi kusima okwibya imoghukandumira emyatsi  eyi lhebiry'ebisenge  byenyu.
Je vais sauvegarder ma partie avant d'affronter ce boss.	Ngandighemera oluhande lwagh'embere nyikalhambane nomushungu wawu.
Ce que tu as dans le coeur déteint sur ton visage.	Ekyo ghuwithek'omomuthima kikayikangaya oko busu bwaghu.
Mais, dit-elle en tombant à mes genoux, il y a quelque horrible méprise : je n’aime que toi dans le monde ; tu peux m’en demander les preuves que tu voudras.	Alhiwe, mwabugh'aka lirirokomaru waghe, halhi akalhinga kaghonero : iwe musa yonyanzire  omo kihugho;  wanganambulhia ebika minyisaya ebyosi ngoko wanzire.
J'ai pensé que Ethan allait demander à Henriette de l'accompagner à Boston.	Mongalhengekanaya ngoko Ethan angayiriyabulhya Henriette erimukwamanisy'e Boston.
Il fut pris d'un accès de panique et commença à frapper contre le mur avec les poings.	Mwabiawako no musueko nerio mwalwatsuka eri hindanga oko luhimbo  omo mangume.
Il est tellement ouvert aux impressions qui effleurent à peine le commun des esprits doués et vibrants qu’il trouve cette expression admirable et étrange : « l’oreille voit ».	Niarangwa  oko byanzi  ebikatsemesaya  emithama  eyehakilhi  kwangasabya omulond'oy'owatsemesirie nowa handi : « okuthu  kukalangira ».
L'amour est en France une comédie, en Angleterre une tragédie, en Italie un opéra et en Allemagne un mélodrame.	Ebufranza, olwanzo nibisanda, e Angleterre ni bwithi, E Italia e nikighona ne Allemagne ni byosi.
Je me demandais quand tu allais me dire que tu m'aimais.	Nilwengayi bulhia mughulu wahi wangambwire koghunyanzire.
L'avocat attendait Ben.	Omusosi anabiahulikire ndeke.
C’est toujours la même histoire. Vous oubliez toujours où vous mettez les choses. Regardez dans vos poches.	Yenehistoria ngumerera. kanzi kanzi ukabirirawa oho uka thek'ebindu. Lhebaya omo mifuko yaghu.
Passé un certain âge, les blessures mettent longtemps à guérir.	Erilaba omomulhengo lughuma, ebironda sibilama luba.
« Bon, je vous laisse dans votre petit coin… Je vois que vous y êtes très bien », dit Mlle Schérer en passant.	« Ngabasigha omongonde yenu… Namalangira ngoko mwamayowamo ndeke », mwabugha Mumbesa Schérer akalaba.
""" De cent fameux combats on recherche la trace : / ici le fier Pyrrhus signalait son audace ; / là le fils de Thétis rangeait ses bataillons ; / ici c'était leur flotte, et là leurs pavillons. """	"""Okomalhiba ighan'awashibwe bane murondia olughobe :/ hano Pyrrhus  alwe inyane mukanzia erisonda riwe ;/ halhia omughala wa Thétis  alweinyanemuthonda esyongabo siwe;/ hanohabia ebinzi, nahalia  obuluheke bwabo. """
J’aurais aimé avoir un mignon petit frère, ou un grand frère cool.	Nabianyanzire inasunga omulere waghe oyughambire, kuts'omukulu waghe oyo atsemire.
Aucun de mes gars ne veut s'engager dans les forces spéciales.	Nomughuma mobalumuna baghe, sihalhi noyukathayitheka omo  mikololo ya balhasi.
Aucun autre garçon dans notre classe n'est plus studieux que Jack.	Nomulwana nomughuma oghomokalhosi kethu syayithondekire okomakangiriria nga Jack.
Vous pouvez mettre vos affaires dans le casier puis choisir un code pour le fermer.	Wanganatherithek'ebindu byaghu omo kisanduku nerio iwatsakura  ekumbo erikinga.
Sortez ! Ne jouez pas ici !	Ulwaho ! Isimwatsangir'ahano !
Tu arrives trop tard. La rencontre est terminée depuis trente minutes.	Wamatselewa. Olukurwatho lwahere anahwere mathondi makumi asathu.
« Dis, c’est vrai que tu sors avec Ethan ? » « Hein ? Qui t’a dit ça ? »	« Thahie, nikwenene mwabiranzana Ethan ? » « Yaaa ? Oyulhia kubwira athia nindi ? »
Quand tu dis : « Salut les mecs ! » ou « Salut les potes ! » à un groupe de gens que tu ne connais pas, comment sais-tu que l'un d'eux aurait pu être ton futur patron ?	Omughul'ukabugha uthi : « Kuthi balumuna ! » kutse« Kuthi banwani ! » oko kikumula ekyabandu aboghuthasi, wangaminya ghuthi ngoko omughuma wakubo angabere musungu waghu ?
Bonsoir, chérie !	Kuthi, mwanzi waghe !
Si vous voulez savoir la vérité, écoutez les fous.	Wamabya iwanzire iwaminya ekwnene, uhulhikirire abashire.
Votre avenir est devant vous, surtout ne vous retournez pas.	Ikyakayaghu yiri embere syaghu, kalhengyo sighuyisibay'enyuma.
Allez de l'avant tout en sachant que, bien plus tôt qu’il n’y paraît, de nouveau s’ouvriront les larges allées par lesquelles passe l’homme libre, pour construire une société meilleure.	Ulolay'emulhiro ighunasi ngoko, hakuhi sikyangabere, oko buhia esyonzira sikasyayikingula esy'omundu oyulhibwirand'akasya labamo akaya himba ekihanda ekibuya.
L'iris japonais, qui est associé à la fête des garçons (5 mai), n'est pas une fleur très jolie.	Eriranga erye Japane, erihirirwe oko kisiyisiyi ekyabalwana (5 mai), siriwa eritsemesirye.
Pour trouver cinquante personnes pour une fête, on doit envoyer à New York cent invitations. A Hollywood, vingt-cinq suffisent.	Okwisung'abandu amakumi awathanu busana nekisendebelhe, e New York yangathumwa erighana ryesyo invitation. E Hollywood, makumi abiri natanu atosire.
Mathis est apparemment chauffeur de camion.	Alinga Mathis nimughendia wekiheka.
Rien de tel après une dure journée de boulot que de se poser dans le canapé et regarder un film.	Butsira ebiring'ebio enyuma syekiro kiri ekyomubiri ngeriyi bika omo kisenge nerilhebya ebisesani.
Elle est tombée amoureuse d'un mec gay du gymnase.	Awakanz'omulwana mughuma oyukanza abandi balwana oko kaghulughulu.
Bonjour. Es-tu Jackie Scott ?	 Kuthi. Iwe Jackie Scott ?
Partout à la radio il y a des nouvelles de l'explosion qui a eu lieu récemment.	Ahosi oko binimba yiri omwatsi ogholuhut'olulwe sesene.
La dernière fois que je suis allé au concert de Lady Gaga, bien qu'elle eût fini toutes ses chansons, beaucoup de personnes dans le public n'étaient pas satisfaites.	Ekiryo ekyerinyumanyuma omughulu naya oko kisiyisiyi kya Lady Gaya, mwalhi mwabugha ehisimo hiwe ehyosi, abandu banzi mobatha bughirira.
Un journal intime est une excellente façon de garder une trace des évènements de ton passé et de penser à ton futur.	Ekirango ekyanzirwe nimwanyenda oweribika olughobe olwekera yaghu nerisyalhengekania oko nzakya yaghu.
J'aimerais que vous me disiez ce qui s'est passé.	Nganza iwambwir'ebiryalaba.
Ne posez pas de questions, contentez-vous de suivre les ordres.	Sighubulay'amabulhio, alhiwe ukwam'emighambo.
Ils ont tenté d'affronter notre position avec leurs lourds robots J-23, mais nous avons contré la poussée en déployant des milliers de mines intelligentes et en concentrant nos tirs de mitrailleuses.	Mobakanalheng'erikalambana noluhande lwethu nehingithi hyabo J-23, alhiwe mothukakunab'omwithumayo enzihinenzihi  eyesyomine eshyamenge nerihanda emilirhi eye syombundu nenene.
Les bâtons de colle et les gommes font partie de ces choses qu'on perd plus souvent qu'on en voit la fin.	Emithi haghuma ne bisimirio nibighuma ebyo ko bindu ebyobaka heraya  kanzi kanzi bangalangir'endulhia.
Un fonctionnaire du Conseil de Transition a déclaré à la presse qu'il prévoit que la production de pétrole atteigne un million six cent mille barils par jour d'ici un an.	Omukolhi oghomombitha esyo mulabira mwakabwir'abathula ngulu  ngoko akatheghekanay'erilusya ebithorolhi obukalusaya lumbuka omomiloni nguma bighonye ndathu maghana esyongungulhi oko kiro hathia omo mwaka mughuma.
Tous les dimanches, je me rends en voiture au temple bouddhiste du coin. Je conduis très vite, avec la musique à fond.	Obulhi yenga, ngaghenda omo ngurubani omo buhima bwaba bouddhiste  bomo gonde. ngaghendaya luba luba, nehilikiliki ihine muthakuka.
La pollution est telle à New York que les joggeurs portent souvent un masque quand ils courent.	Obuthuku butsandenie New York kika lekabakakol'esport ibambal'ehiswika buno omughulu bakatibita.
Tous les passagers de la voiture dirent qu'ils voulaient sortir se dégourdir les jambes.	Baghendi bosi abomo ngurubani mobabugha ngoko banzire ibahuluka  erikaky'amaghulu wabo.
Quand je couche avec elle, j'ai l'impression de me taper une poupée gonflable.	Omughuma ngaghotsera nayo, ngabia ngananywir'ekisamalhi.
Il peut courir 100 mètres en douze secondes.	Angana ghuluka metere ighana omo mathond'ikumi nibiri.
Dites ce que vous voulez, cela ne me gêne pas.	Bugha ekyo wanzire, ekyo sibinyilhethera mbanza.
Là, je me sens à l'abri, protégé par l'amour de tous les miens.	Halhia, ngayowa emwisisye ngabo, eritheghibwa onolwanz'olwa bosi baghe.
Les médecins ont prélevé le bloc cœur-poumons sur un patient en état de mort cérébrale pour le transplanter sur un malade atteint de mucoviscidose.	Abathahwa mobaka sosola enusu yoko kibahamba omulhima okomukoni  oyukwir'emucoviscidose.
S'il vous plaît, laissez un message après le signal ou quelques caramels dans notre boîte aux lettres.	Wama sonda, sigha omulhagh'enyuma syekikanganio kutse omo kisanduku kyethu ekyesyonzakano.
Je me suis brûlé le bout du doigt.	Mongayithimay'okomunwe.
Amanda et Wolfgang choisirent Perpignan pour leur voyage de noces.	Amanda na Wolfgang mobasombol'eriya e Perpignan okolughendo lwabo  olwendwa.
Cher journal, aujourd'hui j'ai rendu ma femme presque dingue avec la musique du groupe belge Telex. C'était très marrant.	Kighula ngulu, munabwire monga theka mukalhi waghe ahuki okokasimo  ake kikumula ekye bubelhesi Telex. Kyabya kisekya.
Dix-sept matelots sur le coffre du mort... Yo ho ho ho et une bouteille de rhum !	Amatho erikuminirinda yoko kasanduku koluholo... Yo ho ho ho netsupa y'ehoma !
Vue de la Lune, la Terre ressemble à une balle.	Erilangir'omughenda, ekithaka kisosir'akaghulughulu.
Qu'as-tu donc à perdre à l'inviter à un rencard ? Un peu de fierté sans doute ?	Uwithe kyahikyeriheria uka mubirikir'oko ndaghane ? Emiyiheko alhinga ?
Les enfants étaient assis autour du feu de camp et écoutaient Gabriel qui racontait des histoires de fantômes.	Avana navo vanalwe ibikere hakuhi nekiriko ivanemuhulhikirira Gabriel oyo wavia akakania emyatsi eyevirimu.
Partout où tu iras, tu seras bienvenu.	Ahosi aho ukandiya, ukandi kokivwa.
C'est bien de pouvoir concentrer tout son esprit sur son travail. Mais on oublie complètement les gens autour de soi.	Kyowen'eriyikuhir'oko muviri wawu. Alhiwe vakiviriraw'avandu avalhi eluthambi siwe.
Excusez-moi, mais est-ce que vous pourriez vous déplacer un peu pour que je puisse m'asseoir ?	Unganyire, alhiwe, wanganasyaghenda hake imo nangikala ?
Découvrant que sa femme l'avait souvent trompé, de rage il veut la tuer, mais pas moyen de soulever le cercueil où il était depuis deux ans.	Mwafumbula ngoko mukalhi wiwe abia inyaka mutheba kanjikanji, omwihitan'akasonda erimwitha, alhiwe sihalhi nzira eyeri sumbamo erikeregheth'eryabiamo hakuhi myakibiri.
Ma soeur est une idiote.	Mwalhi wethu nikikiru.
Il essayait de ne pas trop penser à ses propres problèmes.	Mwakanalheng'erilhengekania binji oko mbanza shiwe.
Vous devriez sortir ces animaux de la cage.	Mulusay'esyonyama esyo syomo vulhunga.
Cette région tropicale reçoit chaque année 1800 mm de pluie en moyenne.	Ekithatha eki kikakokaya oko bulhimwaka kighonye kighuma na maghana  munani esyehithondi hiembula.
Certains Palestiniens qui vivent prisonniers près du mur de séparation raciste en Cisjordanie ne peuvent même pas voir le lever du soleil de leurs maisons.	Abanya Palestine abaghumabaghuma abakaby'inibabohw'aholuthambi  oko luhimb'oluka ghabanaya esyoranzi e Cisjordanie sibanga langira  eryuba rikabuka omo mbimbano syabo.
Punaise, ça faisait un moment que j'étais pas passé, qu'est-ce que ça bouge maintenant sur Tatoeba !	Lusango, habia ndambi nguma nalaba, kikabongiabonjia lhino oko Tatoeba!
Je n'aurai pas cru une seule fois que Théo ne disait pas la vérité.	Sinangikirirye oko ngendo nguma ko Théo abia isyalhibugha ekwenene.
J'ai entendu dire qu'il ne fallait jamais épouser son premier amour.	Mongowa bakabugha ngoko isiwanasyathaya omwanzi waghu  ewerimbere.
Il discutait de la réunion d'hier soir avec son ami Jesse jackson.	Balwebakabugh'oko lukurath'olwa mulhigholo nomunwani wiwe ye Jesse Jackson.
Désolée pour le bordel !	Munganyir'oko ebyo !
N'ayez crainte de la vie. Croyez qu'elle vaut la peine d'être vécue et votre foi aidera à créer le fait.	Sighusagh'eribiaho. Uminye ngoko nikyamuhungo eribughabio nerikiriria ryaghu rikandi wathiky'erikokothy'emyatsi.
Je suis désolé d'être tellement en retard. La réunion m'était complètement sortie de l'esprit.	Namaswek'eribia mungatselewa. Olukuratho molukalw'omo malhengekania waghe.
La femme se marie dans l'espoir que son mari change, mais il ne change pas.	Omukalhi akalhunga omobwenge ngoko ibawiwe akandibinduka, alhiwe  syalhi binduka.
J'ai vu un homme bizarre avec des lunettes noires, tourner autour des toilettes pour dames.	Mongalangir'omundu oyutsandire inianambith'ebilangiri ebyomwirima,  akathimbathimb'enyuma syekabine akabakalhi.
Dieu lui a donné un visage magnifique et une voix merveilleuse.	Nyamuhanga mwamuha obusu obukangabasenie nomulhenge oghuwene.
Thomas m'a demandé que tu passes le voir tout de suite.	Thomas mwakambwir'athi uyamusunge hathia hathia.
Elle se souvient de la voiture de Monsieur Black.	Akebuka engurubani yo Mulumuna Black.
Ce procès traînait dans les délais, dans le lacis inextricable de la procédure, arrêté par les ambages d’un odieux avocat.	Omusangoyu amamala, omomithondeker'eyo mulondo, eyerilusya   omobiala byo musosi.
Désolé, mais j'ai déjà une religion, et je ne m'en sers pas beaucoup.	Namasweka, alhiwe nyinawithe omutawa, nasindi mukolhesaya  kanzikanzi.
Je n'ai pas écouté ce que tu me disais, à vrai dire je m'en cogne comme de mes premiers dragibus.	Monyithithowa ebyoghulia mbwira, okwibugha ekwenene ngayihuma  ngabenzi baghe aberimbere.
Dean mange vraiment beaucoup, n'est-ce pas ?	Dean akalhia binzi, kobithe bithya ?
Aucune clé n'est nécessaire, on tape un code.	Sihalhi olukingulhi olwangabia nendundi, niband'okokumbo.
Nous sommes prêts à tout pour envoyer notre enfant dans une bonne université.	Thunayitheghekenie oko byosi erithum'omwana wethu yokokiyiro kikulu.
« De la sorte, il passa un an et dix mois, après quoi, sur les conseils des médecins, on commença à le sortir et une belle charrette à bœufs fut construite grâce à l'ingéniosité de Jean Denyau. »	« Omo muhand'owalinga oyo, mwabugha omukera mughuma nemis'ikumi, enyuma, oko mbitha esyabathahwa, mobatsuk'olughendo nerisasi  moringir'omo pundanayo yakokothibawa omwilabira  obukengereghesania bwa Jean Denyaeu. »
Ce n'est pas une maison de fous. C'est une clinique pour les personnes mentalement instables.	Simbimban'eyabasire. nikilamiro ekyabandu abathatheghekene omokirimu.
Le hall d'exposition de notre société a été un succès auprès des dames.	Ekiseng'ekyerikaniriakomo ekyekihanda kyethu mokika biakibuy'ahakuhi  na bakalhi.
J'y fonde une cité ; je l'appelle Ilion : / l'heureuse colonie applaudit à son nom. / Je l'invite à chérir sa demeure nouvelle, / à bâtir de ses mains sa haute citadelle.	Ngakokothaya ho muyi; ngabirikiragho mo Illion : /obuthabalhi bwabakondomia mobwabia nobutseme neromobwaband'okobyala  okorina riwe. / Ngabimwira nyithi atsuk'erianza embimbano yiwe nyihakia, /nerihimbomobiala biwe omuyi muhiaka wiwe.
Allô ! Qui parle ? Tu ne me reconnais pas ? C'est moi, Aldo !	Allô ! Oyukabugha nindi? Sighunyasi? Ninje, Aldo!
Cherchez et vous trouverez. Ce qui n'est pas cherché reste caché.	Usondaye ukandi sunga. Ekitasondire kikasighala ikinabisire.
Si tu vas épouser un gars qui vit en Italie, tu devrais apprendre l'italien.	Wamabya ighukandi thahia omulwana oyulhi e Italia, wangighir'eki italiano.
Lorsque vous voulez que ceux qui travaillent soient contents, vous devez leur payer un salaire suffisant.	Omughulu wanzire abaka kola babye nobutseme, ngambe iwahabo endihi yabo.
Loin de reléguer les arts dans la classe des superfluités utiles, il faut les mettre au nombre des biens les plus précieux et les plus importants de la société humaine.	Halhi okwisathum'amatheghek'omobiyiro ekirimo ebindu ebyendundi, kumbe ihabia esyo metere okwighanza erye vindu eviwith'endundi omo vandu.
Il ne faut pas jeter par terre ni os, ni coque d'œuf, ni pelure d'aucun fruit, ni autre chose qui ne se mange point: il est plus séant de les poser sur le bord de l'assiette.	Sighuhusange oko kithaka erikuha, nekikulo ekyeriyaya, kuts'ekikuku ekyerithunda nerighuma, kuts'ekindikindu ekithe lhibawa : kiowen'eri hirakyoholuthambi lwoko sahani.
Mon copain ressemble à ta copine.	Omwira waghe alingirirene nowaghu.
Les femmes étaient terrifiées, et le cœur de Nathan battait à se briser dans la poitrine, tandis qu'il écoutait les cris douloureux d'un être qu'il avait jadis si tendrement aimé qu'il chérissait encore.	Abakalhi balwe bakubahisibwa, nomuyhima wa Nathan abiaka pukapuka eriyiband'oko kikuba, alhiwe abi'akowa emireng'eyithire obuba eyomundu mughuma oyoabianzire kundu  kera na  munabwire.
Parle à tout le monde dans le langage de l'amour. N'élève pas la voix. Ne jure pas. Ne fais pas de vilaines choses. Ne cause pas de larmes. Calme les autres et montre de la gentillesse.	Bughanovulhimundu ghosi omomuvughe ogholwanzo. Sighusumbe omulhenge. Sighulahiraye. Sighukol'ebindu bithowene. Sighulhek'emisonia ikathogha. Lemb'abandi na ukangayeb'obolo.
Vous ne voulez pas vous marier non plus, exact ?	Siuwanzire mukasyalhunga, konine ?
Tu ne penses pas que les cookies qu'on a faits aujourd'hui sont les meilleurs de tous ?	Siwasi ebikokyo ebyothulhia kokothaya munabwire ngoko bilabir'okobindi byosi ebyo thwabiri kokothya ?
Une femme a apporté au photographe une photo de son mari décédé, prise alors qu'il portait un chapeau.	Mukalhimughuma mwakalhethera omuhambi owesyofoto  ekisasamira kibawiwe oyowahola, ekimibawa omughulu abiainianambithe esapu.
Salut les gars! Nous commençons une autre vidéo sur YouTube.	Kuthi banethu! Thukatsuk'ekindi kihindi kiebisesani kyoko YouTube.
Le site est d'ores et déjà disponible en sept langues et nous espérons pouvoir introduire de nouvelles options dans les prochaines semaines.	Ekibuthe kyamabitheghekanibwa omomibughe irinda nathukalhengekanaya eribia ithwangana hiramo emithahi mihiaka omomayenga awakasa.
Aux États-Unis d'Amérique, vingt millions de nouveaux emplois ont été créés dans les deux dernières décennies, la plupart d'entre eux dans le secteur des services.	Omobughuma bwevihugho ebye buamerika, milioni makumi abiri eyemibiri mihiaka moyika bumbawa omomighulu eyibiri eye ndulya, eminzi yamuyo yiri omomuthahi owe mibiri.
"""Salut! Je m'appelle Nick. Content, de te –"" – ""J'ai un copain."""	"""Kuthi ! Ngahulawamo Nick. Namatsema,eri–"" – "" ngwithe omwira."""
Qu'est-ce que tu as offert à Mike pour son anniversaire ?	Mukaha yo Mike yoki oko okomwevukyo wamabutwa wiwe?
Je suis désolé d'annuler le rendez-vous à la dernière minute.	Munyihanyir'eribya inamasuvia endaghane ryenyuma okokathambi kendulya.
Tu manques de suite dans les idées.	Wamavula ahonah'omomalhengekanya.
La bouffe est prête !	Ebyalya byamabibiteghekanibwa !
Chaque fois qu'un tel échec survient dans un autre service, je suis tenté de les traiter d'idiots, mais alors, des gens comme vous se présentent pour montrer ce à quoi la vraie bêtise ressemble.	 Kanjikanji omughulu halhi erithaluka ngeri erikakwama omoghundi muviri, nganalunimi'abandu bosi mobikiru, alhiwe, abandu balingenyu bakassa erikangya obukiru ngabusosire ki.
Hé, gamin ! Ici, c'est notre territoire !	Hé, mwana ! Hano, itwetukabugh'ekye mwiso !
Je n'ai jamais joué au golf, mais je crois que je vais essayer.	Sinythe natasath'oko Golf, haliwe ngalhengekanaya ko nanganapima.
Au cas où tu aies l'intention de m'envoyer de l'argent, alors ne m'en envoie pas trop peu.	Wamabia ighunawithe omuhwa owerinyithumira esyosende, neriosighuthumireko luke.
Ils sont en train de dispenser l'amour avec les mains sales.	Vanemukangirirya olwanzo neviala evitherire.
Pour avoir quelques d'informations sur les problèmes économiques du Japon, vous ne trouverez aucun livre très utile.	Erisunga esyongulu ngumanguma okovilheviry'esyombugha esyolumbuka e Japon, siwendisunga kithabu kyosikyosi ekiwithe erivindula.
Je me suis rendu dans une nouvelle épicerie qui a ouvert dans le quartier et ai reçu un don de pain gratuit.	Mongay'omomakasini mahiak'awalhiakingula omokatsaruhande neriomungahavawa ovundu vovusa.
Je n'ai pas vu Rick depuis qu'il est rentré de Nouvelle-Zélande.	Sindithalangira Rick eritsuka ohoasuvira e Nouvelle-Zelande.
Eh ben, tant mieux! Ce sera d'une pierre deux coups!	Ehe, kyanja ! Tukandi kolerebiosi oko ndambi nguma !
Je dois reconnaître, que j’aurai rien compris sans sous-titres.	Ngamb'inaminya, ngoko sinang'owa ekindu butsir'emilondo mikemike.
Eh ben voyons ! Et puis quoi encore ?	Tasyakangya ! Kandiki kwe ?
Vous étiez censée être mon amie !	Nyilwinilhengekenie ngulimwira waghe !
Permettez que je vous pose quelques questions, je vous prie.	Nganyire ngakubulay'amabulio make, kisi kisi.
Qu'importe si ces politiques disséminées partout sur la planète provoquent le chaos social comme en Grèce ou ailleurs.	Sivitsomene angabya iniwakipolhitik'awallhiahosi akalhetha ovuyirevuthi omovandu ngevugiriki kutse ahandi.
L'homme qui a appelé il y a une heure était Frank.	Omulume oyukalwa okwivirikira hathiahathia abya Frank.
J'ai traversé une épreuve terrible.	Mongalaba omokika ekikalhire.
Où dois-je me rendre pour être admis en salle des urgences ?	Hayihonangaya okwikokibwa omokisenge ekyamabalyaweluvaluva ?
Vous devez étudier dur pour rattraper votre classe.	Wangayifunza kundu imowahamb'akalhasi kenyu.
Défiez-vous de ces cosmopolites qui vont chercher loin dans leurs livres des devoirs qu'ils dédaignent de remplir autour d'eux. Tel philosophe aime les Tartares, pour être dispensé d'aimer ses voisins.	Ekyagh'ekyomovunji avakandirondia halhi omokithavu kyabo evieri kola evyovalwe vakaghonera erisulhia oholuthambi kwivo. Oyuka lhengekanaya ngoyu anzire evithalhithalhi, eribia inyanganza abahimbani biwe.
Demandez et l'on vous donnera; cherchez et vous trouverez; frappez et l'on vous ouvrira.	Ubulaye nabakandikuha; usondaye na ukandi sunga; ukongothe na ukandi kingulhirwa.
Combien de langues Charlotte peut-elle parler ?	Mibughe mingahi charlotte angabugha ?
Laissez tomber ! C'est trop risqué.	Mulhekerebyaho ! Biangithisya.
N' aie pas peur ! Si tu m'aides, tout ira bien.	Sighukwebuba ! Wamagwathikya, ebyosi bikandi yithwala.
Mais a-t-il conscience du message négatif qu'il envoie ?	Alhiwe anayiminyire okomulaghe owathuwene owakathuma?
La police est certaine de l'appréhender au bout du compte, où qu'il aille.	Epolishi yanayitheghekeny'erimutsimb'okondulhia, angayahi.
Si l'Etat persiste à imposer systématiquement de nouvelles taxes aux Français, ils quitteront la France.	Obuthabalhi bwamabirigha erihiraho evitasi vihiavihia okovafranza,ibakandi lw'e France.
Qui ne parvient pas au fleuve Jaune n'a pas l'esprit en paix, et une fois parvenu n'a plus que ses yeux pour pleurer.	Oyuthihika okolusi lomulhinga nindi syawithe erithekana, na amahikayo iniakandibia namesowiwe erilhira.
Je parie que tu te demandes comment ça marche.	 Ngakubabo ngoko ukayibulaya ngobika ghenda bithi.
Je ne connais pas la clé du succès, mais celle de l'échec est d'essayer de plaire à tout le monde.	Sinyasi olukingulhi olwerikumayira, alhiwe olwerithaluka nerilhenga eritsemesy'abandu.
Pour la seconde fois en un mois, il y a eu un puissant tremblement de terre au Mexique.	Engendo yakabiri omo mwisi mughuma, mohakaby'omusiki munene e Mexique.
Ils disent que le Jour de Colomb, le fantôme de Christophe Colomb sort de sa tombe et parcourt le monde en punissant les méchants enfants qui ne croient pas en Christophe Colomb.	Bakabugha bathi ekiro ekyakalikuku, omulhimu wa Christophe Colomb mwalwa omwisinda amalender'omo kighugho kyosi akahum'abana batsibu abathikiriraya  omo Christophe Colomb.
Pourriez-vous expliquer la dernière section plus précisément ?	Wangana hambulir'abandu bo ndeke ekibaruha ekio bolobolo ?
Un ordinateur c'est comme un frigo : on le branche et ça marche.	Ekisengula kokine ngamathwa : bakathekakyo oko mulhiro  neryo  ikyatumika.
Je t'appellerai dès que j'en aurai fini avec mon travail.	Ngandikubirikira nabibugha nomubiri waghe.
Helen garde sa chambre toujours propre.	Helen akatheghekanay'ekisenge kiwe mobuyonzo.
Il travaille en tant qu'enseignant, mais en réalité c'est un vampire.	Akakola ngo mughalhima, alhiwe oko kwenene ni mulhimu.
Éveillé, le souvenir de son Éthel dominait toutes ses pensées ; endormi, ce souvenir devenait comme une image fantastique qui illuminait tous ses rêves.	Erilhibul'ameso, enyebukyo eya Ethel wiwe yabia omo mahengekania wiwe; abiakabia ngekisasamira ekithir'obuba kand'ikikakolheria esyonzolhi siwe.
"Faites bien attention à mettre le bon objet avant de m'envoyer votre e-mail, autrement il finira dans le dossier ""pourriel""."	Ulhebaye ndek'erihiraho kindu ekiowen'embere undumir'e email yawe, bithe bithya kikandihwera omo dosyo yebihondero.
Si c'est urgent, est-ce que je peux lui envoyer un message sur son téléavertisseur... ?	Byamabya inibialubaluba, nibugha halhi, nangana muthumir'enzakano yoko téléavertisseur... ?
L'agent de police indiqua que ça avait l'air d'une blessure par balle volontaire à la tête.	Omukolhi gho bupolishi mwakanzia ngoko kyabia kiwith'eribyaho eryekironda ekyerisasi ryerilhengera omo muthwe.
De belles paroles, une belle mélodie. La chanson est tout de suite devenue ma préférée.	Ebinywa ebisihire, akashimo akasihire. Olwimbo mongalu nianzalo kutsibu.
Mon père ordonne alors de repasser les flots, / d'aller interroger les trépieds de Délos, / d'apprendre dans quels lieux doivent finir nos peines, / nos travaux renaissants, nos courses incertaines.	Thatha waghe akaluniabwugha athi baya gom'ebihunga,/ eriyabulhya amaghulu awe Délos, /neriminya handu hayi hohangahwera amaghalhi wethu,/ emibiri yethu mihyaka, esyondibitho syethu.
"Pour les personnes qui comprennent quelque chose à propos de l'art, il n'y a pas besoin de mots. On dit ""Hm!"" ""Ha!"" ou ""Ho!"", et avec cela tout est exprimé."	"Okobandu abakowa bighuma bighum'ebilhebiry'obuhabwa, sihalhi yithagh'ebinywa. Bakabugha ambu ""Hm!"" ""Ha!"" ou ""Ho!"", nebyo ebyosibibughirwe."
J'ai aimé, j'aime, j'aimerai l'idée de Tatoeba.	Monganza, nanzire, ngasyanza obulhengekania obwe Tatoeba.
Si c'est pas cassé, faut pas chercher à le faire réparer.	Kyamabya isikitwikire isiwarondaya erikanisakyo.
Il espère revenir l'an prochain.	 Akaghanza eryasa okomwaka owakasa.
Pitié est morte, amour est enterré.	Nganyire abiri hola, lwanzo lwabirithabwa.
S'il te plaît, s'il te plaît, continue de chanter faux !	Kisi, kisi, ghulolay'erimba muhanda!
Le commandant de l'unité a donné l'ordre de déposer les armes.	Omukulu oghobulhasi abitheka omughamb'owerisigh'esyombundu.
Pour quelqu'un qui est censé être expert, vous ne semblez pas en savoir long.	Okomundu oyowabirihiraho ngo mukulu, sighusosir'eriminyabio bulhi.
Le joyeux Ned se proposait de revenir le lendemain à cette île enchantée, qu'il voulait dépeupler de tous ses quadrupèdes comestibles.	Omutsemi Ned abya akayithagha eryasa enziakya oko kitsira ekyabanzire, iniabugha kwabandu okobyosi ebiwithe amaghulu awani ebikalhibawa.
Ne soyez pas méchant, s’écria Anna Pavlovna en le menaçant du doigt.	Sighubye mutsibu, mwalaka Anna Pavlovna akamubahisia omomunwe.
Hier, Jules a été blessé dans un accident de moto, donc il ne pourra pas participer au cours de gym pour le moment.	Mulhigholo, Jules mwaghuthere omo kisida ekye pikipiki, nibwambu syendi singira oko makangiriria awerikakya emiki oko ndambi halhya.
Tu parles en premier; je parlerai ensuite.	Uketsuk'eribugha; naghe ngandi bugha oko mwisho.
J'espère que vous serez des nôtres.	Ngalhengekanaya ukandibya wethu.
Selon mes dispositions en ce temps-là le contenu de ce livre devait être formé par des données, qui seraient pour la présentation des choses spirituelles, des informations cohérentes pour les pensées utilisées dans le domaine des sciences naturelles.	Erikwamana nemitheghekerere yaghe, oko ndambieyo ebiri omo kithabu eki byangabere isibyowika omwilabira emyatsi, eyanga bere iyi kakangaya ebindu ebyekikirisitu, esyongulu esisombwere okobyalaba ebyakolhesibawa omobyekisiasa kyakera.
La chirurgie laser peut corriger certains problèmes de la vision.	Omuthahwa muthuli angana ghombola emisango mighuma mighuma eye mbere.
Eh ben mon cochon !	Ehe ngulube yaghe!
L'opinion publique joue un rôle important dans le domaine politique.	Amalhengekania awabandu akaba nendundi nene omokipolitika.
Je passe l'info à Noah.	Ngalabiraya engulu yo Noah.
Amiral, un vaisseau non identifié s'approche de notre position.	Mukulu, omughende owathasibwe anemuseghera eryo thuli.
J'irais décrocher la lune si tu me le demandais.	Nanganaya sondi'omughenda wamabinisabagho.
Vous devriez lui présenter des excuses pour être arrivés en retard.	Ngamb'imwamusab'obughanyiri kundi momuka tselewa.
Au secours ! au secours ! Arrière, sacrilège ! infâme ! maudit !	Munyiwathikaye! munyiwathikaye ! Enyuma, kitsivu ! Kitsivu ! omútsumulwa !
Tu laisses toujours la fenêtre ouverte lorsque tu dors.	Ukalek'eridirisya ryo uthia omughul'uka ghotsera.
Has your appetite changed?	Erilya lyaghu ryabiri binduka kwe ?
Tu dois fermer la porte quand tu vas aux toilettes, hein ?	Ngamb'iwakinga oluyi omughul'ukay'ekabine, kobine ?
Il est de votre devoir de terminer ce boulot.	Nikia ndundi okwiwe, eri bugh'omubiri oyu.
Lorsqu'on ne vous recevra pas et qu'on n'écoutera pas vos paroles, sortez de cette maison ou de cette ville et secouez la poussière de vos pieds.	Omughulu simwendisya kokibwwa nerihulikirirwa, muhuluke omonyumb'eyo kuts'omo muyi munye, musangul'ebisando bienyu okwilusyak'oluthuthu.
J'aimerais visiter New York un jour.	Nianzir'ina lhenderer'e New York ekiro kighuma.
"""Et si on jouait à se lancer la balle?"" - ""Oui, pourquoi pas?"""	"""Twanga sathir'oko kaghulughulu?"" - ""Inga, busanaki iyehe kwe?"""
Elle aime en paroles mais guère en actes. (Amour de poule qui n'a pas de sein!)	Akanz'omo binywa haliwe syanga kola kindu okwikangania olwanzo. (Olwanzo lw'engoko olutawit'endundi!)
J'ai passé l'aspirateur dans les chambres pendant toute la matinée.	Mongalabay'ekifagirokyomo byumbabyosi omothuthu yosi.
À quelle heure allons-nous arriver à Akita si nous prenons le train de 9 h 30 ?	Tukendi hika e Akita yo saayahi twamabimya engurubani yo muki oko 09h 30 ?
Jamais on ne corrompt le peuple, mais souvent on le trompe, et c'est alors seulement qu'il paraît vouloir ce qui est mal.	Konahake sibalih'ekithuliro ky'abikalani, haliwe kanjikanji baka theba abo, naho hobakanza ebithuwene.
Je ne veux pas savoir si tu n'aimes pas ta tante Marie. Tu n'as qu'à juste te forcer à sourire et supporter tant qu'elle est ici.	Sinyi takir'eriminya ngo siwanzire Sungali wawu yo Marie. Tany'eri kas'amaseka waghu neribiangomundu omughulu wosi akendi bya hano.
Avant de se lancer dans ce genre de thérapie, les souhaits de la patiente elle-même doivent être soigneusement pris en considération.	Embere syeri kolesy'amabali'alingawano, omulwer'anzire imwa kwama ebio akabugha.
Le livre « Je vous demande le droit de mourir » raconte l'épisode tragique de la mort de Vincent Humbert.	Ekithabu « Ngakusaba oluholo » kikakaniray'oko luholo lwa Vincent Humbert.
Si vous voulez que ça se passe bien entre nous, il va falloir jouer cartes sur table et ne pas nous mentir comme la dernière fois.	Mwamabianza bighende ndeke omo katiketu, ngambe imwatubwir'ekwenene yosi mukasya tuteba ngekindi kiro.
Avez-vous déjà fait l'expérience de quelque chose de vraiment étrange et que vous ne pouvez pas vraiment expliquer, mais qui, lorsque vous y pensez vraiment sans l'ignorer, vous fait finalement très peur ?	Mwanabiri pima ekindu ekyomuthemwangakola kutse erithoka, haliwe ekyo, omughulu muka lhengekanaya kyo butsiribirirwa, mukalu imubagha kutsibu ?
Commencez tout de suite, ou vous serez en retard.	Mutsuke lhino lhino, kutse muketselewa.
Georgette pense qu'Oliver passe trop de temps sur les jeux vidéos.	Georgette akalhengekania ng'Oliver akalabay'endambi nene oko mitsange yebisesani.
Il savait qu'ils n'allaient pas lui faire de fleur, que ça allait être sa fête.	Abi'asi ngokosyendi muh'amawa, ng'ikendi bya kisendebele kiwe.
Le diable se cache dans les détails, ainsi que vous le savez tous.	E sitan'ibiseme omo hindu hikehike, ngoko munaasi kyo inywebosi.
Vous m'arrêtez pour violence domestique? Franchement, les mecs!	Mukanibogha busangwa monga hunz'owo mwaghe? Nakwa, balume!
Si vous voulez que je vous embrasse, tout ce que vous avez à faire est de demander.	Mwamabighanza nibakumbatire, ekyosi ekyomwangakola nisabakyo.
Les gens meurent, normalement, si on les tue.	Abandu bakahola, kanzikanzi, bamabithabo.
Cependant, il y a des jeunes qui dorment à côté de leur téléphone mobile et l'une des premières choses qu'ils font chaque matin est de regarder leurs messages et les appels « perdus » reçus durant la nuit.	Haliwe, hane abalwan'abakaghotser'ahikwa nesyo nyakuthu syabo, nekyobakakolo obulikiro bwabikia, ryeri lhebia esyongulu esilia « balabako » baka ghotsera omokiro.
Chérie, offre du café aux invités.	Mwanzi waye, uh'akawa kabagheni.
""" Voulez-vous avec moi fixer ici vos jours ? / Les ports que je construis, ces murailles nouvelles, / tout est à vous. Allez, à ces rives fidèles / confiez vos vaisseaux, livrez-vous à ma foi : / Troyens ou Tyriens seront égaux pour moi. """	"""Mwanzire naye eri hiraho ebiro bienu ? /Aheri hiresyoryatho oho ngahimba, oluhimbo luhyaka,/ ebyosi nibiaghu. Mughende, oko luthambi lundi / muhe esyonzira syenu, mwasse eyiri obwikiriria bwaye : /Troyens kutse Tyriens nibiyim'okwinje. """
Cette voiture a le coffre sous le capot. Le moteur est à l’arrière.	Efwatiri eyi iwit'ekisanduku kiw'emwisi. Omotere an'enyumeyo.
Je savais ce qu'il avait en tête, tout comme il savait ce que j'avais dans la mienne ; et tuer étant hors de question, nous fîmes ce qu'il y avait de mieux après ça.	Nyinalw'iniasi ebiri omo mutwe wiwe, ngoko analwe asi ebiri omo mutwe waghe; neritha isirithabiaho, motwakola ndek'ekyokyabilaba.
À vrai dire, je n'aime pas la musique classique. D'un autre côté, Molly est vraiment à fond dedans.	Okwibugh'ekwenene, sinyanzire ehisimo ehihunererie. Noko lundi luhande, Molly anekati kutsibu.
Monsieur Brown cherche ses propres verres.	Mulumuna Brown akaronday'esyo verres shiwe.
Les enfants ne connaissent ni le passé, ni l'avenir - ce qui est à peine le cas chez les adultes - ils jouissent du présent.	Abana sibasi ebyakera, kuts'ebikasa-ebiobika minyiwa nabandu bakulu- abo bakanzir'eribiaho.
Il relut toutes les pages du dossier dans l'espoir d'y trouver un détail nouveau.	Mwasomo ebiyani biosi byekidosyo akalhengekaniathi akendi sung'amo mwatsi muhiaka.
Les policiers disent qu'ils savent que vous aviez un complice.	Abapolishi baka bugha bathi banaashi ngok'unalwe nomuwathikia.
A ton anniversaire, cette année, tu as eu 28 ans, Andrew, n'est-ce-pas ?	Omo kiro kyeribuk'amabuthwa waghu, oko mwak'ono, muka ira miaka 28, Andrew, kobithe bithia ?
Il est possible que je sois centenaire, ou plus ; mais ne saurais le dire parce que je n'ai jamais vieilli comme les autres hommes, pas plus que je me souviens d'une quelconque enfance.	Kiangana thokekana nibye nebihonye, kutse nene; haliwe sinyendi tok'erikubwira nyiti nyiri musyakulu kulinga bandi balume, kundi sinyibukire nobwana bwaye.
J'adore ce jeu, et je vous préviens, je gagne toujours !	Nyanzir'emitsangeyi, ngabalayira, nganasinga kanji kanji !
"Pour arriver à exterminer ou à chasser tous les Palestiniens de leurs terres ancestrales, l'on a adopté une politique de déshumanisation en les assimilant tous à des ""terroristes."""	"Okwibughaho kutse okwithibit'oko banya Palestine oko kitaka kyabo, mutwimire epolitiki yeri bimiamo ""ngabalele""."
S'il me fallait définir la vie en un mot, je dirais : « Vivre, c'est créer ! »	Nanganabere neri bugh'oko maisa omokinywa kighuma, nibughambu : « Eribiagho, nihangikwa ! »
Dans la gravure, le clerc porte une balance où les poids disent que l’égalité et la liberté amènent au soulagement du peuple.	Omwisakiro, omukara ahekire ekilos ekirobulitho bwobwiranda obuka kolay'abikalani bokwerianguha.
J'ai passé les meilleures vacances qu'on puisse s'imaginer.	Enduhuke yaye moyabia yuwenekutsivu.
C'est mon rêve d'avoir un fils qui prendra ma suite lorsque je prendrai ma retraite.	Ni nzoli yaghe eribia nomwana wobulume oyukandisya endelesaya esyo kashi syaghe nabikekeluha.
Leo a commencé à rugir quand il avait deux ans.	Leo mwaka hitana kutsibu omughulu alw'awith'emyak'ibiri.
Enzo ressemble exactement à un gars que je connais.	Enzo asosire omulwana oyoniasi.
N'importe quel appartement ira tant que le loyer est raisonnable.	Obulhi nyumba yangana lighirwa omughulu eripangisyayo riangana tokekana.
Je souhaitais vivement de pouvoir ramener à Paris ce superbe spécimen des paradisiers, afin d'en faire don au Jardin des Plantes, qui n'en possède pas un seul vivant.	Nyanganzir'eri twal'e Paris ebindu ebi, omwighabyo eririma, eritawithe nekighuma ekineho.
Ça ne te fera aucun mal de te trouver ridicule. Résigne-toi à être l'idiot que tu es.	Sikyendi kutesa eribya n'isoni. Uyikuhakuhiray'eribia kikiru ngaghu.
L'adaptation est la clé pour survivre.	Erilengererania rio lufunfuro okwibiaho.
Aucun sport n'est aussi populaire que le foot au Brésil.	Sihali amasth'awalumire nga kaghulughulu e Brésil.
Il a ouvert la cage et a libéré les oiseaux.	Mwakingul'elhithonga nerio mwahulukir'ehinyunyu.
J'ai eu le sentiment que tu allais me le demander.	Mongabya nobulhengekanaya nga ukendi nisabakyo.
Elle a réussi à faire marche arrière dans l'allée étroite.	Mwaka thok'erisub'enyuma omo kadolodolo.
« Ça, c’est une photo de quand mon grand frère était venu me voir. » « Ouah, il te ressemble comme deux gouttes d’eau ! C’est toi, là ? » « Raté ! Moi, je suis là. »	« Eno, nifothô yomughulu omukulu waghe asyanibana. » « Ouah, akusosire ngehithondi hibiri hia maghetse ! Nyinawe, aho ? » « Kamebula ! Inje, nandi ho. »
Quiquonque voudra participer devra s'adresser à notre agence.	Uyukandi anz'eribiako, ngamb'inia tubirikira.
Gloire au Père et au Fils et au Saint Esprit. Comme il était au commencement et maintenant et toujours et pour les siècles des siècles. Amen.	Obusike oko Tata, n'okoMughala n'oko Mutima mubuyirire. Kobyanaby'oko nzuko, hatya na kera na kera. Amen.
Quant à Bolkonsky, personne n’en disait mot ; ses plus proches parents regrettaient seuls sa mort prématurée et plaignaient sa jeune femme enceinte et son original de père.	Okwebilebire Bolkonsky, sihali noyulw'aka bughaho kindu; ababuthi biwe babiabaka lir'eriholariwe ryo luba, biaba bakatsuma mukali wiwe mukule n'isse wiwe wekwenene.
Vos vies seront épargnées si vous vous rendez.	Amaisa wenu akebala mwamabiyiretha.
Je croyais que Ethan aurait eu besoin d'aide pour entrer et sortir de la douche.	Nyilwengalengekania nyithi Ethan abyanzir'obuwathikya okwighend'omokinabiro nokwilwamukyo.
Aussi cette bande effrénée s'abandonnait-elle, sans contrainte, aux plaisirs d'une folle orgie. Pierre, qui seul peut être avait conservé sa raison, faisait de vains efforts pour contenir ses camarades.	Nero ekikumul'eki mokiayileka, butsiri kasakio, oko busi bwekisendebele kyabakundira. Pierre, iyuwene oyowabyaho, mwayikasire buyira, eriwowisy'abanwanyi biwe.
Thomas est sorti de prison au bout de 30 ans.	Thomas mwalwir'omo ngomo habihwa emiaka 30.
La tente du cirque était dressée dans un parking.	Akanyumbakogho bakasathira kalwe oko parakingi.
L'Allemagne et la France vont s'affronter vendredi au stade Maracana.	E Allemagne ne France bakandi satha omo byáléngekánıá̧ omo kibugha ekye Maracana.
Après bien des années d'efforts pour trouver l'homme de ses rêves, Barbara décida d'abandonner tout espoir et consentit à épouser Lucien.	Habihw'emyakaminene akasondyomulume wesyonzoli siwe, Barbara mwaluinya lheka amahawiwe wosi neriligh'eri lhunga na Lucien.
Il a été battu avec une barre de fer dans une bagarre lors d'un match de football.	Mwahunzwa nekyuma omomalwa wakaghulughulu.
Car ce que l'on a couché noir sur blanc, on peut tranquillement l'emporter chez soi.	Kundi ebyo bamubwire, byangana mughendia erihik'ewiwe.
Kylia vit en Caroline du Nord.	Kylia iker'e Caroline du Nord.
J'espère que Maxime ne sortira jamais de prison.	Ngalhengekanaya Maxime syendisyalwa omongomo.
Cabha est allée cuisiner, quant à sa belle mère elle continue à carder sa laine.	Cabha mwakanaya huka, okoluhande lwanyinyibyalabiwe akalolaya emulhiro akathimbia ovweya vuwe.
Il vient toujours exprimer sa reconnaissance au Nouvel An et pendant les fêtes.	Akasyathek'erisima wiwe kanjikanji okonzuko eyomwaka omomughulu owebisendebelhe.
Elle a joué aux cartes avec Roy.	Mwaka satha oko karithe haghuma na Roy.
Les poèmes que l'auteur a lui-même lu à voix haute ont fait grande impression.	Esyonyimbo esy'omusaki iyuwenewene alhia soma omomulhenge mulhi mosikasisiry'abandu.
""" L'horrible Céléno, s'opposant à leurs vœux, / seule ose m'annoncer la colère des cieux, / et menace mes jours de la faim homicide. / Parle : que de mon sort ta sagesse décide. """	"""Omuhanya Céléno mwakavindukak'omo ndaghane siwe, / iyuwene yowanavi'ambwirir'erihithana ryoluvula,/ nerihathikana evirovyaghe evyenzala yobwithi. / Vugha : okorivanza riaghe ovulhengekania vwawe vuvughe. """
Continue de t'entraîner tous les jours, au bout d'un moment ça viendra tout seul.	Ulolay'emulhiro namazowa ovulhirikiro, kiro kiyima vikasyasira ighuma.
Je suis désolé d'avoir causé tant de problèmes.	Munganyire erivia iniamalhet'eyesyonmbanza singaho.
Nous pensons qu'un internet libre et ouvert peut aider à créer un monde meilleur.	Tuka lhengekanaya ko e intaneti eyovwiranda neyikingwire yangana wathikia erivumba ekihugho kihiiaka.
Le boulot paie bien, mais d'un autre coté, je dois travailler douze heures par jour.	Omuviri akalhiha ndeke, alhiwe okolundi luhand, ngamb'iniakola omomasaha erikumi niviri okokiro.
Nous sommes sortis, malgré la pluie.	Mothwaghenda, mwalhi embula.
Il a volé le téléphone cellulaire de son camarade et l'a caché dans le sac d'un autre étudiant.	Mwakahungura enyakuthu yomwenzi wiwe nerivisa omwisagho yoghundi mwigha.
Vous allez vraiment à Boston le we prochain ?	Kweneneko ukaya e Boston okoyenga eyikasa?
Je vous fiche mon billet qu'il n'y arrivera pas.	Ngavaha ekihambi kyaghe syendisyahikayo.
Vous pensez que nous n'avons rien pigé ?	Ukalhengekanaya uthi sithuthowa ?
J'ai laissé par inattention à la maison les documents importants que je voulais emmener à la boîte. Serais-tu assez gentil de me les apporter maintenant ?	Mongasigh'eka evidosho evyendundi nene evyo nyiriasonda eriyhwala omokisanduku. Unemwendibia mweng'erindetherabyo hathiahathia ?
Quelqu'un a menacé de tuer cet homme politique.	Omundu mwakubahisiriraya omulume owekipolitiki yoluholo.
Ici, tireur, tu peux démontrer ton art pour de bon !	Ahano, mukuri, wangana kanjia naghu akaghala kaghu ahakalhiri !
Les gens sont vraiment furieux quand ils ont l'impression qu'on se moque d'eux. C'est pourquoi ceux qui ont confiance en eux-même se mettent rarement en colère.	Avandu vakahithana omughulu vakalhengekanaya avandu ngovakavaseka. Kyokikalhek'avanayihiriremo amaha isivehitana kitia kitia.
Ma mamie disait qu'après la pluie vient le soleil, elle était optimiste, voilà tout.	Mukaka waghe avia akakavugha athi enyuma syembula yikasa eryuva, avya isithigha, evyosi vyevyo.
Elle n'est pas uniquement mignonne, mais également gentille.	Simubuya risa, alhiwe atsangire.
Vous vous regardez dans le miroir et vous vous sentez comme une personne minable.	Ukakyireveraya omokiyo neryukayowa ngumundu oyowaviri ghalwa.
J'aimerais voir M. Terry Tate.	Nyanzir'ina sunga Mulumuna Terry Tate.
Soyez patiente madame, il ne va pas tarder à arriver.	Ghushike koyo, syendilu akavulhirayo.
L'amour rend les femmes jolies et les hommes bêtes.	Olwanzo lukayir'avakalhi movavuya alhiwe lukayiravalume monyama.
J'en parlerai avec Marty et je verrai ce qu'il en pense.	Ngandi syabughakubyo na Marty nerio ngandilhevi'amalhengekania wiwe.
Ce triste sire avait un cachet de cire.	Omubundabundirwa ono alweko kiminyikalo kyobuki.
C'est une espèce de câble complètement bidulique avec un bout de fibre optique mal collé à un embout plastique, sans doute fabriqué en Chine, et qui devrait figurer au bêtisier de la technologie.	Nimuhand'oghomulhiki awalhiko endulhi awalhiahaghumerera nowalhikondulhi eyamatsitsi, vutsira nerithikathik'akokotherivawa e chine, nowakandiby'omomighanzo eyebiri omobukengereghesania.
Cette fleur exhale un merveilleux parfum.	Eriwa eri rikathek'ebirása ebyowene.
Je regrette que tu aies autant d'ennuis.	Namasweka ukabya nesyombanza nyingaho.
Ils ont mis les voiles sur le cap de Bonne-Espérance, et embarqué pour le bout du monde.	Mobaka hir'oruswingi omo muyi oyo aka hulawamo Cap de Bonne-Esperance, nerihekerayoko kighuho kyosi.
Raphaël a voulu prouver son amour à Marie, mais je crois qu'il est allé un peu trop loin.	Raphaël alwanzire inyakanja olwanzo lwiwe loko Marie, alhiwe ngalhengekanaya ngo mwakaya halhi.
Désolé de pinailler mais le point à l'intérieur des guillemets est à éliminer.	Nganyir'erivya imunga ghanirira okovighuma vighum'alhliwe ekiyhondi ekiri omwisi syevithindi nikyerilusyaho.
""" Ah ! si ce peuple affreux brave les lois humaines, / il est, il est des dieux qui, par de justes peines, / récompensent le crime et vengent le malheur. """	""" Ah ! abikalani bano bahumayire bamathendi siky'emighambo eyovunyamundu, / ni, nibyemirimu eyi, omwilavira amaghalhi awekwenene,/ vaka hemba obwithi nerikirikishya ovuhanya. """
Quand on fera danser les couillons, tu ne seras pas à l'orchestre.	Omughulu tukendisyasathay'abakiŗú̧kıŗ́u̧, siwendisyabya omokisiyisiyi.
Est-ce que cela vous dérange d'attendre une minute ?	Ekyokyangana kukenderia erilhinda ndambi nguma ?
Yanis et Marie sont allés en croisière près de l'Italie pour leur lune de miel, mais le bateau a coulé et Yanis s'est noyé dans sa cabine.	Yanis na Marie mobakaya hakuhi ne Italie vusana nomughenda wab'oghobuki, alhiwe eryatho morikasenda na Yanis mwaka sendera omokiseng'ekyovufuhi.
Madame Parker le salua avec un sourire.	Koyo Parker mwamuramukya namaseka.
Dix minutes après qu'ils aient passé Nara, l'auto s'est retrouvée sans essence.	Vithondi ikumi enyuma syerilave Nara, enguruvani moyasungika esiyirimo evithorolhi.
Boit une tasse de lait. Ça te fera du bien.	Unywe oluthehi olw'amásabu̧. Lukandikuwathikya.
C'est une assistante efficace et digne de confiance.	Nibuwathikya bwa ndundi nobulimw'amaha.
Dans cette activité on voit tout de suite le résultat.	Omomubiri ono tukalu twasunga efaida.
Tous allèrent à la fête, hormis Jo.	Avosi mobaya omokisendebelhe, erilusyako Jo.
C'est bien de laisser le bébé pleurer de temps en temps.	Kyowen'erilhek'omwana eririra ehithambi hike hike.
Certains de ses officiers ont protesté.	Abaghumabaghuma bomo bakulubakulu mobayiheghula.
Il faudrait que vous pensiez au genre de travail que vous voulez faire.	 Ukasabawa iwalhengekania okomuhanda oghomuviri ukasonda erikola.
Ne recule pas !	Sighusuve enyuma !
Modeste et court d'imagination, Justin ne connaissait le mal que par ouï-dire.	Modeste nimukuhi omomalhengekania, Justin alwasi ebibi omwilabira esyo ambu ambu.
Mathis est hanté par les démons de son passé.	Mathis awithw'emirimu eyekera yiwe.
Je retourne voir le docteur vendredi prochain.	Ngasuvula eriya sungana nomunganga omobyáléngekánıá̧ evikasa.
C'est à tour de rôle qu'elles se lèvent pour danser sur la piste de danse.	Nyi oghundi okoghundi mobimana eriya satha.
L'action est une suite d'actes désespérés qui permet de gagner du temps.	Omukolano nibughuma ovwevika ebyosibakisithulirieko evikawathikaya eribianakathambi.
Que s'est-il passé, Sally ?	Ekirikyalava niki, Sally ?
J'ai voulu livrer le portrait d'un homme qui a probablement fait beaucoup de mal aux gens qui l'entouraient.	Mongasonda eriha ekisasamira kyomulhulume oyo wakumungula kutsibu abandu avaviavamuthimbireko.
Si tu apprends à faire des tours de cartes tu seras toujours l'attraction de la soirée.	Wamavigha erithimba ukaghab'akarate, ighukandivya mukuro owerigholo.
Aucun des quatre garçons n'avait d'alibi.	Nomughuma omoBalwana syabyawithe ekyeri yambulisyanamo.
Vouloir des preuves que j'ai raison veut dire admettre que je peux avoir tort.	Enisonda evikanganio imo nasingana nibugha hathi nangana sigwa.
J'espère que ça marchera.	Ngalhengekanaya vikandighendeka.
Elle ne disait pas un mot et semblait perdue dans ses pensées.	Avia isyalhivughakinywa nakandi avyangaherire omovulhengekania vwiwe.
L'hiver le plus froid que j'aie jamais vécu fut un été à San Francisco.	Omughulu owembeh'oghonithe natha lolako mwabia okomughulu owekihuhania ekye san Francisco.
Ils veulent des réponses à des questions que vous ne devriez pas poser.	Vakasonday'amasuviri'oko mavulhio aghuthewangavulhia.
Le Lord roule en Ford.	Owolukengerwa akaghenda omo fwatiri eyo ikaghulawamo Ford.
Vous devriez sortir et vous amuser.	MwangahuluKir'ehihya neriyatsanga.
Certains disent qu'il est dans la nature humaine de soutenir l'outsider.	Abaghumabaghuma bakavugha vathi bine omo mibere yabandu eriwatiky'abahihia.
Tatoeba : déjà entendu parler de batailles de phrases ? Ben ouais, c'est ce qu'on fait pour se détendre.	Tatoeba : inganalhindiirwe erivugha oko malwa awemilondo ? Kobine, kyotukakola omwiyiluhukia.
J'étais si pressé que j'ai oublié de fermer la porte à clé.	Nyilwe nebihutho erihika okokika mongibirirawa eriking'oluyi.
Ça alors ! Vous croyez comme ça qu'ils vont déposer les armes? Tu parles !	Ughessa ! Mukalhengekanaya, ngabakandi lek'esyombundu? Uka bugha !
Allô, ici Hugo. J'aimerais parler à Ann.	Allô, hano Hugo. Nganza iniakania na Ann.
Une année M et Mme Davis ont été invités à un réveillon de Noël dans un hôtel.	Omwaka Mulumuna na koyo Davis mobakabirikirw'okomularirya owenwilhi omo luthere.
Bien que je n'aie presque aucun argent, je suis heureuse avec toi.	Mwali sinyiwithe okolumbuka, nyinatsemire haghuma naghu.
Aucune échappatoire possible: c'est une voie sans issue. Nous sommes piégés comme des rats.	Sihalhi muhambulhy'owangathokekana : ninzira eyithawithe ndulhi. Thutenghirwe ngesyombukuli.
Bruce était terriblement déçu quand sa copine l'a quitté, mais il s'en est remis peu de temps après.	Bruce abiabulhire omuthima ghomonda omughulu omwira wiwe amulheka, alhiwe mwathulher'enyuma yohake.
Ayez la gentillesse de fermer la porte à clé quand vous sortez.	Ubye nobughenge obwerihinda oluyi omomughulu ukandihuluka.
Je t'ai obligée à être présente et alerte.	Mongakukas' erbiah'okobulhi ndambi.
Je me souviens de l'aventure de l'été passé.	Namevuka evisanda evyo mughulu owekihuhania ekyalava.
J’aurais aimé qu’il aille à l’université.	Navia inanganzir'inaya okokiyiro kikulu
Vous voulez un plateau avec ?	Wanzire olungo ne?
Il semblerait que vous aviez tort.	Bikathokekana ulhwe noluvanza.
Samy devient trés intéressé par L'Islam.	Samy  amatsemsivwa nekisilamu.
Ma mutation à l’étranger a été l’occasion pour moi de faire table rase du passé et de repartir sur de nouvelles bases.	Erihumisivwa ryaghe omovihugho evye hihia mokikavya kavanga okwinje eritsuka okohathe evyalava nerithasya tsuka okobihyabihya.
Quintus est en colère et frappe Marcus.	Quintus ahithene na akahunza Marcus.
Espèce de cinglé !	Mumbule bumbafu !
Je reçois beaucoup de lettres et j'y réponds toujours.	Ngakokaya nzakano nyinji nerisubirya kusyo kanjikanji.
Tu es la plus chouette petite copine que j'ai jamais eue.	Ulhi mumbesa oyughambirre oyonithenathabia naye.
Mon père est doué pour faire la cuisine. Quant à ma mère, elle est douée pour manger.	Thatha waghe atsibuhire omwihuka. Okwebilebire koyo waye, avegher'eriria.
Hé, gardez vos distances avec le patron, aujourd'hui, il a l'air vraiment énervé à propos de quelque chose.	Isimwabya hakuhi nomusungu, munabwire, akabya ngahithene vusana nekindu kighuma.
J'ai l'impression que vous pourriez vouloir voir ceux-ci.	Namalangira mwanganzir'erilhevi'evi.
Le collier de diamants était faux.	Ekighuliro kye diamant kilwe kyamabehi.
Sortez ou entrez.	Muuhuluke kutse mwingire.
À seulement dix-neuf ans, Joseph Louis Lagrange pose les bases du calcul variationnel.	Okomiaka ikumi nomwenda misa, Joseph Louis Lagrange akahanda enzuko yakalamu kesyocalculs esikabinduka.
""" Approchez : de nos dieux l'autel va nous défendre, / ou sous le même fer nous expirerons tous. """	"""Mwase : ebiriumu biethu bikethulwirako,/ kutse, emwisi wekyuma kighumerera thukandi hera ithwevosi. """
Il a épousé son amour de lycée.	Mwakatahaya omwenzi wiwe oghoko kiyiro ekyabakalhi.
Le reproche ressemble au vent ; si on le voit, on le sent.	Ebiri hakuhi visosir'erihunga; vyamalangirwwa, bakow'ekikumbo kyabyo.
J'aimerais offrir quelque chose de spécial à Nathan pour son anniversaire.	Nyanzir'inaha Nathan yekindu ekyeri vindula vusana nekisendebele kyeribuk'eributhwa riwe.
Ne dites pas à Louis que vous êtes un flic.	Sighubwire Louis ngoko ulhi muanere.
L'ours n'omit de chercher dans aucun endroit alors qu'il cherchait des insectes juteux.	Embangi moyumbia erisondia omughulu yabia yikarondia ebihuka ebisihire.
Je ne peux pas ignorer les ordres de mon officier supérieur.	Sinangibirirwa emighambo yomukulu waghe.
Comme j'avais oublié mon téléphone portable, je fus heureuse qu'il existe encore des points d'appel téléphonique en cas d'urgence.	Kusangwa esimu yaghe, munatsema kusangwa habya hakine ebithetheya ebyeri birikiriram'omughulu halhi ebyalubaluba.
« Une paix injuste est préférable à une guerre juste », disait Cicéron.	« Emirembe eyitheyekwenene yikasunzirawa kulab'amalwa awekwenene », mwabugha Cicéron.
Elle rêva qu'un prince venait sur un cheval blanc pour l'emmener.	Mwalotha omwana gho mwami ngongasire oko punda eyo musoh'erisya mwenda.
Gordon est intéressé par le mode de vie japonais.	Gordon atsemesibwe neribyaho eryabanya Japane.
Merci pour le chocolat! J'espère que les crêpes t'ont plu, et j'espère que tu as passé une bonne journée aussi.	Washingya oko chocolat! Ngalhengekanay'esyo crepres  mosikakutsemesya, nakandi ngalhengekanaya mukalaby'erithunziriaghu riondeke.
Ton copain en a eu marre de t'attendre et vient juste de partir.	Mwirawaghu mwakaluh'erilinda nakandi amabighenda hatiahatia.
L'ancien président français, Nicolas Sarkozy, a été mis en examen pour trafic d'influence, corruption active et recel de violation du secret professionnel.	Omusondolya wakera owebufranza, Nicolas Sarkozy, mwakasosothibawa  busana nerihira eraramia yomobandu, ekiithulhiro omondengo ryosi neriketha emighambo yabakolhi.
La troupe était sous les ordres d'un lieutenant.	Ekikumula kilw'omo busondolhya bomulieutenant.
Un robot tueur peut choisir et attaquer des cibles sans intervention humaine.	Akangiti kithi kanganaya sombola nerithalhir'ahakathikathika wako  butsir'erighanyira buwathikya bomundu.
Elle a l'air heureuse, mais dans son for intérieur, elle souffre.	Akabia ngatsemire, alhiw'emwisi siwe, akaghalawa.
Hugo s’amuse à jouer une sonatine en do majeur en montant d’un demi-ton uniquement de la main droite.	Hugo akayithek'erisath'oko do akeruk'omo kitsw'ekyo mulhenge  omobiala ebyo butswatswa.
Johnny a demandé sa main à Alice et elle a accepté.	Johnny mwakasaba Alice abiemwirawiwe neryo mwakalhigha.
""" Là, des fiers Locriens s'élève la cité ; / là, commandant en paix à l'humble Pétilie, / Philoctète est content d'un coin de l'Italie ; / et, de Salente enfin inondant les sillons, / Idomenée au loin répand ses bataillons. """	"""Aho,abakayiowa ngabanya Locriens bakimanay'omuyi;/ aho,bakah'emighambo yomo mirembe oko Pétilie,/ Philoctère mwakaghanz'engond'eye Italie;/ neye, Salente ibikatsapia e sillons,/ Idomenée  ikatsatsangahosi  abalasi biwe. """
Berg expliquait à Véra, avec un tendre sourire, que l'amour venait du ciel et n'appartenait point à la terre.	Berg mwakanira Véra, namaseka make, kolwanzo lukalw'elubula nakandi  ngoko silhulhi lwathabya lwekithaka.
Louis s’était caché un peu en arrière, à l’abri d’un tronc d’arbre, de sorte qu’elle ne pouvait le voir.	Louis mwayibisa enyuma yo hak'akabisama ekithika ekyomuthi  omwilhengerera eryerithendi mulangira.
La procrastination est comme la masturbation : c'est marrant jusqu'à ce qu'on prenne conscience qu'on se baise soi-même.	Erithasya subi'ebindu byenzuma rilhengire oyukayinyighitsa. Nikya muhungo erihika omughulu obulhengekania obweriyilhiatsira ighuwenene.
Restez à l'écoute. Dan revient après la pause.	Mulhindirire. Dan akas'enyuma syenduhuke.
Je ne connais aucun de ces garçons.	Sinyasi nomughuma ghomobalwan'aba.
La balle est passée à deux doigts du visage de Timéo, alors qu'il sortait du bistrot dans un état d'ébriété avancé.	Erisasi borikalahakuhi nobusu bwaTimeo, omughulu alwe akalwa omo kirabo inyabirithamira.
"Jérusalem est une ville de paix, et pour qu'elle soit en ""paix"", il faudrait en effacer tous les Palestiniens qui y vivent et même sont qui y ont vécu et y sont enterrés."	"Eyerusalema nimuyi ghobuholo, nokweki eribya ""nobuholo"", ngambe itwalusyaho abanya Palestina abosi abalhiyo nababyayo, nabathereyo."
Certains croient que la famille royale britannique descend directement de la lignée du roi David.	Abanzi bakalhengekanay'ekihanda ekyo bwami kyabanya britanique  kikalwa omo kihanda ekyo mwami David.
Justin Bieber est même encore plus célèbre que Katie Holmes.	Justin Bieber akumayire kulhenga Katie Holmes.
L'appareil, un Boeing 777-200, qui a quitté Kuala Lumpur samedi à 0 h 41 (vendredi 17 h 40 à Paris), devait arriver à Pékin à 6 h 30 locale (23 h 30 à Paris).	Ekyumano, erisu rinene 777-200, eriryalwa e Kuala Lumpur omo byasongyâ oko 0h 41, (Byáléngekánıá̧ 17 h 40 e Paris), ryangahikire e Pékin oko sahikumiribiri na mathondi makumia sathu oko ndambi  erye noka (23 h 30 e Paris).
Les outils de repérage par satellite soulèvent de nouvelles questions à propos de l'intimité à un système juridique qui n'est pas resté en phase avec la technologie.	Ebyuma ebye risoholam'omwilabira esathelite bikabukay'amabulhyo  mahyamahya ebilhebirye obusondoli obobusosi obuthalhia sighala  enyuma nobukengereghesania.
La société dans laquelle ils vivent est très différente de la nôtre.	Ekitat'ekyo balhimo sikilingirirene nekyethu.
Les policiers en sont venus à bout, le voilà donc en prison actuellement.	Abapolishi mobakahik'okondulhi, ikwayolhia omomulhiki.
Jessica avait chanté une chanson.	Jessica mwimbir'akasimo.
J'ai remarqué qu'il n'en fout pas une. Cela sent les vacances !	Mongafumbula ngoko syalhitsomana nolughuma. Ekyokika kumb'enduhuke!
Je vous dirai tout ce que vous voulez savoir.	Ngandikubwira ekyosi ekyowanzire eriminya.
Je n’ai pas cru un traître mot de ce que m’a dit Arthur.	Sinyith'ikiriria nekinywa nekighuma okwebyo Arthur aliambwira.
Il a essayé de récupérer son manque de sommeil en faisant un somme.	Mwakalheng'erimia erithendi yatho riwe akakola obughuma.
Le christianisme a beaucoup fait pour l’amour en en faisant un péché.	Ekisomo mokya kola kutsibu oko lwanzo kikaluyiramo rilolo.
Pour un baiser, que faut-il avant tout prendre en compte ? Le chanteur Max Raabe répond à cette importante question.	Oko kanyungutira,twanga kolaki embere imo twimya ebyosi ? Omwimbi Max Raabe akasubiraya okokibulhio eki.
Je ne sais pas avec quelles armes la troisième guerre mondiale sera menée, mais la quatrième se fera avec des bâtons et des pierres.	Sinyasi amalwa wakasathu omo kihugho ngwakasyabya omo mbundu  sirisithi, alhiwe awakani akasyakolawa omo mithi nomo mabwe.
Seul un intellectuel masculin embrumé par le désir sexuel a pu nommer le beau sexe le modèle réduit, aux épaules étroites, aux hanches larges et aux jambes courtes.	Omufuluwe iyowene ogho bulume oyuhekirwe nebyo luthetho  mwakabirikirabyomo kandukabuya kasubirweko, ekibuthe ebithigho bikebike, okombindi nene namaghulu makuhimakuhi.
Pourquoi as-tu peur de Derek ?	Busanak'ukubaha Derek ?
La ceinture de sécurité ne sert à rien, ça n'a jamais sauvé la vie d'aucun Chinois sur la route ! Bon, après il est vrai qu'ils ne la mettent pas ...	Omulhiki oghobutheya syalhiwathikaya oko kindu, syalyathasabula  eribyaho eryomunya Chine nomughuma oko ngenda ! Nero, enyuma nikwenene sibimbalayo…
Nous croyons devoir, en vue de la liberté humaine, de la dignité humaine et de la prospérité humaine, reprendre au ciel les biens qu’il a dérobés à la terre, pour les rendre à la terre.	Thukalhengekanaya eribya, omwilhenya erya bwiranda bomundu  nomobuthoghekerere yobunya mundu, erisimya olubula ebindu  ebyalhib'oko kihugho, akabihereria kithaka.
Je suis contente que tu aies posé cette question.	Namanza ngokowamabulhiery'eribulhio eryo.
Il évoque souvent ses souvenirs de l'époque du lycée.	Akabugha kanzi kanzi ebyasunga oko kiyiro eky'abambesa.
Certaines jeunes filles sont attirées par des membres de gangs parce que ça leur semble excitant.	Abambesa banzi bakakurawa na maghulu wabalwana kusangw'akabyangakabakura.
Test pratique d'enregistrement sur MPEG-4 AVC: traditionnellement d'usage facile, dispose désormais d'une haute qualité d'image et de son.	Ekinzamen kierihamb'omulhenge oko MPEG-AVC : eyakera eyikakolhesibawa bweghubweghu, iwithe hathya olulheng'olwe ndatha  olwekisasamira nomulhenge.
Foutez le camp d'ici !	Mulweh'ano !
Félicitations pour ton anniversaire.	Twamasim'oko kiro kyeribuk'amabutwa waghu.
Il s'est arrangé pour s'échapper par la fenêtre.	Mwakayitheghekanay'eritswa omwilabira eridirisa.
La tentative de rendre le paradis réel sur terre apporte toujours l'enfer.	Erilhenga eriyir'émbyani moyekwenene oko kihugho ikalhet'ekulimu.
Tenez le gosse à l'écart de l'étang !	Utheke omulwana ye luthambi oko ngetsi !
Ô ce terrible amour a irrémédiablement fauché toutes les fleurs nouvelles de mon âme.	Olukalhire olwanzo molwathula luhanyahany'amawaghosi mahiamahia  aghomo muthima waghe.
Sylvie avait soudain résolu de surprendre le colonel et Pierrette, de saisir les lettres et de confondre les deux amants qui la trompaient.	Sylvie mwalonda erilusya omukolonel yoko kithekemo na Pierette, erisaka  esyonzakano neri sosekani'abanzene babiri ababia bakamutheba.
Sabu a tourné balance du FBI.	Sabu mwakathimbaya ekilo ekye FBI.
Sans la connaissance des langues étrangères tu ne pourras jamais comprendre le silence des étrangers.	Butsira eriminya emibugh'eye hihya siwangathoka eryow'obukuthu  obwabehihya.
Coupez la viande en tranches minces.	Uthw'eyış́wı ̧̂ momaghabomake make.
Nous avons pour devoir de laisser à la postérité ce que nous savons et ce que nous aurons récolté.	Thuwithe omubiri munene owerisighir'abanabethu bebyothuwithe  nebyothulhia hulula.
Il n'y eut aucun témoin.	Sihathabya nomulangiri no mughuma.
Il paraît que le nouveau prof d’anglais est un beau gosse qui ressemble à Nathan Cruise.	Bikathokekan'omughalima muhiaka owekingeresa ni mulwana mubuya  oyusosire Nathan Cruise.
Je m'excuse pour ce qui s'est passé ici.	Namasab'obughanyiri oko birialaba hano.
Son neveu vit en Amérique.	Musingisano wiwe iker'Amérique.
Une empreinte carbone est la somme de pollution au dioxyde de carbone que nous produisons par nos activités. Certaines personnes essaient de réduire leur empreinte carbone parce qu'elles sont inquiètes du changement climatique.	Ebisosekani'ebya karbone nibughuma bwabahimbani oko muka ogho thukalusaya omwilabira emibiri eyo thukakola. Abandu baghuma baghuma bakalhenga erikehia ekarbone kusangwa baswekire busana namabindulikania owobuthuku.
"""Je me demande où il est passé."" ""Inutile de le chercher. Il est aux toilettes en train de chatter avec son téléphone."""	"""Ngayi bulay'aho alialaba."" ""Isimwamurondya. Anemokabinet aka tsangir'oko nyakutu yiwe."""
Quel mignon bébé. Coucou !	Olumekeke luwene nga. Kutiee !
« Que vous est il-donc arrivé, Berthe ? », demanda Noah en portant doucement la pauvre folle à l'arrière.	« Moghuka hika koki, Berthe ? », Noah mwabulhia inyana hekire omusire yenyuma.
Celui qui pose une question risque cinq minutes d'avoir l'air bête. Celui qui ne pose pas de questions restera bête toute sa vie.	Oyukabulaya ekibulhio awithe amathondi mathanu aweribya nge nyama. oyuthe bulaya ekibulhio akandisyabya inyane mukiru omwibyaho riwe.
Eh Thomas, j'ai entendu dire par le téléphone arabe que toi et Suzie sortiez ensemble. Bravo !	Eh Thomas, mongowa bakabughira oko simu yabaharabu ngoko iwe na Suzic mwabya mukaghenda haghuma. Uthia!
L'avion s'approche de New York.	Erisu rinemwasa rikaseghera e New York.
L'animal en haut à gauche est censé être un dragon.	Enyama eyiryendatha oko malhi yanganabya ini ndioka.
Ils ont attrapé les voleurs la main dans le sac.	Mobaka hamb'omwibi ebyala ibine omw'isaho.
Hum! tu peux accepter cela ?	Hum! wanganalhigha ekyo ?
A force de tirer sur la corde, il ne se verra plus rien proposer.	Omwikura omulhiki, akandiyilangira isyangasyalhengekania kundu.
La mort, c'est comme une compétition où chacun espère arriver le dernier.	Oluholo holune ngobuyilwireko olo obulhi mundu akalhengekanaya erihika owendulhia.
Janvier est le mois du dieu Janus, dieu au double visage, des passages et des portes.	Ekihembulo nimukera ogh'omulhimu Janus, omulhimu ogho busu bubiri, esyonzira nemilhango.
Luca a disparu sans laisser de traces.	Luca mwabulhirana butsira erisigh'ebiminyikalo.
Le docteur prit mon pouls.	Omuthawa mwakimay'eri pika pika riomuthima riaghe.
L'évolution procède comme un bricoleur qui, pendant des millions et des millions d'années, remanierait lentement son œuvre, la retouchant sans cesse, coupant ici, allongeant là, saisissant toutes les occasions d'ajuster, de transformer, de créer.	Obukake bukabya ngomuthandiki oyo, omo miaka nemiaka, angabindulir'omubiri wiwe rioloriolo, erisyathula kugho butsira eryusa, akathwahano, nerikakyahano, nerimya ehibanga hyeritsingira, eribindula, neribumba.
Henry n'a pas plus de six dollars.	Henry syakiwithe okonyinzi okodolare ndathu.
Êtes-vous capables de sauter par dessus une chaise à partir de la station debout ?	Wanganathok'erithw'ekika kyendatheyi oko kithumbi eritsuka wabia ighunimene ?
Ce gosse qui n'arrête pas de gueuler me tape vraiment sur les nerfs !	Omwan'oyu oyukinalhira amanyihumba oko miki !
Au début, je regardais juste les phrases françaises, mais avant que j'en prenne conscience, j'étais captivé par leur traduction.	Okonzuko, nyilwe ngalhebia emilondo eye kifranza, alhiw'embere nyibye nobulhengekania, monahamba omwilabira omubindulo.
Vous savez que c'est illégal, n'est-ce pas ?	Unasi ngoko kighanibwe, kobithe bithya ?
Il n'existe aucun traitement au complexe d'infériorité.	Sihalhi bubalhia obwe riyisubya enyuma.
Sur la vidéo, l'on voit clairement l'un des soldats d'occupation en train de se battre avec des femmes pour essayer d'arrêter une enfant de douze ans.	Oko kisasamira, bikalangirawak'omughuma oghokobalhasi akalwa nabakalhi omwilhenga erihamba omumbesa owe birimo ikumi neyibiri.
La commission prendra une décision durant la session d'hiver, agendée fin octobre.	Akamathi kakandimia ebighendererwak'omo mughulu owe mbeho, eriyahik'oko ndulhia yo mukera owe Kikáho.
Une idée fausse mais répandue sur Christophe Colomb est qu'il impressionna un jour une tribu d'indigènes en prédisant une éclipse de lune. La vérité c'est qu'il la déclencha.	Obulhengekania obuthuwene angulhe obwabiriyikona oko Christophe Colomb nomobyalhetha omubukio omo kihanda ekika yithekatheka okwirebya omughenda. Ekwenene ryeribya imokika huluka.
Pouvez-vous me donner le code postal de New York ?	Wanganamba erighanza eryerithekerako esyonzakano e New York ?
Pour mon mari, je suis le porte-manteau de son luxe, l'enseigne de ses ambitions, une de ses vaniteuses satisfactions. Il n'a pour moi ni affection vraie ni confiance.	Okwiba waghe, nyiri kihekanzimba kiwe ekyeri bindula, ekikangirirya kyawakayithagha, kighuma kyoko yibughiriwe yiwe. Syangwithe okwinze kwamaha nolwanzo.
Il y a un professeur qui affirme que si Alex utilise bien des mots, ce serait une grossière erreur d'appeler cela un langage.	Hane omukangirirya oyukabugh'athi Alex amabya inyanganakolhesya ebinywa binzi, kikandibya in'ilolo rinzi erihul'ekyomo mubughe.
« Ma pitoyable vie n’a fait que contribuer au réchauffement climatique. » « Sois pas si triste. Tu fais de moi une femme heureuse. Tu crois que c’est absurde, ça ? »	« Ribyaho ryaghe eryobuhanya morika sangira oko mabindulikania ow'obutuku. » « Sighukw'obyobulhighe. Ukanyiyiramomukalhi oyutsemire. Ukalhengekanaya kosikyowika, ekyo ? »
Beaucoup de gens, même sur Tatoeba, écrivent par erreur « mn » au lieu de « min » pour l'abréviation de minute.	Abandu banzi, nibya oko Tatoeba, bakasaka butaminya « mn » omomwanyenda we « min » omwilabira ekikanganio ekye hithondi.
La rencontre de la star avec ses fans a créé un mouvement de foule.	Erisangana omustar kughuma  nabaka muhikirira morikalhek'abandu  ibabiabanzi.
Garde la taule pendant que je suis parti.	Theghaya engom'omughulu ngandi ghenda.
De nouveaux Russes, dis-tu ? Merveilleux ! C'est exactement ce qu'il nous fallait !	Abarusi'abahiaka, wamabugha ? Kyowene ! Kyo twangakolhire !
N'aie pas peur d'essayer de nouvelles choses.	Sighukwe buba erilheng'ebindu bihia.
Il n'est pas rare qu'une grande souffrance fasse suite à un grand amour.	Sibiri kanzi kanzi amaghalhi eriby'enyuma syolwanzo lunene.
Danny n'a pas le sens de la beauté.	Danny syawith'obulhengekania obw'ekibuya.
Un être peut-il créer les cinquante milliards de galaxies, chacune d'elles d'une centaine de milliards d'étoiles, et ensuite se réjouir de l'odeur de la viande de chèvre que l'on brûle ?	Ekihangikwa kyanganathekaho emilioni eyebikumula ebyesyo ngununu, eky'obulhinguma iyirimo hakuhi erighane ryemilioni  eyesyongununu, nerisyatsemera ekikumbo ekye nyama eyemben'eyo bakokaya ?
Les gens qui parlent beaucoup d'eux - aussi excellents qu'ils puissent être par ailleurs - donnent l'impression d'être immatures.	Abandu bakabugha kundu okwibo -nakandi bikalolhia emulhiro  kobyangabere oko lundi luhande- bikabya ngasibikulhire.
Les deux opinions ont des mérites et des démérites, aussi ne vais-je pas décider tout de suite laquelle soutenir.	Esyo ndengwibiri siwit'ebihiaka nebituwene, kanzi sinyasi okoluhande lwahi nimanire.
Il a été promu au rang de sergent.	Mubaka mulahiraya eribya mukulu wabalasi oyo baka hulamo sergent.
Il semble que beaucoup de dégâts aient été causés par la bataille d'hier.	Bikathokekana matsitsi manzi mwakakolawa nabalasi omo malwa wamuligholo.
Au sein d'un temple égyptien régnait un esprit de grave simplicité.	Omobuhima obw'egypito mwabya obolobere bunene.
Marika est le genre de fille qui peut te donner un solide coup poing dans le visage si elle était jalouse.	Marika nimuhanda oghomumbesa oyowangana kuha engume omobusu bwaghu amabya inyahithene.
Mon programme télé préféré a été annulé.	Emitheghekerere yaghe eyebusasamira eyonyanzire yabiri lusibwaho.
French Data Network c'est l'association que je préside.	French Data Network nikithongole ekyonimanirye.
La saison des pluies prendra fin dans deux semaines ou un peu plus.	omu̧tu̧ta akendisyahwa omo syoyeng'ibiri kutse nene okwaho.
Tu as intérêt à bien réfléchir avant d'accepter de faire ça.	Ngamb'iwalhengekanaya ndek'embere syeriligha erikol'omwatsi munye.
John Wayne était une des stars de cinéma les plus populaires de ce siècle.	John Wayne abya omu star webisesani ebikakwamawa nabandu banzi okomughulu oyo.
Quelles sont les cinq premières lettres de votre adresse mail ?	Ebisako byaghu evithanu ebyerimberembere oko email yaghu nibyahi?
On voudrait revenir à la page où l'on aime, et la page où l'on meurt est déjà sous nos doigts !	Thukasond'erisub'oko luyani olotwanzire, noluyani olobakaholherako lune omwisi we minweyethu!
Pour autant que je sache, c'est l'un des meilleurs médecins de la ville.	Kungaho konyasi, nimughuma ghoko bathahw'abuwene ovonyasi omo muyi.
Tu pourras me poser au bureau mercredi ?	Ukandi nyisih'eburo yomo sítwámínya ?
La nuit était pleine de silence, et le ciel avait une hauteur démesurée. Des bouquets d’arbres débordaient, sur les longues lignes des murs. La ville entière dormait. Les feux des avant-postes brillaient comme des étoiles perdues.	Ekiro kyabia mobukuthu bunene, nolubula lwabia lulhi. Ebikenzo ebye mithi byabya vilabukirenie, okomilondo mibiri eyoluhimbo. Omuyighosi abya inyalhitho Emilhiro yabia ikakolheria ngesyo ngununu esiherire.
Après la construction d'une ou deux grandes usines aux abords ou dans une ville, les gens viennent chercher du travail et bientôt, une zone industrielle commence à se développer.	Enyumasyerihimb'evivuthe viviri kutse kighuma okomikeketyo eyomuyi, avandu vakasya rondaya emiviri nahathya, ekithatha ekirimo evivuthe bikanditsuka erilolyemuliro.
On ne se voit pas tous les jours, donc à chaque fois qu'on se retrouve, on est content de se voir.	Sithusungana birobyosi, nimwambu okobulhi ngendo thukasungana, thukatsema thukasungana.
""" Sur cet augure heureux ne formez aucun doute ; / avancez seulement, et suivez cette route ; / elle mène à Carthage. """	"""Okwakyo sighusyabia neri thikatika; / ghulolay'embere, nerio ukwame enzira eyo ;/ yikalolaya e carthage. """
Il paraît que Carol et Will ont rompu.	Alhinga Carol bana Will babiri lhekana.
Tu es très prodigue. Bah, si tu veux payer pour moi, ça ne me dérange pas.	Ulhiko lwanana lweri tsang'omo bindu. Bah, wamavia iwanzire erindihira, sikingenderaya.
Il y a un an et demi, j'ai failli mourir.	Hamahwa mwaka hakuhi mughuma nenusu, navia inamabihola.
Il est sorti de prison en creusant un tunnel.	Mwalwire omongomo akathakul'enzira.
Dans des temps durs comme ceux-ci, aucun effort ordinaire ne peut sortir notre compagnie du rouge.	Omomughulu owakalhire ngono, sihalhi akaghal'akangalwa omokikumulha kyethu ekyengwindisi.
Le poète disait : «Ce sont les chats que j’aime que les chiens parce que les chats ne travaillent avec les militaires».	Omwimbi avya akavugha athi  : « Esyonyimbo syonanzire kulava esyondeghetheghe vusana evivundu sivikola navalhasi ».
Il semble que tu aies retrouvé ta confiance en toi-même.	Alhinga wavyawavirisunga amaha ighuwenewene.
La propreté est l'oeuvre des gens propres.	Obuyonzo nibwabandu berire.
Lorsque la confiance en nos institutions est faible, nous devrions réduire l'influence corrosive de l'argent dans notre politique, et insister sur les principes de transparence et d'éthique dans le service public.	Omughulu erikirirya ryethu omobithongole nirike, thwangakehirye olutsatsuhi'olwesyosende omo kipolitiki kyethu, ngowa kanji okwekyo eritsuka ohonyikuminyire omo bithongole biekiletaleta.
Je ne m'attendais pas à ce qui allait arriver.	Sinyabia inyi lindir'ebikandi hika.
Je ne ressens pas que de l'amitié pour toi. Je ressens plus que ça. Depuis que je te connais, je suis tombée amoureuse de toi.	Sinyithiri munywani waghu. Ngowa ekyokisa. Erilw'okomughulu nyikwashi, monalu inya kwanza.
Wow! Votre idée est géniale.	Wow! Ovulhengekania vwaghu vowene.
Veux-tu te joindre à moi pour pratiquer la danse de salon ?	Wanamanza erivya haghuma nagh'erivya ithwanganasatha?
Je connais vos numéros.	Nyinasi esyonumero syenyu.
« Mais le crime parfait n'existe pas », répliqua l'homme, dans la propriété duquel se trouvait la voiture, « ...du moins pas tant que je n'ai pas récupéré mon véhicule ».	« Alhiwe obwithi obubuyirire sibulhi », omulume mwasuvia, omovughumerera ovwaviamo enguruvani, «  … Erihika mongaha sinyithenda enguruvani yaghu ».
Les algériens soutiennent l'armée criminelle algérienne et le pouvoir corrompu algérien seulement par pure haine des kabyles.	Avanya Algeria vakahirikirira ovulhasi vwithi ovwewavo novuthavalhi ovwe Algeria ovuluhire omoritsuro risaryava kabyles.
Beth a dit à Chris de se laver, sans quoi elle n'irait pas en sortie avec lui.	Beth mwakabwira Chris athi anave, vithevithia syendighenda naye.
Tu n'es qu'une garce.	Ghune mwana mutho.
Le peuple anglais pense être libre, il se trompe fort ; il ne l'est que durant l'élection des membres du parlement: sitôt qu'ils sont élus, il est esclave, il n'est rien.	Abanya bungereza bakalhengekanaya bwegu bwegu, baka biha kutsivu ; omughulu we wanzirendi yaba députés : babitsakurwa,nibatumwa, sibakirikindu.
Elle a fait cuire une tarte aux pommes pour son mari.	Mwaka hukir'ibawiwe yobitsungu.
Nous avons plusieurs chantiers à finir avant d'envisager chercher de nouveaux clients.	Thuwithe vighango vinji evyerivughirira embere thuyithegh'erisondia abaghulhi bahiaka.
Tony court une ou deux fois par an.	Tony akathibitha kaghuma kutsekaviri oko mwaka.
Pour commencer, il y a le requin gris ordinaire, nommé par les marins « procureur des mers ».	Okwitsuka, hane omunama, owahavawa erina navaghendi vomo maghetse « musosi wesyongetse ».
J'écoute un livre audio de Harry Potter avec le baladeur que je viens d'acheter.	Ngahulhikirira ekithavu ekyomulhenge kya Harry Potter n'ekinimba ekyo namabighula.
Frantz de Galais, le fils du château — qui était étudiant ou marin ou peut-être aspirant de marine, on ne savait pas… — était allé à Bourges pour y chercher une jeune fille et l’épouser.	Frantz de Galais, mughala wowombimbano yomwami –oyo qbyq ;zighq kutse mulhasi womomaghetse, isi twasi...-mwayir'e Bourgues akaya sondiay'omumbesa nerimutahya.
Lorsque je suis avec un bébé qui pleure, j'ai le goût de pleurer moi aussi !	Omughulu nyiri nomwan'oyuka lhira, ngavia naghenengumbu yerilhira!
Dès les premières années de la vie, nous recevons, de nos parents et de nos proches, un certain nombre de croyances qui conditionnent la recherche d'informations supplémentaires.	Eritsuka okomiaka eyerimber'eyerimber'eyerivyaho, thuka watha, erilwa okovavuthi navahimbani vethu, oko mighanzo mireb'eyo bwikirirya ovukasava esyongulu singi.
Aucun autre livre n'est aussi lu que la Bible.	 Sihalhi ekindi kithavu ekikasomawa nge biblhia.
Jim court aussi vite que Ron.	Jim akathibitha kutsivu ku Ron.
Mener une vie satisfaisante se ramène à une simple question : lorsque vous éteignez la lumière, le soir, et que votre tête repose sur l'oreiller, qu'entendez-vous ? Votre âme chanter ou rire Satan ?	Eribya omwibyaho eryeribuyirira niyilhetha ekivulhio kyolokyolo : omughul'ukalhimaya ekyakakala, omorighologholo, nikwa nomuthwe waghu inyaka hotsera, ukalhengekanayaki ? Omuthima erimba kuts'eriseka ryeshetani ?
Alain décrivait sa femme comme une fille impétueuse, qui parlait vite, savait mentir et n’avait aucun sens de la pudeur.	Alain abyaka thondoghola mukalhiwe ngomumbesa, oyowabi'akavugha lubaluba, inyanaasi eribiha nikwa isyawithe nisoni nahake.
Dites stop à la paresse intestinale !	Uvugha uthi koko oko volobere bomomala!
"""Il faudrait légèrement décaler le tableau vers la droite."" - ""Comme ça ?"" - ""Là c'était presque trop."""	"""Kyamatholhera ekisayi ekyasegherivwa okomalhi .""-""nerio kithi ?""- ""evyobilw vinji""."
Pourquoi voudrais-tu partager ce type d'information avec des gens que tu connais à peine ?	Vusanaki ukasonda erighava esyongulu navandu abo uthasi ?
Au vu de son manque total de gratitude, après tous les efforts que j'ai faits pour elle, je me dis que j'aurais mieux fait de pisser dans un violon.	Okwilangira eryerithendisima riwe, enyuma syakaghala kosi okonyiryakola vusana naye, ngabugha indi nangasubalire omokidhali.
Continuez à marcher tout droit et vous verrez l'arrêt d’autobus au coin de la rue.	Eghender'emulhiro ukandisunga ahovakitheka esyonguruvani okongonde eyenguruvani.
Veuillez me notifier par courriel tout bogue détecté ou fonctions manquantes que vous voulez voir incluses dans les futures versions du calculateur d'indice de masse corporelle.	Ryeneri mbandikira ekyosi  ekyangalangirika kutse evyangavula evyowanzire iwalangira virimo omovikasa evyakalamu evyavandu vanji.
To et arie avaient subitement perdu leur lettre m respective, la seule qu'ils avaient en commun.	To na arie mobaheria enzakano yabo m, eyo nyisa ibalubawitheko.
J’aime à sentir l’odeur des papiers imprimés.	Nganza eriowa ekikumbo ekyebibab'ebikalwa omokyuma.
La discussion se poursuivit au Ministère des Affaires Étrangères à propos de l'intégration sociale et de la politique d'entrée des étrangers au Japon.	Ovuhaka muvwalolir'emulhir'okoviseng'ebyobulhembia obwe myatsi eyehihia ejapani.
Sans oxygène, tous les animaux auraient disparu depuis longtemps.	Vutsira muka, esyonyama syosi syosi syangavulhiren'erilwa kera.
Je voulais te toucher un mot de ce qui s'est passé.	Nganza nyithule oko kinywa kighuma oko viryalava.
Les gens s'extasient souvent devant les merveilleux couchés de soleil rouges, qui leur font justement apercevoir le niveau extrême de pollution dans laquelle ils se trouvent. On ne voit que ce qu'on veut voir.	Avandu vakatsema kundu embere syebindu evikaghama endina syeryuva eryengwinisi, erikavalangirisaya olulheng'olwendulhia olovutsandia olobalhimo. Thuka langira evyo thwangalangira.
Thomas dit qu'il veut ressembler à Brad Pitt.	Thomas athianzire inia sosa Brad Pitt.
La loi condamne le faux témoignage.	Omughambo akasuyira emyatsi eyithisirire.
Compte tenu de son intérêt pour les enfants, je suis certain que l'enseignement est la carrière idéale pour elle.	Erikwamana nendundi yakyo okovana, nyinalhighire ngoko amakangirirya nimubiri owene okwwiye.
J'ai senti un contact léger sur mon épaule.	Mongowa ekikolo kyolokyol'oko kithigho kyaghe.
Si un policier vous arrête pour circulation abusive sur la voie de gauche, a-t-il carte blanche pour fouiller le contenu de votre téléphone aussi ?	Omupolhishi amakwimania vusana moghukaghenda kithiakithia  omongenda oko malhembe, anahamulirw'eri tsuk'erikwes'omo nyakuthu yaghu nayo?
Diane est aussi ta demi-sœur, George.	Diane naye ni mwalhi wenyushi, George.
Tous les soirs j’écoute la radio.	Ovulhi lhighologholo ngakwama ekinimba.
Brian a acheté un rouge à lèvres pour Kate.	Brian mwwakaghula eranji eyeri hira oko minywa ya kate.
Et il arriva qu'à minuit, l'Éternel frappa tous les premiers-nés du pays d'Égypte, depuis le premier-né de Pharaon assis sur son trône jusqu'au premier-né du prisonnier assis en sa prison ; et tous les premiers-nés du bétail.	 Mwahika oko saa sita yekiro, nyamuhanga mwahunza ehimbere hyosi omokihugho ekye Egypte, eritsuka oko kambere ka pharaon okokithumbi ekyobwami erihika oko kambere komuvohwa ibanikere omomulhiki; nesyonyama nyimberembere.
Je l'aime à la folie. Mes mains tremblent sur le clavier, pour peu que je pense au charme qu'il dégage. Il faut que je me sorte de cette situation qui me mène peu à peu à ma perte.	Nyimwanzire kutsibu. Ebyala byaghe bika thithimana oko kisayi, busana nerilhengekania okolwanz'olwakatheka. Kyamatholhera inalusya omorivyaho eryo erikasonda erinyiheria.
M. et Mme. West sont en lune de miel.	Mulumuna na koyo. West balhi oko mughenda oghobuki.
"""Est-ce que la lettre contenait des éléments nouveaux?"" - ""Non, seulement de vieilles histoires."""	"""Ekibabe kyanabyamo emyatsi mihiaka?""-""Iyehe, alhiwe kyabyamo emyatsi eyakera."""
Aucun accord n'a été conclu.	Sihathabia erihulikirirana ryosiryosi.
Tu devras regarder le film quand tu en auras l'occasion.	Ukandi lhebia ebisesani ukandibya iwamasunga akavanga.
Si on a compris que la volonté du peuple n'existe pas, alors il n'y a pas loin jusqu'à la reconnaissance que la démocratie représentative est plus démocratique que la démocratie directe.	Twamabyaithwabiriowa ngoko erisonda ryabahimbani siriri, nibwambu sihalhihalhi okobulhengekanya okokidemokrasia ekyeri hanganira nikidemokrasia kulhenga ekidemokrasia kyahonaho.
Qui que vous soyez qui voulez cultiver, vivifier, édifier, attendrir, apaiser, mettez des livres partout.	Wangabiandi, wangasond'erilhima, usuvaye, ukehaye, ukiranaye, uhire ebithabu byehosi.
Trouvez un boulot !	Usung'omubiri !
Quand je suis rentré à la maison, j'ai trouvé bizarre que la porte soit ouverte.	Omughulu nyirya suva eka, mongaswek'erieya oluyi isilurangire.
Je ne me suis pas rendu compte que mon portefeuille avait disparu jusqu'à ce que je sois rentré.	Monyithevuka ngoko eyisahoyaghe yabiri bulhirana erihika omughulu nyiriasubula.
Le docteur veilla le vieil homme malade toute la nuit, versant lichée de whisky après lichée de whisky dans la bouche ouverte du vieillard jusqu'à ce qu'il mourût.	Omutahwa mwalhindirira omulume oyulhia lwala omo kiro kyosi, akutha e wisky nene omokikuningo ikikingwir'ekyomusyakulu erihika okokika mwahola.
J'ai passé la matinée à essayer de trouver quoi faire.	 Mongavugha enjakyanjakya yosi ngalhenga erilhebia ekyo ekyeri kola.
Pour ce qui concerne votre demande de congés, vous devrez encore attendre un peu.	Okobirebiry'erisaba ryaghu eryenduhuke, wangalhindire hake.
Les scientifiques ont découvert de nouveaux médicaments, il y a donc toujours de l'espoir pour les personnes dans le coma.	Abataalamu vavirisunga awandi mabalhia, han'eriyikethera okobandu abalhi omomondemonde.
Je me rends compte que je ne suis peut-être pas l'homme le plus séduisant du monde mais j'espère quand même que vous envisagerez de sortir avec moi.	Namalangira ngoko sindimbino mundu oyuka thereraya omokihugho alhiwe ngalengekanaya koghunasondire ithwwaghenda naghu.
Le Canton du Jura est situé à 15 km de la France.	A Canton ke Jura kalhi okovilometre ikumi nevithanu erilwa okovufuranza.
Le chef de la guilde relégua Vince à une position de sous-officier parce qu'il abusait de son pouvoir.	Omukulu oghobusondolhi mwasathuma Vince oko luhande olo bu offisa kundi abya inanemutsukeri yi heka busana nekithumbi kiwe.
Le bleu-vert exprime la couleur de l'eau claire ; c'est un bleu brillant et clair.	Musubukwa busana abyaaka lhengekanaya amaghetse awasongokwere; nimutheghule owakangangavasenie nowasongokwere.
Je veux particulièrement remercier notre équipe de vente qui a battu des records.	Nganza erishima ekipia kyethu oko bughulhia obulhia yikona.
Il existe un degré de stress dans tous les métiers.	Hane olulhengo olwerisisirya omo syokasi syosi.
Si Thomas découvre que je vous ai dit ceci, il me tuera.	Thomas amaviminya ngoko mungakubwira kino, inyakandi nyitha.
Quand la cloche sonne, les élèves sortent dans la cour pour prendre leur goûter.	Omughlu ekengelhe yikavugha, abigha bakalwa omokibugha bakayalhia ekirivwa.
Tommy n'a pas pu répondre à la dernière question.	Tommy syathasubiria oko ribulhio eryendulhia.
Grant a refusé d'admettre sa défaite.	Grant mwakaghana erilhigh'erikindwa riwe.
Allez chercher la caméra.	Muyaronday'ekika hamba evisesani.
Lâchez prise.	Mulheker'aho.
Je ne vais pas te laisser me commander.	Sinendikulhighira unyisondolhe.
Ouvrez votre esprit à de nouvelles connaissances.	Kingul'amalhengekanya waghu okobindu bihiaka.
Ça n'a aucun foutu sens.	Sikiwithe ndundi.
Mon mari est un chic type.	Iva waghe akambala ndeke.
Et je ne me tiendrais pas ici ce soir sans le soutien inflexible de ma meilleure amie depuis les derniers 16 ans, la pierre angulaire de notre famille, l'amour de ma vie, la Première Dame de la nation, Michelle Obama.	Na sinendevya hano omo righologholo vutsira vulhembia vosivosi vomwenzi wagh'eritsuka omomiaka ikumi nendathu, eribwe rie kihanda kyethu, olwanzo lwamaisa waye, omukalhi we rimbere, Michelle Obama.
J'attends toujours qu'on me dise ce qui s'est passé.	Ngalhinda vambwire evirya lava.
Le Qatar refuse que les ouvriers népalais, embauchés pour préparer la coupe du monde de football, retournent chez eux pour assister aux obsèques de leurs proches, tués dans le séisme récent.	E Qatar ikaghana yithi avakolhi avanya Nepal, nangavika erisoghasoghania oluthehi olwe kihugho olwakaghulughulu, vangasuva ewavo eriyasangira oko makinga awerithavalhia avandu vavo, avakwa omomusiki.
Les vampires vivent éternellement, à moins qu'ils ne soient tués.	Evihara bikavyaho keranakera, bithithahwa.
Sur base de l'aveu et des documents y annexés, le tribunal de commerce vérifie si les conditions de la faillite sont effectivement réunies et déclare la faillite ouverte par jugement.	Erikwamana nekihango haghuma nevipapura eviriko, ekilondero ekyovuhingania kika sosothaya esyondengo syerithaluka ngosinakumakumirwe nerithekwa vwerere okovusosi.
Oui ! Je la tuerai ! tu verras, je la tuerai !	Inga ! Ngandi mwitha ! ukelangira, ngandi mwitha !
J'ai passé toute l'après-midi à chercher mes clés.	Mongalabyeritunji ryosi okwirondyamafunfugulo waghe.
Selon la recherche effectuée par Gunnar Samuelsson, Jésus n'est peut-être pas mort sur une croix. Il est possible qu'il soit plutôt mort sur un poteau ou sur un tronc d'arbre.	Erikwamana nomukolano wa Gunnar Samuelsson, Yesu mwathita holerokomusalaba. Alhinga mwaholer'oko muthi kuste okokıḩ́iŗiņgiţi kyomuthi.
Entre une langue vivante, parlée au total par des centaines de milliers de gens dans le monde...	Omokathikathi komuvughe awaka vughawa navandu vanji omo kihugho …
Mets tes bottes en caoutchouc, sinon tu auras les pieds mouillés !	Ambala eviryathi vyaghu evyakaghutsu, vithe vithya visando vyaghu evikenditsapa !
C'est OK, c'est in, c'est bath.	Kyowene, kobine, kyowene.
Elle est plutôt bien foutue.	Kikwire kutsibu.
Je considère personnellement la mort d'un artiste comme Lou Reed tragique.	Ngalhekanay'oluholo lomuwathi nge Lou Reed olukalhire.
Attendre un ami pendant longtemps, ça m'énerve.	Erilhinda omundu yomo ndambi nyiri, kikanyihithanaya kanjikanji.
Parfois, Spencer est tellement attaché à Trang que ça amène celle-ci à penser qu'il est surprotecteur.	Kanji kanji, Spencer alhi na Trang kulava nyinya wiwe kusangwa oyu mwakamulhengekaniraya nganimutheya owe ndatha.
Mon cousin Teddy a étudié en français à l'université et a étudié à Paris pendant un an.	Omwala wethu Teddy mwasomer'ekifranza oko kalassi kakulu ke Paris omo mwaka mughuma.
Les chiens de Robert sont entraînés pour tirer un traîneau dans des conditions extrêmes.	Esyombwa siasi eri kura e ngurubani omo ndengo sysosi.
Ce que j'étais incliné à considérer comme une phrase exaltée se révéla être une amère réalité, contre laquelle on avait voulu me prévenir !	Nibugha hathi mongayikehaya eriveerererya omulondo owaka halambaw'akavya ngakalhihire, oyo vavia vakasonda erinyilahiryako!
Daniel ressemble à un Ouïgour.	Daniel asosire abanya Ouïgour.
« Bonjour, je cherche un costume de cérémonie. » « Puis-je vous demander pour quelle occasion ? »	« Kuthi, ngarondaya erikothi eryamakinga. » « Ikwangaku vulaya omuhanda waryo ? »
La frontière de la bulle solaire est l'héliopause, à peu près à cinquante unités astronomiques du Soleil, là où la pression du vent solaire est réduite à la minuscule pression entre les étoiles, dans notre bras de la galaxie.	Omukiki oweryuva nimukanji, hakuhi vindu makumiathano owevihanjikwa evyeryuva, aho akaghala akekihunga kyeryuva kakakehivaawa omokathi akesyongununu, omokathi kekikutho kyethu ekyesyo ngununu.
Je ne suis pas sure d'être prête pour cela.	Sinyiyitheghekenie okwekyo.
L'un des chasseurs a été touché par une balle et a dû être amené à l'hôpital où il se remet maintenant rapidement.	Omughuma oghoko bahiyi mwakahambawa nerisasi nerio mwakathwalawa okokilamiro nero anemulwaluka hathia.
La situation actuelle de la Turquie montre avant tout une profonde division de la société.	Ebikalaba lhino e Turquie bikalu byakanjia omughavoghavo oma bandu.
Êtes-vous sûr que vous ne voulez pas que je vous amène à l'hôpital ?	Unalhighire ngoko siwanzire ngakuthwala elupitalhi ?
Je suis désolée de te déranger, mais il y a un appel téléphonique pour toi.	Unganyir'eribya inamakukenderia, alhiwe hon'eribirikira okosimu vusana naghu.
Les boissons alcoolisées sont associées à une augmentation des cancers de la bouche, du pharynx, du larynx, de l'œsophage, du côlon-rectum, du sein et du foie. Le risque augmente avec la dose.	Amabu angeribwe okovikalheth'akásowésowê komovuno, komomumero muke, nomumero munene, akekihu, kutse akomolula lunene, akomo mabere nakokomo makindi. Obuligho bukakanya nobubalya.
À mesure que le réchauffement de la planète s'intensifie sous l'effet du changement climatique, les conflits pourraient alors, eux aussi, s'intensifier.	Omughulu emıḩ́u̧hiŗe'yekihugho ikanya wo mughulu na malwa akakanya.
Tu es bizarre, je ne t'ai pas du tout encore aidée et tu m'appelles génie.	Utsandenye, siwanga nyihula mo mwenge isiniri na kuwathikya.
Le vrai amour ne blesse pas volontairement. Le vrai amour demande toujours pardon. Le vrai amour pardonne toujours.	Olwánzo lwe kwenene silwithiririria. Olwanzo lwe kwenene lukasaba obughanyiri. Olwanz'oluwene lukaghanyira.
As-tu décidé de ce que tu allais offrir à Nathan pour son anniversaire?	Wanabiri soha ekyo ukandiha yo Nathan omo mwibukyo weributwa lhiwe ?
Il n'a pas d'intérêt pour quelque sport impliquant un travail d'équipe ou des réponses rapides à d'autres joueurs.	Syawith'endundi omokahuluhulu akakasab'abandu erikolera haghuma kutse omomisuvire ok'avasathi bomupira.
Je suis très relax.	Nyinowene.
L'infirmière de ma mamie est très gentille.	Omútwanira wa múkakâ waghe atsangire.
Oh vous, peuples du monde ! Vous savez, certainement, que Mes ordres sont les lampes de mon amoureuse providence parmi Mes serviteurs.	Oho inywe, bandu bomo kihugho ! Munaasi, okokwenene, ngok'emighambo yaghe ni tálhâ yo mwanzi waghe omokathi kabakolhi baghe.
L'électricité a rendu les bougies peu utiles dans nos vies.	Amasenyerezi abiribugha endundi ye mishuma.
Est-ce que je peux poser une question à laquelle tu n'es pas obligé de répondre ?	Nangana kubuly'ekibuly'ekyuthe wanga erithek'erisubiryo ?
Mark Zuckerberg m'a volé mon idée !	Yo Mariko  Zuckerberg mwiba obulhengekanya bwaghe !
"Surgit la question: ""L'internet est-elle aussi un moyen de communication en masse?"""	"Neribulhyo lyamaasa : ""Intanethi yanganabya nzira yomukanya webikumula byabandu?"""
Il est bizarre et je n'aime pas les gens bizarres.	Atsandenye nakandi sindyanza abandu abatsandenye.
Espèce de porc dégoûtant !	Mumbule Ngulub'yeritundatúnda !
"Est-il possible de réaliser 70 copies de votre rapport paru dans ""Le Réseau"" de novembre et de les distribuer à nos agents?"	"Kinatokekan'omundu erihika oko bipapura amakum'irinda owe roporo yaghu eyaherera ""omwifunga"" nero i waghabirayo abahingi bethu?"
Qui est ta star de télé préférée ?	Nyindi yo oku anza elilebya omobisesani kwe ?
Les enfants d'Adam sont membres d'un seul corps, et sont tous issus de la même essence.	Abana  ba Adamu nibandu bomubiri mughuma.
Arrêtez le voleur ! Il s'est enfui avec mon sac à main !	Muhamb'omwıb̧́i ̧eeee ! Mwakahuluka n'eyış́áho yaghe !
Ouvre ton sac s'il te plait, que je puisse voir ce qu'il y a dedans.	Kingul'engunza yawe, nyitoke erilangir'ebirimo.
Parce que nous rejetons la même chose que les gens de toutes les confessions rejettent : L'assassinat d'hommes, de femmes et d'enfants innocents. Et il est de mon premier devoir comme Président de protéger le peuple Étasunien.	Kundi tuka lhekekanya ebyo abandu baka  lhekekanya : obwiti bwabokoyo, nabothatha na bana . Nakandi biriomo mitheghekere yagh'eritheya abandu, ngo mwami wabikalani be umarekani.
C'est un jeudi soir que j'ai tenu la promesse que je lui avais faite.	Yabya omwiģhologólo y'esítwámínya, inama berererya endaghane namulaghanira.
« Miroir, miroir au mur, qui est la plus belle dans tout le pays ? » — « Votre Majesté la Reine, vous êtes la plus belle ici, mais Blanche-Neige est mille fois plus belle que vous. »	« Ekitsatsamíro, Ekitsatsamíro okoluhimbi, oyuwene omokihugho kyossi nindi ? » — « Oyo lukengerwa, mughole, uwene nga, uhambire kundu, hali we, yo Blanche-Neige uwene kukulaba. »
"Les Russes utiliseront toutes sortes d'armement pour défendre leurs intérêts géostratégiques au Moyen-Orient et aucun État voyou, terroriste ou criminel, même ""civilisé"", ne les fera reculer."	"Aba Rusi bakandisya kolesya esyombundu syosi omwi kwamirira esyondundi syabo omo bighugho by'e Moyen Orient, nakandi sihandisabya obuthabali nobuyima, ""bwanga bia buti"", obu kandi sya bubahya."
J'ai adjoint le nom de mon mari au mien.	Mungongeraray'erina eribawaghe ryoko ryaghe.
Nous attendons la sortie du premier numéro de notre revue avec crainte et impatience.	Tukalhind'ekithabu kyethu nobulinga buba.
Tu vends des voitures d'occasion, pas vrai ?	Ukakol'obuhinganya bwesyonguruban'esyabiri hwako, kobithebithya ?
Mike a quelques amis en Floride.	Yo Mika awithe abanwani biw'e Florida .
Les Martin nous ont invités à leur fête d'anniversaire.	Abo Maratha mubatubirikire oko muyibaghalo wabo.
Kylia a remis la trousse de premiers soins là où il l'a trouvée.	Yo Kylia mwaka subulya emibatsi oho alya sungayo.
A bientôt, Ian.	Mbolerere, Lan.
Les preneurs d'otages s'échappèrent, malgré un court échange de tirs avec un policier.	Abatswatswa muba bala, mwalhi muhanaby'amalwa nabaputu.
Ça a suscité mon intérêt quant à comment certains noms propres internationaux sont écrits en japonais.	Ekyo mukya ndethera eriminya amena wayitwere kwaka sakawa omo kijapaniyo.
L'industrie locale était florissante par tout le pays pendant la période Edo grâce à l'effort de promotion de chaque clan.	Ekibuthe kyoko wethu kyabya kitsemesirye omwilabira omukekera ghobuli kihanda.
"Aujourd'hui, une femme qui travaille comme mécanicienne automobile est ""cool"", alors qu'un coiffeur masculin est automatiquement étiqueté ""gay"" par beaucoup."	"Lhino omukali oyukakola ngomukanicien ""ali cool"", alhiwe omusisi wabalume akalunabirikirwamo ""gay"" nabandu banene."
Vous devez me laisser gérer ceci.	Mwanga ndeker'ebi inasondolyabo.
Le délai de traitement est le temps nécessaire qu’il nous faut pour préparer l’article à la livraison.	Endambi eyerikomya yothutholhere eritheghekanya omuhulukyo wekithabu kyethu.
Vous avez changé depuis que je vous ai vus l'an passé.	Wabere ghundi mundu kulab'okoghundi mwaka.
Si vous ne bougez pas immédiatement, vous serez arrêtés.	Uthitha thibita, ighuka hambawa.
Si vous voulez traverser la rue, vous devez attendre que ce soit vert.	Wamabya ighukasonda erisoka, ulhinde hake enzira yabi bia bwehubwehu.
Toutes les lettres ont pour principe ‘A’ ; l’univers a pour principe l’Etre Primitif.	Obulhi bisako bikatsuka kwe 'A'; nekighendererwako kyekihugho ni mundu.
Je demandais des comptes à mes employés.	Mongasab'ebyaghe okobakolhi baghe.
La famille avait gentiment accepté de répondre aux questions de l'inspecteur.	Ekighanda mokya ligha erisubirya okomabulyo ghomukulu.
Dire que j'ai gâché des années de ma vie, que j'ai voulu mourir, que j'ai eu mon plus grand amour, pour une femme qui ne me plaisait pas, qui n'était pas mon genre!	Eribuwa muthi, na biri heria eshondambi ene omo maisa waye, monatakire ina hola, monanzibwa, monananza omukali oyuthuwene, oyuta nianzisire, oyu kalire!
J'espère qu'il a compris et qu'il va me laisser tranquille.	Nga lengekekanaya ngabiri owa, akandi ni lwika.
Ethan était surpris par les infos.	Yo Ethan mwasisira kutsibu esyongulu sika laba.
Quand j'ai repris conscience, j'ai remarqué que j'étais couché sur le plancher.	Nabisuba, mongalu na langira ngoko nyi otsere oko rupawo.
Vous autres, mathématiciens, n'êtes qu'une bande de pervers !	inywe, banya mathematisyeni, mutsandenye !
Retournez dans le van.	Musubely'olungo.
Pour chaque dîner, où son devoir de fidèle sujet l'avait obligé à manger comme tout le monde, il s'imposait une pénitence de deux journées de nourriture au pain et à l'eau.	Oko buli kalyo, aho ekashi yiwe yeri bya molo moyamukashire eriria ngabandi bandu, inakalya omo biro bibiri omukate na maghetse.
Tu auras beau essayer, tu ne seras pas capable de finir cela en un jour.	Wangana pima, iwatasya pima, siwendisya bugha ebyosi omo kiro kighuma.
J'ai dû abandonner la fac et prendre un boulot.	Muna lekire akalasi, nabi bana omubiri.
Nous nous sommes trouvés à court d'argent.	Olubwele moluka hwa.
Vous pouvez vous rendre de Washington à New York par le rail.	Mwangana enda ewashingitoni ne nIwiyoroko omo gurubani yomuki.
Envoyez les gosses au lit !	Muyahotseray'abana !
La zone au-dessus de huit mille mètres est connue comme zone de la mort.	Ekiraho eki lengire esyometere millioni munane, nikiharo kiliomo hatari nyingi.
Au nouvel an, nous passons un long moment en famille.	Ekiro mwaka atsuka, mo twanaby'omo kisendebele nabathunga bosi.
Jack était fatigué par cinquante miles de marche.	Yakobo aby'inaluhire kundi olughendo mo lwabya lulhi.
Si tu regardes les paroles de la chanson, tu te rends compte que c'est à peine sensé, non ?	Wamabi lebya ndeke ebinywa biomo kasimo ako, ukendi langira ngoko sibiriowika, nakwa ?
L’alphabet de l'espéranto comprend vingt huit lettres : a, b, c, ĉ, d, e, f, g, ĝ, h, ĥ, i, j, ĵ, k, l, m, n, o, p, r, s, ŝ, t, u, ŭ, v, z.	Enyakota yo busiperanto inawite eriruba nga bihonye bibiri n'omúnani :a, b, c, ĉ, d, e, f, g, ĝ, h, ĥ, i, j, ĵ, k, l, m, n, o, p, r, s, ŝ, t, u, ŭ, v, z.
J'ai perdu le pari.	Namabi betwa.
Vous devez arrêter de vous inquiéter.	Ngamb'iwa lekeri hangya hangya.
Elle a fichu son petit copain à la porte.	Mwakalu inya tibita oko mwanzi wiwe.
« Désolé, je t’ai posé une question déplacée ? » « Non, pas du tout. » « Alors pourquoi tu réponds pas ? »	« Unihanyire, mongakubulaya eribulyo ribi ? » « Iyehe, sihali mbugha. » « Nero busanaki syuteta ni subirya ? »
Je suis M. Tanaka, votre nouveau voisin. Enchanté de faire votre connaissance.	Inje yo Tanaka, omú̧lıķ́yenu muhiamuhia. Nama tsema eri ku minya.
Kevin a été élevé par sa tante à la campagne.	Kevin mwa kulirye ewa sungali wiwe e mulongo.
Je connais la fille avec qui tu parlais hier.	Nyinasi omumbesa oyowabya ukakanya naye mulhigholo.
Déconnectez l'alimentation du modem, attendez environ une minute, puis connectez de nouveau le câble.	Utw'omuliro we modeme, neryo ulhinde hakuhi akathondi kaghuma, neryo usyaboha buhyaka.
Oublions le passé et parlons de l'avenir.	Twibirirawe ebyakera tukanaye oko bikaasa.
L'amour fait parfois faire des bêtises.	Olwanzo lukalhek'omundu enyakol'ebyagha.
Suivre la même ligne éducative est très important. Si un parent choisit de faire une chose et l'autre parent fait le contraire, l'enfant est confus.	Erikwam'elughobe lughuma nikyandundi. Omubuthi amasonda erikola ekindu, noghundi inya kola biwe, omwana akabula owangaghemera.
Ne blasphémez pas, jeune homme, dit le prêtre avec un sérieux effrayant. Dieu vous frapperait de sa malédiction, il vous rendrait fou; je crains que vous ne le soyez déjà, car vous parlez comme un être privé de raison.	Isiwabugha tabutabu, mulwana,omukara mwabugh'atya inya sunzire. Nyamuhang'akikuthakira, inyanganakuyiram'omu̧sıŕe; ngubaha eribya iwangabya iwaber'omusire, kundi ulhimubugha kityakitya ngamundu oyutawite bwenge.
Véhiculer votre message est bien plus important que d'essayer de le dire exactement comme un locuteur natif le dirait.	Erilaghalaghanya omwatsi waghu kyowene kulenga eri bugha kyo ngowaho wa kera.
Le plombier pompa l'eau pour la faire sortir du tuyau.	Uyukakotay'amaghetsi mwa lekire ina senda ndeka omomutúbúbu.
Si vous en voulez une, il vous faudra trouver la vôtre.	Wamabya iwanzire akaghuma, nangana kuleka, iwa sondekania akaghu.
Ne laissez pas votre chien en laisse si vous voulez qu'il vous soit attaché.	Iiswa sigh'endegheteghe yaghu yitya wamabya iwanzire uti iyahangwa.
Eh bien, j'ai adoré.	Ayo diwa, monanzire.
À force de voir des émoticônes partout, je perds l'habitude de chercher des traits d'humour dans les textes eux-mêmes.	Omwilangira ehi minyikalo hino ahosi, ngabya nibehere yerirondya ebikatsemesaya omo nzakano.
Le consommateur saura quel type de poisson il achète, comment il a été produit et d'où il provient.	Omulhi akeminya nga nisamaki yo muhanda wahi aka ghula, na ngayikasirahayi.
Garde tes leçons de morale, tes conseils et recommandations pour toi-même. J'en ai marre de ton attitude arrogante.	Bika amakangiriryaghu, uyibikire esyombitha syaghu okwiwe, iwuwene. Namaluha oko mibere yaghu yemiyiheko.
À quel niveau a-t-il joué un rôle dans le programme de recherche ?	Hayi ho alia satira omo ndeko eno ?
Lorsque j'étais gosse, Maman reprisait nos chaussettes lorsqu'elles avaient des trous. De nos jours, la plupart des gens les jettent et en achètent de nouvelles.	Omughulu nabya mwana, koyo waghe inaka ghu̧ndaghu̧ndyâ ehi sokse hietu hiabi tulika. Okobiro bino, abandu bakaghusabyo neryo ibaghula ebihyaka.
Bobby doit aller au lit à 7h30.	Bobby angayath'okosahanguma ne kitswe.
Le devoir était si compliqué que personne de la classe ne l'a terminé.	Omubiri alwakalhir'erihika nokolulhengo sihalh'oyowamabugha.
J'ai pensé qu'il serait amusant de chanter ensemble quelques chansons.	Indyalhengekanaya ngabwanga tsemesirye itwwebosi, itwimba esyonyimbo sihuma sihuma.
Grace donnait l'impression d'être en colère.	Yo Lúkogo mwasosa nga hiririkene.
Mets la radio en marche; l'émission va commencer.	Ekihindi kikatsuka; akaya ekinimba.
Mais le comté du fromage éponyme, c'était le comté de quoi, en fait ?	Alhiw'ekitswe kyo bundu, kyaba kitswe kyeki ?
Croix de bois, croix de fer, si je mens, je vais en enfer.	Omusalábha ghomuthi, wekyuma, namatheba, inaya ekulimu.
Le bol en verre s'est brisé en petits morceaux.	Ekihindi kyabiri thengukala.
À l'aspect du fantôme envoyé par les dieux, / je frémis, ma voix meurt, et mes cheveux se dressent.	Eribyaho ngekiţsalhû̧ ekirya tumawa nemirimu,/ ngubaha, omúlenge aka hwa, nesyonzwiri sika purik'okomutwe.
Ma vie privée ne vous regarde pas, la vôtre ne m'intéresse pas.	Eribyaho ryaghe silibalhebire ne ryenyu sinzomenelyo.
Tu devrais faire des excuses à ton père pour ne pas être rentré pour l'heure du diner.	Wangasabir'obughanyiri okohatha waghu kundi sighutasa luba erisyalya.
Cesse de rêver et ouvre les yeux.	Lhek'erighatsula ameso.
Larry Ewing est marié.	Larry Ewingi alungire.
Parlez dans le micro.	Bugha omwatsioyu omokinimba.
Grant échoua dans presque tout ce qu'il entreprit - jusqu'à ce qu'on lui donne le commandement de l'armée de l'Union.	Grant mwathaluka okobyosi abya ighire erihika omughulu bamugha obusondolya bobulhasi.
« Quand l’étoile du berger se reflète dans la rivière, il est temps d’aller se reposer », disait régulièrement Maxime à Marie avec un petit sourire malicieux.	« Omughulu engununu yomulisya ikakolheray'omolusi, nindambi yeriyaluhuka », Maxime abya inya kabwiratia Maria inyanemuseka.
Veuillez ne pas répondre à ce courriel frauduleux et ne cliquez en aucun cas sur les liens contenus dans le courriel.	Siwasubaya oko nzakano eyi, nakandi isiwa bindulayo kundi niyo bwibi.
Si vous deviez aller vivre sur une île déserte et ne pouviez emmener qu'un seul livre avec vous, lequel choisiriez-vous ?	Wangayiriyabwa oko kitsira ekiringe bwarara neryo ikaletha ekithabu kighuma, wangasombolhir'ekyahi ?
C'est peu : pour mieux encore assurer sa victoire, / Cassandre, qu'Apollon nous défendait de croire, / rend des oracles vains que l'on n'écoute pas.	Hake : okwikoky'obú̧siņgane bwiwe, / Cassandre,  n'Apollon ibaka tughanaya erikirirya,/ inyakalheka nebinywa ibitowikwa ndeke.
Miner des astéroïdes pourraient permettre d'extraire des ressources utiles à l'exploration spatiale directement dans l'espace.	Eri tengya riangana tuwatikya erikol'obusostya bwo muka.
Nous devrions sans doute nous laisser Tom savoir ce qui s'est passé.	Litolere itwaleka yo Toma ina minya ebilya laba.
Si nous sommes solidaires, nous pourrons faire sortir le Diable de l'enfer.	Twamabya itusikane buke bwakuboko, twangana telula nasetani yekulimu.
L'armée finnoise est sur le champ de bataille.	Abalassi be Fini bane oko kirango kyamalwa.
L’amour est une passion essentiellement égoïste.	Olwanzo luwite litsuro linene.
Pour être une économie de la connaissance véritablement compétitive, l'Europe doit renforcer son aptitude à produire des connaissances  par la recherche, à les diffuser par l'éducation et à les appliquer grâce à l'innovation.	Okwibya ebyashara ye ulaya erikota, bana takire iba minya bindu bingi, ngeri kasana na kalasi, kutse eribya ndata omo byuma bye teknologia.
Casey habite à Tver.	Casey ikere e Tver.
Arthur demanda à Jeanne quels étaient ses plans pour l'avenir.	Arthur mwabulya Jane ebye atakire nakola omobiro bikasa.
Parlez franchement, en avez-vous marre ?	Nyibwir'ekwenene, wama luha nabio ?
Edward regarda Kathy dans les yeux et lui demanda si elle pensait ce qu'elle disait.	Dware mwaka lebya katarina omo meso, nerio amamubulya ngebyo aka lengakanaya, bionabio, byo anemu bugha.
Pourquoi m'as-tu réveillée pour me dire quelque chose d'aussi important ? Maintenant, je ne vais jamais pouvoir me concentrer sur mon travail !	Busananaki mutheta nibukya, erinibwira omwatsi munganan'ono? Butyâ, sinendi kola ne kyosi kyosi oko bilebire omubiri waghe !
Ce qu'il y a de plus beau en ce monde, c'est un amour légitime qui s'avance paisiblement sur une route fleurie, avec l'honneur à sa droite et la sécurité à sa gauche.	Ekyuwene kutsibu omo kighugho kino, lo lwanzo olwe kwenene, muka kotola bolobolo, omonzirayiswir'emo mawa, nolukengerwa, no busalama.
À en juger d'après la taille de cette empreinte de pas, je dirais que l'auteur du crime fait environ un mètre quatre-vingts.	Okwi samalira nyissa oburaha bweritulo riekika munye, nanganalu inia bugha nyiti omwiti ni muraha esyometere nguma nomunani.
J'ai abandonné tout espoir de survie.	Nabili bul'omutima, sinyashi ngo ngandisya biaho.
J'espérais ne pas devoir travailler le dimanche.	Nabya ngalengekania nyiti sitwendibyatuka hinga omo yenga.
Un cœur joyeux est un bon remède, mais un esprit abattu dessèche les os.	Omutima atsangatsangire nibubalya, nagho omundu oloberere nikahina makuha.
Il n'y a aucun souci, je l'espère.	Si hali mbugha, alinga batahi.
J'adorerais sortir avec toi.	Kyanganitsemisya twamabianzana.
De même que la chenille choisit, pour y poser ses œufs, les feuilles les plus belles ; ainsi le prêtre pose ses malédictions sur nos plus belles joies.	Ngoko ekíhombógólo kikarondaya, aherinera amayaya,ebithi ebihambire nga; nomupe kwakana tuthakira atya oko syotseme syethu.
On demande au peuple de se partager les miettes pendant que la brioche est gardée bien au chaud.	muka bwira abakalani muthi bimayebisakiria, omughulu inywe mune muliamaghuta.
J'aimerais un vol direct pour New York.	Ngamb'inimya elisu ilialu liani kolia e Niwiyoroko.
Ca y est, ça te démange encore. Tu cherches les embrouilles, c'est ça ?	Byabino, ukina sesa. Ukarond'omwagha, kobine?
Entendez vous dans nos campagnes Mugir ces féroces soldats? Ils viennent jusque dans vos bras, Égorger vos fils, vos compagnes!	Mwanamowa emilhenge yabalassi kwe? Bakasa omobyala benyu, ibithabaghala benu, omo maka!
Je vous rejoins dans une minute.	Ngasa linolino.
Nous avons tous grandi dans la croyance que chacun a droit a son opinion, cependant, certains croient désormais que toutes les opinions se valent.	Motwa kula itwebosi obuli mundu inyawite ekyeri bugha, haliwe, abandu bakalengekanya ngebyabyo bio biuwene.
Les fruits que vous aviez promis d'envoyer ne sont pas arrivés.	Ebighuma ebyo wanilagha sibiri bia hik'eno.
Descendez la rue pendant 5 minutes et vous verrez le magasin sur votre droite.	Ndaghala hano, ukendi sung'eduka okoluthambi lwamáli.
"""Marika t'attend en bas."" ""Je descends tout de suite la voir."""	"""Marika anemukulinda ohokabuno."" ""Ngandaghala lino lino ngasa mu sunga."""
Dites donc ! Vous croyez comme ça qu'ils vont déposer les armes? Penses-tu !	Uthia! Mukalengekanaya muti bakendi lek'ebimano biamalwa? Unalenkenie !
Le premier qui répète cela à ma femme, je l'étrangle, compris ?	Oyu kendi bwirayomukali waye, ingendi munigha, mwanamowa ?
Je regrette que tu aies mal compris mes intentions.	Namasweka ngoko mutita niowa ndeke.
Kylia a sorti son flingue.	Kilya mwahuluky'embundu yiwe.
Ma tête est restée coincée à la sortie et je n'ai pas pu sortir.	Omutwe waghe mwaka matir'oko luyi neromo nyititatoka erilwamo.
Vous devez prendre ces pilules.	Kitolerere iwanywa ubabalya buno.
Tout le monde dans la pièce a vérifié sa montre en même temps.	Obulimundu mwaka lebya esahaya yiwe oko ndambi kaghumerera.
Aïe! Cela fait mal, ça me démange de partout.	Aieoo ! Kiama luma, nama sesa okomubiri wosi.
Elle habite au 56 Russell Square.	Ikere oko 56 ye Russel Square.
Kamui no ken était une sorte d'histoire de samourai / ninja qui se passait au cours de la transition entre la chute du shogunat des Tokugawa et la Restauration sous l'Empereur Meiji en 1868.	Kamui no ken yabya ndekerano ya Samourai / ninja inyakalaba omughulu weri lhabirya omuthaluko we shogunat ye Tokugawa nerisubiryaho riomwami Meiji omo 1868.
—Mais qu'est-ce qui vous fait supposer qu'il nous laissera quelque chose? —Ah! mon enfant, il est si riche, et nous sommes si pauvres! —Cette raison ne me paraît pas suffisante, je vous l'avoue, maman....	 —Tahie niki kokikyama leka iwa lengekania ngoko akendi tushihira kindu?—Ah! mwana waye, nimu theke, itwe tuli bakubiri!—Kinywa kyaghu sityath'owika ndeke, ngakubwira, koyo...
Je cherchais Andy. Sais-tu où il est ?	Nandi mu rondy'a yo Andy. Wangana miny'aho ali ?
J'espère que tu me diras tout ce qui s'est passé.	Ngalhengekanya ukendimbwira ebiryalaba.
Il se sentit si malheureux, si fâché contre lui-même qu’il lui prit une forte envie de pleurer…	Neryo mwanyowa mo muhanya, kandi mwayihithanako hakuhi atwike nekiriro....
Aucun des camarades de classe de Théo ne lui a offert de l'aide.	Sihalhi nomwira wa Théo nomuyim' oyo wamuh'obuwathikya.
Tu te rappelles la fois où on est allés à Boston ensemble ?	Wanamebuka omughulu twaghenda haghuma Ebostone ?
Le nouveau travail de Layla lui a permis d'accéder aux dossiers confidentiels de la prison.	Omubiri muhyaka wa Layla mwalhekire inya hika oko bibabe ebyomongomo.
« Ça va ? Pas trop blessée ? » « Non non, ça va très bien. Je suis même ravie que ça l’ait faite me parler en toute franchise. » « Je vois. Tant mieux. »	« Kighowene ? S'utetakwa kundu ? » « Iyihi, kinuwene ndeke. Nyitsemire nibya kundi mwakambwiraky'omokwenene yosi. » « Namalangira. Kyanya. »
Terrible accident d'hélicoptère dans un cimetière belge, les sauveteurs ont déjà dégagé plus de 500 corps.	Kisid'ekikalhire kundu ekyerisu omwirima lhyabaholi lyaba beleji, abasabula mobaka lusayamo ebinda vingi okomaghana awathanu.
Bonsoir, mon chéri !	Wamabisiba, mwanzi waghe!
Je ne ferai pas semblant d'être désolée.	Sinendisos'omundu oyukwir'obulhighe.
Kim vit avec Ken.	Yo Kimba banikere na yo Kena.
Une habitude ne peut être jetée par la fenêtre ; elle doit être contrainte à descendre les escaliers, une marche à la fois.	Embere werighusa omwilabira oluyi; angakaswa erindaghala okobisambiro, olughendo ahaghuma.
Kate a eu l'occasion de jouer un rôle important dans un film.	Kate mwasungire akabanga kerisatha oko byesa.
Si vous voulez cet emploi, vous devez faire acte de candidature avant demain.	Wamabya unaanzire omubiri oyu, wangana laghalaghanyerinaryawe embere esyo mongyakya.
Nous ne percevons, pratiquement, que par le passé, le présent pur étant l'insaisissable progrès du passé rongeant l'avenir.	Thukimaya kinwa mikolhere, omwilabira ebyalaba, ebya lhino kulhenga ebithe byanga tokekana.
Evidemment tu es terriblement déçue maintenant, n'est-ce pas ?	Inga wamabithebwa, kobithe bithya ?
Les différences entre les histoires des deux parties impliquées dans l'accident étaient si grandes que les autorités ont eu du mal à décider qui disait la vérité.	Ebighabana omo babugha abandu abalwe omo kisida byabya biraha kundu nero mobyaleka abalembya iba thaluka eribhan' ekwenene.
Tous les êtres vivants tirent leur énergie de la lumière solaire. Les cellules des plantes le font directement, les animaux indirectement, en mangeant les plantes et les autres animaux.	Abandu bosi bakimayakaghla kabo okwlir'oko kyakakala kyomwisi. Emimeya yika kolkya aho naho, esyo nyama omwilabira bindi bindu, ngeriria emimeya munye nesho nyama.
Le mari de Marie est aussi son chéri, et même son amant.	Omulume wa Maria ni mwanzi wiwe, nibawiwe.
Je ne suis pas sûre de suivre ce que vous dites.	Sinyasi ngo unemubuwekwenene.
Traduire des phrases une par une est trop lent pour vous ? Vous voulez élever votre rang sur Tatoeba, ou le rang de votre langue, à la vitesse de la lumière ? Eh bien, c'est pour vous !	Eribindulébinyw'ebi lika enda bolobolo kwe ? Muka takeri sambirya ye Tatoeba, kutse olulimi lwaghu, oko bitessi byekyakakala kwe ? Inga, ni kyaghu !
À l'hôtel, vérifiez où est la sortie de secours avant d'aller au lit.	Oko lutere iwalebya ahelilwirira omughulu we hatari, embere uyetho.
Celui qui tient l'os, le chien ira suivre sa main.	Oyukimaya omukuha, embwa ikandishimia ebyala biwe.
Les musées sont la grande fierté de New York.	Esyo nyumba sye asili syo sikashikaya e Newiyorko.
Rien ne tue comme un amour trahi !	Si hali ekita ngolwanzo lwamabehi !
Quand je travaillais dans une école publique, j'avais de dix à quinze étudiants par classe.	Omughulu nga tumik'omo kalasi ke leta, ngana bia na bakolo ikumi, kutse ikumi na tano.
Une scène angoissante s'accompagne forcément d'une chouette qui hulule ou de loups qui hurlent à la pleine lune.	Ethabu nyingi ika leta obutseme vungi omomughenda.
J'espère que tout retourne à la normale.	Ngalengekanaya ebioshi bine mobusawa.
Quoi d'étonnant si la prison ressemble aux usines, aux écoles, aux casernes, aux hôpitaux, qui tous ressemblent aux prisons ?	Niki kyo kyanga swekyabandu, esyongomo sisosire eyosini, ehilasi, ebilamiro, ebyosi bino syeneshongomo ?
Je me suis presque faite écraser par un camion.	Omutoka mwaka nihuma.
On ne peut pas dire que la civilisation ne progresse pas, car pour chaque guerre, ils trouvent de nouvelles façons de vous égorger.	Sitwanga bugha tuti ebihuho sibiri loley'emuliro, obuli mulele, baka banaesindi nzira syerikerabandu.
Puis-je récupérer ma caution s'il vous plaît ?	Nangan'imia olubwele lwaye?
Elle a un ravissant visage rond.	Obusu bwiwe buli nge kyesa.
"- À quoi penses-tu en entendant le mot ""bit(t)e"" ? - Eh bien, à une bitte d'amarrage, bien sûr, mais je pense que toi, tu penses à autre chose."	"-Ukalengekanaya ki kwe ukowa ekinwa ""bit(t)e"" ? -Eh inga, oko bitte yomo maghetse, namalengekania nyiti iwe, siuli owa aho nginje."
C'est sympa de votre part d'essayer de me remonter le moral.	Kiowene, wasingya uka ni subiomuthima womo nda.
Ce temps est à crever de chaud, j'ai tout simplement pas envie de sortir.	Endambi eno niyerikihuhania kyeritobola, sinyanzire eri huluka.
Il a occupé les assaillants suffisamment longtemps pour que les renforts arrivent.	Esyo bundu moshika kanya, endambi nene neryo aba ka kombola mobakasirayo.
""" Quand le perfide Ulysse eut à sa lâche envie, / vous ne l'ignorez pas, immolé ce héros, / en silence d'abord pleurant ses noirs complots, / pleurant de mon ami la triste destinée, / je traînais dans le deuil ma vie infortunée. """	"""Omughulu yo Ulysse akwa engumbu, /simutagherwe, eritha engabo eyi,/ omokikuthukuthu inianemu lir'ebitsibu biwe ebiomwirima, /akayililirako omo biro biwebikasa, / monasihere omo kyusi kyeribyaho ryaghe riosi. """
Je suis désolé de devoir te laisser seul.	Nganyira, namabi kushiha akatambi kanene iwuwene.
Je tourne à gauche, à droite ou je continue tout droit ?	Nyabindukira okokúlembe, okúli kutse niende bweghu bweghu ?
Il ne faudrait pas célébrer la date de la découverte de l'Amérique, car il s'agit également de la date du début de la colonisation et de l'anéantissement des peuples amérindiens.	Isi kyabyakisendebele kiabanyamerika bassa, haliwe eritsuka lye syombanza okwibo neribugha abikalani bakahulawamo ba amerindiens.
Il n'y a pas si longtemps, nous entendîmes un père, dire en présence de sa famille étendue : « Je veux qu'aucun de mes garçons ne soit avocat. »	Habya hatia, motwowire thata wa bana aba, aka bugha embere sye kihanda kiwe athi : « sianzire no mwana no mughuma oko bana biwe ina bya mu sosi. »
Je pense que vous voudrez m'écouter jusqu'au bout.	Nyiowe, leka nihike okomwiso.
La première victime fut un de mes meilleurs amis et sa perte me causa un vif chagrin; la seconde était tout simplement un Allemand.	Oyo wa kwa elimbere, abya mwira wiwe, nokwiholakwiwe lyalethire obuliye bunene kutsibu; nowa kabiri abya munya Ugeremani.
Après être resté dans le coma pendant trois semaines, Nathan reprit connaissance.	Yo Natana asubire habiky'esyo yenga isatu.
Le Dr Smith a beaucoup de patients.	Omúnganga Smith awite bakoni banene.
Le seul qui gagne à chaque fois au Casino, c'est l'Etat.	Oyuka ş́iņgán'ebiro byosi oko misumbagire ye Kasino, yene Serekali.
Tout à coup on le pousse ; et cette masse horrible, / déployant à grand bruit sa ruine terrible, / s'écroule, tombe, écrase en se précipitant / des bataillons entiers, remplacés à l'instant.	Nero mobaka mu kuna; wanamata langir'oluthutu olw'awite,/ luka lu lwa thera,/ ilwabun'alassi, ibalu baletha abandi/ahonaho.
Une évaluation exclusivement comportementale de la psychologie néglige les problèmes familiaux, les conditions scolaires et une quantité de couches de problèmes qui peuvent nuire au développement émotionnel et psychologique d'un enfant.	Erilengereranya emibere yo mwana lika leka itwa tikatika oko syombanza sy'ebihanda, nebighenderwako bino nesyo mbanza syangana leka omwana inyatha kula ndeke.
Tu joues tellement aux jeux vidéos, tu ne penses pas que c'est du temps gaspillé pour rien ?	Uka heraya esyo ndambi syaghu uka tsanga tsanga nebisesani, siulhengakanie ngoko ni ndambi ikayiherera buyira ?
Tout ce pourquoi le Révérend Martin Luther King avait travaillé si dur semblait perdu.	Ekyalekire yo Marta Luthere atumika mo kya herire esyo ndambi syiwe.
J'ai appelé une ambulance à partir du bureau du directeur.	Mongana birikir'engurubani yabakoni inin'ebhiŗô yo mukulu.
La tradition orale existe depuis des centaines d'années.	Ekera yetu yomomibughe yatsuka amabihwa birimo miyamoya.
M. Wilson est en colère contre Dennis.	Yo Wilisoni ahiririkene, alinga yo Denis mwaka muhitanya.
Hey ! Scott ! Paie ma facture !	Iwe! Scott ! Lhiha ekibabe kyaghe kino!
Tu ne connais donc pas, Sarah, la valeur de cette coupe ?	Nibwambu siwashi, Sarah, endundi yoluthehi olu ?
Malgré tous mes efforts, je ne pourrai pas rendre le rapport vendredi.	Mohangabya na kaghala kaghe sina ngatokire eribah'eroporo omo kiro kye byalengekanyâ.
J'espère que l'on pourra garder le contact.	Ngalengekanaya tukendibya ithune haghuma.
Hélas ! j'y fus suivi par mon destin funeste. / Des malheureux Troyens j'y rassemble le reste : / sur la rive des mers un nouvel Ilion, / élevé par mes mains, avait reçu mon nom.	Hela ! Akawira mokámuhwerekô. /Obuliye Troyens ngakumakuma ebisihalire : /oko luhande lwa maghetse aka ilion kake,/ako nakulirye ne byala byaghe, mobamuhere elina liaye.
Nous avons loué un appartement quand nous vivions à New York.	Motwalu twimia enyumba yeri ligha oko buli mwaka, omughulu twabya e Niwiyoroko.
Je pense très rarement en termes de mots. Une pensée vient, et je peux essayer de l'exprimer par la suite.	Ngalengekanaya kanji kanji ebinywa. Elilengekanya lika asa, nerio nangana bugha hangenya.
Quel âge ont vos soeurs ?	Abali benyu bawite miaka mingahi kwe ?
Tout portrait qui est peint avec sentiment est un portrait de l'artiste, pas du modèle.	Ekisosáno kyosi ki deswire, kye kisosano kye kwenene.
J'espère que ça ne vous dérange pas si je pars tôt.	Ngalegekania nga silubanza nama bi enda luba.
J'ai passé un mois en vacance au Japon et c'était génial.	Monayire oko konjé kwewa ba japoni, monanza kutsibu.
Où est Monsieur Owen ?	Owen ali hayi kwe ?
Mettre un terme à la dégradation des écosystèmes de la planète peut s'avérer le plus grand défi auquel l'humanité ait été confrontée.	Eribugha omuka omokighugho, kikalire kutsibu oko bikalani bosi bomo kighugho.
« T’avais déjà mangé vietnamien ? » « Nan, c’était la première fois aujourd’hui. » « C’était bon, hein ? » « Ouais, c’était trop bon. »	« Wanabiri lya oko byala ebye vietinamum ? » «Nan, lyabya lyaghu lie kwanza kwe ? » « Mokiowene, nakwa? » « Inga, mokyasigha. »
Je sais que vous avez passé les trois dernières années en prison.	Nyinashi kongo mowa bugham'emiakisatu yomongomo.
Le lendemain matin elle me dit dans le creux de l'oreille: «Nous rentrons à Paris ce soir. Il dit qu'il n'est pas question qu'il me laisse seule dans un endroit aussi triste. C'est comme ça.»	Omonjanja omothuthu, mwakani mbomberaya ati : «thuka sub'e Paris omorighologholo rino. Athi syanganishiha hano hali buliye injuwene. Kobine.»
J'ai été avocat pendant 28 ans et Garde des Sceaux pendant 28 jours. Si je suis le seul ministre de la Justice à ne pas avoir commis d'erreur, c'est parce que je n'ai pas eu le temps.	Monabya Musosi omo birimo makumi abiri nomunane nomubik'akathébhê oko biro makumiabiri nomunane. Namo nyine omulembya weritw'ebinywa oyutakolire olubanza, kundi mo nyiteta hira ndami yeri kolakyo.
Nos conceptions de l'ouvrier-créateur, de quelque religion qu'elles nous viennent, sont bien les inventions les plus médiocres, les plus stupides, les plus inacceptables sorties du cerveau apeuré des créatures.	Ehakili syetu syeri bughatuti oyowakuhanjika anemukuosondya, ngamb'isyahwa, shika leta obulinga bu tsweka, sikiuwene.
« Vous n’êtes pas mariés, avec ta copine ? » « Bien sûr que non. » « Ah bon ? Je croyais que si. »	« Simuli mwalunga, kwe iwe nomwanzi waghu?  » « Iyehe.  » «Uwessa ? Ngabya ngalengekanaya nyiti mwalungire. »
Le chirurgien m'a convaincu de subir une opération de transplantation.	Omunganga mwaka ni bwira ati bani thule, naye monga ligha.
Femme, vent, temps et fortune se changent comme la lune.	Omukali, erihúnga, endambi, endúndi bika binduka ngomughenda.
Je vous connais suffisamment bien pour savoir que vous n'aviez pas vraiment l'intention de sortir avec Hugo.	Nyi kwashi buli, ninasi ngoko sihutakire eri anzana na Hugo, mobaka kukasakas'okwiye.
Tout à coup il cacha son visage de ses deux mains, et s’enfuit hors de la grotte en répétant avec un accent terrible : « Pas devant moi ! »	Aho naho mwabis'obusu bwiwe omo byala biwe bibiri, ama tibita hali ne libwe aka bugha athi  : « Butsir'embere syaghe ! »
J'écris des lettres que je n'envoie jamais.	Nga handika esho nzakano esyo nite tuma.
Tu es mon joli coeur.	Ughambire nga mutima waye.
Je me rends au cabinet du Docteur Dupont pour qu'il me renouvelle mon ordonnance.	Nama yihuss'eburo y'omúnganga Duponi inya nihawandi mabalya.
L'entreprise escomptait en fait un léger recul au troisième trimestre, mais a cependant dépassé les attentes et même réalisé un bénéfice.	Ekithongole mokyabere n'olumbuka lunene omo misi satu yalavire, aliwe mukika labay'ebyo twabya tulindirire.
Miwako, je vous présente Kenny.	Miwako, ngakunganaya Kenny.
La démocratie, c'est l'écoute des peuples. Le peuple américain a parlé. Sachons, nous aussi, en tirer les conséquences.	Nobuthabali, nihulikirira ebihanda . Abanya bwamerika mubabugha . Tuminye, itwe, erilusyamo ebialeka.
Ayant remis les statues de ses dieux entre les mains d'Anchise, il le charge sur ses épaules, et traverse la ville, se retirant sur le mont Ida.	Wabya wabi subya esyosanamu omo byala bya Anchize, mwamu hekiriebindu oko bitiho biwe, ama laba omo mulongo wossi, aka sokeroko kitwâ kye Ida.
Arrêtez de vous poser des questions inutiles.	Lek'eriyibulya ebituruturu.
« Je peux résister à tout, sauf à la tentation. » est un mot d'esprit typique d'Oscar Wilde.	« Nangana yihandíka oko byosi, butsir'okwilholho. » ekyo ni kinywa kya yo Oscar Wilde.
Tu peux sortir si tu reviens avant 7 heures.	Wangana enda haliwe usubule embere syesaha nguma.
Personne n'est autorisé à quitter la salle de classe avant que la cloche sonne.	No mundu no muyima syaruhusirw'erilwa omokalasi ember'omukénge alire.
Jim est apprécié de tous ses copains de classe.	Jim anzirwe nabandu bosi bomo kalasi kiwe.
De temps à autre elle se sentait libre. Pourtant elle ne savait pas encore vraiment que le liberté était un sentiment.	Okokatambi kaghuma kaghuma, iniaka yiowa mobwiranda. Isiiasi ngoko obwiranda buka sigha.
Les gens meurent, normalement, si vous les tuez.	Abandu baka hola, kundukundu, wamabithabo.
En passant du rang de planète à celui de planétoïde, Pluton est aussi devenu transsexuel.	Omwilab'omo kighugho n'enda okweky'a planetoide, Pluton abiril'inabya mukumbira.
Êtes-vous sûre de ne pas vouloir attendre jusqu'à demain ?	Unalengekenie ngasiwendi linda omunja kwe?
Mlle. Green m'a appris l'anglais.	Mumbesa. Green mwanikangy'ekingeresa.
La déstabilisation des pays de la région sera très bénéfique pour que cet État raciste et colonialiste continue à occuper plus de terres et à opprimer les autochtones avec ses pratiques abjectes d'une autre époque.	Eritsambiatsambia ekihugho rikandivya ryamuhung'okokihugho ekya kasolol'akeranzi ebikekolobokay'eribia ivangana lolia emulhiro erivia ivane mwikalir'ebithaka nerikolovoky'esyondulani syak'omwilabir'amathegheko wabowakera.
La chanteuse a enflammé la salle en faisant une reprise très sensuelle de « I really got you now » des Kinks.	Owimbi mwakusulay'ekisenge akakola ekisiyisiyi ekye « really got you now » kyaba Kinks.
Nous devons engager un pro.	Kumb'ithwakolesya omundu oyowasibyo.
C'est le dernier album de Carrie Underwood.	Nikisisesani kyenduli kya Carrie Underwood.
Si vous regardez avec attention, vous verrez que la boîte est munie d'un double fond.	Wamabilhebia eriyitheghereria ryaghu, ighukandi lhebia ngokwekisanduku kinemo bulhi bunene.
Si tu trouves une méchante femme et l'épouses, alors tu seras sûr d'avoir des difficultés plus tard à être heureux.	Wamasunga omukalhi mutsibu iwamuthahia, ighukandi langira koghukandivia na malhengekania wemisango ndangariri erivya novutseme.
Tu sors avec un autre type ?	Ukaghenda noghundi mulume ?
Vous ne devez pas vous mettre au lit, mais vous pouvez vous asseoir dans un fauteuil ou vous promener dans la chambre.	Siwanga yatho, alhiwe wangikalhi'omokithumbi kutse iwalhender'omo kisenge.
Tu penses pouvoir me mettre une trempe à ce jeu ? Ramène tes fesses, je vais te mettre une de ces déculottées.	Ukalhengekenaya ukandiniyir'omo masatha aya ? Subay'amathako waghu, ngakwambalay'ekiputhulhu.
Max expliqua à Julia pourquoi il n'a pas pu venir à sa fête d'adieu.	Max mwakaniri'okobulhi Julia busanaki mwathasa oko kisendebelhe kiwe ekyendulia.
Je suis tellement bourré que je ne peux plus sentir mon visage.	Namaswek'eribya sinangasyowa obusu bwaghe.
"""Je me souviens des temps anciens"" Qui connaît la suite de ce poème?"	"""namevuka esyondambi syakera"" Oyo wasi ebinyume by'endekerano eyonindi?"
Son titre officiel est directeur général de l'Agence pour l'environnement.	Epeta yiwe ni mukulu owekivuthe ekyevithuthimbireko.
Prendre un bain m'aide à libérer mon esprit de mes soucis.	Erikaraba rikangwatikay'erikehia ekitsutsu kyaghe okomalhengekanya.
Le week-end, j'emmène mes chiens dehors pour une longue promenade dans le parc.	Okondulhia yeyenga, ngathwala esyondegheteghe syaghr sye hihia vusana nolughendo lulhi omoluparake.
La vie est un sommeil, l'amour en est le rêve, et vous aurez vécu, si vous avez aimé.	Eribyaho nihighotseri, olwanzo ninzoli syaho, naghukandisyabiaho, wanamatsesibawa.
Il dit, donne l'exemple, et sur son bras guerrier / d'Androgée expirant charge le bouclier, / saisit de ce héros l'épée étincelante, / de son casque embelli d'une aigrette flottante / pare son front superbe.	Mwabugha, uhebo yomufano, noko kuboko kwiwe kwamalwa/ kwa Androgée mokwalhengerw'eribindula engabo,/ mukwahamba okomuhereri omuyalhi owakalhire,/ okokikeke kiwe ekyabia kikalhelhetha/ omobusu bwiweobutsemesirye.
Nous prenons les commandes par téléphone.	Thukimaya ebikarondibawa omwilabira esimu.
Comme vous ne l'avez pas lu, dites ce que vous voulez.	kusangwa sighutha somakyo, bugha ekyo wanzire.
« À quel âge êtes-vous venue en France ? » « Toute petite. » « À Paris ? » « L'an dernier. »	«Mowahik'evufuranza ighuwithe miak'ingahi ? » «mulhere kundu. » « E Paris ? » « oko mwaka owalava. »
Tout le monde a été excité par les nouvelles de la victoire.	Vulhimundu mwakahahayira vusana nevihiaka evyerikinda.
Vous aussi mangez quelque chose, si vous ne voulez pas risquer une maladie.	Naghu ghuli'ekindu kighuma, wamavia isiwanzir'erihambikwa novukoni.
La partie s'est terminée en nul par triple répétition de la position.	Ekihande mokikahwa omohathe omomitheghekanio isathu.
En voyant le visage de sa femme couvert de rondelles vertes, il a eu une attaque. Encore une victime du concombre tueur !	Erilangir'ovusu vwomukalhiwe vuvombire omovindu vyeranji eye vithi vivisi, kandi mohakavia amalwa. Kandi muhanya yoyo oghomo vithi vikahulawamo cocombre.
Je me suis senti soulagé lorsque tous les problèmes ont été pris en charge.	Mongayowa inamusulika omughulu emisango yosi yirya sulusuthawako.
Ce mec est tellement nul qu'il faudra le conserver dans le formol, quand il sera mort.	Omulume oyu alhivusa kumbe iniavikw'omo eyika hulawamo formol, omughulu akasya hola.
On trouve partout quelque chose de meilleur que l’Angleterre, tandis qu’il est excessivement difficile de retrouver loin de la France les charmes de la France.	Ahosi hakasingika ekindu ekyowene nge angletere, angulhe kikalhire erisungavyo kanjikanji evufaranza ovuvuya ovwe vufuranza.
Mathis s'est levé et est allé chercher un second morceau de gâteau.	Mathis mwakahangana neriyarondia'ekihande kyakaviri ekyo vundu.
Je pensais que ma copine était normale, mais il s'avère qu'elle était un succube !	Navia ngalhengekania indi mbin'omwanzi waghe anavi'inyanalughirirene, alhiwe kikathokekan'akavya'akuthakuthire!
Pourquoi voudriez-vous partager ce type d'information avec des gens que vous connaissez à peine ?	Vusanaki ukasond'erighava esyongulu esyo navandu avoghuthasi ?
Tout le weekend, j'ai attendu un appel important.	Ovulhi yenga, mongowa erivirikira eryo muhungo.
Lorsque j'étudiais à l'université, j'ai toujours passé des nuits blanches avant les examens.	Omughlu navianza somera oko kighiro kikulu, ngaviangalavia ekirokyosi vutsira eriyatho emberesyamalhengwako.
Si le médicament ne marche pas, peut-être devrions-nous augmenter la dose.	Ovuvalhia vwamavia isivulhi ghenda, alhinga thwangongerye kugho.
Croire qu'un programme informatique puisse correctement traduire une lettre d'une langue naturelle vers une autre relève de la pensée magique.	Erilhengekania ko emithegheker'eyevisengula erivia iyangana vindula ekivave omomuvughe oweka evwanga eyiri ovulhengekania ovulhi endatha.
Comme le hasard fut pour une fois bon avec Ethan, il fit trouver à Maria la lettre d'amour non envoyée qu'il lui avait écrite.	Okwivya ovuthaminya movwavia ndeke na Ethan, mwasungirwa Maria yetsanzakano eyolwanzo eyethathumawa eyoamusakira.
Il a pardonné à sa soeur.	Mwakaghanyira mwalhiwavo.
Il se dépêche de rattraper le retard.	Anemuyikas'eryusula eritselhewa.
Je t'assure que l'honnêteté paie sur le long terme.	Oko kwenene ngakubwira ngok'eribughe kwenene rika liha habihw'ebiro ngabienebyo.
Débrouillez-vous, ne comptez sur personne (comme dit la poule : frappe du bec, pas de sein (à téter)).	Uyikandange, sighulhindire mundu (ngoko engoko yikavugha : humba oko munywa, vutsir'okwibere (okwinyonya)).
On observe qu'en France, le plus souvent, les critiques musicaux sont sourds et les critiques d'art aveugles. Cela leur permet le recueillement nécessaire aux idées esthétiques.	Thukalhebaya ngok'e France, kanjikanji, emithongo yehisimo siyivugha nemithongo yehisimo siyibugha nemithongo eye miviri siyilangira. Ekyo kikavalhethera erivia namalhengekania aghowene.
Écoute, regarde et ne bouge pas.	Hulikirira, lhebaya nerio sighuthengane.
Lui-même il se retrouve au plus fort des combats. / Il voit le noir Memnon de ses ardents climats / traîner ses noirs guerriers.	Iyuwenewene akayisunga mombanzi omo malwa. /Akalangira omwirimia Memnon omo birimo biwe /ekiur'abalume biwe bamalwa'abekirima.
Je pars m'envoler pour New York ou toute autre destination.	Ngayahulhikira e New York kutse ahandi handu.
"""Vous êtes ici pour suivre mes ordres."" ""Dans tes rêves, mon pote !"""	"""Mulhi hano erikwama emighambo yaghe"". ""Omo nzoli syaghu, mundu waghe!"""
Les discussions entre les employés et la direction n'aboutirent à aucun résultat clair.	Omubughebughe omo bakolhi nobusondolhi sibyendihikya hayi.
Je ne gère pas leur société.	Sinyinmulhembia wekithongole kyabo.
Arrêtez d'être aussi attardée, bordel !	Ulhek'erikereberera, tahie !
Tout au bout des voies carrossables existent quatre ou cinq petits villages. Ils se trouvent disséminés sur les pentes montagneuses dans des forêts de chênes.	Okomikekethio eyosyonzira kulhi emilongo ini kutse tano emike mike. Yikasungik'oko bithwa omo mishithu.
La Chine a balayé les restes de l'impérialisme britannique en 1997 avec la rétrocession de Hong-Kong. A l'avenir, elle se débarrassera de la présence impérialiste américaine en renforçant sa présence militaire en Extrême-Orient.	E Chine moyikabiraya  ebisighalhirya ebabakakolobokay'abandu abe britanique oko mwaka wekighonye kighuma maghana mwenda makumi  mwenda neririnda nerisubulhia erye Hong-Kong. Omobiro ebikasa ikasyaghuluk'oko abamerika omwiwathirirya obulhasi  bwabo  boko mikiki eye malhengera ryuba.
Dick m'a passé la photo.	Dick mwakamba'ekisasamira.
N'est-il pas temps, les mecs, d'enterrer la hache de guerre et d'oublier le passé ?	Sindambi, balumuna, eritha embasa yamalwa neribirirwa'ebyakera ?
Je suis désolé de vous déranger pendant que vous parlez.	Unganyire kusangwa  namakukenderya  ukabugha.
Elle avait la taille bien prise, une jupe demi-longue, des souliers hauts, l’air doux et effronté d’une gamine qui devient jeune fille.	Aby'awithe obulhi obunayikenze, ejipe nguhi, nebiryatho ebyeyighulu, nobutseme neribyangomwana oyo abiamumbesa.
N'êtes-vous pas opposé à ce que j'ouvre la fenêtre pour laisser sortir la fumée ?	Nangana kikungl'eridirisa erilheka omuki inia lola ehihia?
Ce joli bébé est le fruit de leur passion.	Omwana oyuwene  oyunikighuma ekyolwanzo lwabo.
John et Sue décidèrent enfin de couper la pomme en deux.	John na Sue mobayithagha erithwa'ekighuma kyo kabiri.
Je crains pour l'avenir de l'espèce humaine.	Ngasagh'omo biro ebikasa omuhanda owabandu.
Si je vous le disais, je devrais vous tuer.	Ngakubwirakyo, nangakwithire.
Mike a un ami qui vit à Chicago.	Mike anawithe omwira wiwe oyulhi e Chicago.
Il est né d'une mère juive et d'un père musulman, cela l'a beaucoup aidé à cultiver une certaine ouverte d'esprit.	Mwabuthawa na koyo muyahudi na thatha mushilamu, ekyomokikamuwathikya erikingula obwenge.
C'est l'église où Blake est enterré.	Kyekisomo ekyo Black atabalibawa.
Martha est une excellente pianiste.	Martha nimuwathi mubuya oyutsibuhire.
Si je savais bien dessiner, je peindrais des images dans le style de « Où est Charlie ? », mais sans Charlie.	Nganalhithoka eritsapa ndeke, nangatsapir'ebisasamira'omomuhanda  owe  « Charlie alhihayi ? », alhiwe butsira Charlie.
Mierscheid mérite le prix Nobel pour sa découverte de la corrélation entre la production d’acier brut en Allemagne de l'Ouest en millions de tonnes et le résultat électoral de la SPD en pourcentage de voix.	Mierscheid atholher'ebihembo busana nerifumbulh'erisosekan'omo kathi  kerikokothia ebindu e Allemagne eye malhengera ryuba oko mulhioni  esyetoni nebighuma ebyerisombola ebye SPD omo pursenti  esyemilhenge.
Vous cherchez un costume ? Pour quelle occasion ?	Ukaronday'erikothi ? Kundi kuliki ?
Avant tout, reste à prouver que la réduction du temps de travail crée de nouveaux emplois.	Embere syebyosi, hakisiya erikanzya erikehi'esyondambi esyo mubiri  erihiraho'emibiri mihiaka.
Qu'apprendre d'un chien ? Que lorsque les êtres aimés arrivent à la maison, il faut toujours courir les accueillir.	Twang'igha ki oko ndeghetheghe? Yenesaha ebihanzikwako ebyanzirwe bikuhika eka, kumbe iwathibitha  eriya kokyabyo.
Je garde de beaux souvenirs de cet endroit.	Nyikin'ibukire ahandumunye ngoko howene.
Elle n'est pas le type de fille que tu imagines.	Simuhanda ogho mumbesa oyo ukalhengekanaya.
Ce n'est pas tout à fait exact. C'est même complètement faux dans de nombreux cas.	Sikwenene sibyowene nibya. Nimabehi omo bika binene.
La loi sur le transfert des obligations de surveillance de l'étiquetage de la viande bovine a été votée sous un autre nom.	Omughamb'oko mithumo  eyerikasa okwithegha eritheka oko yiswi eyende kwebisako ryabiri sombolw'omo rindirina.
Zut, j'ai encore raté le train !	Zut, kandi  namabithalay'engurubani !
N'appelle pas les flics, mec !	Sighubughe oko baminyereri, mulume !
Nuit effroyable ! hélas ! de ces scènes affreuses / qui pourrait retracer les tragiques horreurs? / Quels yeux pour ce désastre auraient assez de pleurs?	Kiro kikith'obuba ! Ughesa ! ebikit'obuba/ nyindi yowanga tokir'eri kania kubio ? /Ameso wahi okombanzeno angayire missonia ?
Tu dis que je le connais bien, mais en réalité, on me l'a présenté la semaine dernière.	Ukabugha uthi nyinamwasi, alhiwe oko kwenene, mobanganyiryey'oko yeng'eyalaba.
Ferme-la et écoute, gamin.	King'obuno bwaghum, na uhulhikirire mwana.
Imaginez un peu ce qu'il a dû subir pour en arriver là aujourd'hui.	Utherilhengekania ekyalyasunga eribia inyanga hikahomunabwire.
La société change de plus en plus de visage.	Ekithongole kyabandu kinemwasa kikabinduka lhiololhiolo.
Jennifer se bat.	Jennifer akayikandanga.
Il faut attaquer l'opinion avec ses armes : on ne tire pas des coups de fusil aux idées.	Kumb'iwalwir'okobulhengekania bwaghu nembundu syaghu : sibehuthaya esyombundu oko malhengekania.
Frank étudiait principalement la sociologie à l'université.	Frank asomer'omuthahi owebihanda okokiyiro kikulu.
Les sous-traitants disent qu'après avoir terminé tous les travaux requis conformément au cahier des charges, Jules aurait carrément refusé de payer leurs factures ou ne leur aurait payé qu'un tiers du montant qu'ils avaient facturé.	Abakatsopolaya basubukwa abakabugha bathi enyuma syeribugha  emibiri esabirwe omo mighanzo yeyindi, Jules mwaghanire kotsekotse  erilhiha olumbuka lwabo kuts'angabalhihir'embaghara yolumbuka  olwangabahere.
Est-ce que vous avez baisé ensemble, les mecs ?	Mwana lyatsirighuma, balume?
Si tu demandes à une femme quelle est sa marque préférée et qu'elle répond par une marque de chocolat, c'est qu'elle est belge !	Bamabibulhia omukalhi omuhanda wiwe owakatsemera okasubiry' athi  omuhanda owe sokola, nikubwambu ini mubelhesi !
l'Europe doit affronter les problèmes que pose le vieillissement de sa population.	Obulaya bwangatsuk'eriyihinga oko syombanza esikalw'omo busyakulu  obwabahimbani babo.
La pluie crépita doucement sur le toit de la cabane.	Embula yabya ikawa okoluthwe lwenyumba.
Jonathan Swift me défendrait.	Jonathan Swift abiakanyilwirako.
Après avoir roulé sa bosse, tant en France qu'en Amérique, il décida de s'installer dans un village isolé du Roussillon.	Enyuma syerhum'erikuku riwe, nge France ne Amérique, mwaghithagha  erikala'omomulhongo'owalhihalhi oko Roussillon.
Nous allons devoir doubler notre budget pour l'an prochain.	Thukandithasyongerya oko bageti yethu ngendo kabiri oko mwak'awakasa.
Certaines années, au même titre que certains poètes, certains politiciens et certaines belles femmes, se distinguent par une renommée qui va bien au-delà du lot commun, et 1929 fut clairement une telle année.	Miaka mighuma mighuma, okolulhengo lughumerera nabimbi, abapolitika  baghuma baghuma nabakalhi baghuma baghum'abaghambire, bakaghaba  ghabana omwikumayir'erihik'endatha syebyasibwe, na kighonye kighuma  maghana mwenda makumi abiri nomwenda mwabya ngamwaka oyo.
"L'""État"" terroriste que les services secrets occidentaux manipulent pour la destruction d'États laïcs et souverains est une opportunité pour ce système raciste et colonialiste de prospérer."	"O'""buthabalhi"" obobwithi ngemibiri eyesyo kumbo esyebuhyabuka thwalama eritsandia obuthabalhi obwakayeghemera nobakayighemera  nikabanga oko muhanda oy'owakasololo nakapundio eritsibuha."
Ils vidèrent des bouteilles de vin de Bordeaux dans le caniveau devant les caméras de télévision, en criant des slogans contre la France qui refusait la guerre en Iraq.	Mubakungumula ebidashi ebya mabu awe Bordeaux omo mughende  embere syekyumano ekikahamba ebisasamira ibane mughus' amahihi ghokobu franza obwabia bukaghana amalwa we Iraq.
L'homme ordinaire tient la religion pour vrai, l'homme sage la trouve fausse et les chefs, utile.	Omulume owemitheghekerere ukahamb'ekisomo mokwenene, omundu  owameng'akahambakio momabehi nabasondolhya bakulu bakulu.
""" Mais vous, si je vous sers, ô généreux Troyens ! / si je sauve vos jours, qu'on épargne les miens ! """	"""Alhiwe iwe, namabikuha, ô mundu nga Troyens ! /namabiyasula ebiro byenyu, baghanyire ebyaghe! """
Je suis désolé d'apprendre que vous aviez appelé chez moi hier alors que j'étais absent.	Namaswek'eribia imomwambirikir'ewaghe yomulhighol'omughulu nabia isinyiriyo.
Le nom de Barry Taylor a été avancé pour le poste de président.	Erinarya Barry Taylor ryabirihulwa okwibya iwanga nabia musondolhia.
J'ai compris que la rumeur était fondée.	Nabiriowa ngok'olwambulwambu lwabyakwenene.
Si tu étais un espion essayant de te faire passer pour un natif et que tu le disais de cette manière, il est probable que tu te ferais prendre.	Wangabere mulhebya wangayilabirye mondulani nawanga buyire omomahanda oyo, bikathokekana wakayihambisirye.
On ne peut appeler parfum l'odeur de ce parfum parce qu'il pue !	Sibangabirikira ekikumbo ekimo kibuya busana kikakumba!
Tu te trompes lorsque tu penses qu'il a tort.	Ukayitheb'omughul'ukabugha uthi syasingene.
Aucune autopsie n'a été effectuée.	Sihalhi busosothia bosi obulhia kolawa.
La cliente pousse la porte et entre dans la boutique.	Abaghuli bakakun'oluyi neringira omo buthiki.
Ne bouge pas un instant, pendant que j'arrange ta cravate.	Sighuthenge hake, omughulungakokothaya akarvante kaye.
Je suis content que la pluie se soit arrêtée.	Namatsema kusangwa'embula yamayikera.
T'es-tu rendu compte que dernièrement les étudiants de classe primaire ont grandi ?	Wamabiyiminshya ngok'abigha bomokiyiro ekyerimbere babiri kula?
Elena est la plus grande fille de la classe.	Elena yo mumbesa mukulu kutsibu omo kiyiro.
Voilà déjà six mois que je connais Louise.	Hamahwa mikera ndathu inyinasi Louise.
Que s'est-il passé pour que tu rigoles ainsi ?	Ekiryalabaniki erihika okokika moghukasekaseka ghutia ?
L'actrice préférée de Noah est Ellen Page.	Omusathi oyo wanzirwe e Noah ni Ellen Page.
""" Ne crains ni Céléno, ni ses menaces vaines, / ni ces tables qu'un jour doit dévorer ta faim ; / le destin t'aidera ; compte sur le destin ; / compte sur la faveur d'Apollon qui m'inspire. """	"""Sighubaghe Céléno, kuts'ebyubahisyobiw'ebyobuyira, / kuts'amatara aya  kokiro kighuma bikasyamera enzala yaghu ; / ebikasa bikandisyakuwathikya; uyilhindire ;/ okobuwathikya bwa Apollo obukanyih'amalhengekania. """
"""Tu ne sens pas que quelque chose brûle?"" ""Oh, je suis parti et j'ai fait brûler le toast."""	"""Sighowire kohane bindu ebikahia ?"" ""Oh, mongaghenda nerio mongakiraya e Toast."""
Je doute de tout, y compris de mes propres doutes.	Namathikathik'okobyosi, nemithikothiko yaghe iyinemo.
Un des plus gros problèmes dans notre société moderne, c'est que les gens ne voient pas le monde comme moi.	Olughuma lomombanza nene omo kihanda kyethu ekyalhino, nikwabandu sibelhangir'ekihuho nganje.
Tu préfères les mecs mignons ou les mecs qui ont la classe ?	Ukatsemer'abalume abowene abawithe olulhengo ?
Nous ne sommes pas ouvert pour Thanksgiving.	Sithukingukere oko Thranksgiving.
Ça fait un bail ! On se retrouve enfin.	Nakulolako kera ! Twamasala twasungana.
Les météorologues sont des gens qui en savent énormément sur la géophysique, la thermodynamique et la climatologie, mais qui ne savent quasiment rien du temps qu'il fera demain.	Abakalhebaya'erihunga nibandu banasi binzi ebilhebiry'eki ekikahulawamo géophisique, ne thermodynamique ne climatologie, alhiwe sibasikyosikyosi oko ndambi eyi kasyabia omunzia.
Tu devrais refaire le test. Le résultat peut avoir été un faux positif.	Wangasubir'omo bilheberio. Ebighuma byanganabya inibyakera.
Profite de l'occasion pour la remercier.	Ubwenirimia'akabanga kerimusima.
Vous ne devez pas renoncer, vous pouvez réussir. Je m'en remets à vous.	Siwangaghanire, wanganathokire. Ngayisubay'omwiwe.
Mon mari gagne 100.000$ par an.	Iba waghe akabana ebighonye erighana  byesyosende oko mwaka.
Tous les pull-overs de ce type sont en rupture de stock en ce moment. Nous les commanderons à la boutique principale à Tokyo.	Emipir'eyiringeyo yahwer'omo soko oko ndambi eno. Thukandi sababy'omo duka ngulu e Tokyo.
Un démocrate auto-proclamé qui a la chance de vivre en démocratie, mais qui jure constamment après les politiciens sans s'engager lui-même en politique, n'a vraisemblablement pas compris le mot «Démocratie».	Oyukayisika kwakayithabala oyuwithe olukogh'olwe kidemokrasi'alhiwe  oyukalap'enyuma syabekipolitiki butsira iyuwenewen'eriyithek'omo byekipolitiki, isyathowa ekinywa «Démocratie».
Les journaux à scandale prétendent que le concombre tueur aurait sodomisé la vache folle.	Ebipapur'ebithir'isoni bikalhengekanaya ngebighuma ebika hulawamo concombre tueur  byangathogher'endenzishire.
Marie voulait un tatouage qui signifiât « Amour et fidélité » mais il signifie en vérité « Imbécile d'étranger » en chinois.	Maria abialaghire oko lusak'olwabia lubughire luthi «olwanwo neribya  neriyikethera oko mundu mughum'» alhiwe oko kwenene ikikabugha kithi « nzaramathwe  eyehihya » omo ki chinois.
Ils veulent augmenter la production de nourriture en faisant pousser de nouvelles espèces de riz.	Banzire ibongeria oko birimwa omwilasya emilaso mihia eyo mutsere.
"Imaginez si chaque fois que quelqu'un faisait une faute de grammaire, nous ne pouvions que lui répondre ""Erreur de syntaxe."" en le laissant se débrouiller avec ça."	"Tharilhengekanaya obulhimundu ngwabi'akakol'amalol'omo makangirirya  owe kifranza thwangana birye thuthi rilolo eryo ""mithondeker'eyebinywa""  erimulhek'ayosungasunga nakyo."
Les services administratifs et les institutions devraient solliciter la réaction du public afin d'évaluer et d'améliorer leur niveau de collaboration et d'identifier de nouvelles opportunités de coopération.	Emibiri eyabandu nebiyiro bangasabir'ebyabakalani baka  lhengekanaya  imoba kokothia olulhengo lwab'olobughambulhirane nerisyalhebya  kyahikyabangakola.
On ne remerciera jamais assez William Christie d'avoir permis qu'après plus de trois siècles, certains arts refleurissent en France.	Sibyendi syasima kundu ye William Christie busana nerilhighira kyenyuma  syemighulu hakuh'isathu ebighumaghuma ebyabya birimu syasuba  e France.
C'est le manager du département marketing.	Yomukulu oghomubiri oweridondi'abaghuli.
Le clown faisait un drôle de visage.	Omu clown abya akakol'obusubiwe kithiakithia.
Tu auras une nouvelle montre pour ton anniversaire.	Ukandi habw'akaghanza buthuku kahia ekiro kyeribuk'amabutwa waghu.
Certains groupes disposent de l'équipement, mais ne savent pas comment l'utiliser.	Bithongole bighuma bighuma binawith'ebindu, alhiwe sibasi erikolhesyabyo.
Ça coûte plus cher de frapper un penny que ce que vaut un penny lui-même.	Bikalhire erighunz'esulu kulhenga ngoko esulu yiyir'endendi.
Préparez vos hommes. Nous partons à l'aube.	Utheghekanay'abalume baghu. Thukandighend'omo thuthuthu.
À huit heures, il faudra que je me mette en route. Autrement, j'arriverai trop tard à l'arrêt de bus.	Oko sahibiri, kumbenyiyitheke omo nzira. Bithe bithya, ingandi hika okwitselewa oko kikira esyongurubani.
Marie feignit d’avoir un mal de tête pour éviter de répondre aux questions de sa cousine.	Maria mwabya ngakwire omuthwe akasagha erisubirya okomabulhyo wa mwalhi wabo.
En 1912, le tailleur autrichien Franz Reichelt meurt en sautant du premier étage de la Tour Eiffel pour tester sa nouvelle invention, le costume parachute, qui ne fonctionne pas......	Oko mwaka wekighonye kighuma maghana mwenda erikumi nibiri, omusoni owe Autriche Franz Reichelt mwahol'akalw'omo gholotha eyerimbere eye Eiffel erilhebya ebihiaka biwe, erikothi ryamaghuluka, erithikola…...
Ce sont tous des putains de malades mentaux.	Baboshi abake bake abomobakoni abemithwe.
Je suis désolée que tu n'aies pas bien dormi.	Namasweka eribya isighuthayatho.
Si on vit pour chercher vengeance, il est préférable de creuser une tombe pour deux.	Abandu bamabyaho busana nerikisirania nikyamuhungo erithakulhirabo eyisinda.
Hé ! J'ai appris que tu étais en couple. T'en avais marre de ta vie de chien errant ou bien de bouffer des boîtes ?	Hé ! Mongowa ngoko unomwaghu. Ryanabya iryabirikutsandia eribyaho ryaghu eryeshombwa esikaghangaghanga kutse eryusulhia ekisanduku.
Les options d'achat donnent le droit d'acheter un titre à un certain montant, appelé prix de levée, à une date donnée. Celles de vente, donnent le droit de vendre.	Emithahi eye righulhia yikaha esyombangwa syerighula omo lulhengo lughuma, eyikahulawamo kathali kendatha, okokiro kighuma. Eyikahuliba, yika habw'embangwayeri hulibwa.
C'est techniquement illégal.	Sikiyasibwe kileta.
Gabriel mourra en prison.	Gabriel mwaholhera omo mulhiki.
Tu la feras pleurer, quoi que tu dises.	Ukandi lheka inya lhira, mowangabughaki.
Aaron tua Elizabeth.	Aaron mwitha Elizabeth.
Le peuple britannique se tourna vers un nouveau leader : Winston Churchill.	Abanya Britanique mobabindukira embanzi nyihiaka : Winston Churchill.
Cela me semble incroyable qu'à l'époque je n'avais pas prévu ce qui se serait passé.	Ekyokyamabi ngasikikyathasungika oko mughulu eyo kusangwa monyithathegherania ebyalaba.
Les associés en nom collectif sont obligés solidairement et indéfiniment à tous les engagements de la société.	Abongeribwak'omo rina ryabughuma bawithe butsira erikaswa eringira omo bandu.
Gardez vos papiers dans votre poche intérieure.	Ulhek'ebiritasi byaghu byomomufuko owemwisi.
La Révolution française n'a pas eu seulement pour objet de changer un gouvernement ancien, mais d'abolir la forme ancienne de la société.	Eribuka rye bufanza morithayira ekilhengerero ekya mabindulhikania oghobuthabali bwakera, alhiw'eritsandia omuhanda wakera owabikalani.
Ce mec est complètement taré !	Omulwana oyu ahwererere !
L'homme menotté a donné un coup de boule à l'agent qui l'escortait dans sa cellule.	Omulume owalwek'omuliki mwakaha erikundo ryengume ryoyulwe akamutheya.
Le politicien flamand Bart De Wever est une véritable gangrène dans la politique belge.	Omupolitika Framand Bart De Wever ninyenze kulu eyo mokipolitika kyo bubelheshi.
J'ai mal à une dent à l'arrière, à gauche.	Erino ryalumire erye nyuma, okomalhi.
Entre parenthèses, le fait que les branchies du poisson soient d'un rouge brillant est dû à la présence de nombreux vaisseaux capillaires sanguins, comme il s'en trouve dans les poumons.	Ebyobyathalaba, ebirora ebyesamaki eribya ngwindisi eyi kangabasenie busana nemiki minzi eyilabiremo, ngoko bikalangirika omo byahaha.
Holly saute sur le trampoline.	Holly mwathwa ebikabyokokyumano ekyerikakya emiki.
Il s'est tenu à mon côté chaque fois que je me trouvais dans les ennuis.	Mwakayitheka eluthambi syaghe omo bulhi ngendo mobyanga yowa inyiluhire.
Vous ne regardez la télé que le vendredi.	Ukalebay'ebisesani omo byansongya nyisa.
Anne est pom-pom girl.	Anne nimusondolhia owmasatha.
Celui-là à des sourcils tellement dense, qu'il doit surement être aveugle!	 Olhia awith'ebikirabyokomeso binene, ngangalheka iniabya ndimethime!
Je m'en fous comme de l'an quarante ! Peut-être davantage, tout bien réfléchi...	Sinzomene ngomwak'owa makumiani ! Alhinga kutsibu, ebyosi erilhengekania…
La marche n'a résolu les problèmes de racisme ni en 1983 ni à l'heure actuelle.	Olughendo moluthitha soha omusango owerisolola esyoranzi noko mwaka owe kighonye kighuma maghana mwenda makumi munani nebisathu nokondambieno.
J'espère que ce que tu manges est sain.	Ngalhengekanaya ekyo ghukalhia kinowene okwibyaho ryaghu.
L'intelligence d'un compagnon ne présente pour les femmes aucun intérêt pratique, seulement un avantage reproductif, voire décoratif.	Obwenge bomunywani sibulhi hanganir'emberesya bakalhi yokindu alhiwe endundi eyolubutho, neyeri ghambia.
Elle a mentionné un hébergement bon marché que je pourrais chercher.	Mwakasak'embimbano akathalhi akowen'akonanga rondirye.
L'amour ne tue pas l'amour, mais les hommes tuent l'amour.	Olwanzo silhulhitha olwanzo, alhiwe omundu akitha olwanzo.
Miki est tombée éperduement en amour avec un type qu'elle venait de rencontrer.	Miki mwakathoghera omo lwanzo lomundu mughuma oyo olhiasangana.
Quand j'ai entendu le message, j'ai voulu pleurer.	Omughulu nyiryow'omulaghe mongasonda erilhira.
Il y a une jeune fille dans le solitaire jardin. La petite espagnole, avec ses grands yeux et ses grands cheveux, sa peau brune et dorée, ses lèvres rouges et ses joues roses, l’andalouse de quatorze ans, Pepa.	Hane omumbesa omuririma mweyuwene. Omwespanyole muke, bameswiwe monene monene nesyonzwiri siwe nyinzi, nengobi yiwe nyeru, neminywa yiw'eyengwindisi, bikamuyiramo mundu wemiaka ikumi neyini, thatha.
A Tokyo, la saison froide démarre mi-novembre.	ETokyo, omughulu owe mbeho akatsuka omo kathi kathi ko mukera wemisienene.
La police passe les bandes de surveillance vidéo au peigne fin, suite à un cambriolage dans le centre-ville.	Abapolishi baka labaya esyokombakithi esyo burorotsyo endathandatha, busana busana neriyitheha eryabasinza omomuyi.
Aucune issue, aucun moyen (ni porte, ni porte).	Sihathabya nekyamalwayo, nanzira (noluyi, noluyi).
Quelle époque terrible que celle où des fous dirigent des aveugles.	Mughulu wamuhanda wahi ngogho abashire bakasondolaya esyondimethime.
C’est par un premier court saut que Yanis fit la connaissance de Maria.	Momwilabira ekika kikuhi kyekyo Yanis aminyiramo Maria.
Stop ! N'entrez pas !	Stop ! Siwigire !
Elle fait très bien Mickey.	 Akayirandeke Mickey.
Pour moi, chanter et danser c'est particulièrement important.	Okwinze, erimba nerisatha nibyamuhungo.
Si vous voulez nous convaincre, utilisez des arguments différents.	Wamabya iwanzire iwalhighisya, ukalhesaya amalhengekania awaghabaghabene.
Il ressemble à quelqu'un en train de chercher qui ne sait pas du tout précisément ce qu'il veut vraiment trouver.	Akasosa omundu omwirondia oyuthasi ekyakasonda erirondia.
Tout le monde t'insulte pour ta conduite arrogante et pourtant, tu continues toujours à harceler les gens avec tes commentaires chiants.	Bulhi mundu akatsuma busana nemighendere nikwa ukalolaya emulhiro ukakasa abandu nebihwahwa ebithe loko.
Joyeux Halloween !	Halloween mbuya !
À l'époque Tony était au milieu de la soixantaine et encore capable de travailler dur, mais il avait un camion flambant-neuf, une nouvelle tondeuse, un ensemble d'autres équipements et trois personnes pour l'aider.	Omughulu oyo Tony abia omo kathikathi kyerikumi nendathu nakandi inianganakola kutsibu, alhiwe abya awith'engurubani nyihyaka, ekighembe kihiaka, nobundi bughuma obwebyumano nabandu basatha abakamuwathikaya.
""" Thymète le premier, soit lâche trahison, / soit qu'ainsi l'ordonnât le destin d'Ilion, / des Grecs favorisant la perfide entreprise, / dans nos murs aussitôt prétend que l'on l'introduise. """	"""Thymète owerimbere, kutse obuhotheri bunene,/ Kutse bikabya bitya bikamuthuma okwitsema rye illion,/ Abagriki mobahereri'akabanga kekibuthe,/ omo bisenge byethu ebyo thukathandika. """
Êtes-vous certains d'avoir fait tout ce que vous étiez censés faire ?	Kokweneneko wanabirikola ebyosi ebyo wanga kolhire ?
À vos marques, prêts, partez!	Okwibula ryenyu, eriyithekerania, mughende!
Plus de cent experts en robotique pressent les Nations Unies d'agir de façon à empêcher le développement des « robots tueurs ».	Hakuhi abathahalamu erighana omo byabayithi obughuma bwebihugho bukasubaya omwikakirya «ehingithi ehika holaya ».
La cour d'appel a confirmé hier l'ordonnance de référé interdisant à mon mari de porter mes culottes.	Ekilhondero ekyesiombanza kyabiriberererya mulhigholo ekirango ekikaghanaya ibawaghe erimbala ekiputhulu.
L’hiver, j’allais pieds nus dans la boue en soufflant dans mes doigts tout rouges ; on voyait mes cuisses à travers mon pantalon.	Omombeho, nabyangaghenda isinyambithe biryatho kandi inyine mubugha omo minywe yaghe iyabiribya ngwindisi; twabya thukalangira emihimbi yaghe omwilabirya embalhe yaghe.
Le commerce, la publicité, le trafic, tous ces échanges qui constitue le corps de notre monde, avait disparu.	Obuhingania, ebirango byobuhingania erithuthila, ehihinganisya eryesi erike kokothaya ekihugho kyethu, mobiabulhirana.
Ce procès a mis un terme à sa carrière politique.	Obuthond'obo mobwabugha  omubiri wiwe owe kipolitika.
Machida est une ville intéressante avec un mélange de vieilles et de nouvelles choses.	Machida ni muyi owatsemesirye omutswangathikane owebyakera nebihia bihia.
Sans être joli garçon, César n’avait rien dans sa personne qui s’opposât à ce qu’il fût aimé.	Butsir'eribya mulwana mubuya, César abya isyawithe kandu  omo bumundu bwiwe kyatsweba athi'akyabyakyanzirwe.
Sammy Davis était un chanteur excellent.	Samy Davis abya mwimbi oyukalhire.
Un motel ressemble à un hôtel, mais c'est plus petit et utilisé principalement par des gens qui voyagent en voiture.	Oluthere olulhiokongenda lukabya ngalusosire oluthere, alhiwe  niluke  nakandi lukabya lwamuheng'okobandu abakaghenda omo ngurubani.
Maman ! Arrêtez ! Vous me mettez mal à l'aise !	Koyo ! Lheka ! Wamangola nabi !
J'espère que vous plaisantez.	Ngalhengekanaya ukatsanga.
Certaines araignées sont calmes et se laissent manipuler facilement, alors que d'autres sont assez farouches et essayent de mordre au moindre toucher.	Ebisengula bighuma birimbondeka nakandi bikayithekeray'alhiw'ebindi  nibikalhi nakandi bikaluma wanamabipima'eribithulako.
Au lieu de régler le problème, l'entreprise a viré le lanceur d'alerte.	Omomwanyenda werilhegha olubanza, akambuni mokakathek'ekengelhe.
Évidemment c'est toujours quand je suis loin de tout accès à Internet que le serveur décide de tomber en rade.	Kokine kithya momughulu ngabya halhi okwihika'oko byosi  ebye inteneti  momughu ekikaghabira'abandu kikatsanda.
Voici mon secret. Il est tout à fait simple : on ne voit bien qu'avec le cœur. Le plus important est invisible aux yeux.	Ekumbo yaghe yeno. kyolobire : bakalangira ndeke omo muthima. Kyamuhungo sikikalangiraw'omo meso.
Il existe des milliers de langues dans le monde entier, mais l'espéranto est le seul pont vers tous ceux qui les parlent.	Halhi emibughe minzi omo kihugho kyosi, alhiwe eki Esperanto  kyonakilalo eriy'eyiri abakabughakyo.
Pour la chasse aux lions : vous achetez un tamis et vous allez dans le désert. Là, vous passez tout le désert au tamis. Quand le sable est passé, il reste les lions.	Okwihigha esyondalhi  : mukaghul'akaingilo neryo imwaya  omo mbwarara. Ah, omukalaba omo mbwarara yosi muka yingila. Omughulu omuthaka ghosi  akalaba, esyondalhi sikasighala.
Vous devez être conscient de vos responsabilités familiales.	Wangabia mundu oyuwanga they'ekihanda.
Tu ne perds jamais espoir, hein ?	Sighuheraye obwikirirya, hein ?
Je me souviens de cette chanson, elle était sur toutes les lèvres quand j'étais au lycée. Ça nous rajeunit pas tout cela...	Namebuka'olwimb'olo, lwabya oko minywa  yosi omughulu nabia  oko kiyiro. Lukathusubaya mobambesa butsira'olosi olo…
Vous ne perdez jamais espoir, hein ?	Sighuyiheraya eriyikethera, hein ?
Je me souviens de cet homme... Il parlait tant qu'il en était envahissant ! et sa femme était de la même trempe, elle ne savait pas se taire...	Namebuk'omulum'oyu… Abya inyakabugha ngwabia withe kitsutsu kinene! namukalhi wiwe abyagho molughobe olo, abya isyasi erihuna...
Sur la Lune, il y a un cratère qui porte le nom d'Albert Einstein.	Oko mughenda, han'erisambiro erihekire'erina rya Albert Einstein.
Vous devez sortir si vous voulez fumer.	Wangahuluka wamanbya ighunanziriwa mothia.
La mort se présente sous différents visages mais le résultat final est toujours le même.	Oluholo lukayilhetha omilabir'amasu awa ghabaghabene alhiwe  ebighuma byendhulianibighumerera.
Il savait reconnaître les ennuis quand il les entendait venir.	Aby'asi eriminyererer'enduhi omughulu aby'akowa bakasa.
J’ai aperçu au milieu d’eux Rask attaché à un arbre, tandis que deux milords, nus jusqu’ici comme des païens, se donnaient sur les os de grands coups de poing.	Mongalangira'omo kathikabo e Rask ibiri isinabohire oko muthi, alhiwe  ebinywa bibiri, bikathambithe erihikaho ngabathe basomi, nabya  bakayeha oko makuha kwe syongume.
Vous devriez emmener votre voiture au garage de Enzo. Il fait un plutôt bon travail.	Wangalhethire'engurubani yawe yomo kisenge kyayo kya Enzo. Akakola omubiri owashikire.
Il n'y a rien de plus odieux pour une femme que ces caresses qu'il est presque aussi ridicule de refuser que d'accepter.	Sihalhi ekindu kiowenengeritsangiroko mukalhi sikhalet'isoni okwihanasyo nerio kandi inyabirilhigha.
Certains enfants jouent tout le temps aux jeux vidéo.	Abana banzi bakas'oko masath'awe bisesani.
Vous ne devez pas descendre du train avant son arrêt.	Siwanga kima omo ngurubani embere yimane.
L'idée que Dieu ait créé Adam puis Ève à partir d'une de ses côtes est une erreur de traduction de la Génèse, « adama » signifiant simplement « terre » et sa « côte » signifiant en fait « créature », sans précision de sexe...	Obulhengekania obo munyambiani erihanzika Adam na Eva omwilabira  erihuka eryomolukanga lwiwe nerilolo rye ribindula'enzuko « adama »   nibughambu « kithaka », « nolukanga » lwibwe kukabugha luthi   «  ekihanyikwa », butsir'erikanzya ekitsuko....
L'homme passe sa vie à raisonner sur le passé, à se plaindre du présent, à craindre l'avenir.	Omundu akabyaho erilhengekani'oko kera, neriyikuna okobiri, nerisagha  ebikasa.
Passé cette limite, il n'est pas permis de prendre des photos avec un flash.	Erisyalaba aho, syahamulhirw'erihamba ebirimu.
La rencontre est un élément important des relations humaines.	Erisangana nikyamuhung'oko bughambulhirane bwabandu.
Je ne peux pas régler les stations de la radio. Le bouton de sélection des stations de la radio est cassé	Sinangalhegha ebinimba. Ekibutho ekyeri sombola syo kyabirikuthukala.
Il y eut subitement une période de violence terrible et de haine entre les blancs et les noirs.	Mohabere omughulu ogho mwagha minzi neritsur'omo kathi kabira ghulu naberu.
« Sans toi je me meurs. » « Je viendrai à tes funérailles. »	«Butsiriwe ngayiholhera. » « Ngasyasa oko matsiko waghu. »
Il a des traces de rouge à lèvres sur ses joues.	Anawithe okolughobe olwengwindisi oko minywa noko mathema.
Mademoiselle Green m'a posé deux questions.	Koyo Green mwakambulaya'amabulhio awabiri.
Les gens ne vous disent-ils pas que vous ressemblez à Audrey Hepburn ?	Abandu sibikubwira ngoko ghusosire Audrey Hepburn?
Le commandant de l'unité donna l'ordre de déposer les armes.	Omukulu owe kikumala mwahamula'erikirya esyombundu.
Je promets de le rapporter tout de suite.	Ngalahiray'erikubwira hathia hathia.
Le monde physique paraît l'ouvrage d'un être puissant et bon, qui a été obligé d'abandonner à un être malfaisant l'exécution d'une partie de son plan.	Ekihugho ekyebithebinduka kikabya nga nimubiri ghomundu oyukalhire  oyowakasawa erisigha'ako kihangikwa ekyakola ghundimuhand'erihika  okwiberererya ekihande kighuma'oko byaby'ayisoghire.
Ne mettez pas le bébé dans le sac !	Sighuhir'olumekeke omwisaho !
James Allison et Tasuku Honjo ont gagné le prix Nobel de médecine.	James Allison na Tasuku Honjo babiri habwa ebihembo ebyo bunganga.
Si vous pensez que c'est à l'école, assis sur une chaise, à écouter un prof, qu'on apprend une langue, alors vous vous fourrez le doigt dans l'œil.	Bamabya ighukalhengekanaya ngoko kyekiyiro ekiker'oko kithumbi  erihulhikira omukaringiriria ngoko bangihira omubughe, nerio ikwa  ukandibya iwamayitheba.
Ça fait les muscles, tu pourras bientôt casser des noix avec les fesses.	Kikakokothay'emiki, akanditwahathia  ebighuma omo matako.
Neil Armstrong fut le premier astronaute à marcher sur la lune.	Neil Armstrong mwabya welimber'eri ghenda oko mughenda.
Bob se pressa de revenir à la maison pour regarder l'émission de télé.	Bob mwahahayira erisuba eka eriyalhebya ekihindi oko kisasamira.
La plupart des employés attendent une augmentation de salaire une fois par an.	Abanzi bomabakolhi bakalhindirir'endihi yabo eryerukira endatha  kaghuma oko mwaka.
Ferme-la. Sinon, tu seras virée.	King'obuno bwaghu. Bithebithya, ighukandithibitwako.
Gabriel était stone.	Gabriel abia stone.
Qui prendra en charge notre classe lorsque Mme Smith quittera l'école ?	Oyukandisyatsunga ekiyiro kyethu nindi omughulu koyo Smith  akandisyalwa oko kiyiro ?
Ca nous a pris cinq minutes pour traverser le tunnel.	Erilaba omo kithaka morikathulhir'amathondi athanu.
Pendant l'époque stalinienne, les prisonniers des camps de concentration devenaient esclaves au service de l'État.	Oko mughulu awaba Stalinienne, ababohwa babya bakabya bathumwa  omo mubiri eye lhetha.
Sortir avec elle et manger à notre restaurant préféré me manquait.	Erithendi ghenda naye neriyalhir'mo kisenge kyethu oko thwanzire  ryabya isiri risyabya.
La vérité est en marche et rien ne l’arrêtera.	Ekweneneyinemuyithwala nasihalhi  ekindu ekikandishimaniayo.
Le détective mit six mois à tirer au clair cette affaire.	Mohathekwa ekiminyereri omwikwamiria omwatsi oyu.
Le sage n'est pas celui qui donne les bonnes réponses, mais celui qui pose les bonnes questions.	Omwenge siyoyukatheka erisubirya eritsemesirye, alhiwe oyukabulaya amabulhio aghuwene.
L'entreprise assure le service sans pause à midi.	Akambuni kakakol'omubiri butsir'eriluhuk'oko saha ndathu.
Tant pis pour elle ! songeait le jeune homme plein de rancune, si elle souffre, elle l’aura mérité et subira son châtiment !	Mafu, bimulebire ! abya akalhengekanaya omulwana inyana hithene, amabya inyakaghalawa, anga tholer'ina hunzwa !
Si un ami te critique avec de bonnes intentions, alors tu ne dois pas seulement l'accepter avec joie, mais en plus le remercier.	Omwenzi waghu amabikubughako bibuya, neryo siwangal'ukamulhigha  nobutseme, alhiw'erimushima.
La balle est passée à cinq centimètres de mon visage.	Akalitusu mokalabahakuhi hitswe hithanu oko busu bwaghe.
Je me suis senti mal et me suis rendu à l'hôpital, mais en définitive ce n'était pas grave.	Monayowa muhanda namunalunaya oko lupithalhi, alhiwe  oko ndulhi  sibyabya bikalhire.
La société a rappelé toute sa nourriture pour bébé qui avait été produite au mois de juillet.	Ekithunga mokikebukay'akalhio kakyo kosi oko mwana oyuwa buthawa  oko mukera owakalhinda.
Penser ce que nous ne ressentons pas est nous mentir à nous-mêmes, de la même manière que nous mentons aux autres lorsque nous disons ce que nous ne pensons pas.	Erilhengekanaya ebothuthasi nebyothuthayitsulhirye, amabighumerera  ngoko thukatheb'abandi omughulu thukabugha ebyothuthe  lhengekanaya.
Vous direz aux hussards de passer les derniers et de brûler le pont, comme je l’ai ordonné.	Ukandi bugha isighuyitsulhiry'erilaba bendulhia nerithimia ekisokero ngoko babugha.
Ferme-la. Sinon, tu seras viré.	King'obuno bwaghu. Bithebithya, ighukandithibitwako.
Tout ce que vous dites peut être retenu contre vous.	Ebyosi ebyo ukabugha byanganabindukir'okwiwe.
C'est là qu'étaient ses armes, / c'est là qu'était son char ; là, son superbe espoir / veut voir la terre entière adorer son pouvoir.	Aho hohabya  ebyomonobiwe, /hahabya ebyosi ebyakakolhesaya; asondire inyalangira /ekihugho kyosi erikukamira obuthoki bwiwe.
Quand j'ai revu mon vieil ami, à qui je n'avais pas donné de mes nouvelles depuis dix ans, il m'a vraiment battu froid.	Omughulu nasyasyasunga  omwenzi waghe owaker'oyo nathaha  esyongulu syagh'erilwa emiaka erikumi  mwakanyitha bwaka.
Ne dites pas que je ne vous aurai pas prévenu !	Sighubughe uthi monyitha kulhalhirya!
Lorsque tu entres en classe, tu te tiens debout derrière ta chaise et tu attends que le professeur donne la consigne pour s'asseoir.	Omughul'ukingira omo kiyiro, ukimana enyuma syekithumbi kyaghu  naukalhinda omukangiriry'athek'ehamalhi iyerikala.
Jules récupère de ses blessures.	Jules anmwasa akalama ebironda biwe.
Les grandes villes présentent un potentiel trop élevé d'émeutes.	Emiyi mineneminene bikathek'obutsambia tsambia.
Les deux premiers ours blancs à jamais avoir posé le pied en Islande, ont été abattus, au terme d'un périple de cinq-cents kilomètres à la nage. Drôle de récompense !	Isyodubu ibiri esyomusohe sisisyatha thek'ekisandu kyasosye Islande, morikithawa, oko ndulhia eyo bilometere maghan'athanu oko howakakarabira. Butsweka bwe bihembo !
Si tu lis à nouveau ce livre, tu l'auras lu trois fois.	Wamathasyasom'ekithabu ekikyo buhiaka, ukandibya iwama bisomakyo  kasathu.
Les cris et les hurlements affolés du foyer et de ses invités excités rendit la confusion indescriptible lorsqu'on découvrit qu'à peine quoi que ce soit du coûteux immeuble pouvait être sauvé.	Emihumo nemirurumo eyamahigha neyaba birikirwa  biwe moyalhetha  akasabungyo.
Au début, ils rejetèrent la proposition, mais un pasteur les pressa d'accepter.	Oko nzuko mobaghusa obulhengekani'alhiwe omulhisya mwakasabo erilhigha.
Dix policiers ont été affectés à la patrouille de cette zone.	Abapolishi erikumi mobakathumawa eriya they'ekithatha ekyo.
Il a présenté une excuse de ne pas s'être rendu à la fête.	Mwakasab'obughanyiri busana nerithendi shika oko kisendebelhe.
Le garçon a cassé la vitre avec une balle de baseball le week-end dernier.	Omulwana mwakathula ekiyo kyomo kalhitusi oko yenga eyabia yalabire.
Si vous devez mille livres à votre banquier, vous êtes à sa merci, mais si vous lui devez un million de livres, il est à la vôtre.	Wamabya iwanga thek'ebithabu kighonye kighuma oko bangi yaghu, aliwe wamabia ighunemo emilioni nguma yesyosende dika ghulawmo livres, inali nayaghu.
Jean et Pierre sont fous, ils regardent la télé toute la journée.	Jean na Pierre nibashire, bakalhebaya ebisesani omo rithunziryosi.
Bien que je n'aie pas de diplôme universitaire, je suis parvenu à un poste extraordinaire à l'Académie Royale des Sciences de Suède et je peux même participer à la décision sur le prix Nobel.	Mwalhi singiwithe oko ripolom'eryekiyiro kikulu, mongahikir'oko mwanya  mukulu omo kyaghanda eryerihemba.
Ma fiancée est venue sans crier gare et je me suis senti gêné.	Omwanzi waghe mwasir'esyethalaka namongayowa nganahathathane.
À l'aide, à l'aide, appelez un docteur je vous en supplie !	Oko bughathikya ngakulhemba lhemba, birikir'omutahwa !
Un matin, Marie vint à moi. Elle était rayonnante, et il y avait sur sa douce figure quelque chose de plus angélique encore que la joie d’un pur amour. C’était la pensée d’une bonne action.	Enzakya nguma, Marie mwasa eyo nyiri. Abya inyabiri kangabasania oko busu buwe kwabya ekindu kighuma ekyowene kandi ekyolwanzo. Bwabya bulhengekania ryerithegheko eryowene.
La mission d'un avocat est de prouver que son client est innocent.	Omulhenge oghomusosi amakanzia ngok'omundu wiwe aka kwira mero  akalhira.
J'espère que mes souhaits pourront se réaliser.	Ngalhengekanay'ebyonyiyithaghire bikandi yikola.
Un prisonnier est plus possédé de l'idée de s'enfuir que son gardien n'est possédé de l'idée de le garder. Donc un prisonnier doit toujours réussir à se sauver.	Omubohw'akabya na malhengekanya werithibita ngoko oyokamutsunga akabia namalhengakania weri tsunga. Nibwambu omubohwa angana thoka eriyisabula.
Bayard dit qu'il n'avait pas peur des fantômes, mais quand il entendit des bruits en provenance du premier étage supposé vide, il se carapata sans tarder.	Bayard amabugh'athisabya kwir'obuba obwe birimu, alhiwe omughulu  akaghanaya olukanda olukalwir'omogholofa eyerimber'eyikabya  ngasiyirimo kindu, mwathibitha lubaluba.
Celle qui était préalablement ministre de l'énergie a été, dimanche, élue présidente.	Oyowabya mulhembia oghomulhiro mwabere, omo yenga, nerisombolwamo mukulu.
Aucun des camarades de classe de Kylia ne l'aimait.	Nomuke oghomokalhasi ka Kylia syamwanzire.
Un pantalon serré se dit aussi cintré. Collant s'il est étroit, moulé, pas seulement court. On dit aussi effilé, tiré, ajusté.	Embalh'ewiwalhirire yikabya iyikimire. Yimathirire yamabya ininge ngenge, butsira nguhi. Bakabugha ambu yiseserirye, erikurwa, nerilheghayo.
L'homme que j'ai rencontré hier était Monsieur Hill.	Omulume oyonasangana mulhigholo ni Hiil.
Selon une étude de l'université Cornell, les accusés au visage peu attirant ont 22 pour cent plus de chances d'être condamnés que ceux qui sont attirants.	Erikwamana nobusosothia obwe kiyiro Cornell, bukatsongerab'okobusu  obuka kangabasanaya hake buwith'esyo pursa makumi awabiri  okwighana hakuhi erisuyirwa kwilab'ebika kur'ameso.
La police a contacté le FBI pour qu'ils les aident à trouver le criminel.	Epolishi moyikeghaya e FBI okwibia babawathikay'erisung'omwithi.
"Le panneau dans le parc disait ""Pelouse interdite""."	"Ekisala mulhir'omo luparake yabya ikabugha ithi ""erikanda erighanibwe""."
Les policiers de la ville de New York portent un uniforme bleu sombre.	Abapolishi abe New York bambith'esyonzimba esyomutheghulhe.
Avant de pouvoir écrire des données sur un disque, vous devez d'abord créer une partition, ensuite un système de fichiers par dessus, et finalement monter ce système de fichiers.	Embere syerisak'emiatsi oko kombakithi, wangatsuk'eribumb'ekibuthe nobughuma obwe bisanduku endatha, noko ndulhia iwakangyakyo.
À l'examen oral, réagis vite, évite ce que tu ignores ou connais mal, mais surtout montre ce que tu maîtrises ou connais bien.	Oko mabulhio agho mubughe, akasubiraya luba, akasagha ebyo ghuthasi  kuts'ebyo nyasi muhanda kitsibu erikangya ekyo ngasindeke.
Aux États-Unis d'Amérique, il existe des syndromes collectifs qui n'existent pas ailleurs, comme par exemple l'« Abus Rituel Satanique » ou l'« enlèvement par des extra-terrestres » et qui ne sont « révélés » que sous hypnose.	Omobughuma bwebihugho ebye bwamerika, yin'ebiminyikalo ebithe  ahandi ngebika hulawamo « l'Abus Rituel Satanique » kutse l'« enlèvement par des extra-terrestres » nebik'imana bughawa omo highotseri.
Dans la cour de l’école, un gamin est tombé et s’est mis à crier comme un cochon qu’on égorge.	Omokibugha ekyakalhasi, omulwana mughuma mwaka thogha neryo  amalaka nge ngulub'eyo bakakera.
Un clou qui dépasse se fera taper dessus.	Omusumari omulhi akandithogherako.
Mieux vaut le chagrin que le rire, car avec un triste visage on peut avoir le cœur joyeux.	Mwany'amalhighe omo mwanyenda wamaseka busana nobusu  owabulhighe omundu anganabya nomuthima owatsemire.
Je ne discute pas les faits que vous présentez mais seulement les conclusions que vous en tirez.	Sindi bugha okobyowamathek'alhiwe oko mukuyir'oghoghukandi lusyagho.
Prière de frapper avant d'entrer dans les toilettes.	Kumbe iwakongoth'embere syeringir' omobwigha.
Nous espérons que vous pourrez vous joindre à nous à ce séminaire.	Thukalhengekanay'ukandibya haghumanethu oko yeng'eno.
Je vais aller acheter un ticket, alors s'il te plaît, surveille mes sacs une minute.	Ngandiya rondia etike, nerio wamasonda, utheghay'emibutha yaghe omo  dakika nguma.
Elle lui a posé des questions, mais il a refusé de répondre.	Mwakamubulay'amabulhio, alhiwe mwakaghana erisubirya.
"""OK"" est-il répertorié dans le Robert ?"	"""OK"" ine omo Robert ?"
Il vit en marge de la société.	Akabyah'omwilabir'abahimbani.
Une fille du premier Earl de Gowrie était courtisée par un jeune gentilhomme bien inférieur à elle en rang et en fortune.	Mwalhi wa Earl owe rimbere owe Gowrie aby'akalhombotwa nomulwana  mughum'oyu yitheghererie nakandi owe ndulhia okwiyenomo butheke.
Si certains sont venus à la rencontre de leurs amis, d'autres sont venus les raccompagner.	Abaghumabaghuma mobasir'erisyasangana nabira babo, nabandi  mobasir'erisyabakwanamisya.
Penses-tu sérieusement à poursuivre une carrière de pilote de course automobile ?	Ukalhengekanay'erikwamirira omubiri oghobusohi obwerikasakira  erithwal'esyongurubani?
Tandis que je rêve, les souvenirs de mon enfance et de ma jeunesse me reviennent un à un, doux, calmes, riants, comme des îles de fleurs sur ce gouffre de pensées noires et confuses qui tourbillonnent dans mon cerveau.	Alhiwe ngaloth'eryeryebuka obwana bwaghe nobusuko bwaghe  mobwangasira omo mwaka mughuma byolo eriseka ngebistrisa ebya mawa  oko kyuna eki, amalhengekanaya owekirima nawatha kingukere  awaka thimba  omo bwenge bwaghe.
Tu commences sérieusement à me casser les couilles !	Wamabitsuk'erinikenderia ngakubwirakwenene.
Le technicien légiste trouva des résidus de coup de feu sur la main de la victime.	Omukengereghesania mwasung'ebyasak'omomalwa oko byala ebyo muhanya.
Le père de Roger Miller est décédé lorsqu'il avait un an et sa mère est tombée malade peu après. Il a donc été envoyé vivre avec son oncle à Erick, dans l'Oklahoma.	Thatha wa Roger Miller mwahol'omughulu abyawith'omwaka mughuma  na koyo wiwe mwalwal'enyuma yohake. Nibwambu mwakathumawa eriyabyana muyomba  wiwe Erick, omo  Oklahoma.
Il n'y a aucun moyen de confirmer qu'il est en vie.	Sihalhi nzira syosi esyothwangabeririamo ngoko syakiriho.
Sortons d'ici avant que les flics n'arrivent.	Thulwemuno embere abapolishi bahike.
Sami, un adolescent gay, a fait son coming out à sa mère.	Sami,omusimb'oyukanz'abalume ngaye, mwakahulikira nyinya wiwe.
J'ai hâte que le printemps arrive afin que l'on puisse s'asseoir sous les cerisiers.	Monganguhaya eribya omughulu  owembeho angahika nerio ithwikala oko syo cerisiers.
Ce vendeur persévérait à me demander d'acheter une voiture.	Omughulhiolya abya handir'omuthima eribugh'ati nyi ul'engurubani.
A un os qui se plaignait à un chien qui n'arrêtait pas de le ronger, ce dernier répondit: Eh ben, toi tu es tellement dur et moi, je n'ai rien d'autre à faire.	Oko rikuha righuma erikayilangumula oko ndeghethegh'eyithusya  okwikoroghothario, morya subiryarithi : Eh, iwe ukalhire kutsibu naye,  sinyikiwith'ekindi ekyerikola.
L'art de la citation est l'art de ceux qui ne savent pas réfléchir par eux-mêmes.	Omuhand'oweribugha ebi'oghundi alhiabugha nimuhand'owathasi  erilhengekanaya.
Le progrès est un joli mot. Son moteur en est le changement. Et le changement a ses ennemis.	Erilolyembere nikinywa kighambire. Nekitukutuku kiwe kyomabindulikania. Namabindulhikania oko nzighu siwe.
L'humour peut être disséqué comme une grenouille, mais la chose meurt dans l'opération et les entrailles rebutent quiconque à l'exception du pur esprit scientifique.	Olutseghetseghe lwangana banangwa ngekikere, alhiw'ekindu  kika  kikahola  omo buparathi  noluyi  lukatsuka  olhia  mundu oyusakir'oko byakakangirirya.
Je croyais que vous m'aviez dit que vous ne connaissiez pas Nathan.	Indwe ngalhengekania  bithimbino siwasi  Nathan.
Vous devriez demander à Arthur ce qu'il s'est passé.	Wangabulhirye Arthur ebiryalaba.
Les problèmes de transport de notre ville sont minimes quand on les compare à ceux des capitales comme Londres et New York.	Emisango  eye miheke  omo muyi wethu  ninge  ngesaha thuka lhengayo  oko ye Londres ne New York.
Un ambassadeur est un honnête homme que l'on envoie mentir à l'étranger pour le bien de son pays.	Omuhanganire owe kihugho ni mundu oyo bakathum'eriya theba busana  nendek'eye kihugho kiwe.
Tu as remarqué que les héros de films d'action semblent n'être jamais à court de munitions ?	Moghukana minya ngoko abahereri abomo kombakithi  bakabya  ngasibiyira oko byumano?
Pourrais-tu poser ce sac ailleurs ?	Ghunemwendihir'emibuta eyiyohandi ?
L'officier de police en service sentit un vieil homme s'approcher derrière lui.	Omukulu oghobupolishi mowa omusyakul'akasira enyuma siwe.
Lucie avait une bague à chaque doigt de sa main gauche.	Lucie abiawit'omuling'oko munwe wiwe wokubokokwamalhembe.
Au début du vingtième siècle, nombreux étaient ceux qui pensaient que Vénus était un monde aqueux. Maintenant, au vingt-et-unième siècle, nous savons que Vénus est un grand four brumeux.	Oko nzuko eyo mughulu owa makumi abiri, abanzi babya bakalhengekania Vénus ngakyabya kihugho ekya maghetse. Hathia oko mughulu owa makumi abiri  nomughuma thunasi ngoko  Vénus hiriko rinzi.
Ce mec est complètement à la masse, quel dingue !	Omulume oyu awith'ekithuthu, musire wamuhanda  wahi !
L'association entre trolls et ponts a une longue histoire qui se prolonge jusqu'à nos jours dans la culture populaire anglaise.	Obughuma omo kathi keritsutsanga nebisokero ni mwatsi mulhi  owakayikera erihika oko biro byethu  omo  miber'eyabangeresa.
C'est à propos de mon mari, docteur ; il dort très mal.	Nibyokobilhebirye iba waghe, dokotere;  alitho muhanda.
Vous devez passer une audition avant de pouvoir rejoindre le chœur.	Wangatsukire walabya omulhenge imowa syahindana nekiku;ula kyabimbi.
Je vous supplie d'attendre jusqu'à 15 h, heure à laquelle elle sera de retour.	Ngakulhembalhemb'erilhind'omo saha erikumi nithanu, saha  eyakandibya iniamabisubula.
Je suis désolé que tu aies dû attendre si longtemps.	Namaswek'eribya imoghukalhind'omo ndambi singaho.
J'ai sorti mon pistolet et j'ai tiré.	Mongalusay'embundu yaghe nerio mongahutayayo.
Jack ne répond pas à mes lettres.	Jack syalhisabiray'oko nzakano syaghe.
Je suis désolé de vous déranger, mais il y a un appel téléphonique pour vous.	Namasweka ngakukenderya, alhiwe han'eribirikir'okosimu erikulhebirye.
Il y a quelques jours, ma copine Sophie a déménagé d'Edmonton, en Alberta, vers Victoria, en Colombie-Britannique.	Hamahwa birongabyenebyo, mwenzi waghe Sophie abiabiri huma  e Edmonton, e Alberta, ebwange Victoria, omo Colombie-Britannique.
Comme le chien revient à son vomissement, le sot retourne à sa folie.	Okwibya endeghetheghe yikasubokwisala, emumu yikasub'oko risire ryayo.
J'ai noté son numéro de téléphone sur un bout de papier.	Mongasak'enumero yiw'eyesimu yoko kababe.
On a fait le métier pour essayer de le retrouver, mais il avait la monnaie pour sa cavale.	Mothukakol'omubiri eroilhenga erimusunga, alhiwe olumbuka lwabia  lomulwi wiwe.
Tu peux le regretter autant que tu veux, mais ça ne te fera aucun bien maintenant.	Wangananyilhira ngoko wanzire, alhiwe sikendibya nomughaso.
Je veux qu'on soit sincère et qu'en homme d'honneur, On ne lâche aucun mot qui ne parte du cœur.	Nyanzir'iwabughekwenene nakandi ngomushikibwa, sihabughawe ekinywa ekithilw'oko muthima.
Quelqu'un a tuyauté les membres de la bande sur leur surveillance par la police.	Omundu mwakatsimithang'abaghum'abo kokikumula ekyabatheya oko polishi.
Rita est la bru de Dan.	Rita nimwaliana wa Dan.
Depuis déjà tout à l'heure tu as complètement perdu ton sang-froid et tu es énervé. Ne peux-tu pas attendre un peu et te calmer ?	Eritsuka hatia hatia wabiri herya erith'ubaha ryaghu nerio uhithene. Siwanga lhinda hake nerithulhera hake?
Vous devez acheter un nouveau costume à porter pour votre entretien d'embauche.	Wangaghul'erikothi rihyaka eryowanga mbal'ekiro kio mkania waghu nabasungu baka tak'ikuh'ekashi.
« Où étais-tu passé ? » « Je viens d'en bas. » « Qu'est-ce que tu fabriquais ? » « Je suis allé faire pipi. »	« Ulhia laba hayi ? » « ngasir'ekabuno.  » « Ulwe ukakokothiayoki ? » « Mongaya subala. »
Le blâme ressemble au vent ; si on le voit, on le sent.	Ebitsumangi kobine ngerihunga; bamabilhangirabyo, ighukandyowabyo.
Je suis désolée de vous déranger, mais il y a un appel téléphonique pour vous.	Namaswek'eribya inamakukenderya, alhiwe han'ebirikir'oko simu  erikulhebirye.
Entrez votre nom et votre adresse.	Ingirayamo erina ryaghu nebilhebirye oho wikere.
Tu n'en as pas le cran.	Sighuwithe kubio.
Ce n’était pas pourtant le parfait ensemble des beautés de cette statue de marbre qui venait de le frapper ainsi ; c’étaient les charmes de ce corps ravissant qu’il devinait sous cette légère gaze.	Ikwa kosikyabya kighuma ekyo bubuya obwe sanamu eyikalwa  okwihwetsya nokwekyo; abya monzo oghomubiri awabi'akathumanyisya  ekyuka.
Un lis blanc est vraiment magnifique à regarder.	Omukany'oghomusohe atsemesiry'erilhebya.
Tu laisses toujours la fenêtre ouverte quand tu dors.	Ubeghere'erisigh'elidirisa lithia omghul'uka ghotsera.
Sami a épousé un jeune mec gay.	Sami mwathahya oghundi mulume mulwanalwana.
Vous savez que vous n'êtes pas autorisées à vous trouver ici. Sortez !	Unasi ngoko sighuhamulhirw'erisungika hano. Huluka!
""" À travers les écueils, le courroux de la mer, / nous cherchons les beaux lieux promis par Jupiter : / là nous attend la paix ; là nos yeux avec joie / verront se relever les murailles de Troie. / Vivez, conservez-vous pour les jours du bonheur. """	"""Omwilabirya ehindu, erihithana ebyolusi,/  thukaronday'ahandu  ahuwene omwilabira Jupiter : aho obuholo bukathulhinda; aho ameso  wethu nobutseme/ thukendi syalangira oluhimbo lwaa Troie. / Mubyeho, muyitheghekanaye oko biro byobutseme. """
Le lieutenant Dan Anderson a exclu que Linda pourrait être un suspect.	Lhethera Dan Andrerson mwakalusayaho ngoko Linda anganabia muthikatikirwako.
Je suis presque sûre que Nathan habite sur Park Street.	Nyinaasi ngoko Natha iker'e Park Street.
Je n'aime pas sortir m'amuser, et reste souvent à la maison à faire du café, et à jouer aux échecs et au jeu de go avec mes amis.	Sinyanzir'eriyatsanga, nerisighal'eka erihuk'akawa, nerisath'okwikindwa  nokowegho haghuma nabira baghe.
"Lorsque levant ses yeux par l'espoir animés, / tendant au ciel ses mains : "" Jupiter ! dit mon père, / si les pleurs quelquefois désarment ta colère, / lis dans nos cœurs, hélas ! et, s'ils sont vertueux, / confirme, par pitié, ces présages heureux ! """	"Omughulu asumb'ameso wiwe neriyikethera rinene,/ asanzir'ebyala biwe : "" Jupiter ! mwabugha thatha waghe,/ ebiriro byamabya ibyangamulusya erihithana ryaghu,/ soma omomithima yethu, oho ! na, byanabya inikwenene,/ bereraya, omobughanyiri, bweritsemesya ! """
Tu n'oublies jamais d'envoyer un cadeau d'anniversaire à ta mère.	Sighulibirirawa nahak'erithumir'ebihembo byonyinya waghu ekiro kyeribuk'amabuthwa wiwe.
Il est très important de se laver soigneusement les mains après avoir changé la couche d'un bébé.	Kyowen'eribya niwanganab'oko byala kondek'enyuma syeri bindula  ehiseherero hio mwana.
Attendez un moment et ne quittez pas, s'il vous plait.	Ulhinde hake nasighughende, ngakulhembalhemba.
Si j'ai des dettes, je dois rembourser en tout, y compris les intérêts, environ le double.	Namabi'inangwith'eminda, nangasubulhia ebyosi, nebyendundi ibinemo, hakuhi ngendo kabiri.
J'espère que je n'aurai jamais à refaire ça.	Ngalhengekanaya sinendisyasyasub'omweki.
Alpha, bêta et gamma sont des lettres grecques.	Alpha, bêta ne gamma nibisako ebyo bugriki.
Il y trouvera un Egmont et un Orange, les vaillants guerriers de l'Empereur Charles, aussi avisés au conseil que redoutables sur le champ de bataille.	Mwasung'omunya Egmont haghuma  n'omuranzi abalwibakulu babalashi bomwami Charles, inyanasi oko butheki bukulu obwesyombitha oko kithatha ekikendi berakw'amamlwa.
Louis est un gentleman qui garde toujours son calme.	Louis ni mundu oyukabya inyanayibombekire.
Prenez un verre vide et une grande serviette. Mettez la serviette sur le verre et dites « abracadabra, trois fois chat noir » et voilà... le verre est plein !	wimaye oluthehi lughuma oluthemo kindu haghuma ne kisangulhio kinene . Thek'ekisangulhio kyoko luthehi nerioghubughe uthi « Abracadabra, ngendo kasathu epusu yomwirima » lhebaya...  oluthehi lwisuire !
Chronique d'une mort annoncée est un roman de l'écrivain colombien Gabriel García Márquez.	E Chronique d'une mort annoncée ni birango byomusaki munya Colombia yo Gabriel García Márquez.
Je vous dirai ce que vous voulez savoir.	Nyanzir'ebyo mwanzire  imwaminya.
""" Calchas veut qu'aussitôt la voile se déploie : / tous nos traits impuissants s'émousseront sur Troie, / si, dans les murs d'Argos revolant sur les eaux, / les Grecs ne vont chercher des augures nouveaux. """	"""Calchas anzire kolukimba luka yi ghendia :/ esyongurubani syethu syosi  esithawithe kaghala sikandibya oko Troie,/ omo syombimbo sya Argos  syangasyahuluk'oko maghetse,/ abagriki bakandibya nerisondia ebyerisyalheberiako ebihiavihia. """
J'espère vivement que l'intervention chirurgicale ne sera pas trop désagréable et que tu vas récupérer rapidement.	Ngalhengekanaya obuparasyo sibwendilabukirania nakandi ngoko ukendilu ighuwana luba.
Thomas a été candidat à l'émission Des chiffres et des lettres.	Thomas mwakabya mughuma ghokobandisangira oko kihindi ekye  mighanzo nebisako.
Nous jouions souvent de la house dans le parc.	Thukatsemer'ehisim'omo luparake.
Ne me laissez pas à ma mort une inquiétude sur votre avenir ; promettez-moi d’accepter cet étranger pour époux.	Sighunzighe oko luholo lwagh'eribya ilwanga lhetha bulhighe okwibyaho ryaghu; nilahiray'erilhigha owehihia oyu  ngiba waghu.
On garde les boules et les guirlandes de Noël dans un carton jusqu'à l'année prochaine.	Ebikundo bikabikawa nemishiku eye nwilhi oko kisanduku erihik'oko mwaka owakasa.
Maxime ne voulait pas qu'aucun de ses amis sache qu'il était un dealer.	Maxime abya isyanzire nomundu nomughum'eriminya ngoko abya mbanzi.
La dernière fois que je le vis, il portait une chemise bleue et un pantalon blanc.	Ekiro ekyendulhia ekyo namulangiramo, aby'ambith'ekisomeko  ekyomutheghulhe haghuma ne mbalh'eyo musohe.
Comme les experts ont été dans l'incapacité de traduire le texte ancien, les officiels du musée demandent au public de s'y essayer.	Ngabathahulamu abalhiathaluk'eribindul'omulaghe wakera, abakulubakulu bakasab'abandu erilhenza.
Je crois que c'est Sophia Lauren qui m'a causé ma première érection.	Ngalhengekanaya ni Sophia Lauren yulhia ngara eryerimbere.
Cordiales félicitations pour votre anniversaire, Monsieur Poppins. En effet, vous avez eu 75 ans hier, n'est-ce pas ?	Wasingya kundu oko kimbuthe kyomwibukyo waghu, Musyakulu Poppins. Okobulhi, moghukakokayemiaka 75 mulhigholo, kobithe bithya?
Un jour, le garçon a disparu sans laisser de trace.	Kiro kighuma, omulwana mwabulhirana butsiri sigha lughobe.
Ici on exige un esprit alerte.	Hano bakasaba omundu oyubukire.
Il fut élevé au rang de colonel il y a deux ans.	Mwasombolwa momukulu hamahwa miakibiri.
J'aimerais bien essayer de ramener ma machine à laver qui est toujours à Lyon en Allemagne.	Nganza nyilheng'erisyalheth'ekyumano kyagh'ekyeryeriamo ekiri  e Lyon e Allemagne.
Sabu est devenu une balance du FBI.	Sabu abiribya kilo ekye FBI.
Pourquoi ton code ne marche pas ? Déjà arrête de coder avec les pieds, mets des commentaires, et seulement après je verrai ce que je peux faire pour toi.	Busanaki embiso yaghu siyighenda ? lhekisyakingayo omo maghulu, thekahobulhi, nenyuma syaho ngandi lhebya ekyonanga kukolhera.
Nul ne peut fuir son destin.	Sihalhi oyowangasah'endeke yiwe.
Si j'étais le proprietaire du restaurant, je dirais aux employés qu'ils servissent les clients en souriant.	Nangabere munyi kiseng'ekyerilhiramo, nangabwirire abakolhi eribya  ibanga nakolher'abakalhia ibanemuseka.
Les questions décontenancèrent le témoin.	Amabulhio mwabatsandya ko muthwe.
Apparemment, il n'y a rien qui ne puisse se produire aujourd'hui.	Alhinga, sihalhikindu ekikandibya munabwire.
Certains seraient prêts à vendre leur mère pour mettre la main dessus.	Abaghuma baghuma banganayitheghekereni'erighalhia abokoyo  wabo.
Ah ben bravo !	Uthia !
Je suis désolé d'être habillé comme ça.	Namasweka eribya imongambala nyithia.
Sami était inquiet de la réaction que pourraient avoir les autres personnes.	Sami mwaswek'oko byo abandi banganzirire.
Pour être garantis de prendre du fric aux ados, il faut sortir des albums avec des titres en anglais !	Eribya ihanganabanik'akabang'akerimia  olusende kumbe ihalusibwa  esyokombakithi esiriko emithw'eyekingeresa!
Tout ce que tu fais c'est d'essayer d'échapper à la réalité.	Ebyosi ebyo ukakola nimwanyenda werisagha ekwenene.
""" O comble de grandeur ainsi que de misère ! / Non, vous ne voyez pas une ombre mensongère ; / oui, malgré moi je vis, et pour souffrir encor. """	"""Oko musango munene haghuma neryaghalwa ! /Iyehe, simulhilangira ekitsutsu kiamabehi; /inga, mwalhi inje ngalangira, neriteseka. """
Hum, hum !	Hum, hum !
J'espère que quelqu'un verra cela.	Ngalhengekanay'omundu akasya langirakyo.
Liliana est un prénom de fille et son diminutif courant est Lili, cependant Iana est parfois utilisé, étant la seconde partie du prénom.	Liliana nirina ryomumbesa nakandi nibuke bwerye Lili, alhiwe Lana  rikakolhesibawa kanzi kanzi, rikabya ini kihande kyakabiri kyokorina  eryerisibiryamo.
Alan Turing, un des héros britannique de la Seconde Guerre mondiale, le gouvernement anglais l'a castré chimiquement, de même que des milliers d'autres personnes, parce qu'il était homosexuel. Il a fini par se suicider.	Alan Turing, mughana ghoko mbanzi ghono malwa wakabiri omo kihugho, obuthabalhi bwabangeresa mwakabarura, nenzighe nenzigh'eya bandu, busana inyakathetha nabalume ngaye. Mwakasal'iniayitha.
L'anthropologue américaine Margaret Mead a déjà dit qu'il ne faut jamais sous-estimer ce qu'un petit groupe de personnes dévouées peut accomplir.	Owekyandropolojia munyamerika Margaret Mead abiri bugha ngoko  sihalhi erilhenzyalhenzya ekyo mbaghara ya bandu abawith'omuhwa bakendikola.
Il y a toujours eu une minorité ayant peur de quelque chose et une grande majorité ayant peur de l'obscurité, de l'avenir, du passé, du présent, d'eux-mêmes et de leurs propres ombres.	Hali akakumula kake akakwir'obuba bwe kindu nekikumula kinene eki kwir'obuba bwomwirima, ebikasa, ebyakera, nebia lino, nokwibo bene ne bitsutsu biabo.
Je t'avais pourtant prévenu de ne pas jouer au petit malin avec moi.	Monakubrwira ngoko sighutsange ngaka pusu naye.
C'est une victoire à la Pyrrhus. Dans une victoire à la Pyrrhus, le vainqueur perd plus qu'il ne gagne.	Nikinda riling'e Pyrrhus. Omwisinga ryaba Pyrrhus, omusingi akaheraya binji ngo alia bana.
Henry veut te voir.	Henry anzire inyasungana naghu.
Mathis est dans le coma et les docteurs ne sont pas sûrs qu'il va survivre.	 Mathis alhi omo monde monde nabatahwa sibalhengekenye ngakendibyaho.
Ne t’en va plus dire à d’autres garçons que tu les aimes, OK ?	Sighusyaghenda eriya bwira abandi balwana ngoko wanzirebo, kobine ?
« What à Wonderful World » fait partie de mes morceaux préférés.	« What à Wonderful World »  nikighuma kyoko bihande byagh'ebyanzwa.
Nul ne voit jamais si clair aux affaires d'autrui que celui à qui elles touchent le plus.	Sihalhi olwamundu oyukalhangira ndek'emyatsi yabene okoyukathula kuyo.
Sami and Layla avaient besoin de regagner leur confiance.	Sami na Layla babya bayithaghir'erisubir'amaha wabo.
Aujourd'hui, j'étais censé étudier à la bibliothèque, mais je me suis réveillé vers midi.	Munabwire, nyilwenyihangirw'erigh'omulhiebithabu, alhiwe mongabuka  obuthuku ibwabirilhingirirana.
Jim est le diminutif de James.	Jim nibuke bwa James.
Rien d'étonnant à ce qu'elles aient refusé l'offre qu'elle leur faisait.	Sihalhi ekikaswekaya ngerighan'omubiri ogho bamuha.
Ne dites pas des conneries.	Sighubugh'ebithiabithia.
Ils ont battu la campagne à la recherche de la victime.	Mobakakol'efuto erisondekania omuhanya.
Pourriez-vous me dire le code postal de New York ?	Wanganambwir'erighanza eryeposhitha eye New York ?
Je perds mes dents. Je meurs en détail.	Ngaheray'ameno waghe. Ngahola lhiololhiolo.
Alex décrirait correctement l'objet et sa couleur, même s'il ne l'avait jamais vu auparavant.	Alex abi'akangothondoghwer'ekikulu ne ranji yakyo, mwalhi abia   isyalhiatha langirakyo embere.
Je ne laisserai rien de mal t'arriver.	Sinendisya lhighir'obulhigho eribya ibwanganakuthalhira.
Désolé mon amour, je suis encore coincé au bureau.	Namasweka mwanzi waghe, nikinawith'ebinen'ebyerikol'omo bisenge.
Je voudrais envoyer ce paquet au Japon par voie maritime.	Ngasond'erithum'omushik'ono e Japon omwilabir'enzira ya maghetse.
Je n'aime pas mentir, mais ça me parait nécessaire dans certains cas.	Sinyanzir'eritheba, alhiwe kikanyibera inyikyamuhung'omo bika bighuma bighuma.
Il faut des historiens, pour rendre compte des événements ; des témoins imparfaits, qui déclinent l'expérience singulière ; des romanciers, pour inventer ce qui a disparu à jamais : l'instant présent.	Kumbe ihaby'emiatsi ebyalaba inobyananywa, abalangir'abatheloko, abakani'omwisumbir'ebyalaba hathia.
Ma tante habite à New York.	Songalhi waghe an'e New York.
J'espère que personne ne te dira cette phrase.	Ngalhengekanaya sihalhi oyukandisya kubwir'omulond'oyu.
Si jamais Jason m'appelle, dis-lui que je ne suis pas là.	Jason amabimbirikira, mubwire uthi sinyiriyo.
À l'hôpital, l'infirmière lui a lu la plupart des lettres de sa femme.	Elupithali omuthahwa mwakamusomer'esyonzakano nyinzi syomukalhi wiwe.
Vous.... vous avez un nez... heu... un nez... très grand.	Iwe… uwithe nindo nguma …nindo nguma…henene.
Je devine que ce que j'ai dit n'est pas très clair, mais c'est la seule façon que j'ai de l'expliquer.	Ngaminyerera ngoko ekyonyirya bugha ngoko sikuhisesire, alhiwe  nimuhanda ogho nangakolhesy'erisukulakyo.
À certains moments, j'ai envie de plaquer ce boulot.	Oko ndambi nguma, nganabya neriyithagha erimathiry'omubiri oyu.
Nous ne savons pas encore s'il s'est vraiment cassé la jambe. Ils vont en faire une radio.	Sitwasi kandi ngabiri yithwakwekisandu. Bakandiyirakyo mokinimba.
Dans ce métier on voit tout de suite les résultats.	Omubiri oyu thukalhangir'ahonaho ebighuma.
À la seconde où le facteur passe, il fonce dehors pour ramasser son courrier.	Oko kathondi eky'omulahi akalabwako, bakakasir'ehihia eriya thola  ekilope kiwe.
Le baiser est la plus sûre façon de se taire en disant tout.	Erilyarsira ninzira  guma eyerihunamo eribugh'ebyosi.
Qui va là ? cria le sergent d’une voix rauque.	Oyukaya halhia nindi ? Mwalaka omu sereja omo mulhenge munene.
Tout d'abord, gardez fermement en tête la prévention de la criminalité ! Avant de sortir, verrouillez les portes !	Embere sy'ebyosi, muhiromomutwe wenu ngoko ni bwiti ! Embere syeri enda, king'emilango.
Vous racontez de belles histoires d'amour.	Ukakanaya ehistoria eyuwene ehiolwanzo.
Si vous continuez de vous entraîner, vous serez dans un mois un très bon joueur de tennis.	Wamabi thalek'erikolamazowa, ukandi byomomwisi omustahi oyuwene owa kahuluhulu.
Êtes-vous capable de sauter par dessus une chaise à partir de la station debout ?	Wanganathoka erithwa ekika kyendatha ighuni mene ?
Ne pleure jamais pour un homme car le seul qui mérite tes larmes ne te fera jamais pleurer.	Sighulhirire nahake busana nomulumekundi ekighuma ekitholher'eritohongi'emisonia yaghu sikyendi  syakulhiria.
Il n'y a aucun pays de la terre où l'amour n'ait rendu les amants poètes.	Sihalhi nekihugho kighuma hanisi oh'olwanzo lwathwa yir'abanzene  mobimbi.
L'objective de cette entreprise est de gagner la confiance et le respect de nos clients.	Ekikulu ekya kambuni aka niyiburirako nerisiky'abaghulhi.
Les rires, les cris joyeux s’élevaient de tous les côtés.	Amaseka, amahiyi ogho butseme aby'akasir'oko mbande syosi.
Il y a plus de sept ans, les États-Unis poursuivaient al Qaeda et les Talibans avec un large soutien international. Nous n'y sommes pas allés par choix, nous y sommes allés par nécessité.	Hamahwa miakirinda, e Etats-Unis banakwamirire  Al Qaida naba Talibans  ibanahirikirirwe nekihugho kyosi. Mothuthithayay'omwisombola, alhiwe mothukayayo kund'inilagha.
Hé, que s'est-il passé ?	Hé,  mohakalabaki ?
Je ne connais aucun aveugle.	Sinyasi nendimethime nguma.
À peine aperçut-il la silhouette du poulet, que ni une ni deux il dégaina son flingue avant de balancer la purée.	Hakuhi erilangira ekitsutsu ekyengoko, momughulu ine kighuma kyoko bibiri mwalheka embundu yiwe embere alusaye erihi.
J'appelle de la part de Monsieur Simon.	Ngabirikira okoluhande lwa Simon.
Ne faites pas comme si vous ne saviez pas danser !	Sighuyire ngosiwasi erisatha !
Je te fiche mon billet qu'il n'y arrivera pas.	Ngakuh'ethike yaghe syendisyahikayo.
Les êtres sensoriels, dans tout l'Empire Galactique, pouvaient envoyer des messages télépathiques à travers de grandes distances.	Ebihanjikwa, omobuthabalhi bosi bwa Galactique, babya ibangana thuma esyonzakan'omwilabir'ebyanya binene.
Attendez, ne vous tirez pas dessus !	Lhinda, isiwayihithirayako endatha !
Il fut fatigué d'être l'avocat du diable et maintenant accepte chaque idée qu'ils proposent, peu importe qu'elle soit idiote.	Mwaluh'eribya musosi wendioka nahathia akalhigha obulhibulhengekania obobakatheka, mwalhibwangabya ini bobukiru.
Je n'ai pas pu sortir à cause de la forte pluie.	Sinyithathoka eryasa busana nembula nene.
Lisa a reproché à Marc de souvent mettre tout dans le même sac.	Lisa mwakabwira Marc eribya inyangabya akahira ebyosi byomwisaho.
Quelles sont les cinq premières lettres de votre adresse électronique ?	Ebisako bimberembere bithanu ebyerikusonderiak'omo intaneti biobiahi ?
J'espère qu'il y aura ici une station de métro dans l'avenir.	Ngalhengekanaya hano hakandisyabi'ekibuth'ekyerimaniakwesyo ngurubani.
Durant son mandat, de nombreuses nouvelles lois ont été promulguées.	Oko mughulu wiw'oghosi, emighambo minzi mihiaka moya laghalaghanika.
Cela te dérangerait-il de me fournir un peu d'aide pour certains problèmes que je rencontre ?	Ekyo kyangakukendery'erimba obuwathikya  oko mbanza nguma nguma  esyongasunga?
Est-ce que tu as vraiment laissé ta voiture ouverte avec les clés sur le contact ?	Wanabiri sigha engurubani yaghu iyinakingulhire namakingulhi?
Vous devez réaliser vos plans.	Wangaberererya ebyoghuthe ghekerenie.
L'opinion est une chose par laquelle je tente d'expliquer pourquoi tout le monde devrait penser comme moi.	Obulhengekania nikindu ekyongalhenga erikaniabulhi busanaki  bulimundu akalhengekanaya nganje.
Combien nous savons peu, nous nous en apercevons lorsque nos enfants commencent à poser des questions.	Bingahi thwasi bike, thukasala twalangiraby'omughulu abana bethu  bakatsuka eribulhy'amabulhio.
On regarde une femme savante comme on le fait d'une belle arme : c'est une pièce de cabinet, que l'on montre aux curieux.	Bakalhebaya omukalhi mwenge ngoko bikanabya oko kyumano  ekyowene : nikindu ekyo ko kabine, ekyobakangaya oko batsweka.
Ha ha ha ! Tu veux tuer toutes les mouches ?	Ha ha ha ! Wanzir' iwitha esyonzuhere syosi ?
Tant que je respire, j'espère.	Omughulu nikina humula, nyikina with'eriyikethera.
Le regard vide des yeux de poupées m'a toujours effrayé.	Erilabya erithemo kindu erye bi pupé rikanyith'obuba.
« Désolée, je t’ai posé une question déplacée ? » « Non, pas du tout. » « Alors pourquoi tu réponds pas ? »	«Namasweka, mongakubulaya ekibulhyo ekighondire ? » « Iyehe, butsir'ebyo. » « Nero busanaki sighuthasubirya ? »
Laissez votre message après le bip.	Ushighe omulaghe waghu enyuma syeribiyirenga.
Pardonnez-moi d'être franc ; votre visage ne me revient pas.	Unganyir'eribya namabughekwenene ; obusu bwaghu sibuthasa omo bwenge bwaghe.
J'attendais à peine depuis une minute quand il arriva.	Nabyangamulhinda hakuhi omo kithondi kighuma omughulu asirayo.
Ce type est vraiment sexy.	Omundu oyu ali ndeke.
J'espère que le bateau ne fera pas naufrage dans la tempête qui s'annonce !	Ngalhengekanaya eryatho siryendithogher'omo kihunga ekyama biyikangania!
Tu verras, un jour, tu trouveras l'amour.	Ukandisyalangira, kiro kighuma, ukandisya sung'olwanzo.
Jules se sentait sous pression pour trouver un moyen de résoudre le problème.	Jules abi'akayowa ngakunirw'erisung'enzira eyeri londa omusango.
C'est un champ de bataille. Une seule règle: survivre.	Nihandu aherihond'amalwa. Omughambo mughuma : eribyaho.
Voir son charmant visage me détend.	Erithalhangira obusu bwiwe risa rikanzemesaya.
C'est le second article de la série sur les infrastructures de greffons.	Nikirango ekyakabiri ebilhebirye obuntombe.
Il paraît que le nouveau de la classe d’à côté est trop beau gosse.	Bikathokekana omugheni omo kiyiro ekyoholuthambi nikalwana kabuyanga.
Nick mésestime quiconque vient de la campagne.	Nick akaghonera olhiamundu oyukalwa  okomulhongo.
Si Dieu a béni les États et régimes racistes et colonialistes, ceci voudrait-il également dire qu'il a maudit les Vietnamiens, les noirs sud-africains, les Iraqiens, Ies Afghans, les Vietnamiens et les Palestiniens ?	Nyamuhang'amabya inyabiri tsumul'ebihugho namathabalhi owa kasololo akesyorayi nakakapundio, eki kikasond'eribugha kithi abirithakir'abanya  Vietnam, abiraghulu abe Afrika eyekabuno, abanya Iraq, abanya Afghanistan, abanya Vietnam nabanya Palestina ?
Ferme les yeux,  fiston, tu ne vas pas tarder à dormir tranquille.	Lhib'ameso, fishito, siwenditselhewa eriyatho mbolhere.
C'est un essai politique brillant, enlevé.	Nilhenga eryekipolitika ekikangabasenie, nekiryendatha.
Je connais Jim depuis mon enfance.	Nyinasi Jim eritsuka omobwana bwaghe.
Insouciant du passé, peu satisfait du présent, on veut deviner l'avenir.	Erithendi tsomana ebyakera, eriyibuyirira hake obobiri, bakasonda  eriminyerera ebikasa.
Son adresse venait d'un talent inné surprenant et non de plusieurs années de pratique.	Eyalhi ryasira omo luhabwa lolubutho butsir'enyuma syemyaka minzi  eyerighamo.
J'écoute un audiolivre sur Harry Potter avec le baladeur que je viens d'acheter.	Ngahulhikirira omulhenge wekithabu ekikabugh'oko Harry Potter  haghuma nakanimba ako namabighula.
Cela se voit sur son visage qu’il est triste.	Ekyokika langirika oko busu bwiwe ngoko alhino bulhighe.
De là le feu divin, pour nous guider, sans doute, / vers la forêt d'Ida suit sa brillante route, / prolonge dans les airs ses sillons radieux, / jette une odeur de soufre, et se perd à nos yeux.	Erilwah'omulhiro ghomunya mbani, okwithusondola, butsira erithika thika, / ebwang'eyiri omushithu owe Ida ikakwam'enzira eyikangabasenie, / ikalolay'emulhir'omokyanya kyemighenye,/ ghus'ekikumbo, nakikaherera  oko meso wethu.
"Quand j'entends le mot ""culture"", je sors mon revolver."	"Omughulu ngow'ekinywa ""emitsie"" ngahulukaya embundu yaghe."
J'espère que tu sais que la dernière chose que je veuille faire est de te blesser.	Ngayikethera ngoghunas'ekindu ekyondulia ekyonyanzir'erikola  iryerikuthonika .
C'est le bonhomme de neige le plus moche que j'aie jamais vu.	Yomulumuna owamathwe yoyuthowene oyonyithenatha sunga.
Quand est passé l'épisode ?	Omughulu oyo alhialaba ndambi syahi ?
Noah est d’autant plus content de son sort qu’il est fier de ne pas avoir eu à demander de l’aide de quelqu’un.	Noah atsemire kutsibu busana nerithendi sab'obuwathikakya oko mundu.
Si tu n'es pas sorti de la douche d'ici cinq minutes, je coupe l'eau chaude !	Wamabya isighuthalwa omo kyegher'omo mathondi athanu, ngathwa  amaghetse awahuhire!
J'espère que nous pourrons nous arranger pour venir à ta fête.	Nyirinamaha ngoko thukayitheghekania eryasa oko kisendebelhe.
Dites à ces personnes de se retirer, afin que l'hélicoptère puisse se poser.	Bwir'abandu abo uthi balweho, kusangwa erikopatere rika takerikimiraho.
Les gars ! Attendez !	Balwana ! Mulhinde !
Hier soir j'ai regardé un film allemand en version originale sur le programme Arte.	Omorighologholo rya mulhigholo monalhebiry'ekisesasani ekyaba Allemand oko mitheghekerer'eye Arte.
La somme des dons et des cotisations versées par un individu à un ou plusieurs partis ne peut excéder 7 500 euros par an.	Obughuma  boluhabwa nemikera eyiryathekawa nomundu mughuma  kutse nebihande binzi kyangabia ikikaya hika hakuhi 7500 esyosend'esye  bulaya oko mwaka.
Je te suis reconnaissant pour ce que tu as fait précédemment.	Namakushima oko byoghuliakol'embere.
L'équipe japonaise, vainqueur de la Coupe du Monde, est rentrée enthousiasmée par cette victoire.	Ekipya ekyabanya Japani, abashingan'oko lusalhi olwe kihugho, mobasubwire nobutseme bwobuwingi.
La police a enquêté sur le passé du suspect.	Epolishi moyikasosothay'ekera eyomundu oyo babyabakathikathikawako.
La Garde meurt mais ne se rend pas !	Omutsamu amahola alhiwe syathayilhetha.
Je ne regrette pas ce qui s'est passé la nuit passée.	Sinyitha sweker'ebiryalab'omokiro kilia.
Où puis-je poser ces bières ?	Amabu anonangahiragho hayi ?
Je voulais vous toucher un mot de ce qui s'est passé.	Nyilwe ngasond'erikuthulak'omo kinywa kighum'oko biryalaba.
La recherche de «fleuve» renvoie un avertissement que cette recherche est illégale sur l'Internet chinois, ces jours-ci.	Omusondekanio « wogholusi » bikathuma engendo yerimbere ngoko omusondekani'oyosyatholhere okokisengula ekyabanya Chine, oko biro bino.
Tout ce que vous devez faire, c'est tirer profit de cette occasion rare.	Ebyosi ebyowangakola, nilusyamo endundi omo kabang'ako  akathesungika.
Hey, je viens d'avoir une bonne idée.	Hey, namabisung'obulhengekania obwiwene.
Il ne les quitte pas, dans leur retraite sombre, / qu'au nombre des vaisseaux il n'égale leur nombre. / Puis il retourne au port, partage son butin.	Syendi balwako, omo lukuratho lwo mwirimia,/ oko mighanzo eye syonzira ngengenge siyilhingiriranaya emighanzo yabio. /Neryo mwasub'ahaka hikiriramatho, nerihab'akasamakiwe.
Vous regardez vos belles images.	Ukal'ebay'ebisasamira byaghu ebyowene.
J'ai l'impression que quelque chose d'horrible est sur le point d'arriver.	Namabya ngangalangir'ekindu ekikalhire ngokinemwasa.
Marie trouve son copain adorable.	Marie amasung'omwanzi wiwe oyutsemesirye.
Kitty a 12 ans et elle ne peut toujours pas lire.	Kitty awith'emiaka ikumi nibiri nasyanga soma.
Un bon archer atteint la cible avant même d’avoir tiré.	Omuhihi oyuwene akahik'oko ndulhi embere haby'erikakya.
Je présente mes excuses pour ne pas avoir immédiatement répondu.	Namasab'obughanyiri busana sinyithalungasubirya.
Bien que l'échec des négociations soit évident, certains gardent un peu d'espoir.	Mwalhi erithaluka eryemisulusutho rinabere nyariri, abaghumabaghuma  bakinawith'erikirirya.
J'espère que tu te plais ici.	Ngalhengekanay'ukatsemera hano.
Le paysan, dans son labour, arrache peu à peu quelques secrets à la nature, et la vérité qu'il dégage est universelle.	Omunya mulhongo, omwirima riwe, akakula hake hak'esyokumbo  esyekithaka, nekwenen'eyoyithatheka syasibwe ahosi.
Les nouvelles de la mort de son fils furent un choc.	Emyatsi eyoluholo lwamughala wiwe muyabya bulhighe bunen'okwiye.
Raphaël était un mec génial.	Raphaël abya mundu oyu tsemesirye.
Je me souviens avoir vu Sami un peu gros, mais je n'aurai jamais imaginé qu'il deviendrait aussi gros que ça.	Namebuk'erisunga Sami inimunene hake, alhiwe sinabya nyilhengekenie ngakandisyaneneh'athia.
L'honnêteté paye à la longue.	Eribuhekwenene lhika lih'omokera.
Désolé, mon patron est en train de dormir. Revenez demain, je vous prie.	Nganyire, omusungu waghe anemuyatho. Usyasyas'omonuzia, kisikishi.
Tu n'écoutes pas, hein ?	Sighuthowa, kwe ?
Trouvez un boulot, de façon à pouvoir subvenir aux besoins de votre femme et de vos enfants !	Erisung'omubiri, omo nzira esyeribyagho nerisubirya okwinyithagha rya  mukalhi waghe na bana baghu !
Si tu n'es pas content, va respirer ailleurs !	Wamabia isighuthatsema, ghenda uyahumulhire ahandi !
Hé bien, je me lève tôt, donc je veux dormir, là.	Kabisa, ngabuka luba, nibwambungayatho, halhia.
Cette piste d'atterrissage sera opérationnelle dans quelques semaines.	Ekibugha ekyerikirako kikandi tsuk'erikolhesibwa hathia hathia  omo mayenga malhebe.
J'essayais de prouver quelque chose.	Mongalheng'erikanzya kindu kighuma.
L'agent de police a indiqué que ça avait l'air d'une blessure par balle volontaire à la tête.	Omukolhi ghobulhasi mwaka berereraya  ngoko  kyabya kiwithe  ekihuthalhe oko muthwe wiwe.
Vous étiez à court d'idées.	Amalhengekania waghu aliahwa.
Il est si naturel d'estimer ce qu'on aime qu'on voudrait que partout on l'estimât de même.	Kyolobir'eriyithagha ekyowanzirwe ngabakanz'ahosi ibasikiryekyo.
Changez de train à Chicago pour New York.	Erihingani'engurubani e Chicago eriya e New York.
Est-ce que je connais les secrets des millionnaires ?	Nyinasi ekumbo eyabatheke ?
Tom avait du rouge à lèvres partout sur son visage.	Tom abi'awith'oko ranzi eyoko minywa ahosi omo busu bwiwe.
"""Peux-tu m'expliquer ceci ?"" ""Il n'y a rien à expliquer. Ce sont les ordres et nous devons les suivre."""	"""Wangananyikaniria kino?"" ""Sihalhi ekyerikania. Nitholi, naritholhere'ithwa kwamasyo."""
Comme maman renarde attendait, inquiète, le retour de son petit en frémissant d’impatience, elle fut si heureuse lorsqu’il arriva qu’elle eut envie de pleurer et lui fit un gros câlin.	Eribya nyinya renarde abi'akalhinda, inyana hanga hangirye, eryasa  syomwana wiwe inyanuswire mwerithw'amaha, mwatsem'omughulu ahika mwasond'erilhira namumukola mumutsemi.
J'ai apporté les bonnes réponses aux questions.	Mongathek'amasubiryo aghowene ghoko mabulhio.
On utilise les pointillés pour le modèle, et les traits continus pour la réalité.	Bakakolhesaya ebithond'oko kilhebiryo, nebikwarari oko kwenene.
Nous ne comprenons pas que vous puissiez encore chercher pourquoi Bernadette Dejeu a été tuée.	Sithuthow'eribya iwanganasyarondia busanaki Bernadette Dejeu mwithirwe.
Je peux parfaitement gérer une classe de soixante élèves.	Nanganasondolhia ndek'ekiyiro ekirimo abigh'abandu makumi ndathu.
Ça m'a coûté 50 dollars pour réparer ma montre.	Mokikanyilhira dolare makumi athanu erikanis'akaghanza buthuku kaghe.
Il y a eu de nombreux meurtres, l'année passée.	Mohakaby'obwithi bunzi, oko mwaka owalaba.
Les seules traces de doigt que la police a trouvé sur la poignée de porte étaient de Kylia.	Ebighobe bisa ebyomunw'ebyo aba polishi basunga oko luyi byabya bya kylia.
Les deux pays partagent 500 km de frontière.	Ebihugho bibiri bikaghaba bilometre maghana athanu ebyemikiki.
Je sais que certains d'entre vous veulent revenir aux choses telles qu'elles étaient mais ça ne va pas arriver.	Nyinasi abaghuma bomwinywe banzire ibasubir'ebindu ngokobyabya alhiwe sibyendi hika.
Les médecins recommandent des médicaments pour combattre les maladies.	Abathahwa bakathek'amabalya mbiririmbirimbi erilw'oko makoni.
Dan est un shérif adjoint à la retraite.	Dan nimukulu omusubirwak'oyuliokonduhuke.
Ça reviendra moins cher sur le long terme de faire table rase du système existant et de tout refaire nous-mêmes.	Bikandisuba byol'oko ndulhia erisubyaby'oko ndulhi erisyasuba mubyo muthwebenebene.
Ne bouge pas ou je te tue.	Ubyehaghuma kutse ngakwita.
Plus je me connais moi-même, plus ma vie devient claire.	 Okolulhengo ngayiminya ingowenewene, oko lulhengo eribyaho ryaghe rikabya mwekyakakala.
J'ouvre la porte et je vois deux garçons qui se tiennent côte à côte.	Ngakingula oluyi ngalangira abalwana babiri ibanimene ahaghumerera.
Les roses se fanèrent et Annie pleura beaucoup.	Amawa muma na Annie mwalhira kinene.
Mon opinion correspond à peu près à la tienne.	Amalhengekania waghe anahambene hake nawaghu.
C'est l'un des plus beaux mecs que j'ai jamais vus.	 Nimughuma ghoko balumuna abuwene abonyithenasunga.
Perdu dans mes pensées, j'ai raté mon arrêt.	Eribehera omo malhengekania waghe, mongathalaya erimana ryaghe.
Pendant les nuits d'insomnie, ta venue, je l'espère.	Omobiro ebyerithendiyatho, eriasa ryaghu, ngalhengekanaya.
Tommy ne sut pas répondre au dernier problème.	Tommy mwathathok'erisubirya oko kibulhio ekyo musango owendulhia.
"Ouvrez une image et choisissez une disposition d'image. Cliquez sur ""Ouvrir"" pour ouvrir une image. Cliquez sur ""Quitter"" pour quitter l'application. La fonction ""Disposition d'image"" vous permet de visualiser dans n'importe quelle disposition."	"Kingula ebisasamira neryo ghusombolhe kighuma. Uthuthaye oko ""ukingulhe"" erikingula ekisasamire. Uthuthaye oko ""Erilwaho"" ukasonda erilwa omokikolano. Ekindu ""Eriyitheka ryekisasamira"" kikakuwathikay'eri langira omombande syosi."
Va chercher la caméra.	Ghenda uyaronday'ekyumano ekikahamb'ebirimu.
Maintenant que vous en parlez, qu'est-il arrivé à cet homme qui travaillait ici ?	Hathia mowamabughakubyo, ekiryahik'oko mundu oyukakolhera hano niki?
Quand c'est l'anniversaire d'un membre de la classe, l'enseignante dessine toujours un drapeau sur le tableau.	Omughulu nikisendebelh'ekyomwebuky'ogho mundu mughuma womokalasi, omukangiriry'akatsapa ebelhu yokokisayi.
Ce foutu ordinateur ne marche pas.	Ekisengula kino sikithakola ndeke.
Si vous avez l'intention de rester en contact, demandez-lui ses coordonnées.	 Wamabya ighunayithaghire eribya iwangana sungana naye, mubulaghe ngawanganamusunga ghuthi.
Si je n'écris pas pour me vider l'esprit, je deviens fou.	Nyithithasaka eribya inanganayibughirira, iningabya musire.
La littérature est une affaire sérieuse pour un pays, elle est, au bout du compte, son visage.	Omuhanda owerisaka nilubanza olukalhire oko kihugho, ni, oko ndulhia, obusubwakyo.
Est-ce ce que vous voulez que je dise ?	Wanzire inabugha ?
Carl semblait très heureux.	 Carl abyangatsemire.
Quand il est question de créer de nouveaux contacts, Jérôme trouve ça difficile.	Omughulu nindambi eyerikokothia emighambulhirano, Jérôme akalangirakyo ngakaikalhire.
Le braquage de banque est souvent utilisé par les groupes armés comme un moyen pour obtenir de l'argent.	Erithalhira ebanzi rikabya inimikolhere eye bikumula ebyobuniyi monzira eyeriyira olumbuka.
Le sport qui occupe la première place dans le monde, c’est sans le moindre doute le football.	Erikangiriry'eryerikakya emiki erikabya ngariri omo kihugho, butsira nerisyathikathika nikaghulughulu.
Je classe sa musique comme du rock.	Ngathek'ehishimo hiwe yokomuhanda owe rock.
Les analystes parlent déjà d'une possible «fusion du coeur de la livre».	Abasosothia bakabugha ngani «sangana ryomuthima nesyosende ».
Un homme a failli mourir en Californie après avoir tenté de poser pour un selfie avec un serpent à sonnette.	 Omundu mwakasond'erikuluka e California omughulu alhia sonda erihamb'ekirimu ne nzoka eyolukanda.
Reviens de suite, s'il te plait.	Subula luba, ngakulhembalhemba.
Arthur a le rôle du méchant.	Arthur awithe omubiri oghobutsibu.
Ah ! ma chère miss, je serais heureuse de vous voir devenir la femme d'un bon fermier et être une de nos voisines.	Ah ! mundu waghe, nganditsema ukabya mukalhi gho mulysya neribya muhimbani wethu.
En France, ce ne sont pas les couilles que l'on coupe mais la tête.	E France, sibethwa emiheghe alhiwe omuthwe.
L'individu est le produit et le producteur de la culture.	Omundu nibighuma nakandi ukalusaya ebirimwa.
L'amitié, mon ange, ignore les banqueroutes du sentiment et les faillites du plaisir. Après avoir donné plus qu'il n'a, l'amour finit par donner moins qu'il ne reçoit.	Obwira, mumalaika waghe, bukibirirawa ebiyithagho nemithakeko eryo butseme. Enyuma syeritheka binzi erihikasyakiwitheko, olwanzo luka sal'erihabike ko luka bana.
Certains événements de mon enfance sont très clairs, d'autres, en revanche, ne sont qu'un vague souvenir.	Emyatsi mighuma mighuma eyo bwaghe yinayi sosire, eyindi, yibihunga ebyeryebuka.
Un million de migrants sont entrés en Europe en 2015. Il s'agit d'un record depuis la Seconde guerre mondiale.	Emilhioni nguma eyabakahamanga babyababiringira ebulaya oko mwaka webighonye bibiri ikumi nithano. Nilulhengo eritsuka oko malwawakabiri omo kihugho kyosi.
Je regrette qu'un engagement préalable m'empêche d'accepter votre aimable invitation.	Namasweka eribya eriyitsinga buyira rikandilheka inyithithaba omulaghe waghu.
Ils ont rendu hommage à Johnny Hallyday.	Mobakatherera Johnny Hallyday rye hesimu hiwe yendulhia.
Quand il vit Jésus passer, il dit...	Omughulu balangira Yesu akalaba, mwabugha athi …
Il marmonnait encore quelque chose concernant les hôpitaux à la fin de la fête, quand il a glissé sur un morceau de glace et s'est brisé la jambe gauche.	 Kindu kighuma kyabya kika ruruma ekilhebiry'ebilamier'oko ndulhia eye kisendebelhe, omughulu athender'oko nusu eya matsuku nery'okwighulu kwiwe okwamalhi mukwa bunzukala.
À droite se trouve un champ d'orge, tandis qu'à gauche se trouve un champ de blé.	 Okulhembe kwabia eririma erye bithi, noko kulhi kwabya eririma eryengano.
Le procureur m'appela également en tant que témoin.	Omusosi mwambirikirako nomulangiri.
Le premier symptôme de l'acculturation est de penser que la langue de l'autre est plus cool. La conclusion inévitable est la disparition de ta langue.	Ekiminyikalo ekyerimber'ekyerilhengemerwa ryerilhengekania omubughe ghoghundi ghoghuwene. Okondulhia omubughe waghu bakabulhirana.
Es-tu sûre de ne pas vouloir attendre jusqu'à demain ?	Unayilhighir'erithendilhind'erihika omongyakya?
Faites-moi confiance : la réponse à cette question, je ne la connais pas, mais j'y réfléchis.	Unyihiremo amaha : ekisubiryo kyoko kibulhio, ekyo sinyasi, alhiwe nandimulhengekania kukyo.
Les fiançailles de M. Rogers et de Mlle. Smith ont été annoncées hier.	Obwira bwa Rogers nakoyo. Smith mobwa laghalaghanibwe mulhigholo.
C'était romantique de marcher au clair de lune.	Nikyandundi erighenda omo mughenda.
Il a donné un faux nom et une fausse adresse à la police.	Mwakah'erina erithuwene nebighendero ebithuwene okobapolishi.
Top secret !	Mbiso !
Le couteau était si émoussé que je ne pus couper la viande avec et je dus recourir à mon couteau de poche.	Omuhesano aby'athwire kyakathumire inathwa eyiswiyomugho neryo monasya kolhesya omuhesano waghe oghomomufuko.
Je suis navrée, je n'ai pas pu t'écrire plus tôt.	Nganyire, monyithitha kusakira luba.
Wow! Quelle merveilleuse idée.	Awa! Bulhengekania buwene bwahi.
Quoi qu'il puisse arriver, tu ne dois pas oublier de sourire.	Mohangathabyaki, siwangibirirw'eriseka.
Voici encore dix coups pour toi, maudit salopard, pour avoir chié sur mon parterre de fleurs !	Emiseku ikumi ikumi yaghuyeno, mulakirwa muthaku, busana nerinyaryaghu okomawa waghe kwahisi.
Maxime vit Marthe attendre à l'arrêt de bus.	Maxime mwalangira Marthe inyanemulhindirir'ahalhi esyongurubani.
Sors tout de suite.	Koghuna huluke.
Si F est un sous-espace vectoriel de dimension finie d'un espace préhilbertien réel E, alors F et F orthogonal sont supplémentaires.	E F yamabya emwisi syebikaheka esyondengo omo kyanya kyobuheki bwekwenene E, nibwambu F ne F nibyeriongerwako.
Chacun est une Lune et possède une face cachée qu'il ne montre à personne.	Bulhimundu nimughenda na anawithe oluhand'olubiseme olwathikangaya mundu.
Paul est une personne tellement plaisante que tout le monde l'aime de suite.	Paul ni mundu oyutsemesirye kyangalheka bulhimundu ghosi inyamwanza.
C’est une fille très grande ; elle porte un sweat blanc et un T-shirt bleu. Elle a aussi un pantalon à rayures plutôt joli et des baskets.	Nimumbesa munene; ambithe ropo yo musohe nakapira komutheghulhe. Anawithe noko mbalhe eyowowene nehiryato.
"""Chéri, viens te coucher."" ""Non, pas tout de suite. Je dois encore traduire quelques phrases sur Tatoeba."""	"""Mwanzi, asa ghuyetho"". ""Iyehe, butsira hathyahathya. Nangana syabindula milondo mighuma mighuma yoko Tatoeba""."
Désolé de ne pas avoir répondu plus tôt à ton message, j'étais occupé.	Unganyir'eribya isinyitha subiry'oko mulaghe wa ghukoluba, nyilwe nyihathathene.
Aucun de nous n'avait la moindre idée de ce qui allait arriver.	Nomughuma ghokwithwe syabawithe bulhengekania oko kyangabere.
Vous devez arriver à midi.	Ubyenerihik'oko saha ndathu.
Je n'ai jamais compris cette volonté de vouloir constituer coûte que coûte des classes mixtes.	Sindinathow'erisonda eryerihiraho ebiyiro byenzwange.
Daniel a obtenu un bon emploi.	Daniel abiribya nomubiri oghuwene.
Vous ne vous souvenez plus où vous avez mis votre clé.	Sighuthasyebuka ohoghulhia hira olukingulhi lwaghu.
J'aurai une rencontre avec le professeur à une heure et demi.	Omosaha nguma ne nusu ngandibya nomukania haghuma  nomukangirirya.
Hmm ! Oui, j'y crois.	Hmm ! Inga, nyinikiririebyo.
Ne reculez pas !	Sighusub'enyuma!
Mathis n'a pas amené ses clés.	Mathis mwathithalheth'amakingulhi wiwe.
Lorsqu'on a pénétré le fond des choses, la perte des illusions amène la mort de l'âme, c'est-à-dire un désintéressement complet sur tout ce qui touche et occupe les autres hommes.	Omughulu babirihik'omo myatsi mwemwisi, eriherya ebyeripikapikira  rikalhethera oluholo lomuthima, nibugha hathi erithendi tsomana kindu  kalhenzy'ebikathula nebikalhengemeray'abandi bandu.
Ils sont actuellement en train de l'amener pour lui poser des questions.	Banemulheth'eribya inyanganaya bulibw'amabulhio.
Grâce à ton aide, j'ai pu enfin venir à bout du démon du jeu.	Hathane hobuwathikya bwaghu, mongasond'eribugha oko kasalhika masatha.
Je ne peux pas dire que M. Kelly ait vécu une vie de saint.	Sinanga vuhga nyithi Mulumuna Kelly mwabere neribyaho iyobubuyirire.
J'espère que vous ne direz à personne que vous m'avez vu sortir de cette maison.	Ngalengekanaya ngo siwendi bwiramundu ngoko muka nyisunga nyika lwir'omo mbimbano eno.
Sur son char aussitôt la brillante déesse / revole vers Paphos, lieux charmants où sans cesse / l'encens le plus parfait, les plus nouvelles fleurs / embaument cent autels de leurs douces odeurs.	Oko ki heka kiwe kyabya kibuya / akaya hali Paphos, ebirasa, amawa mahia mahia/ nebirasa ebihwerere, amawa mahiamahia/ rikahus'ebikumbo biayo bibuya.
Cependant le vent tombe et meurt avec le jour. / Des Cyclopes cruels j'aborde le séjour : / je l'ignorais.	Okolundi luhande ekihunga kikathogha nerihola nerihola ne viro. /Syondimetime ngatsuka eriyatho : / navya isinyasikyo.
Appelles moi quand tu seras arrivé.	Umbirikireko wahika.
Nous sommes obligés de considérer comme fous beaucoup de nos esprits originaux — au moins jusqu'à ce que nous soyons devenus aussi malins qu'eux.	Thwangusangwa ithwa ithwimia emirimuyethu mingi ngabasire- mbino erihika omughulu thukandisyabya batsweka ngabo.
Le directeur de la recherche fit faire au département un travail complet de test du nouveau produit.	Omulhembya mukulu mwakola omuthahi mo muviri owahwererere oweritsopolhia evighuna vihiaka.
Suppose que tu t'y sois rendu et qu'elle ne s'y soit pas trouvée et qu'en plus il ait plu.	Thuvughe thuthi ngoghulhiayayo nangoyathasyasungikayo nembula ngoyiriwa.
Un chasseur tire sur un lièvre et le rate d'un mètre à gauche, puis d'un mètre à droite. Statistiquement, le lièvre est mort.	Omuhiyi mwaghusa oko lape yomomushithu neryo amavalhiayo oko metre nguma okomalhi, nokometre nguma okokulhembe. Omomighanzo, elape yavirihola.
Les belles femmes sont à la fois le paradis et l'enfer.	Avakalhi avuwene kanjikanji nimbiani nekulimu.
Elle a refusé son offre de soutien.	Mwaghanire omuvala wobuwathikya bwiwe.
Il rentra à la maison en passant par Hong Kong.	Mwasub'eka erilaba e Hong Kong.
Écoutez, si vous voulez.	Muhulhikirire, mwamanza.
Bonsoir, mon trésor ! Que je suis content d'être enfin à la maison !	Wamabisibibwa, mwanzi waghe! Namatsema ngaby'eka !
Au bout de quelques minutes, elle coula un regard vers la porte, comme attirée par ce courant d'amour, et ses yeux, sans hésiter, se plongèrent dans les yeux de Rodolphe.	Omomathondi manyothonyotho, mwalhebya ebyanga eyiri oluyi ngakurirweno lwanzo, nameso  wiwe, butsir'eri thikathika, molwayikurira  omomeso wa Rodolphe.
Théo est couché sur le canapé à regarder la télé.	Théo aghotsere oko butar'akasamalhir'ebisesani.
Vous ne devez pas couper les cheveux tout de suite.	Siwangalu ghukathwa esyonzwiri syoluba luba.
Ma clé USB contient un virus.	Olukingulhi lwaghe olwe USB lulhimo hindohondoho hiehihuka.
Je suis content que tu n'aies pas appelé Hugo.	Namatsem'eribya sighutha birikira Hugo.
Tu auras beaucoup de cadeaux pour ton anniversaire.	Ukandibya nebihembo byaghu binzi omo mwebukyo weributhwa ryaghu.
Nous devrions demander à Kylia de revenir.	Thwangasabire Kylia erisubula.
Les gendarmes arabes algériens ont tiré à balles réelles sur des jeunes manifestants kabyles qui étaient pacifiques. Ils ont tué 128 jeunes kabyles et ont handicapé des milliers de kabyles à vie.	Abalhasi abaharabu nabanya  Algerie mobakaghus'amasasi oko balwana  abalwe bakayitsatsang'omo ghenda. Mobakith'abandu ighana righuma makumi abiri nomunani abakabyle namubakayira enzighe nenzighe eyaba kabyle mobirema.
Êtes-vous au courant que votre nom a été prononcé lors d'un procès contre le gouvernement fédéral ?	Unasi erina ryaghu ngoko mobika hulawa omughulu ghomuthondo  awakalhebay'obuthabalhi?
Lors de la première guerre mondiale, « Anne of Green Gables » fut distribué par le gouvernement polonais aux troupes dans les tranchées pour leur rappeler pourquoi ils se battaient.	Omughulu wamalwa werimbere omo kihugho « Anne of Green Gables » moyaghabirwa oko balhasi  nobuthabalhi obwe Pologne eribirirabo  ekikalhek'ibalwa.
Il ne montre aucun intérêt pour la science.	Shikangaya ndendi yosiyosi eye siasa.
Notre chat regardait des gamins s'amuser dans la rue.	Olubundu lwethu lwabi'ilune mulheby'abana bakantsangir'omo ngenda.
Stephen Colbert est un type plutôt délirant.	Stephen Colbert ni mundu oyuka heray'obulhengekania.
Une bagarre a opposé les ouvriers à des agents de sécurité.	Abakolhi mobaka ghundulana nabatheya.
Tu es folle de te coltiner un va-nu-pieds pareil, ma puce!	Ulhimusir'eriyikehera ekithawithe mughaso ekiringa eki, mundu waghe !
La crosse d'une carabine américaine est une arme aussi dangereuse que le canon lui-même, surtout lorsqu'elle est maniée par un bras puissant.	Ebakora yembundu eye Amerika nimbundu eyikalhirenge mbundu  eyiyeneyene, ngesaha yikahutibawa nebyala ebyakaghala.
Sa Majesté attend.	Ogholukengerw'akalhinda.
J’ai toujours cru que les étudiants en médecine étaient des gens vaillants et très occupés. Jusqu’à ce que je te rencontre.	Ngabya ngalhengekania kanzi kanzi abigha bomo muthahi  oghobuthahwa ngababya bemikaka  nabandubobawite miatsi nene yeri kola. Erihik'omughulu ngakusunga.
Celui qui lui rend visite, doit être préparé à entendre des reproches, souvent bruyants, ou à se voir affecter quelque tâche.	Oyukayamubana, angayitheghekania erilhindirir'ebyomusulo, kanzikanzi  olukanda, kuts'eriyilangira eriyilusya kwa mathondi.
On se voit au nouvel an.	Thukasungana omo mwaka muhia.
Ensuite Hamilcar fit sortir une galère armée d’une catapulte à chaque bout.	Nakandi  Hamilcar mwahuluky'obulhasi oko bulhi kyumano ekyamalwa.
C'est un type méchant.	Nimundu oyukalhire.
Les scientifiques continuent de découvrir de nouveaux médicaments, il y a donc toujours de l'espoir pour les personnes dans le coma.	Abe kisasia kobane mufumbulha emibatsi mihiaka, han'eriyikether'oko bandu abalhi omo mondemonde.
Lis la rubrique des annonces si tu cherches un boulot.	Soma oluhande oluka berereraya wamabya ighukaronday'omubiri.
Aucun grand artiste ne voit jamais les choses telles qu'elles sont vraiment. S'il le faisait, il cesserait d'être un artiste.	Sihalhi nomukengereghesania nomughuma oyukalhangir'ebindu ngoko biri. Amakolabio, isyendisyabya mukengereghesania.
Je suis tombé dans un nid d’euro-collabos qui ne savent pas ce que l’Europe cache. Intelligents, mais pas malins.	Mongathogher'omobuhya ubuthasi ebye bulaya yibisire. Nibobwenge, alhiwe butsira bathwenge.
On vit plus longtemps, et c'est tant mieux, mais c'est pas pour bosser plus !	Bikabyaho biro binzi, nerio ee sawa, alhiwe sikola kundu!
Le lendemain de sa première sortie avec Luca, Marie fut dans la lune toute la journée. Elle ne fut pas du tout attentive en classe et n’eut pas d’appétit.	Engyakya syerihendariwe na Luca, Marie mwabia omo mughenda omo rithunzi ryosi. Mwatha thegh'amathwi na mwathabya no muhwa werirya.
Tout le monde aurait voulu qu'il soit élu gouverneur.	Bulhimundu abyanzir'inyasombolwa mokafurunalhi.
Vous étiez toujours très gentille.	Wabia ighutsmesirie kundu.
Chut ! Je dors !	Chut ! Ngayatho!
Dites à quiconque se présente que je suis sorti !	Ubwire obulimundu oyowangasa uthisindiriho !
Il passait son temps au café à suivre du regard les passantes.	Mwalaby'endambiyiwe yomokirabo akalheby'abakalaba.
J'ai entendu un bruit bizarre venant du garage.	Mongow'olukanda oluthe lwathabya lukasir'omukabikawa engurubani.
N'oublions pas d'accélérer la mutation des gares en carrefour de l'intermodalité, lieux de communication, d'échange et de citoyenneté.	Sithubiriraw'eriyanguhia eriseghery'abalwana bomokibuthe  ekyerighambulhirana, aho bakakaniraya.
Tu donnes l'impression que c'est très simple.	Wamalhek'omundu inya bugh'athi nibyolo.
Je commençai à douter de l'exactitude de sa déposition.	Nabya inyirimuthikathika oko kwenene.
Je suis désolé, je ne te reconnais pas.	Nganyire, sinyitha kuminya.
Si vous vous trouvez dans les sables mouvants, vous vous enfoncerez plus lentement si vous ne bougez pas.	Wamabiyisunga omo muthaka  ighune mutsingatsinga, ukandiyithogherya  ghuthithathenga.
Il s'en fout comme de l'an quarante.	Syathatsomana ngokomwaka wa makumiani.
Arrêtez d'être aussi attardés, bordel !	Lhekeritselhewa!
Tu demandais des comptes à tes employés.	Wabya ukabulhi'abakolhi baghu erikuh'amalhimbuko.
"""Tu es là pour suivre mes ordres."" ""Dans tes rêves, mon pote !"""	"""Ulhiaho erikwam'emighambo yaghe"". ""Omonzoli syagu, mundu waghe !"""
Quelles sont les conclusions que vous pouvez dégager de ces tests ?	Mwamabana ahoki mondulhia yekinzamen eki ?
L'argument le plus stupide que j'ai entendu quant à la prétendue désuétude du passé simple est : « Personne ne parle comme ça. »	Obulhengekania bobukiru obonyiryowa omughulu werilhek'ebyalaba ni  : « Omundu syalhibugh'athia. »
« Les Écossais disent non à la séparation de l'Empire Britannique ». C'est le résultat d'un sondage d'opinion effectué le jour du vote.	« Aba Ekose  bakabugha bath'iyehe okwighaba obuthabalhi obwe  Britanique ». Nibighuma ebye misondekanio eyakolaw'omughulu owe wanzirendi.
Pour être un astronome, on a besoin d'étudier, mais pour être un astrologue, il suffit juste d'être un raté et un grand menteur.	Eribya mundu oyukayitheghereraya ebihanzikwa kumbe ihabya eri soma,  alhiw'eribya matheghereri, kumbe iwigh'amabehi.
Si un jour les nombreuses langues européennes viennent à disparaître, ce jour-là l’Europe – en tant que concept et projet – cessera d’exister.	Kiro kighuma mibughe minzi eye bulaya yika bulhirana, ekiro-ekyo  obulaya-ngekinya kye mikolano- sibwendisyasyabia.
Je n'ai rien compris aux quatrièmes de couverture, c'est pour ça que je lis.	Sinyithowa ekihand'ekyakani, kikalheka inathasyasoma.
Il a attrapé la balle avec sa main gauche.	Mwakahamb'akalhitusi komo byala bya malhembe.
Si vous aviez suivi les conseils de vos médecins, vous ne seriez peut-être pas dans cet état.	Wamabya imowanakwamir'esyombitha syabathahwa, siwangaber'omo mibere eyo.
La fortune s'est tournée contre lui.	Obutheke mobuka musagha.
Cet article aurait pu être fabriqué à un prix concurrentiel l'an passé, mais ce n'est plus possible.	Ekindu eki kyanga kokothibwe omo kathalhi akeritsur'oko mwaka  awalaba, alhiwe sibyanga syathokekana.
Ce n'est que depuis hier que j'ai entendu les infos.	Eritsuka mulhigholo nomowir'esyongulu.
Tes nouveaux amis pourraient se moquer de certains de tes agissements.	Abasingisano baghu bangasekire oko mikolhere yaghu.
Si vous voulez oublier n'importe quoi sur le champ, prenez note de vous en souvenir.	Wamabya iwanzir'iwibirirwa ebyosi ebilhebiry'eririma, usake ukebuka.
Mieux vaut nourrir un peuple que de le satisfaire de belles paroles.	Mwanya ekihanda ikyalhisibwa omomwanyenda werihakyo ebinywa  ebyuwene.
J'espère qu'Emi ne va plus tarder. Je suis las de l'attendre.	Ngalhengekanaya Emi syangasyatselhewa. Namabi luh'erimulhinda.
Mélanie, dit-elle à la cuisinière, si vous faisiez la brioche ce matin, puisque la pâte est prête. Mademoiselle ne se lèvera pas avant une demi-heure, et elle en mangerait avec son chocolat… Hein ! ce serait une surprise.	Mélanie, mwabugha atia oko mupishi, wamabioky'enyama omomitsang'eno, busan'obundu  bwanabiritheghekanibwa. Omumbesa syendisyahangan'embere syenusu yesaha, na abiakaly'oko sokola… Yaa! Kikandi swekya.
Elle était plutôt timide mais depuis qu'elle est allée en Fac elle s'est vraiment épanouie.	Abyahunerere alhiw'eritsukir'aho aghendera e Fac abiribangalhalha.
Des centaines de soldats mangèrent en silence autour de leurs feux de camp.	Enzighe ne nzigh'eyabalhashi mobalhia omobukuthu ibanathimbire oko mulhiro omokambikiwe.
Dégagez le passage... ils vont s'enfuir !	Muheghul'enzira … bakandithibitha!
New York est accessible en train depuis Washington.	E New York omundu akaghend'omongurubani erilwa e Washington.
Tu ressembles à une avocate.	Ghusosire omusosi.
Voila Ṛabaḥ il est de retour.	Rabah yolhi'anemusubula.
Le week-end passé, Thomas et ses amis ont joué au basket.	Ekoyenga eyalaba, Thomas nabirabiwe mobasathir'okomupira owebyala.
Vent du Faou ne ment jamais il annonce toujours la pluie.	Rihunga erye Faou siri theba alhiwe rikathangirir'embula.
Écris ici ton adresse de contact, je te prie.	Sakahano hohoghulhi, ngakusaba.
Si je te le disais, je devrais te tuer.	Ngonyirya kubwirakyo, nangakwithire.
Das muss während meines Aufenthaltes in Australien passiert sein.	Das muss während meines Aufenthaltes in Australien passiert sein.
Qui ne s’est point brusquement détourné de son chemin pour suivre, le soir, dans les détours d’une rue déserte, une robe flottante, un voile blanc tout à coup reconnu dans l’ombre ?	Oyuthalhya hera okonzira yiwe nindi erikwama, omwigholo, omomithumbo yenzira yembwarara, eropo eyika piperera, olukimba olo musohe ahonah'olukaminyererawa omo kitsutsu ?
Et pas seulement cela, les marchandises dans les magasins de la marque étaient en général plus chères que partout ailleurs.	Butsir'ekyokisa, ebindu ebyerihingania byabya bikalhire ngahosi.
Un objet inanimé peut suivre le courant, mais seule une chose vivante peut s'y opposer.	Ekindu ekithethengana kyangama kwam'amasenyerezi, alhiw'ekindu  ekiriho kyangana tsweba.
Des trois lettres, l'une était adressée : à Son Excellence Monseigneur N. ; la seconde : à Monsieur le Comte P. ; la troisième : à Monsieur D.	Omonzakano isathu, enguma yasakirawa : okomubundabundirwa sikofu N. ; eyakabiri  yabyaya  : oko mu Compte P. ; eyakasathu yabyaya : oko mulume D.
Je ne suis pas Charlie.	Sindi Charlie.
Le passage de l'école élémentaire au cours moyen est considéré par certains comme le premier pas vers l'âge adulte.	Erilaba oko kiyiro kike rikahambawa ngekikakyerimber'eyiri obukulu.
Il n'existe aucune question idiote, il n'y a que des idiots.	Sihalhi ekibulhio ekyobukiru, halhi abakiru.
Je suis content qu'ils aient réparé le chauffage, mais maintenant il fait trop chaud.	Namatsema bakabya ibabirikanisa ekihuhyo, alhiwe lhino yamabya  ekihuhanya.
Ne vous inquiétez pas. Je suis docteur.	Sihubahe. Nyiri muthawa.
Mon oreille gauche coule.	Okuthukwaghe oko kulhembe kukasenda.
Allô, ici Raphaël à l'appareil. J'aimerais parler à Ann.	Allo, hano ni Raphael oko nyakuthu. Ngasond'erikania na Ann.
N'oublie pas de sortir mes affaires du coffre !	Sighubiriraw'erilusya ebinyu byaghe byomo kiheka !
Le type de sport que nous pratiquons dépend du temps et de la saison.	Omuhanda owa makangirirya aya oghothukakol'okukwamana nendambi nomughulu.
Rentrez chez vous !	Musub'ewenyu !
"L'autre jour un contrôle de la qualité de l'eau a été mené chez nous. Ce contrôle a été réalisé par une entreprise renommée appelée ""Centre d'analyse de l'environnement"" ou quelque chose comme ça."	"Kindi kiro ekyo busosothia obo muhanda owamaghetse mobukakolawa  ewethu. Obusosothia mobuka kolawa nekithongolhe ""kyekibuth'ekyobutsopolhya obwebithuthimbireko"" kutse kindungeki."
Certains locuteurs de l'anglais pensent que l'omission du sujet ne se produit pas dans leur langue, cependant, le sujet de phrases telles que : « Thank you » ou « Bless you » est omis.	Abandu abakabugha ekingeresa bakalhengekanaya ngeribirwa ekindu sikiangakolekana omo mubughe wabo, angulh'enzuko eyo mulondo : « Thank you » kutse « Bless you » siyirimo.
Soudain, le niveau de la rivière est monté et elle est sortie de son lit.	Ahonaho, olusi lwabirilwasula mwalwir'omojingo yiwe.
Avez-vous déjà conduit un van ?	Wanabiri ghendiolungo ?
Cette idée que nous étions en train de discuter hier en classe a piqué mon intérêt.	Obulengekanya obutwabya thukakanyako mulhighon'omokalhasi  mobukanyilhether'amalhengekanya mahia.
Cette phrase n'a pas de possesseur. Vous pouvez l'adopter et la changer, pourvu qu'elle corresponde toujours aux autres traductions directes, auquel cas vous devriez prévenir les traducteurs de vos changements, en commentant leurs traductions.	Omulhond'oyu syawithe ekiwatho. Wanganimyagho neryo iwabindulagho, eribya inyanganasosa eyindi  eyirya bindulawa, eyo ukabya wamalaghiry'ababindulhi ngoko muka badilisyabyo, okwekyo banganalheth'amalhengekania wabo.
Arrêtez de vous inquiéter.	Lhek'erihangyahangya.
Timéo n'a pas besoin d'un coach.	Timéo syalayire omukangirirya.
Pour ce qui concerne le vin de qualité, aucun pays ne peut égaler la France.	Okobilhebirye obulhendi obuwene, sihalhi ekihugho ekya yilinganya  ne Bufaranza.
John et Eva sont meilleurs amis.	John bana Eva nibira kutsivu.
Mathéo et Marie ont une vingtaine d'enfants, mais ils ne sont pas certains du chiffre exact.	Mathéo na Maria bawithe hakuhi aban'amakumi abiri, alhiwe sibasi  emighanzo yekwene.
Je me suis préparé une tasse de chocolat chaud.	Mongayitheghekeranay'ekithehi ekye kawa kahuhire.
L'hiver le plus froid que j'ai jamais vécu était un été à San Francisco.	Omughulu owembeh'oghonabya isindinathalolako abya emighulu eye kihuhaniakike e San Francisco.
Elle ne put le convaincre d'accepter un chèque personnel.	Mwateta muthoka eribwambu aligh'ekibab'ekyebanki.
Il y a deux ans, je ne parlais aucun mot de turc, maintenant, je peux même lire des livres dans cette langue.	Hanabya hakuhi emyaka eyibiri, nabya isindi bugha kinywa kwebindu ebi, lhino, nanganasoma ebithabu  omo mubughe munye.
Au petit séminaire, les pères n'avaient en fait pas le souci de nous éduquer ; ils s'évertuaient à nous « dresser », pour que nous soyons obéissants comme des petits moutons.	Okokiyiro kik'ekyabakara, abakara sibabya bawithe omuhwa werithukangirya; ibaka yi touna « erithukangirirya », mo twabya tukhowa ngebyana byembulhi.
Mike a une amie qui vit à Chicago.	Mike anawithe omwira we Chicago.
Il était tellement soupçonneux qu'il ne croyait qu'à ses propres mensonges.	Mwabyakathikathikawako kandi isyabyayitsulirye oko mabehi wiwe.
J'ai été enchanté de vous rencontrer. J'attends de vos nouvelles avec impatience.	Mongatsema ngakusangana. Nandimulinda emyatsi yaghu.
Nous nous connaissons depuis que nous sommes gosses.	Tunaminyen'eritsuka omughulu twabya bana.
Je choisis de voir la perfection divine dans chaque cellule de mon corps.	Omubulhi kitsuko kyomubiri waghe ngayitheghereraya obuthoki bomu muhangiki.
J'ai appelé les flics.	Mongabirikira aba anere.
Nous avions mis l’un et l’autre tout notre esprit à cacher un si complet et si bel amour aux yeux du monde ; et nous y réussissions.	Motwhabisa oghundi nolya  olwanzo lubuya lokomeso wekihugho; neryo mutwathoka.
Mme Harris est très réservée sur l'avenir de son fils.	Koyo Harris abiriyihunira okobilhebiry'eryasa ryo mughala wiwe.
Il est amusant de savoir que la beauté des jardins japonais ne se retrouve dans aucune autre culture.	Kitsemisiry'eribya obubuya bwamalhima owe Japane sibulhi bwathabya ahandi handu.
Je serai revenue dans deux semaines.	Ngandisyasubul'omomayeng'abiri.
Tous les membres de la famille se réunissent pour rencontrer le nouvel an tous ensemble.	Ekihandakyosi kyabiriyisongya eribya ibangasangira omwaka muhyaka ghohaghuma.
Quand elle a quelque chose dans le crâne, elle ne l'a pas ailleurs.	Omughulu alhi oko kindu omumutwe, syawithekyo handi.
J'ai ouvert la caisse. Elle était vide.	Mongakingula ekésê. Simulwekindu.
Si vous en voulez un, il vous faudra trouver le vôtre.	Wamabya ighunanzire kwekighuma, kumbe uban'ekyaghu.
Timéo n'en est pas à sa première arrestation pour conduite en état d'ébriété.	Timéo singendo yerimbere akahambwa busana nemibere yiwe yeriendya omutoka inyanakundire.
Arrête d'être toujours révérencieux avec les gens parce qu'ils sont riches ou puissants. Ça te rend pathétique, vraiment !	Lhekitsoman'abandu kusangwa nibatheke kutse bawit'obutoki. Bikalheka iwahangyahangya, kundu !
Je suis sûre que Ethan saura comment faire.	Nyinasi ngoko Ethan akandiminya ngwakayira athi.
Lorsqu'un homme est devenu célèbre, il est remarquable qu'il retrouve beaucoup de copains de classe dans sa vie.	Omughulu omundu abirikumayira, akalu inyaminyikala neribya na bandibir'abomo lubwa wiwe.
Le sénateur rejeta des demandes répétées pour un entretien.	Omuseneta mwaghana ebyosi ebyabya bisabirwe omomukanya.
Il nous remit juste une carte et courut en avant. Nous qui étions laissés en arrière, dûmes poursuivre avec juste la carte sur laquelle nous reposer.	Mwatusubulhiry'akarite neryo mwathibith'embere. Itwetwasighala enyuma, motwa kwamirira akarite okotwabyako.
Prenez à droite et traversez la rue, vous serez rendu sur place.	Ulhebaye oko kulhembe neryo ukiruk'engenda, ukandibya nirihika.
Montez s'il vous plaît ! Le train part tout de suite.	Samba! Engurubani yo muki ikaghenda hathya.
Dors bien, Sean.	Ghotserandeke, Sean.
Je sais que tu as passé les trois dernières années en prison.	Nyinasi ngoko muwabuyire emyaka misathu eyahwa ghomomulhiki.
Si tu pouvais revenir une fois dans le passé pour recommencer une nouvelle vie, tu voudrais y revenir à quel âge ?	Ngowangasubire amalhengekanya wenyuma neryo iwathasyatsuka  eribyagho rihyaka, wanzir'iwasubayo nemyakayahi ?
Dan a accepté un poste à un cabinet d'avocats respectable.	Dan mwakalhigha omubiri ghomobisenge byomusosi oyuyitondekire.
Partez, à présent ! Personne ne doit remarquer que vous m'avez rendu visite.	Ghenda, lino! Lhino, sihalhi omundu oyonangaminya ngoko moghuka syanyibana.
Eh bien, c'est compliqué.	Eee, Kikalhire.
Peut importe que le chat soit noir ou blanc, l'important, c'est qu'il attrape les souris.	Sikitsomen'ekibundu mokyangabya ekyamusoghe kuts'ekyomulhima, ekikabya, kyo muhungo kumbe iyahamb'esyombebha.
Kevin me pompe l'air, il me colle tout le temps !	Kevin akanisuliry'okomuka, nerinyihamba okobulhi ndambi!
Je ressens encore du chagrin quand je pense à mon premier amour.	Ngakwa obulhiye omughulu ngalhengekanaya oko mwanzi waghe welimbere.
Grace n'est pas encore venue.	Muyisa syalinasa.
Cela s'explique par le fait que je suis de Chicago en fait, tous les autres viennent des banlieues.	 Indi kikayiosya kundi nyilwe Chicago, abandi bosi bakasir'omohilongo hikehike.
La CIA te surveille.	E CIA ikakutheya.
Peu à peu je compris, que la production de viande est très dangereuse pour le milieu naturel.	Hake hake mongowa, ngok'obulusi bwenyama bukalhire okohandu haliho hatya.
Matthew me comprend et c'est si bien d'être compris.	Matthew akanyowa nakandi kyowene eryowika.
Je pense que vous devriez vous en tenir à votre programme d'entraînement.	Ngalhengekanaya wangayitheghekaniye oko syondambi syaghu sya makangirirya.
Timéo espère qu'il ne devra pas vivre à Boston pendant plus d'un an.	Timéo akalhengekanaya ngoko syendisyabya e Bostone omomyaka minzi  oko mughuma.
Tania aime Frank et Frank aime Tania, mais en espéranto, entre eux se situe cet accusatif.	Tania anzire  Frank, na Frank anzire Tania, alhiwe omwiyikethera  omokathikabo mulhi akatsongerwako.
Tu regardes de belles images.	Ukalhebya ebisasamira ebyo wene.
Montée sur son balai noir, la belle sorcière rouquine survola le ciel par une nuit de pleine lune.	Inyane oko kichimba kiwe ekyomulhima, omuloyi mubuya akalaba  omomyanya okokiro ekirim'omughenda.
Je ne permettrai à personne de dire que je mens, s’écria Rostow, le visage enflammé et tremblant d’émotion.	Sinendiligha omundu eribugh'athi ngatheba, Rostow mwalaka,  inyabirihina nakand'inyane muhitha momusiki.
Vous étiez fantastique.	Mowaghamba nga.
Oui, mon nom est Karen Smith.	Kwenene, erinaryaghe inze Karen Smith.
Alors, écoutez le médecin, sinon vous n'irez pas bien.	Neryo, hulhikirira omuthahwa, bithe bitya isiwendibyandeke.
Marie est allée se refaire une beauté aux toilettes.	Marie mwakathasyayayighambaya omokyoghero.
Et si tu cherchais un peu par toi-même avant de demander aux autres ?	Nakandi wangarondirye ighuwenewen'embere weribulhya abandi ?
Comme j’épelais curieusement le livre énigmatique, devant la fenêtre baignée d’un clair de lune, soudain il me sembla que le doigt de Dieu effleurait le clavier de l’orgue universel.	Ngoko nabya kakandira ekithabu ekye misyo, embere sye ridirisya  erikakoleribawa namaghenda, ahonaho mobyabya omunywe  wakathond'akakolherya emihulhi yekyuma kyehisimo ekyasibwe ahosi.
Le scandale a presque ruiné sa carrière.	Obuhemu mobukalheka omubiri wiwe inyatsanda hangenya.
L’amour ne commence ni ne finit comme nous le croyons. L’amour est une bataille, l’amour est une guerre, l’amour grandit.	Olwanzo silutsukanakandisiluhwa ngoko thukalhengekanaya. Olwanzo ni malwa, olwanzo ni malwa, olwanzo lukakula.
J'abandonne. Quoi que je fasse, tu sembles ne jamais être content.	Namalheka. Mwalhi nekyo nangakola, usosire ngosiwangatsema.
Honnêtement, ses discours sont toujours ennuyeux.	Nerithabya mughenge, emyatsi yiwe ikaluhaya.
Je ne sais comment vous faire percevoir leur expression. Supposez que vous employiez un geste très inconvenant envers une femme à l'esprit délicat : c'est de cela qu'elle aurait l'air.	Sinyasi ngonangakuhanzya nyithi omubughire wiwe. Tuthabugha tuti ukakolesy'ekiminyikalyo ebitowene okomukakalhi oyuwit'ekirimu ekyawene : okwecho kwangayirire omuka.
Combien de fois vais-je devoir te répéter que tu ne peux pas crier à l'intérieur ?	Ngandikubwira kangahi ngok'omundu syalilakira emwisi ?
Faites gaffe à ce que vous dites !	Uyikurire kyobo wabugha !
Rachel et Léa répondirent, et lui dirent : Avons-nous encore une part et un héritage dans la maison de notre père ?	Rachel na Léa mobasubirya, nerimubwira : Thunawith'embaghara no mwandu omo mbimbano eya thatha wethu?
Noah est de toute évidence un fan de Star Trek.	Noah akatsemera ghomu star Trek.
Jésus est né en 1940 avant Chuck Norris.	Yesu Kiristo abuthaw'okomyaka wekighonye maghana mwenda  makumiani embere sya Chuck Norris.
Écoute, ma petite Jenny, disait-il en fiacre à une jolie fleuriste.	Hulhikirira, kalhere Jenny,  mwambwira atia okomumbesa mubuya oyukaghulay'amawa.
C'est dommage qu'ils aient bloqué la rue principale pour une canalisation d'eau éclatée.	Obunibuhanya okwabirirkinga enziranene busana nerithulir'emigheri  yenzira.
J'avais à peine réglé ce problème qu'un autre venait me tracasser.	Nabya imona na bisoha omusang'oyo nolundi lwamalu lwasa.
Un vrai Français ne va pas au Mac Donald pour y manger ; il préfère festoyer, et cela, il le fait ailleurs.	Omufranza oyu hwerererere syalhiya e Mac Donald eriya  lhirayo; akanza erisendembelha, nekyo akakolerabo ahandi.
Ma femme a abandonné tout espoir de me convaincre de tondre la pelouse aujourd'hui.	Omukalhi waghe mwakalek'amaha werinyilhighisya erithema erikanda  ryomunabwire.
J'espérais avoir tort.	Ngalhengekanaya sinyisingene.
Puissent les dieux te donner un mari, un foyer et la grâce de la paix, car il n'y a rien de plus grand et de meilleur que cela.	Ngamb'emirimu yikuhe omulume, obunyumba nolukogho lwemirembe, busanasihalhi ekikulu nekyowenekwebyo.
Vous ne devez vous faire aucun souci d'un tsunami du fait de ce séisme.	Kumb'isiwayilhethera erihangyahangya wetsunami busana nomusiki oyo.
Une femme intelligente doit nous laisser nos rêves.	Omukalhi oghobwenge kumbe inyathulhekera esyonzoli syethu.
Laissez le jus s'écouler, puis placez le rôti sur un plat.	Mulheke obwasoma buyisendere, neryo mutheke akákotsyô kok'olukera.
Dieu vous bénisse !	Nyamuhanga akutsumule !
Le seul moyen de démontrer mon problème d'embrayage était de pousser à fond les gaz.	Enzira nyuma eyiriho eyeri kangyamo masango waghe weriyiluthalutha  abyabya inikuna omuka.
Brian laissa la porte ouverte.	Brian mwasigha oluy'iluna kingulirwe.
Le champion remporte la victoire.	Embanzi yamaheka olusali.
Le commissaire aux Droits fondamentaux et ses suppléants ne sont pas autorisés à être membres d'un parti ni à exercer une activité politique.	Yokamutsere oko mbangwa syenduhi nabangamwimanira sibahamulhirwe eribya omo kithunga nibya erikola omubiri owe kipolitika.
Que fais-tu sur la voiture ? Descends tout de suite !	Ukakol'oko ngurubani koki ? Koghunandaghalhe !
Mon cœur bat tellement fort qu'il semble vouloir éclater.	Omutima waghe akapika kutsibu ngwangathulika.
Tu racontes encore des mensonges.	Kandi ukakanay'amabehi.
Ne lui dites rien ! Elle le répète à tout le monde !	Isiwa mubwira kindu ! Mwasubiram'obulhimundu !
Le fer est trop chaud, tu vas brûler le linge.	Ekyuma kihuhire kutsibu, ukandi thimya emilondo.
J'ai vérifié le porte-monnaie à nouveau, et constaté qu'il était vide.	Mongathasya lhebaya omongunza yaghe mobuhyaka neryo  nongaberereraya ngoko simulhi kindu.
Excusez le désordre ! Je suis rentré tard.	Hanyira obú̧salangu̧ ! Mongasubula ndangalhiri.
Un homme qui est capable d'admettre une faute et de demander pardon est un homme digne de mon amour.	Omundu oyo wangana lhigha erilolo noyowangana sab'obughanyiri, oyo  ini mundu oyuytholere olwanzo lwaghe.
Le parfum No. 5 de Chanel est le parfum le plus vendu au monde.	Amarásí Iyehe. 5 de Chanel  nimarasi owakaghulibawa kutsibu  omo kihugho.
Le RAID matériel n'est pas géré directement par le système d'exploitation mais par une carte dédiée, appelée contrôleur RAID.	Ebindu bye  RAID sibiri  omobusondolya  bwabandu  abaka  tongolaya  alhiwe  nakarite  akatumawa, akakahulawamo  omusosotya we RAID.
Je cherchais Andy. Savez-vous où il est ?	Nyilwe ngarondya Andy. Munasi ohwalhi ?
J’espère que vous ne trouverez plus qu’on s’ennuie chez moi ?	Ngalhengekanaya siwendisya  berererya kobakaluhira oho waghe ?
Certains pensent que la pub est une forme de lavage de cerveaux.	Abanzi  bakalhengekanaya ngoko ebirango bimuhanda weryery'amenge.
Je suis prêt à parier que tu ne te rappelles pas la première fois où nous nous sommes rencontrés.	Nyinayitheghekeny'eribugha wamabya isiwathe buka ohotwasangana.
Ce bureau a été supprimé au cours de je-ne-sais-quelle réforme administrative, du coup il n'y a à présent plus personne pour s'occuper de ce type de dossiers.	Ebiseng'ebyo mobyalusibweho sinyasi ekireka kyahi ekyobusondolhi, nerihika lhino sihalhi oyowanga syatsomana esyombanza esiringesyo.
Aucun de ces projets ne s'est une fois approché de la réalité.	Sihalhi oko misoho ebinekighuma kyabiri berereribwa.
Je serais ravie de chanter pour vous.	Nganditsema ngakwimbira.
Au début les chirurgiens ne voulaient pas opérer car le patient pesait moins de 45 kg et n'était pas en très bon état de santé.	Okonzuko, abathulhi sibabya banzire erithula busana omukoni abyamo bilo makumaine neritano nakandi syabya omo mibere eyu wene.
Il l’a appelé, l’autre a fait semblant de n’avoir pas entendu.	Mwaka mubirikira, oghundi mwakabya ngasyowire.
C'est tellement débile !	Nibukiru !
Kim est de deux ans plus âgé que lui.	Kim awithe myaka eyibiri kundu okwiye.
Vous auriez un bon livre à me conseiller ?	Wanganabya nekithabu ekyowen'ekyoukalengekanya uthi nangana igha?
Veuillez respecter le protocole et vous conformer à l'étiquette.	Ushikay'ebyo twalhighiranako nerikwamana ebiri oko kibabe.
Comment fais-tu pour regarder un documentaire sur la famine en Éthiopie en mangeant un big mac, tu n'as vraiment aucune morale.	Ukakola uthi erilhebya ekidosyo ekilhebiry'enzala eye Ethiopia ukalhya a mac manzi, sighuwith'ebyeribugha.
Si je te donnais un doigt, tu prendrais peut-être toute la main.	Nangakuhere omunue,  wangimirye alhing'ebyala byosi.
Si tu ne peux pas voler, alors cours. Si tu ne peux pas courir, alors marche. Si tu ne peux pas marcher, alors rampe, mais quoi que tu fasses, tu dois continuer à avancer.	Wamabya isi wangahuluka, neryo thibitha. Wamabya isiwangathibitha, basula. Alhiwe mwalhi wangakolaki, nero yikur'ahisi, alihw'ekyosi wangakola, kumbe iwalolhya emulhiro.
Notre projet est le dernier point de l'ordre du jour. Comme les députés seront fatigués à ce moment-là, il passera sans doute sans longue discussion.	Ekikwamiriro kyethu nikwendulhya okobindi ebikandi kanibwako   munabwire. Okwiby'abasombolwa sikandi luh'okondambieyo, ikindilaba butsira erithikathika butsire ne mikania minzi.
C'était très amusant de parier à Las Vegas.	Kyabya kitsemisirye erikuba obuhaka e Las Vegas.
Cet exercice m'a ramené plusieurs années en arrière.	Erikangirirya eri mobikanyebukaya mikera minzi eya birilaba.
Sa proposition semblait absurde mais se révéla rétrospectivement géniale.	Erilhengekanaya riwe ryabyangasiriwithe ndundi alhiw'enyuma syaho  moryabyaribuya.
Les peuples maritimes ont cet avantage inestimable, d'être moins exposés que les nations agricoles, à l'action des mouvements étrangers.	Abandu abo momaghetse bawith'endundi nene eyithawithe lulhengo, erithendi kangibwa kulhenga ebihanda ebyabalhimi oko mathegheko  oghobutsing'obwehihya.
Le parking à l'arrière de l'école est presque vide.	Ekibuth'ekyesyongurubani  ekir'enyuma syekiyiro simulhi kindu.
Sans cela, tout irait plus mal encore, et notre espèce ne veut pas être façonnée à demi.	Hathe hekyo, ebyosibilwe endighenda muhanda, nomuhanda  wethu  syendi syakokothibwa omonusu.
La nouvelle tendance pour boire une vodka est de la mettre directement dans l'œil. Cependant cela risque d'endommager grièvement votre vision.	Ebirubirubi nyihyaka eyerinywa e vodka nihirayomo riso. Oko lundi luhande ekyokyanganalheka ebyo uka lhengekanaya  ibyatsandy'amalengekania aghu.
L'amour n'est pas un jeu, donc tu ne peux pas choisir les meilleurs morceaux !	Olwanzo simasatha, nibughahithi siwangasombola ebihindi ebyowene!
Comment arrêter d'en vouloir à son ex ?	Twangayira thuthi erilhek'erihitanir'omwanzi wethuwakera tuthi?
Il faut que Enzo recommence depuis le début.	Kumbe Enzo inyatsuka oko nzuko.
Lucy n'a pas compris la blague de Jeanne.	Lucy mwathithow'ebisekya bya Jeanne.
Ta position est peut-être un peu à coté de la cible, mais tout de même proche.	Eriyiwatha ryaghu ririluhand'okokilhengererwa, alhiwe ahonaho hakuhi.
Des millions de gens du monde entier pleurent la disparition de Nelson Mandela.	Enzighenenzighe yabandu omokihugho bakalhir'eribulhirana rya Nelson Mandela.
Aah ! Mon ordinateur s'est à nouveau bloqué.	Aah ! Ekisengula kyaghe mokikatasyayikinga buhyaka.
Mon ami a rompu avec sa copine et maintenant, il veut sortir avec moi.	Mwira waghe babiri ghabana nomwenzi ghuwe nalhino, anzir'ikwa inyaby'akaghotsera naghe.
Qui est plus utile, le soleil ou la lune ? La lune, bien entendu, elle brille quand il fait noir, alors que le soleil brille uniquement quand il fait clair.	Ekyamuhungo kyekyahi, Eryuba kutse omughenda? Omughenda okokwenene, akakolheraya omughulu yiri omwirimya, alhiwe  eryuba rikakolheraya omorithunzi.
Elle possède un charmant petit magasin à Gamla stan.	Anawith'amakashini awaghambire e Gamla stan.
Ce genre de détails subtils créent pour le lecteur un roman psychologique qui nous oblige à lire quasiment comme le ferait un détective.	Ebikeketh'ebiringebyo bikalhethera oyukasoma eribya nekithabu  kyobulhengekanya ekikathusaba thusom'ekyosi ngok'omufumbulhi angakolhire.
Vous connaissez l'association grâce à laquelle de nombreux quartiers ont subi des améliorations.	Mukaminya ekithongolhe ekiryalheka ehithatha ihyabya namabindu likanya.
Je suis doué pour résoudre les problèmes.	Nyinasi erisoh'esyombanza.
Tu plaisantes, j'espère ?	Ukalhetha olutseghetseghe, ngalhengekanaya ?
Le loup, se sentant mordu par les chiens, lâcha Sophie et commença avec eux une bataille terrible.	Embwayomolhi, moyayowa ngaiyalumwa nesyómbwâ, moyaleka yo Sophie neriluniatsuk'amalwa nesindi mbwa.
Saute ! N'aie pas peur ! Ce n'est pas très haut !	Tw'ekika ! Sighukwe buba ! Sihalhi !
Je hais courir des risques.	Ngasaha erihuthala.
C'était folie de sa part de tenter de nager dans l'eau glacée.	Eriwe ryabya risire erinabira omolusi oluhuhirire ngamatsuku.
Ce type a une liaison avec ta sœur.	Omundu oyu anawithe obwamathani namwalhi wenyu.
De nombreux artistes connus vivent à New York.	Abawathi banzi abamilahanguko nakandi abasibwe balhi  e New York.
Offrir consiste à donner à un autre ce qu'on aimerait bien garder pour soi.	Eriha nitheker'oghundi mundu ekyo mundu anzire inya yibikira.
Le délire d'un homme est appelé une insanité. Le délire de milliers d'hommes est appelé une religion.	Erihera ryomundu  rikahulawamo ibula esyongeso. Erihera ryesyonzighe syabandu rikahula wa mokisomo.
La racine d'une fleur est aussi faible que le doigt d'un bébé.	Omú̧lıḩ́i ̧ weriwa aloberere ngomunywe wo lumekeke.
Céline est désolée que tu saches qu'il n'était pas sincère.	Céline asangere ngoko  wabiriminya kosiwaby'uka buwekwenene.
La connaissance humaine est limitée, mais nous ne savons pas où se trouvent ces limites.	Obwenge bomundu buwithe endulya, alhiwe sitwasi ahalhi omwiso.
Ce médicament ne m'a été d'aucun secours.	Obubalhya obu mobuthithanyilhethera obuwathikya.
""" Mais vous, de ce haut rang de l'épouse d'Hector / à quelle humble fortune êtes-vous descendue ? / Quel sort peut remplacer tant de grandeur perdue ? / Honorez-vous ici la cendre d'un époux ? / Est-ce Hector ou Pyrrhus qui dispose de vous ? """	"""Alhiwe inywe, olubwa lukulu ghomugholhe we Hector/ ulhyasira  omobutheke bwahi bolobolo ? /Bindubyahi  byebyanga hangayira obukulu bungaha obwabirihera ? / Mukasikaya hano erıb̧́û̧ ryómwıŗ́a ? /Hector kutse Pyrhus nyindi yukabawathako ? """
Une administration scolaire est faite de directeur, de secrétariat, de surveillance générale et de censorat.	Obuthabalhi bwakalhasi bulhi omobusondolhya bomulikitere, omusaki,  nobobusosothya bukulu noyuka tsopolaya ebithabu.
À chaque instant, il nous vient à l'esprit des idées de concierges et de femmes de ménage. S'il n'en fût pas ainsi, nous ne pourrions entendre ces personnes ni en être entendus. Cela est donc bénéfice.	Okobulhi ndambi, kikatwasira omokirimu kyamalhengekanya weririndiandu be kashi, kanji kanji abalemberi. Byamabya ikobyathabya bithya, sitwabye hulhikilhir'abandu abo nakandi kuts'erihulhikirirwa. Ekyo kyotwangabanaho.
Je sais pas ce que j'ai, c'est peut-être le resto d'hier, j'ai passé la matinée à dégobiller.	Sinyasi ekyonyiwithe, alhinga kyekilhiro kyamulhigholo, mongabugha enzakya yosi ngasala.
Il est allé dans les coulisses après le show.	Mwakaya omo lubikulo enyuma syakabembere kabi.
Le chargement était trop lourd pour qu'un conducteur puisse le transporter seul.	Ebindu bilwebinzi kyangalheka omufuhi inyathaluka kubyo iyu wene.
Puis-je demander à quoi tu travailles ?	Nanganakubulhya ngaukakol'okomubiriki ?
La radio est trop forte. Baisse le volume, je te prie.	Ekinimba kikalhire kutsibu. kimaya omulhenge, ngakulhembalhemba.
Inutile d'essayer de filer à l'anglaise, vous y passerez, comme tout le monde !	Nitsaku erithibitha ngomungeresa, ukandi labaho, ngobulhi mundughosi !
Je pense que l'intégralité des écoliers français utilisent ou ont utilisé ces célèbres tubes de colle jaune.	Ngalhengekanaya obulhi bwabigha bafranza bakakolesaya kutse mubakakolhesaya ebipulhi ebyekiļalanyú̧ma.
Enzo et Marie se sont rencontrés à la fête du nouvel an.	Enzo na Maria mobaka sungana okokimbuth'ekyo mwaka muhya.
Le spectacle raconte l'histoire d'un patron de la maffia du New Jersey qui est en psychothérapie.	Ekisanda kikakanaya oko mutheke owekithongole kye New Jersey oyulhi omo bubalya bwe mithwe.
Quand j’étais gamin, on jouait au bilboquet pendant un temps avec des potes, c’est à celui qui en réussissait le plus d’affilée.	Omughulu nabya mwana, twaby'ithukesa okobiryoke omo katambi nabira, yowaby'akaberereryakyo.
Je suis partie tôt de la maison pour être sûre ne pas rater le train.	Mongalw'omonyumba moluba ingosya thalhy'engurubani.
Ma jolie demoiselle, oserais-je hasarder de vous offrir mon bras et ma conduite ?	Mwalhi waghe, nandimwendilhenga erikuha okuboko kwaghe nomutso  waghe?
Cette balle, est-elle la tienne ou la sienne ?	Omupira oyu, niwaghu kutse ni wiwe ?
Le garage de Ethan est rempli de choses qu'il n'utilise jamais.	Ekisenge kyeribikamo engurubani ya Ethan yiswiremo ebindu ebyathe kolesaya konahake.
Cette ville attire les touristes non seulement par l'abondance de monuments historiques restaurés avec amour, mais aussi par le charme du paysage environnant et la proximité du littoral.	Omuyi oyu akabirikiray'abaturi si busana nobunzi byosi sana musyakera alhiwe busan'abithimbire kugho.
Un rossignol est plus apprécié par les hommes qu'un aigle, mais il vit justement plus souvent en cage.	Enyunyu rossignol yikahambawa kundu  nabandu  kulhenga erisamba, alhiwe yikabya omobutsunga.
Cette situation ne souffre aucun retard et doit être résolue dans les meilleurs délais.	Ekik'eki sikyanga tselezisy'abandu, ngambe imwakolakyo luba.
J'habite dans la cambrousse, donc si tu veux venir me voir j'espère que t'as une bagnole.	Nyiker'omoli, nikwa wamabya iwanganaya nyisunga ngalhengekanaya anawithe okongurubani.
Si vous pouviez dire à votre mari d'éviter de mettre le volume de la radio à fond quand il jardine le dimanche matin, j'en serais heureux.	Ngowanga bwira omukama waghu erithendi sambya omulhenge owekinimba omughulu akandibya inyane omwirima omoyenga, nganditsemerakyo.
La serveuse ne vit rien.	Omughombe mwathalangira kindu.
Comment voulez-vous croire qu'une simple femme de ménage, noire, mère célibataire de surcroît, ne dise pas la vérité ?	Ukalhengekanaya uthi omugholhe tsaku, omwiraghulu, kundisabya  inikoy'oyulhi eyuwene, erithendi bugha ekwenene?
Hé, ne touchez à rien !	Hé, simuthul'okokindu !
Quand quelqu'un sort de son esprit et revient à la normale, il ne se souvient de rien.	Esaha omundu akalwa omotsulhitsulhi neribya mundu, syalhisye buka kindu.
Il a passé tout son temps à regarder l'écran.	Mwakabugh'endambi yiwe akalheby'ekisasamira.
Mme Charrigaud, sous l'immobilité de son sourire, songeait : − Quel idiot, ce Victor!	Koyo Charrigaud, emwisi syamaseka wiwe, abiakalhengekania :−kikiru kyahi, Victor!
La responsable marketing est en réunion avec le directeur du comité exécutoire.	Omukulu ogho buyingany'ane omolukuratho haguma no mulhikithere  owakamathi oko buberererya.
La cérémonie d'enterrement se déroula dans une atmosphère triste.	Amaking'awerithabalhy'akandilabira omokabembere kabi.
Reprends tes esprits !	Subana nemirimu yaghu !
Un jour, je m'avisai de médire de l'amour : il m'envoya le mariage pour se venger.	Kirokighuma, nabyangalhengekanaya eribugha kithya kithya oko lwanzo : mwandumira endwa omwiyikirirya.
Vous feriez mieux d'envoyer chercher le médecin immédiatement.	Wangayirire ndeke eriya rondya lubaluba omuthahwa.
Il serait dommage que tu laisses cette opportunité t'échapper.	Sikyendibya ndeke wamabiherya omwanyoyo.
Je m'appelle Sara.	Ngabirikirawamo Sara.
La haine allume des querelles, l'amour couvre toutes les offenses.	Eritsuro rikalhether'amalwa, olwanzo lukaswik'amalolo aghosi.
Le conflit a atteint son paroxysme lorsque certains hommes politiques ont accusé leurs adversaires de collusion avec les grandes entreprises.	Amalw'abirihik'oko lulhengo lwendulya omughulu abalume abe kipolitika  babiritsongera esyonzighu syabo nabakulu abemibiri.
Les gens qui ont peur de se tromper ne feront aucun progrès en conversation anglaise.	Abandu abakwire obuba obweriyitheba sibendisyalolhya embere  omomubughe owekingeresa.
Vous devriez accomplir votre devoir.	Wangabuyire omubiri waghu.
Si elle me voit avec lui, elle en parlera avec ses copines.	Amabinyilangira naye, inyakandi kania kubyo na banzi biwe.
Quand je nettoyais après le festival de l'école, j'ai perdu une clé du bâtiment, et j'ai été forcé d'écrire une lettre d'excuses.	Omughulu nyilwe ngerya enyuma syekimbuth'ekyakalhasi, mongaheraya olukingulhi lokombimbano, nakandi  monga kasawa erihandika enzakano yobughanyiri.
Cet article traite des progrès de la recherche contre le cancer.	Ekithabu eki kikakanaya okobukoni bwakásowésowê.
Yanis prépare quelque chose de spécial pour l'anniversaire de Lucie.	Yanis anemutheghekerania ekindu ekisikire busana nomwibukyo oweributhwa rya Lucie.
Tout individu qui utilise ou travaille avec l'espéranto, est un espérantiste, et chaque espérantiste a parfaitement le droit, de considérer la langue comme un simple moyen d'intercompréhension internationale.	Obulhi mundu ghosi oyukakolhesaya kutse oyukakola neriyithera, nimuyeketheri, nakandi obulhi muyiketheri awith'embangwa, erimya olulhengo lomubughe ngenzira eyeriyowikwa ryomokihugho kyosi.
En pensant, l'image de sa première femme lui traversa l'esprit.	Akalengekanya, ekisasamira kyo mukalhi wiwe owerimbere mukyabya  omobulhengekanya bwiwe.
Je suis navré pour ta sœur.	Nakwire obulhighe bomwalhi wenyu.
Jusqu'où les émissions télé sont-elles prêtes à aller afin d'augmenter leur audience ?	Erihika hayi ebihindi ebyokobisesani bikandisya theghekeranibwa  omwilhengerera ryerikanya ehibanga habyo ?
Mais je suis convaincu que pour avancer, nous devons dire ouvertement les choses que nous avons sur le cœur, et qui sont trop souvent dites, seulement derrière des portes fermées.	Alhiwe nyinalhighire ngoko erilolya embere, kumbe  itwabugha  kwenene eyebindu  ngoko thuwithe oko muthima, nebi  kabugha  kundu, hasa enyumasyemilango eyikingire.
Eh bien, si tu ne m'arrêtes pas, je veux que tu me reconduises chez mes amis.	Nikwa, uthithanyimanya, nyanzire unyitwalh'ewabenzi baghe.
Laisse-moi demander à Gabriel, s'il veut nous accompagner.	Lheka nyibulaye Gabriel, ngwangana thukwama.
Nous essayons d'aller à Boston au moins une fois par an.	Thukalhengekanay'erilhenga erya e Boston hakuhi kaghuma oko mwaka.
À l'entrée du métro, chacun présente son ticket ou son badge de proximité sur le verre de la tête de lecture.	Okwingir'omolwimbo, bulhimundu akakangay'akababe kiwe okoluthehi lwenzuko yobusomi.
Ne panique pas !	Sighusasayire !
Certains enfants ont recours au suicide afin d'échapper à une pression insupportable.	Abana baghumabaghuma bakathibithira eriyitha busana nerisagha  emikunango eyilabirye katheho.
Vous devriez demander pardon à Thomas pour l'avoir nommé ainsi.	Wangasabire obughanyiri boko Thomas  busana nerimwahula uthya.
J'avais l'impression de devoir une explication à Thomas.	Nabya inyinawith'ebyonangakanire Thomas.
Certains employés de santé passent davantage de temps à faire de la paperasse qu'à prendre soin de patients.	Abathawa baghumabaghuma bakabugha ndambi nyinzi erikokothya ehibabe omughulu werisubirir'abakoni.
Elle vit avec une petite pension.	Neryo mwabyaho nembaghara ngesyosende.
""" Peuple heureux ! vous voyez s'élever votre ville ; / et nous, dit le héros, nous cherchons un asile ! "" / Il marche cependant, de son voile entouré ; / et, mêlé dans la foule, il en est ignoré."	""" Bandu batsemire ! Mwanamalangira  omuyi wenyu akalola embere ;/ nethu, engabo yetu moyabugha, thukarondaya obwikalo! "" / Akaghendera alhiwe, omolukimba;/ inyane omobandu, syaminyirebo."
Il a fallu une campagne télévisée nationale pour finalement retrouver Sami.	Halwe hatholhere omubala  oghoko bisasamira oko kihugho kyosi nokondulya Sami  imwasungika.
Nous avons reçu plusieurs messages de menace de la part des séparatistes et nous avons déposé plainte contre eux auprès de la police.	Mothuka sunga milaghe minzi eyeryabahisya  eyikasira okobaghabi neryo mukatsongerab'oko polishi.
Si tu n'arrives pas à résoudre ce problème, demandes à ton professeur.	Uthitha thoka erisoha omusang'oyu, bulaya omughalima waghu.
L'héroïne, les policiers l'ont trouvée, au cours d'un contrôle de routine, dans le double-fond d'une soute de camion.	Obuhereri, aba polishi mobakamusunga, omughulu werondo yobulhikiro, emwisi sye ngurubani.
Je suis désolé, j’ai effacé par erreur le courriel que tu venais de m’envoyer. Peux-tu me l'envoyer à nouveau ?	Namasweka, nabiri herya erikirango ekyo ulhyandumira. Wangana thasyandumirakyo ?
Elle a perdu la clé de son casier alors qu'elle nageait dans la piscine.	Abiri herya olukingulhi lwekese yiwe omughulu alwe akanabira omongetse.
J'ai de la viande, du fromage et des tomates dans mon sandwich.	Nyinawithe okonyama, oko bundu noko tomate,  omo nzwange yaghe.
Il voudrait savoir si vous jouez aux échecs.	Asondire inyaminya ngo ukanasatha oko masath'aweritha omukama.
Ils nous demandent de maintenir le chauffage sous 26 degrés, mais dans leurs bureaux, on crève de chaud ! « Faites ce que je dis et pas ce que je fais », comme d'habitude.	Akathusaba thuhambirir'ekihuhanya oko mathondi 26, alhiwe  omobisenge  biwe, bakasondithulhikiram'omo kihuhanya ! « Ukolhe ebyongabugha butsira ebyongakola  », koyiri mibere.
Dites-moi ce que vous savez de l'incident.	Mbwire ebyo wasi okokiryabya.
Retournez vous asseoir.	Thasikala.
Je me souviens lui avoir remis la clé.	Namibuka eribya imunga musubulhiraya olukingulhi.
Le Président Lincoln fut assassiné d'une balle dans la tête, juste derrière l'oreille gauche.	Omusondolya Lincoln mwithwa omo risasi  eryathungawa omo muthwe, ahakuhi nokuthu okokulhi.
La victoire semblait à portée.	Erikinda murya byangamalhethya.
Peut-être les athées devraient-ils aussi commencer à sonner aux portes pour annoncer aux gens leur heureux message.	Alhing'abakaghana omuhangiki bangatsukir'erihumanga okoluyi eriya bwir'abandu enguluyabo nyibuya.
"""Je vis à Roubaix"", dit Jackie."	"""Nyiker'e Roubaix"", mwabugha Jackie."
Quand vous voulez tromper le monde, dites la vérité.	Omughulu'ukasondi theba abandu, bugha ekwenene.
Même le mot dépression lui-même était le produit terminologique d'un effort pour adoucir la connotation de trouble profond. Au siècle dernier, le terme crise était normalement employé.	"Eryoloby'amaghalhi oko mukera  wabya alabire, ekinywa kyahange kabya  ikanemukolesibawa. Okobiro bya laba, ekinywa ""crise"" ikyokikakolesibwa."
La beauté de Césarine n’était ni la beauté d’une lady, ni celle des duchesses françaises, mais la ronde et rousse beauté des Flamandes de Rubens.	Obubuya bwa Césarine sibwabya bubuya bomumbesa, kutse obomumbesa we bufranza, alhiwe obubuya bwabya Flamande ba Rubens.
Je ne saurai jamais si j'ai eu raison de lui faire confiance.	Sinendiminya ngo nyinyasingen'erimuhira mwa maha.
Je veux que vous me disiez tout ce que vous savez à ce propos.	Nganza umbwir'ekyosi ekyowasi okwekyo.
Vous devez montrer du respect à vos invités.	Ukangayi eriyisikya embere syaba birikirwa baghu.
Cette femme est capable de concentrer ses efforts et son énergie pour réaliser efficacement et avec ardeur ses projets.	Omukalhi oyu anawithe obuthoki byeriyitsinga eriberererya no muhwa ekyakasondya erikola.
Arrêtez de filmer.	Thwirayaho erihamba ebirimu.
Elle aimerait qu'il prenne contact avec son fils le plus vite possible.	Anzire inyakanya lubaluba na mughala wiwe.
Le sourire que vous envoyez revient vers vous.	Amaseka agho ukaseka akakhusubako.
Elle a préparé un hérisson de viande de porc hachée pour la fête.	Abirithekaranya enzoka ne nyama ye ngulube busananekisiyisiyi.
Eh bien ne te gêne pas !	Sighuyowe muhanda !
J'ai le sentiment que vous ferez un très bon avocat.	Ngalhengekanaya ukandibya  musosi oyuwene.
Presque toutes les mises en œuvre de la mémoire virtuelle divisent l'espace d'adressage virtuel d'une application en pages ; une page est un bloc d'adresses mémoires virtuelles contiguës.	Hakuhi emikolhiyosi eyo bwenge  bwamasenyerezi bukaghaba ekyanya omo doshyo  yebibabe; ekibabe kighuma nibughuma bwamenge  wamasenyerezi.
Nous sommes toujours brutaux envers ceux qui nous aiment et nous servent en silence.	Thunayiminyire embere  syabandu abatwanzire nabakathukolhera omobukuthu.
Quand tu conduis, tu dois respecter le code de la route.	Omughulu ukafuha, kumbe iwashikya esyombiso esyomombalo.
Nous demanderons à Jeanne, vierge, sainte et martyre, de prier Dieu pour la grandeur et pour la gloire de la France!	Thukandi  bulhya Jeanne, mubikira, mubuyirire  na muhererya  namuhererya, eriba omunyambyani nabusana nolukengerwa lwe France !
J'ai obtenu une excellente note à l'évaluation, et cela me rend très heureux.	Mungahabawa ebighanzo ebyo wene nobukake, mokikalheka inyatsema.
"Pourquoi Gogol a-t-il brûlé la seconde partie des ""Âmes mortes"" ?"	"Busanaki Gogol mwakathimaya ekihande  kyababiri ""mithima eyi holire""?"
La confiance est un risque, et éviter les risques est le nom du jeu en business.	Amaha ni kighuma kyo mahanya, nerisagha emisango nerinarye bitsange  omolumbuka.
J'ai sauté de joie lorsque j'ai entendu les nouvelles.	Mongayisumbanga nobutsem'omughulu niryowa esyongulu.
Je ne filerai pas de rencard à qui que ce soit qui n'est pas mignon.	Sinendiho mundu ye ndaghane angabya oyuthuwene.
Il a filé sans demander son reste.	Mwaka tibitha butsir'eribulya ebiwe ebyasaka.
Une femme est comme votre ombre, courez après, elle vous fuit ; fuyez-la, elle vous court après !	Omukalhi kwane nge kitsutsu kyaghu, thibitha enyuma, akaku lwako; thibitha halya, akandithibith'enyuma !
Coupez la mozzarella en dés de 7 mm environ.	Utw'e mozarella mohitswe hyesyomillimetres hakuhi irinda.
Il y a mille canaux par lesquels la beauté de notre âme peut monter jusqu'à notre pensée. Il y a surtout le canal admirable et central de l'amour.	Halhi emihanda hakuhi minzi  ey'obubuya bwekirimu kyethu  kyanganakanzya erihika oko bulhengekanya bwethu. Halhi kutsibu enzira engulu neyanzirwe eyo lwanzo.
Mais en attendant, il fuit : le temps fuit sans retour, tandis que nous errons, prisonniers de notre amour du détail.	Alhiwe thukalhindirira, mwatibitire : endambi iyikathibitha butsira eri sub'enyuma, Ahiwe thukaghangaghanga, thulibabohwa bolwanzo lwethu omobulhi.
La seconde étape, la plus importante, comportera l'apprentissage de nouvelles structures morphosyntaxiques.	Ekyakabiri, ekikulukyamubyo, kikandibya inigha emiyiwathire mihyaka eyemilondo.
Hugo essayait d'oublier son chagrin d'amour en jouant du piano.	Hugo aby'akalheng'eribirirw'ebilhebiry'olwanz'omwiwatho akalikiliki.
Quand vous allez prendre le médicament, il va commencer par agir sur les symptômes, comme la douleur, tout de suite, mais cela ne veut pas dire que l'ulcère va se guérir tout de suite.	Omughul'ukandinyw'oko mabalya, bikandi tsuk'erikola  omubiri  okobiminyikalo, ngo bulumi, hatyahatya, alhiw'ekyo sikibughire kithi ekíhóni ekyo kikandilu ikyabala.
Ce serait dommage de laisser se gâcher notre dur labeur.	Nikwabughanya erilhek'omubiri wethu erikwa bule.
Le placard restera là où je l'ai placé, il n'y a là-dessus aucun doute.	Ekibanda kikanasighala oho nabiri theka, sihalhi erithikathika.
Mathis et Marie ont passé leur lune de miel à l’étranger.	 Mathis na Marie mobalabirye omughenda wab'ogho buki we hihya.
La maison de mon voisin a fait l'objet d'une revue dans le numéro du Florilège de l'Architecture du mois dernier.	Embimbano eyo muhimbani waghe moyabere oko nzuko eyekirango okwighanza rya Florilège eyo bukengereghesania oko mukera owalaba.
Les autorités ont lancé un appel à la population.	Abasondolhya mobaka ghusa omulaghe ghoko bikalani.
La professeure de chant de Marie est une soprano lyrique avec une voix longue, impressionnant !	 Omukangirya lwimbo wa Marie nigho mulhenge oweri mbere kandi omulhi, owakathebereraya !
Elle dit, et soudain s'évanouit dans l'air ; / elle fuit, et, malgré mes soupirs et mes larmes, / d'un entretien si doux elle interrompt les charmes.	Amabugha, ahonaho amalu inya bulhirana omo rihunga ; / neryo amatheria, nerio, mwalhi emihulhire yaghe nemisonia yaghe,/ omo mukania owashikire athy'akatwa emiyitsutso yaghe.
J'espère que tu passes du bon temps !	 Ngalhengekanaya ukalabaya endambi yaghu nene !
Que va faire Trump maintenant ? Attaquer la Chine ? Détruire la Russie ? Anéantir l'Iran ? Il ne fera rien car les États-Unis ont déjà essayé de faire tout ceci bien auparavant, mais ils y ont lamentablement échoué.	Trump akandikolaki lhino ? Erithalhira e Chine ? Erithoghothya e Russie ? Erineghenia e Iran ? Syandikola kindu kusangwa obughuma obwe bihugho bwana birilhenga erikolabyo nge mbere, alhiwe mobathaluka kundu.
Un différend qui s'éternise prouve que les deux parties ont tort.	Olubanz'olukabugha ebirimo, lukakangolya ngoko ebihande bibiri biri nerithendi hulhikirirana.
Personne parmi les mortels n'est si grand qu'il ne puisse être associé à une prière.	Sihalhi nomundu omo baholhi omukulu oyowangayitheka okomisabe.
Je fais appel à vous pour contribuer à la nouvelle clinique.	Ngabalaghako eribya imwanga theka omukekera wenyu ghokwaspatara.
En France, le dix-septième siècle est l'époque de la littérature classique.	Ebu franza, ekirimo ekyeri kumi nebirinda nimughulu owe bisako.
À leur tête, Pyrrhus, une hache à la main, / frappe à coups redoublés sur les portes d'airain. / Les gonds tremblent ; des ais la vaste épaisseur s'ouvre.	Okomuthwe wabo, Pyrhus embesa omobyala,/ akabandayo okosyonyuyi sya bulhinya. /Ebyuma bikandi thimana; ebihabwa byobunene bunzi byamayikula.
Les flics recherchent la planque de la bande.	Abakulu abo bulhasi bamarondekanya akabIsamo akekikumula.
Parfois, la coupe du monde de football permet de mettre de côté les tensions communautaires au sein d'un pays, en se rangeant derrière l'équipe nationale.	 kanzikanzi, oluhwetsyo lolusalhi olwekihugho lukalheka erisisira eryabikalani omo kihugho iryabya luhandi, omwibya enyuma syekipya kikulu omokihugho.
Il a écouté les nouvelles à la radio en nourrissant son chien.	Mwaka hulhikirira ebihyaka byokokinimba inyane mulhisya endeghetheghe yikuwiwe.
Tous les sauvages savent danser.	 Esye molhi siosi sinasi erisatha.
L'image ne correspond pas à la réalité.	Ekisasamira sikihambana nekwenene.
Je suis vraiment désolé, mais je suis obligé d’annuler notre réunion du 27 février.	Namasweka, alhiwe namayowa erihangwa erimania olukuratho lwethu olomobiro 27 oko mukera wamáhulule.
Je suis désolé. Je retire ce que j'ai dit.	Munganyire. Ngasubira ebyo ngalwa okwibugha.
J'organise une chasse au trésor pour la fête du treizième anniversaire de mon fils.	Ngatheghekanaya oluhigholubutheke busana nekisiyisiyi kyeribukeri butwa yerikumi nebisathu kya mughala waghe.
Mon mari gagne cent mille dollars par an.	Omwira waghe akitha ebighonye erighana byesho ngohe oko mwaka.
Nous espérons revenir l'an prochain.	Thukalhengekanaya erisyasubula oko kirimo ekikasa.
Sachez donc que plus nous aimons, moins nous devons laisser apercevoir à un homme, surtout à un mari, l’étendue de notre passion.	Muminye ngoko oko lhulhengo thukanza, kwakuke thwangalheka abalume, kalhenzyo, yiba, ekyanya ekyo lwanzo lwethu.
Toute maman qui se respecte couvre de baisers son bébé.	 Obulhi koyo oyayishikirye akaswika omwana wiwe omo milatsiro.
""" Au sortir d'Ilion, notre antique séjour, / (peut-être d'Ilion vous savez l'infortune) / traînant de mers en mers une vie importune, / enfin l'onde en courroux m'a jeté dans ces lieux. """	"""Erilwa e Ilion, eribalana ryethu ryakera, / (alhinga e Ilion unasi obutheke), / mwakura olusi okolundi eribyaho erithawithe butheke,/ nokondulya ekisunda kinzi mokikanyilhasa omo myanya. """
Le secteur informatique vit une période de croissance.	Omuthahi owebukengereghesanya mwalangira omughulu muhyaka oweri lolhya embere.
Raphaël et Marie sont membres d'une société secrète.	Raphael na Marie nibaghuma bomokihanda ekye kumbo.
Formez des boules de 3 cm de diamètre et déposez-les sur une feuille de papier d'aluminium beurrée.	Mukokothaye esyonzusu eye bika bisathu omokathikathi neryo muthekebyo oko luyani lomulhinga.
Non seulement tu veux m'exploiter pour tes propres intérêts, mais tu ne manques jamais de me faire des commentaires arrogants à chaque fois que tu en as l'occasion.	Sibwambu wanzire iwanyi kolesarisya busana nesyondundi syaghu, alhiwe sulibula erinyiha ebinywa ebye miyihalambo omughulu ukasunga akabanga.
Ce que le paysan ne connaît pas, il ne le bouffe pas. Si le citadin savait ce qu'il bouffe, il deviendrait immédiatement paysan.	Ekyo abanya mulhongo bathasi, sibalilyakyo. Nabomomuyi bangana bya ibakaminya ebyobakalya, banga lwiri babya banyamulongo.
Je n'ose pas enquêter trop profondément, de peur de découvrir l'horrible vérité !	Sinyithanza eriyitheghererya kutsibu, ngasya fumbula obuhanya bwekwenene !
Il appartient à une espèce disparue. Peut-être est-il le dernier plouc au monde.	Alhinga nibyolukanda omokihugho olwabiri bulirana. Alhinga yowemwiso omokighugho kyosi.
Elle se mit pourtant à ranger avec soin les documents, les notes, par une habitude de bonne ménagère qui ne voulait rien laisser en désordre derrière elle.	Mwayitheka okwiyithekania ndekendeke ebidosyo, ebihandiko, omomibere yomutsunzi oyuhwererere oyuthabya anzire erisighakindu kyokithyakithya enyumasiwe.
L'odeur des chaussettes sales me donne envie de vomir.	Ekikumbo ekyo syosokise esikinire sikandethera omuthima erilokaloka.
Parfois, Enzo venait retrouver ses anciens camarades.	Kanzikanzi, Enzo inyakasya sungana nabiri biwe abakera.
J'ai fait tout mon possible pour cela, et je pense que vous avez manifesté le plus grand intérêt à appréhender non seulement ces règles, mais également « l'esprit » de cette merveilleuse création du Maître, Zamenhof.	Mongakola ekyosikyosi konangathoka busana nekyo, nakandi ngalhengekanaya momukakangaya endundi nene eriminyerera butsira ebighendererwako busa, alhiwe « nekirimu » kyoluhanziko lubuya lomukama, Zamenhof.
Mon mari est un expert dès qu'il s'agit de cuisiner chinois.	Ibawaghe atsibuhire omobyerihuka omughulu nimihukire ya banya Chine.
Pratique davantage de sport, sinon tu seras en surpoids.	Iwakola erizoa eryerikakya emiki, ighukandineneha.
Rick était très excité d'avoir réussi l'examen.	 Rick abya inyabiri sasayira busana nerithoka amalhengwako.
J'ignorais pourquoi je n'étais pas censée me rendre dans cette partie de la ville.	Nabya isinyasi ekilheka inathaya omo kathatha ako akalhi omo muyi.
Je préfère laisser les rideaux ouverts pour laisser entrer la lumière de la lune.	Nganza nyishighe'esyonyuy'isinarangir'ekyakakola ekyomughenda  imokingiramo.
Permettez que je me présente.	Lheka nyiyikangaye.
Une dispute éclata dans l'enceinte du hall de la convention, et les coups de poing se mirent immédiatement à pleuvoir.	Obuhaka mobwalwa omokisenge kikulu ekyo babya ibabiritheghekanya, nesyongume mosyatsuka erithoghonga.
Monsieur l'adjoint ne s'occupe que de son propre intérêt.	Omusyakulu musububukwa iye abya aka kwamirira endundi yiwe.
Le nouvel album de « Take That », il déchire !	Akalhikiliki kahyaka ake « Take That », kakamatula !
Une armée est composée d'une avant-garde, d'une arrière garde et du gros de l'armée.	Obulhasi bulhimo abakaby'embere, abakabya enyuma nobunene obobulhasi.
Il ne faut pas chanter victoire avant la bataille.	Siwasumbir'erikinda uthe wayalwa.
Les bonsaïs sont des arbres miniatures, qui dans leur milieu naturel, pourraient atteindre les 10 à 20 mètres de hauteur.	Aba Banais  nimithi  mikemike, ey'ohoyikabya, yangabya metere kumi  nakumakumi abiri okobuli.
Magnifique appartement de luxe à louer en Espagne.	Kyowene mbimbano yitsemisiry'eyerithekamo mundu e Espagne.
C'est ridicule et même absurde de réfléchir à la supériorité de l'homme sur la femme ou de la femme sur l'homme.	Kikitha isoni nakandi sikyowikik'erilhengekanya okobukulu bomulume  okomukalhi kutse obo mukalhi oko mulume.
Est-ce que ça te dérange d'allumer la télé ?	Sikyangakulhethera lukando eryaka ebisesani ?
Que l'homme ne vienne pas facilement à la connaissance de lui-même, mais ait besoin d'une recherche, tient vraisemblablement à ce qu'il a dans son enfance, développé un système de croyances fausses.	Omundu syasabe bweghubweghu oko bulhengekanya bwiwe iyuwenewene, alhiwe abye alaghe okwisondekanya, ahambirire  ebyawithek'omobwana, eribya nemitheghekerere yamalhengekanya matsibu.
Si vous voulez vraiment apprendre à connaître un endroit, vous devez sortir des sentiers battus.	Wamasond'eriminy'ahandu, wangaolaba omonzira esinasibwe.
Son visage ovale était sa marque de fabrique.	Obusubwiwe obo mubiringo abya muhanda wiwe.
L'art japonais de l'arrangement floral est appelé Ikebana.	Owerikokothya omuhanda owerikokothy'amawa okobanya Japane akahulawamo Ikebana.
Chaque fois que j'apprends qu'un artiste que j'aime, qu'un écrivain que j'admire viennent d'être décorés, j'éprouve un sentiment pénible, et je me dis aussitôt : Quel dommage !	Omughulu ngowa ko omukengereghesania oyo nyanzire, ng'omusaki oyo nyilhighire amabithwangana, ngabya nobulumi, nangalu inayibulhya indi : Buhanya bwahi !
Si tu es mécontent de ta vie privée, je te conseille de t'inscrire sur Facebook. C'est le meilleur moyen de t'en débarrasser.	Wamabya isighutha tsemera eribyaho riaghu, ngakuhana nyithi uyi mathike okokisengula kye Facebook. Ninzira nguhi eyeriyilusya boko.
Contrairement aux idées reçues, les forêts ne sont pas le poumon de la planète elles ne produisent qu'un tiers de l'air que nous respirons.	Ghundi mughanda oko malhengekania agho omundu awithe, emishithu sibyahaha byekihugho yikalusaya bitswe bisathu ebyomuka ogho thuka humula.
Wendy n'a pas toujours été intéressée par les festivals japonais.	Wendy syalhya thatsemesibwa nebisendebelhe ebyabanya Japane.
Mr Mitchell a exigé que je verse le reste de l'argent pour la fin de la semaine.	Mulumuna Mitchell mwa hathikana  nyitheke esyosend'esiryasighalhira  busana nomwis'oweyenga.
Les meilleurs de tous les parents sont ceux qui permettent à leurs enfants de suivre leurs talents naturels.	Ababuthi abuwene omobosi babakalhek'abana babo erikwama oluhabwa lwabo.
Enlevez vos mains de vos poches quand vous me parlez !	Iwalusy'ebyala byaghu  byomomufuk'omughul'ukabugha naye !
L'envoi de courriers ou de relevés de comptes ou de communications de la banque sera fait au détenteur du compte à l'adresse indiquée au moment de l'ouverture du compte.	Erithuma ebilope kuts'ebihanganiri ebyo mukanzya ebye bangi bikandi  kolwa okoyuwith'ekithwir'oko minyisyo ebyabiri kangibw'omughulu  ukandiranga ekitwiro.
On l'avait informé que tous les employés de l'entreprise seraient présents pour l'occasion.	Mubana mubwira ngoko abakolhi bosibangabereh'omokabanga ako.
Avec mes respectueux hommages, je vous prie de bien vouloir agréer, Madame la Ministre, l'expression de ma très haute considération.	Nolukengerwa lwaghe lunzi namakusab'indi ghulhighe,  koyo mulhembya, erisabaryaghe.
Il faisait si chaud que j'ai dormi avec la fenêtre ouverte.	Yabya ekihuhanya erihik'okokika monakesya eridirisa erina raghe.
Pour autant que je sache, c'est un chic type.	Kungaho konyasi, nimulwana oyukamilikire.
Je suis sorti juste après avoir achevé ma série parce que j'étais trop content de moi. J'ai laissé tomber mon équipe.	Mongahuluka erinyuma syeribugha ebisasamira busana nyilwe nyitsemire  inzowenewene. Mongalheka ekipya kyaghe.
Pourquoi ne m'as-tu pas avoué plus tôt que tu m'aimais ?	Busanaki moghuthithambwira luba kowabya ighunyanzire ?
Incapable de répondre aux questions de l’instituteur, je me suis couvert de honte devant mes camarades de classe.	Erithaluk'erisubiraya  omomabulhyo aghomukangirya, monakwa esisoni  embere syabira baghe.
Ben, tu sais, cette histoire, je m'en bats les couilles.	Ben, unasi, omwatsi oyo, ngayihuma okomiheghe.
Nous deux savons que vous deux mentez.	Itwe babiri thunasi ko inywe babiri mukatheba.
Le grand mec en train de fumer un cigare là-bas est un réalisateur célèbre.	Ekilume kikulu oyukamothaya ethaba halya nimubererya oyowasibwe.
"L'un des plus importants monuments de l'art ancien est la ""Chronique des temps passés"", écrite par la plume d'un auteur inconnu."	"Esanamungulu yomosyosi esyakera ni ""mighanzo eyendambi eya birilaba"", ebyasakawa no musaki oyuthasibwe."
De nombreux clients viennent consulter cet avocat.	Abaghulhi banzi bakasyabulaya omusosi oyu.
Maintenant que le gosse est tombé dans le puits, il ne nous reste plus qu'à limiter les dégâts.	Hathya omulwana erithoghera omokyuna, ikithusighalhire hathya nikehya  oko byagha.
Après quelques années, au lieu de « La Langue Internationale du Docteur Espéranto », le nom court d' « espéranto » entra en usage. En ce jour nous célébrons donc le cent-vingt-cinquième anniversaire de l'espéranto à travers le monde entier.	Enyuma syemaka mibere, omumwanyenda « oghomubughe owasibwe  ahosi wa mutahwa Espéranto », erina rikuhi « espéranto » mwatsuka  erikolhesibwa. Hathya thukayishandira ebirimo makumi  abiri  nithanu bye espéranto  omo kihugho kyosi.
Le mois d'octobre dernier était plus chaud que la normale.	Omukera owekikáh'owalaba mwabere owe kihahayiro kulaba ngoko akabya.
Depuis que j'ai appris l'existence de l'université, j'ai toujours voulu y suivre les cours.	Eritsuko ahongabya nerigha okokiyiro kikulu, ngabyanganza  eriyakwamirir'amakangirirya.
J'ai passé la semaine entière à travailler sur ce dossier.	Monga bugha eyenga eyo swire  ngasulusuth'oko doshyo eyi.
C'est avec Karl Friedrich Schinkel qu'il fit les esquisses des décors et des costumes pour son opéra « Ondine »; et des objets d'art rappelant cette œuvre ornaient sa chambre à Berlin.	Haghuma na Karl Friedrich Schinkel mwakola nakaghala eritheka amaghangiri werighambia riwe nesyongimba siwe busana nekilope kiwe « Ondine » ; nebindu ebyobukengereghesana eryebukya erye rithegheko ryabya irikaghambaya ekisenge kiwe ekye Berlin.
Soudain, ils se sont mis à crier, deux d'entre eux se sont levés et ont failli se frapper.	Ahonaho, mobayitheka okwiseka, ababir'ibokwibo mobahangana hakuhi  balwe.
On l'a appelée Alice, comme sa tante.	Mobaka mubirikira mo Alice, nga songalhi wiwe.
Les amis de Léo longent l'allée en courant.	Abir'aba Léo mobaby'omongenda bakatibita.
Oui, je l'ai beaucoup aimée, mais d'un autre côté elle m'a causé énormément de soucis.	Inga, monga mwanza kundu, alhiwe okolundi luhande mwakandethera  amalhengekania.
"La ville de Brno est souvent appelée ""le plus grand village de République Tchèque"" malgré ses 400 000 habitants."	"Omuyi owe Brno akabiririkirawamo kanzikanzi, ""muyi mukulu owe kihugho ekye Tchèque"", mwalhi abikalani  bayo ba 400 000."
Le parc national de Plitvice en Croatie est un des plus beaux endroits en Europe.	Oluparake olwe Plitvice e Croatie nilughuma lokohandu ahatsemesirye  kundu omo bulaya.
Le propriétaire du restaurant l'autorisa à emmener les restes du repas chez elle pour nourrir tous ses chiens.	Omunye kithethety' ekyerilhiramo mwamuha ehamulhi erithwala   ebiriasaka byewiw'eriyalhisya esyondeghetheghe siwe.
« Vous êtes mariés, avec ta copine ? » « Bien sûr que non. » « Ah bon ? Je croyais que si. »	«Munalhungire, nomwira waghu ? » « kwenene ngo iyehe. » « Uweghesa ?  Indwe ngalhengekanaya indimbino nikwenene. »
Je me serais noyée si vous ne m'aviez pas sauvée.	Nangayi sendirye ngoghuthanzabula.
Il lut la totalité de l'Ancien Testament en un an.	Mwakasoma  erilaghana  ryakera eryosi omomwaka mughuma.
Bravo ! Tu as joliment réalisé ce dessin.	Uthia ! Moghuka berereraya ekisasamira eki.
Aimes-tu le rock and roll ?	Moghuk'anza e rock yomo roll ?
J'ai attendu ta sortie de prison.	Mongalhindirira eriboholwa ryaghe.
Il l'a trouvée entrain de l'attendre.	Mwaka musunga  omundambi alwe akamulhindirira.
Mon fauché de mari m'a emmenée au Macdo pour notre anniversaire.	Omuthwigho mulume waghe mwakandwala e Macdo busana neryebuka  ekisendebelhe kyethu.
Quand on a compris que le malentendu est le lot de la condition humaine, il n'y a aucune honte à se tromper, mais seulement à omettre de corriger ses erreurs.	Omughulu balhyowa ngoko ekithalhyowika yendubi eyesyotholhi  syobunya mundu, sihalhi isonisyosi okwiyitheba, alhiw'eriheghula  erikosol'ahatsandire.
Hugo est à juste titre très fier d'avoir gagné la médaille de bronze.	Hugo alhino butseme busana nerihek'olusalhi.
Le philosophe qui veut éteindre ses passions ressemble au chimiste qui voudrait éteindre son feu.	Efilosofia eyanzire iyalhimia ebyoyikarandamirira ebisosire ebikabindula  ebindu ebikasonda erilhimia omulhiro.
La puissance de l'amour et de la compassion est infiniment plus forte que la puissance des armes.	Obuthoki obolwanzo haghuma nobulhighe nibinzi kundu nanibinzi  okombundu.
Je parie que tu ne pourras pas deviner où j'étais la nuit dernière !	Akakubabo ngoko siwendisyaminya eyonabya omokiro ekyalaba !
Êtes-vous prêts à vous engager dans une armée qui défend un État raciste et colonialiste ?	Unayitheghekenye eringira omobulhasi obukalwa busana nobuthabalhi obwe ranzi haghuma nomukolo bakyo ?
Jules m'envoie sans arrêt des SMS.	Jules anganyithumira esyonzakano butsirilugha.
Le tofu peut être utilisé pour remplacer la viande.	Eryusa ryobundu ryanganalibwa omo mwanya waka nyoku.
Ça me rend triste que tu quittes cette ville.	Kyamandether'obulhigh'eribya iwamalwa omomuyi oyu.
Même si tu pars loin, restons en contact par téléphone.	Mwalhi wangaya halhi, thubye haghuma omwilabira esimu.
Pourriez-vous poser ce sac ailleurs ?	Unemwendibika eyisaho eyi yo handi ?
Quand il est allé rendre visite à son détestable voisin, Enzo était armé de pied en cap.	Omughulu alhyaya bana omuhimbani mulahirwa wiwe, Enzo abya  iniabiriparatsa ebisando biwe.
On ne peut vous forcer à témoigner contre votre mari.	Sibangakukasa eriberererya binzi oko mwira waghu.
Venus, planète déserte dotée d'épais nuages d'acide sulfurique, augurait-elle l'avenir de la Terre ?	Venus, kihugho  mbwarara bithu birimo maghetse oghomulhiro, kine mwendisasya lhether'ekikumbo kyekithaka ?
« Capitaine, peut-on dire qu'un objet est perdu si on sait où il se trouve ? » « Non. » « Alors, Capitaine, votre montre de gousset n'est pas perdue, car je sais qu'elle repose au fond de la mer. »	« Musondoolhya, twanganabugha thuthi ekindu kiherire nakanyanzinga  omundu anasi ohokiri ? » « Iyehe. » « Neryo, musondolhya, akahanza buthuku kaghu sikaherire, busana  nyinasi ngoko kane muluhukir'omongetse. »
Pensez-vous que nous devrions attendre en espérant que cela change?	Ukalhengekanaya ngoko thwanga lhinda erihika omughulu ebyo byasya  binduka?
Le garçon revint bientôt à lui, le rose lui revint aux joues, il sauta des genoux du vieil homme et dansa, sur le sol, autour de lui.	Omulwana mwasyayisubyako esyongebe, obutseme mobwalangirika  okomathema wiwe, mwakiruk'amaru ghomusyakulu neryo mwasatha, okokithaka, akayithimbako.
Il n'est jamais mort, au château s'est caché, il y vit encore, en sommeil installé.	Syalyathahola, omokisenge mwakayibisa, akineho, omohighotseri.
Cette vidéo m'a fait pleurer, je ne vais plus mentir.	Akalhikilhiki aka mokakanyilhiraya, sinyikwanzire eritheba.
Nous sommes en période de crise, et le vrai changement, la vraie mutation ne sont pas encore prêts.	Thulhi omomughulu owakabanga, namabindulikany'aghuwene, eribalangisanya eryekwenene.
Mon grand-père ne se souvient de ce qui s'est passé hier, mais peut décrire en détail ce qui s'est passé il y a quarante ans.	Sokulu waghe  akebuk'ebyalaba mulhigholo, alhiwe angana  bughabyo  kobulhi ebyalaba hakuhi omomyak'eyini.
Veuillez joindre à votre proposition une enveloppe timbrée à votre adresse.	Ongeraye okobulhengekania bwawe kwebikaberereraya ohoghuli.
Le repas achevé, tous, par de longs discours, / de leurs amis perdus redemandent les jours ; / leurs cœurs sont partagés par l'espoir et la crainte : / sont-ils vivants encore ? ou bien, sourds à leur plainte, / sont-ils déjà couverts des ombres de la mort ?	Akalhyo erihwa, ithwebosi, omomikanya miri,/ eya birababo ababirihera  bakathasya bulaya ebiro;/ emithima yabo yikaghabawa omwiyikethera nobuba : / bakineho? kutse, sibowa eriyikuna ryabo, / babiriswikwa nekithu ekye luholo ?
Il y avait plus d'invités que prévu à la fête d'anniversaire.	Muhabere ababirikirwa banzi kulaba ababya balhindirwe oko  kisendebelhe.
Un Canadien de 19 ans a battu le record du monde le mois dernier pour un aller-retour sans arrêt à la nage à travers la Manche.	Omunyakaroda owe birimo erikumi nomwenda mwakumay'amathandi ghomomuno busana nerighenda nerisubulha butsira erimana.
Tous les événements sont produits les uns par les autres, je l'avoue ; si le passé est accouché du présent, le présent accouche du futur.	Emyatsi yosi yikalaba eyindi  okoyindi, ngalahiraya, ebyalaba byanabya  isibiyiswikire okobiri, ebiri bikaswik'ebikasa.
Soudain j'ai remarqué que ma montre avait disparu.	Ahonaho munalu inafumbula ngoko akaghanza buthuku kaghe  kamabibulhirana.
J'ai le sentiment que vous serez un très bon avocat.	Namakusosekanya ngawangabya musosi oyushikire.
Robin est l'ami de Batman.	Robin nimwira wa Batman.
Vous pensez que nous n'avons rien compris ? Vous vous trompez, nous vous avons très bien compris.	Mukalhengekanya ngasithuthowa ? Mukayitheba, mothukabowa ndeke.
Pourquoi hésiter jamais sur notre devoir, quand il se reconnaît d'emblée à ce signe : le devoir c'est ce qui nous embête.	Busanaki mukathithimbira okobyo thwangakola, omughulu binayasi oko kiminyikalo : ekyanga kolwa kyekikathu ghangaghangya.
Vous devez lui présenter des excuses quand vous le verrez.	Ritholhere iwasyamusaba obughanyiri  omughul'ukasya musunga.
Les voleurs respectent la propriété. Ils veulent seulement que la propriété devienne leur propriété afin qu'ils puissent plus parfaitement la respecter.	Abahungura bakasikaya ebyabo. Alhiwe banzire ebyabene bibye byabo omwilhengerera eryeribya ibanganasikya kyo.
Vous pouvez dire ce que vous voulez, je n'y comprends que dalle.	Mwanganabugha ekyomwanzire, sindiowa hokindu.
Dépêchez-vous ! Sinon je ne pourrai pas vous amener à l'école.	Mwangulhe ! Bithebithya isenendi bathwal'okokalasi.
Comme les fenêtres n’avaient plus une seule vitre, il s’était décidé à les boucher en clouant des planches : on ne voyait pas clair, mais il faisait chaud.	 Erikwamana neridirisa ngoko ryabyako ekiyo kighuma,  mwayisogha  erilhibaryo akapikamwesyombagho : sihabya erilangira ndeke, alhiwe  yabya ekihuhania.
Vous devez m'enseigner ce que vous savez.	Kumbe iwanikangirirya ebyo unaasi.
Avec le développement des réseaux, une quantité énorme et sans précédent de messages vole autour de la planète.	Nobukakebwesyonzira esyesyosimu, enzighe nenzigh'eyesyonzakano ikathimb'omo kihugho.
Si nous devons juger le futur de l'étude des océans par son passé, nous pouvons certainement nous attendre à de nombreuses découvertes excitantes.	Twamabya itwanganatswera ebikasa oko rikangirirya erya maghetse  ohwaka laba, thwanganasungik'embere syemifumbalho minzi  eyiri.
Il était tellement fatigué qu'il a dû piquer un somme avant de reprendre son boulot.	Aby'alhuhire kundu erihika omughulu mwimya esyosende siw'embere  asubire omubiri.
Pourquoi est-il si difficile d'établir que la cellule nerveuse constitue l'unité de base du tissu nerveux ?	Busanaki kikalhir'eritsopolya ngoko ekitsuko kyomomuthwe ninzuko  eyo munyoku  oghomomuthwe ?
Elle refusa de jouer avec la chose, s'assit tout simplement et semblait fâchée.	Mwaghan'eritsanga omokindu, mwikala buyira nakandi mwabya  ngahithene.
Le Sphinx avait mangé des centaines de personnes en route pour la ville de Thèbes, parce qu'ils ne purent répondre à l'énigme astucieuse que le Sphinx leur demandait.	Enyenze ngulu moyalhya erighana eriabandu omongenda erihika  omomuyi  e Thèbes, busana mobatha subiry'oko musi'ogh'omulhimu ababulaya.
Fermez-la. Sinon, vous serez viré.	King'obuno bwaghu. Bithebithya ighuka bindulawa.
Crois-tu qu'elle se sent à l'aise dans son nouvel appartement ?	Ukalhengekanaya uthi anatsemire omonyumbayiwe ?
Ok, je lâche.	Inga, ngasihabyo.
Levez la main et demandez la permission si vous avez besoin de sortir de la classe.	Karaba okobyala nery'usab'ehamulhi wamabya ighukasonda erilwa  omokisenge.
Les parents de Nora possède soixante dix pourcent de la banque.	Ababuthi ba Nora bawithe pursenti makum'irinda omobangi.
Je suis heureuse que tu l'aies aimé.	Ngatsema okwibya iwabirimwanza.
Pour être une personne intéressante, tu dois nourrir et entraîner ton esprit.	Eribya mundu oyutsemesirye, ngamb'iwalya nerikangiriria ekirimu kyawe.
Elle est venue pour causer des ennuis.	Mwakasa erisyalhetha obulundu.
Avant de partir, n'oubliez pas de faire remplir par votre tuteur la fiche d'évaluation de votre stage.	Embere owerighenda,  isiwibirirawa erisulhya oyukakwimanisa ebibabe  ekyobutsopolhya byawe ekyobwigha bwaghu.
Louis ressemble plus à un alchimiste qu'à un magicien.	Louis asosire kutsibu ababindilhi okobaminyereri.
Elle s'est fait couper les cheveux parce qu'elle aimait les cheveux plus courts, non parce qu'elle a perdu son amour.	Mwakayitwako esyonziri busan'anzir'esyonzwiri nguhinguhi, sibusana  abiri kwirwa.
Le roi espère et croit que l'amour que lui témoigne actuellement son peuple durera toujours.	Omwami akalhengekanayangok'olwanz'oloabasondolhibwa  bakamukangaya silwendisyahwa.
Aucun argument religieux, historique, politique, moral, juridique ou sécuritaire ne pourrait justifier les conditions d'humiliation extrême et de punition collective auxquelles sont soumis les Palestiniens dans leur propre pays.	Sihalhi emyatsi eyekibibilia, eyekipolitik'eyobutheya, sihalhi ekyanga kanya okwiyikehya, nokwisuyira ryabandu ebyo abanya palestina  bakalolako omokihugho  ekine kyabo.
Dan n'arrivait pas à croire que Linda puisse faire quelque chose d'aussi stupide.	Dan syathalhigha ko Linda kwanganakol'ekindu ekyo bukiru.
Au commencement de la rencontre, on a lu un message de salutation du président.	Okonzuko eyerisangana, mobakasoma  enzakano eyeriramukya omusondolhya.
Ca s'est produit auparavant et ça se produira probablement à nouveau.	Eki kya biri hulukakera neki kikathasyahuluka lhino.
Je suis désolé, je me suis trompé de numéro.	Nganyire, namahera oko numero.
J'aurais aimé que tu aies appelé au préalable.	Nanganzire ulhya birikirawa embere.
Vous feriez mieux d'en acheter un neuf plutôt que d'essayer de le réparer.	Wangakolire ndeke ulhyaghula enyihyaka omomwanyenda werisugha sughayo.
Elle a passé les dernières années de sa vie avec un chagrin caché.	Mwakabugha ebirimo biwe ebye ndulya omo mirengekania eyirisire.
L'affreux petit canard se changea en un superbe cygne.	Akabata mokayihendula mo nzoka.
Le cargo spatial explosa quelques secondes après le lancement.	Ebindu ebyabya omokinya mobyathulhika kathambi kake.
He Ho ! Il y a quelqu'un ?	He Ho ! Han'omundu.
Hé, les gars ! Quoi de neuf ?	He, balwana ! kihyakihya kyahi?
Anna Freud eut une profonde influence sur Hollywood.	Anna Freud mwabya neriyitha rinzi oko Hollywood.
Elle a passé des heures à la salle de gym à essayer de perdre du poids.	 Mwaka bugha ndambi nyinzi yokobiseng'ebyamazowa okwirodnd'eri bonda.
Avez-vous lu l'article sur l'Asie dans le Time ?	Wamabiri soma ekithabu ekilhebirye e Asia omo kipapura kikahulawamo Time ?
Je confesse à Dieu tout-puissant et à vous mes frères et sœurs, que j'ai gravement péché en pensée, en paroles, par action et par omission : c’est ma faute, c’est ma faute, c’est ma très grande faute.	Ngabikulhira okonyamuhanga Thatha nenyu balhi na baghala bethu, moga halaya omo malhengekanya, omobinwa, omo mikolhere nomwisigha ebyo nangakola : nilolo riaghe, nirilolo riaghe kundu.
Je ne supporte pas ton indifférence. Si tu me laisses, je meurs.	Sinendi thoka erilhigha obutswatswa bwaghu.  wamabinzigha, ingahola.
Cette phrase prise hors contexte ne présente pas beaucoup d'intérêt.	Omulond'owimibwe ahima okoyindi syawithe ndundu nyinzi.
Les secours scrutèrent la zone, à la recherche de l'enfant.	Obusabulhi mobwasir'oko mbande syosi, omwirondya omwana.
Tu penses sûrement que les femmes sont avant tout belles et minces, et que pour le reste elles feraient mieux de la fermer.	Ukalhengekanaya uthi abakalhi balhi embere syebyosi buwene nakandi nibakebake, nokobikisighalhire bangayirire ndeke erikingabo.
Le jour où on pourra se téléporter, je connais quelques salles de bains où il y aura foule.	Ekiro thukasyabirikiranako, nyinasi ebinabiro bighuma bighuma ebikandisya sulhamo bikumula bia bandu.
Il est impératif d'accorder un traitement spécial à ce navire pour qu'il puisse passer les obstacles de la bureaucratie et quitter le port dans les délais.	Nikyamuhungo erikomia eriatho eri imoria thoka erilaba okobisunda ebye bisenge ebyo busondolya nerilwa oko kibugha okondambi.
Quand j'étais adolescente, mes parents ne me laissaient jamais sortir avec des garçons, alors j'étais toujours triste.	Omughulu nabya musuko, ababuthi baghe isibilhigha nyighende nabalwana, neryo ininga byanobulhighe ebiro byosi.
Je me souviens fréquemment de mon enfance heureuse.	Ngibuka kanzikanzi obwana bwaghe obutsemesirye.
Quand les gens me parlent du temps qu'il fait, j'ai toujours la forte impression qu'ils veulent me dire autre chose. Ce qui m'angoisse terriblement.	Omughulu abandu bakambwira endambi, nalhengekanaya ngabakasonda erimbwira bindibindu. Ekikanyisususumaya kundu.
Il faut que tu me retrouves ma dinde ou que tu me la payes. Va la chercher dans les environs, elle ne doit pas être loin.	Kumbe iwa nzungira e dendu yaghe kutse iwalhihayo. Ghenda urondeyo omondambindambi, siyangabia halhi.
Anza, ce sont les gémissements que certains entendent la nuit, dans des maisons où des personnes auraient été égorgées ou auraient subi une mort violente.	Anza, nimiluhuko nemisimbo ebyo abandu bakahulhikirira omokiro, omombimbano esiryakerawamo abandu kutse abalya hola oluholo olwamakaso.
Nous avons tendu une embuscade à plusieurs centaines de leurs nouveaux robots J-37 derrière les lignes ennemies dans une zone de rassemblement et nous les avons tous détruits en envoyant un troupeau de moutons chargés d'explosifs à travers leur campement.	Mothukanathegha obuhia oko hingiti hiabo hakuhi erighana J-37 enyuma syemilond'omokathath'akomukumokumo nehyosi mothukatsayahio omughulu thulia langira eringumba eryosiombulha esihekire ebikahutangika omobutsunga bwasyo.
Attendez une minute !	Lhinda hangenya !
Arrêtez de m'énerver. Je suis occupé.	Lhek'erimbithania. Nandimukola okobindi.
À aucun moment nous n'avons rendu votre adresse électronique disponible à un autre utilisateur sans votre permission.	Nekiro nekighuma sithulhi twathimya ebighendero byaghu biokoghundi mundu butsira ehamulhi yaghu.
Faites votre devoir, et laissez faire aux dieux.	Kola ebyo wangakola, nakandi ulhek'emirimu yikole.
Ils le feront changer de conduite (ils lui changeront la marche).	Bakandi thekambo ebyerighenderako (bakandi muhiram'olughendo).
Au téléphone : « Eh bien, ma chérie, que fais-tu ? »	Okosimu :  « mwenzi waghe, ukayira uthi ? »
La balle pénétra sa poitrine, le laissant dans un état critique.	Erisasi moria thunga ekikuba kiwe ryalhetha iniabya omo mondemonde.
Et moi qui me mêle de tout ! Ils vont tout de suite me dire: mange ton casse-croûte et tais toi. Mais, il n'est nulle  question de pain, ici ! Juste, de la gloire.	Ikwanaghe inzengayingiraya omobyosi !  Bakandi mbwira sesene : ulhya omuhesano waghu na ubye bukuthu. Alhiwe, sihalhi mwatsi gho bundu, hano ! Olukengerwa, lusa.
Voici maintenant prête la carte des idées. Réfléchis maintenant à comment tu peux les assembler dans un certain ordre. Numérote-les et saisis-les dans l'ordinateur selon l'ordre trouvé.	Lhebaya akarite akamalhengekanaya kamabya ikanayitheghekenie. Ulhengekanaye lhino ngowanga kumahio ghuthi. Uhire kwesyo nimero neryo usakeho omokisengula erikwamana nerithondeka erirya sungika.
Oui, c'est Anthony.	Kwenene, ni Anthony.
Hey, je t'ai pris une bière.	Hey, mongakwimiraya etsupa yaghu eyobulhendi.
Je ne connais aucun autre moyen de le faire.	Sinyasi eyindi nzira eyo nangakolamo.
Pour fermer la boîte de dialogue vous devez cliquer sur le X en haut à droite de la fenêtre.	Erikinga erisanduku eriemikania kumbe iwathuthya ahalhi e X ohondatha oko kulhembe okweridirisa.
Moins le blanc est intelligent, plus le noir lui paraît bête.	Abathawithe amenge okobengobi nyeru nibake, angulhe abayira bobakabya ng'enyama.
La chirurgie esthétique n'est pas prise en charge par la plupart des contrats d'assurance.	Abathahwa abakathulanga abandu sibimibwe omobageti eyo butheya.
Comme l'a dit Lincoln à une nation bien plus divisée que la nôtre, nous ne sommes pas ennemis mais amis. Bien que la passion les ait éprouvés, elle ne doit pas briser nos liens d'affection.	Ngoko alhya bugha Lincoln oko bandu abaghabaghabene ngatwe, sithulhi nzighu alhiwe abira. Mwalhi abandi bathingirwe, ekyosi kyangalheka itwaghabana.
Vous auriez dû apprendre à nager quand vous étiez jeunes.	Wangighire eridilha omughulu wabia musuko.
C'est un ancien copain de lycée.	Nimwighawakera oghokokiyiro ekya bambesa.
T'es vraiment un mec génial.	Ulhi mulumuna oyutsemesirye.
Bonsoir, la soirée est super, vous ne trouvez pas ?	Mwasibire, erighologholo niribuya, sighutasunga ?
Dans l'image suivante, nous voyons un cliché aérien du quartier général de la société.	 Omokisasamira ekikwamire, twamalhangira mo eklishe ekyomumolongo wabahimbani.
Je n'aurais jamais cru qu'il puisse faire une chose aussi horrible.	Nabya isindi nobulhengekanie kwangakola erithegheko erikalhire ngeri.
Pourquoi on n'arrive pas à envoyer d'e-mail sur ta boîte aux lettres, c'est bizarre.	Busanaki sibatha thuma e-mail okokithuba kyaghu ekyo sobaruha, sikyangawika.
Ne jetez aucun objet par la fenêtre.	Isiwaghusa ekindu omwilabira akabengeryô.
Un robot tueur est une arme autonome, qui peut choisir et attaquer des cibles sans intervention humaine.	Akangiti kaghum'akithi nikyumano, ekyanganasombola neriyitheka  okokironda butsira buwathikya bomundu.
Un flacon de shampooing coûte autant qu'un tube de dentifrice.	Akakew'akakasabu kakaghula ngakamanzo weri sughusamo.
À vos marques, prêts, partez !	Okobyenyu, theghekanaya, inianganasubula.
Elle lui cria de revenir, il ne s'arrêta pourtant pas, ni ne regarda en arrière, mais se sauva.	Mwathimana na hake, nakandi mwathakebera enyuma, alhiwe mwayi sabula.
Mon coeur ne se résout pas à t'oublier.	Omuthimawaghe syayithaghir'erikwibirirwa.
Je reviens tout de suite.	Ngasa hathya hathya.
Le loyer moyen pour un appartement à Manhattan est d'environ 4 000 $ par mois.	Enyumba yeri pangisy'e Manhathan niyahakuhi esyo ngohe 4000 hakuhi okomwisi.
La nuit dernière j’ai fini de lire The Magic Mountain.	Omokiro ekyalaba  monahikire okokika namasoma ekitabu ekye The Magic Mountain.
J'ai ouvert la porte et j'ai vu deux garçons debout l'un à côté de l'autre.	Mongakingula oluyi nerio mongalangir'abalwana babiri ibanimene okolundi luhande.
J'ai pensé qu'une promenade dans le parc pourrait soulager nos esprits de nos ennuis.	Mongalhengekanaya ko omulhender'omo luparake angawathikiriye  emarimuyethu nerithendiluha .
L'impression de liberté en matière de langue ressemble à celle en matière d'habillement : tout le monde est persuadé de suivre son propre style selon son libre arbitre, mais tout le monde porte la même chose en même temps.	Obulhengekania bobwiranda okobilhebirye omubughe bukabya ngabusosire obulhebiry'eriambala : obulhimundu alhighire eryambala  ngoko ashi, alhiwe bulhimundu akambala esyongumerera okondambi nguma.
Ce serait cool que tu viennes.	Kikandyuwana wangasire.
Tu n'arrives pas à fermer cette valise parce que tu as mis trop de choses dedans.	Siwangathoka erikinga erisanduku eryesonzimba kurangwa moghukahiramwebindu binene.
Mlle Sato est la nouvelle secrétaire du président.	Mumbesa Sato nimusaki  muhyaka oghomusondolya.
La situation du logement ne montre aucun espoir d'amélioration.	Eribyaho erieribanya riethu sirikangaya eriyikethera eryerikokothya.
Parlez à haute voix quand vous faites votre discours.	Bugha kutsibu omughulu uka kanaya.
Ceci est un magnifique champ de lavande en France.	Rino nirimariowene erye lavande e France.
Vous avez été si gentil avec moi, et j'ai passé un séjour très agréable. Merci beaucoup.	Moghukabya mwenge okwinze, namongabugha ebiro byaghe ebye nduhuke byondeke.  Wasingya kundu.
« J'emmènerai mon chien pour que tu puisses faire sa connaissance. » « Quoi ?! Ne t'aventure pas à amener ce cabot ici ! »	« Ngandilhetha endeghetheghe yaghe imowaminyayo. » « Eki ?! Isiwa pima erilhetha omubwabwa waghu ghohano ! »
Jack a passé six examens le mois dernier.	Jack mwalabire ebinzame omomukera owalaba.
Sors d'ici, tout de suite !	Ulwahando, hatyahatya!
C'est la première à main droite puis la seconde à main gauche.	Niwerimbere oko kulhembe kwaghe nerio nekyakabiri oko kulhi kwaghe.
J'aime bien réaliser des tours de magie pour les gamins, mais ils tombent parfois à plat.	Nganza erikolheria omuthimbo aghobuminyereri wabana, alhiwe bakathogha kanzi kanzi ahisi.
La tempête qu'on redoutait n'est pas venue, mais le ciel est resté sombre et menaçant.	Ekihunga ekyo twabatukatikatikirako mo kithititasa, haliwe obuthuku bulwe ibutsandire.
Bonjour chéri, je reviens à la maison.	Kuthi Mwanzi waghe, ngalw'eka.
Internet, téléphones portables ou numérisation... Quelles conséquences l'évolution technologique apporte-t-elle aux opinions, comportements et intérêts politiques des gens ?	Intinati, esyosimu kiutse olughanzo... Hali buligho bwahi ebyma bika let'omo bandu, eribyaho ryabo nesyosyondundi syepolitiki ?
La vérité est pure, mais elle est douloureuse. Aucune personne égoïste saine d'esprit n'accepterait jamais les choses telles qu'elles sont. Ainsi va le masochisme inhérent à la «vérité».	Ekwene yihwererere, haliwe yiri nobulumi. Sihali nomund'oyuyilighirirene oyo wangaligha ebindu ngoko biri. Nobumbalaka obukatesa, kobukaghenda butya oko kwenene.
Le pape a lu son message de Noël.	Yo papa wa roma mwasom'enyáwáligo yiwe eyenwili.
Je ne pense pas qu'il existe une culture où le viol n'est pas considéré comme un crime très grave.	Sindegekenye ngahanganaby'ekithongole eki liya burorora okwibakwa lya bakali.
L'une de ces routes amène à la station.	Enguma yokongenda hino ikaya eyeri ekisha.
Eh, écoutez ceci.	Eh, hulikirara kino.
Une fois lâché, un mot se répand partout.	Wabi sonokalya ekinywa, kikalu kiayitsatsang'hosi hosi.
Au moment où Adèle se levait, elle aperçut à ses côtés James, qui tenait les yeux fixés sur elle. Le jeune homme détourna promptement la vue comme s'il avait été surpris en flagrant délit.	Okondambi yo Dele abyakimana, amalunia sunga yo djemesi, akamushamalira. Omulume mwalunalebya handi ngomundu oyo bamahamba.
L'une des meilleures manières de nous aider est de traduire d'une langue étrangère que vous connaissez vers votre propre langue natale, ou la plus forte de vos langues.	Enzira ngum'eyowene okwituwatikya ryeribindula omubughe oyo utassi omomuvughe waghu wamabutwa, kutsi kuleng'omomibugh'eyewenu eyikalire.
Mon père n’a pas voulu que j’aille étudier aux États-Unis.	Thatha waghe mwathanza nyiyasomir'ebuhamerika.
Blanc sur rouge, rien ne bouge. Rouge sur blanc, passe devant.	Nzéru oko éngwendese, si hali ekikatsanga. Engwendese oko Nzéru, lab'embere.
Le lendemain de sa première sortie avec Nathan, Marie était dans la lune toute la journée. Elle n’était pas du tout attentive en classe et n’avait pas d’appétit.	Engyakya syieri lenderariwe bana yo Nathan, yo Maria abya omobulighe omwithunji ryosi. Isyali 'owamokalassi, kanji kanji isyali anz'eri lya.
J'ai essayé de lui expliquer que nous n'étions pas responsables de son erreur ; cependant, il a refusé d'écouter.	Munganalhenga erimubwira kosimalolo wetu, haliwe mwahana eryowa.
Tu devrais nettoyer cette coupure tout de suite, tu ne voudrais pas avoir une infection !	Wangeriry'ekikenzera ahonaho, kumbe mutith'ahimbikwa !
Après le procès, ils ont libéré les prisonniers.	Enyuma syomuthondo, ababohwa mobaka heriraw'obwiranda.
Martin Luther King Junior était le fils d'un pasteur noir.	Martin Luther King Junior abya mughala womulisya muyira.
Arrêtez d'être aussi attardées, bordel !	Mulheke erihandibwa, mumbule bo !
Le discours du Premier ministre était conçu pour mettre en colère les partis de l'opposition.	Omukanya womulembya werimbere alwemuke, kandi mwaka hitania ábámuıţ́sú̧rıŗ́e.
Je suis désolé, mais je ne suis pas celui que vous croyez.	Bolobolo, sinje, wamahera sindiri oyukarondekania.
Ces problèmes seront résolus dans un proche avenir.	Esyombaza ino shikahwa linolino.
Enzo a disparu sans laisser de trace.	Enzo aherire syeta siha nekiminyikalo.
Quoi que le destin ait créé, le destin y mettra un terme.	Mwali etseme moya hangikwa, esteme iyiwene ikandisya yihwerera.
Peux-tu m'expliquer pourquoi tu as refusé son offre ?	Wanganatherinibwira kiryalheka iwaghana omubiri wiwe ?
Elle me disait que certains jours, elle en voulait à la terre entière.	Inyakambwira kanzikanji, athi abyanzire inith'ekihugho kyosi.
Plusieurs jeunes disent se sentir abandonnés par la société.	Abalwana bangi bakayowa ngababirisighalirwa na bandu.
Jean est brave en apparence, mais lâche en réalité.	Yohani alinomuhwa erimulangira, haliwe nimu ghata.
Peut-être est-il temps, pour les athées, de commencer eux aussi à frapper aux portes, afin de répandre leur message de bonheur dans le monde.	Alhinga ni ndambi, ok'abethikirirye, eritsuka erikongotokolukyo, okwilalaghanya engulu mbuya omo kighugho kyosi.
Tu peux chercher où tu voudras : tu ne trouveras pas une seconde mère.	Wanganasondya ohowanzire : siwendisyasunga oghundi koyo.
Je pense que Jules n'a pas compris ce que tu disais.	Ngalengekanaya yo Yuli mwathitowa ebyulyabugha.
Tu auras beau essayer, le résultat sera le même.	Wangana subiramubyo, bikandisya byabihumerera.
Seul un esprit audacieux pourra résoudre cette énigme.	Oyuwit'omuhwa, yukendi sya sohokombanz'eno.
Apparemment, ce n'est pas exact.	Alinga, sikwenene.
Je suis Charlie.	Nyindi Charlie.
Tom refuse de recevoir des ordres de Anne.	Toma amaghan'erisikya esyotholi sya Ana.
Devinez qui d'autre a déménagé à Boston.	Minyerera nighundindi yulya huma e Bositoni.
Allô, c'est Tom à l'appareil. J'aimerais parler à Ann.	Hallo, hano ni Toma yukakubirika. Ngasonda erikanya na Ana.
Comment se fait-il que ce gosse ait toujours triste mine et les larmes aux yeux ?	Bikatokekana bithi omulwana oyu akabya nyane mobulighebiro biosi ne yiringa misonia ika toha omo meso wiwe?
Y a un flic qui s’amène !	Han'abandu be anere abaka yi letha okwibibene !
Ils parlèrent doucement, pour ne pas réveiller le bébé.	Mobakabugha bolobolo, bakasya bukyomwana.
Au moment où je tenais le bébé dans mes bras, il commença à pleurer.	Okondambi nabyagwithe olumekeke omobyala byaghe, mwatsukelilira.
Ce boulot me tue.	Omubir'ono akendinyitha.
Je réalisai alors que cette horrible cave était le seul endroit qui pouvait sauver nos vies.	Nero monakumbulire ngoko omuhwoyu habya ihanakusabwire obuyingo bwetu.
Je ne suis pas flic. Je le promets.	Sindi mu anere. Nama laghira.
Nul n'est censé ignorer la loi.	Sihali oyuthewanga bugh'athi syasy'emighambo.
On a déjà appelé les flics.	Twabiri birikir'oko bandu be anere.
Vous savez que vous n'êtes pas autorisé à vous trouver ici. Sortez !	Munasi ngoko simuhambulirwe erisungika hano. Muhuluke!
Je jure, c'est une des meilleures choses que j'aie jamais mangée.	Ngalighiraya, nikighuma ekyonithe nalya omobuyingo bwaye bwosi.
Il fut rétrogradé au rang de lieutenant.	Neryo mwasubibwa okomighanzo yabakulubakulu.
N'aie pas peur ! Si tu m'aides, tout ira bien.	Isiwakwa Buba! Wamangwathikya, ebyosi ebikandighendeka.
Sur son visage, je vis un joyeux sourire.	Okobusu bwiwe, kunalw'amaseka.
T'es un gamin bizarre.	Ulimwan'oyu tsandenye.
Je connais certains des garçons.	Nyinasi abana baghuma baghuma abakobalwanaba.
Mike a appelé son chien Spike.	Yo Mika mwakabirikira embwa yiwe mo Spike.
Elle envoie des textos à son mec.	Akathumira esyonzakano syomwanzi wiwe.
Il a été assez gentil pour m'offrir une boisson froide.	Mwakanyikokaya ndeke, amaniha nokobwasomo buloberere.
Je pensais que vous pourriez vouloir que ceci vous soit rendu.	Munganalhengekania nyithi mwangananza inabasubirya bino.
Noah fut condamné à la prison à vie sans possibilité de libération conditionnelle.	Noah mwabohirwe amaisa wiwe wosi butsira neri bugha ambu bangana muha akanyohonyoho ko bwiranda.
J’ai tenté de leur serrer la main, mais j’ai senti que mon geste était incongru.	Mongalengheribawatyoko byala, alhiwe, monganowa ngoko ekyonyilwe ngatak'ikola sikuowene.
Il nous faut connaître les détails de cet acte terrible.	Kumb'itwaminya ebyosi byosi biekindu kino kikubahaya.
À force de vouloir bouffer autant de viande, on n'a plus assez de terres à cultiver pour les faire bouffer.	Omwihatikana ryeribuhaho enyamayossi,  sithutawit'ebitaka ebyerilima omwitalisyabo.
Vous posez beaucoup de questions, hein.	Ukabulaya binene, kwe rero naghu.
Frank Zappa était un musicien américain.	Frank Zappa abya mwimbiwe bwamerika.
Je ne dirai aucun mot.	Sinendi bugha kindu kyosikyosi.
La réalité paraît différente de l'avenir auquel nous nous étions attendus.	Ebyamahuluka nyibindi okobyothulwe tuyilindireko.
C'est dingue de sortir par ce temps.	Nyinga lishire twamabi huluk'oko ndambi eno.
On s'est débrouillé pour le récupérer sans qu'elle le sache.	Mothukayiwathikay'erimwimyayoko isinyashi.
La grande majorité des élèves lycéens que je connais ne savent pas lire un mot qu'ils ignorent ni agencer les lettres dans le bon ordre, sans parler de prononcer le mot de façon correcte ou naturelle.	Abakolo banji abokokiyiro kyabakali abonasi sibasi erisoma n'ekinywa n'ekighuma omomithondekere, butsir'ibugha ne kinywa kyo ndeke.
Kylia se fait un max de blé.	Kyliya mwakahulula engano nyingi.
Je vais essayer, mais je te promets rien.	Ngandi pima pima, haliwe sindita kulagha n'omwatsi.
Après un bref discours, le maire prit quelques questions des journalistes.	Enyuma syomukania, omukulu ghomuyi mwimy'amabulyo wabathulangulu.
C'est une espèce en voie de disparition.	Ni muhanda wakanyama akasonderihwa.
Je suis vraiment contente que tu sois là, Arthur. Merci, hein.	Namatsema kundu kusangwa uneho, Arituree. Mwasingya, kundu kundu.
Je me suis sauvé sans rien dire puisque je ne voulais pas perdre notre amour.	Namasabulwa butsiribugha mwatsi, kundi sinitakire olwanzo lwetu luhwe.
Cordiales félicitations pour votre anniversaire, Monsieur Poppins.	Wasingya kutsibu okomwibukyo weributwa ryaghu, mulume Poppins.
La saison des fêtes est ma période préférée de l'année.	Omo mwaka oghuswire, nganza omughulu webisendebele.
Le jeune homme riche et complaisant se sentait étrangement attiré par la stricte vie ascétique menée par les membres de quelques-uns des ordres monastiques.	Omulwan'oyu nimutheke, mwabyakayowa nga mupe.
Arthur a atteint le grade de colonel.	Arthur abirihik'oko peta syobu kolonel.
Essayer de le ramener serait imprudent.	Eritasya muletha ryangabere nehatari nyingi.
Le mari est dans le jardin, il est couché et dort sous un arbre.	Ibawiwe an'omolirima, ana ghotsere ohondina ryo muthi.
Monsieur Savaron vient de battre complétement le célèbre avocat que nos adversaires étaient allés chercher à Paris.	Mulume wa Savaro amabisingana oko musosi oyo esyonzighu syetu silya lusaya e Ulaya.
Ouais, je me sentais mal quand nous avons rompu, mais ça ne m'empêche pas de dormir.	Inga, nyilwe ngayowa muhanda omughulu tuliya bugha, haliwe sikyanga leka niytheta yato.
Les questions confondirent le témoin.	Amabulyo mwit'esisoni syo mushuha wabo.
Je dirais que le pire est passé.	Nanga bughire nyithi oluhunda lwalabire.
Vous me devez une excuse.	Ngamb'iwanzaba obughanyiri.
Apparemment, aucun compromis n'est envisageable.	Alinga, isihatabya ekyerihemererako.
J'ai claqué tout mon fric en conneries.	Monga tsanga omolubwele lwaghe.
Je sus content que tu aies appelé.	Namatsema kusangwa wamabinibirika.
Hum...	Ayo...
J'espère qu'elle verra cela.	Ngalengekanaya kwakendi langirakyo.
Ethan dit que l'alerte était venue du laboratoire.	Yo Etani amabughati olwima molukasir'oko labo.
Vous en avez assez de cette bande de racailles ? Eh bien on va vous en débarrasser.	Mwamabiluha okwitamby'abandu batsandenye ngaba. Kobine tukendi kulusyaboko.
Il gagne le double de mon salaire.	Akalihawa kabiri kuni lenga.
Appelez ça comme vous voulez !	Ubirikir'ekyo ngoko utakire !
La taverne de l'Ours Gris, à ce que James m'assure, a depuis longtemps une réputation équivoque, et il s'est commis des crimes nombreux dans son voisinage.	Yo jemese syasibwe ndeke,nokwilwakera, abandu sibalibatha minya ngaka kola kasi yahi.m kundi abirikol'amololo manene.
Quand on joue à chat, celui qui est le chat doit courir après les autres joueurs pour en toucher un qui, à son tour, devient le chat.	Omughulu uka tsanga akapusupusu, oyuli epusu akathibita enyuma syabandi, abandu bosi, bakaby'esyo pusu.
Comme c'est souvent le cas, Henry n'était pas chez lui.	Kobikanabya bithya, Henry syabyewiwe.
À Ankara, j'ai dit clairement que l'Amérique n'est pas - et ne sera jamais - en guerre avec l'Islam. Nous affronterons, cependant, sans cesse les extrémistes violents qui posent une grave menace à notre sécurité.	E Ankara, mungabugha ndekendeke ngoko ebuAmerika -siyendisha lwa- konahake nabasilamu. Thukendi hunzwa, haliwe, ebyangalheta mbuha, babatsurire bano, bane mutsandya obwiranda bwetu.
Si cela ne vous dérange pas, je voudrais poser quelques questions à Théo.	Ngwite mabulyo make weribulya yo Theo, ikwa nangana pima batahiee.
Le visage de l'ennemi m'horrifie, car je vois combien il ressemble au mien.	Obusu bwe nzigu buka niubahaya, kundi ngalengekanaya nyithi ni sosire nyitia.
Ne dites pas de conneries !	Lekeri bugha hitia hitia !
Je n'arrive pas à me rappeler quelles sucreries j'aimais lorsque j'étais enfant.	Sinyibukire esho bombo nilwenianzire omughulu nabia mwana.
Si tu veux m'épouser, tu dois te mettre à genoux et me donner une bague.	Wamaby'iwanzire erinitahya, unapaswa eri niimaria, nero iwanimbaly'epeta.
En amour, qui doute accuse.	Omolwanzo, oyuka tika tika, yukayi tsongera.
Je suis Alex. Nous nous sommes rencontrés à l'hôtel la semaine dernière.	Inje Likisa. Motweyania oko luthere oko yenga yalaba.
C'est tout ce qui t'intéresse, hein ?	Ebyo byowanwire, kururu naghu ?
N'aie pas peur de poser des questions.	Isighubaha eri bulya obuli mwatsi oyutet'owa ndeke.
Saviez-vous qu'au Japon, si vous portez un tatouage, vous ne serez pas autorisé à vous baigner dans beaucoup des stations thermales ?	WasyowaawoE japon, wamabya i unawit'eyí̧sko oko mubiri waghu, siwangalihirwa erinabira omo biharo bihuma bihuma?
Le consultant, placé sous l'autorité du Chancelier, a donné un avis au comité sur des questions importantes.	Omulembya mukulu, mwaka bugha bindu bighuma bighuma ebiendundi oko mabulyo maghuma maghuma.
Es-tu capable de sauter par dessus une chaise à partir de la station debout ?	Wangana tok'eri iruka, neri twekika okwil'oko kitumbi iunimene ?
Le peuple aime les rois qui savent l'épargner - il estime encore plus ceux qui savent régner.	Abikalani banzire abaami abaashi eribika- bakalu babakenga kutsibu.
Tant pis si tu t'inquiètes pour Jules.	Tami syutsomene yo Yuli.
Vous voulez un verre de soda ?	Wanzer'inakuha oko highetsi kwe?
Est-ce que tu as regardé le match de foot à la télé ?	Mukana kwama omupira oko bisenani kwe?
Êtes-vous sûre de vouloir aller jusqu'au bout ?	Kabissa kabissa ukendi hik'oko mwiso ?
Aucun athée digne de ce nom n'essaiera de prouver que Dieu n'existe pas.	Abathikiriria sibanga konahak'eribuka ngoko nyamuhanga anelubula.
La confiance des innocents est le meilleur outil du menteur.	Omubehi akalu inya tsanga omobolo.
Si Dieu nous a faits à son image, nous le lui avons bien rendu.	Nyamuhanga mwatu kola ngoko asosire, situtithamuha kindu.
Thomas pourra t'expliquer tout cela en détail.	Yo Thomas akandisyakubwirabyobuli.
Est-ce que le Roi Albert aurait une relation secrète avec la Princesse Diana ? Je ne crois pas. Il est trop gros.	Nagho tse omwami lubera, anaganabya inakana ya hotsera n'omughole yo Diane kwe ? Sinyikirirye. Nimunene Kundu, ayo kibi.
Elle engagea un détective privé pour surveiller son mari.	Neryo mwakolesya omu;inyereri eri kwamirira ahosi hosi aho ibawiwe aka laba.
Nous devons nous assurer que vous êtes humain. Quelles sont les cinq premières lettres de votre adresse électronique ?	Kumbe itwaminya nguli mundu. Byebyahi, ebikabitano bye nyondirya yaghu, eye intanet.
Ha ! Ha ! Ha ! Ha ! Pas de soucis ! J'ai eu l'audace de bluffer.	Ha ! Ha ! Ha ! Ha ! Sihali lubanza ! Mongasunga omuhwa weriluhunza.
J'espère que tous ceux qui liront ces informations sauront que l'entrepreneuriat n'est pas pour les faibles.	Ngalengekanaya abandu bossi abakandi some emilayeno, bakendi minya ngoko omuyikolhero siwabondola, akalire.
On ne s'aime jamais comme dans les histoires, tout nus et pour toujours. S'aimer, c'est lutter constamment contre des milliers de forces cachées qui viennent de vous ou du monde.	Abandu sibanzana nahake ngomobitabu, ebyosi nibiri ndumbu oko kera na kera. Eryanzana, niyikakirya okokaghala akabiseme, kanganalwa nabandu bosi bomo kighugho.
J'attendais des bonnes nouvelles de leur part.	Nabyangalhind'emyatsi mibuya okwibo.
J'aimerais qu'il y ait des filles sexy dans ma classe.	Nganza kumbe abambesa bomokalasi kethu babye ba mbalaka.
Ne te serais-tu pas retrouvé en train de chercher des choses sur lesquelles il y avait écrit 20% en plus ?	Moghutetayisungak'ekindu ekisakireko ebitondi makumiabiri eryeruka?
Les Grecs inventèrent la virgule, non pour leur littérature mais pour leurs acteurs, pour les avertir de prendre une longue inspiration en préparation d'une longue phrase à venir ; une virgule représente donc une pause.	Abagriki mobakokotya ekithondi kyomuhuluko okwibo benye, nikusangwa nebisako byabo angule busana nebi kasa ; nero e virgule ininduhuke.
Cette couverture soyeuse convient parfaitement aux bébés.	Obulingithi buno butholer'oko lumekeke.
"Les États-Unis avaient besoin de l'organisation terroriste autoproclamée ""État islamique"" car c'était la plus grande organisation armée sur laquelle ils pouvaient compter pour faire tomber la Syrie définitivement dans le chaos."	"Obughuma bwebighuho bie buamerika bwabya buyisohire eribya neritunga kyangubahya ekiyayihulamo ""Obuthabali bwekisilamu"" kundi kyabya kithunga kikulu kyobulhasi ekyobabya bayikethere okwi terya ekighugho ekye siria."
Nick sait très bien parler portugais. C'est parce qu'il l'étudie depuis 5 ans.	Niki anasi ndeke eribugh'omo kiportugeze. Nikusangwa mwasomakyo hamabilab'ebirimo bitanu.
J'ai déjà lu tous les livres d'Harry Potter.	Nabya nabirisom'ebithabu byosi bia Haripoti.
Pendant les vacances d'été, j'allais jouer au foot avec des copains presque tous les soirs.	Omughulu wenduhuke, womughulu nabya ngaya sath'oko kaghughulu nabira baghe omobulighologholo.
Père disait que le plus important est que je vive.	Thatha inyakabugha athi ekyendundi ryeribyaho ryaye.
Nous devons réfléchir ensemble à l'avenir de l'Europe.	Twanganalengekania kughuma okwibyaho lye Ulaya oko biro bikasa.
Vous devriez examiner les faits d'un point de vue médical.	Mwanga sosotiry'emyatsi oko kikakyobutahwa.
La théorie des jeux montre que ce que nous nommons «principes moraux» ne sont jamais que les éléments de la stratégie permettant au groupe d'optimiser sa survie. Les hommes aiment à travestir leur âpreté sous des oripeaux de charité.	Omwilabira ebitsangia bino, ngatakeri bakangya ebyotukahula amo  «ebighenderwako », bino bika leka ekithongole ikyabya nakaghala kanene. Abalume bakanz'erikola omobukuthe omwilabir'ebihasa by'olwanzo.
Bah on s'en fout.	Oho sithutsomene.
J'espère que nous pourrons nous arranger pour venir à votre fête.	Ngalengekanaya thunemwendisoha omweyithegheranya eryasaoko kisighisighi kyawé.
Chaque cellule du cerveau est un petit tiroir vide à la naissance. A la mort, quelques tiroirs sont pleins, beaucoup sont coincés, d'autres enflés, mais la plupart sont toujours vides.	Obulhi kisenge kyobolhengekanya sikirimo kindu okonzuko. Ner'okoluholo, bisenge bighuma bighuma biswir'ebindu, nebindu bikavimba, alihw'ebingi byamubyo sibiri mokindu.
Un panneau STOP au Japon a trois côtés alors qu'aux États-Unis, les panneaux STOP en ont huit.	Ekisayi STOP ejapani kiwithe mbandisathu angulh'eyiri obughuma bwebighugho byebuamerika, ebisayi STOP biwithe mbande munani.
Le suspect doit laisser tous ses effets personnels sur la table.	Omuthikathikwa kumb'inyasigh'ebindubiwe byoko mesa.
Le cambrioleur est rentré chez lui par effraction.	Omwibi mwakasub'ewiwe isitwashi.
Le tueur a attrapé la machette alors qu'il s'approchait lentement de sa victime chancelante.	Omwithi mwakahamb'omupanga omughulu alw'aka seghera eyiri abandu.
Les soldats d'occupation sont autorisés par leur gouvernement raciste et colonialiste à tirer à balles réelles même contre des mineurs qui leur jettent des pierres.	Abalhasi babirihamulirwa nobuthabhali bwabo bwakasololo kebihanda erihuty'esyo mbundu noko bana balerebalere abaka ba hussako amabwe.
Nous ne devrions avoir aucun souci.	Sitwangabere nama lhengekania.
Quand je suis arrivé à la maison, je me suis rendu compte que l'une de mes valises avait disparu.	Omughulu indya hikeka, munga bergheraya ngok'efalış́i̧ yaghe yabulirene.
Il faut remonter au Moyen Âge pour en retrouver l'origine.	Kumb'itwasub'enyuma okwisungya esyo asili syetu.
Continuez à chercher.	Lholay'emuliro ukarondya.
Je croyais que vous aviez dit que vous alliez être en vacances.	Indya lengekanaya indimbino mukanabugha uthi ukay'okonduhuke.
Cela se voit sur son visage qu’il est joyeux.	Eri mu lolako okobusu bwiwe, tukalu twalangira ngok'atsemire.
Aucun d'entre nous ne put arriver au pont à temps.	Okwitwe sihali nomundu nomuke yowabyahikire okokisokeroko oko ndambi.
Il a décidé peu de temps après son retour en France d’abandonner sa carrière comme économiste pour se dédier à sa vraie passion, l’écriture, en Espagne.	Enyuma syerilw'ebufaranza, mwanayisubireko erilheka omubiri wiwe gholumbuka neriyihererya, omwi handika, e Espagne.
À vrai dire, il n'existe pas de radical, de préfixe, de suffixe ou de finale... en espéranto, seulement une unité lexicale employée comme radical, préfixe, suffixe ou finale.	Okwibugh'ekwenene, sihali ekie mbere, kutse ekye nyuma, oko bihandiko byendulya... omo kisipera, alihwe hali ekighuma ekikakolisibwa  nge kyanya, omo mu handiko munye.
Il va lui falloir deux heures pour venir à bout de cette tâche.	Kumb'itwamuh'esyo sah'ibiri mona bugh'omubiri munye.
Une odeur d'ananas se dégage sous le soleil.	Ekikumbo kyerinanasi kyamalwa omomwisi.
Le bruit court qu'un grand roi, notre ennemi cruel, / Idomenée, a fui le trône paternel ; / qu' abandonnés des Grecs, les rivages de Crète / promettent aux Troyens une douce retraite.	Efuyo nge yo mwami mukulu, enzighu yetu eyikalire, /moyatibitha okolubwu lwa thatha;/ ebyo ba griki ba siha, amaghetsi waba Crete/ mwalagha aba Troyens enduhuke nyibuya.
Il l'emmène dans son bureau et ils se mettent à parler d'amour.	Amamukolya omoburo biwe, nero ibatsukeri kanya okobyolwanzo.
Voulez-vous dire que vous ne trouvez pas cela bizarre ?	Ukasond'eribugh'uthi syuswekire ?
Vous n'oubliez jamais d'envoyer un cadeau d'anniversaire à votre mère.	Iwe sulhibirirawa erithuma koyo wagh'ebihembo ekyro keribuk'eributwa riwe.
Je suis sur la piste de la solution. Je l'aurai bientôt.	Ngatak'eri toka lino lino. Ngesungak'yo lino lino.
Les gendarmes lui ont passé les menottes.	Abathehya mubamuhirako emiseghe.
Dis-moi tes secrets sans en laisser une miette.	Mbwir'esyombiso butiribirirwa nenguma.
C'est marrant avec les gens comme vous : vous ne voulez pas vous salir les mains.	Uwehessa naghu : siwanzire eriyitsandyako ebyala.
Hé ! Regarde ce qu'elle a apporté !	Hé ! Lhebaya ebyalhyalhetha !
La nuit où la victime avait été tuée était celle du 14 au 15 décembre 1999.	Ekiro ekyomundu munye alyakwamo, kyabya ekiro ikumine, nikumi nebitanu oko mukera wekirerembyo mwakawekighonye kighuma makumimwenda nomwenda.
"""Traduttore, traditore"" est une expression italienne qui veut dire ""Traduire, c'est trahir"", il est évident que la version est un art difficile."	"""Traduttore, traditore"" nibinywa ebikahulawa e italia kika sonderibugha kiti ""eribindula, ni tsongera"", omubindulo, aha, akalire."
"""Il me sera difficile, messieurs, de profiter de vos aimables dispositions à mon égard, objecta Bolkonsky, en regardant à sa montre, car il est temps que je sorte."" ""Où allez-vous donc ?"" ""Je me rends chez l’Empereur."""	"""kikandiyikalako, bathunga baye, eriby'emuneho okwinje, mwabugha Bolkonsky, kundi endambi yamahika, kumbe ina enda."" ""Nero ukayahi kwe?"" ""Ngaye eyo mwami."""
J'habite à 10 km de la mer.	Nyikere oko bilometere ikumi erilwoko ngetse nene.
Fais confiance aux gens, mais n'accepte pas de bonbons des étrangers.	Hir'omobandu mwamaha, angulhe, isiwaligha ebisisi byabandu abo utaasi.
Nous nous disons juste bonjour bonsoir.	Tuka ramukanaya rissa.
Aurions-nous un monde plus paisible si la vie de tous serait forcément enregistrée par les autorités ? Est-ce que cela dissuaderait les criminels et éliminerait le crime ? Pourrions-nous enfin prendre des marches partout la nuit sans crainte ?	Twanganabere nekihugho ekithekene eribyaho lyobulimundu lyangabere ibyasibwe. Ekyo kyanga bughire abhithi bossi kwe neribugha esyo mbanza syossi omo kighugho ? Twangana lender'omo kiro butsir'ubagha kwe ?
Que feriez-vous si vous aviez, disons, dix mille dollars ?	Wamabi hira, oko syo ngohe bihonye erikumi, ukandi kolaki kwe?
La couleur turquoise évoque la couleur de l'eau claire, c'est un bleu clair et pâle.	Erangi ye trikoise ikakanganaya amaghetse awuwene, halinga wahongire.
Je veux toutes vous remercier pour du bon boulot.	Nyianzir'eri bagh'obusime, nama sima kutsibu.
Depuis qu'on a emménagé dans nos nouveaux bureaux, il faut que je change trois fois de train pour venir travailler le matin.	Erilwa twahumir'omo syoburo sihiaka sikuwethu, ngimaya esyo ngurbani kasatu imo nahika omo kashi.
N'oubliez pas de couper le gaz avant de quitter la maison.	Isimwabiriwa eritwa eliko embere mulwe omo nyumba.
On croyait, en se fondant sur ce qu'on savait jusqu'alors, que les soins dentaires les plus anciens dataient du néolithique, d'il y a sept à neuf millénaires.	Mutwabya thuka lengekania, tuthi mbino, amablya wakera awa meno abya okomughulu wakera, hamabihwa ebinhinye bisaba kutse munane syemyaka.
J'aurais dû ramener ma caméra.	Nangana lethire ekyumakyaghe ekikahamb'ebirimu.
Tommy n'a pas su répondre à la dernière question.	Yo toma mwathithathoka erisuby'oko ribulyo ryendhulya.
Hé, ouvrez la porte.	He, kingul'olukyo.
Cet article contient certaines idées vraiment nouvelles.	Ekithabu eki kirimo myatsi mihya mihya.
Arrêtez ce foutu bruit sur le mur !	Mulhekerinikenderya !
De nombreuses applications font chou blanc, bien qu'elles fonctionnent correctement de manière interne, car leurs interfaces graphiques ne sont pas pratiques, dissuadant aussitôt les utilisateurs.	Bikolyo bingi bikakola ngeswa yo musohe, ndeke busana sibirikola ngoko twabya tuwazire, kundi sibiaibwe kundu kundu nabakoli byabyo.
Béni tombe amoureux de sa partenaire appelée France.	Yo Beni amabighanzana na mukali mughuma, akaghulawamo Faranza.
Je ne sais ce que vous voulez que je dise.	Munanzire inabugha nithiki kwe.
""" Qu'as-tu fait de ton père appesanti par l'âge, / d'une épouse, d'un fils, entourés de carnage, / entourés d'ennemis, et qui, sans mon secours, / par la flamme ou le fer auraient fini leurs jours ? """	"""Ulyakol'omusyakuluwawe yoki oyomabyoloba,/ omukali mughuma, mughala mughuma, oyuthimbirekonesyonzihu,/ nakandi, oyo, hatheobusabuli bwaghe,/omwilabira ekirimi angabere inyabughire ebirobiwe ? """
La gagnante de Miss Univers de l'année dernière est très haute.	Oyo wasind'obumissi oko mwak'ahwa nimuli kuraha.
La cloche sonne à midi.	Omukenge ama wat'oko medi.
Désolé de ne pas avoir répondu plus tôt à votre message, j'étais occupé.	Unyighanyire kongo monyithita subya luba oko mulaghe wawu,  nyilw'inga tumika kustibu.
C'est un chic type, assurément, mais pas très malin.	Nimundu oyusikire, alihwe, simutsweka.
On peut se sacrifier pour ses propres idées, mais pas pour la folie des autres.	Omundu anganayihererea oko malhengekania wiwe, aliwe butsira lisire ryabandi.
Johnny a planté des graines de pommier continuellement pendant 46 ans.	Yohani mwakera esyonguma syamathunda ebiro byosi omo myaka makumyani n'endathu.
Alors Jésus se retourna et vit ceux qui le suivaient et leur dit : « Que cherchez-vous ? »	Neryo Yesu mwabinduka nikwa mwalangira abalwebamukwamire, ama babwirathi  : « mukarondaki ? »
Si tu es Palestinien, tu peux être condamné à la détention administrative sans inculpation ni procès pour des périodes de six mois renouvelables indéfiniment, même si tu n'as rien fait.	Wamabya nguli munya palesitini, wangana yamongomo oko missi ndathu, esi syangana biaho keranakera nomo utheta kola kindu.
Sami ne pourra pas prouver cet alibi.	Samueli syendithoka eriyithelula oko mwatsi oyu.
Pile je gagne, face tu perds.	Konanga toka, kuts'ibyahera.
Il ordonna « mourir il doit pas, laisser courir ! », cependant le scribe écrivit malheureusement « mourir il doit, pas laisser courir ! »	Mubasaka « Erihola iyehe, mulek'erithibita ! », haliwe, omusaki bwandikire athi  « kumb'ina hola, simumuleke athibithe ! »
La saison de la chasse est ouverte.	Omughulu werihigha amabi hika.
Les réseaux de neurones artificiels peuvent être utilisés pour comprendre les réseaux de neurones biologiques ou résoudre des problèmes d'intelligence artificielle, sans nécessairement créer des modèles de véritables systèmes biologiques.	Esyosinzira syemiki esi kakolawanabasungu siangana tumikisibwa okwihigha esiryomomundu, haliwe sisyanga kola ndeke ndeke ngesyo mungu ahiraho.
Elle écrit ses poèmes d'une belle écriture sur des petits papiers qu'elle suspend partout dans son appartement.	Mwabya aka handika esyo nzakano shiwe syo ndeke, okuhiyani hike hike, nero ina lelembyaho omu yumba yiywe yossi.
Les documents relatifs à cette période sont particulièrement rares, peut-être à cause d'une longue série de désastres naturelles qui ont frappé la capitale.	Ebidosyo ebiringa ebyokomughulu wa kera sibyesungika, nobuligho bunzi obwabanika erylw'oko bwikalo bukulu.
La mère ne saurait être passée sous silence quand nous parlons des succès de ses filles.	Koyo syangathoka erihuna omughuluthukabugha okobuthoki bwabalibiwe.
Le procureur a commencé un procès criminel.	Omusosi mwatsukeri tw'ebinywa omobisenge biwe.
Le shérif vous attend dans son bureau.	Owolukengerwa anemubalinda omobiro biwe.
J'étais contente de voir mes vieilles amies.	Monatsema erilol'oko bira baye bakera.
Il n'y a pas de femme au monde qui puisse résister aux soins assidus et à toutes les attentions d'un homme qui veut la rendre amoureuse.	Omokighuho kyosi, sihali omukali oyowanga ghan'olwanzo lo mulume.
On se mate le dernier épisode de Game of Thrones ?	Tuli mukalindiriri akebisesani byo mwiso bye Game of Thrones ?
Comme j'ignore quelles questions me seront posées, je devrai improviser lors de ma présentation.	Kundisinyasi amavulyo oghovakandi mbulya, ngendilu nasirirayo butsiri lagha.
Daniel et Stéphane ont fermé leur valise.	Yo Danieli na Stifano mobaka kingesyofalisi syabo.
Ils ont continué à chanter jusqu'à l'arrivée d'une équipe de secours.	Mobabya bakimba, bakimba kutsibu nero ebipya mobyalu ibyasa.
Il est de ton devoir de terminer ce boulot.	Bikusohir'eribugha omubir'ono.
Pour beaucoup de gens le métier de coordinateur académique est obscur, il est plus simple d'expliquer directement ce que l'on fait au quotidien.	Okobandu banzi, omubiri oghobusanganya bwa kalasi alhingomwirima, kyolobire erikanya okobyo omundu akakol'obulikiro.
C'était quand la dernière fois que tu as amené ton chien au parc ?	Watwala endegheteghe yawe yo muluparake mokirokyahi ?
Vous devez coordonner vos plans avec les miens.	Waangasanganisye emyatsyawe neyaghe.
C'est difficile de soigner un bébé qui pleure.	Kikalire eritwanir'olumekeke luka lira.
Je vais chercher Robert à l'aéroport.	Ngandiyasondya Robere oko kibugha.
La nuit dernière, je suis resté à la maison, pour pouvoir recevoir votre appel téléphonique.	Omobuthuku bosi, nabya inyika lhindirira eribirikira lyaghu.
Il faut que tu m'appelles immédiatement.	Kumbe umbirikire hatyahatya.
Je veux un inventaire très précis cette année, il ne s'agit pas de noter des chiffres au petit bonheur, compris ?	Omwaka ono, nyanzire emighanzi yino iyakolwa ndeke,sibwambu nisaka  emighanzo, wanamowa ?
Ça fait justement une semaine que je suis arrivé à New York.	Hamawha enyenga nguma nyinahikire okwil'eniwiyoroko.
Qualifier une parole de parole haineuse est un moyen de limiter la liberté d'expression par la pression sociale.	Erikakirya ekinywa kitowene niita obwiranda bwabandu.
Il y a trois jours, elle a vendu ses cheveux, les plus beaux que j'aie jamais vus.	Hamakya bisathu, abyabirighulya esyonzwiri syiwe, sighambire kutsibu.
Le ciel est trop ennuagé pour qu’on puisse observer les étoiles.	Obuthuku bukinire, okwilangira esyonyumu.
J'irais décrocher la lune pour toi si tu me le demandais.	Nanganayiendire omughenda, wamabi ni sabagho.
Cette île était gouvernée par la France à une certaine époque.	Engetse eno yabya ikikasondolibwa nobutabali bwe bufaranza.
N'hésitez pas à faire une pause quand vous voulez.	Isiwabirirwa erilhuka.
Plus de 90 pour cent des visites d'une page web trouvent leur origine dans les moteurs de recherche.	Hakuhi nesyo pursenti 90 esyemirondekanyo yoko intaneti sika sung'enzuko yasyo omokyumano kyomirondekanyo.
Si tu demandais à ton banquier où il plaçait son argent, tu devrais aussi demander à ton dentiste d'ouvrir sa bouche pour que tu puisses regarder ses dents.	Wamabuly'omibiki waghu ohoakatheka esyosende siwe, kongoko wanga sabire nomukhuli wameno erithanda obuno bwiwe, nero iwalangira amenowiwe.
Les agents de police portent des uniformes bleus.	Aba polisi bakambala esyo njimba sisone.
Enfant, j'ai passé plusieurs années en Indonésie et entendu l'appel de l'adhan à la pointe de l'aube et à la tombée du crépuscule.	Mwana, muna bughire birobinzi byebuhindonesia neryo muna lhinda eribirikira lyada bukasond'erisanzukala na bukasonderira.
Il y a de la majesté dans son style.	Emyambalire yiwe yinayisikire.
Je ne le connais ni d'Ève, ni d'Adam.	Sinyimwasi konahake, nahake.
J'ai oublié d'envoyer des cartes postales du nouvel an à mes amis.	Nabiribirwa erithumira ekipapura kyomwakamuhya oko banzi baye.
Il était carrément méchant, jamais content.	Abya karanzukire, konahake syali seka.
En ce qui concerne les condoléances devant la sépulture ouverte, nous vous prions de vous abstenir.	Ubye molo embere syabandu oko kiriro, isiwabiriwawa.
N'oubliez pas d'éteindre le gaz en sortant.	Isimwabirirwa erilimya omuka embere mughende.
Arrêtez d'être si gentille !	Lhek'eribya mwenge !
Le souci prête une grande ombre aux petites choses.	Esyombanza sika kura na hindu hike hike.
Je roule mes propres cigarettes.	Ngafut'ethaba oko syaghe.
Combien de temps a vécu la civilisation maya ?	Ekighanda kyaba maya mukyabugha birimo bingahi ?
Boule de Suif est un personnage qui surprend et qui a des caractéristiques qui n'appartiennent pas spécifiquement à sa classe sociale.	Boule de Suif nimundu oyuka sisiryabandu aka kolebitheko lubu lwiwe.
Et si tu t'y étais rendu et si elle ne s'y était pas trouvée et si en plus il avait plu ?	Nero wangabya ulyayayo isyaliyo nero nembul'iyakuwirirako ?
Je vous offre ma gratitude en échange de votre gentillesse.	Ngendi kuha eyisimi yaye busana utsanga tsangire.
Ne bougez pas à moins que je ne vous le dise !	Isimwalwaho embere nibabwire !
Il me fout la chair de poule.	Amanyionera.
Ne change pas ton projet à tout bout de champ !	Isiwabindula ekiyisunzo kyaghu oko ndulya !
Les flammes l’éclairaient, il devait avoir vingt et un ans, très brun, joli homme, l’air fort malgré ses membres menus.	Ebirimi mobya omuliro byabya bika muhenya, anganaby'a n'emyaka makumiabiri nomughuma, ni mweru kundu, kandi mulume oyughambire nga.
Le silence fut si profond qu’on entendit dans la cour le murmure des cochers, les coups de pied et les bruits que font les chevaux en demandant à revenir à l’écurie.	Obukuthu mubwabyabungi nerihika okokika mutowa omungurumo wesyonyama, ebikindo byesyongania.
Dors à côté de moi, il fera bientôt jour.	Ghotsera oholuthambi okwinze, hatya bukasanzukala.
Ne mens pas, chéri.	Mwanziwaghe, sighundebe.
Marie Dmitrievna, surnommée «le terrible dragon», n'avait ni titre ni fortune.	Maria Dimitirievna, akabirikirwamo « oyukayikumayira mo nzokangulu », abya isyawithe rina nabutheke.
L’enfance est un papillon qui se hâte de brûler ses blanches ailes aux flammes de la jeunesse.	Omwana nikinyarughunzu ekika hahuka erithimy'ebipupa byako ebyomusohe byoko kirimi kyobulwana.
Je retourne en fac.	Ngasub'oko kalasi.
C'est un acte de cruauté que d'enfermer un petit enfant dans sa chambre.	Erikingir'omwana mulelere ngoyu, lingere nobuloyi.
New York est accessible par le rail depuis Washington.	Erihik'eniwiyoroko nighenda okobyuma erilwire wasingitoni.
Trente rayons forment le moyeu, mais le vide, entre eux réalisé, forme l'essence de la roue.	Akathi kawit'emithi makunyasathu, haliwe omokathi kayo, momun'ekiringo.
La capacité à produire des paroles nouvelles est un attribut de tout langage naturel.	Obutoki bweribugha ebinywa bihiaka bulikobuli mundu.
Une suspension de l'exécution fut ordonnée in extremis.	Mobalu ba lekha erikolabyo abakulu bomuyi babi bugha.
Car les requins, nous les vîmes non pas à l'unité, ni par dizaines, ni par centaines, mais par milliers et myriades. Croyez-moi, il y a davantage de requins dans la mer que de mortels sur terre.	Kundi esyo mbondwe, motwansungiresyo, butsirikumi, butsirghana, haliwe ebihonye binzi kundu. Muikiraye omwinje, esyo bondwe swuswire omo ngetse eno.
Qu'est-ce que ton mari t'a offert pour ton anniversaire ?	Ibawawe mwakakuletheraki okomubukyo weributwariaghu ?
Ne vous inquiétez pas. Vous pouvez me faire confiance.	Isiwua hanghahangaya. Wangana mbira mwamaha.
Thomas garde toujours des câbles de démarrage dans le coffre de sa voiture.	Thomas abikir'emiki eyenzuko yolughend'omokiheka kye nguruvani.
Surtout, ne ramène pas ce type au bureau.	Kutsibu, sighusya lheth'omund'oyu ebiro.
Bien après avoir rejoint le FMI en septembre 1992, recommence alors une histoire de souveraineté violée, de politiques imposées et d’asservissement néocolonial.	Uthia enyuma werisyaya sangana e FMI okomwisi womutoheryô mwaka wekighonye kighuma maghana mwenda makumi mwenda makumi mwenda nebibiri, ehistoria yamathasya tsuk'eyobuthulani obulhia thekawa, ekipolitik'ekyamakaso nekyomukolobokyo.
La famille Van Horn est riche.	Ekihanda kya Van Horn nibatheke.
Sa vie a basculé le jour où son mari est parti sans prévenir.	Eribiaho riwe morika vulhegheth'omughulu ivawiwe alhiaghenda vutsiri lagha.
Cette personne a eu un étrange sourire sur la figure pendant un instant. Que pensez-vous que cela cache ?	Omundu oyu mwakabia neritsema kundu oko busu bwiwe omo kathambi kaghuma. Ukalhengekanay'uthi ekyo kikavisaki?
Arrêtez de vous inquiéter pour cela.	Lhekihangyahangya vusana nekyo.
Je ne réponds pas aux questions stupides.	Sindi subiray'amabulhio awalhi kithiakithia.
Ce serait sympa si je parlais dix langues.	Kyangavere kikutsio nangabughire omomibughir'ikumi.
Enchanté de faire votre connaissance.	 Kyowen'erikola eriyiminyisya.
J'aime bien taquiner les gosses.	Nganza kundu erikenderiabana.
Vous feriez mieux de vous coucher pour vous reposer un peu; cela vous ferait du bien, car vous n'avez pas dormi de la nuit.	Wangayirire ndek'eriyath'omwiluhukahake; ekyokyangabere kyomuhungo okwiwe, busana sighutha yath'omokiro.
Sa figure devint bleue à l'écoute des informations.	Obusu bwiwe mobwasos'eranzi eyo mutheghulhe omughulu aka hulhikirira esyongulu.
J'ai bien un permis de conduire mais pas de pratique de la conduite, aussi je n'ai pas confiance en mes capacités en la matière. Prenons le train pour aller où que ce soit.	Nangwith'ekirango ekikanyihamul'eriya omo ngend'alhiwe vutsira ekikanyihamulhir'erikol'obufuhi, nakandi signiwithe amaha omo malhengekanya waghe oko makangirirya. Twimay'engurubani thuye ahosihosi mohangabia hayi.
Il est roublard, il saura tirer les marrons du feu.	Nimwenge, akandi yi lusy'omo muliro.
Si tu veux être élu, tu vas devoir soigner ton image.	Wamyaby'iwanzire erisombolwa, ngamb'iwa yilandako.
Il a traversé une terrible épreuve.	Mwakalab'omo kika ekikalhire.
Pourquoi l'amour est-il si compliqué ?	Busanaki olwanzo lukalhire ?
J'ai le sentiment que vous aviez autre chose à l'esprit.	Nana sosekania ngouna with'ebindubind'omomalhengekanya.
J'aime Kevin Nash.	Nyanzire Kevin Nash.
Il est impossible que tu puisses sauter à deux mètres de hauteur.	Yolovir'erivia iwangana thwa ekika oko metre iviri syo vulhi.
Vous savez tous ce que je ressens pour Marika.	Unasi ebyongowa vusana na Marika.
Il dit. Un air plus frais favorise nos vœux. / On entrevoit le port ; et, voisin de la nue, / le temple de Pallas se découvre à la vue.	Mwabugha. Ehewa yuwene ika tu watikaya. /Tukalangir'eyo syo ryatho sikahikira; na, omuhimbani obwathambithe,/ obuhima bwe Pallas bukayi minyisay'oko meso.
Hugo est fiancé à Ruth.	Hugo ni mwanzi wa Ruth.
Grace arborait un regard indigné.	Grace abyaka lebya muhanda.
Vous voulez voir quelque chose d'amusant ?	Wanzire iwalangir'ekindu kighuma ekikanzisaya?
Anchise explique l'oracle, et persuade aux Troyens qu'il s'agit de l'île de Crète, d'où est sorti un des anciens fondateurs de Troie.	Anchise akakanay'oko ekihulawamo oracle, na akasinga ava Troyens ngoko nikitsira Crète, ekyalwam'omughumawavatheki ave troie.
On a enlevé ses dents de sagesse à Brian.	Movaka kul'ameno aghovwenge wa Brian.
Trois fois j'étends les bras, et comme une vapeur / trois fois a disparu le fantôme trompeur.	Kasathu ngakokay'amavoko, nangekihunga / kasathu omulhimu mubehi mwaka bulhirana.
San Francisco est sur la côte Ouest des États-Unis.	San fransisco ane okoluhande olwa malhengera ry'États-Unis.
J'ai passé les plus beaux moments de ma vie chez mon grand-père.	Mungalaba ndambi nyiri esyowene esyeribyaho esyeribiaho ewa sokulu waghe.
Tu regardes tes belles images.	Uka lhebaya ebisasamira byaghu ebyo wene.
Les verres à double foyer sont aussi appelés bifocales.	Esyondehi esiwithe amahigh'awaviri sikahulawamo ndehiviri.
Les parlementaires méritent l'immunité et un salaire afin de garantir leur indépendance.	Avakahulawamo va parlementaires ngamb'ivahawab'engavo nomupokero imo babianobwiranda.
Où est l'entrée des urgences?	Oluyi lwe kazaroholuli hayi?
Le concert était fantastique, mais maintenant j'ai une faim de loup.	Ekisiyisiyi kyavya kivughiria, alghiwe hathia nyikwir'enzala nzibu.
Nous commençons à être à court d'idées.	Amalhengekania wethu amatsukerihwa.
La critique des relations est parfaitement légitime.	Obuthong'obwonywani sikibi.
"Corrige ton fils, il te donnera du repos. Et fera les délices de ta vie."""	Ughombolhe mughala waghu, akandisyakuha enduhuke. Naukandisyakol'ebyowene omwivyaho ryaghu.
Leur baiser avait été découvert par Charlotte.	Erilhiatsira ryabo moriafumbulwa na charlotte.
Oubliez ! C'est trop risqué.	Wivirirawe ! kyanga baghalhiria omundu.
Je n'ai pas pu écouter l'émission de radio jusqu'au bout.	Monyithith'owa ekihindikyoko kinimba erihik'okondulhi.
Après que huit mois eurent passés et que sa peine d'amour se fut évanouie, Georges recommença à sortir avec des filles.	Enyuma syemikera munani erilava n'enduhi eyolwanzo lwiwe erilaba, soroshi mwatsuk'erighenda nabambesa.
Essayer de la convaincre n'a aucun sens.	Erilhenga erimwowisya sikiwithe ndundi.
Il y a des enterrements de première classe comme si on allait au Paradis par le chemin de fer.	Hali amathabali owabandu owakakolesibaywa nekisungu kinenene ngomundu akay'omombíani omo nziraye byuma.
Tandis que Laban était allé tondre ses brebis, Rachel déroba les théraphim de son père.	Omughulu Laban mwayiriyathwa ovweyavoko mbulhisiwe, Rachel mwiva evindu bise wiwe.
Quand une femme a le choix entre l'amour et la richesse,elle recherche toujours le compromis.	Omuhul'omukalhi awith'erisombola omokathi kolwanzo novutseme akaronday'erihulhikirirana.
Vous seriez arrivés un peu plus tôt, vous auriez pu la rencontrer.	Wangahikireyo luva okwaho, wanga musungire.
Ton silence est justement une accusation sonore.	Ovukuthu vwaghu nitsangira eriomulhenge.
Je m'approchai d'elle en disant : « Hé, qu'est-ce qui se passe ici ? »	Monasegher'ahakuhi naye ngavugha indi : « hé, ekikalava hano niki? »
Je connais la procédure.	Nyinasi ekyothwanga kola.
Je crois que, si vous le voulez, vous pourrez obtenir de bons résultats.	Ngalhengekanaya nyithi, wangana ban'ebiowene.
L'homme, blanc en Europe, noir en Afrique, jaune en Asie, et rouge en Amérique, n'est que le même homme teint de la couleur du climat.	Omulume, mweru evulaya, mwiraghulu omo Africa, oghomulhinga e Asie, na owengwindisi e America, nimundu mughuma werangi yobuthuku.
J'espérais que vous pourriez aider.	Ngalhengekanaya wanga wathukirie.
Les douze signes du Zodiac sont : le bélier, le taureau, les gémeaux, le cancer, le lion, la vierge, la balance, le scorpion, le sagittaire, le capricorne, le verseau et les poissons.	Esyongay'ikumi niviri esye Zodiac halhi : embangalhe, ende eyovulume, esyongamiya, enyama, endále, omunyole, nesyosamaki.
Il a tendance à siffler les belles dames qu'il voit dans la rue.	Anarondire inyasughunda oko vambesavavuya ovwwakalangir'omongenda.
Le journal d'aujourd'hui rapporte que le premier ministre a abandonné l'idée de visiter les États-Unis.	Esyongulu syamunabwire sikabugha ngok'omulhembya werimbere mwakayisubako erilambayira e  États-Unis.
Le même résultat on peut l'obtenir en faisant un calcul rapide et direct, du style de la physique.	Evighuma vighumera thwangasunga ky'omwihand'akalamu kaluvaluva, omwilavir'emyatsi eya mavindulhe.
Selon des sources bien informées, ____ Ltd. se prépare à rejoindre la première section de la bourse de Tokyo.	 Erikwamana nesyonunga esiminyisivwe ndeke  ____ Ltd. akayi theghekanay'eryasangananolughavo olwerimbere olwebihasa bye Tokyo.
Sois comme un promontoire contre lequel les flots viennent sans cesse se briser.	Uvye ngomuthuki oyo avathavana vakasoko kanjikanji vakayoyitsutsanga.
Je suggère que vous fassiez votre boulot et me laissiez faire le mien.	Mamavughaindi ukolhe omuviri waghu nerinyilheth'erikol'owaghe.
Une stagiaire de l'armée avait été contrainte à la démission après avoir été filmée nue à son insu, alors qu'elle prenait sa douche.	Omwigha owobulhasi mwasangwa erikirirya emikolano enyuma syerivihambwa evisasamira isyambithe, omughulu avia akakanaba.
Je promets que j'appellerai.	Ngalahiraya kongandi birikira.
Je descends dans une minute.	Ngandaghala omomathondi manyothonyotho.
Helen descendit à l'arrêt suivant.	Helen mwandaghala okomukikiowakwamire.
Je lui confie mes secrets et il ne les répète à personne.	Ngamuha esyokumbosyaghe nasyalhi suviramusyomomundu.
Il n'a pas de flingue.	Syawithembundu.
Le vampire embrassa son cou avec passion.	Ekihara mokiayilhingira omobikya biwe nolwanzo lunzi.
Vous devriez libérer ces animaux de leur cage.	Mwangalusya esyonyama esi, syomolithonga.
Avez-vous vérifié la boîte à idées, aujourd'hui ?	Mwanakeviri'ekisanduku ekyamalhengekania, kyomunabwire ?
Le ministre prévoit de visiter le Mexique la semaine prochaine.	Omulhembi'anatheghekeni'eriyakeb'oko Mexique okoyenga eyikasa.
Rendons hommage à MoḥYa, afin de ne pas oublier, lui qui nous écoute peut-être, puisqu'il vit jusqu'à présent à travers ses paroles, pour l'éternité.	Thuh'olukengerwa lo  MoḥYa, mwitutamubirirwa, mbino yukathwowa, vusana aneho erihikanalhino omwilavir'evinywa biwe, kera nakera.
On a un besoin urgent de nouvelles idées.	Thwamaylaghako luvaluva okyamalhengekanya mahiaka.
Manon m'a demandé s'il était possible que j'aie des préjugés vis-à-vis de Arthur. Cela m'a fait réfléchir et j'ai décidé d'écarter ces préjugés, qui existaient bel et bien.	Manon mwakambulaya ngokyanganathokekana erivia nemithikothik'oko Arthur. Ekyo mokikandethera erilhengekania neryo mongayithagha eri highula amalhengekanyamavi, awalweho ndeke ndeke.
Sans surprise, la plupart des contributeurs en lojban n'indiquent aucun pays d'origine dans leur profil.	Butsir'etri sisira, avanji vomovakalhetha omukekera omo lojban sivikangay'ekihughokyav'omovyovanga sunga.
Le palais de l'Élysée est un hôtel particulier situé au no 55, rue du Faubourg-Saint-Honoré à Paris.	Embimbano ya Élysée ni luthere lwiwe olukavanika okwighanza makumi awathanu, luyira olwe Faubourg-Saint-Honoré e Paris.
J'espère que vous trouverez ce que vous cherchez.	Ngalhengekanaya ukasunga ekyo ulwe ukarondia.
Selon Andy Warhol, chacun aura quinze minutes de renommée.	Erikwamana na Andy Warhol, obulhimundu akandibia nehithond'ikumi nithanu ehieriyiminyisya.
Il est difficile d'interroger son âme et de reconnaître sa petite voix d'enfant au milieu des clameurs inutiles qui l'entourent.	Kikalhir'eribulhia omuthima wiwe neriminya omulhenge wiwe ogho mwana omokathikathi kamalhengekanya wiwe awathawithe mughaso awakamuthimbako.
Dan veut lancer sa propre station de radio.	Dan aka tak'inyatsuk'ekinimba kiwe.
Tu ne te rappelles rien ?	Sighuthevuka kindu?
L'acte connu sous le nom de terrorisme, qui nous prive en un instant de tous nos précieux jours de paix et de bonheur, mérite d'être appelé ennemi de l'humanité tout entière.	Erithegheko eryasivw'omorina erye obwithi, erikathwivwa ndambi nguma evirovyethu evyo vuhoho netseme, ryangahulwamonzighu yomo kihugho kyosi.
Ne fous pas le chantier dans mes dossiers, ils sont tous classés avec précision.	Sighughan'eritsomana olughango omovidosyo vyaghe, evyosi vinathekire ndeke ndeke.
Je serais ravie de chanter pour toi.	Nganditsema ngakwimbira.
Je ferai semblant de ne pas savoir et ça ira.	Ngandivya ngasinyasi nerio bikandighendeka.
J'aimerai beaucoup apprendre à danser.	Nyanzire iniha erisathakutsibu.
Kim est de deux ans plus âgée que lui.	Kim niwemyaka eyibiri kutsibu okwiye.
Je ne le connais qu'en bleu de travail, mais à l'audience, il est apparu en costume-cravate. Je l'ai à peine reconnu.	Ngamuminya omokwindisi eyomubiri, alhiwe omomithondo, mwakasa inyan'omorikothi na karubante. Monyalu na muminya.
C'est ainsi que Pandark se perdit dans sa chambre et on ne le revit plus jamais. Certains disent qu'il est mort de faim, d'autres qu'il erre encore à la recherche de ses CDs.	Ko Pandark mwakaherera omokisenge kiwe  niri hikamanyagha sithusya musunga. Abandi vakavugha bathi aholhire omonzala, nabandi bathi kwakinaghangaghang'akarondia esyo CDs siwe.
Si ce maudit perroquet n'arrête pas tout de suite de crier, je lui tords le cou.	Akasúku kano kamabiaisikendi lhek'eri lakalaka, inganighako.
De plus en plus de médecins ont commencé à utiliser les nouveaux médicaments.	Kanzikanzi abathahwa babiritsuka erikolhesya amabalhia mahya.
Nous vivons une époque où les gens affichent publiquement leur orientation sexuelle mais sont disposés à faire un procès à quiconque en prend note.	Thuli omokathambi ako abandu bakakangaya burorarora amalhlengekanyabo awalhebirie oluthetho alhiwe banayitheghekenye oko mithondo nolhia mundu oyukasakabio.
Partout sur son chemin il enseignait l'amour, la patience, et par-dessus tout, la non-violence.	Ahosi ahwakalab'abia iniaka kangiraya olwanzo, erilhindirira, nomobyosi ebyo, erithendilwa.
Ce scotch ne colle pas.	Escotch siyitahamba.
Il ne s’agit plus de créer une belle œuvre, il faut savoir s’organiser une belle réclame.	Sibwambu nisyatsuka omubiri oghuwene, kumbe imwaminya eritheghekani'omusab'oghuwene.
Quelle que soit la vitesse à laquelle tu puisses courir, jamais tu ne rattraperas une moto.	Mowangatha vughambu ghuthivithire ghuthi, siwendisyatha hamba epikipiki.
L'optimisation globale, de quoi s'agit-il ? C'est un peu comme si je te donnais une paire de jumelles et te demandais de me trouver la montagne la plus haute du monde, en n'utilisant que tes yeux.	Erisyerya, niki? Nihake ngesaghanangakuhere amathorobino nerikusava erinzukira ekithwa ekiri omokihugho, omwikolhesya ameso waghu awaviri.
Cela ressemble à une forêt enchantée.	Ekyokikasosa omushithu owatsemesirye.
Certains de ses articles les plus anciens restent tout à fait d'actualité.	Evighumavighuma evyomovindu viwe vikavya vihyavihya kandi nivyakera.
Mais cette info est-elle vraie ?	Ahiw'esyongulu esyo nina kwenene ?
Énée est lui-même trompé. Didon l’embrasse, le caresse comme le fils du prince Troyen; et peu à peu la passion de l’amour se glisse dans son âme.	Énée naye athevirwe. Didon akamuthimbaya kwamavoko, akamuthulako lhiololhiolo ngomutso ghomughala ghomwami Troyen; nahakehake olwanzo lukayitheka omomuthima wiwe.
Sherlock Holmes semblait ravi à l'idée de partager ses chambres avec moi.	Sherlock holmes averengatsemire okovulhengekania avwerihotser'omo kyumba kighuma naye.
Il devrait profiter au maximum de l'occasion pour étudier.	Angavanire akavanga akerighamo.
Ce gars sans cœur essaie de toutes ses forces de me ruiner.	Omulwana oyuthawithe mutim'anemuyikasa erinibughako bindu.
Le professeur de sport aligna les élèves en rang d'oignons le long du stade avant de faire l'appel.	Omukangirirya owerikakya emiki mwathondeka avigha okomilondo nge syoronye omokivuya embere avirikire.
Des gens innocents meurent sans qu'aucune issue favorable ne voie le jour.	Avathawithe mbugha vakahola vutsira erilangir'ekiro.
Celui qui chasse deux lièvres à la fois n'en attrape aucun.	Oyuk'higha esyosungur'iviri okondambi nguma akalwaho buyira.
""" Mais qui pouvait si loin attendre une patrie ? / Et qui croyait Cassandre en ces temps malheureux ? / Cédons aux lois du sort, obéissons aux dieux. """	"""Alhiwe yondi yowangalhindir'ekihogho kiwe? / Niwe ulwe ukalhengekenia Cassandre omobiro ebiobuligho? Thulhek'emighambo, thusikay'emirimu. """
Je me sens beaucoup mieux maintenant que ma boîte de réception est vide, car cela veut dire que j'ai traité tous les problèmes importants.	Namayowa ndeke hathia ekisanduku kyaghe kyavivia esikirimokindu, vusana ekyo ikavasond'erivugha kithi navirisoh'emisango yagheyosi eyendundi.
Les Américains auraient répondu différemment des Japonais.	Avamerika vangasuvirye ghundi muhanda kulhenga avanya Japon.
Les fauteurs de trouble ont eu un an d'emprisonnement, au cours duquel ils ont eu le temps de réfléchir à leurs actes.	Avakolhi avamalolo movakahavawa omomwaka mughuma wengomo, oghomo valhia lhengekanaya okovyovakakola.
Il a plu et la poussière a disparu.	Embula moyikawa naluthuthu lwamahwayo.
Il a compris son exercice grâce à l’explication de son camarade.	Mwakowa ekighi kiwe omwilavira omwira wiwe.
Je voudrais visiter New York.	Nyanzire inaya e New York.
En comparaison avec ses problèmes, les nôtres ne sont rien.	Erithalhevia erighavaghavana omomisango eyi, eyethu sikindu.
Dernièrement, j'ai découvert que la comptable de notre société volait de l'argent dans la caisse. Je l'ai alors immédiatement convoquée en entretien.	Erinyuma, mongafumbulhako omughanzi oghomo muviriwethu avia inyakiva esyosende omokighona. Neriomonalunamubirikirako vusana nomukania.
La force athlétique est un sport où les athlètes en compétition doivent soulever un poids maximum cumulé de trois épreuves de poids, la flexion des jambes, le développé-couché et le soulevé de terre.	Akaghal'akomwesi nimakangiriry'agho avesi avalhi omovuyilwireko vanga sumba esyombiso iviri esyevilo, erisumba amaghulu, neriyikakya haghuma neriyisumb'okokithaka.
Je suis allé faire une radio des dents ce matin, j'ai attendu 1 heure dans la salle d'attente !	Monayiriya kokothia ekinimba ekyamen'omomitsang'eno, mongalhinda sahanguma omokyumba ekyakalhindiriri!
Oliver demanda à ses parents, Jules et Marguerite, d'où les enfants venaient.	Olivier mwavulhi'avavuthi vukuwiwe, Jules vana Marguerite, eyo avana vaviavakasira.
Ils allaient la tuer.	Vangamwithire.
Une vraie amitié est celle qui a vécu et survécu à des moments difficiles.	Ovwira ovwekwenene vovwavirivugha eviro nerishika omomughulu owukalhire.
Une fois que vous commencez, vous devez poursuivre.	Omughulu akanditsuka, kumbe iwakwamirira.
Un œuf de poule se compose de coquille, de blanc et de jaune.	Eriyaya righuma eryengoko ririmo ekikuku, nolukonda lomusohe nikwa nekighuma ekyeranji eyomulhinga.
Vous me semblez familier. Est-ce que je vous connais ?	Namavia nganyinakwasi.  Nyinakwasi ?
Quand j'étais adolescent, j'avais plein de cheveux sur la tête et aucun poil sur la poitrine. Maintenant, c'est juste le contraire.	Omughulu navia mulwana, naviangwithe nzwirinyinji okomuyhwe nokokikuva esikulhi ovweya. Hatya, biabindukire.
Bande de salauds !	Mumbule syo nyama !
Les paroles les plus tendres ont moins de prise sur les femmes que les bijoux silencieux.	Evinywa evyowene vyangimivwe okovakalhi ngamaningitha awekikuthukuthu.
Pourriez-vous, s'il vous plait, me dire quel est votre numéro de téléphone mobile ?	Wangana, kisikisi, mbwira enumeroyaghu eyesimu?
Les forces d'occupation n'autorisent personne à quitter la ville, y compris les malades qui ont besoin de se faire traiter dans des hôpitaux spécialisés.	Avalhasi sivatha hamulhira mundu erilwa omo muyi, haghuma navakoni avalaghire oko vuvalhia omovilamiro vikulu.
Comment se fait-il qu'il déteste Molly ?	Vikathokekana vithi erivya isyanzire Molly ?
L'irresponsabilité de Clara me rend dingue.	Erithenditsomanarya Clara rikanyiyira momushire.
La mondialisation signifie-t-elle la disparition des putes de villages ?	Ekihughoeri lolhia emuliro nivughambu abambalaka bahwerr'omomulhongo?
Tu as insinué à demi-mot que tu voulais que je t'invite à sortir.	Moghuka bmwir'omo kikuhighuthi ghulwe wanzir'iwalhendera.
Boule de Suif s'adresse aux personnages les plus proches d'elle.	Boule de Suif akabugha nabandu  abalhi  hakuhi naye.
Ceux qui ne connaissent pas l’amour des mots doivent être incapables d’écrire de belles phrases.	Abathasi olwanz'omo binywa bangathaluka okwisak'emilond'eyuwene.
Andrew rencontre Linda à l'école.	Andrew amasangana Linda yokokiyiro.
Son anniversaire tombe justement le même jour que le mien.	Ekiro kyeribuk'amabuthwariwe kyamabya kighuma nekyaghe.
Je ne saurais être plus clair.	Sinendithok'eribya inangabugha ndeke.
Je te préviens, je suis gravement malade !	Ngakubwir'embere, nyilwere kutsibu !
Lorsque le chien n'a pas envie de chasser, il monte sur ses pattes arrière.	Omughulu endeghetheghe yithanzir'erihigha, yikasambira oko maghulu  wayo awenyuma.
Comme ils ne sont pas là ce week-end, ils m'ont filé les clefs de leur appart.	Okwibia isibalhihoko yeng'eno, mobakamb'amakingulhi awe mbimbano yabo.
Un certain M. Brown est passé vous voir en votre absence.	Oyulhinga M.Brown mwakanasya kusondaya isighulhiho.
Après le camouflet que lui a infligé Angela Merkel, François Hollande restera à jamais dans les mémoires comme le président le plus nul de l'histoire de la cinquième république.	Enyuma syerimubisa rya Angela Markel, Francois Hollande akandisyabia keranakera omomithwe ngo musondolhia mukiru omo historia eye kihugho ekyakathanu.
Tu as bon cœur, Leo. Reste toujours tel que tu es !	Unawithe omuthim'uwene, Leo. Ubyengokoghuli !
Il jouait un rôle important au comité.	Abia iniwendundi nene omo lukuratho.
Je ne suis certes pas née ici mais j'y ai passé toute ma prime enfance.	Sinabutherawa hano alhiwiwe monakulhiraho.
Est-elle brune, blonde ou rousse? – Je l'ignore. Son nom? Je me souviens qu'il est doux et sonore come ceux des aimés que la Vie exila.	Nimweru, oyo bakahulamo blonde kutse rousse?- sinyasi. Erina riwe ? Nyinibukire ngoko asihirire nangow'omulhenge wiwe ngabanzi beribiaho.
Avec la mort du président, les nouvelles décisions politiques devront attendre l'approbation du Gouvernement.	Noluholo lomusondolia, ebighendererwako bihyak'ebyekipolitiki byangalhindirira eyisembo eyabuthabalhi.
Lucas vit à Rome, il est italien.	Lucas akabuka e Roma, nimunya Italia.
Le Nouvel An est une date sensible dans le calendrier.	Ekirokyerimbere ekyo mwaka muhyaka nikyamuhung'oko kahanza mikera.
Il dit à toute occasion qui se présente quel type formidable il est.	Akabugha oko bulhindambi kohakabyamund'ulhyathi oyukalhire ngiye.
C'est la raison pour laquelle le résultat de l'autorisation de recours aux soins infirmiers de premier niveau doit être en rapport avec la quantité de soins infirmiers nécessaires.	Kyokikalhek'ekighuma ekyahamulhi eyirisab'obubalhia bwabathahwa oko lulheng'olwerimbere kyangahambana nolulhengo lobubalhia bwabathahwa.
Peu importe que nous soyons proches ou non, je ne peux pas lui demander de faire cela.	Sikitsomene mothwangabya hakuhi kutse iyihi, sinanga musaba nyithi akolhekyo.
Je pense que Enzo voudra s'asseoir.	 Ngalhengekanayangoko Enzo anzire inikala.
J'aurais voulu que Raphaël puisse venir à mon concert.	Nyilwenyanzire Raphael inyasa oko kisiyisiyi kyaghe.
Il faut que tu rentres tes informations personnelles pour acheter un billet.	Ritholhere iwasubulhy'esyongulu syaghu imobaghula ekyeringirirako.
Lire sans amour, connaître sans admiration, éduquer sans cœur comptent parmi les plus graves des péchés contre l'esprit.	Erisoma butsira lwanzo, eriminya butsir'eryanza, erihana butsira  muthima  wahonah'omo bitsibu binzi oko kirimu.
Il est ici pour chercher la bagarre.	Alhihano erisondi'amalwa.
Avoir la foi au cœur est plus important que comprendre avec ton esprit.	Eriyir'erikiriria ryomomuthima nikyamuhungo ngeriowa omwilabia  ekirimu kyaghu.
Le bien-être est lié à la confiance en soi.	Eribya nobuthekane rikasir'omwiyihiram'amaha.
Gabriel est un gars fascinant.	Gabriel nimulwana oyukatsemaya.
Joe et Caroline s'occupent de notre chien.	Joe haghuma na Carolhine bakasulubirir'endeghetheghe yethu.
Êtes-vous sûrs de ne pas vouloir attendre jusqu'à demain ?	Unalhighir'erithendi lhind'erihika omonzakya ?
Qui ménage le sou, perd toute la poche.	Oyukakokothay'olumbuka, akaheraya  omufuko ghosi.
Le dernier numéro du magazine sortira lundi prochain.	Enumero eye ndulia eyekirango yikasyalwa omo nyamwingira eyikasa.
Au nom du Père et du Fils et du Saint Esprit. Amen.	Okorina ryathatha nerya mughala neryomuthima mubuyirire. Amen.
Vous pourriez paraître au cirque comme dresseur de lions.	Wangabere ngaukandi bya ngomulysyawesyondalhi omokisenge kyamasatha.
Je suis désolé, je dois prendre congé des invités, maintenant.	Nganyire, nangaluhukir'ababirikirwa, hathya.
En musique comme en rhétorique, une pause est souvent utilisée pour créer un effet dramatique.	Okonyimbo ngoko mubughe, omukalhi akakolhisibawa kanzikanzi omwihanzika ekyobwithi.
C'est moi qui t'ai pris pour Roy en te voyant pour la première fois.	Inze ngakwimayamo Roy erikulangira ryerimbere.
Les algériens détestent Israël car leur religion leur permet de tuer des juifs.	Abanya Algeria batsukirwe e Israeli busana ekisomo kyabo kikaba hamulhira erith'abayahudi.
L'afflux de travailleurs étrangers a causé un sérieux problème de logement, dans cette zone.	Obunzi bwabakolhi abehihya mobwalhet'olubanza lunzi olwobwikalo,omo kithath'ekyo.
Regarde, regarde ce requin qui nous a suivi toute la nuit - eh bien il ne fait qu'attendre que tu te mettes à l'eau pour t'avaler.	Lhebaya, lhebaya omunama oyu owalhia thukwama omo kiro kyosi-akalhinda uye omomaghetse nerio akumere.
En privant leur population de la vision stéréoscopique que donne la connaissance d’une langue étrangère, les États de langue anglaise s’enferment dans une mentalité qui empêche leurs citoyens de comprendre les sociétés différentes des leurs.	Erim'abahimbani babo nerilangira ebyenyuma ebikahabawa nobulhengekania omomubughe owehihya, obuthabalhi obwe mibugh'eye bungeresa bukayikingir'omo malhengekania wabahimbani babo erithendi hulhikirira ebihanda ebita sosir'ebiabio.
Le besoin de voir de beaux acteurs jouer dans des histoires irréelles est une forme puérile de rejet de la réalité.	Engumbu yerilangir'aba sathi abowene bakasatha omo historia eyithe ya kwanene nibulhingabwana obwerighusa ekwenene.
Pour se délasser de leurs fatigues, ils s'asseyaient au fond du jardin sous une tonnelle de rosiers grimpants, et ils faisaient des projets. Projets de bonheur et de travail, d'amour et de retraite.	Eriyikakya, bakikala omo kathikathi akeririma omondina, bakakoler'amo emikolano. Emikolono yobutseme nevyerikola, evyolwanzo neye nduhuke.
Tandis que des centaines de millions de personnes sont sortis de la faim et de la pauvreté ces dernières années, nombreux sont ceux en Occident qui le déplorent et vouent le capitalisme aux gémonies.	Okolundi luhand'enzighe nenzighe eyavandu movakalw'omokayange nomo vunakwa omo mughulu eye kinyuma nyuma, abanzi nibe malengera ryuba abanzire olumbuka ahovakakanganiraya abithi.
Au secours, je m'appauvris ! Le taux d'intérêt sur mon livret d'épargne est plus bas que le taux d'inflation.	Obuwathikya, ngayihiramo munaku ! Olulheng'olwe ndundi oko kisayi kyaghe ni luke okolwendundi eyeryeruka.
La nièce ressemble à sa tante.	Omusingisamo asosire songalhi wiwe.
Le succès de Barbara ne fait aucun doute.	Erikumayira rya Barabara sirithikwathikwako.
Tu n'as pas besoin de me faire un dessin. J'ai pigé.	Sikya muhungo erimba ekisasamira. Namalapa.
Elle a menacé de me tuer.	Mwabuyir'athi akenyitha.
Ma mamie a parlé avec nostalgie des merveilleux jours de son enfance.	Mukaka wayevmwaka tukaniraya nolukando okoviro vivuya vobwana bwiwe.
Quel bon tireur !	Mupiki wahi muvuya !
Terry a été très heureux d'apprendre cette nouvelle.	Terry mwakatsema kundu owa omwatsi oyo.
Les nouveaux meubles sont arrivés aujourd'hui.	Ebindu bihiaka byabiri hika munabwire.
Sire, je n'ai pas eu besoin de cette hypothèse.	Wolukengerwa, sinithayithagha obulhengekani'obo.
Rien ne ressemble plus à l'amour divin que l'amour sans espoir.	Sihalhi ekisosire olwanzo olomunyambiani ngolwanzo olu thekomaha.
« C'est un passe-temps étrange qu'elle a, l'élève transférée. » « Elle est mignonne, donc je n'ai aucun problème. »	« Niherya endambi yo buyira yawitheko, omwigha oyulhia thumawa. » «Aghambire, nibwambu sindi na mbugha. »
Le figuier forme ses premiers fruits et les vignes en fleur exhalent leur parfum.	Omuthi akalusaya ebighuma bikuwagho ebyerimbere nebighuma biamawa bika kumbisyamarasi.
L'internet est à la Chine, ce que la soupape est à la cocotte-minute, ça permet de garder la pression tout en évitant que ça explose.	E internet niye Chine, nge kiuma kikahulawamo soupape kiri oko ekindi kikahulawamo cocotte-minute, bikawathikay'eribik'akaghala omwikakirya ekyuma sikihuthe.
Timéo n'avait pas le temps de fêter sa victoire; car le prochain objectif attendait déjà.	Timéo syabiawit'endambi eyeriya omo kisendebelhe kyenzinganoyiwe; vusana evyember'evyerilhengerera vilwe ivinalhindirire.
Je ne suis pas venue parce que personne ne m'a invitée.	Sinyi thasa vusana sihalhi nomund'oyuliambirikira.
J'ai vu dans ma vie plusieurs édifices magnifiques, mais jamais aucun plus beau ni plus riche.	Molangira omwiviaho ryaghe evyeriherera binji ebyowene, alhiwe sihalhi hatabia ekyowene kutsibu nikiri kitheke kundu.
""" Chaste Vesta ! dit-il, sainte divinité ! / Sacrés bandeaux ! autels parés pour mon supplice ! / Fer que j'ai vu briller pour l'affreux sacrifice ! """	""" Chaste Vesta ! mwabugha, bubuyirire ! /Musarandwemifungo ! buhere vuchi busana nerisimaryaghe. /Kyuma ekyonyiria langira kika kangavasania vusananduherere ovu lavirye! """
L'Angleterre, c'est un pays extraordinaire. Tandis qu'en France nous donnons à nos rues des noms de victoires : Wagram, Austerlitz..., là-bas on leur colle des noms de défaites : Trafalgar Square, Waterloo Place.	E Angletere, nikihugho ekyeri swekya. Aliw'ebufaranza thukah'esyonzira syamena awesyonzingano :  Wagram, Austerlitz..., eyo bakabahamena wabaliazingawa : Trafalgar Square, Waterloo Place.
Je suis désolé, mais je ne peux pas répondre tout de suite.	Nganyire, alhiwe sinanga subiriria hathiahathia.
Il faut chercher à éliminer les inégalités sociales.	Ngambe ithwarondia esyonzira esyeri lusyaho akasolol'omo vandu.
Vous feriez mieux d’allier votre carrière et votre vie privée.	Wangayiriya kol'omuviri waghu neribiaho ryaghu.
Je suggère que tu entames une thérapie comportementale afin de te guérir de ton obsession des virgules.	Wangana tsukir'ovuvalhia ovwe mivere yaghu mowalamia obukoni bwaghubwesikahulwamo virgules omo kifranza.
Si vous étiez resté ici, vous vous seriez beaucoup amusé.	Ngaghulhia sighala hano, wangatsangire kutsibu.
Nous nous sommes accordés sur des prix fixes pour une période de trois ans à compter de la signature du contrat.	Mothuka lhighiran'okokathalhi akalhihaghumerera omo makisothu eritsukir'ohothulhia hinir'okokipapura kweyisembo.
Si je ne meurs pas d'une crise cardiaque, je mourrais de rage.	Nyithithahol'omwikanuka, ngasyahola kilumikyambwa.
M. Parker tenta de manger avec des baguettes.	M. Parker mwalheng'erirya omo mithi.
Ma sœur est assistante d'un professeur d'université.	Mwalhi wethu nimulangire ghomukangirirya owekiyiro kikulu.
Nous sommes dans le négatif ce mois-ci. Si nous ne commençons pas à dépenser moins le mois prochain, nos économies seront épuisées.	Thulhi hatsibu oko muker'ono. Thuthethatsuka eriheriange okomukera owamasa, olumbuka lwethu lukasyavia ilwahwere.
Nous sommes ici dans une ville civilisée, et, quel que soit mon désir de livrer ces malfaiteurs à la justice, je dois néanmoins m'opposer de tout mon pouvoir à tout acte illégal.	Thulhi han'omomuyi owaviri lolhi'emulhiro, na, mohangavia eriyithagha ryethu eryeriha abibia bano oko basosi, nangana hana ekio kiamabia isikisikr'emighambo.
Cambronne à Waterloo a enterré le premier empire dans un mot où est né le second.	Cambronne na Waterloo mwakatha ovuthavalhi ovwerimbere omokinywa ekiryalwamo ekyakaviri.
L'adaptation est le secret de la survie.	Eriveghera ni kumbo esyeriviaho.
C'était une femme sauvage, étrange, qui habitait l'endroit comme une ombre, à la recherche de plantes, de racines et de petits animaux, afin de préparer des potions, des onguents, qui pouvaient guérir autant que faire mourir.	Abia ini mukalhi oghomokisutsi, oyuthasibwe, oyowawa akabuk'ahandu ngomokitsutsu, akarondia emimeya, omurihi, nesyanya mangengenge, omwisondia erihuka evirimbirimbi eviangalamia nakandi ebyangaholhia.
L'économie nationale croît à pas de géant, ces dernières années.	Ovuthunde ovwekihugho bunemweruka lhiolo lhiolo, omo myaka eno.
Je saluais les officiers.	Nabiangaramuky'abakulu bakulu.
Recule de quelques pas, s'il te plait.	Subenyuma yobika bikebike, kisi kisi.
Pour bien écrire, il faut sauter les idées intermédiaires, assez pour ne pas être ennuyeux; pas trop de peur de n'être pas entendu.	Erisakandeke, kumbe iwakiruka amalhengekania ghomokathi kathi, ukasyaluha; nerisyakwa ovuva ovwerithendiowikwa.
Le film était bon comme on ne peut l'imaginer, j'aurais voulu que tu viennes avec nous.	Ekombakithi yilwe yowene kundu kulhenga ngoko thulwe thuyi tsulhilhe, nyilwe nyanzir'iwaghenda nethu.
La société a demandé à la banque de lui prêter de l'argent pour acheter de nouvelles machines.	Abahimbani mobaka vulaya ebanji eyanga muvwek'esyosend'erivia inanganaya ghul'ebyuma nyihiaka.
Les Polonaises ne voulaient pas que Justin Bieber vienne en Pologne.	Avanya Polone babiaisibanzire Justin Bieber akasa e Pologne.
Ne me dites pas que vous ne savez pas nager !	Sighumbwire uthisiwasi eridilha !
Les dieux d'une religion en déclin deviennent les démons d'une naissante.	Esyonyamuhanga esye kisomo ekiriokwihwaho sirimuvia mirimu eyenzuko.
Quand je couche avec elle, j'ai l'impression de me taper une étoile de mer.	Omughulu nga theta naye, ngowa ngoko nabiban'engunu yomolhusi.
Le puissant séisme à Hokkaido a causé d'importants dégâts.	Omusiki owakalhire e Hokkaido mwakatsandaya ebindu binene.
Sally m'a donné suffisamment d'informations.	Sally mwakamba esyongulu nyinji.
J'aurai beau essayer, je ne serai jamais capable de le rattraper.	Nangana lhangire, sinendisya thok'erisyahambakyo.
Il lui fallait accepter son destin.	Angalhighire ebio kobyasirwe.
Elle fut obligée d'épouser le vieil homme.	Mwavia iniangathalhia omulume oyukothire kundu.
Espérons que Raphaël puisse réparer ça.	Tuvye namaha ngoko Raphaël akandiswaghombola ekyo.
Je lui passerai ce message dès qu'il arrivera.	Ngandi muha omulaghe oyo omughulu akandiasa.
Un type appelé Ethan a dit qu'il te cherchait.	 Mundu mughuma oyuka hulawamo Ethan mwakavugha athi ane mukuronda.
J'espère que cela marchera.	Nilengekenye ngoko bikandishuwana.
C'est dommage, mais ton personnage se fait tuer au début de la pièce.	 Vuhashya, omundu waghu akayitha okonzuko eye visanda.
Lord Carnarvon était un égyptologue amateur.	Lord Carnarvon abya mushipithi oghovwira.
Le programme télé semblait vraiment intéressant.	Emitheghekerer'eyevisasamira yabyanga yuwene.
Nous avons appelé le restaurant pour qu'il vienne nous livrer à domicile.	Mothuka virikir'ekiseng'ekye ririramo thuthi kisyatwend'eka.
Pour recevoir votre remboursement, veuillez renvoyer l'article non déballé.	Erihavwa omuthuhulo waghu, uthum'ekithavu ekithakingulirwe.
Je suis un peu pressé par le temps, j'ai juste le temps de sortir aller acheter des dapings et des youtiaos.	Nyihathathen'omo ndambi, nyinawithe endambi yerihuluka okwighula ehindu hikahulawamo dapings nehi youtiaos.
Chaque année, plusieurs de ces langues non écrites disparaissent sans laisser la moindre trace.	Obuli mwaka, emivughe minji eyithasakire yikabulhirana vutsira erisigha nekiminyikalo nekike.
Le hibou chasse les rats.	Ekibukulu kikatibit'okosyombukulhi.
Mme. Bruce fut la première femme pilote à voler de l'Angleterre au Japon.	Koyo. Bruce abia mufuhi owerimbere erighuluka omo kyanya mwe Angleterre erihik'e Japon.
Partout où tu iras, tu seras bienvenue.	Ahosi oho ghukeshyaya, ukasya kokivwa.
Désolé de déranger, mais ma voiture est en panne. Pourrais-tu m'aider ?	Munganyir'erikukenderya, alhiwe engurubani yaghe yikwire. Wangana ngwathikya ?
L'automne qui vient me pousse à me sentir triste.	Omughulu owekihuhania oyoakasa amandeka novulhighe.
Si attaquer l'Ukraine est si légitime, pourquoi la Russie ne le fait-elle pas officiellement en déclarant ouvertement la guerre à son voisin ?	Erithalhira ne Ukraine kyamavia ikinasivwe, busanaki e Russie siwikolakyo kilhetalhet'erilaghalaghani'amalwa ghomuhimbani wabo ?
Si je n'étais pas régulièrement fouillé à l'aéroport pour la recherche d'armes, je n'aurais plus aucune vie sexuelle.	Nganyitha kubungulawa kutsibu okokibugha ekyamakisikisa erirondia ebyumano, sinangasyabere neribyaho eryoluthetho.
Joseph ! Ramène ta fraise !	Joseph ! Suvulaya erithunda ryaghu!
Ces nouvelles l'ont rendu content.	Emyatsi eyi yaviri lheka inyavia novutseme.
La Bible ne connaît pas les bombes atomiques, les accidents de la circulation, les crises financières, la cybercriminalité, le vacarme des autos ni la pollution atmosphérique : oh ! Dieu ! quels temps paradisiaques !	Ebibilia siyasi esyombundu esikatsandaya omubiri, ebisida byomonghenda, ovunakwa, obwithi, eryaka ryesyongurubani, nikwa navandu avalhi omokyanya  : oh ! Nyamuhanga ! ndambi syahi syembyani !
Cœur sans amour toujours loyer demande.	Muthima owathemolwanzo kanzi kanzi omuvweko akavulaya.
Rien ne vaut un bon plateau de fromage accompagné d'un bon vin.	Sihalhi ekindu ekilhingene nolhungo olo bundu obulhikobwasoma.
Rien ne meurt sans qu'une créature le pleure.	Sihalhi ekithahola butsira erikihangikwa eriilira.
Marcus est devenu l'usurpateur.	Marcus aviriby'oyukayisumbir'omobithumbi byabene.
Il écoute toujours les nouvelles à la radio.	Akahulhikirira kanji kanji esyongulu okokinimba.
T'as l'air d'un cinglé avec cette cravate jaune.	Uling'omundu oyuth'owa na karvante komulhinga.
Dans un récent article à propos des activités pour préserver la jeunesse de notre cerveau, ils mentionnent l'espéranto en même temps que le Sudoku, ce qui montre que l'espéranto commence à faire partie de la culture populaire.	Omokirango ekyendulia ekilhebirye emibiri ovukakirya omusuko okovwenge vwethu, vakasaka ekiesperanto neki Sudoku, ekika kangaya ngoko ekiesperanto kiri muvia kera eyasivwe.
La folie est relative. Ça dépend de qui a enfermé qui dans quelle cage.	Erisire rikwamire. Rikakwamana nandi yulhia kindirandi omovutsunga.
Bathilde était douée d’un esprit supérieur.	Bathilde abia nomulhimu oweyighulu.
J'espère vous voir la prochaine fois que je serai à New York.	Nganza nyikusunge omobiro evikasa omughulu ngasyavia e New York.
Le beau papillon rend visite à la rose jaune et boit la rosée de ses pétales.	Ekinyabighunzu ekyowene kikayavugheni eyiri eriwa eryo mulhinga nerinywa ekime ekiri okurio.
Ne vous approchez pas du champ de force de la ville !	Sighuseghere ahalhi eririma ryakaghala komulhongo !
Tu as sorti ton pistolet et tu as tiré.	Moghuka hulukaya embundu yaghu nakandi moghukahutaya.
Si je vous ai trompée, ma douce, c'est tout au plus en ayant échangé quelques mots doux avec celles que mes yeux trouvaient jolies. Ma bouche était complice, mais mon cœur, lui, n'en savait rien.	Namabia imongakuteba, abusi bwaghe, nikutsibu eribugha ebinywa ebisihire naba ameso waghe angasungire ko nibenge. Nobuno bwaghe bunalwe omomuhothero, alhiwe omuthima waghe, iyo, isyasi kwebi.
Au début, je regardais juste les phrases françaises, mais avant que j'en prenne conscience, j'étais captivée par leur traduction.	Okonzuko, nabiangasamalir'emilondo eye kifranza, alhiw'embere nyitsomaneyo, mona kwira kutsibu nemibindulhireyayo.
Le verdict de culpabilité rendu par le jury a lancé un large débat.	Omusuyir'owalhia bughawa no musosi mwakaghusa amakania mulhi.
Vous auriez dû rejeter une proposition aussi injuste.	Wangaghusire obulhengekania ovutha luyirirene.
L'an passé, il a beaucoup plu.	Omukera owalaba, embula muyawire nyinzi.
Je t'en moque. Qu'est-ce qu'il aurait fait, mon mari, s'il ne m'avait pas eue?	Ngakutswereravio. Ekyanga kolhirwe kyekyahi, mwanziwaghe, ngakathalhia ngwathako?
Pour faire court, il a épousé son premier amour.	Eribiyira mobikuhi, mwaka thahay'omwanzi wiwe owerimbere.
Dodo, l'enfant do.	Dodo, omwana do.
Il a passé une heure dans la cabine téléphonique.	Mwakabugha sahanguma omokiseng'ekye ribirikiriramo.
Quand on baise, on pense plus clair.	Omughulu bakathetha, bakalhengekania kutsibu.
De ces armes couverts, sous un sinistre augure, / nous nous mêlons aux Grecs, et dans la nuit obscure / par une heureuse erreur nous triomphons d'abord. / Plus d'un guerrier d'Argos descend au sombre bord.	Omo ngabo esiswikire, emwisi syobulebia bobwibi, thuka tswanganana na bagriki, nomokiro kundu, omorilolo ribuya thukakunda kwanza. /Abalwi banji oko mughuma abe Argon bakakimakala okomukekethio.
Les deux victimes de la fusillade se trouvent en unité de soins intensifs dans un hôpital des environs.	Abahanya babiri abakwa omombundu ban'omomondemonde omo lupithali olwahakuhikuhi.
Nous ferons notre annonce jeudi.	Thukandi kola eryasa ryethu omosítwámínya.
J’imaginais mon avenir.	Nabiangalhekania oko nzakyayaghe.
Tatoeba désapprouve les soliloques : Tu ne reçois pas de courriel d'alerte quand tu commentes tes propres phrases. C'est dur la vie !	Tatoeba akaghana emikuro eyo mulhenge : Sighutasunga ekilope omughul'ulhiabia ukabugha okomilondo yaghu. Eribiaho rikalhire !
Ils seront attaqués s'ils expriment un point de vue original, donc ils ne prennent aucun risque.	Bakandithalirwa bamabi kania okokitondi ekyomuhungo, nibwambu si bathabya nerimia obuthokekane obo bulhigho.
"Dès qu'elle voit Priam vainement furieux, / moins couvert qu'accablé d'une armure inutile : / "" Quelle aveugle fureur, quel courage stérile ! / lui crie Hécube en pleurs. Où courez-vous ? Hélas ! """	"Omughulu akalangira Priam inyanahithene,/ inyanathimbire ko engabo nyinji eyithawithe ndundi : /""Endimethime yahi, muhwawahi oghobusa! /mwamulakira Hécube akalhira. Ukathibitha hayi ? Hélas ! """
Un léger frémissement agita ce magnifique visage et ce beau corps.	Ekatsingotsingo kake mokatsingyatsingya obusu bwiwe obuwene no mubiri wiwe oghuwene.
Dans son for intérieur, il savait bien qu'elle mentait.	Emwisi siwe, abia inyanasi kwakatheba.
Espèce de traître !	Mumbul'omú̧hişyahişya !
Les différents animaux ont commencé à dire : « Ouah, ouah ! » et « Miaou, miaou ! » et « Cocorico ! »	Eshonyama misindo misindo musyabuka eribugha sithi : « Ouah, ouah ! » ne « Miaou, miaou ! » ne « kokoriko ! »
Il a effacé son discours de la cassette.	Mwakalusay'omukaniawiwe ghomo kalhikilhiki.
En tant que première de sa classe, c'est elle qui prononça le discours de remise des diplômes.	Akabia ngowe rimbere omokisenge kiwe ekye kiyiro, yowabia abughire omukania owerihereria erip̧olóme.
Un homme qui cherchait à vous rencontrer est venu pendant que vous étiez sorti.	Omulume oyulyaronday'eri kubana mwakasa iwamabi enda.
Katie lit un journal d'économie.	Katie anemusoma ekirango ekyo bulhunde.
Pourquoi avez-vous peur de Derek ?	Busanaki mukubaha Derek?
À chaque fois que je tente d'apprendre par moi-même le C++, je me retrouve coincé avec les pointeurs.	Obulhindengo kongasonda eriyowira e C++ ngumerera, ngasungika engwithe nekikanjio.
Nul ne peut échapper à son destin.	Sihalhioyowa ngabala oko butseme buwe.
Je n'ai aucun appétit sexuel.	Singwithe ngumbu yoluthetho.
Le football est un sport excitant.	Omupira nimazoa owakakurakutsibu.
Thomas a programmé l'enregistrement de son émission préférée sur son magnétoscope.	Thomas mwakatheghekanaya eribika ekihindi kiwe ekyanzwa omokyamano kiwe ekikahulawamo magnétoscope.
Foutez le camp !	Mughende !
Vous avez arrangé le garage en bureau.	Wabiritheghekani'aheribik'engurubani mobisenge ebyerikolheramo.
La frontière est mince entre affirmation de soi et agression.	Olubibi niluke omokathikathi keriyihirahaghuma n'erilwa.
Si vous voulez être heureux, rendez quelqu'un d'autre heureux.	Mwanghabyamwanzire imwabiano butseme, uyiroghundino butseme.
Nous exécuterons évidemment consciencieusement vos ordres, vous pouvez en être sûr, Amiral en Chef Aladin.	Thukandisikya ndeke nerikwama esyo tholhi syaghu, uminyekyo uthia, mukulu Aladin.
Il boite, il marche avec des béquilles.	Akahinira, akaghendera oko lathe.
Ne vous coupez pas le doigt.	Sighuyithweko munwe.
Les Indiens étaient prêts à se mettre sur le sentier de la guerre à la moindre provocation.	Abahindi banalwe bayithekani'eriyitheka omonzira nguhi eyamalwa omwagha akanatsuka.
Miéla se mit à pleurer quand son neveu est arrivé.	Miéla mwalir'omughulu omushingisano wiwe ahika.
Eileen était une très bonne élève et elle a obtenu une bourse pour étudier à l'Université de Syracuse.	Eileen abya mwigha oyuwene namwahabw'akavang'akerisoma vuyira oko kiyiro ekye Syracuse.
Tous les animaux, sauf l'homme, savent que l'activité principale de la vie est d'en profiter.	Esyonyama syosi, erilusyak'omundu, sinasi ngok'omubiri munji oweribiaho nibanamo akabanga.
Son activité commerciale à New York fut un grand succès.	Omubiri wiwe e New-york mwahitwala.
Le dîner vient de me remonter faire coucou.	Ebyalya erithunji byamabinyebukya eriramukania.
A chaque fois que je vois le drapeau finlandais, je me rappelle du beau visage de Marika, blanc aux yeux bleus.	Omughulu ngalangira ebelhu eyabanya Finelande, ngibuk'obus'ubuwene obwa Marika, musohe okomeso namutheghule.
C'est à Arthur de sortir la poubelle.	Nibwa Arthur erihulukya ekyutho.
Tout ce que nous savons sur lui, c'est qu'il aime le fromage de chèvre. Je vous souhaite plein de succès dans votre travail, les gars !	Ebiosi ebyo thumuashiko, iryeryanz'amasabu awe mbene. Namakusunzira miyisa mibuya omomubiri wawu, balwana !
J'en parlerai avec Marty pour voir ce qu'il en pense.	Monabya ngakania kubio na Marty okwisondy'ekyobakalhengekania.
Votre pouls est-il parfois trop rapide (plus de 120 pulsations par minute) ou trop lent (Moins de 35 pulsations par minute) ?	Eripikapika rio muthima waghu rithibithire (eri laba 120 epakupaku oko ndambi nguma) kutsi bolobolo (hake kulenga makumi asathu oko kathambi) ?
Ce qui est très étonnant, chez les Asiatiques, c'est qu'ils parlent davantage les langues européennes que les langues de leurs propres voisins.	Ekikaswekaya, ewabanya Asia, ni kusangwa baka bugha kanzikanzi emibugh'eyabanya bulaya kulhengh'emibughe yoho wabo kutse yabahimbani babo.
"L'un des mythes fondateurs de cette idéologie colonialiste est un soi-disant ""droit de retour"" attribué par un dieu tribal à tous les membres de la ""tribu"" qui désirent coloniser cette terre et en chasser les habitants autochtones."	"Ekighum'oghoko bihaniriro ebyahirah'obulengekania obwa kapundio ni ""mbangwa esyerisula"" isiherw'erirmu riakasolol'oko bihanda ebya banzire ibya pundia ekithaka kino nerithibit'okondulani."
Le gouverneur fut surpris de la réponse de la commission.	Omuthabalhi mwasisira oko risabiryo ryobulhembia.
Ca semble trop beau pour être vrai.	Kikabia ngakikabia kyakwenene.
Il y a plus de fous que de sages, et dans le sage même, il y a plus de folie que de sagesse.	 Halhi abashire banji okobenge, nomobenge nibia, mulhie risire rinji okobwenge.
Ce n'est pas trop vous demander que d'arriver à l'heure en classe.	Sikubulhia binji okwikubwira nyithi uhike okokiyiro koluba.
La vie est une tragédie pour celui qui sent et une comédie pour celui qui pense.	Eribyaho niwalhinga malhigh'okoy'oyukowa movisanda okoy'oyukalhengekanaya.
""" Un accueil séducteur le retient chez Didon, / et je crains un asile accordé par Junon. / Sa haine vigilante et sa fureur active / dans de pareils moments ne sera point oisive. """	"""Erikokia eryerithebereria rikamulhemisaya ewa Didon,/ nangubaha ekikyo ekyerihabwana Junon. /Eritsuroriwe haghuma nobwaka bwiwe / okondambiyiwe syendibia mukwetsembe. """
Quiconque a volé l'argent devrait être interpellé, être obligé à le rembourser et aller en taule.	 Obulimund'ukabik'esyo sende akandi birikirwa, nakandi subulhiasyo omosindi neriya omobisenge.
Conservez une boîte de poudre à lever dans le réfrigérateur pour qu'il continue à sentir propre.	Ubik'ekikopo ekyeyisyano eyeryeryamo ekyumano ekyembeho imuyavia iyinerire.
Il n'existe pas de souffrance qu'un excellent repas ne puisse apaiser pendant une heure ou deux.	Sihalhi malhigho ngebyalhya evyowene eyanga thekania omosahanguma kuts'omwibiri.
La guerre est simple : il s'agit de transformer un morceau de fer en morceau de viande.	Amalwa olobire : nihundula ekihindi ekyekyuma mokihindi ekye nyama.
Je veux que vous sachiez combien je suis désolé.	Nyanzir'imwaminya kangahi nyiswekire.
Tu mérites d'être heureuse.	Utholere iwavya nobutseme.
Pensez-vous que vous voudriez jamais réfléchir à sortir avec moi ?	Ukalengekanaya uthiusondire iwaghenda naghe ?
Ayant des doutes quant à l'honnêteté de l'accusé, l'avis du jury semblait réservé.	Ngane nerithikathika okokwenen'eyerimutsongera, oluhande olomusosi lwabya ngasilulhi.
Hé les gars !	Hé balwana !
Le match a été annulé en raison de la forte pluie.	Akaghulughulu mokatetabya busana nembula nyingi.
Mercredi, je rencontre des clients.	Sítwámínya, ngendi hindanan'abakaghula.
Pourquoi cela leur prend-il tant de temps pour établir ma connexion Internet ?	Busanaki ekyo kikimaya ndambi nen'erisubuly'e intaneti kwe ?
La pluie ne montre aucun signe de répit.	Embula siyikangia kiminyikalo kighuma.
Tandis que certains disent que ça ne durera que quelques minutes, d'autres pressentent que ça peut durer des mois.	Okolundi luhande abandi bakabugha bathi sibibugha ndambi nyiri, nabandi bathi byanganabugh'emikera.
J'ai rêvé que j'allais nue en classe.	Mungalotha ngaghenda buthambala omokalasi.
"""À l'avenir, je ne veux plus jamais te voir ivre. Est-ce que tu m'as compris ?"" - ""Oui, mais ça aurait largement suffi si l'un de vous deux me l'avait dit."""	"""Okobiro ebikasa, sinyanzire erisya kusunga ighuthamire. Wanamanyowa ? ""-""inga, alhiwe byangayihwerera omughuma owokwiwe ngalhiambwirira."""
S'il vous plaît, avancez vers l'arrière du bus.	Kishi, lolay'enyuma syenguruvani.
J'ai failli être renversé par un camion aujourd'hui.	Mongakengetha eribindulwa nengurubani munabwire.
Les chats sont plus malins que tu ne penses.	Ehipusu nihienge kutsibu ngokosiwagaminya.
Frédéric Chopin a écrit sa première oeuvre à 7 ans.	Frédéric Chopin mwasak'ekithabu kiwe kyerimbere oko myaka irinda.
Tu auras la charge des bébés dans cette chambre.	Omokisenge kino, ukandibya nomubiri wesyomekeke.
Celle-ci est une espèce rare d'araignée qui ne vit que dans cette région.	Oghundi muhanda owathisungika owabisengula owakabya omokithathakino.
Mon pote n'aime pas les homos, il ne couche qu'avec des mecs hétéros.	Omwira waghe syalyanz'abalume abakaghotsera navandi balume.
Les méchants seront renversés et disparaîtront.	Abatsibu bakandisy'a lusibwaho, nakandi bakendisya hwa.
Elle lui a posé quelques questions, mais il a refusé de répondre.	Mwaka muvulaya amavulhio maghuma maghuma, alhiwe mwakaghana erisubirya.
Sur une page était noté une liste de numéros de téléphone.	Okokibabe kighuma kulwe kusakire esyonumero esyesimu.
Hugo a récupéré plus vite que nous avions prévu.	Hogo abirimya kutsibu kulhenga ngoko thulhia theghekanaya.
Marie fait toujours tout avec pudeur, mais c'est en fait une garce.	Marie akakola evyosi novutheghekerere, alhiwe nikalwana.
Je me suis couché à minuit et demi.	Mongaghotsera oko medinenusu eyekiro.
Elle a fait une tarte aux pommes à son mari.	Mwakah'iba wiwe ye sahani eyebitsungu.
Le paradis n'est pas sur la terre, mais il y en a des morceaux. Il y a sur la terre un paradis brisé.	Embyani siyiri okokighugho, alhiwe kuli amaghabo. Alhiwe okokithaka kulhi émbyani eyitwikire.
Aspire au calme, mais au travers de l'équilibre et non pas par l'arrêt de ton activité.	Lhindilira okomirembe, alhiwe omwilavira obulingirirane butsira erimania omubiri wawe.
"La chèvre dit à ses petits: ""Allez chercher des pierres, nous en remplirons le ventre du loup pendant qu'il dort."""	"Embene yika bwira ebyanabyayo : ""muya rondaye amabwe, thukandisulhiaghomonda yendeghetheghe omughulu yikandivya iyinetho."""
Je n'ai simplement pas voulu que vous pensiez que j'étais radin.	Sinyanzire imwaminya nganyiri ngulube.
Il alla chercher fortune ailleurs.	Mwaya rondi'ovutheke bohandi.
Hisser les formations professionnelles initiales par l'apprentissage et par la voie scolaire au rang de filières de promotion sociale, d'exigence et de haute qualité éducative.	Mwerukaye amakangirirya wekighalhima omwilavira omulenge owekiyiro okolulhengo lomuthahi owalevirie ovunyamundu, ebyolulhengo olwendatha.
Tout mortel au plaisir a dû son existence ; par lui le corps agit, le cœur sent, l'esprit pense.	Ebyosi ebikahola ekwivyaho; okwiye omuviri akakola, omuthima akowa, nobulhengekania buka kola.
Je suis venu vous demander pour votre vulve, et vous m'avez suivi pour mon pénis (poteau).	Ngabisya kubulya okovillhebiry'enzini yaghu, na moukangwama busananesulu yaghe.
Attendez une minute.	Linda hake.
Nous lisons tous deux la bible jour et nuit, mais vous lisez noir là où je lis blanc.	Thukasoma ithwe babiri ekitabhu omokiro nomwithungi, alhiwe ukasoma ohonyiryasoma musohe.
Beth est une fille bizarre qui aime les serpents.	Beth nimumbesa oyullhi kityakitya oyuwanzire esyonzoka.
Je n'arrive jamais à avoir Nina au bout du fil.	Sinyithathoka eribana Nina yoko simu.
Je t'aime trop, mon amour, ma chérie !	Nyikwanzire kundu, mwanzi waghe, mukali waghe !
La police n'a trouvé aucun indice.	 Epolisi siyithasunga kiminyikalo kyosi kyosi.
Le ministère de la Santé met en garde.	Omulhembya oghobunyaghasa amahiraheange.
Brad Pitt est un acteur.	Brad Pitt nimusathi.
Dites à ces gens de reculer, afin que l'hélicoptère puisse se poser.	Ubwire abanduaba uthi basube enyuma, elisu imoryayitheka.
Nous savons désormais que le témoignage qu'il donna était contraint.	Thunashi ngoko ebiobabugha mobamukasire.
Elle répond à toutes les demandes de renseignements du lundi matin au mercredi après-midi.	Akasubay'oko mabulio wosi wosi okwil'omothuthu ye kiro kye nyámwingira okwihika omwithunji rye lingílingi.
Hey, nous n'avons pas terminé.	Ya, sithuli twa bugha.
Nous disposons d'un mandat pour fouiller votre propriété.	Thunawithe oko nzakano eyika kwimanira erisosothia embimbano yawe.
Mener les poules pisser et les ramener sans boire!	Eritwal'esyongoko sisubale nerisi retha butsiri nywisyasyo !
Elle n'a pas voulu qu'il meure.	Syathet'anz'aka hola.
Si chaque génération meurt et laisse des fantômes, le monde finira par en être surpeuplé.	Obulhi mughulu ngwaka hola nerisigha ebirimu, ekihugho kyanguswire omwabandu.
Travaille bien, car sinon tu devras recommencer ce cours l'année prochaine.	Ukolhe ndeke, bithe bithya eghukithasyasubiriria omo makangiriria oyo okokirimo ekikasa.
L'amour est comme l'oxygène.	Olwanzo kolune ngo muka.
Un jour donc, la timide Augustine, armée d’un courage surnaturel, monta en voiture, à deux heures après midi, pour essayer de pénétrer jusqu’au boudoir de la célèbre coquette.	Kiro kighuma, omukuthu Augustine, inyanenomuhwa owalabirye katheho, mwasambir'omo fwatiri, oko saha ibiri enyuma esyerithunzi, omwilhenga erihik'omobiseng'ebyerilhiramo ebyerikothi.
Un certain M. West a appelé durant votre absence.	Omundu nga M. West mwakabirikir'isighulhiho.
Les affaires appellent mon père à Sydney deux fois par an.	Emyatsi yikabirikira thatha waghe Sydney kabiri oko mwaka.
C'est un mec génial.	Nimulume oyutsemesirie.
L'enquête a conclu que l'agent de police n'avait rien fait de répréhensible.	Oburorotsyo bwamakanzia ngok'omupolishi syathabya kwiloloryosiryosi.
Si tu ne petit-déjeunes pas, tu auras probablement faim au cours de la matinée et tu ne seras pas aussi efficace au travail que tu pourrais l'être.	Uthithalhya ebyethuthuthu, ukandikw'enzala omonzakyanzakya nasiwendikol'omubiri ghondeke.
Hé ! de quoi tu parles ?	Hé ! ukabugha'aho hoki ?
À trop vouloir expliquer l'inexplicable, on finit par excuser l'inexcusable.	Ukasonda erikanya okobithe byanga thokekana, omundu akasala  aghanyira nebithe byangaghanyirwa.
La course n'était pas égale, car le gagnant avait une avance au départ de dix secondes.	Esyondibitho sisilwe sighuma, busana oyulyasing'anabya embere yohake  omo hithond'ikumi.
"Marie dit, pensive : « Tu es totalement passé à côté d'un ""détail"" d'une certaine importance, Tom, à savoir : ma grossesse ! »"	"Mari'amabugha, akalhengekania : « moghukalab'eluthambi oko bulhi ""okwighana"" eryendundi, Tom, eriminya : obukule bwaghe ! »"
Prenez dans le frigo ce que vous voulez.	Wimay'omokiholokyo mwekyo wanzire.
Les services secrets de ce pays raciste et colonialistes ont mené d'innombrables assassinats et opérations terroristes pour déstabiliser les pays de la région.	Emibiri eye kumbo eyekihugho kino ekiri mwakasololo nakapundio  mokikakol'obwithi bunzi omobyobwithi omu kolhyakolhy'ebihugho  ebyomo kithatha.
La maîtrise d'une seconde langue retarde certains problèmes de santé mentale pendant au moins cinq ans.	Eriminya omubughe owakabiri rikatselhewesay'emisango mighuma  hakuhi omo birimo bithanu.
Aucun colorant, agent de conservation ou arôme artificiel.	Sihali ekileth'erangi kuts'obusi.
Le métier de contrôleur aérien est un métier qui procure énormément de stress.	Omubiri oweritsopolia erihunga nimubir'owakalhether'obuba.
Si Thomas découvre que je t'ai dit ceci, il me tuera.	YoThomas angaminyire ko mungakubwira eki, inyakandi nyitha.
Ne lâchez pas ! Tenez bon !	Sighuleke ! Uhambirire !
Aucun homme n'a reçu de la nature le droit de commander aux autres. La liberté est un présent du ciel.	Sihalhi nomundu nomughuma oyulyaseng'ehamulhi eyeri kunang'abandu. Obwiranda ninzuko eyolubula.
Quand la vie te présente mille raisons de pleurer, montre-lui que tu as mille raisons pour sourire.	Omughulu eribaho rikakuh'erisingana hakuhi kighony'erye rilhira, ukangayerio koghuwith'erisingana hakuhi kighony'ekye riseka.
Au début, dans la mythologie grecque, l'histoire de l'Europe était une histoire d'amour.	Okonzuko, omobihaniriro ebyabagriki, ehistoria eye bulaya yabya  eyolwanzo.
Il vaudrait mieux envoyer chercher de l'aide.	Asondire inyathuma eriyasondya obuwathikya.
Vous avez gagné son coeur.	Wabiri singan'okomuthima  wiwe.
Attends-moi, je reviens tout de suite.	Ndinde, ngasa hathia hathia.
Les vampires vivent éternellement.	Abaholhi bakabia ho keranakera.
Kounosuke Sakazaki fait partie du groupe « The Alfee ».	Kounosuke Sakazaki nimughuma womokipya « The Alfee ».
Si jamais vous me touchez encore, je vous tuerai.	Wamathasyandulako, ingandikwitha.
Mettez vos bottes en caoutchouc, sinon vous aurez les pieds mouillés !	Mumbalhe ebiryathu byenyu ebyakaghutsu, bithebithya imukandi tsapa!
Il semblerait que notre planète connaisse une période de réchauffement climatique.	Alhinga ekihugho kyethu kyabiribya mwekihuhania.
C'est tellement cool !	Kyowene kutsibu !
Quelle foutue guimbarde !	Efwatiri ryamuhanda wahi !
Elle m'a offert un album comme cadeau d'anniversaire.	Mwakamba ebihembo eyekikabikebisasamira mokiro kyomubukyo weributhwa ryaghe.
Les jeunes mariés sortent juste de l'église.	 Abalhungabahiaka mobane mulw'omokisomo.
C'est l'amour du travail qui a fait de Jack ce qu'il est.	Lolwanzo lomubiri lolulhyaleka Jack inabya ngok'halhi.
Je crois qu'il est improbable que des extraterrestres comme ceux que nous voyons dans les films aient jamais visité notre planète.	Ngalhengekanaya ngoko abalhi omokindi kihugho ngabothukalangira  sibalhi bathahik'oko kihugho kyethu.
Je sors juste une minute.	Ngasa lhinda hake.
Énée, après avoir équipé une flotte de vingt vaisseaux construits du bois du mont Ida, près de la ville d'Antandre, s'embarque avec les compagnons de sa fuite, et va chercher quelque pays où il puisse établir une colonie.	Enée, erinyuma syeribitheghekania eriath'owe mihulhi makumi abiri  awakokothiri'omomuthi owokokithwa Ida,  ahakuhi nomuyi owe  Antandre, akaghendanwanyi biwe omondibitho siwe, neriyarondy'ebihugho bighuma bighuma eyakaya hand'obuthabalhi obweri pundia.
Ça m'énerve d'avoir laissé passer l'occasion de la rencontrer.	Kyamanyihithani'eribalhi'akabanga'kerisungananaye.
La diligence est prête de repartir.	Eri hagnira rika takeri ghenda.
M. Spencer travaille dans un magasin.	M. Spencer akakoler'omo magasini.
Papa, voyons si tu peux soutenir mon regard plus longtemps que moi.	Thata, thulhebaye ngowangana hirikir'erilhebya ryaghe kulab'inze.
Enzo emporte son ours Teddy partout où il va.	Enzo amahek'esoro yiwe yikahulawamo Teddy ahosi oho akaya.
La boîte contient 20 unités.	Ekisanduku kirim'obutsibira makumi abiri.
""" Reconnais à mon sort les célestes décrets. / C'en est fait ; du destin la volonté jalouse / ne t'a point pour compagne accordé ton épouse. """	"""Minya okomuherio wagh'emithondeker'eyo mombyani. / Byanabere; eritsema, erisonda, eritsuro / sibyangakukwama eribya ibyangabya byamukalhi wawe. """
En matière de chauffage il existe une multitude de solutions : bois, solaire, gaz, électricité...	Ekobilhebiry'erihuhya, alhi milhondo minene : esyongwi, eruiba, ekyuka, amasenyerezi…
Alors, dans ma furie, / je me voue à la mort... Que m'importait la vie ? / Quel espoir me restait dans ces moments d'effroi ?	Nerio, omo bubuyirire, / ngayitheka omoluholo... Neribiaho ringwithire ndundi. / Halhi eriyeketheryahi riryabya rinyisighalhire omo ndambi esyobuba ?
La nuit était brumeuse, et un mystérieux rayon de lune essayait d’en percer les ténèbres.	Ekiro kyabya mwekilumbi, nekithikothiko ekyo musakal'anaby'akayikasa  erithulathula.
Y a-t-il quelqu'un ici, dans la classe, qui a entendu parler de Norman Finkelstein ?	Hanohan'omundu yomo kiyirokino, oyulhyowa bakabugh'oko Norman  Finkelstein ?
Tu es sure de ne rien vouloir manger ?	Unayilhighir'erithendiria kindu ?
Le terrorisme est le plus important facteur de division d'un pays et de création de régions autonomes.	Omwithi ninduyi ngulu eyo mughaboghab'owekihugho nowerihiraho  ebithatha esyongulu.
Pouvez-vous me mettre un exemplaire de ce produit de côté ? Je viendrai le chercher après-demain en fin de matinée.	Wangana mbwira ekyerilheberyak'oko bighum'ebyoko luhande olu ? Ngandisyasya murondya omunzakya okondulhi eyethuthuthu.
Il s'occupe du bébé.	Akasulubirira olumekeke.
Y vont vous arracher l'foie... me bouffer en croquettes et suçoter vos succulentes balloches ballottantes !	Y akandi kulisyak'obú̧kiņdi...inyaniriangehitsungu neri humat'eribunda riaghe !
La langue, qui se mourait, ressuscite en une explosion magnifique de mots retrouvés et nouveaux qu’elle avait oubliés et qu’elle ne connaissait pas.	Omubughe, owakayi holera, akalubuk'omoluhul'olusikir'ebinywa  ebisungire nebihyabihya ebyoibirirawa nebyabya isyasi.
L'amour ne pardonne pas.	Olwanzo silughanyira.
Le clair de lune s'est répandu partout.	Ekyakakala ekyomughenda mokikayitsatsang'ehosi.
Toutes les femmes deviennent comme leurs mères - c'est leur tragédie. Aucun homme ne le fait. C'est la sienne.	Abakalhi bosi bangabyangabo nyinya wabo-nibisandabyabo. Sihalhi mund'ukakolakyo. Nikiwe.
En Angleterre au Moyen Âge, des villes entières jouaient au football lors de certains jours fériés, parfois avec jusqu'à cinq cents joueurs en même temps.	E Angleterre, omughulu wakera, emiyi yosi yabya iyikasatha oko mupira omughulu owebebiro ebithe momibiri, kanzikanzi nabesi hakuhi maghana  awathanu okondambi nguma.
Nous avons aujourd'hui un nouvel élève qui rejoint notre classe.	Thunawithe munabwir'omwigha muhiaka omokiyiro kyethu.
J'obtiens une commission de trois pour cent sur tout ce que je vends.	Ngasung'ekithumwa ekye bisathu okobyosi ebyo ngaghulaya.
Un nouveau moyen de communication fut développé : le chemin de fer.	Enzira nyihiak'eyerighambulhiranamo muya kakibwa : enzira eye byuma.
Il a des idées bizarres.	Awithe amalhengekania matsibu.
Désolé d'être resté sans contact si longtemps.	Namaswek'eribughabingaha isithuthasungana.
Quand je suis en voyage d'affaires avec mes collègues, on rigole beaucoup.	Omughulu nyiri omolughend'olwe miatsi nabenzi baghe, thukaseka  kutsibu.
« Vous n’êtes pas mariés, avec ta copine ? » « Bien sûr que si. » « Ah bon ? Je croyais que non. »	« Simulungire, namukalhi waghu ? » « Kobine. » « Uweghesa ? Indwe ngabugha nyithi mbino iyehe. »
Il est impossible de faire concevoir à un homme naturellement aveugle qu'il ne voit pas.	Akithokeken'eriyira omulume momulheremi akabia isyalhirangira.
« Est-ce que vous me connaissez ? » « Non, je ne vous connais pas. »	« Unanyasi ? » « Iyehe, sindikwashi. »
Les coins de ses lèvres montraient une teinte bleutée qui causait vraiment du souci à l'infirmière.	Esyongond'esye minywa yiwe yabia ika kanzia ebitsangar'ebyabya  bikalheka omuthahwa iniahanziahanzia.
Le cœur du cyclone va frapper le sud de la Floride de plein fouet.	Ekihunga kikandiya yihunzia ekabuno esye Floride kutsibu.
Notre récompense se trouve dans l'effort, et non pas dans le résultat. Un effort total est une victoire complète.	Erihembwa ryethu ririomokaghala, butsir'omobighuma. Akaghala kundu nikinda erihwererere.
Je ne suis pas encore prête à m'engager dans une relation sérieuse.	Sindinayitheghekania eriyithekia omomiatsi eyisikire.
Il a enregistré une victoire en course automobile constamment assurée, la dixième de la saison.	Mwakahek'olusalhi olwesyondibitho esyasibwe, omoluhwetsio olwerikumi.
La fleur est courte, mais la joie qu’elle a donnée une minute n’est pas de ces choses qui ont commencement ou fin.	Eriwanirikuhi, alhiwe obutseme oboririalheth'omo rithondi righuma siryebindu eby'okonzuko kutse okondulhya.
La mode est à l'hygiène, les microbes en mènent de moins en moins large. Et la Société protectrice des animaux qui ne bouge pas !	Ekirilhino nekyasibwe nobuyonzo, emikorobi yikasa hakehake bulhi. Nekithunga eki bika esyonyama sikye satha.
La manière de toucher le piano comme s'il s'agissait d'un clavecin n'est pas étrangère à la tradition classique française.	Omuhand'owerithula oko kyuma ekyehisimo yikabya ngani kisayi sikigheni oko mabindul'obwe kifranza.
Son mari est un membre du clan Oda.	Ibawiwe nimughuma oghomokighanda Oda.
Il te faut te calmer et reprendre tes esprits.	Hakatholheraya uthulhere nerisuby'omuthima ghomonda.
On croirait entendre ta mère.	Abandubakabya ngabakandiowa koyo waghu.
Combien de temps dois-je attendre pour la livraison ?	Nangalinda ndambi singahi busana noluhabwa?
Le feu qui semble éteint souvent dort sous la cendre ; qui l'ose réveiller peut s'en laisser surprendre.	Omulhir'owakabia ngwalhimire akabya ngalhitho omoribu; oyukalhenga eribukyagho angana yisisiria.
Le voleur s'est enfui sans laisser aucune trace.	Omwibi mwaka yithibithira butsir'erisigha ebiminyikalo.
Ceux qui ont connu une fois l'ivresse du pouvoir et en ont retiré de quelconques émoluments, ne serait-ce que pour un an, ne peuvent jamais l'abandonner de bonne grâce.	Abaminya ngok'obuthabalhi bukathamiraya nababirilusyay'esyo sende, nikiniki omo kirimo kighuma, sibangasighabo nomuthima wosi.
Il est resté coincé au boulot.	Akathathene omo mubiri.
Ils ne croyaient pas nécessaire de fermer leur voiture à clé, mais quand ils sont revenus, leur voiture n'était plus là.	Syaby'akalhengekania nganikya muhungo erikinga engurubani yabo, alhiwe omughulu balyasubula, efwatiri yabo yilwe isiyikiriho.
Arrêtez d'être aussi attardé, bordel !	Lhek'eriyithimbyathimbya, mumbule !
Ce livre est l'équivalent littéraire des bonbons Haribo : on veut juste en goûter un, et on finit par dévorer le paquet tout entier.	Ekithabu eki kilingene nesyo bonbons Haribo : thwanzire ithwaghanza  konguma, nokondulhia ekilope kyosi kikalu kialibwa.
Il n'y a aucune fierté à tirer de la destruction de pratiquement toutes les nations indiennes d'Amérique du Nord.	Sihalhi obutsem'erisosol'omolutsandi'olwebihanda biosi ebye buhindi abanya Amerika eyeyighulu.
Il est midi passé, c'est l'heure d'aller casser la croûte. Je suis passé à la boulangerie tout à l'heure, et j'ai acheté un bon casse-croûte.	Yamabya hakuhi saha ndathu, nanindambi eyeriyalhia. Mongalab'ahalhi eduka yemikate hathia hathia, mongaghulamo akeri toghera.
Croyez ce que vous voulez.	Wangalhengekania ebiowanzire.
Tu peux m'expliquer pourquoi tu as refusé leur offre ?	Wanganambwira ekyalheka iwaghan'omubiri wabo ?
Mangez et buvez autant que vous le voulez.	Mhulhye naghunywe ngoko mwanzire.
Le plus érudit, le plus pervers.	Omufuluwe, yolukalhire kutsibu.
J'ai gâché toute la matinée à vous attendre.	Mongatsyand'emipango yomongyakyayosi ngakulhinda.
Des restes humains furent trouvés au cours de l'excavation.	Eyasighalhira oko mundu mobiasungika omughulu ghomuthakulo.
Le Premier Ministre a repris sa promesse.	Omulhembi'owerimbere mwasubir'omo ndaghane yiwe.
Je croyais tout ce que tu disais.	Indwe nyihirire amaha okobio ulhwe ukabugha.
Passons un appel.	Thubirikire.
Georges Wolinski était un des journalistes tués le 7 janvier 2015 dans les locaux du journal satirique français Charlie Hebdo.	Georges Wolinski abia mughuma gho kobathulangulu abithawa ebiro irinda oko mukera owerimbere mwakawebighonye bibiri erikumi nithanu omobisenge ebye kithulangulu ekyo lutsambo lwe ba franza Charlie hebdo.
Notre pari a porté ses fruits.	Eri paria ryethu ryabirilhetha ebighuma.
Allô, c'est Luca. J'aimerais parler à Ann.	Allo, ni Luca. Nganz'erikanya na Ann.
J'ai cru que tu aimais nager.	Mongalhengekanaya indimbino wanzir'eritsíha.
Cette question revient à demander à un parent quel enfant il préfère.	Ekibulhya ekikikasuba eribulhia omubuthi ngomwanawahi yanzire.
Elles vont devoir te rappeler de suite.	Bakandi kubirikira linolino.
Le nom de cette chanson est « Only You ».	Erina ryolwimbo munye ni « Iwe Musa ».
Mon père a offert ses services à une société de négoce bien connue.	Thatha waghe abya emibiri yiw'ekibuth'ekye kithongolh'ekinasibwe.
Je dis souvent qu'un médecin génial tue davantage de monde qu'un général génial.	Kanzikanzi ngabugha ngok'omuthahwa oyukalhire akitha kundu ekihugho  kulaba oyo wasibwe.
Alice Amos vient d'ailleurs d'intégrer le club très fermé de la Mensa, qui regroupe les surdoués de la planète.	Alice Amos amabingira omokipia ekikingir'ekye Mensa, ekirimo abamenge bomo kihugho.
Le gosse saigne du nez.	Omwan'akalwam'omuleru.
La formation de l'opinion ne consiste pas à essayer de vaguement interpréter des écrits, dans des langues qu'on ne maîtrise pas.	Erisyabi kangiriry'abandu silheng'eritsopolia ebisako, omomubughe  awathasibwe nibya.
Muse, raconte-moi ces grands évènements. Dis pourquoi de Junon les fiers ressentiments, Poursuivant en tous lieux le malheureux Énée, Troublèrent si long-temps la haute destinée D’un prince magnanime, humain, religieux. Tant de fiel entre-t-il dans les âmes des dieux !	Muse, nganiray'emyatsi mikulukulu. Mbwire busanaki oko Junon kunebutseme, Mwakwam'ahosi omuhanya Enée, mobya mutsandya biro binzi erihika okolulheng'olwendulia ghomwana mukulu oghobuthoki, bunyamundu, kinyalusamo. Amaghetse awakalihire mangah'akaningira omo mithima eye hirimu !
Je me demande bien où j'ai pu ranger ce fichu maillot de bain !	Ngayibulay'ahongiria thek'ebirindiko ebyerikarabirako!
Marche doucement jusqu'à la porte.	Ghenda lhyololhyolo erihik'oko luyi.
Pour être exact, son discours contenait plusieurs fautes.	Alhinga nikwenene, omukania wiwe alwemomalolomanzi.
J'espère que je n'ai pas écrit de bêtises.	Ngalhengekanaya sindithasaka ebyobwana.
Mathéo savait qu'il y avait peu de chances que Marie soit occupée.	Matayo abya inyasingo halwe  kabanga kake Maria eribya nemibiri minzi.
Tous deux ont joué un rôle important dans l'histoire de l'Europe.	Ababiri abosi mubakola mathegheko manzi omo historia ye bulaya.
« Michael » est un nom masculin, mais « Michelle » est un nom féminin.	« Michael » ni rina eryobulume, alhiwe « Michelle » niria bakalhi.
Ce parc est ouvert au public et il est gratuit.	Oluparake olu lukingulhirwe okobandu nakandi nilobuyira.
Salut, mon nom est Tina.	Kuthi, erina ryaghe ni Tina.
Je vais passer la nuit au commissariat.	Ngandisha ghotser'oko biseng'ebyo mulhiki.
Qui a appelé les flics ?	Oyulhya birikir'omu anere nindi ?
Tu dois faire montre de respect à tes invités.	Wangakanzi'ababirikirwa bethu berisikya.
Le corps du serpent ressemble à un tuyau.	Omubiri owenzoka asosir'ekipulhi.
Je jure par tous les saints que c’est ainsi que cela s’est passé.	Ngalap'omo babuyirire bosi ngoko ebikobirya lababithya.
Eh bien, j'ai adoré ça.	Ehe, mongatsemerakyo.
Je pense que Mathéo est un gamin vraiment gentil.	Ngalhengekanaya Mathéo nimulwana oyutsangire.
Mike et Tom sont dans la même classe.	Mike bana Tom balhi omo kiyiro kighuma.
J'avais l'habitude de beaucoup regarder ce dessin animé quand j'étais enfant, mais je ne peux plus trop me rappeler ce qui est arrivé au héros dans l'ultime épisode.	Nabya ngwith'emiber'eyeriyitheghereria kutsibu ekisasamira eki omughulu nabya mwana, alhiwe sinangasyebukyakyo kutsibu ekyahikira  omuheheri omoluhwetsyo.
L'amour rend aveugle, le mariage rend la vue.	Olwanzo lukayir'omundu mondimethime, erilunga rikalhethar'erilangira.
S'il te plaît, envoie chercher de l'aide.	Kisi kisi, uyasondy'obuwathikya.
Il s'est tenu à l'écart de la vie publique.	Mwakayitheka luhande okwibyaho eryobunyamundu.
Désolé, mais tout cela s'est produit si soudainement que je n'ai pas encore pu me charger de la situation.	Nganyire, alhiw'ebyosi ebi mobikanalubyabyabithya erihika nokokika sinyithaminya.
As-tu entendu parler de l'époque où Mathis avait tenté de tuer Marie ?	Moghukanowa bakakani'oko mughulu ogho Mathis asonditha Marie ?
Sami vivait dans un comté très rural.	Sami aby'amomulongo.
Salut, Thomas ! Je suis très content de te voir. Tu as une mine superbe !	Kuthi, Thomas ! Namatsema ngakulangira. Utsemire kundu !
Ah ben t'as pas de bol !	Aha sighute aka akatsopolo !
N'attache de prix qu'aux trésors que tu pourras emporter avec toi dans le paradis.	Sighuthek'akathalhi oko butheke oboghukasyaghendanab'omo bwami.
Ce n'est pas étonnant qu'ils aient refusé son offre.	Sikyanga sweky'amabya imwaghanire erihabwa riwe.
Tu ne dois pas sortir après le diner.	Siwangaghend'embere syeriria ebyeriholo.
Dans notre démocratie, la Loi Pour la Liberté de l'Information, qui encourage la responsabilité par la transparence, est l'expression la plus importante d'un engagement national profond à assurer un Gouvernement ouvert.	Omwibwiranda bwethu, omughamb'ogherisunga esyongulu, owakahira  omuhwa omwilabir'ekyakakala neriyithethula, nikyamuhungo neriyiherera rinzi morikahirikirirawa na kafurnalhi.
Il a passé sa vie à rêver.	Omwibiaho riwe alwe akaghasama.
La prise micro, c'est la verte ou la rouge ?	Erimi'erinyangwa, niwe ranzi eyebithi kuts'eyeranzi eye ngwindisi ?
Il serait rompu, si vous l'aviez laissé échapper.	Kikandi thuibwa, wamabya imoghukalhek'ikyakutswako.
La colombe au col noir roucoule sur les toits, et sur les flots dormants se répand une voix, une voix qui cadence une langue divine, et d'un accent si doux, que l'amour s'y devine.	Akalhikuku akomulhima  kakarurumir'okoluthwe, noko maghetse  katsatsang'omulhenge owakashimbaya, omulhenge oghomunyambiani, nomo mulhenge mulhi owasihire no lwanzo lukayi kengaya.
Je me gardai bien de rompre avec cette femme si forte et si bonne comédienne, car je ne sais pas si le véritable amour donne d’aussi gracieuses jouissances qu’en prodigue une si savante tromperie.	Nyilwe inyinayitheghirye erikathulana nomumbesa oyu oyukalhire athya noyutsangire athya, busana sinyasi ekweneneyolwanzo lukah'etseme nyinzi ngomwiheri'erithebereria.
Cet insecte est dégoûtant.	Ekihuka ekikikasalaya.
Je me rends compte que vous autres ne seraient pas ici si vous ne le deviez pas.	Namasamalhira ngoko inywebanzi simwangabere hano nga muthalhiabia muthia.
