verse_key,hav,fr
MAT.1.1,"Chinoola cho gisisi Yeesu Kirisitu , aburhwaga mo: aliiri w'omu mulala gwa mwami Daawudi. Na Daawudi aliiri w'omu mulala gw'Abrahaamu.","Généalogie de Jésus-Christ, fils de David, fils dAbraham."
MAT.1.2,Abrahaamu aburha Isaka. Na Isaka aburha Yakobo. Na Yakobo aburha Yuuda na beene baabo.,Abraham engendra Isaac; Isaac engendra Jacob; Jacob engendra Juda et ses frères;.
MAT.1.3,Na Yuuda aburha Pereesi na Zeera ku mukaage Tamaari. Na Pereesi aburha Hesirooni. Na Hesirooni aburha Aramu.,Juda engendra de Thamar Pharès et Zara; Pharès engendra Esrom; Esrom engendra Aram;.
MAT.1.4,Na Aramu aburha Aminadaabu. Na Aminadaabu aburha Nasoni. Na Nasoni aburha Salumooni.,Aram engendra Aminadab; Aminadab engendra Naasson; Naasson engendra Salmon;.
MAT.1.5,Na Salumooni aburha Bowazi ku mukaage Rahabu. Na Bowazi aburha Obedi ku mukaage Ruuta. Na Obedi aburha Yeese.,Salmon engendra Boaz de Rahab; Boaz engendra Obed de Ruth;.
MAT.1.6,Na Yeese aburha mwami Daawudi. Na Daawudi aburha Salomoono ku muka Uriya.,Obed engendra Isaï; Isaï engendra David. Le roi David engendra Salomon de la femme dUrie;.
MAT.1.7,Na Salomoono aburha Robowamu. Na Robowamu aburha Abiya. Na Abiya aburha Asafu .,Salomon engendra Roboam; Roboam engendra Abia; Abia engendra Asa;.
MAT.1.8,Na Asafu aburha Yosafaati. Na Yosafaati aburha Yoramu. Na Yoramu aburha Uziya.,Asa engendra Josaphat; Josaphat engendra Joram; Joram engendra Ozias;.
MAT.1.9,Na Uziya aburha Yotamu. Na Yotamu aburha Ahaazi. Na Ahaazi aburha Ezekiya.,Ozias engendra Joatham; Joatham engendra Achaz; Achaz engendra Ézéchias;.
MAT.1.10,Na Ezekiya aburha Manase. Na Manase aburha Amoosi . Na Amoosi aburha Yoziyasi.,Ézéchias engendra Manassé; Manassé engendra Amon; Amon engendra Josias;.
MAT.1.11,"Na Yoziyasi aburha Yekoniya, na beene baabo omu mango aBaisraheeli baheekwaga omu gihugo ch' eBabilooni .","Josias engendra Jéchonias et ses frères, au temps de la déportation à Babylone."
MAT.1.12,"Enyuma y'okoola guheekwa eyoola munda, Yekoniya aburha Shalitiyeeri. Na Shalitiyeeri aburha Zorobabeeli.","Après la déportation à Babylone, Jéchonias engendra Salathiel; Salathiel engendra Zorobabel;."
MAT.1.13,Na Zorobabeeli aburha Abiyuudi. Na Abiyuudi aburha Eliyakiimu. Na Eliyakiimu aburha Azoori.,Zorobabel engendra Abiud; Abiud engendra Éliakim; Éliakim engendra Azor;.
MAT.1.14,Na Azoori aburha Sadooki. Na Sadooki aburha Akiimu. Na Akiimu aburha Elihuudi.,Azor engendra Sadok; Sadok engendra Achim; Achim engendra Éliud;.
MAT.1.15,Na Elihuudi aburha Eliyezeeri. Na Eliyezeeri aburha Mataani. Na Mataani aburha Yakobo.,Éliud engendra Éléazar; Éléazar engendra Matthan; Matthan engendra Jacob;.
MAT.1.16,Na Yakobo aburha Yozefu. Oyo Yozefu ye waliiri eba wa Mariya. Na Mariya ye waburhaga Yeesu olaala bayirika Kirisitu .,"Jacob engendra Joseph, lépoux de Marie, de laquelle est né Jésus, qui est appelé Christ."
MAT.1.17,"Ntya, gurhengera oku Abrahaamu guhika ku Daawudi hali bisisi ekumi na bine. Na gurhengera oku Daawudi guhika amango aBaisraheeli baheekagwa eBabilooni, hali bindi bisisi ekumi na bine. Kandi gurhengera oguheekwa eBabilooni guhika ku Kirisitu, hali bindi bisisi ekumi na bine.","Il y a donc en tout quatorze générations depuis Abraham jusquà David, quatorze générations depuis David jusquà la déportation à Babylone, et quatorze générations depuis la déportation à Babylone jusquau Christ."
MAT.1.18,"Okuburhwa kwa Yeesu kw'aliiri ntya: Mariya, nyina wa Yeesu, alishambaazizwe na Yozefu. Aliko embere z'obuhya, abonekana okw'ali bukule. Obo bukule abuheekaga kugerera obuhashe bwa Muuka-Mutagatiifu.","Voici de quelle manière arriva la naissance de Jésus-Christ. Marie, sa mère, ayant été fiancée à Joseph, se trouva enceinte, par la vertu du Saint-Esprit, avant quils eussent habité ensemble."
MAT.1.19,"Yozefu mushambaaza waage, aliiri muntu okwaneene embere za Nnamahanga, arhalishondere kumukoza eshoni embere z'abantu. Echo charhuma ahiga kumuleka omu bwibisho.","Joseph, son époux, qui était un homme de bien et qui ne voulait pas la diffamer, se proposa de rompre secrètement avec elle."
MAT.1.20,"Yozefu abeere ali akengera kw'ogoola muhigo, malahika wa Nnaweerhu amubonekera omu biloorho anamubwira ntya: «Yozefu, mugala wa Daawudi, orhayuubahaga gufulusa mukaawe Mariya, kwenge abeere bukule oku buhashe bwa Muuka-Mutagatiifu.","Comme il y pensait, voici, un ange du Seigneur lui apparut en songe, et dit: Joseph, fils de David, ne crains pas de prendre avec toi Marie, ta femme, car lenfant quelle a conçu vient du Saint-Esprit;."
MAT.1.21,"Aburha omwana w'obuzaana, nji wamuyirika Yeesu, kwenge yeewe ye wachungula abantu baage gurhenga omu byaaha byaabo.».","elle enfantera un fils, et tu lui donneras le nom de Jésus; cest lui qui sauvera son peuple de ses péchés."
MAT.1.22,"Ebyoola byooshi byabaaga, y'ebinwa bijirike ebi Nnaweerhu aderhaga ntya kugerera omuleebi:.",Tout cela arriva afin que saccomplît ce que le Seigneur avait annoncé par le prophète:.
MAT.1.23,"«Omunyere orhashubiraga kumenya omulume nj'aba bukule; nj'aburha omwana w'obuzaana. Nji bamuyirika Manuweeri», kw'okuderha ntya: «Nnamahanga ali haguma neerhu.».","Voici, la vierge sera enceinte, elle enfantera un fils, Et on lui donnera le nom dEmmanuel, ce qui signifie Dieu avec nous."
MAT.1.24,"Yozefu abeere asisimuka, ajira ebi malahika wa Nnaweerhu amurhegekaga, afulusa mukaage.","Joseph sétant réveillé fit ce que lange du Seigneur lui avait ordonné, et il prit sa femme avec lui."
MAT.1.25,"Aliko arhalyaamaga na Mariya guhika amango aburhaga omwana w'obuzaana. N'oyo mwana, Yozefu amuyirika Yeesu.","Mais il ne la connut point jusquà ce quelle eût enfanté un fils, auquel il donna le nom de Jésus."
MAT.2.1,"Yeesu aburhwaga omu gishagala ch'eBeteleheemu, omu gihugo ch'eYudeeya. Amo mango, mwami Heroode ye waliiri murhegesi. Enyuma z'okuburhwa kwa Yeesu, aBanyabwenge barhengeraga eBushoshookero bw'ezuuba bahika omu gishagala ch'eYerusaleema.","Jésus étant né à Bethléhem en Judée, au temps du roi Hérode, voici des mages dOrient arrivèrent à Jérusalem."
MAT.2.2,"Baabaza ntya: «Hali omwana waburhirwe mpu ye mwami w'aBayaahudi. Ngahe ali? Rhwalibwene enyenyeezi yaage ebushoshookero bw'ezuuba, ntya ku rhwayinjire kumuharamya.».","et dirent: Où est le roi des Juifs qui vient de naître? Car nous avons vu son étoile en Orient, et nous sommes venus pour ladorer."
MAT.2.3,"Mwami Heroode abeere ayunva ogoola mwazi, ahahaala haguma n'abantu booshi b'eYerusaleema.","Le roi Hérode, ayant appris cela, fut troublé, et tout Jérusalem avec lui."
MAT.2.4,"Aja agusha abadaahwa bakulu booshi n'abigiriza b'amarhegeko, ababaza ngahe Kirisitu alikwaneene aburhirwe.","Il assembla tous les principaux sacrificateurs et les scribes du peuple, et il sinforma auprès deux où devait naître le Christ."
MAT.2.5,Bamushubiza ntya: «Omu gishagala ch'eBeteleheemu omu gihugo ch'eYudeeya. Kwenge by'ebiyandikirwe n'omuleebi ntya:.,Ils lui dirent: A Bethléhem en Judée; car voici ce qui a été écrit par le prophète:.
MAT.2.6,"‹Wooyo Beteleheemu, gishagala ch'omu gihugo ch'eYudeeya, arhali wooyo we mugeeke omu bishagala by'egihugo ch'eYudeeya; kwenge emwawe nji harhengera omurhegesi nj'alanga Israheeli, lubaga lwani.›».","Et toi, Bethléhem, terre de Juda, Tu nes certes pas la moindre entre les principales villes de Juda, Car de toi sortira un chef Qui paîtra Israël, mon peuple."
MAT.2.7,"Heroode aja ahamagala aboola banyabwenge omu bwibisho, anababaziriza egihe eyoola nyenyeezi yabonekaga.","Alors Hérode fit appeler en secret les mages, et senquit soigneusement auprès deux depuis combien de temps létoile brillait."
MAT.2.8,"Enyuma abarhuma eBeteleheemu, ababwira ntya: «Mugende mubazirize bwinja emyaazi y'oyoola mwana. Hano muba mwamubwene, mumenyeese yi naani nje yo kumuharamya.».","Puis il les envoya à Bethléhem, en disant: Allez, et prenez des informations exactes sur le petit enfant; quand vous laurez trouvé, faites-le-moi savoir, afin que jaille aussi moi-même ladorer."
MAT.2.9,"Bamalire kuyunviriza mwami, bagenda. Elaala nyenyeezi babaaga babwene eBushoshookero bw'ezuuba, yalema yagenda embere zaabo. Yabeere yahika elugulu w'ahantu omwana aliiri, yayimanga.","Après avoir entendu le roi, ils partirent. Et voici, létoile quils avaient vue en Orient marchait devant eux jusquà ce quétant arrivée au-dessus du lieu où était le petit enfant, elle sarrêta."
MAT.2.10,"Babeere babona eyoola nyenyeezi, basiima bweneene.","Quand ils aperçurent létoile, ils furent saisis dune très grande joie."
MAT.2.11,"Baaja omu nju, baabona omwana haguma na nyina, Mariya. Bafukama embere z'omwana bamuharamya. Babohoola eshaho zaabo bahemba oyo mwana ehooro, obubaani n'amarashi.","Ils entrèrent dans la maison, virent le petit enfant avec Marie, sa mère, se prosternèrent et ladorèrent; ils ouvrirent ensuite leurs trésors, et lui offrirent en présent de lor, de lencens et de la myrrhe."
MAT.2.12,"Nnamahanga aja ababuza omu biloorho oku barhachigalukaga emwa mwami Heroode . Ntyo, baja bagaluka emwabo kugerera eyindi njira.","Puis, divinement avertis en songe de ne pas retourner vers Hérode, ils regagnèrent leur pays par un autre chemin."
MAT.2.13,"Abo banyabwenge b'eBushoshookero bw'ezuuba bayuusize kugenda, malahika wa Nnaweerhu abonekera Yozefu omu biloorho anamubwira ntya: «Yimanga, rhoola omwana na nyina oshaagire eMiisiri . Obeere yo guhika amango nji nakubwira oku ogaluke, kwenge mwami Heroode ashondere kuyirhiisa omwana.».","Lorsquils furent partis, voici, un ange du Seigneur apparut en songe à Joseph, et dit: Lève-toi, prends le petit enfant et sa mère, fuis en Égypte, et restes-y jusquà ce que je te parle; car Hérode cherchera le petit enfant pour le faire périr."
MAT.2.14,"Yozefu ava ayimanga mw'oboola budufu, arhoola omwana na nyina baaja eMiisiri.","Joseph se leva, prit de nuit le petit enfant et sa mère, et se retira en Égypte."
MAT.2.15,Abeera yo guhika amango mwami Heroode afaaga. Ebyoola byabaaga yi bijirike ebi Nnaweerhu aderhaga ntya kugerera omuleebi: «Nahamageere mugala waani arhenge eMiisiri .».,"Il y resta jusquà la mort dHérode, afin que saccomplît ce que le Seigneur avait annoncé par le prophète: Jai appelé mon fils hors dÉgypte."
MAT.2.16,"Heroode abeere abona oku abanyabwenge bamurhebekere, akaliha bweneene. Arhuma abantu omu Beteleheemu n'omu bishagala by'eburhambi bw'ahoola, bagende kuyirha abaana booshi b'obuzaana, gurhengera okuburhwa guhika myaaka ebiri. Ajiraga ntyo gukulikirana n'emyaazi abanyabwenge babaaga bamubwirire.","Alors Hérode, voyant quil avait été joué par les mages, se mit dans une grande colère, et il envoya tuer tous les enfants de deux ans et au-dessous qui étaient à Bethléhem et dans tout son territoire, selon la date dont il sétait soigneusement enquis auprès des mages."
MAT.2.17,Chaaja chajirika echinwa omuleebi Yeremiya aderhaga ntya:.,"Alors saccomplit ce qui avait été annoncé par Jérémie, le prophète:."
MAT.2.18,"«Omulenge gwayunvikeene eRaama, Rakeeli yeli alirira abaana baage bweneene; arhanashondere asiriirizwe, bulaala barhachiri ho.».","On a entendu des cris à Rama, Des pleurs et de grandes lamentations: Rachel pleure ses enfants, Et na pas voulu être consolée, Parce quils ne sont plus."
MAT.2.19,"Enyuma z'ogufa kwa Heroode , malahika wa Nnaweerhu abonekera Yozefu omu biloorho eyo Miisiri.","Quand Hérode fut mort, voici, un ange du Seigneur apparut en songe à Joseph, en Égypte."
MAT.2.20,"Amubwira ntya: «Yimanga, rhoola omwana na nyina, ogaluke omu gihugo ch'eIsraheeli, kwenge abashondaga kuyirha omwana bafiire.».","et dit: Lève-toi, prends le petit enfant et sa mère, et va dans le pays dIsraël, car ceux qui en voulaient à la vie du petit enfant sont morts."
MAT.2.21,"Yozefu ayimanga, arhoola omwana na nyina, agaluka omu gihugo ch'eIsraheeli.","Joseph se leva, prit le petit enfant et sa mère, et alla dans le pays dIsraël."
MAT.2.22,"Aliko Yozefu abeere ayunva oku Arikelaayo ye yimire eYudeeya ahaali h'eshe Heroode , ayuubaha kuja yo. Enyuma z'oguhanuulwa omu biloorho, aja omu gihugo ch'eGalilaaya.","Mais, ayant appris quArchélaüs régnait sur la Judée à la place dHérode, son père, il craignit de sy rendre; et, divinement averti en songe, il se retira dans le territoire de la Galilée."
MAT.2.23,"Aja kulama omu gishagala chiyirikwa Nazareeti, yi bijirike ebyaderhwaga n'abaleebi ntya: «Alema ayirikwa Munazareeti.».","et vint demeurer dans une ville appelée Nazareth, afin que saccomplît ce qui avait été annoncé par les prophètes: Il sera appelé Nazaréen."
MAT.3.1,"Mw'ezoola siku, Yohaana Mubatiiza ahulukira omu mpinga y' eYudeeya. Aliiri ayaamagaza ntya :.","En ce temps-là parut Jean-Baptiste, prêchant dans le désert de Judée."
MAT.3.2,"«Muleke ebyaaha byenyu, kwenge obwime bw'empingu buli hoofu!».","Il disait: Repentez-vous, car le royaume des cieux est proche."
MAT.3.3,"Yohaana y'olaala omuleebi Isaya aderhaga elugulu waage ntya: «Muntu muguma oli omu mpinga y'ayaamagaza ntya: ‹Murheganyize Nnaweerhu enjira, mumujirire enjira zilambuukire!›».","Jean est celui qui avait été annoncé par Ésaïe, le prophète, lorsquil dit: Cest ici la voix de celui qui crie dans le désert: Préparez le chemin du Seigneur, Aplanissez ses sentiers."
MAT.3.4,Yohaana aliiri ayambala efulema ya kwizwaga n'amooya m'engamiya. Analiiri ayambala omukaba gw'oluhu omu mankinya. Agendaga alya emiguuku n'obuuki.,"Jean avait un vêtement de poils de chameau, et une ceinture de cuir autour des reins. Il se nourrissait de sauterelles et de miel sauvage."
MAT.3.5,"Abantu bagendaga baaja emunda ali gurhengera omu gishagala ch'eYerusaleema, omu gihugo ch'eYudeeya chooshi n'enyunda zooshi z'olwinji lw'eYorodaani.","Les habitants de Jérusalem, de toute la Judée et de tout le pays des environs du Jourdain, se rendaient auprès de lui;."
MAT.3.6,Abo bantu baliiri bayemera ebyaaha byaabo embere z'abantu. Na Yohaana aliiri ababatiiza omu Yorodaani.,"et, confessant leurs péchés, ils se faisaient baptiser par lui dans le fleuve du Jourdain."
MAT.3.7,"Yohaana abeere abona aBafarisaayo banene n' aBasadukaayo bayinja emunda ali yi babatiizwe, ababwira ntya: «Mwe buuko bw'enjoka, nde wababwirire oku mwakagala gushaga obuhane bwa Nnamahanga bwayinjire?.","Mais, voyant venir à son baptême beaucoup de pharisiens et de sadducéens, il leur dit: Races de vipères, qui vous a appris à fuir la colère à venir?."
MAT.3.8,Leero muleme mwayeerekana kugerera ebijiro oku mwalekere ebyaaha byenyu.,Produisez donc du fruit digne de la repentance.
MAT.3.9,Murhachibwiraga mpu: ‹Abrahaamu ye shookuluza weerhu.› Kwenge mbabwirire oku Nnamahanga agahindamula ama mabaale maabe baana b'Abrahaamu!.,et ne prétendez pas dire en vous-mêmes: Nous avons Abraham pour père! Car je vous déclare que de ces pierres-ci Dieu peut susciter des enfants à Abraham.
MAT.3.10,"Embasha ekola eri hoofu guchiira emirhi oku mizi. Ngasi murhi gurhayaana amalehe menja, gwachiibwa n'ogukabulwa omu muliro.",Déjà la cognée est mise à la racine des arbres: tout arbre donc qui ne produit pas de bons fruits sera coupé et jeté au feu.
MAT.3.11,"«Nyoono, ndi nababatiiza omu menji, omu kuyerekana oku mwalekere ebyaaha byenyu. Aliko hali owayinjire enyuma zaani, yeewe agwerhe obuhashe kundusha. Ntakwaneene chiro kumuhogola ebiraato. Yeewe ye nji wababatiiza omu Muuka-Mutagatiifu n'omu muliro.","Moi, je vous baptise deau, pour vous amener à la repentance; mais celui qui vient après moi est plus puissant que moi, et je ne suis pas digne de porter ses souliers. Lui, il vous baptisera du Saint-Esprit et de feu."
MAT.3.12,Afarhire omu fune zaage engooko y'akuula ebisasara omu ngano. Nj'arhoola engano n'okuzihira omu nguli yaage. Sy'aliko nj'achumika ebisasara omu muliro gurhazima chiro n'ehityu.».,"Il a son van à la main; il nettoiera son aire, et il amassera son blé dans le grenier, mais il brûlera la paille dans un feu qui ne séteint point."
MAT.3.13,"Mwamo mango, Yeesu arhengera eGalilaaya ahika oku lwinji lw'eYorodaani, ayegeera Yohaana mpu y' abatiizwe naye.","Alors Jésus vint de la Galilée au Jourdain vers Jean, pour être baptisé par lui."
MAT.3.14,"Aliko Yohaana ashonda kulahira anamubwira ntya: «Nyoono nye ndagiirire kubatiizwa naawe. Leero gurhe, wooyo we wajire wayinja emunda ndi?».","Mais Jean sy opposait, en disant: Cest moi qui ai besoin dêtre baptisé par toi, et tu viens à moi!."
MAT.3.15,Yeesu amushubiza ntya: «Lekaga bibe ntyo bunoola. Kwenge ntya kubihemere rhujire ebikwaneene byooshi.» Yohaana aja ayemeera.,"Jésus lui répondit: Laisse faire maintenant, car il est convenable que nous accomplissions ainsi tout ce qui est juste. Et Jean ne lui résista plus."
MAT.3.16,"Yeesu abeere amabatiizwa, arhenga omu menji. Ho n'aho, empingu zagichinguula, abona Muuka gwa Nnamahanga nka guuku n'okumugwirira ko.","Dès que Jésus eut été baptisé, il sortit de leau. Et voici, les cieux souvrirent, et il vit lEsprit de Dieu descendre comme une colombe et venir sur lui."
MAT.3.17,"Omulenge gwarhengera empingu, n'okuderha ntya: «Oyuula ye Mugala waani muzigirwa, nsimiisizwe naye bweneene.».","Et voici, une voix fit entendre des cieux ces paroles: Celui-ci est mon Fils bien-aimé, en qui jai mis toute mon affection."
MAT.4.1,"Enyuma z'aho, Muuka-Mutagatiifu aheeka Yeesu omu mpinga yi Shetaani amugeregeze.","Alors Jésus fut emmené par lEsprit dans le désert, pour être tenté par le diable."
MAT.4.2,"Ayuusize guchibuza kulya siku makumi mane ezuuba n'obudufu, ayunva enzara.","Après avoir jeûné quarante jours et quarante nuits, il eut faim."
MAT.4.3,"Shetaani ayinja anamubwira ntya: «Akaba onali Mugala wa Nnamahanga, rhegeka amala mabaale mahinduke migati.».","Le tentateur, sétant approché, lui dit: Si tu es Fils de Dieu, ordonne que ces pierres deviennent des pains."
MAT.4.4,Yeesu amushubiza ntya: «Biyandikirwe omu Mandiko Matagatiifu ntya: ‹Omuntu arhakalama n'omugati gonyine. Aliko alama na ngasi Chinwa girhenga omu buunu bwa Nnamahanga.› ».,"Jésus répondit: Il est écrit: Lhomme ne vivra pas de pain seulement, mais de toute parole qui sort de la bouche de Dieu."
MAT.4.5,Shetaani amuheeka omu gishagala gitagatiifu ch'eYerusaleema. Amuyimanza elugulu w'eNju ya Nnamahanga.,"Le diable le transporta dans la ville sainte, le plaça sur le haut du temple."
MAT.4.6,"anamubwira ntya: «Akaba onali Mugala wa Nnamahanga, gikabula ahashi, kwenge biyaandikirwe ntya: ‹Nnamahanga nj'arhegeka bamalahika baage, nji bakuyankirira omu fune zaabo, y'okugulu kwawe gurhasirhalaga oku baale.›».","et lui dit: Si tu es Fils de Dieu, jette-toi en bas; car il est écrit: Il donnera des ordres à ses anges à ton sujet; Et ils te porteront sur les mains, De peur que ton pied ne heurte contre une pierre."
MAT.4.7,"Yeesu amushubiza ntya: «Biyandikirwe omu Mandiko Matagatiifu ntya: ‹Orhalemaga wageregeza Nnaweerhu, Nnamahanga wawe.› ».","Jésus lui dit: Il est aussi écrit: Tu ne tenteras point le Seigneur, ton Dieu."
MAT.4.8,"Shetaani ashuba kumuheeka oku musozi guleheere bweneene, amuyeereka amaami mooshi m'egulu n'obuchire bw'amo maami.","Le diable le transporta encore sur une montagne très élevée, lui montra tous les royaumes du monde et leur gloire."
MAT.4.9,Amubwira ntya: «Biliira byooshi naguha byo ogafukama embere zaani omu kumparamya.».,"et lui dit: Je te donnerai toutes ces choses, si tu te prosternes et madores."
MAT.4.10,"Yeesu amushubiza ntya: «Rhenga hano, Shetaani! Kwenge biyandikirwe ntya: ‹Oleme waharamya Nnaweerhu Nnamahanga waawe, onamukolere yenyine.› ».","Jésus lui dit: Retire-toi, Satan! Car il est écrit: Tu adoreras le Seigneur, ton Dieu, et tu le serviras lui seul."
MAT.4.11,"Oku buzinda, Shetaani aja aleka Yeesu, na bamalahika bayinja kumukolera.","Alors le diable le laissa. Et voici, des anges vinrent auprès de Jésus, et le servaient."
MAT.4.12,"Yeesu abeere ayunva oku Yohaana bamuhirire omu munyororo, aja eGalilaaya.","Jésus, ayant appris que Jean avait été livré, se retira dans la Galilée."
MAT.4.13,"Arhenga omu gishagala ch'eNazareeti, aja kulama omu ch'eGaperinaumu eburhambi bw'enyanja y'eGalilaaya, omu gihugo ch'eZabuluni n'eche Nafutaali.","Il quitta Nazareth, et vint demeurer à Capernaüm, située près de la mer, dans le territoire de Zabulon et de Nephthali."
MAT.4.14,Ajiraga ntyo y'echinwa chijirike ech'omuleebi Isaya aderhaga ntya:.,"afin que saccomplît ce qui avait été annoncé par Ésaïe, le prophète:."
MAT.4.15,"«Gihugo cha Zabuluni, n'eche Nafutaali, gukulikira enjira y'ebwa nyanja, oku lunda lw'olwinji lw'eYorodaani, omu gihugo ch'eGalilaaya. Eyo munda y'abarhali Bayaahudi balamire.","Le peuple de Zabulon et de Nephthali, De la contrée voisine de la mer, du pays au delà du Jourdain, Et de la Galilée des Gentils."
MAT.4.16,"Olubaga lwalilamire omu mwizimya, lwabwene obumoleke bunene, n'abalilamire omu gihugo ch'omwizimya munene g'olufu, nabo obumoleke bwabayinjire!».","Ce peuple, assis dans les ténèbres, A vu une grande lumière; Et sur ceux qui étaient assis dans la région et lombre de la mort La lumière sest levée."
MAT.4.17,"Gurhengera echoola gihe, Yeesu arhondera kuyigiriza ntya: «Muleke ebyaaha byenyu, kwenge obwime bw'empingu bwayegereere.».","Dès ce moment Jésus commença à prêcher, et à dire: Repentez-vous, car le royaume des cieux est proche."
MAT.4.18,"Yeesu abeere ali alambagira eburhambi bw'enyanja y'eGalilaaya, abona abashaana babiri ba nda nguma, Simooni bashembulaga Petero na mwene waabo Ndereya. Baliiri barhoza omulaga gwabo omu nyanja.","Comme il marchait le long de la mer de Galilée, il vit deux frères, Simon, appelé Pierre, et André, son frère, qui jetaient un filet dans la mer; car ils étaient pêcheurs."
MAT.4.19,"Yeesu ababwira ntya: «Munkulikire, nabajira bashaana b'abantu.».","Il leur dit: Suivez-moi, et je vous ferai pêcheurs dhommes."
MAT.4.20,"Ho n'aho Baaleka emilaga yaabo, bamukulikira.","Aussitôt, ils laissèrent les filets, et le suivirent."
MAT.4.21,"Yeesu agerere embere bweneene, abona bandi bashyaana babiri ba nda nguma: Yakobo na mwene waabo Yohaana. Babaaga bali omu bwarho haguma n'eshe wabo Zebedayo, eyi bali bakwiza emilaga yaabo. Abo nabo, Yeesu abahamagala.","De là étant allé plus loin, il vit deux autres frères, Jacques, fils de Zébédée, et Jean, son frère, qui étaient dans une barque avec Zébédée, leur père, et qui réparaient leurs filets."
MAT.4.22,"Ho n'aho Baaleka obwarho n'eshe wabo, bakulikira Yeesu.","Il les appela, et aussitôt ils laissèrent la barque et leur père, et le suivirent."
MAT.4.23,Yeesu aliiri agera omu gihugo chooshi ch'eGalilaaya. Aliiri ayigiriza abantu omu masinagoogi maabo n'okubayigiriza oMwazi Mwinja gw'obwime bw'empingu. Analiiri afumya abantu bali balwere ngasi ndwala na ngasi bulema.,"Jésus parcourait toute la Galilée, enseignant dans les synagogues, prêchant la bonne nouvelle du royaume, et guérissant toute maladie et toute infirmité parmi le peuple."
MAT.4.24,"Erenge lyaage lyayandaala omu gihugo ch'eSuriya chooshi. Balimulerheere abantu booshi baliiri balibuka na ngasi ndwala n'abalizimuhirwe, abalilwere egichuli n'abalihunzize. Aboola booshi, Yeesu aliiri abafumya.","Sa renommée se répandit dans toute la Syrie, et on lui amenait tous ceux qui souffraient de maladies et de douleurs de divers genres, des démoniaques, des lunatiques, des paralytiques; et il les guérissait."
MAT.4.25,"Abantu banene baliiri bamukulikira gurhengera omu gihugo ch'eGalilaaya, n'eche Dekapoli, n'omu gishagala ch'eYerusaleema, n'omu gihugo ch'eYudeeya, n'oku shiriza y'olwinji lw'eYorodaani.","Une grande foule le suivit, de la Galilée, de la Décapole, de Jérusalem, de la Judée, et dau delà du Jourdain."
MAT.5.1,"Yeesu abeere abona ebigusho by'abantu, azamuukira oku musozi, ayikala, n' abigirizwa baage bamuyegeera.","Voyant la foule, Jésus monta sur la montagne; et, après quil se fut assis, ses disciples sapprochèrent de lui."
MAT.5.2,Arhondera kubayigiriza ntya:.,"Puis, ayant ouvert la bouche, il les enseigna, et dit:."
MAT.5.3,"«Bagishirwe abakene omu murhima, kwenge oBwami bw'empingu buli bwabo!.","Heureux les pauvres en esprit, car le royaume des cieux est à eux!."
MAT.5.4,"Bagishirwe abali balira, kwenge basiririzwa!.","Heureux les affligés, car ils seront consolés!."
MAT.5.5,"Bagishirwe abagirhonda, kwenge bahabwa egulu kuba gashambala kaabo!.","Heureux les débonnaires, car ils hériteront la terre!."
MAT.5.6,"Bagishirwe abali nzara n'enyoorha y'okujira ebikwanene embere za Nnamahanga, kwenge bayuguswa!.","Heureux ceux qui ont faim et soif de la justice, car ils seront rassasiés!."
MAT.5.7,"Bagishirwe ababeera abandi obonjo, kwenge nabo baberwa obonjo!.","Heureux les miséricordieux, car ils obtiendront miséricorde!."
MAT.5.8,"Bagishirwe abagwerhe omurhima gucheere, kwenge babona Nnamahanga!.","Heureux ceux qui ont le cœur pur, car ils verront Dieu!."
MAT.5.9,"Bagishirwe abaleerha omurhuula, kwenge bahamagalwa beene Nnamahanga!.","Heureux ceux qui procurent la paix, car ils seront appelés fils de Dieu!."
MAT.5.10,"Bagishirwe abali balibuzwa elugulu w'okujira ebikwanene embere za Nnamahanga, kwenge oBwami bw'empingu buli bwabo!.","Heureux ceux qui sont persécutés pour la justice, car le royaume des cieux est à eux!."
MAT.5.11,"«Mugishirwe amango abantu bali babadukanga, n'okubalibuza, banababeshere ngasi chinwa chibi elugulu waani.","Heureux serez-vous, lorsquon vous outragera, quon vous persécutera et quon dira faussement de vous toute sorte de mal, à cause de moi."
MAT.5.12,"Muleme mwashagaluka n'oguchishinga, bulaala oluhembo lwenyu luli lunene omu mpingu. Kwenge ntyo ku balibuzaga abaleebi balamaga embere zenyu.».","Réjouissez-vous et soyez dans lallégresse, parce que votre récompense sera grande dans les cieux; car cest ainsi quon a persécuté les prophètes qui ont été avant vous."
MAT.5.13,"«Mwabo muli munyu gw'egulu. Aliko nk'omunyu gwamahwa obununu, bichi byagashuba kugugalulira obununu bwago? Gurhagachilunga chintu, sy'aliko gwanakabulwa embuga n'okulabarhwa n'abantu.","Vous êtes le sel de la terre. Mais si le sel perd sa saveur, avec quoi la lui rendra-t-on? Il ne sert plus quà être jeté dehors, et foulé aux pieds par les hommes."
MAT.5.14,«Mwabo muli bumoleke bw'egulu. Egishagala chiri oku musozi girhakabishwa.,Vous êtes la lumière du monde. Une ville située sur une montagne ne peut être cachée;.
MAT.5.15,"«Ntaaye ochaana etara mpu aliyuubike kw'agarhanda, aliko alihanika oku gikondo, lyanamolekera booshi bali omu nju.","et on nallume pas une lampe pour la mettre sous le boisseau, mais on la met sur le chandelier, et elle éclaire tous ceux qui sont dans la maison."
MAT.5.16,"Ntyo k'obumoleke bwenyu buleme bwamoleka embere z'abantu, yi babone ebijiro byenyu binja baleme banakuuza Yisho oli omu mpingu.».","Que votre lumière luise ainsi devant les hommes, afin quils voient vos bonnes œuvres, et quils glorifient votre Père qui est dans les cieux."
MAT.5.17,"«Murhalemaga mwakengeera mpu nayinjaga kuvuna eRhegeko lya Muusa, changwa enyigirizo z'abaleebi. Ntayinjaga gushanda, aliko nayinjire y'ebi byooshi bijirike.","Ne croyez pas que je sois venu pour abolir la loi ou les prophètes; je suis venu non pour abolir, mais pour accomplir."
MAT.5.18,"Okuli mbabwirire okw'egulu n'empingu bichiri ho, nta mparafu nguma changwa agatomo kaguma k'eRhegeko nji byakuulwa guhika byooshi bijirike.","Car, je vous le dis en vérité, tant que le ciel et la terre ne passeront point, il ne disparaîtra pas de la loi un seul iota ou un seul trait de lettre, jusquà ce que tout soit arrivé."
MAT.5.19,"Mw'ama marhegeko, ngasi yeeshi nji wavuna liguma liri nka ligeeke, n'okuyigiriza abandi bantu nabo balivune, nj'aba mugeeke omu Bwami bw'empingu. Aliko olaala nji wamahira omu bijiro, n'okuyigiriza abandi bantu bamahire omu bijiro, nj'aba mukulu omu Bwami bw'empingu.","Celui donc qui supprimera lun de ces plus petits commandements, et qui enseignera aux hommes à faire de même, sera appelé le plus petit dans le royaume des cieux; mais celui qui les observera, et qui enseignera à les observer, celui-là sera appelé grand dans le royaume des cieux."
MAT.5.20,"Kwenge mbabwirire, akaba murhajirire ebikwaneene embere za Nnamahanga kulusha abigiriza b'amarhegeko n' aBafarisaayo , nji murhagafa mwajiire omu Bwami bw'empingu.».","Car, je vous le dis, si votre justice ne surpasse celle des scribes et des pharisiens, vous nentrerez point dans le royaume des cieux."
MAT.5.21,«Mwayunvirhe oku bashookuluza benyu babwirwaga ntya: ‹Orhayirhaga . Omuntu wayirhire akwaneene ahanwe.›.,Vous avez entendu quil a été dit aux anciens: Tu ne tueras point; celui qui tuera mérite dêtre puni par les juges.
MAT.5.22,"«Aliko nyoono, mbabwirire oku ngasi yeeshi oyunvirhe oburhe oku waabo, akwaneene ahanwe. N'olaala nji wabwira mwene waabo ntya: ‹Orhagwerhe obwenge!›, akwaneene guhirwa omu kabuga keerhu. N'olaala nji wabwira mwene waabo ntya: ‹Oli musire!›, nj'akabulwa omu muliro gw'esiku n'amango.","Mais moi, je vous dis que quiconque se met en colère contre son frère mérite dêtre puni par les juges; que celui qui dira à son frère: Raca! Mérite dêtre puni par le sanhédrin; et que celui qui lui dira: Insensé! Mérite dêtre puni par le feu de la géhenne."
MAT.5.23,"«Leero, nka wagenda gurhulira Nnamahanga entuulo yaawe oku ntuuliro, n'ahoola okayibuka oku mwene wenyu akugwerhe kw'echinwa.","Si donc tu présentes ton offrande à lautel, et que là tu te souviennes que ton frère a quelque chose contre toi."
MAT.5.24,"leka entuulo yaawe ahoola embere z'entuuliro. Galuka oje kuyunviikana naye, n'enyuma oje gurhuula eyo entuulo yaawe.","laisse là ton offrande devant lautel, et va dabord te réconcilier avec ton frère; puis, viens présenter ton offrande."
MAT.5.25,"«Akaba hali omuntu wagusidaakire, ogihangane oyunviikane naye juba muchiri omu njira muli mwaja kuburana. Buzira ntyo, aguheeka embere z'omuzuuzi. N'omuzuuzi naye akaguhaana omu maboko m'omupoolisi, n'oyo mupoolisi anaguhira omu munyororo.","Accorde-toi promptement avec ton adversaire, pendant que tu es en chemin avec lui, de peur quil ne te livre au juge, que le juge ne te livre à lofficier de justice, et que tu ne sois mis en prison."
MAT.5.26,"Okuli nkubwirire, orhagarhenga omu munyororo orhanahongere olufuranga lw'obuzinda.».","Je te le dis en vérité, tu ne sortiras pas de là que tu naies payé le dernier quadrant."
MAT.5.27,«Mwayunviirhe oku byaderhwaga ntya: ‹Orhalemaga wahusha.›.,Vous avez appris quil a été dit: Tu ne commettras point dadultère.
MAT.5.28,"Aliko nyoono mbabwirire ntya: ‹Ngasi yeeshi walola omukazi omu guchifiija ye, miira ahushaga naye omu murhima gwage.›.","Mais moi, je vous dis que quiconque regarde une femme pour la convoiter a déjà commis un adultère avec elle dans son cœur."
MAT.5.29,"Akonva eliisho lyaawe ly'ekulyo lyagarhuma wajira echaaha, oliyoomole onalikabule hale. Kwenge kuli kw'obulagiirire oku wooyo oguheza chirumbu chiguma chonyine ch'omubiri gwawe, ahaali h'omubiri gooshi gukabulwe omu muliro gw'esiku n'amango.","Si ton œil droit est pour toi une occasion de chute, arrache-le et jette-le loin de toi; car il est avantageux pour toi quun seul de tes membres périsse, et que ton corps entier ne soit pas jeté dans la géhenne."
MAT.5.30,"Akonva efune yaawe y'ekulyo yagarhuma wajira echaaha, oyiche onayikabule hale, kwenge kuli kw'obulagiirire ku wooyo oguheza chirumbu chiguma chonyine ch'omubiri gwawe, ahaali h'omubiri gooshi gukabulwe omu muliro gw'esiku n'amango.».","Et si ta main droite est pour toi une occasion de chute, coupe-la et jette-la loin de toi; car il est avantageux pour toi quun seul de tes membres périsse, et que ton corps entier naille pas dans la géhenne."
MAT.5.31,"«Byaderhwaga kandi ntya: ‹Ngasi mulume yeeshi oyegwire mukaage, amuhe amaruba mw'okuyeerekana okw'amuyegwire.›.",Il a été dit: Que celui qui répudie sa femme lui donne une lettre de divorce.
MAT.5.32,"Aliko nyoono mbabwirire oku ngasi yeeshi wayeegula mukaage, nka burhali buhemusi bw'obuhushi, eyi amujirire muhushi. N'omulume washabire omukazi bayegwire, oyo mulume naye ahushire.».","Mais moi, je vous dis que celui qui répudie sa femme, sauf pour cause dinfidélité, lexpose à devenir adultère, et que celui qui épouse une femme répudiée commet un adultère."
MAT.5.33,"«Mwayunvirhe kandi oku bashookuluza babwirwaga ntya: ‹Orhalemaga wajira endahiro z'obubeeshi, aliko oleme wakenga endahiro zaawe wajirire embere za Nnaweerhu.›.","Vous avez encore appris quil a été dit aux anciens: Tu ne te parjureras point, mais tu tacquitteras envers le Seigneur de ce que tu as déclaré par serment."
MAT.5.34,"«Aliko nyoono mbabwirire oku murhalemaga mwajira endahiro. Murhajiraga endahiro oku ziino ly'empingu, kwenge eri nka ntebe y'oBwami bwa Nnamahanga.","Mais moi, je vous dis de ne jurer aucunement, ni par le ciel, parce que cest le trône de Dieu;."
MAT.5.35,"Murhalemaga mwajira endahiro oku ziino ly'egulu, kwenge liri nka ndabarhiro Nnamahanga ahumuusiza kw'amagulu. Murhalemaga mwajira kandi endahiro oku ziino ly'eYerusaleema, kwenge chiri gishagala gikulu cha Mwami Mukulu.","ni par la terre, parce que cest son marchepied; ni par Jérusalem, parce que cest la ville du grand roi."
MAT.5.36,"Orhalemaga wajira endahiro oku rhwe lyaawe, kwenge orhagahindamula oluviiri lwawe luguma kuba luvi changwa kuba lwiragula.","Ne jure pas non plus par ta tête, car tu ne peux rendre blanc ou noir un seul cheveu."
MAT.5.37,"Echinwa chenyu chibe ‹Neechi, ye na neechi›, ‹Nangwa, ye na nangwa.› Kwenge nka muyushwire ebindi binwa kw'ebiila, eyi byarhenga emwa Shetaani.».","Que votre parole soit oui, oui, non, non; ce quon y ajoute vient du malin."
MAT.5.38,"«Mwayunvirhe oku byaderhwaga ntya: ‹Eliisho oku liisho, n'elinyo oku linyo.›.","Vous avez appris quil a été dit: œil pour œil, et dent pour dent."
MAT.5.39,"Aliko nyoono mbabwirire oku akaba omuntu abajirire amabi, murhagihooleraga. Akaba omuntu agushurhire oku rhama ly'ekulyo, onamurhege ely'ekulembe.","Mais moi, je vous dis de ne pas résister au méchant. Si quelquun te frappe sur la joue droite, présente-lui aussi lautre."
MAT.5.40,"Nk'omuntu ashondere kugusidaaka y'akunyege esimiisi yaawe, lekera ye n'egorhe.","Si quelquun veut plaider contre toi, et prendre ta tunique, laisse-lui encore ton manteau."
MAT.5.41,"Nk'omuntu aguseezeze guheeka omuzigo gwage ku chilometere chiguma, omuhisize go ku bibiri.","Si quelquun te force à faire un mille, fais-en deux avec lui."
MAT.5.42,"Omuntu nk'aguhemere akantu, omuhe ko. N'omuntu nk'ashondere omuhoze, orhamulahiriraga.","Donne à celui qui te demande, et ne te détourne pas de celui qui veut emprunter de toi."
MAT.5.43,"«Mwayunvirhe oku byaderhwaga ntya: ‹Oleme wasiima omuturanyi waawe , aliko omwanzi waawe yeewe oleme wamushomba.›.","Vous avez appris quil a été dit: Tu aimeras ton prochain, et tu haïras ton ennemi."
MAT.5.44,«Aliko nyoono mbabwirire ntya: ‹Muleme mwasiima abanzi benyu munaleme mwasaliirira ababalibuza.›.,"Mais moi, je vous dis: Aimez vos ennemis, bénissez ceux qui vous maudissent, faites du bien à ceux qui vous haïssent, et priez pour ceux qui vous maltraitent et qui vous persécutent."
MAT.5.45,"Mukajira ntyo, mwaba baana ba Yisho oli omu mpingu, kwenge anakoleeza ezuuba lyaage oku bantu binja n'oku babi. Anarhoza envula oku bantu bakwaneene n'oku barhakwaneene.","afin que vous soyez fils de votre Père qui est dans les cieux; car il fait lever son soleil sur les méchants et sur les bons, et il fait pleuvoir sur les justes et sur les injustes."
MAT.5.46,"Akaba munasiima ababasiima bonyine, luhembo luchi mwagwarha? Abafurhiisa b'amakooli nabo banajira ntyo!.","Si vous aimez ceux qui vous aiment, quelle récompense méritez-vous? Les publicains aussi nagissent-ils pas de même?."
MAT.5.47,"N'akaba munalamusa beene benyu bonyine, mwaba eyi gichi mwajirire chilushire abandi? Na abarhamenyere Nnamahanga nabo, banalamusa beene baabo!.","Et si vous saluez seulement vos frères, que faites-vous dextraordinaire? Les païens aussi nagissent-ils pas de même?."
MAT.5.48,"Mujaage mwaba abakwaneene, nk'oku Yisho w'empingu anaba akwaneene.».","Soyez donc parfaits, comme votre Père céleste est parfait."
MAT.6.1,"«Muleme mwachilanga, murhalemaga mwajira ebijiro binja embere z'abantu yi bababone. Kwenge mukajira ntyo, nta luhembo nji mwayankirira emwa Yisho oli omu mpingu.","Gardez-vous de pratiquer votre justice devant les hommes, pour en être vus; autrement, vous naurez point de récompense auprès de votre Père qui est dans les cieux."
MAT.6.2,"«Nka warhabala abakene, orhalemaga waziha omulizi nk'oku endyaalya zinajira omu sinagoogi n'omu njira y'abantu baleme bazikuuza. Okuli mbabwirire, zikola zigwerhe oluhembo lwazo.","Lors donc que tu fais laumône, ne sonne pas de la trompette devant toi, comme font les hypocrites dans les synagogues et dans les rues, afin dêtre glorifiés par les hommes. Je vous le dis en vérité, ils reçoivent leur récompense."
MAT.6.3,"Aliko wooyo, nka warhabala abakene, efune yaawe y'ekulembe erhamenyaga chiro ech'efune yaawe y'ekulyo eri yajira.","Mais quand tu fais laumône, que ta main gauche ne sache pas ce que fait ta droite."
MAT.6.4,"Ebyo bijiro binja, oleme wabijira omu bwibisho na Yisho onabona omu bwibisho eby'oli wajira, nj'aguhemba.».","afin que ton aumône se fasse en secret; et ton Père, qui voit dans le secret, te le rendra."
MAT.6.5,"«Amango muli mwasaliira, murhabaaga nka ndyaalya. Kwenge zoowe, zisiima kuyimanga omu masinagoogi maazo n'omu mashanganjira yi zibonekane n'abantu. Okuli mbabwirire oku zikola zigwerhe omukamarho gwazo.","Lorsque vous priez, ne soyez pas comme les hypocrites, qui aiment à prier debout dans les synagogues et aux coins des rues, pour être vus des hommes. Je vous le dis en vérité, ils reçoivent leur récompense."
MAT.6.6,"Aliko wooyo amango oli wasaliira, ja omu busiika bwawe. Chinga omulyango onasaliire Yisho orhabonekana. Na Yisho, onabona ebijiro byaawe omu bwibisho, nj'aguhemba.","Mais quand tu pries, entre dans ta chambre, ferme ta porte, et prie ton Père qui est là dans le lieu secret; et ton Père, qui voit dans le secret, te le rendra."
MAT.6.7,"«Amango muli mwasaliira, murhalemaga mwaderha ebinwa binene bya busha-busha nk'oku abarhali Bayaahudi banajira. Kwenge boowe, banakengera mpu Nnamahanga abashubiza elugulu w'okuluza ebinwa.","En priant, ne multipliez pas de vaines paroles, comme les païens, qui simaginent quà force de paroles ils seront exaucés."
MAT.6.8,"Mwabo murhalemaga mwajira nka boowe, kwenge Yisho ayinji bichi mulagire ko chiro akaba murhaza kumuhema.","Ne leur ressemblez pas; car votre Père sait de quoi vous avez besoin, avant que vous le lui demandiez."
MAT.6.9,«Tala gurhe mukwaneene gusaliira: ‹Daarha oli omu mpingu! Eziino lyaawe likuuzwe.,Voici donc comment vous devez prier: Notre Père qui es aux cieux! Que ton nom soit sanctifié;.
MAT.6.10,"obwime bwawe buyinje, obulonza bwawe buleme bwajirika omu gulu nk'omu mpingu.",que ton règne vienne; que ta volonté soit faite sur la terre comme au ciel.
MAT.6.11,Oleme warhuha ebiryo byeerhu bya ngasi lusiku.,Donne-nous aujourdhui notre pain quotidien;.
MAT.6.12,"oleme warhubabalira amabi meerhu, nk'oku neerhu rhunababalira abarhujirire amabi.","pardonne-nous nos offenses, comme nous aussi nous pardonnons à ceux qui nous ont offensés;."
MAT.6.13,"Orhalemaga warhuleka rhwaja omu chigeregezo, aliko oleme warhulanga oku Shetaani. Kwenge oBwami, obuhashe n'obukuuze biri byaawe esiku n'amango! Bibe ntyo!›».","ne nous induis pas en tentation, mais délivre-nous du malin. Car cest à toi quappartiennent, dans tous les siècles, le règne, la puissance et la gloire. Amen!."
MAT.6.14,"«Akonva munababalira abantu amabi maabo, Yisho w'empingu naye abababalira.","Si vous pardonnez aux hommes leurs offenses, votre Père céleste vous pardonnera aussi;."
MAT.6.15,"Aliko akonva murhalemere mwababalira abantu amabi maabo, Yisho w'empingu naye arhakabababalira amabi menyu.».","mais si vous ne pardonnez pas aux hommes, votre Père ne vous pardonnera pas non plus vos offenses."
MAT.6.16,"«Amango muli mwachilahiza kulya, murhazinzaga amalanga nka ndyaalya. Zizinza amalanga yi ziyereke abantu oku zachilahiize kulya. Okuli , mbabwirire oku zikola zigwerhe oluhembo lwazo.","Lorsque vous jeûnez, ne prenez pas un air triste, comme les hypocrites, qui se rendent le visage tout défait, pour montrer aux hommes quils jeûnent. Je vous le dis en vérité, ils reçoivent leur récompense."
MAT.6.17,"Aliko wooyo, amango oli wachilahiza kulya, oleme wayooga onasanure enviiri zaawe, onayooge amalanga.","Mais quand tu jeûnes, parfume ta tête et lave ton visage."
MAT.6.18,y'orhayereka abantu oku wachilahize kulya. Aliko echo chijiro chimenyikeene na Yisho orhabonekana. N'oyoola Yisho onabona eby'ojira omu bwibisho aguhemba.».,"afin de ne pas montrer aux hommes que tu jeûnes, mais à ton Père qui est là dans le lieu secret; et ton Père, qui voit dans le secret, te le rendra."
MAT.6.19,"«Murhalemaga mwachibikira ebikulo omu gulu, kwenge omushwa changwa egutu binabishereza. N'ebishambo binarhula enju n'okuzimba.","Ne vous amassez pas des trésors sur la terre, où la teigne et la rouille détruisent, et où les voleurs percent et dérobent;."
MAT.6.20,"Aliko muleme mwachibikira ebikulo omu mpingu, eyoola munda y'omushwa n'egutu birhabishereza, n'ebishambo birharhula n'okuzimba.","mais amassez-vous des trésors dans le ciel, où la teigne et la rouille ne détruisent point, et où les voleurs ne percent ni ne dérobent."
MAT.6.21,"Kwenge ah'ebikulo byaawe biri, ahoola h'omurhima gwawe nago guli.","Car là où est ton trésor, là aussi sera ton cœur."
MAT.6.22,"«Eliisho liri tara ly'omubiri. Akonva eliisho lyaawe liri ligumaguma, omubiri gwawe gooshi gwanaba omu bumoleke.","Lœil est la lampe du corps. Si ton œil est en bon état, tout ton corps sera éclairé;."
MAT.6.23,"Aliko akonva eliisho lyaawe lilwere, omubiri gwawe gooshi gwanaba omu mwizimya. Leero akonva obumoleke buli omu kalamo kaawe bwagahindamuka mwizimya, ogoola mwizimya gwanaja gwaba munene kulusha.","mais si ton œil est en mauvais état, tout ton corps sera dans les ténèbres. Si donc la lumière qui est en toi est ténèbres, combien seront grandes ces ténèbres!."
MAT.6.24,«Ntaaye wakagala gukolera bannahamwabo babiri. Kwenge akagaya muguma anasiima owindi. Changwa agachishwekera ku muguma anakena n'owindi. Murhakagala gukolera Nnamahanga munakolere ebikulo.,"Nul ne peut servir deux maîtres. Car, ou il haïra lun, et aimera lautre; ou il sattachera à lun, et méprisera lautre. Vous ne pouvez servir Dieu et Mamon."
MAT.6.25,"«Cho girhumire mbabwirire ntya: ‹Murhachilunzaga elugulu w'akalamo kenyu mpu bichi mwalya changwa bichi mwanywa, changwa elugulu w'omubiri gwenyu mpu bichi mwayambala.› Akalamo kali k'obulagiirire kulusha ebiryo, n'omubiri kulusha emyambalo.","Cest pourquoi je vous dis: Ne vous inquiétez pas pour votre vie de ce que vous mangerez, ni pour votre corps, de quoi vous serez vêtus. La vie nest-elle pas plus que la nourriture, et le corps plus que le vêtement?."
MAT.6.26,"Mulole, enyunyi zirhahinga, zirhashaluula zirhanahaka emyaaka omu nguli. Aliko Yisho w'empingu aziliisa. K'arhali mwe muli babulagiirire kuzilusha?.","Regardez les oiseaux du ciel: ils ne sèment ni ne moissonnent, et ils namassent rien dans des greniers; et votre Père céleste les nourrit. Ne valez-vous pas beaucoup plus queux?."
MAT.6.27,«Nde mu mwabo wakagala kuyushuula chiro olusiku oku kalamo kaage elugulu w'oguchilunza?.,"Qui de vous, par ses inquiétudes, peut ajouter une coudée à la durée de sa vie?."
MAT.6.28,«Leero bichi birhumire mwachilunza elugulu w'emyambalo? Mulole bwinja gurhe obwaso buyaasa. Burhakola burhanachilukira fulema.,Et pourquoi vous inquiéter au sujet du vêtement? Considérez comment croissent les lis des champs: ils ne travaillent ni ne filent;.
MAT.6.29,"aliko mbabwirire oku chiro mwami Solomoono omu buchire bwage booshi, arhayambalaga efulema ekwirire kulusha ogukwira kw'obwaso buguma omu bo.","cependant je vous dis que Salomon même, dans toute sa gloire, na pas été vêtu comme lun deux."
MAT.6.30,"Ebirhi by'elubala binabonekana zeene n'omuseezi byanakabulwa omu muliro. Chiro akaba ntyo, Nnamahanga anabiyambisa efulema zikwirire bweneene. Leero gurhe arhakabayambisa bwinja bweneene mwe bantu mugwerhe obwemeezi bugeeke?.","Si Dieu revêt ainsi lherbe des champs, qui existe aujourdhui et qui demain sera jetée au four, ne vous vêtira-t-il pas à plus forte raison, gens de peu de foi?."
MAT.6.31,"«Murhalemaga mwachilunza mpu: ‹Bichi rhwalya, changwa bichi rhwanywa, changwa kandi bichi rhwayambala!›.","Ne vous inquiétez donc point, et ne dites pas: Que mangerons-nous? Que boirons-nous? De quoi serons-nous vêtus?."
MAT.6.32,"Ebyoola byooshi, abarhamenyere Nnamahanga bo banachilunza omu kubishonda. Aliko mwabo Yisho w'empingu ayinji oku mubilagire ko.","Car toutes ces choses, ce sont les païens qui les recherchent. Votre Père céleste sait que vous en avez besoin."
MAT.6.33,"Murhange mushonde obwime bwa Nnamahanga n'ebikwaneene embere zaage, naye abayushulira ebyoola bindi byooshi.",Cherchez premièrement le royaume et la justice de Dieu; et toutes ces choses vous seront données par-dessus.
MAT.6.34,"«Murhalemaga mwachilunza elugulu w'ebyaaba omuseezi, kwenge ebyoola byachilibukira byonyine. Ngasi lusiku lugwerhe amaage malibuko maluyeneere.».",Ne vous inquiétez donc pas du lendemain; car le lendemain aura soin de lui-même. A chaque jour suffit sa peine.
MAT.7.1,Yeesu ashuba kuderha ntya: «Murhalemaga mwachiira abandi olushinja yi nenyu murhalemaga mwachirwa lo.,"Ne jugez point, afin que vous ne soyez point jugés."
MAT.7.2,Kwenge nk'oku muchiira abenyu olushinja ku nenyu nji babachira lo.,"Car on vous jugera du jugement dont vous jugez, et lon vous mesurera avec la mesure dont vous mesurez."
MAT.7.3,"«Girhumire walola ehirhi hiri omu liisho ly'owenyu, aliko orhakengereere elugulu w'omurhi guli omu ly'emwawe?.","Pourquoi vois-tu la paille qui est dans lœil de ton frère, et naperçois-tu pas la poutre qui est dans ton œil?."
MAT.7.4,"Changwa gurhe wakagala kubwira owenyu ntya: ‹Ndeka nkuule ehirhi hikuli omu liisho, noobo omu lyawe muchiri omurhi?›.","Ou comment peux-tu dire à ton frère: Laisse-moi ôter une paille de ton œil, toi qui as une poutre dans le tien?."
MAT.7.5,"W'endyaalya we, rhanga okuule omurhi guli omu liisho lyawe, wanaja wabona bwinja gurhe wakuula ehirhi hiri omu liisho ly'owenyu.","Hypocrite, ôte premièrement la poutre de ton œil, et alors tu verras comment ôter la paille de lœil de ton frère."
MAT.7.6,"«Murhalemaga mwaha embwa ebintu bitagatiifu. Bulaala zakabahindamukira n'okubashenyagula. Kandi murhakabuliraga engulube amagerha menyu magachiiro, kwenge zakamalabarhanga.».","Ne donnez pas les choses saintes aux chiens, et ne jetez pas vos perles devant les pourceaux, de peur quils ne les foulent aux pieds, ne se retournent et ne vous déchirent."
MAT.7.7,"«Muleme mwahema yi muhaabwe, muleme mwashonda yi mubone, muleme mwakongoorha yi muchingulirwe.","Demandez, et lon vous donnera; cherchez, et vous trouverez; frappez, et lon vous ouvrira."
MAT.7.8,"Kwenge ngasi yeeshi ohema, anahaabwa. Oshonda, anabona. N'okongoorha, anachinguulirwa.","Car quiconque demande reçoit, celui qui cherche trouve, et lon ouvre à celui qui frappe."
MAT.7.9,"Nde mu mwabo, nk'omwana waage amuhemere omugati, akamuha ebaale?.","Lequel de vous donnera une pierre à son fils, sil lui demande du pain?."
MAT.7.10,"Changwa nk'amuhemere efi, k'akamuha enjoka?.","Ou, sil demande un poisson, lui donnera-t-il un serpent?."
MAT.7.11,"«Chiro akaba mwabo muli babi, aliko muyinji guha abaana benyu ebintu binja. Leero gurhe Yisho oli omu mpingu agafundwa guhaana ebintu binja oku bamuhemere byo?.","Si donc, méchants comme vous lêtes, vous savez donner de bonnes choses à vos enfants, à combien plus forte raison votre Père qui est dans les cieux donnera-t-il de bonnes choses à ceux qui les lui demandent."
MAT.7.12,"«Byooshi mushondere abantu babajirire, nenyu mubajirire byo. Ebyoola by'eRhegeko lya Muusa n'ebitaabu by'abaleebi biyigiriza.","Tout ce que vous voulez que les hommes fassent pour vous, faites-le de même pour eux, car cest la loi et les prophètes."
MAT.7.13,"«Mugerere omu mulyango gufundereere. Kwenge omulyango guyerekeere ebwaguhera gugalihire, n'enjira ejire yo egalihire. N'abantu bagerera mw'eyo njira balugire.","Entrez par la porte étroite. Car large est la porte, spacieux est le chemin qui mènent à la perdition, et il y en a beaucoup qui entrent par là."
MAT.7.14,Aliko omulyango gujire ebw'akalamo goowe gufundereere. N'enjira eyerekeze yo nayo efundereere. N'abantu bagerera mw'eyo njira bageehere.,"Mais étroite est la porte, resserré le chemin qui mènent à la vie, et il y en a peu qui les trouvent."
MAT.7.15,"«Muleme mwachilanga oku baleebi b'obubeeshi. Babayinjira eyi bachijirire nka ntaama, aliko ey'omu mirhima yaabo bali banyambwe bakalihire.","Gardez-vous des faux prophètes. Ils viennent à vous en vêtements de brebis, mais au-dedans ce sont des loups ravisseurs."
MAT.7.16,"Abo baleebi, mwalema mwabamenyera oku bijiro byaabo. Kwenge abantu barhacha amalehe m'omuzabiibu changwa m'etiini oku mirhi y'emishaaki.","Vous les reconnaîtrez à leurs fruits. Cueille-t-on des raisins sur des épines, ou des figues sur des chardons?."
MAT.7.17,Ngasi murhi mwinja gunayaana amalehe menja. Na ngasi murhi mubi gunayaana amalehe mabi.,"Tout bon arbre porte de bons fruits, mais le mauvais arbre porte de mauvais fruits."
MAT.7.18,"Omurhi mwinja gurhakayaana amalehe mabi, changwa omurhi gubi gurhakayaana amalehe menja.","Un bon arbre ne peut porter de mauvais fruits, ni un mauvais arbre porter de bons fruits."
MAT.7.19,"Ngasi murhi gurhayaana amalehe menja, gunachiibwa n'ogukabulwa omu muliro.",Tout arbre qui ne porte pas de bons fruits est coupé et jeté au feu.
MAT.7.20,"Ntyo, n'abo baleebi b'obubeeshi mwalema mwabamenyera oku bijiro byaabo.».",Cest donc à leurs fruits que vous les reconnaîtrez.
MAT.7.21,"«Arhali ngasi muntu wambwira ntya: ‹Nnaweerhu! Nnaweerhu!› Nji waaja omu Bwami bw'empingu, aliko olaala yenyine onajira oku Daarha oli omu mpingu ashondere.","Ceux qui me disent: Seigneur, Seigneur! Nentreront pas tous dans le royaume des cieux, mais celui-là seul qui fait la volonté de mon Père qui est dans les cieux."
MAT.7.22,"Olusiku lw'ogucha olushinja, bantu banene nji bambwira ntya: ‹Nnaweerhu! Nnaweerhu! K'arhali oku ziino lyawe rhwalemaga rhwaleeba, rhwakuula abazimu rhwanajira ebisomereene binene?›.","Plusieurs me diront en ce jour-là: Seigneur, Seigneur, navons-nous pas prophétisé par ton nom? Navons-nous pas chassé des démons par ton nom? Et navons-nous pas fait beaucoup de miracles par ton nom?."
MAT.7.23,"Nji naaja nabashubiza ntya: ‹Ntashubiraga kubamenya! Muje hale naani, mwabo mwe mujira amabi!›».","Alors je leur dirai ouvertement: Je ne vous ai jamais connus, retirez-vous de moi, vous qui commettez liniquité."
MAT.7.24,"«Ntyo ku ngasi muntu oyunva ebi binwa byaani n'okubihira omu bijiro, ashushire nk'omuntu w'obwenge wayumbakire enju yaage oku baale.","Cest pourquoi, quiconque entend ces paroles que je dis et les met en pratique, sera semblable à un homme prudent qui a bâti sa maison sur le roc."
MAT.7.25,"Envula yabeere yarhoga, enyinji zayunjula, n'omuyaga munene gwahuusa n'oguchishenya kw'eyoola nju. Chiro akaba ntyo, erhahenaga, kwenge yaliyumbakirwe oku baale.","La pluie est tombée, les torrents sont venus, les vents ont soufflé et se sont jetés contre cette maison: elle nest point tombée, parce quelle était fondée sur le roc."
MAT.7.26,"«Aliko ngasi muntu oyunva ebinwa byaani arhanabihirire omu bijiro, ashushire nka muntu orhagwerhe obwenge wayumbakire enju yaage oku mushenyi.","Mais quiconque entend ces paroles que je dis, et ne les met pas en pratique, sera semblable à un homme insensé qui a bâti sa maison sur le sable."
MAT.7.27,"Envula yabeere yarhoga, enyinji zayunjula, omuyaga munene gwahuusa n'oguchishenya kw'eyoola nju. Ho n'aho, eyo nju yahena n'ogushandaala yooshi.».","La pluie est tombée, les torrents sont venus, les vents ont soufflé et ont battu cette maison: elle est tombée, et sa ruine a été grande."
MAT.7.28,"Yeesu abeere ayuusa kuderha ebyoola binwa, echigusho ch'abantu basoomererwa obulyo bwage bw'okuyigiriza.","Après que Jésus eut achevé ces discours, la foule fut frappée de sa doctrine;."
MAT.7.29,"Basoomerwaga ntyo, kwenge yeewe arhaliiri abayigiriza nka bigiriza baabo b'amarhegeko, aliko aliiri abayigiriza nka muntu ogwerhe obuhashe.","car il enseignait comme ayant autorité, et non pas comme leurs scribes."
MAT.8.1,"Enyuma w'ebyoola, Yeesu ayandagala k'ogoola musozi. Okw'ali ayandagala, echigusho ch'abantu banene bamukulikira.","Lorsque Jésus fut descendu de la montagne, une grande foule le suivit."
MAT.8.2,"Haahulukira mubenzi-benzi muguma, afukama embere za Yeesu. Amubwira ntya: «Nnaweerhu, akaba oshondere, wakancheesa.».","Et voici, un lépreux sétant approché se prosterna devant lui, et dit: Seigneur, si tu le veux, tu peux me rendre pur."
MAT.8.3,"Yeesu alambuula efune, amuhuma ko n'okumubwira ntya: «Nshondere, ocheeswe.» Ho n'aho oyo muntu acheeswa ebibenzi byaage.","Jésus étendit la main, le toucha, et dit: Je le veux, sois pur. Aussitôt il fut purifié de sa lèpre."
MAT.8.4,"Oku buzinda, Yeesu amurhegeka ntya: «Ochilange! Ebyo binwa orhabibwiraga chiro n'omuntu muguma! Aliko ogende guchimoleka emw'omudaahwa, onahaane entuulo gukulikirana n'okw'eRhegeko lya Muusa liderhere.».","Puis Jésus lui dit: Garde-toi den parler à personne; mais va te montrer au sacrificateur, et présente loffrande que Moïse a prescrite, afin que cela leur serve de témoignage."
MAT.8.5,"Yeesu abeere ali aja omu gishagala ch'eGaperinaumu, omukulu muguma w'abasoda b'eKirooma amuyegeera n'okumurhebereza ntya:.","Comme Jésus entrait dans Capernaüm, un centenier laborda."
MAT.8.6,"«Nnaweerhu, omukozi waani ahunzize, analyamire omu nju kwenge ali alibuka bweneene.».","le priant et disant: Seigneur, mon serviteur est couché à la maison, atteint de paralysie et souffrant beaucoup."
MAT.8.7,Yeesu amushubiza ntya: «Nayinja kumufumya.».,"Jésus lui dit: Jirai, et je le guérirai."
MAT.8.8,"Oyo mukulu w'abasoda b'eKirooma ashubiza ntya: «Nnaweerhu, ntakwaneene oku oje omu mwani. Aliko oderhe chinwa chiguma chonyine, n'omukozi waani afuma!.","Le centenier répondit: Seigneur, je ne suis pas digne que tu entres sous mon toit; mais dis seulement un mot, et mon serviteur sera guéri."
MAT.8.9,"Kwenge naani ndi eshiishi w'oburhegesi bw'abandi bakulu. Na ngwerhe abasoda bali eshiishi y'oburhegesi bwani. Nambwira muguma ntya: ‹Genda!› Ho n'aho anagenda. Na nkabwira owindi ntya: ‹Yinja!› Ho n'aho anayinja. N'omuja waani nkamubwira ntya: ‹Jira ntya!›, anajira ntyo.».","Car, moi qui suis soumis à des supérieurs, jai des soldats sous mes ordres; et je dis à lun: Va! Et il va; à lautre: Viens! Et il vient; et à mon serviteur: Fais cela! Et il le fait."
MAT.8.10,"Yeesu abeere ayunva ebyoola binwa, asoomerwa. Abwira abalimukulikire ntya: « Okuli mbabwirire oku omu aBaisraheeli booshi, ntashubiraga kubona omuntu ogwerhe obwemeezi bunene buli nka bw'oyu Murooma.","Après lavoir entendu, Jésus fut dans létonnement, et il dit à ceux qui le suivaient: Je vous le dis en vérité, même en Israël je nai pas trouvé une aussi grande foi."
MAT.8.11,"Mbabwirire oku bantu banene nji barhengera ebushoshookero n'ebuzikiro bw'ezuuba. Abo bantu nji basangira haguma n' Abrahaamu , Isaka na Yakobo omu Bwami bw'empingu.","Or, je vous déclare que plusieurs viendront de lorient et de loccident, et seront à table avec Abraham, Isaac et Jacob, dans le royaume des cieux."
MAT.8.12,"Aliko abantu balikwaneene kuja mw'obo Bwami, nji bakabulwa embuga omu mwizimya. Eyoola nji balira n'oguhekenya amenyo.».","Mais les fils du royaume seront jetés dans les ténèbres du dehors, où il y aura des pleurs et des grincements de dents."
MAT.8.13,"Yeesu aja abwira olaala mukulu w'abasoda b'eKirooma ntya: «Gendaga, okw'obwemeezi bwawe buli kubinabaage.» Na mw'ebyo bishanji, oyo mukozi waage afuma.","Puis Jésus dit au centenier: Va, quil te soit fait selon ta foi. Et à lheure même le serviteur fut guéri."
MAT.8.14,"Enyuma z'ebyoola, Yeesu aja omu nju ya Petero. Abugaana mo nazaala wa Petero alyaamire eyi agwerhe eshuushira.","Jésus se rendit ensuite à la maison de Pierre, dont il vit la belle-mère couchée et ayant la fièvre."
MAT.8.15,"Yeesu amuhuma oku fune, n'okuva afuma elyo shushira. Oyo mukazi ava ayimanga n'ogurhondera kumurheganyiza ebiryo.","Il toucha sa main, et la fièvre la quitta; puis elle se leva, et le servit."
MAT.8.16,"Lyabeere golo, baleerhera Yeesu bantu banene baalifarhirwe n' abazimu . Yeesu alema akula abo bazimu n'echinwa chonyine. N'abalwala booshi nabo alema abafumya.","Le soir, on amena auprès de Jésus plusieurs démoniaques. Il chassa les esprits par sa parole, et il guérit tous les malades."
MAT.8.17,"Ajiraga ntyo y'echiila chinwa chijirike, ech'omuleebi Isaya aderhaga ntya: «Arhoolere obuzamba bwerhu anarhoolere n'endwala zeerhu.».","afin que saccomplît ce qui avait été annoncé par Ésaïe, le prophète: Il a pris nos infirmités, et il sest chargé de nos maladies."
MAT.8.18,"Yeesu abeere abona echigusho ch'abantu bamuzungulukire, arhegeka abigirizwa baage ntya: «Rhuyambukire eshiiriza w'enyanja.».","Jésus, voyant une grande foule autour de lui, donna lordre de passer à lautre bord."
MAT.8.19,"Mwigiriza muguma w'amarhegeko ava ayinja kumubwira ntya: «Mwigiriza, ngasi hooshi walema waaja, nalema nagukulikira.».","Un scribe sapprocha, et lui dit: Maître, je te suivrai partout où tu iras."
MAT.8.20,"Yeesu naye amushubiza ntya: «Emitereri egwerhe enkunda elama mo, n'enyunyi zigwerhe enyogo, aliko Mwene oMuntu arhagwerhe ahantu h'oguhumusiza erhwe.».","Jésus lui répondit: Les renards ont des tanières, et les oiseaux du ciel ont des nids; mais le Fils de lhomme na pas où reposer sa tête."
MAT.8.21,"Owindi naye omu bigirizwa ba Yeesu amubwira ntya: «Nnaweerhu, onyemeerere ntange nje guhamba daarha.».","Un autre, dentre les disciples, lui dit: Seigneur, permets-moi daller dabord ensevelir mon père."
MAT.8.22,"Yeesu amubwira ntya: «Oleke abafu baleme bahamba abafu baabo, aliko wooyo onkulikire.».","Mais Jésus lui répondit: Suis-moi, et laisse les morts ensevelir leurs morts."
MAT.8.23,"Enyuma w'ebyoola, Yeesu azamuukira omu chombo n' abigirizwa baage bagenda naye.","Il monta dans la barque, et ses disciples le suivirent."
MAT.8.24,"Ho n'aho omulaba gukalihire gwasuuka omu nyanja oku bulyo amenji marhondera guchikabula omu chombo. Aliko Yeesu yeewe, aliiri alyaamire.","Et voici, il séleva sur la mer une si grande tempête que la barque était couverte par les flots. Et lui, il dormait."
MAT.8.25,"Abigirizwa baja bagenda kumuchula, n'okuderha ntya: «Nnaweerhu, rhwazika, orhuchunguule!».","Les disciples sétant approchés le réveillèrent, et dirent: Seigneur, sauve-nous, nous périssons!."
MAT.8.26,"Yeesu abashubiza ntya: «Bichi birhumire mwayuubaha? Okuli obwemeezi bwenyu bugehere!» Aja ayimanga, akalihira ogo muhuusi n'enyanja. N'endeera nene yaba.","Il leur dit: Pourquoi avez-vous peur, gens de peu de foi? Alors il se leva, menaça les vents et la mer, et il y eut un grand calme."
MAT.8.27,"Abo bantu basoomerwa bweneene n'ogurhondera kuderha ntya: «Muntu muchi oyuula, chiro n'omuhuusi n'enyanja nabyo byamukengere?».","Ces hommes furent saisis détonnement: Quel est celui-ci, disaient-ils, à qui obéissent même les vents et la mer?."
MAT.8.28,"Amango Yeesu ahikaga eshiiriza ly'enyanja, omu gihugo ch'aBageraasi, bantu babiri bafarhirwe n' abazimu barhengera ebwa shinda n'okuja emunda ali. Bali bakalihire bweneene oku bulyo nta muntu wakagerere mw'eyoola njira.","Lorsquil fut à lautre bord, dans le pays des Gadaréniens, deux démoniaques, sortant des sépulcres, vinrent au-devant de lui. Ils étaient si furieux que personne nosait passer par là."
MAT.8.29,"Abo bantu bayaamira Yeesu ntya: «Ego Mwene Nnamahanga, bichi warhushonda ko? K'oyinjire hanoola gurhulibuza embere egihe gihike?».","Et voici, ils sécrièrent: Quy a-t-il entre nous et toi, Fils de Dieu? Es-tu venu ici pour nous tourmenter avant le temps?."
MAT.8.30,"Hoofu n'ahoola, haliiri obuso bunene bw'engulube bwaliiri bwagishondera ebiryo.",Il y avait loin deux un grand troupeau de pourceaux qui paissaient.
MAT.8.31,"Abo bazimu barhebereza Yeesu ntya: «Akaba washonda gurhukuula, orhurhume mu buliira buso bw'engulube.».","Les démons priaient Jésus, disant: Si tu nous chasses, envoie-nous dans ce troupeau de pourceaux."
MAT.8.32,"Yeesu abwira abo bazimu ntya: «Muje mo!» Abo bazimu barhenga mw'aboola bantu babiri banaja mw'ezo ngulube. Ho n'aho oboola buso bwooshi bw'engulube bwachima eyi buli bwalibirha oku musozi n'oguchiroha omu nyanja, bwazika.","Il leur dit: Allez! Ils sortirent, et entrèrent dans les pourceaux. Et voici, tout le troupeau se précipita des pentes escarpées dans la mer, et ils périrent dans les eaux."
MAT.8.33,"Abangere b'ezo ngulube babeere babona ebyabeere, balibirha n'okuja kubala omu gishagala chooshi ebyajirikire n'ebyabereere bala bantu balifarhirwe n' abazimu .","Ceux qui les faisaient paître senfuirent, et allèrent dans la ville raconter tout ce qui sétait passé et ce qui était arrivé aux démoniaques."
MAT.8.34,"Abantu booshi b'echoola gishagala baja emunda Yeesu ali. Babeere bamubona, bamurhebereza bweneene arhenge omu gihugo chaabo.","Alors toute la ville sortit à la rencontre de Jésus; et, dès quils le virent, ils le supplièrent de quitter leur territoire."
MAT.9.1,"Yeesu ashonera omu chombo, ayambuka enyanja n'okuja omu gishagala akuliraga mo.","Jésus, étant monté dans une barque, traversa la mer, et alla dans sa ville."
MAT.9.2,"Abantu baguma bamuleerhera omuntu ohunzize walilyamire oku gipoyi. Yeesu abwene obwemeezi bwabo, abwira oyo muntu ohunzize ntya: «Mwana waani, gihangaana! Ebyaaha byawe byababalirwe!».","Et voici, on lui amena un paralytique couché sur un lit. Jésus, voyant leur foi, dit au paralytique: Prends courage, mon enfant, tes péchés te sont pardonnés."
MAT.9.3,"Abigiriza b'amarhegeko baguma baliiri ahoola, barhondera guchiderhesa ntya: «Amagoma».","Sur quoi, quelques scribes dirent au-dedans deux: Cet homme blasphème."
MAT.9.4,"Aliko okubona oku Yeesu aliiri ayinji enkengeero zaabo, ababaza ntya: «Girhumire mwakengera kubi ntyo omu mirhima yenyu?.","Et Jésus, connaissant leurs pensées, dit: Pourquoi avez-vous de mauvaises pensées dans vos cœurs?."
MAT.9.5,"Bichi biyoolohere omu kubwira omuntu ntya: ‹Ebyaaha byaawe byababalirwe›, changwa omu kumubwira ntya: ‹Yimanga, olambagire!›.","Car, lequel est le plus aisé, de dire: Tes péchés sont pardonnés, ou de dire: Lève-toi, et marche?."
MAT.9.6,"Aliko nshondere mumenye oku Mwene oMuntu agwerhe obuhashe bw'okubabalira ebyaaha mu lino gulu.» Yeesu ava abwira ola muntu ohunzize ntya: «Yimanga, rhoola egipoyi chaawe onagaluke eka.».","Or, afin que vous sachiez que le Fils de lhomme a sur la terre le pouvoir de pardonner les péchés: Lève-toi, dit-il au paralytique, prends ton lit, et va dans ta maison."
MAT.9.7,"Oyo muntu ayimanga, anachigendera eka.","Et il se leva, et sen alla dans sa maison."
MAT.9.8,"Abantu babeere baabona ebyoola, bayuubaha bweneene. Bakuuza Nnamahanga waheere abantu obuhashe buli nk'obu.","Quand la foule vit cela, elle fut saisie de crainte, et elle glorifia Dieu, qui a donné aux hommes un tel pouvoir."
MAT.9.9,"Yeesu abeere ali arhenga ahoola, abona mufurhiisa muguma w'amakooli oyirikwa Matayo, eyi ayikeere ahantu bafurhiisiza amakooli. Amubwira ntya: «Nkulikira». Matayo ayimanga n'okumukulikira.","De là étant allé plus loin, Jésus vit un homme assis au lieu des péages, et qui sappelait Matthieu. Il lui dit: Suis-moi. Cet homme se leva, et le suivit."
MAT.9.10,"Enyuma z'ahoola, Yeesu aja kulya omu nju ya Matayo. Mw'eyo nju, mwaja abandi bafurhiisa b'amakooli n'abandi banyabyaaha. Aboola booshi bayikala kulya ebiryo haguma na Yeesu n'abigirizwa baage.","Comme Jésus était à table dans la maison, voici, beaucoup de publicains et de gens de mauvaise vie vinrent se mettre à table avec lui et avec ses disciples."
MAT.9.11,"aBafarisaayo babeere baabona ebyoola, babwira abigirizwa ba Yeesu ntya: «Girhumire omwigiriza wenyu y'aliira haguma n'abafurhiisa b'amakooli n'abandi banyabyaaha?».","Les pharisiens virent cela, et ils dirent à ses disciples: Pourquoi votre maître mange-t-il avec les publicains et les gens de mauvaise vie?."
MAT.9.12,"Yeesu abeere ayunva kw'ebyo, ababwira ntya: «Abagwerhe amagala menja arhali boowe bo banashonda omufumu, aliko abalwala bo banamushonda.","Ce que Jésus ayant entendu, il dit: Ce ne sont pas ceux qui se portent bien qui ont besoin de médecin, mais les malades."
MAT.9.13,"Mugende murhange muchiyigirize eby'ama Mandiko Matagatiifu maderhere: ‹Ntashonda oku muntuulire entuulo, aliko nshondere muleme mwayunvirana obonjo› , kwenge ntayinjaga guhamagala abakwaneene, aliko nayinjire elugulu w'abanyabyaaha.».","Allez, et apprenez ce que signifie: Je prends plaisir à la miséricorde, et non aux sacrifices. Car je ne suis pas venu appeler des justes, mais des pécheurs."
MAT.9.14,"Abigirizwa ba Yohaana baaja emunda Yeesu ali n'okumubaza ntya: «Rhwabo n' aBafarisaayo , rhunalema rhwachilahiza kulya. Girhuma abigirizwa baawe boowe barhachilahiza kulya?».","Alors les disciples de Jean vinrent auprès de Jésus, et dirent: Pourquoi nous et les pharisiens jeûnons-nous, tandis que tes disciples ne jeûnent point?."
MAT.9.15,"Yeesu abashubiza ntya: «Egihe abantu balalikirwe oku buhya, gurhe bakagala kuyerekana amaganya noobo bachiri haguma na muhya-mulume? Aliko omu siku zayinja, oyo muhya-mulume nj'akuulwa ahagarhi kaabo. Leero mw'ezoola siku yi nji balema baaja bachilahiza kulya.","Jésus leur répondit: Les amis de lépoux peuvent-ils saffliger pendant que lépoux est avec eux? Les jours viendront où lépoux leur sera enlevé, et alors ils jeûneront."
MAT.9.16,"«Nta muntu ohangira echiraka gihyaahya oku fulema eshajire. Akaba akajira ntyo, echo chiraka chanabera eyo fulema eshajire. Oku buzinda, eyo fulema eshajire yanachiberekera bweneene.","Personne ne met une pièce de drap neuf à un vieil habit; car elle emporterait une partie de lhabit, et la déchirure serait pire."
MAT.9.17,"«Ko n'oko barhabika edivaayi y'omuhyo omu masupa m'oluhu lushajire . Nka bajirire ntyo manabereka, n'edivaayi yanasheeshekala, n'amasupa manafa busha. Ahuubwe bahira edivaayi y'omuhyo omu masupa mahyaahya, ntyo edivaayi n'amasupa byanabiikwa bwinja.».","On ne met pas non plus du vin nouveau dans de vieilles outres; autrement, les outres se rompent, le vin se répand, et les outres sont perdues; mais on met le vin nouveau dans des outres neuves, et le vin et les outres se conservent."
MAT.9.18,"Yeesu abeere achiri ababwira ebyoola binwa, omukulu muguma w'aBayaahudi ayinja. Afukama embere za Yeesu n'okumubwira ntya: «Mwali waani amafa bonabuno. Aliko chiro akaba amafa, oyinje omulambulire kw'efune, y'ashuba kuba mugumaguma.».","Tandis quil leur adressait ces paroles, voici, un chef arriva, se prosterna devant lui, et dit: Ma fille est morte il y a un instant; mais viens, impose-lui les mains, et elle vivra."
MAT.9.19,"Yeesu ayimanga, yeewe n'abigirizwa baage bakulikira oyo mukulu.","Jésus se leva, et le suivit avec ses disciples."
MAT.9.20,"Mw'ebyo bishanji, mukazi muguma waligwerhe myaaka ekumi n'ebiri alwere endwala y'okuva eshagama, ayegeera enyuma za Yeesu. Oyo mukazi ahuma oku mushoojo gw'efulema ya Yeesu.","Et voici, une femme atteinte dune perte de sang depuis douze ans sapprocha par derrière, et toucha le bord de son vêtement."
MAT.9.21,"kwenge aliiri achiderhesa ntya: «Nka mpumire konyine oku fulema yaage, nafuma!».","Car elle disait en elle-même: Si je puis seulement toucher son vêtement, je serai guérie."
MAT.9.22,"Yeesu ava ahindamuka, amubona n'okumubwira ntya: «Mwali waani, gihangaana! Obwemeezi bwawe bwagufumize.» Ho n'aho, oyo mukazi afuma.","Jésus se retourna, et dit, en la voyant: Prends courage, ma fille, ta foi ta guérie. Et cette femme fut guérie à lheure même."
MAT.9.23,"Yeesu abeere ahika emw'oyo mukulu w'aBayaahudi. Abugaana yo abantu banene bali bajira olwamo, n'abandi bali baziha emilizi n'okuyimpa enyimpo z'emishibo. N'abandi bantu banene bali balira.","Lorsque Jésus fut arrivé à la maison du chef, et quil vit les joueurs de flûte et la foule bruyante."
MAT.9.24,"Yeesu ababwira ntya: «Murhenge hano, kwenge oyu munyere arhafiire, alyaamire.» Aliko aboola bantu bamushekera.","il leur dit: Retirez-vous; car la jeune fille nest pas morte, mais elle dort. Et ils se moquaient de lui."
MAT.9.25,"Abantu babeere bahuluswa, Yeesu aja omu nju. Afarhira oyo munyere oku fune, ava ayimanga.","Quand la foule eut été renvoyée, il entra, prit la main de la jeune fille, et la jeune fille se leva."
MAT.9.26,Ogoola mwazi gwayandaala mw'echo gihugo chooshi.,Le bruit sen répandit dans toute la contrée.
MAT.9.27,"Yeesu abeere ali arhenga emw'oyo mukulu w'aBayaahudi, mpumi ebiri zamukulikira eri ziri zabanda enduulu ntya: «Waliha Mugala wa Daawudi! Orhubeere obonjo!».","Étant parti de là, Jésus fut suivi par deux aveugles, qui criaient: Aie pitié de nous, Fils de David!."
MAT.9.28,"Agerere eka, ezoola mpumi zamuyegeera. Yeesu abaza zo ntya: «Ebyo mumpemere, ka mugwerhe obwemeezi oku nakabikola?» Zamushubiza ntya: «Neechi Nnaweerhu.».","Lorsquil fut arrivé à la maison, les aveugles sapprochèrent de lui, et Jésus leur dit: Croyez-vous que je puisse faire cela? Oui, Seigneur, lui répondirent-ils."
MAT.9.29,Yeesu azihuma oku meesho. Azibwira ntya: «Nk'oku obwemeezi bwenyu buli kubinabaage.».,"Alors il leur toucha les yeux, en disant: Quil vous soit fait selon votre foi."
MAT.9.30,"Ameesho maazo maava mazibuuka. Yeesu azirhegeka ntya: «Muchilange, ebyo binwa ntaaye mubibwirage.».",Et leurs yeux souvrirent. Jésus leur fit cette recommandation sévère: Prenez garde que personne ne le sache.
MAT.9.31,"Aliko zoowe, zagenda ziri zabalira abantu emyaazi ya Yeesu mw'echo gihugo chooshi.","Mais, dès quils furent sortis, ils répandirent sa renommée dans tout le pays."
MAT.9.32,"Ezo mpumi ebiri zabeere ziri zarhenga ahoola, abantu baleerhera Yeesu omuntu muguma omuzimu ajirire gama.","Comme ils sen allaient, voici, on amena à Jésus un démoniaque muet."
MAT.9.33,"Yeesu ava akuula oyo muzimu. Elyo gama lyaava lyarhondera kuderha. Echigusho ch'abantu basoomerwa bweneene n'okuderha ntya: «Mu chino gihugo chooshi ch'eIsraheeli, murhashubiraga kubonekana echinwa chiri nk'echo chiro n'ehityu!».","Le démon ayant été chassé, le muet parla. Et la foule étonnée disait: Jamais pareille chose ne sest vue en Israël."
MAT.9.34,Aliko aBafarisaayo boowe baderha ntya: «Yeesu ali akuula abazimu oku buhashe bw'omukulu w'abazimu.».,Mais les pharisiens dirent: Cest par le prince des démons quil chasse les démons.
MAT.9.35,"Buzinda bwaho, Yeesu agendekera kugera omu bishagala byooshi ebineneenene n'ebigeekegeeke, eyi ali ayigiriza abantu omu masinagoogi. Aliiri abaala oMwazi Mwinja g'oBwime bw'empingu n'ogufumya endwala zooshi n'obulema booshi.","Jésus parcourait toutes les villes et les villages, enseignant dans les synagogues, prêchant la bonne nouvelle du royaume, et guérissant toute maladie et toute infirmité."
MAT.9.36,"Yeesu abeere abona abantu banene, abayunvira obonjo, kwenge baliiri baluhire eyi banalembere. Baliiri nka ntaama zirhagwerhe mungere.","Voyant la foule, il fut ému de compassion pour elle, parce quelle était languissante et abattue, comme des brebis qui nont point de berger."
MAT.9.37,"Aja abwira abigirizwa baage ntya: «Emyaaka y'ogushaluula elugire, aliko abakozi bagehere.","Alors il dit à ses disciples: La moisson est grande, mais il y a peu douvriers."
MAT.9.38,"Leero, muheme nyina emyaaka arhume abandi bakozi omu myaaka yaage.».",Priez donc le maître de la moisson denvoyer des ouvriers dans sa moisson.
MAT.10.1,"Enyuma w'ebyoola, Yeesu ahamagala abigirizwa baage ekumi na babiri. Abaheereza obuhashe b'ogukuula abazimu n'ogufumya ngasi ndwala na ngasi buzamba.","Puis, ayant appelé ses douze disciples, il leur donna le pouvoir de chasser les esprits impurs, et de guérir toute maladie et toute infirmité."
MAT.10.2,"N'ama, mo maziino m'ezoola Ntumwa ekumi n'ebiri: omurhanzi ali Simooni oyirikwa Petero na Ndereya mwene waabo, Yakobo na mwene waabo Yohaana bagala ba Zebedayo.","Voici les noms des douze apôtres. Le premier, Simon appelé Pierre, et André, son frère; Jacques, fils de Zébédée, et Jean, son frère;."
MAT.10.3,"Firipo na Baritolomaayo, Tomaasi na Matayo mufurhiisa w'amakooli, Yakobo mwene Alufaayo na Tadeeyo.","Philippe, et Barthélemy; Thomas, et Matthieu, le publicain; Jacques, fils dAlphée, et Thaddée;."
MAT.10.4,Simooni w'omu chigusho ch'aBazelooti na Yuuda Isikariyooti ola walenganyaga Yeesu.,"Simon le Cananite, et Judas lIscariot, celui qui livra Jésus."
MAT.10.5,"Ezoola ntumwa ekumi n'ebiri, Yeesu azirhuma. Azirhegeka ntya: «Murhajaaga omu bihugo by'abarhali Bayaahudi, murhanajaga chiro n'omu gishagala chooshi ch'aBasamariya.","Tels sont les douze que Jésus envoya, après leur avoir donné les instructions suivantes: Nallez pas vers les païens, et nentrez pas dans les villes des Samaritains;."
MAT.10.6,"Sy'aliko muleme mwagenda emwa Baisraheeli bonyine, kwenge bali nka ntaama zaherere.",allez plutôt vers les brebis perdues de la maison dIsraël.
MAT.10.7,"N'amango muli mwalenga yo, mubalire abantu ntya: ‹oBwime bw'empingu buli hoofu!›.","Allez, prêchez, et dites: Le royaume des cieux est proche."
MAT.10.8,"Muleme mwafumya abalwala, munaleme mwafuula abafu, n'ogucheesa ababenzibenzi, munaleme mwakuula abazimu. Oboola mwahabirwe oku busha, nenyu muleme mwahaana oku busha.","Guérissez les malades, ressuscitez les morts, purifiez les lépreux, chassez les démons. Vous avez reçu gratuitement, donnez gratuitement."
MAT.10.9,«Murhaheekaga olufuranga chiro n'oluguma omu mifuko yenyu.,"Ne prenez ni or, ni argent, ni monnaie, dans vos ceintures;."
MAT.10.10,"Kandi, omu lugenzi lwenyu murhaheekaga eshaho changwa fulema ebiri, changwa ebindi biraato, changwa enkoni. Bulaala omukozi akwaneene omukamarho gwage.","ni sac pour le voyage, ni deux tuniques, ni souliers, ni bâton; car louvrier mérite sa nourriture."
MAT.10.11,"«Amango muli mwaja omu bishagala bineneneene changwa bigekegeeke, mushonde omuntu oyemeerere kubayankirira. Muhande omu mwage guhika amango mwarhenga mw'echo gishagala.","Dans quelque ville ou village que vous entriez, informez-vous sil sy trouve quelque homme digne de vous recevoir; et demeurez chez lui jusquà ce que vous partiez."
MAT.10.12,"Enju nji mwaba mwajire mo, mulamuse beene mo omu kuderha ntya: ‹Omurhuula gube haguma nenyu!›.","En entrant dans la maison, saluez-la;."
MAT.10.13,"Akaba abantu ba mw'eyo nju babayankirire, mubalekere ogo murhuula. N'akaba balahire kubayankirira, mugalukane ogo murhuula gwenyu.","et, si la maison en est digne, que votre paix vienne sur elle; mais si elle nen est pas digne, que votre paix retourne à vous."
MAT.10.14,"N'akaba abantu ba nju ndebe changwa gishagala chilebe balahire kubayankirira n'okubayunviriza, muchirhengere mo. N'omu gurhenga mo, mukungurhe olujuchu luli oku magulu menyu.","Lorsquon ne vous recevra pas et quon nécoutera pas vos paroles, sortez de cette maison ou de cette ville et secouez la poussière de vos pieds."
MAT.10.15,"Okuli mbabwirire, oku amango olusiku lw'ogucha olushinja lwahika, beene echo gishagala nji bachirwa olushinja oku bulyo bukalihire bweneene kulusha beene egishagala ch'eSodoomo n'eche Gomoora.».","Je vous le dis en vérité: au jour du jugement, le pays de Sodome et de Gomorrhe sera traité moins rigoureusement que cette ville-là."
MAT.10.16,"«Muchilange! Mbarhumire nka ntaama ahagarhi ka banyambwe. Ntyo mube benge nka njoka, munachirhonde nka guuku.","Voici, je vous envoie comme des brebis au milieu des loups. Soyez donc prudents comme les serpents, et simples comme les colombes."
MAT.10.17,Muchilange kwenge abantu balema babaheeka omu kabuga. N'abazuuzi balema babashurhisa enkoni omu masinagoogi maabo.,"Mettez-vous en garde contre les hommes; car ils vous livreront aux tribunaux, et ils vous battront de verges dans leurs synagogues;."
MAT.10.18,"Ko n'oko balema babaheeka embere z'abarhegesi, n'embere z'abaami yi mube bahamiriza baani, embere zaabo n'embere z'abarhali Bayaahudi.","vous serez menés, à cause de moi, devant des gouverneurs et devant des rois, pour servir de témoignage à eux et aux païens."
MAT.10.19,"Aliko amango nji baaba bali babaheeka embere z'abo bakulu, murhalemaga mwachibaza ntya: ‹Bichi rhwaderha, changwa gurhe rhwaderha.› Kwenge mw'ebyo bishanji bye n'ebyo mwahaabwa ebinwa mwaderha.","Mais, quand on vous livrera, ne vous inquiétez ni de la manière dont vous parlerez ni de ce que vous direz: ce que vous aurez à dire vous sera donné à lheure même;."
MAT.10.20,"Arhaali mwabo mwe mwaba muli mwaderha, sy'aliko Muuka gwa Yisho ye nji wabaderhera mo.","car ce nest pas vous qui parlerez, cest lEsprit de votre Père qui parlera en vous."
MAT.10.21,"«Omuntu nj'ayirhiisa mwene waabo, n'eshe w'omwana nj'ayirhiisa omwana waage. Abaana nabo nji balwisa abazeere baabo n'okubayirhiisa.","Le frère livrera son frère à la mort, et le père son enfant; les enfants se soulèveront contre leurs parents, et les feront mourir."
MAT.10.22,"Abantu booshi nji babashomba elugulu w'eziino lyaani. Aliko olaala nji wagihangana guhika oku buzinda, nj'achungulwa.","Vous serez haïs de tous, à cause de mon nom; mais celui qui persévérera jusquà la fin sera sauvé."
MAT.10.23,"Amango nji baaba bali babalibuza omu gishagala chilebe, mwanashagira omu chindi. Okuli, mbabwirire oku murhakamala kuzungula omu bishagala byooshi by'eIsraheeli na Mwene oMuntu arhazigaluka.","Quand on vous persécutera dans une ville, fuyez dans une autre. Je vous le dis en vérité, vous naurez pas achevé de parcourir les villes dIsraël que le Fils de lhomme sera venu."
MAT.10.24,"«Omwigirizwa arhakalusha omwigiriza waage, changwa omuja arhakalusha nnahamwabo.","Le disciple nest pas plus que le maître, ni le serviteur plus que son seigneur."
MAT.10.25,"Aliko, biri binja omwigirizwa aleme aba nka mwigiriza waage. N'omuja naye, biri binja aleme aba nka nnahamwabo. Akaba nyina enju bakamuyirika Belizebuuli, ntyo ku nji bayirika abantu b'omu nju yaage oku maziino mabi!».","Il suffit au disciple dêtre traité comme son maître, et au serviteur comme son seigneur. Sils ont appelé le maître de la maison Béelzébul, à combien plus forte raison appelleront-ils ainsi les gens de sa maison!."
MAT.10.26,Yeesu ashuba kuderha ntya: «Murhayuubahaga abo bantu. Nta chintu chibishirwe girhakabishuulwa na ntaacho chiri omu bwibisho girhakamenyikana.,"Ne les craignez donc point; car il ny a rien de caché qui ne doive être découvert, ni de secret qui ne doive être connu."
MAT.10.27,"Omwazi nababwirire omu mwizimya, muguderhe ezuuba likulu. N'omwazi gulaala bababoheerezaga muguyalagaze n'omulenge munene eyi muyumangire oku nju elugulu.","Ce que je vous dis dans les ténèbres, dites-le en plein jour; et ce qui vous est dit à loreille, prêchez-le sur les toits."
MAT.10.28,"Murhayuubahaga abantu bakayirha omubiri gonyine, barhakanagala kuyirha omurhima. Aliko muyuubahe Nnamahanga, bulaala yenyine yegwerhe obuhashe b'ogushereza omubiri n'omurhima omu muliro gw'esiku n'amango.».",Ne craignez pas ceux qui tuent le corps et qui ne peuvent tuer lâme; craignez plutôt celui qui peut faire périr lâme et le corps dans la géhenne.
MAT.10.29,"«Ka barhaguza ebishwa bibiri oku gicheri chiguma? Aliko, chiro nta chiguma omu byo chagarhibukira ahashi buzira bulonza bwa Yisho.","Ne vend-on pas deux passereaux pour un sou? Cependant, il nen tombe pas un à terre sans la volonté de votre Père."
MAT.10.30,"Leero mwabo, chiro n'oluganjo lw'enviiri zenyu zooshi, Nnamahanga alumenyere.",Et même les cheveux de votre tête sont tous comptés.
MAT.10.31,"Cho girhumire murhalemaga mwayuubaha, mugwerhe akamaro kulusha ebishwa binene.».",Ne craignez donc point: vous valez plus que beaucoup de passereaux.
MAT.10.32,"«Ngasi muntu onyemereere embere z'abantu, naani nji namuyemeera embere za Daarha oli omu mpingu.","Cest pourquoi, quiconque me confessera devant les hommes, je le confesserai aussi devant mon Père qui est dans les cieux;."
MAT.10.33,"Aliko ngasi muntu ondahire embere z'abantu, naani nji namulahira embere za Daarha oli omu mpingu.».","mais quiconque me reniera devant les hommes, je le renierai aussi devant mon Père qui est dans les cieux."
MAT.10.34,"«Murhalemaga mwakengera oku nayinjaga kuleerha omurhuula omu gulu. Nyoono ntayinjaga kuleerha omurhuula, aliko nayinjaga kuleerha entambala.","Ne croyez pas que je sois venu apporter la paix sur la terre; je ne suis pas venu apporter la paix, mais lépée."
MAT.10.35,"Kwenge nayinjaga gushombanya omwana n'eshe, omunyere na nyina, omwazaana na nazaala.","Car je suis venu mettre la division entre lhomme et son père, entre la fille et sa mère, entre la belle-fille et sa belle-mère;."
MAT.10.36,Abashombanyi b'omuntu nji baaba bantu b'omu mwage.,et lhomme aura pour ennemis les gens de sa maison.
MAT.10.37,"«Omuntu wagasiima eshe changwa nyina kundusha, oyo arhakwaneene kuba waani. N'ola wagasiima omugala changwa omwali kundusha, naye arhakwaneene kuba waani.","Celui qui aime son père ou sa mère plus que moi nest pas digne de moi, et celui qui aime son fils ou sa fille plus que moi nest pas digne de moi;."
MAT.10.38,"Ola orhaheekere omusalaaba gwage n'okunkulikira, arhakwaneene kuba muntu waani.","celui qui ne prend pas sa croix, et ne me suit pas, nest pas digne de moi."
MAT.10.39,"«N'ola nji washonda guchungula akalamo kaage nj'agaheza. Aliko olaala nji waaba ahezeze akalamo kaage elugulu waani, nj'ashuba gukabona.».","Celui qui conservera sa vie la perdra, et celui qui perdra sa vie à cause de moi la retrouvera."
MAT.10.40,"«Omuntu obayankirire, eyi ny'ayankirire. N'onyankiriire, eyi ayankiriire ola wantumaga.","Celui qui vous reçoit me reçoit, et celui qui me reçoit, reçoit celui qui ma envoyé."
MAT.10.41,"Oyankiriire omuleebi, bulaala ali muleebi, nj'ahembwa oluhembo lw'omuleebi. N'oyankiriire omuntu okwaneene, bulaala akwaneene, nj'ahembwa oluhembo lw'omuntu okwaneene.","Celui qui reçoit un prophète en qualité de prophète recevra une récompense de prophète, et celui qui reçoit un juste en qualité de juste recevra une récompense de juste."
MAT.10.42,"«Okuli mbabwirire oku ngasi yeeshi nji waha muguma mw'aba badoorho engumbu y'amenji maganyire, bulaala ali mwigirizwa waani, oyo muntu nj'ahaabwa oluhembo lwage.».","Et quiconque donnera seulement un verre deau froide à lun de ces petits parce quil est mon disciple, je vous le dis en vérité, il ne perdra point sa récompense."
MAT.11.1,"Yeesu abeere amala gurhegeka bala bigirizwa baage ekumi na babiri, arhenga aho hantu aliiri, aja kuyigiriza n'okubala oMwazi Mwinja omu bishagala by'eGalilaaya.","Lorsque Jésus eut achevé de donner ses instructions à ses douze disciples, il partit de là, pour enseigner et prêcher dans les villes du pays."
MAT.11.2,"Amo mango Yohaana Mubatiiza abaaga ali omu munyororo, ayunva ebi Kirisitu aliiri ajira. Arhuma baguma omu bigirizwa baage.","Jean, ayant entendu parler dans sa prison des œuvres du Christ, lui fit dire par ses disciples:."
MAT.11.3,"ababwira ntya: «Mugende kubaza Yeesu ntya: ‹Ka wooyo, w'olaala walikwaneene kuyinja, changwa rhulinge owindi?›».","Es-tu celui qui doit venir, ou devons-nous en attendre un autre?."
MAT.11.4,Yeesu abashubiza ntya: «Muje kubalira Yohaana ebi muli mwayunva ko n'ebi muli mwabona ko.,Jésus leur répondit: Allez rapporter à Jean ce que vous entendez et ce que vous voyez:.
MAT.11.5,"Bulaala empumi yi zabona, abahunzize yi balambagira, ababenzibenzi yi bacheeswa, ebihuli yi byayunva, abafu yi bafuuka n'abakene yi babalirwa oMwazi Mwinja.","les aveugles voient, les boiteux marchent, les lépreux sont purifiés, les sourds entendent, les morts ressuscitent, et la bonne nouvelle est annoncée aux pauvres."
MAT.11.6,Agishirwe omuntu olaala orhakaleka obwemeezi bwage oku nyoono!».,Heureux celui pour qui je ne serai pas une occasion de chute!.
MAT.11.7,"Abo bigirizwa ba Yohaana babeere bagaluka, Yeesu arhondera kubwira olubaga lw'abantu elugulu wa Yohaana ntya: «Bichi mwajaaga kulola omu mpinga? Ka lusheke lushaganyizwe n'omuyaga? Nangwa!.","Comme ils sen allaient, Jésus se mit à dire à la foule, au sujet de Jean: Quêtes-vous allés voir au désert? Un roseau agité par le vent?."
MAT.11.8,Bichi mwajaaga kulola? Ka muntu oyambeere emyambalo ekwirire? Nangwa! Abayambeere emyambalo ekwirire balama omu nju z'abaami!.,"Mais, quêtes-vous allés voir? Un homme vêtu dhabits précieux? Voici, ceux qui portent des habits précieux sont dans les maisons des rois."
MAT.11.9,Bichi si mwajaaga mwaja kulola? Ka muleebi? Neechi! Mbabwirire oku yeewe ali mukulu kulusha omuleebi.,"Quêtes-vous donc allés voir? Un prophète? Oui, vous dis-je, et plus quun prophète."
MAT.11.10,"Kwenge oyo Yohaana y'olaala biyandikirwe elugulu waage ntya omu Mandiko Matagatiifu: ‹Tala! Ntumire entumwa yaani embere zaawe, y'agurheganyize enjira.›.","Car cest celui dont il est écrit: Voici, jenvoie mon messager devant ta face, Pour préparer ton chemin devant toi."
MAT.11.11,"«Okuli, mbabwirire oku omu gulu lyooshi, harhashubiraga kuba omuntu olushire Yohaana Mubatiiza. Aliko oli mugeeke omu Bwami bw'empingu, yeewe ye mukulu kumulusha.","Je vous le dis en vérité, parmi ceux qui sont nés de femmes, il nen a point paru de plus grand que Jean-Baptiste. Cependant, le plus petit dans le royaume des cieux est plus grand que lui."
MAT.11.12,"Gurhengera amango Yohaana Mubatiiza aliiri ayaamagaza eChinwa cha Nnamahanga guhika mu zino siku, abantu yi balwisa oBwami bw'empingu. Obo bwami, entwali zo ziri zashonda kuburhoola oku miisi.","Depuis le temps de Jean-Baptiste jusquà présent, le royaume des cieux est forcé, et ce sont les violents qui sen emparent."
MAT.11.13,"Ebyo binwa byooshi byaderhwaga n'abaleebi booshi, n'omu Rhegeko lya Muusa guhika omu gihe cha Yohaana.",Car tous les prophètes et la loi ont prophétisé jusquà Jean;.
MAT.11.14,"N'akaba mwakagala kuyemeera, mumenye oku omuleebi Eliya waderhwaga oku ayinja, ali Yohaana.","et, si vous voulez le comprendre, cest lui qui est lÉlie qui devait venir."
MAT.11.15,Olaala ogwerhe amarhwi ayunve!».,Que celui qui a des oreilles pour entendre entende.
MAT.11.16,«Abantu b'echiila gisisi nakabashushanya na bichi? Bashushire n'abaana bayikeere embuga eyi bali bajirisana omugalyo omu kuderha ntya:.,"A qui comparerai-je cette génération? Elle ressemble à des enfants assis dans des places publiques, et qui, sadressant à dautres enfants."
MAT.11.17,"‹Rhwabazihiire omulizi, murhanazinire. Rhwabayimpiire enyimpo z'emishiibo, murhanalakire!›.","disent: Nous vous avons joué de la flûte, et vous navez pas dansé; nous avons chanté des complaintes, et vous ne vous êtes pas lamentés."
MAT.11.18,"«Kwenge Yohaana abeere ayinja, aliiri achilahiza kulya n'okunywa. Abantu balema baderha ntya: ‹Azimuhirwe!›.","Car Jean est venu, ne mangeant ni ne buvant, et ils disent: Il a un démon."
MAT.11.19,"Mwene oMuntu ayinjire, ali alya n'okunywa. Abantu bali baderha ntya: ‹Tala! Oyu muntu ali mudambi na kandi ali mulalu! Anali mwira w'abafurhiisa b'amakooli n'abandi bantu banyabyaaha!› Na chiro ntyo, obwenge bunene bwa Nnamahanga buli bwachiyerekana kulengera ebijiro byaage.».","Le Fils de lhomme est venu, mangeant et buvant, et ils disent: Cest un mangeur et un buveur, un ami des publicains et des gens de mauvaise vie. Mais la sagesse a été justifiée par ses œuvres."
MAT.11.20,"Yeesu aja arhondera gukalihira ebishagala ajiraga mo ebisomereene binene, bulaala abantu b'eyo barhalishondere kuleka ebyaaha. Aderha ntya:.","Alors il se mit à faire des reproches aux villes dans lesquelles avaient eu lieu la plupart de ses miracles, parce quelles ne sétaient pas repenties."
MAT.11.21,"«Buhanya oku wooyo gishagala ch'eKoraziini! Na buhanya oku wooyo gishagala ch'eBetesayida! Kwenge najirire ebisomereene emwenyu. Ebyo bisomereene, nka nabijiraga omu gishagala ch'eTiiro n'ech'eSidoona, beene ebyo bishagala bakayambeere ebigunira n'oku gishiga oluvu omu kuyerekana oku balekere ebyaaha byaabo.","Malheur à toi, Chorazin! Malheur à toi, Bethsaïda! Car, si les miracles qui ont été faits au milieu de vous avaient été faits dans Tyr et dans Sidon, il y a longtemps quelles se seraient repenties, en prenant le sac et la cendre."
MAT.11.22,"Cho girhumire, mbabwirire oku olusiku lw'ogucha olushinja, mwabo nji mwahanwa kulusha abantu b'egishagala ch'eTiiro n'aba ech'eSidoona.","Cest pourquoi je vous le dis: au jour du jugement, Tyr et Sidon seront traitées moins rigoureusement que vous."
MAT.11.23,"«Naawe gishagala ch'eGaperinaumu, okengerere oku wazamulwa guhika empingu? Nangwa! Kuyandagazwa ku wayandagazwa guhika ekuzimu. Kwenge ebisomereene byajirikeene omu mwawe, nka byajirikanaga omu gishagala ch'eSodoomo, echo gishagala chakabeere gichiri ho zeene.","Et toi, Capernaüm, seras-tu élevée jusquau ciel? Non. Tu seras abaissée jusquau séjour des morts; car, si les miracles qui ont été faits au milieu de toi avaient été faits dans Sodome, elle subsisterait encore aujourdhui."
MAT.11.24,"Cho girhumire, mbabwirire oku olusiku lw'ogucha olushinja, mwabo nji mwahanwa bweneene kulusha abantu b'egishagala ch'eSodoomo!».","Cest pourquoi je vous le dis: au jour du jugement, le pays de Sodome sera traité moins rigoureusement que toi."
MAT.11.25,"Mw'amoola mango, Yeesu aderha ntya: «Daarha wee! Wooyo we nyina empingu n'egulu, ngukuzize, bulaala ebi bintu wabibishire abanyabwenge bunene n'abasomi, aliko wabibishuulira abaana badoorho.","En ce temps-là, Jésus prit la parole, et dit: Je te loue, Père, Seigneur du ciel et de la terre, de ce que tu as caché ces choses aux sages et aux intelligents, et de ce que tu les as révélées aux enfants."
MAT.11.26,"Neechi Daarha, ebyoola bikulikirene n'obulonza bwawe.","Oui, Père, je te loue de ce que tu las voulu ainsi."
MAT.11.27,"«Daarha ampeere byooshi, nta muntu oyinji oMugala nk'arhali Daarha. Kandi nta muntu oyinji Daarha nk'arhali oMugala, na ngasi yeeshi oMugala ashondere kumuyeereka.».","Toutes choses mont été données par mon Père, et personne ne connaît le Fils, si ce nest le Père; personne non plus ne connaît le Père, si ce nest le Fils et celui à qui le Fils veut le révéler."
MAT.11.28,"«Mweshi mwe muli mwalibuka n'emizigo elemereere, muyinje emwani, naani nabahumuusa.","Venez à moi, vous tous qui êtes fatigués et chargés, et je vous donnerai du repos."
MAT.11.29,"Muleme mwankenga, munaleme mwakulikira enyigirizo zaani, kwenge nyoono ngwerhe omurhima mwirhonzi. Mukajira ntyo, mwahumuuka.","Prenez mon joug sur vous et recevez mes instructions, car je suis doux et humble de cœur; et vous trouverez du repos pour vos âmes."
MAT.11.30,"Ogukulikira enyigirizo zaani kuyanguhire, n'omuzigo nabaheesa gurhalemereere.».","Car mon joug est doux, et mon fardeau léger."
MAT.12.1,"Amo mango, lusiku luguma lw'eSaabato, Yeesu aliiri alenga omu mashwa m'engano. Abigirizwa baage baliiri nzara, echo charhuma balema bagenda eyi bali bayaagula emihuli y'engano n'okuyilya.","En ce temps-là, Jésus traversa des champs de blé un jour de sabbat. Ses disciples, qui avaient faim, se mirent à arracher des épis et à manger."
MAT.12.2,"aBafarisaayo babeere babona ntyo, babwira Yeesu ntya: «Lola kw'ebiila abigirizwa baawe bali bajira, noobo eRhegeko lyeerhu lirharhuyemereere mpu rhuleme rhwabijira olusiku lw'eSaabato!».","Les pharisiens, voyant cela, lui dirent: Voici, tes disciples font ce quil nest pas permis de faire pendant le sabbat."
MAT.12.3,"Yeesu abashubiza ntya: «Ka murhashubiraga gusoma ebi Daawudi ajiraga egihe ayunvaga enzara, yeewe haguma n'abaliiri naye?.","Mais Jésus leur répondit: Navez-vous pas lu ce que fit David, lorsquil eut faim, lui et ceux qui étaient avec lui;."
MAT.12.4,"Ajaaga haguma nabo omu Nju ya Nnamahanga balya emigati ela abantu babaaga barhuliire Nnamahanga. Noobo, emigati eri nk'eyo barhaliyemereerwe kuyilya, olekere abadaahwa bonyine.","comment il entra dans la maison de Dieu, et mangea les pains de proposition, quil ne lui était pas permis de manger, non plus quà ceux qui étaient avec lui, et qui étaient réservés aux sacrificateurs seuls?."
MAT.12.5,"«Na kandi, ka murhashubiraga gusoma omu Rhegeko lya Muusa oku ngasi lusiku lw'eSaabato, abadaahwa banakola omu Nju ya Nnamahanga barhali bakenga eRhegeko liyerekere olo lusiku? Noobo barhali baganjwa oku bajiriire kubi.","Ou, navez-vous pas lu dans la loi que, les jours de sabbat, les sacrificateurs violent le sabbat dans le temple, sans se rendre coupables?."
MAT.12.6,"Aliko leero, mbabwirire oku hano, hali omukulu kulusha eNju ya Nnamahanga.","Or, je vous le dis, il y a ici quelque chose de plus grand que le temple."
MAT.12.7,«Nka mwamenyaga eby'echi chinwa chiderhere ntya: ‹Nshondere muyunvirane obonjo kulusha enterekeero zenyu.› Murhakalemere mwahana abarhagwerhe bubi.,"Si vous saviez ce que signifie: Je prends plaisir à la miséricorde, et non aux sacrifices, vous nauriez pas condamné des innocents."
MAT.12.8,Kwenge Mwene oMuntu ye Nyina eSaabato.».,Car le Fils de lhomme est maître du sabbat.
MAT.12.9,"Yeesu arhenga ahoola, aja omu sinagoogi y'aBayaahudi.","Étant parti de là, Jésus entra dans la synagogue."
MAT.12.10,"Mw'eyoola sinagoogi, mwaliiri omuntu walihunzize efune. Mwanaliiri abandi bantu bashondaga kugeregeza Yeesu. Baamubaza ntya: «K'eRhegeko lyeerhu liyemerere ogufumya omuntu olusiku lw'eSaabato?» Okumubaza ntyo, kwaliiri gushonda bamulege.","Et voici, il sy trouvait un homme qui avait la main sèche. Ils demandèrent à Jésus: Est-il permis de faire une guérison les jours de sabbat? Cétait afin de pouvoir laccuser."
MAT.12.11,"Yeesu abashubiza ntya: «Nde mu mwabo nk'agwerhe ntaama nguma, n'eyo ntaama egarhogera omu kijokole olusiku lw'eSaabato, k'arhakayigwarha n'okuyikuula mo olo lusiku?.","Il leur répondit: Lequel dentre vous, sil na quune brebis et quelle tombe dans une fosse le jour du sabbat, ne la saisira pour len retirer?."
MAT.12.12,"Noobo omuntu ali w'akamaro kulusha entaama! Cho girhumire, biyemereerwe kujira amenja olusiku lw'eSaabato.».",Combien un homme ne vaut-il pas plus quune brebis! Il est donc permis de faire du bien les jours de sabbat.
MAT.12.13,"Yeesu aj'abwira ola muntu w'okuboko guhunzize ntya: «Lambuula efune yaawe.» Naye alambuula ela fune, nayo yashuba kuba ngumanguma nk'eyindi.","Alors il dit à lhomme: Étends ta main. Il létendit, et elle devint saine comme lautre."
MAT.12.14,"aBafarisaayo baja barhenga ho, banagenda kujirira Yeesu akaligi k'okumuyirha.","Les pharisiens sortirent, et ils se consultèrent sur les moyens de le faire périr."
MAT.12.15,"Yeesu abeere akamenya ako kaligi k'aBafarisaayo, agirhengera mw'echo gishagala. Echigusho chinene ch'abantu bamukulikira. Afumya abalwala booshi.","Mais Jésus, layant su, séloigna de ce lieu. Une grande foule le suivit. Il guérit tous les malades."
MAT.12.16,Aliko abarhegeka oku barhamumenyesaga oku bantu.,et il leur recommanda sévèrement de ne pas le faire connaître.
MAT.12.17,"Byabaaga ntyo, y'echo chinwa chijirike echi Nnamahanga aderhaga kugerera omuleebi Isaya ntya:.","afin que saccomplît ce qui avait été annoncé par Ésaïe, le prophète:."
MAT.12.18,"«Mulole! Oyu ye mukozi waani nagishogere, yeewe ye muzigirwa waani, eyi nsimiiswa naye! Namuha oMuuka gwani, nj'abalira abarhali Bayaahudi emyaazi y'okuli.","Voici mon serviteur que jai choisi, Mon bien-aimé en qui mon âme a pris plaisir. Je mettrai mon Esprit sur lui, Et il annoncera la justice aux nations."
MAT.12.19,"Arhakajira buhaka na muntu, changwa kujira olwamo. na nta muntu nji wayunva omulenge gwage embuga.","Il ne contestera point, il ne criera point, Et personne nentendra sa voix dans les rues."
MAT.12.20,"Arhakavuna olusheke luchigonyere, changwa arhakanazimya etara liri hoofu kuzima. Arhajira ebyoola, guhika ayimanze ebinwa byooshi bikwaneene.","Il ne brisera point le roseau cassé, Et il néteindra point le lumignon qui fume, Jusquà ce quil ait fait triompher la justice."
MAT.12.21,N'eziino lyaage ly'abantu booshi nji balangalira.».,Et les nations espéreront en son nom.
MAT.12.22,"Enyuma z'ebyo, baleerhera Yeesu omuntu ofarhirwe n'omuzimu. Oyo muzimu abaga ajirire oyo muntu mpumi kandi nyamugama. Yeesu amufumya, anarhondera kuderha n'okubona.","Alors on lui amena un démoniaque aveugle et muet, et il le guérit, de sorte que le muet parlait et voyait."
MAT.12.23,Eyo myaazi yasomeza echigusho chooshi ch'abantu. Barhondera kuderha ntya: «K'oyu muntu akaba mwene Daawudi?».,Toute la foule étonnée disait: Nest-ce point là le Fils de David?.
MAT.12.24,"Aliko aBafarisaayo babeere bayunva ntyo, baderha ntya: «Oyu muntu ali alibisya abazimu oku buhashe bw'omukulu w'abazimu oyirikwa Belizebuuli!».","Les pharisiens, ayant entendu cela, dirent: Cet homme ne chasse les démons que par Béelzébul, prince des démons."
MAT.12.25,"Okubona oku Yeesu aliiri amenyere enkengeero zaabo, ababwira ntya: «Akaba abantu ba bwami buguma bakalwisanya, obo bwami eyi bwamashandala. N'akaba abantu ba gishagala chiguma changwa ba mulala muguma nabo bakalwisanya, abo bantu nabo eyi bamashandala.","Comme Jésus connaissait leurs pensées, il leur dit: Tout royaume divisé contre lui-même est dévasté, et toute ville ou maison divisée contre elle-même ne peut subsister."
MAT.12.26,"N'akaba Shetaani agachilibisya yeewe yenyine, obwami bwage naye eyi bwamashandala.","Si Satan chasse Satan, il est divisé contre lui-même; comment donc son royaume subsistera-t-il?."
MAT.12.27,"Mwabo muli mwaderha oku ndi nalibisya abazimu oku buhashe bwa Belizebuuli. Leero abantu b'echigusho chenyu nabo balibabalibisya oku buhashe bwa nde? Ntyo, abo bantu benyu bo bayerekana oku mwagirhebekere.","Et si moi, je chasse les démons par Béelzébul, vos fils, par qui les chassent-ils? Cest pourquoi ils seront eux-mêmes vos juges."
MAT.12.28,"Aliko nyoono ndinalibisya abazimu kugerera obuhashe bwa Muuka gwa Nnamahanga, n'echo cho chiyerekene okw'obwime bwa Nnamahanga bwahikiire ahagarhi kenyu.","Mais, si cest par lEsprit de Dieu que je chasse les démons, le royaume de Dieu est donc venu vers vous."
MAT.12.29,"«Ntaaye wakagala kuja omu nju y'owaabo ogwerhe emisi, mpu amunyege ebintu byaage, nk'arhaza kumushweka. Sy'aliko amango amamushweka, akagala kumunyega ebintu byaage byooshi.","Ou, comment quelquun peut-il entrer dans la maison dun homme fort et piller ses biens, sans avoir auparavant lié cet homme fort? Alors seulement il pillera sa maison."
MAT.12.30,"«Orhali haguma naani, eyi ali mushombanyi waani. N'orhali angwasa kugusha, eyi ali ashandaaza.».","Celui qui nest pas avec moi est contre moi, et celui qui nassemble pas avec moi disperse."
MAT.12.31,"«Cho girhumire mbabwirire okw'abantu nji bababalirwa ebyaaha byaabo byooshi n'ebidusi byaabo byooshi. Aliko, olaala nji wadukanga Muuka-Mutagatiifu, yeewe arhakababalirwa.","Cest pourquoi je vous dis: Tout péché et tout blasphème sera pardonné aux hommes, mais le blasphème contre lEsprit ne sera point pardonné."
MAT.12.32,"Na ngasi yeeshi nji waderha kubi elugulu wa Mwene oMuntu, nj'ababalirwa. Aliko olaala nji waderha kubi elugulu wa Muuka-Mutagatiifu, arhakababalirwa mu lino gulu changwa omu lyayinja.».","Quiconque parlera contre le Fils de lhomme, il lui sera pardonné; mais quiconque parlera contre le Saint-Esprit, il ne lui sera pardonné ni dans ce siècle ni dans le siècle à venir."
MAT.12.33,"«Akaba omurhi guli mwinja, amalehe maago namo mali menja. N'akaba omurhi gubihire, amalehe maago namo maaba mabihire. Kwenge omurhi gumenyikana kugerera amalehe maago.","Ou dites que larbre est bon et que son fruit est bon, ou dites que larbre est mauvais et que son fruit est mauvais; car on connaît larbre par le fruit."
MAT.12.34,Mwe buuko bw'enjoka! Gurhe mwe muli babi mwakagala kuderha emyaazi minja? Kwenge obuunu buderha ebiyunjwire omu murhima.,"Races de vipères, comment pourriez-vous dire de bonnes chose, méchants comme vous lêtes? Car cest de labondance du cœur que la bouche parle."
MAT.12.35,Omuntu mwinja akuula ebintu binja omu murhima gwage mwinja. N'omuntu mubi akuula ebintu bibi omu murhima gwage mubi.,"Lhomme bon tire de bonnes choses de son bon trésor, et lhomme méchant tire de mauvaises choses de son mauvais trésor."
MAT.12.36,"Mbabwirire okw'olusiku lw'ogucha olushinja, abantu nji baburana elugulu w'ebinwa byooshi bya bushaabusha baderhere.","Je vous le dis: au jour du jugement, les hommes rendront compte de toute parole vaine quils auront proférée."
MAT.12.37,Kwenge kulengera ebinwa byaawe nji waganjwa mushinganyanya na kulengera ebinwa byaawe nji wahanwa.».,"Car par tes paroles tu seras justifié, et par tes paroles tu seras condamné."
MAT.12.38,"Abigiriza b'amarhegeko baguma n' aBafarisaayo baguma baaja babwira Yeesu ntya: «Mwigiriza, rhushondere orhuyereke echimenyeeso chiguma.».","Alors quelques-uns des scribes et des pharisiens prirent la parole, et dirent: Maître, nous voudrions te voir faire un miracle."
MAT.12.39,"Yeesu abashubiza ntya: «Abantu b'echi gisisi bali babi na bahemusi embere za Nnamahanga. Bali bashonda echimenyeeso, si ntaacho babona girhali chimenyeeso ch'omuleebi Yoona.",Il leur répondit: Une génération méchante et adultère demande un miracle; il ne lui sera donné dautre miracle que celui du prophète Jonas.
MAT.12.40,"Kwenge nk'oku Yoona ajiraga siku esharhu ezuuba n'obudufu omu nda y'efi nene, ntyo ku Mwene oMuntu naye amala siku esharhu, zuuba n'obudufu ali omu shinda.","Car, de même que Jonas fut trois jours et trois nuits dans le ventre dun grand poisson, de même le Fils de lhomme sera trois jours et trois nuits dans le sein de la terre."
MAT.12.41,"Olusiku lw'ogucha olushinja, abantu b'eNinaawi nji bayimanga embere z'abantu b'echi gisisi n'okubahaniisa, bulaala boowe balekere ebyaaha byaabo byooshi amango bayunvaga enyigirizo za Yoona. Bunoola, hano hali olushire Yoona!.","Les hommes de Ninive se lèveront, au jour du jugement, avec cette génération et la condamneront, parce quils se repentirent à la prédication de Jonas; et voici, il y a ici plus que Jonas."
MAT.12.42,"Kandi olusiku lw'ogucha olushinja, mwamikazi w'eGarhongo nj'ayimanga embere z'abantu b'echi gisisi n'okubahaniisa, bulaala yeewe arhengaga omu gihugo cha hale bweneene y'ayinje kuyunviriza obwenge bunene bwa Solomoono. Bunoola, hano hali olushire Solomoono!.","La reine du Midi se lèvera, au jour du jugement, avec cette génération et la condamnera, parce quelle vint des extrémités de la terre pour entendre la sagesse de Salomon, et voici, il y a ici plus que Salomon."
MAT.12.43,"«Amango omuzimu arhengere omu muntu, anayereera omu mpinga omu gushonda ahantu agahumukira. Akabula ho.","Lorsque lesprit impur est sorti dun homme, il va par des lieux arides, cherchant du repos, et il nen trouve point."
MAT.12.44,"anachibwira ntya: ‹Nagaluka omu nju yaani narhengaga mo.› Hano aba amagaluka mo, anayibugana mwanjaale, ebizizwe enarheganyizwe bwinja.","Alors il dit: Je retournerai dans ma maison doù je suis sorti; et, quand il arrive, il la trouve vide, balayée et ornée."
MAT.12.45,"Oku buzinda, anajirhoola bandi bazimu mushanvu babi kumulusha, booshi banaja mw'eyo nju n'okuyikala mo. Oboorhere bw'oyo muntu bwanaba bubi bweneene kulusha obwambere. Ntyo ku nji byaaba oku bantu b'echi gisisi chibi.».","Il sen va, et il prend avec lui sept autres esprits plus méchants que lui; ils entrent dans la maison, sy établissent, et la dernière condition de cet homme est pire que la première. Il en sera de même pour cette génération méchante."
MAT.12.46,"Yeesu abeere achiri ashambaala n'echigusho ch'abantu, nyina na beene baabo bahika. Bayimanga embuga, kwenge balishondere kuganiira naye.","Comme Jésus sadressait encore à la foule, voici, sa mère et ses frères, qui étaient dehors, cherchèrent à lui parler."
MAT.12.47,Muntu muguma aja abwira Yeesu ntya: «Nyoko na beene benyu bayimangire embuga. Bali bashonda kuganiira naawe.».,"Quelquun lui dit: Voici, ta mère et tes frères sont dehors, et ils cherchent à te parler."
MAT.12.48,Yeesu amushubiza ntya: «Nde ye nyaama? Na beene beerhu bo bande?».,"Mais Jésus répondit à celui qui le lui disait: Qui est ma mère, et qui sont mes frères?."
MAT.12.49,"Oku buzinda alambuula efune emunda abigirizwa baage bali n'okuderha ntya: «Tala, aba bo beene beerhu na nyaama!.","Puis, étendant la main sur ses disciples, il dit: Voici ma mère et mes frères."
MAT.12.50,"Kwenge ngasi yeeshi ojira obulonza bwa Daarha oli empingu, oyo ye mwene weerhu, mwali weerhu na nyaama.».","Car, quiconque fait la volonté de mon Père qui est dans les cieux, celui-là est mon frère, et ma sœur, et ma mère."
MAT.13.1,"Mw'olo lusiku, Yeesu ahuluka omu nju, anagenda kuyikala aha burhambi bw'enyanja.","Ce même jour, Jésus sortit de la maison, et sassit au bord de la mer."
MAT.13.2,Abantu banene bamuyegeera. Echo charhuma ashonera omu chombo n'okuyikala mo. Echigusho chooshi ch'abantu chayoorha chiyimangire emushengo.,"Une grande foule sétant assemblée auprès de lui, il monta dans une barque, et il sassit. Toute la foule se tenait sur le rivage."
MAT.13.3,Yeesu abayigiriza myaazi minene kulengera emigani. Ababwira ntya: «Haliiri omuhinzi muguma wajaaga kubyaala.,"Il leur parla en paraboles sur beaucoup de choses, et il dit:."
MAT.13.4,"Abeere ali abyaala, embeke ziguma zarhogera aha burhambirhambi bw'enjira. Enyunyi zayinja n'okulya zo.","Un semeur sortit pour semer. Comme il semait, une partie de la semence tomba le long du chemin: les oiseaux vinrent, et la mangèrent."
MAT.13.5,"Ezindi zarhogera omu lukalabuye, ahantu aharhali budaka bunene. Zamera juba kwenge obudaka bwabaaga bugeehere.","Une autre partie tomba dans les endroits pierreux, où elle navait pas beaucoup de terre: elle leva aussitôt, parce quelle ne trouva pas un sol profond;."
MAT.13.6,"Aliko ezuuba lyabeere lyakola, lyaziyoosa. Na kwenge zirhaligwerhe emizi minene, zayuuma.","mais, quand le soleil parut, elle fut brûlée et sécha, faute de racines."
MAT.13.7,"Ezindi zarhogera omu mishaaki. Eyo mishaaki yabeere yakula, yazifundeeza.","Une autre partie tomba parmi les épines: les épines montèrent, et létouffèrent."
MAT.13.8,"Aliko ezindi mbeke zarhogera omu budaka bwinja. Zabeere zakula, zayeeza amalehe. Ziguma zayeeza amalehe egana, n'ezindi makumi gali ndarhu, n'ezindi makumi masharhu.","Une autre partie tomba dans la bonne terre: elle donna du fruit, un grain cent, un autre soixante, un autre trente."
MAT.13.9,Ola ogwerhe amarhwi ayunve!».,Que celui qui a des oreilles pour entendre entende.
MAT.13.10,"Enyuma z'ebyo, abigirizwa ba Yeesu bamuyegeera n'okumubaza ntya: «Waliha! Gichi girhuma onaderha n'abantu omu migani?».","Les disciples sapprochèrent, et lui dirent: Pourquoi leur parles-tu en paraboles?."
MAT.13.11,Naye abashubiza ntya: «Mwabo mwabishuliirwe okumenya ehwe ly'oBwami bw'empingu. Aliko abandi boowe barhabishuliirwaga okulimenya.,"Jésus leur répondit: Parce quil vous a été donné de connaître les mystères du royaume des cieux, et que cela ne leur a pas été donné."
MAT.13.12,"Kwenge omuntu ogwerhe akantu nj'ayushulirwa akandi, naye anagwarha bintu binene. Aliko omuntu orhagwerhe kantu, nj'anyegwa chiro na hila hityu akengerere oku agwerhe.","Car on donnera à celui qui a, et il sera dans labondance, mais à celui qui na pas on ôtera même ce quil a."
MAT.13.13,"Echo chogirhuma nderha nabo omu migani. Kwenge abo bantu banalola sy'aliko barhabona, banayunviiriza sy'aliko barhayunva changwa barhamenyerera.","Cest pourquoi je leur parle en paraboles, parce quen voyant ils ne voient point, et quen entendant ils nentendent ni ne comprennent."
MAT.13.14,"Leero, byayeneere oku bo ebi binwa omuleebi Isaya aderhaga ntya: ‹Okuyunva, mwayunva, aliko murhamenyerera. Okulola, mwalola, aliko murhabona.","Et pour eux saccomplit cette prophétie dÉsaïe: Vous entendrez de vos oreilles, et vous ne comprendrez point; Vous regarderez de vos yeux, et vous ne verrez point."
MAT.13.15,"Kwenge aba bantu bajirire emirhima yaabo kuba mizibu, bafukire amarhwi maabo, banazibize ameesho maabo, yi barhabonaga, barhanayunvaga, changwa barhampindamukiraga. Kwenge akaba bankampindamukire, nakabafumize.›.","Car le cœur de ce peuple est devenu insensible; Ils ont endurci leurs oreilles, et ils ont fermé leurs yeux, De peur quils ne voient de leurs yeux, quils nentendent de leurs oreilles, Quils ne comprennent de leur cœur, Quils ne se convertissent, et que je ne les guérisse."
MAT.13.16,"«Aliko mwabo, mugishirwe bulaala ameesho menyu yi mabona na marhwi menyu yi mayunva!.","Mais heureux sont vos yeux, parce quils voient, et vos oreilles, parce quelles entendent!."
MAT.13.17,"Okuli mbabwirire, baleebi banene n'abantu banene bakwaneene embere za Nnamahanga, baligifinjire kubona oku bimuli mwabona ko, aliko barhabibonaga ko. Banaligifinjire kuyunva oku bimuli mwayunva ko, aliko barhabiyunvaga ko.","Je vous le dis en vérité, beaucoup de prophètes et de justes ont désiré voir ce que vous voyez, et ne lont pas vu, entendre ce que vous entendez, et ne lont pas entendu."
MAT.13.18,«Mujaage mwayunviriza ech'ogo mugani g'omuhinzi guderhere.,"Vous donc, écoutez ce que signifie la parabole du semeur."
MAT.13.19,"Embeke zarhogeraga aha burhambirhambi bw'enjira, zishushanyizwe n'abantu banayunva eChinwa ch'oBwami bwa Nnamahanga, aliko barhachimenya. Oku buzinda, Shetaani anayinja n'okugikuula omu mirhima yaabo.","Lorsquun homme écoute la parole du royaume et ne la comprend pas, le malin vient et enlève ce qui a été semé dans son cœur: cet homme est celui qui a reçu la semence le long du chemin."
MAT.13.20,"Embeke zarhogeraga ahantu h'amabaale, zishushanyizwe n'abantu banayunva eChinwa cha Nnamahanga n'oguchiyankiriira n'obushagaluke bunene.","Celui qui a reçu la semence dans les endroits pierreux, cest celui qui entend la parole et la reçoit aussitôt avec joie;."
MAT.13.21,"Aliko, echo Chinwa girhaseera omu mirhima yaabo. Banajira nk'oku chiderhere omu bishanji bigeeke, amango amaganya changwa amalibuko mahikaga elugulu w'eChinwa cha Nnamahanga, ho n'aho banaleka obwemeezi bwabo.","mais il na pas de racines en lui-même, il manque de persistance, et, dès que survient une tribulation ou une persécution à cause de la parole, il y trouve une occasion de chute."
MAT.13.22,"Ezindi mbeke zarhogeraga omu mishaaki, zishushanyizwe n'abantu bayunva eChinwa cha Nnamahanga, aliko amalibuko m'egulu n'enyifinjo zibi z'ebikulo, byanafundeeza cho omu mirhima yaabo, kwanarhuma echo Chinwa girhagwarha amalehe.","Celui qui a reçu la semence parmi les épines, cest celui qui entend la parole, mais en qui les soucis du siècle et la séduction des richesses étouffent cette parole, et la rendent infructueuse."
MAT.13.23,"Zila mbeke zarhogeraga omu budaka bwinja, zoowe zishushanyizwe n'abantu banayunva eChinwa cha Nnamahanga n'oguchimenya. Oku buzinda, echo Chinwa chanayeeza amalehe omu mirhima yaabo. Baguma banayeeza malehe egana, n'abandi makumi gali ndarhu n'abandi makumi masharhu.».","Celui qui a reçu la semence dans la bonne terre, cest celui qui entend la parole et la comprend; il porte du fruit, et un grain en donne cent, un autre soixante, un autre trente."
MAT.13.24,"Yeesu abachiira ogwindi mugani, aderha ntya: «Obwami bw'empingu bushushanyizwe na muntu muguma wabyaalaga emburho nyinja omu shwa lyaage.","Il leur proposa une autre parabole, et il dit: Le royaume des cieux est semblable à un homme qui a semé une bonne semence dans son champ."
MAT.13.25,"Aliko lusiku luguma obudufu, amango abantu booshi babaaga balyaamire, omushombanyi waage ayinja n'okubyaala ebirhi bibi omu ngano, anachigendera.","Mais, pendant que les gens dormaient, son ennemi vint, sema de livraie parmi le blé, et sen alla."
MAT.13.26,"Engano zabeere zamera n'okuyaasa, ebyo birhi bibi nabyo byabonekana.","Lorsque lherbe eut poussé et donné du fruit, livraie parut aussi."
MAT.13.27,"«Abaja ba nyina eshwa bayinja kumubwira ntya: ‹Waliha, k'arhali mburho nyinja wabyaalaga omu shwa lyaawe? Ngahe leero ebi birhi bibi birhengeere?›.","Les serviteurs du maître de la maison vinrent lui dire: Seigneur, nas-tu pas semé une bonne semence dans ton champ? Doù vient donc quil y a de livraie?."
MAT.13.28,Naye abashubiza ntya: ‹Omushombanyi ye wajirire ntyo.› Abo baja baashuba kumubaza ntya: ‹K'oshondere rhuje kubishigulanga?›.,Il leur répondit: Cest un ennemi qui a fait cela. Et les serviteurs lui dirent: Veux-tu que nous allions larracher?.
MAT.13.29,Aliko abashubiza ntya: ‹Nangwa! Hali okuntu mwakabishigula haguma n'engano.,"Non, dit-il, de peur quen arrachant livraie, vous ne déraciniez en même temps le blé."
MAT.13.30,Mubileke bikulire byooshi haguma guhika amango m'ogushaluula. Amo mango nji nabwira abashaluuzi ntya: Murhange mushigule ebirhi bibi munabigushe bilundo-bilundo n'okubichumika. N'oku buzinda mugushe engano omu nguli yaani.›».,"Laissez croître ensemble lun et lautre jusquà la moisson, et, à lépoque de la moisson, je dirai aux moissonneurs: Arrachez dabord livraie, et liez-la en gerbes pour la brûler, mais amassez le blé dans mon grenier."
MAT.13.31,"Yeesu abachiira guno gwindi mugani, aderha ntya: «oBwami bw'empingu bushushanyizwe n'ehibeke hye haradaali muntu muguma arhoolaga anahibyaala omu shwa lyaage.","Il leur proposa une autre parabole, et il dit: Le royaume des cieux est semblable à un grain de sénevé quun homme a pris et semé dans son champ."
MAT.13.32,"Ehyo hibeke hye hityu omu mburho zooshi. Aliko hyabeere hyamera, hyaaba murhi munene kulusha eyindi mirhi yooshi y'omu shwa, oku bulyo enyunyi zinayinja n'okuyumbaka enyoogo zaazo omu marhabi maago.».","Cest la plus petite de toutes les semences; mais, quand il a poussé, il est plus grand que les légumes et devient un arbre, de sorte que les oiseaux du ciel viennent habiter dans ses branches."
MAT.13.33,"Yeesu ashuba kubachiira ogwindi mugani omu kuderha ntya: «oBwami bw'empingu bushushanyizwe n'echachu mukazi muguma arhoolaga, ayihira omu milengo esharhu y'eshaano omu gukwiza emigati, yooshi yarhunda.».","Il leur dit cette autre parabole: Le royaume des cieux est semblable à du levain quune femme a pris et mis dans trois mesures de farine, jusquà ce que la pâte soit toute levée."
MAT.13.34,"Eyi myaazi yooshi, Yeesu aliiri ayibwira echigusho ch'abantu omu migani. Nta mwazi aderhere nabo buzira gukoleesa emigani.","Jésus dit à la foule toutes ces choses en paraboles, et il ne lui parlait point sans parabole."
MAT.13.35,"Aliiri ajira ntyo yi bijirike ebinwa omuleebi aderhaga ntya: «Nji nalema naderha nabo omu migani, nji nababwira ebinwa byalibishirwe gurhengera okulemwa kw'egulu.».","afin que saccomplît ce qui avait été annoncé par le prophète: Jouvrirai ma bouche en paraboles, Je publierai des choses cachées depuis la création du monde."
MAT.13.36,"Yeesu abeere amaseezera echigusho ch'abantu, aja omu nju. Abigirizwa baage bamuyegeera n'okumubwira ntya: «Ogo mugani gw'ebirhi bibi byaliiri omu shwa, orhuhuguulire go.».","Alors il renvoya la foule, et entra dans la maison. Ses disciples sapprochèrent de lui, et dirent: Explique-nous la parabole de livraie du champ."
MAT.13.37,"Naye ababwira ntya: «Ola wabyaalaga emburho nyinja, ali Mwene oMuntu.","Il répondit: Celui qui sème la bonne semence, cest le Fils de lhomme;."
MAT.13.38,"Eshwa, liri gulu. Na zila mbeke zinja, zishushanyizwe n'abantu b'omu Bwami bwa Nnamahanga. Na bila birhi bibi, bishushanyizwe n'abantu ba Shetaani.","le champ, cest le monde; la bonne semence, ce sont les fils du royaume; livraie, ce sont les fils du malin;."
MAT.13.39,"N'omushombanyi wabyaalaga ebyo birhi bibi, ali Shetaani. N'eshaluulo, eshushanyizwe n'obuzinda bw'egulu. N'abogushaluula, bashushanyizwe na bamalahika.","lennemi qui la semée, cest le diable; la moisson, cest la fin du monde; les moissonneurs, ce sont les anges."
MAT.13.40,"Nka kulaala ebirhi bibi binashiguulwa n'ogukabulwa omu muliro, ntyo ku nji byaaba oku buzinda bw'egulu.","Or, comme on arrache livraie et quon la jette au feu, il en sera de même à la fin du monde."
MAT.13.41,"Kwenge Mwene oMuntu nj'arhuma bamalahika baage omu Bwami bwage, baje kugusha abantu booshi banarhuma abandi bajira ebyaaha, haguma n'abandi booshi bakola amabi.","Le Fils de lhomme enverra ses anges, qui arracheront de son royaume tous les scandales et ceux qui commettent liniquité:."
MAT.13.42,"Abo bamalahika nji bakabula abo bantu booshi omu chibeeyi ch'omuliro, n'omoola nji balaka n'oguhekenya amenyo.","et ils les jetteront dans la fournaise ardente, où il y aura des pleurs et des grincements de dents."
MAT.13.43,"Aliko abakwaneene nji babaraganya nka zuuba omu Bwami bw'eShe waabo. Olaala ogwerhe amarhwi, ayunve!».",Alors les justes resplendiront comme le soleil dans le royaume de leur Père. Que celui qui a des oreilles pour entendre entende.
MAT.13.44,"«oBwami bw'empingu bushushanyiizwe n'obuchire bwabaga bubishirwe omu shwa. Obo buchire, muntu muguma abubona, anashuba kububisha. Oyo muntu ashagaluka bweneene anaja kuguza ebintu byaage byooshi, oku buzinda agula elyo shwa.","Le royaume des cieux est encore semblable à un trésor caché dans un champ. Lhomme qui la trouvé le cache; et, dans sa joie, il va vendre tout ce quil a, et achète ce champ."
MAT.13.45,«oBwami bw'empingu bushushanyiizwe kandi n'omurhimbuuzi muguma walishondeere kugula amagerha m'egichiiro.,Le royaume des cieux est encore semblable à un marchand qui cherche de belles perles.
MAT.13.46,"Abeere abona eyanga liguma lyagachiiro, aja kuguza ebintu byaage byooshi n'okuligula.».","Il a trouvé une perle de grand prix; et il est allé vendre tout ce quil avait, et la achetée."
MAT.13.47,"«oBwami bw'empingu bushushanyiizwe kandi n'omulaga bahiraga omu nyanja, nago gwayirha ngasi buuko bw'efi.",Le royaume des cieux est encore semblable à un filet jeté dans la mer et ramassant des poissons de toute espèce.
MAT.13.48,"Omulaga gwabeere gwabumba efi, abashaana bagukuluulira emushengo. Oku buzinda, bayikala n'okulondoola efi. Ezikwiriire bazihira omu rhurhanda n'ezirhakwiriire bazikabula.","Quand il est rempli, les pêcheurs le tirent; et, après sêtre assis sur le rivage, ils mettent dans des vases ce qui est bon, et ils jettent ce qui est mauvais."
MAT.13.49,"Leero, nji byaaba ntyo oku buzinda bw'egulu. Bamalahika nji bayinja n'oguhira abantu babi olwabo lunda n'abakwaneene olwabo lunda.",Il en sera de même à la fin du monde. Les anges viendront séparer les méchants davec les justes.
MAT.13.50,"Nji bakabula abantu babi omu chibeeyi ch'omuliro, na m'ogoola muliro nji balaka n'oguhekenya amenyo.».","et ils les jetteront dans la fournaise ardente, où il y aura des pleurs et des grincements de dents."
MAT.13.51,"Yeesu abaza abigirizwa baage ntya: «Ka mwayunviirhe ebi binwa byooshi?» Nabo bamushubiza ntya: «Neechi, rhwayunviirhe.».","Avez-vous compris toutes ces choses? Oui, répondirent-ils."
MAT.13.52,"Oku buzinda, Yeesu abwira abigirizwa ntya: «Ngasi mwigiriza w'eRhegeko wayigirizwe elugulu w'oBwami bw'empingu, ashushanyiizwe na nyina enju oli wakuula omu buchire bwage ebintu bihyaahya n'ebya miira.».","Et il leur dit: Cest pourquoi, tout scribe instruit de ce qui regarde le royaume des cieux est semblable à un maître de maison qui tire de son trésor des choses nouvelles et des choses anciennes."
MAT.13.53,"Yeesu abeere amamala gucha eyi migani, arhenga ahoola.","Lorsque Jésus eut achevé ces paraboles, il partit de là."
MAT.13.54,"Agenda omu gishagala akuliraga mo. Ahikire mo, arhondera kuyigiriza abantu omu sinagoogi yaabo. Abantu basomerwa, barhondera guchibaza ntya: «Ngahe oyu muntu akuliire obwenge bunene nk'obu n'obuhashe b'okujira ebi bigiriginjo?.","Sétant rendu dans sa patrie, il enseignait dans la synagogue, de sorte que ceux qui lentendirent étaient étonnés et disaient: Doù lui viennent cette sagesse et ces miracles?."
MAT.13.55,"Oyu k'arhali mugala w'ola mubeeji w'empaho? Nyina k'arhali ye Mariya? Na beene baabo ka barhali Yakobo, Yozefu, Simooni na Yuuda?.","Nest-ce pas le fils du charpentier? Nest-ce pas Marie qui est sa mère? Jacques, Joseph, Simon et Jude, ne sont-ils pas ses frères?."
MAT.13.56,Na baali baabo booshi ka rhurhalamire haguma nabo hano? Leero ngahe amakuula ebi byooshi?».,et ses sœurs ne sont-elles pas toutes parmi nous? Doù lui viennent donc toutes ces choses?.
MAT.13.57,"Oko kw'arhuma barhamuyemeera. Aliko Yeesu ababwira ntya: «Omuleebi anakengwa ahantu hooshi, aliko anabula olukengo omu gishagala chaage n'omu mulala gwage.».",Et il était pour eux une occasion de chute. Mais Jésus leur dit: Un prophète nest méprisé que dans sa patrie et dans sa maison.
MAT.13.58,"Yeesu arhajiraga ebisomereene binene eyo munda, kwenge abantu b'eNazareeti balilahire kuyemeera.","Et il ne fit pas beaucoup de miracles dans ce lieu, à cause de leur incrédulité."
MAT.14.1,"Mw'ezoola siku, Heroode waliyimire omu gihugo ch'eGalilaaya, ayunva baderha elugulu wa Yeesu.","En ce temps-là, Hérode le tétrarque, ayant entendu parler de Jésus, dit à ses serviteurs: Cest Jean-Baptiste!."
MAT.14.2,Abwira abashamuka baage ntya: «Oyu muntu ali Yohaana Mubatiiza wafuukire! Cho girhumire agwarha obuhashe b'okujira ebisomereene.».,"Il est ressuscité des morts, et cest pour cela quil se fait par lui des miracles."
MAT.14.3,"Heroode abaaga ashwekesize Yohaana. Aderha oku bamushweke banamukabule omu munyororo, elugulu wa Herodiya muka Firipo. Oyo Firipo aliiri mwene waabo Heroode.","Car Hérode, qui avait fait arrêter Jean, lavait lié et mis en prison, à cause dHérodias, femme de Philippe, son frère."
MAT.14.4,Kwenge Yohaana alibwiriire Heroode ntya: «eRhegeko lyeerhu lirhakuyemereere okw'oshabe oyu Herodiya!».,parce que Jean lui disait: Il ne test pas permis de lavoir pour femme.
MAT.14.5,"Heroode alishondere kuyirha Yohaana, aliko aliyuubahire abantu, kwenge booshi balirhoolere Yohaana nka muleebi.","Il voulait le faire mourir, mais il craignait la foule, parce quelle regardait Jean comme un prophète."
MAT.14.6,"Olusiku lukulu l'okuyibuka okuburhwa kwa Heroode lwabeere lwahika, mwali wa Herodiya azina embere z'abalaalikwa. Oko kuzina kwage kwasiimisa bweneene Heroode.","Or, lorsquon célébra lanniversaire de la naissance dHérode, la fille dHérodias dansa au milieu des convives, et plut à Hérode."
MAT.14.7,Echo charhuma amulaganya kugerera endahiro oku amuha ngasi chintu chooshi ahema.,de sorte quil promit avec serment de lui donner ce quelle demanderait.
MAT.14.8,"Oyo munyere abeere ahema nyina ehano, abwira Heroode ntya: «Ompereeze bonabuno erhwe lya Yohaana Mubatiiza oku mbale.».","A linstigation de sa mère, elle dit: Donne-moi ici, sur un plat, la tête de Jean-Baptiste."
MAT.14.9,"Mwami ababazwa bweneene, aliko elugulu w'endahiro ajiraga embere z'abalilalikiirwe, arhegeka okw'oyo munyere ahaabwe erhwe lya Yohaana.","Le roi fut attristé; mais, à cause de ses serments et des convives, il commanda quon la lui donne."
MAT.14.10,Ava arhuma muntu muguma aje omu munyororo gucha erhwe lya Yohaana.,et il envoya décapiter Jean dans la prison.
MAT.14.11,"Baleerha elyo rhwe oku mbale, baliheereza oyo munyere, naye alihekera nyina.","Sa tête fut apportée sur un plat, et donnée à la jeune fille, qui la porta à sa mère."
MAT.14.12,"Oku buzinda, abigirizwa ba Yohaana bayinja gurhoola omubiri gwage, banaja kuguhamba. Eyi myaazi, baaja kuyibalira Yeesu.","Les disciples de Jean vinrent prendre son corps, et lensevelirent. Et ils allèrent lannoncer à Jésus."
MAT.14.13,"Yeesu abeere ayunva ntyo, arhenga ahoola n'echombo, n'okuja yenyine ahantu harhali bantu. Abantu babeere bayunva ntyo, barhenga omu bishagala byaabo, bamukulikira n'amagulu.","A cette nouvelle, Jésus partit de là dans une barque, pour se retirer à lécart dans un lieu désert; et la foule, layant su, sortit des villes et le suivit à pied."
MAT.14.14,"Yeesu abeere arhenga omu chombo, abona echigusho chinene ch'abantu, abafiira obonjo, anafumya abalwala baliiri omu bo.","Quand il sortit de la barque, il vit une grande foule, et fut ému de compassion pour elle, et il guérit les malades."
MAT.14.15,"Lyabeere golo, abigirizwa baage bamuyegeera n'okumubwira ntya: «Hano, rhuli omu mpinga bwanayirire. Cho girhumire oleke aba bantu bagende omu bishagala yi bagule ebiryo.».","Le soir étant venu, les disciples sapprochèrent de lui, et dirent: Ce lieu est désert, et lheure est déjà avancée; renvoie la foule, afin quelle aille dans les villages, pour sacheter des vivres."
MAT.14.16,"Aliko Yeesu ababwira ntya: «Aba bantu, barhakwaneene kugenda. Mwabo mwenyine mubahe ebiryo.».",Jésus leur répondit: Ils nont pas besoin de sen aller; donnez-leur vous-mêmes à manger.
MAT.14.17,"Nabo, bamubwira ntya: «Waliha! Rhugwerhe hano migati erhaano na fi ebiri byonyine.».",Mais ils lui dirent: Nous navons ici que cinq pains et deux poissons.
MAT.14.18,Yeesu ababwira ntya: «Munderhere byo hano.».,Et il dit: Apportez-les-moi.
MAT.14.19,"Yeesu aja arhegeka echigusho ch'abantu bayikale oku byaasi. Arhoola eyo migati erhaano n'ezo fi ebiri, ayerekeza ameesho empingu n'ogukuuza Nnamahanga. Ayichagulanga, anayiha abigirizwa baage. Nabo bayigabira echigusho ch'abantu.","Il fit asseoir la foule sur lherbe, prit les cinq pains et les deux poissons, et, levant les yeux vers le ciel, il rendit grâces. Puis, il rompit les pains et les donna aux disciples, qui les distribuèrent à la foule."
MAT.14.20,"Abo bantu booshi balya n'okuyugurha. Abigirizwa babeere bagusha ebyayoorhaga, byayunjuza rhurhanda ekumi na rhubiri.","Tous mangèrent et furent rassasiés, et lon emporta douze paniers pleins des morceaux qui restaient."
MAT.14.21,"Abantu balyaaga ebyo biryo, baliiri hoofu balume bihumbi birhaano, buzira kuganja abakazi n'abaana.","Ceux qui avaient mangé étaient environ cinq mille hommes, sans les femmes et les enfants."
MAT.14.22,"Enyuma z'aho, Yeesu arhegeka abigirizwa baage baje omu chombo, banamurhange eshiiriza y'enyanja. Yeewe, ayoorha aseezera echo chigusho ch'abantu.","Aussitôt après, il obligea les disciples à monter dans la barque et à passer avant lui de lautre côté, pendant quil renverrait la foule."
MAT.14.23,"Abeere amabaseezera, azamuukira yenyine oku musozi gusaliira Nnamahanga. Obudufu bwahika eyi achiri yo yenyine.","Quand il leut renvoyée, il monta sur la montagne, pour prier à lécart; et, comme le soir était venu, il était là seul."
MAT.14.24,"Mw'ebyo bishanji, echombo chabaaga chahikire omu muhengere. Omulaba gwagihulukira embere. N'ogo mulaba gwarhondera kulwisalwisa echo chombo.","La barque, déjà au milieu de la mer, était battue par les flots; car le vent était contraire."
MAT.14.25,"Yabeere miseke, Yeesu aja emunda abigirizwa baage baliiri eyi ali alambagira oku nyanja.","A la quatrième veille de la nuit, Jésus alla vers eux, marchant sur la mer."
MAT.14.26,"Abigirizwa babeere bamubona ali alambagira oku nyanja, bayuubaha bweneene, banaderha ntya: «Muzimu oliira!» Banarhondera kuyaama elugulu w'obuuba.","Quand les disciples le virent marcher sur la mer, ils furent troublés, et dirent: Cest un fantôme! Et, dans leur frayeur, ils poussèrent des cris."
MAT.14.27,Ho n'aho Yeesu ababwira ntya: «Mugihe omurhima! Nyoono onoola! Murhayuubahaga.».,"Jésus leur dit aussitôt: Rassurez-vous, cest moi; nayez pas peur!."
MAT.14.28,"Petero amushubiza ntya: «Nnaweerhu! Akaba okuli onali wooyo, onyemeerere nyinje oku nyanja emunda oli.».","Pierre lui répondit: Seigneur, si cest toi, ordonne que jaille vers toi sur les eaux."
MAT.14.29,"Yeesu amubwira ntya: «Yinja!» Ho n'aho Petero arhenga omu chombo y'aje emunda Yeesu ali, eyi ali alambagira oku nyanja.","Et il dit: Viens! Pierre sortit de la barque, et marcha sur les eaux, pour aller vers Jésus."
MAT.14.30,"Aliko abeere abona omuhusi gukalihire, ayuubaha, anarhondera kuyika. Aliika omulenge omu kuderha ntya: «Nnaweerhu! Onchungule!».","Mais, voyant que le vent était fort, il eut peur; et, comme il commençait à enfoncer, il sécria: Seigneur, sauve-moi!."
MAT.14.31,Yeesu ava alambuula efune amugwarha. Anamubwira ntya: «Ego muntu w'obwemeezi bugeeke! Charhumaga wayuubaha?».,"Aussitôt Jésus étendit la main, le saisit, et lui dit: Homme de peu de foi, pourquoi as-tu douté?."
MAT.14.32,"Yeesu na Petero babeere bashonera omu chombo, endeera yaaba.","Et ils montèrent dans la barque, et le vent cessa."
MAT.14.33,"Abaliiri omu chombo, bafukama embere za Yeesu n'okuderha ntya: «Okuli, oli Mwene Nnamahanga!».","Ceux qui étaient dans la barque vinrent se prosterner devant Jésus, et dirent: Tu es véritablement le Fils de Dieu."
MAT.14.34,"Yeesu n'abigirizwa baage babeere bayambuka enyanja, bahika omu gihugo ch'eGenezareeti.","Après avoir traversé la mer, ils vinrent dans le pays de Génésareth."
MAT.14.35,"Abantu b'eyo babeere barhegeerera Yeesu, barhuma omwazi ngasi hooshi mw'echo gihugo. Banamuleerhera abalwala booshi.","Les gens de ce lieu, ayant reconnu Jésus, envoyèrent des messagers dans tous les environs, et on lui amena tous les malades."
MAT.14.36,"Bamuyinginga aleke bahume chiro oku mushoojo gw'efulema yaage. Na booshi baguhumaga ko, bafuma.",Ils le prièrent de leur permettre seulement de toucher le bord de son vêtement. Et tous ceux qui le touchèrent furent guéris.
MAT.15.1,"Enyuma z'ebyo, aBafarisaayo n'abigiriza b'amarhegeko bahikira Yeesu gurhengera eYerusaleema. Baamubaza ntya:.","Alors des pharisiens et des scribes vinrent de Jérusalem auprès de Jésus, et dirent:."
MAT.15.2,"«Bichi birhumire abigirizwa baawe barhali bakenga emigenzo ya bashookuluza beerhu? Kwenge boowe, barhali bakalaba efune embere z'okulya gukulikirana n'eyo migenzo!».","Pourquoi tes disciples transgressent-ils la tradition des anciens? Car ils ne se lavent pas les mains, quand ils prennent leurs repas."
MAT.15.3,"Yeesu abashubiza ntya: «Nenyu, girhumire murhali mwakenga eRhegeko lya Nnamahanga omu gukulikira emigenzo yenyu?.","Il leur répondit: Et vous, pourquoi transgressez-vous le commandement de Dieu au profit de votre tradition?."
MAT.15.4,"Kwenge Nnamahanga aderhaga ntya: ‹Orhuule wakenga yisho na nyoko.› Kandi aderhere ntya: ‹Ola wadukanga eshe changwa nyina, akwaneene ayirhwe.›.",Car Dieu a dit: Honore ton père et ta mère; et: Celui qui maudira son père ou sa mère sera puni de mort.
MAT.15.5,"Aliko mwabo, munaderha oku omuntu akagala kubwira eshe changwa nyina mpu: ‹Echintu nankagurhabere mo, narhuulire cho miira emwa Nnamahanga.›.","Mais vous, vous dites: Celui qui dira à son père ou à sa mère: Ce dont jaurais pu tassister est une offrande à Dieu, nest pas tenu dhonorer son père ou sa mère."
MAT.15.6,"Omu kujira ntyo, yi mwaderha ok'omuntu arhalemaga arhabaala eshe changwa nyina. Ntyo, muli mwakena eChinwa cha Nnamahanga elugulu w'ogukulikira emingenzo yenyu.",Vous annulez ainsi la parole de Dieu au profit de votre tradition.
MAT.15.7,"«Mwe ndyaalya! Isaya aderhaga okuli, amango aleebaga elugulu wenyu ntya:.","Hypocrites, Ésaïe a bien prophétisé sur vous, quand il a dit:."
MAT.15.8,"‹Bano bantu, bali bankenga oku buunu bonyine, aliko emirhima yaabo eba hale naani.","Ce peuple mhonore des lèvres, Mais son cœur est éloigné de moi."
MAT.15.9,"Kwenge okumparamya banamparamya, kuli kwa busha, n'enyigirizo banayigiriza, biri binwa byajirwaga n'abantu.›».","Cest en vain quils mhonorent, En enseignant des préceptes qui sont des commandements dhommes."
MAT.15.10,"Enyuma z'ebyo, Yeesu ahamagala echigusho ch'abantu. Anababwira ntya: «Murhege amarhwi munayunvirize ebinwa nababwira.","Ayant appelé à lui la foule, il lui dit: Écoutez, et comprenez."
MAT.15.11,"Echija omu buunu b'omuntu, arhaali cho chimuzingiisa. Aliko chilaala girhenga mo cho chimuzingiisa.».","Ce nest pas ce qui entre dans la bouche qui souille lhomme; mais ce qui sort de la bouche, cest ce qui souille lhomme."
MAT.15.12,Abigirizwa baage baja bamuyegeera n'okumubaza ntya: «K'orhenji okw'ebi binwa waderhere byagayisize aBafarisaayo ?».,"Alors ses disciples sapprochèrent, et lui dirent: Sais-tu que les pharisiens ont été scandalisés des paroles quils ont entendues?."
MAT.15.13,Yeesu abashubiza ntya: «Ngasi mburho yooshi Daarha w'empingu arhabyaalaga nji yashigulwa.,Il répondit: Toute plante que na pas plantée mon Père céleste sera déracinée.
MAT.15.14,"Cho girhumire, mubaleke abo Bafarisaayo! Kwenge bali mpumi ziri zalambagiza ezindi mpumi. Leero, akaba empumi eri yalambagiza eyaabo, booshi oku bali bombi banarhogera omu kijokole.».","Laissez-les: ce sont des aveugles qui conduisent des aveugles; si un aveugle conduit un aveugle, ils tomberont tous deux dans une fosse."
MAT.15.15,"Petero ava amubwira ntya: «Waliha, orhuhuguulire ogo mugani.».","Pierre, prenant la parole, lui dit: Explique-nous cette parabole."
MAT.15.16,Yeesu amushubiza ntya: «Ka nenyu murhaza kuba n'obwenge bw'okumenya?.,"Et Jésus dit: Vous aussi, êtes-vous encore sans intelligence?."
MAT.15.17,"Ka murhamenyere oku ngasi chooshi chija omu buunu b'omuntu, chinaja omu nda, n'oku buzinda chanarhenga n'okuja omu musarani?.","Ne comprenez-vous pas que tout ce qui entre dans la bouche va dans le ventre, puis est jeté dans les lieux secrets?."
MAT.15.18,"Aliko byooshi birhenga omu buunu, omu murhima mu biba birhengeere. N'ebyo bye bizingiisa omuntu.","Mais ce qui sort de la bouche vient du cœur, et cest ce qui souille lhomme."
MAT.15.19,"Bulaala omu murhima mo murhenga enkengeero zibi zileerha obunizi, obuhushi, obubaraaga, obwizi, obuhamiiriza b'obubeeshi n'okudukangana.","Car cest du cœur que viennent les mauvaises pensées, les meurtres, les adultères, les impudicités, les vols, les faux témoignages, les calomnies."
MAT.15.20,"Ebi bye bizingiisa omuntu. Aliko okulya buzira gukalaba efune, gurhakazingiisa omuntu.».","Voilà les choses qui souillent lhomme; mais manger sans sêtre lavé les mains, cela ne souille point lhomme."
MAT.15.21,"Yeesu abeere arhenga ahoola, aja oku lunda luli hoofu n'egishagala ch'eTiiro n'eche Sidoona.","Jésus, étant parti de là, se retira dans le territoire de Tyr et de Sidon."
MAT.15.22,"Abeere ahika yo, Mukanaana-kazi muguma walilamire eyo munda, amuhikira eyi ali amulakiirira omu kuderha ntya: «Nnaweerhu, Mwene Daawudi, ombeere obonjo! Mwali waani, abazimu yi bamulibuza bweneene!».","Et voici, une femme cananéenne, qui venait de ces contrées, lui cria: Aie pitié de moi, Seigneur, Fils de David! Ma fille est cruellement tourmentée par le démon."
MAT.15.23,"Aliko ntaacho Yeesu amushubiize. Oku buzinda, abigirizwa baage bamuyegeera n'okumubwira ntya: «Oyu mukazi ali arhubera erhwe. Omubwire arhenge hano.».","Il ne lui répondit pas un mot, et ses disciples sapprochèrent, et lui dirent avec instance: Renvoie-la, car elle crie derrière nous."
MAT.15.24,"Yeesu ashubiza ntya: «Ntumirwe oku lubaga lw'aBaisraheeli lonyine, kwenge baali nka ntaama zaherere.».",Il répondit: Je nai été envoyé quaux brebis perdues de la maison dIsraël.
MAT.15.25,"Aliko oyo mukazi ayinja n'okuva afukama embere za Yeesu anamubwira ntya: «Nnaweerhu, ontabaale!».","Mais elle vint se prosterner devant lui, disant: Seigneur, secours-moi!."
MAT.15.26,Yeesu amushubiza ntya: «Birhali binja gurhoola ebiryo by'abaana n'okubiheereza ebibwana by'embwa.».,"Il répondit: Il nest pas bien de prendre le pain des enfants, et de le jeter aux petits chiens."
MAT.15.27,"Oyo mukazi aderha ntya: «Neechi Nnaweerhu! Oderhere okuli. Aliko chiro n'ebibwana by'embwa, binalya orhulyo rhunarhoga oku meeza ma nnahamwabo.».","Oui, Seigneur, dit-elle, mais les petits chiens mangent les miettes qui tombent de la table de leurs maîtres."
MAT.15.28,Yeesu aja amushubiza ntya: «Mukazi we! Obwemeezi bwawe buli bunene. Cho girhumire bikubeere nk'oku oshondere.» Mw'ebyo bishanji mwali w'oyo mukazi ava afuma.,"Alors Jésus lui dit: Femme, ta foi est grande; quil te soit fait comme tu veux. Et, à lheure même, sa fille fut guérie."
MAT.15.29,"Enyuma z'ebyo, Yeesu arhenga eyo munda, agera eburhambirhambi bw'enyanja y'eGalilaaya. Ava azamuukira oku musozi, ayikala okoola.","Jésus quitta ces lieux, et vint près de la mer de Galilée. Étant monté sur la montagne, il sy assit."
MAT.15.30,"Bantu banene bweneene baja bamuhikira. Bamuleerhera ebirema n'empumi, banyamugama n'abantu bahunzize, n'abandi balwala banene. Bahira bo booshi embere za Yeesu, naye abafumya.","Alors sapprocha de lui une grande foule, ayant avec elle des boiteux, des aveugles, des muets, des estropiés, et beaucoup dautres malades. On les mit à ses pieds, et il les guérit;."
MAT.15.31,"Abo bantu booshi basoomerwa bweneene kwenge balibwene banyamugama baderha, ebirema byaaba bigumaguma, abahunzize balambagira n'empumi zabona. Banalema bakuuza Nnamahanga w'eIsraheeli.","en sorte que la foule était dans ladmiration de voir que les muets parlaient, que les estropiés étaient guéris, que les boiteux marchaient, que les aveugles voyaient; et elle glorifiait le Dieu dIsraël."
MAT.15.32,"Yeesu ahamagala abigirizwa baage, ababwira ntya: «Nabereere aba bantu obonjo, kwenge zeene zikola siku esharhu bali haguma naani eyi barhanagwerhe echo kulya. Ntashondere kubaleka bagende buzira kulya yi barhaholera omu njira n'enzara.».","Jésus, ayant appelé ses disciples, dit: Je suis ému de compassion pour cette foule; car voilà trois jours quils sont près de moi, et ils nont rien à manger. Je ne veux pas les renvoyer à jeun, de peur que les forces ne leur manquent en chemin."
MAT.15.33,"Abigirizwa baage bamushubiza ntya: «Hano, rhuli omu mpinga, ngahe rhwaja rhwabona ebiryo by'okuyugusya olu lubaga lungana ha?».",Les disciples lui dirent: Comment nous procurer dans ce lieu désert assez de pains pour rassasier une si grande foule?.
MAT.15.34,"Yeesu ababaza ntya: «Mugwerhe migati nga?» Nabo bamushubiza ntya: «Rhugwerhe migati mushanvu n'efi zigeheere, kandi zigekegeeke.».","Jésus leur demanda: Combien avez-vous de pains? Sept, répondirent-ils, et quelques petits poissons."
MAT.15.35,Yeesu arhegeka abo bantu booshi oku bayikale.,Alors il fit asseoir la foule par terre.
MAT.15.36,"Arhoola ela migati mushanvu na zila fi, akuuza Nnamahanga, anayichagulanga, ayiheereza abigirizwa baage. Nabo, babigabira echigusho ch'abantu.","prit les sept pains et les poissons, et, après avoir rendu grâces, il les rompit et les donna à ses disciples, qui les distribuèrent à la foule."
MAT.15.37,"Booshi baalya banayugurha. Abigirizwa ba Yeesu babeere bagusha ebisigazo, bayunjuza rhurhanda mushanvu.","Tous mangèrent et furent rassasiés, et lon emporta sept corbeilles pleines des morceaux qui restaient."
MAT.15.38,"Abalyaaga ebyo biryo, baliiri balume bihumbi bine buzira kuganja abakazi n'abaana.","Ceux qui avaient mangé étaient quatre mille hommes, sans les femmes et les enfants."
MAT.15.39,"Enyuma z'aho, Yeesu asezera abo bantu, aja omu chombo, anagenda olunda lw'eMagadani.","Ensuite, il renvoya la foule, monta dans la barque, et se rendit dans la contrée de Magadan."
MAT.16.1,Lusiku luguma aBafarisaayo n'aBasadukaayo bahikira Yeesu yi bamugeregeze. Bamuhema abajirire echimenyeso chiyerekene oku obuhashe bwage okuli burhengereere empingu.,"Les pharisiens et les sadducéens abordèrent Jésus et, pour léprouver, lui demandèrent de leur faire voir un signe venant du ciel."
MAT.16.2,"Yeesu abashubiza ntya: «Omu bishanji by'egolo, munaderha ntya: ‹Ebichu bidukwire, omuseezi, lwaba lusiku lwinja.›.","Jésus leur répondit: Le soir, vous dites: Il fera beau, car le ciel est rouge; et le matin:."
MAT.16.3,"N'omu bishanji by'eseezi munaderha ntya: ‹Ebichu byayiragwire, zeene envula yarhoga.› «Munamenya ebishanji amango mubwene ebichu. Leero, zino siku muli mo, gurhe murhazimenyere?.","Il y aura de lorage aujourdhui, car le ciel est dun rouge sombre. Vous savez discerner laspect du ciel, et vous ne pouvez discerner les signes des temps."
MAT.16.4,"Abantu b'echi gisisi bali babi kandi banali ndyaalya embere za Nnamahanga! Bali bahema echimenyeso, aliko nta chimenyeso bayerekwa girhali chila ch'omuleebi Yoona.» Oku buzinda, Yeesu abaleka anachigendera.","Une génération méchante et adultère demande un miracle; il ne lui sera donné dautre miracle que celui de Jonas. Puis il les quitta, et sen alla."
MAT.16.5,"Amango abigirizwa ba Yeesu bayambukaga enyanja, baliiri bayibirire guheeka emigati.","Les disciples, en passant à lautre bord, avaient oublié de prendre des pains."
MAT.16.6,Yeesu ababwira ntya: «Mube hoobwe! Muchilange n'echachu y' aBafarisaayo n'aBasadukaayo.».,Jésus leur dit: Gardez-vous avec soin du levain des pharisiens et des sadducéens.
MAT.16.7,Abo bigirizwa barhondera kubwirana ntya: «Aderhere ntyo kwenge rhurhaleerhere emigati.».,"Les disciples raisonnaient en eux-mêmes, et disaient: Cest parce que nous navons pas pris de pains."
MAT.16.8,Yeesu amenya ebyoola baliiri babwirana. Echo charhuma ababwira ntya: «Munali bantu b'obwemeezi bugeeke! Gurhe muli mwachiderhesa oku murhagwerhe migati?.,"Jésus, layant connu, dit: Pourquoi raisonnez-vous en vous-mêmes, gens de peu de foi, sur ce que vous navez pas pris de pains?."
MAT.16.9,"Ka murhanaza kumenya? Ka murhayibukire bala bantu bihumbi birhaano, gurhe bayugurhaga ela migati erhaano, na rhurhanda rhunga rhw'emisigala mwagushaga?.","Êtes-vous encore sans intelligence, et ne vous rappelez-vous plus les cinq pains des cinq mille hommes et combien de paniers vous avez emportés."
MAT.16.10,"Changwa murhayibukire kandi bala bantu bihumbi bine nabo, gurhe bayugurhaga ela migati mushanvu, na rhurhanda rhunga rhw'emisigala mwagushaga?.",ni les sept pains des quatre mille hommes et combien de corbeilles vous avez emportées?.
MAT.16.11,Bulaala gurhe mukengereere oku ebi naliiri naderha biyerekeere emigati? Naliiri nababwira oku muchilange n'echachu y'aBafarisaayo n'aBasadukaayo.».,Comment ne comprenez-vous pas que ce nest pas au sujet de pains que je vous ai parlé? Gardez-vous du levain des pharisiens et des sadducéens.
MAT.16.12,"Abigirizwa baja bamenya oku arhaliiri ababwira bachilange n'echachu y'emigati, sy'aliko aliiri ababwira bachilange n'enyigirizo z'aBafarisaayo n'aBasadukaayo.","Alors ils comprirent que ce nétait pas du levain du pain quil avait dit de se garder, mais de lenseignement des pharisiens et des sadducéens."
MAT.16.13,"Yeesu abeere ahika olunda lw'eKayizariya Firipi, abaza abigirizwa baage ntya: «Gurhe abantu bali baderha oku nyoono Mwene oMuntu ndi nde?».","Jésus, étant arrivé dans le territoire de Césarée de Philippe, demanda à ses disciples: Qui dit-on que je suis, moi, le Fils de lhomme?."
MAT.16.14,"Bamushubiza ntya: «Baguma bali baderha oku wooyo oli Yohaana Mubatiiza, n'abandi bali baderha oku wooyo oli Eliya, n'abandi bali baderha oku wooyo oli Yeremiya changwa muguma w'omu baleebi ba miira.».","Ils répondirent: Les uns disent que tu es Jean-Baptiste; les autres, Élie; les autres, Jérémie, ou lun des prophètes."
MAT.16.15,Yeesu aja ababaza ntya: «Nenyu muli mwaderha oku nyoono ndi nde?».,"Et vous, leur dit-il, qui dites-vous que je suis?."
MAT.16.16,"Simooni Petero amushubiza ntya: «Wooyo oli Kirisitu, Mugala wa Nnamahanga Ozeene.».","Simon Pierre répondit: Tu es le Christ, le Fils du Dieu vivant."
MAT.16.17,"Yeesu ava amubwira ntya: «Simooni mwene Yoona ogishirwe, kwenge nta muntu wakubishuliire ogu mwazi arhali Daarha oli omu mpingu.","Jésus, reprenant la parole, lui dit: Tu es heureux, Simon, fils de Jonas; car ce ne sont pas la chair et le sang qui tont révélé cela, mais cest mon Père qui est dans les cieux."
MAT.16.18,"Naani nkubwirire okw'oli Petero, kuli kuderha baale. Na ku linoola baale kunayumbaka echigusho ch'abemeezi baani booshi. N'echo chigusho, obuhashe bw'ekuzimu burhakachihima.","Et moi, je te dis que tu es Pierre, et que sur cette pierre je bâtirai mon Église, et que les portes du séjour des morts ne prévaudront point contre elle."
MAT.16.19,"Nji naguha efunguulo z'oBwami bw'empingu. Byooshi nji waaba oli walahira omu gulu, Nnamahanga naye nj'aba ali abilahira. Na byooshi nji waaba wayemereere omu gulu, Nnamahanga naye nj'abiyemeera.».","Je te donnerai les clefs du royaume des cieux: ce que tu lieras sur la terre sera lié dans les cieux, et ce que tu délieras sur la terre sera délié dans les cieux."
MAT.16.20,"Oku buzinda, Yeesu abuza abigirizwa baage oku nta muntu babwirage oku yeewe ye Kirisitu.",Alors il recommanda aux disciples de ne dire à personne quil était le Christ.
MAT.16.21,"Gurhengera mw'amo mango, Yeesu arhondera kubwira abigirizwa baage bwinjabwinja okw'akwaneene kuja eYerusaleema. N'eyo munda abashamuka b'aBayaahudi n'abakulu b'abadaahwa n'abigiriza b'eRhegeko bamulibuza bweneene. N'oku buzinda ayirhwa, n'olusiku lwagasharhu afuuka.","Dès lors Jésus commença à faire connaître à ses disciples quil fallait quil allât à Jérusalem, quil souffrît beaucoup de la part des anciens, des principaux sacrificateurs et des scribes, quil fût mis à mort, et quil ressuscitât le troisième jour."
MAT.16.22,"Petero ava aheeka Yeesu eburhambi n'ogurhondera kumukalihira ntya: «Nnaweerhu, Nnamahanga akulange! Ebyo birhaguhikira chiro n'ehityu!».","Pierre, layant pris à part, se mit à le reprendre, et dit: A Dieu ne plaise, Seigneur! Cela ne tarrivera pas."
MAT.16.23,"Aliko Yeesu ahindamuka n'okumubwira ntya: «Wooyo Shetaani! Rhenga haburambi bwani, oshondere kungeregeza, kwenge enkengeero zaawe zirharhengeere emwa Nnamahanga, sy'aliko ziri z'omuntu.».","Mais Jésus, se retournant, dit à Pierre: Arrière de moi, Satan! tu mes en scandale; car tes pensées ne sont pas les pensées de Dieu, mais celles des hommes."
MAT.16.24,"Yeesu ava abwira abigirizwa baage ntya: «Akaba omuntu ashondere kunkulikira, agihakane yenyine, aheeke omusalaaba gwage anankulikire.","Alors Jésus dit à ses disciples: Si quelquun veut venir après moi, quil renonce à lui-même, quil se charge de sa croix, et quil me suive."
MAT.16.25,"Bulaala omuntu oshondere guchungula akalamo kaage nj'agaheza. Aliko olaala wahaana akalamo kaage elugulu waani, nj'ashuba gukabona.","Car celui qui voudra sauver sa vie la perdra, mais celui qui la perdra à cause de moi la trouvera."
MAT.16.26,Kali kamaro gachi omuntu kugwarha ebintu byooshi by'egulu aliko aheze akalamo kaage? Na chintu gichi omuntu akagala kandi guhaana y'achungule akalamo kaage?.,"Et que servirait-il à un homme de gagner tout le monde, sil perdait son âme? Ou, que donnerait un homme en échange de son âme?."
MAT.16.27,«Kwenge nyoono Mwene oMuntu nji nayinja omu bukuuze bwa Daarha haguma na bamalahika baage. Nji nanahemba ngasi muntu gukulikirana n'ebijiro byaage .,"Car le Fils de lhomme doit venir dans la gloire de son Père, avec ses anges; et alors il rendra à chacun selon ses œuvres."
MAT.16.28,"Okuli mbabwirire oku baguma mw'aba bantu bali hano, barhagafa barhanaza kubona gurhe nyoono Mwene oMuntu ndi nayinja nka Mwami.».","Je vous le dis en vérité, quelques-uns de ceux qui sont ici ne mourront point, quils naient vu le Fils de lhomme venir dans son règne."
MAT.17.1,"Enyuma za siku ndarhu, Yeesu arhoola Petero, Yakobo na Yohaana mwene waabo Yakobo. Azamuka haguma nabo oku musozi guleehere, babera ko bonyine.","Six jours après, Jésus prit avec lui Pierre, Jacques, et Jean, son frère, et il les conduisit à lécart sur une haute montagne."
MAT.17.2,"Babeere bali kw'ogo musozi, Yeesu ahindulwa eshusho embere zaabo. Eshusho lyaage lyabaraganya nka zuuba. N'emyambalo yaage yahinduka mweru nka bulangashane.","Il fut transfiguré devant eux; son visage resplendit comme le soleil, et ses vêtements devinrent blancs comme la lumière."
MAT.17.3,"Ho n'aho, abo bigirizwa babona Muusa na Eliya bali baganiira na Yeesu.","Et voici, Moïse et Élie leur apparurent, sentretenant avec lui."
MAT.17.4,"Petero ava abwira Yeesu ntya: «Nnaweerhu, kuli kwinja rhubeere hano. Kandi akaba oshondere, nayumbaka biraaro bisharhu hano, chiguma chaawe, echindi cha Muusa n'echindi cha Eliya.».","Pierre, prenant la parole, dit à Jésus: Seigneur, il est bon que nous soyons ici; si tu le veux, je dresserai ici trois tentes, une pour toi, une pour Moïse, et une pour Élie."
MAT.17.5,"Oku Petero achiri aderha, ho n'aho hahulukiira oluhomo lulangasheene lwabashukulira. Mw'olo luhomo mwayunvikana omulenge guli gwaderha ntya: «Oyu, ye Mwana waani muzigirwa, nsimiswa naye. Mumuyunvirize!».","Comme il parlait encore, une nuée lumineuse les couvrit. Et voici, une voix fit entendre de la nuée ces paroles: Celui-ci est mon Fils bien-aimé, en qui jai mis toute mon affection: écoutez-le!."
MAT.17.6,"Abo bigirizwa babeere bayunva ogo mulenge, bayuubaha bweneene, bakumbagala, amalanga mahika ahashi.","Lorsquils entendirent cette voix, les disciples tombèrent sur leur face, et furent saisis dune grande frayeur."
MAT.17.7,"Aliko Yeesu abayegeera, abahuma ko anababwira ntya: «Muyimange, murhanayuubahaga!».","Mais Jésus, sapprochant, les toucha, et dit: Levez-vous, nayez pas peur!."
MAT.17.8,"Babeere bayinamula ameesho, barhabonaga owindi muntu arhali Yeesu yenyine.","Ils levèrent les yeux, et ne virent que Jésus seul."
MAT.17.9,"Yeesu n'abigirizwa baage babeere bali bayandagala kw'ogo musozi, abarhegeka ntya: «Ebi mwabwene ko, ntaaye mubibwirage guhika amango nyoono Mwene oMuntu nji nafuuka.».","Comme ils descendaient de la montagne, Jésus leur donna cet ordre: Ne parlez à personne de cette vision, jusquà ce que le Fils de lhomme soit ressuscité des morts."
MAT.17.10,Abo bigirizwa baamubaza ntya: «Girhuma abigiriza b'amarhegeko banaderha oku bihemere Eliya arhange ayinje?».,Les disciples lui firent cette question: Pourquoi donc les scribes disent-ils quÉlie doit venir premièrement?.
MAT.17.11,"Yeesu abashubiza ntya: «Kubinali, bihemere Eliya arhange ayinje kubahugulira ebintu byooshi.","Il répondit: Il est vrai quÉlie doit venir, et rétablir toutes choses."
MAT.17.12,"Aliko leero, mbabwirire oku Eliya ahikire miira, sy'aliko abantu barhamurhegeeraga. Banamujirira nk'oku balishondere. Ko n'oko, ku naani Mwene oMuntu, nji bandibuuza.».","Mais je vous dis quÉlie est déjà venu, quils ne lont pas reconnu, et quils lont traité comme ils ont voulu. De même le Fils de lhomme souffrira de leur part."
MAT.17.13,"Ho n'aho abo bigirizwa baage, baja bamenya oku Yeesu aliiri abashambalira elugulu wa Yohaana Mubatiiza.",Les disciples comprirent alors quil leur parlait de Jean-Baptiste.
MAT.17.14,"Yeesu n'abigirizwa baage bagendekera n'olugenzi, banahika ah'echigusho ch'abantu chaliiri. Muntu muguma ayegeera hoofu na Yeesu, afukama embere zaage.","Lorsquils furent arrivés près de la foule, un homme vint se jeter à genoux devant Jésus, et dit:."
MAT.17.15,"Anamubwira ntya: «Nnaweerhu! Oyunvire mugala waani obonjo, kwenge ajira endwala y'egichuli. Obo bulwala bwamulibwize bweneene. Ngasi mango anakumbagala omu muliro n'omu menji.","Seigneur, aie pitié de mon fils, qui est lunatique, et qui souffre cruellement; il tombe souvent dans le feu, et souvent dans leau."
MAT.17.16,"Nalimulerheere abigirizwa baawe, aliko barhagalire kumufumya.».","Je lai amené à tes disciples, et ils nont pas pu le guérir."
MAT.17.17,"Yeesu abwira abigirizwa baage ntya: «Mwe bantu b'echi gisisi muli babi, murhanagwerhe chiro n'obwemeezi! Nagendekera kubeera nenyu n'okulema nayunviriza ebinwa byenyu guhika mango machi? Munderhere oyo mwana hano!».","Race incrédule et perverse, répondit Jésus, jusques à quand serai-je avec vous? Jusques à quand vous supporterai-je? Amenez-le-moi ici."
MAT.17.18,"Yeesu akalihira oyo muzimu waliiri m'oyo mwana, n'okuva amurhenga mo. Ho n'aho oyo mwana afuma.","Jésus parla sévèrement au démon, qui sortit de lui, et lenfant fut guéri à lheure même."
MAT.17.19,Abigirizwa ba Yeesu baja bamuyegeera ey'ali yenyine n'okumubaza ntya: «Waliha! Gichi charhumaga rhwabo rhwafundwa gukuula oyu muzimu?».,"Alors les disciples sapprochèrent de Jésus, et lui dirent en particulier: Pourquoi navons-nous pu chasser ce démon?."
MAT.17.20,"Yeesu abashubiza ntya: «Kwenge obwemeezi bwenyu buli bugeeke. Okuli mbabwirire, chiro nk'obwemeezi bwenyu bwakaba bugeeke nka hiburho higeeke hye haradaali, mwakagala kubwira ogu musozi ntya: ‹Rhenga hano oje haliira› Nago gwanaja ho. Kandi, harhakanaba echintu girhakagalika emwenyu. .","Cest à cause de votre incrédulité, leur dit Jésus. Je vous le dis en vérité, si vous aviez de la foi comme un grain de sénevé, vous diriez à cette montagne: Transporte-toi dici là, et elle se transporterait; rien ne vous serait impossible."
MAT.17.21,Aliko omuzimu oli ntya arhakakuulwa nk'arhali omu gusaliira n'oguchibuza kulya ebiryo.».,Mais cette sorte de démon ne sort que par la prière et par le jeûne.
MAT.17.22,"Lusiku luguma, amango abigirizwa ba Yeesu baliiri bachigushire omu gihugo ch'eGalilaaya, Yeesu ababwira ntya: «Nyoono Mwene oMuntu nahirwa omu fune z'abantu.","Pendant quils parcouraient la Galilée, Jésus leur dit: Le Fils de lhomme doit être livré entre les mains des hommes;."
MAT.17.23,"Nabo bantu nji banyirha, aliko olusiku lwagasharhu, nji nafuuka gurhenga omu bafu.» Abigirizwa baage babeere bayunva ntyo, bababala bweneene.","ils le feront mourir, et le troisième jour il ressuscitera. Ils furent profondément attristés."
MAT.17.24,"Enyuma z'ebyo, Yeesu n'abigirizwa baage baaja omu gishagala ch'eGaperanahumu. Bahikire mo, abafurhiisa b'amakooli m'eNju ya Nnamahanga bayegeera Petero n'okumubaza ntya: «K'omwigiriza wenyu arhafurha ekooli ly'eNju ya Nnamahanga?».","Lorsquils arrivèrent à Capernaüm, ceux qui percevaient les deux drachmes sadressèrent à Pierre, et lui dirent: Votre maître ne paie-t-il pas les deux drachmes?."
MAT.17.25,"Petero abashubiza ntya: «Neechi analifurha.» Petero abeere aja omu nju, oku arhaza kuderha chintu, Yeesu amubaza ntya: «Simooni, bichi okengereere? Abaami ba lino gulu bafurhiisa amakooli oku bande, ka banafurhisa abaana b'egihugo changwa abahiisi?».","Oui, dit-il. Et quand il fut entré dans la maison, Jésus le prévint, et dit: Que ten semble, Simon? Les rois de la terre, de qui perçoivent-ils des tributs ou des impôts? De leurs fils, ou des étrangers?."
MAT.17.26,Petero amushubiza ntya: «Banafurhisa abahisi bonyine.» Yeesu aja amubwira ntya: «Abaana b'egihugo barhakwaneene gufurha ekooli.,Il lui dit: Des étrangers. Et Jésus lui répondit: Les fils en sont donc exempts.
MAT.17.27,"Aliko, nachiro ntyo, rhurhashondere kugayisa aba bantu. Cho girhumire, oje ebwa nyanja kuloba. N'efi y'oburhanzi wagwarha, oyibumbuule obuunu, wabona mo egicheri ch'efuranga. Echo gicheri, obahe cho omu gufurha ekooli lyaawe n'elyaani.».","Mais, pour ne pas les scandaliser, va à la mer, jette lhameçon, et tire le premier poisson qui viendra; ouvre-lui la bouche, et tu trouveras un statère. Prends-le, et donne-le-leur pour moi et pour toi."
MAT.18.1,"Mw'ebyoola bishanji, abigirizwa ba Yeesu bamuhikira n'okumubaza ntya: «Nde oli mukulu kulusha abaabo omu Bwami bw'empingu?».","En ce moment, les disciples sapprochèrent de Jésus, et dirent: Qui donc est le plus grand dans le royaume des cieux?."
MAT.18.2,"Yeesu ahamagala omwana mudoorho, amuhira ahagarhi kaabo.","Jésus, ayant appelé un petit enfant, le plaça au milieu deux."
MAT.18.3,"Aderha ntya: «Okuli, mbabwirire oku akaba murhahindamwire oboorhere bwenyu n'okuba nk'abaana badoorho, murhakaja omu Bwami bw'empingu.","et dit: Je vous le dis en vérité, si vous ne vous convertissez et si vous ne devenez comme les petits enfants, vous nentrerez pas dans le royaume des cieux."
MAT.18.4,"Leero, ngasi yeeshi ogirhonda nk'oyu mwana mudoorho, oyo ye nji waaba mukulu omu Bwami bw'empingu.","Cest pourquoi, quiconque se rendra humble comme ce petit enfant sera le plus grand dans le royaume des cieux."
MAT.18.5,"N'olaala oyankirire omwana mudoorho nk'oyuula oku ziino lyaani, eyi nyoono nyayankirire.».","Et quiconque reçoit en mon nom un petit enfant comme celui-ci, me reçoit moi-même."
MAT.18.6,"«Mwaba baana badoorho banyemereere, nk'omuntu mulebe abeere mpanvu yogurhuma muguma omu bo ajira echaaha, kwakabeere kwinja kw'oyo muntu gushwekerwa olushyo omu gosi, anakabulwe omu nyanja.","Mais, si quelquun scandalisait un de ces petits qui croient en moi, il vaudrait mieux pour lui quon suspendît à son cou une meule de moulin, et quon le jetât au fond de la mer."
MAT.18.7,"Buhanya oku gulu, elugulu w'ebintu biyunjwire mo by'okuyoohya abantu bajire ebyaaha! Ebyo bintu bikwaneene kuba ho, aliko buhanya oku muntu bihulukire ko!.",Malheur au monde à cause des scandales! Car il est nécessaire quil arrive des scandales; mais malheur à lhomme par qui le scandale arrive!.
MAT.18.8,"«Nk'efune yaawe changwa okugulu kwawe byagarhuma wajira echaaha, obiche onabikabule hale naawe. Kwenge kuli kwinja oku wooyo, oje ahantu h'akalamo k'okuli, ey'ogwerhe kuboko kuguma changwa kugulu kuguma. Kuli kwinja ahali h'okuba n'amaboko mombi changwa amagulu mombi, n'ogukabulwa omu muliro gw'esiku n'amango.","Si ta main ou ton pied est pour toi une occasion de chute, coupe-les et jette-les loin de toi; mieux vaut pour toi entrer dans la vie boiteux ou manchot, que davoir deux pieds ou deux mains et dêtre jeté dans le feu éternel."
MAT.18.9,"Kandi, nk'eliisho lyaawe lirhumire wajira echaaha, oliyoomole onalikabule hale naawe. Kwenge kuli kwinja oku wooyo, oje ahantu h'akalamo k'okuli, ey'ogwerhe liisho liguma, ahali h'okugwarha ameesho mombi, onakabulwe omu muliro gw'esiku n'amango.».","Et si ton œil est pour toi une occasion de chute, arrache-le et jette-le loin de toi; mieux vaut pour toi entrer dans la vie, nayant quun œil, que davoir deux yeux et dêtre jeté dans le feu de la géhenne."
MAT.18.10,"«Muchilange! Murhalemaga mwabonerera chiro n'omuguma mw'aba baana badoorho, kwenge mbabwirire oku bamalahika baabo barhuula bali esiku zooshi embere za Daarha oli omu mpingu.",Gardez-vous de mépriser un seul de ces petits; car je vous dis que leurs anges dans les cieux voient continuellement la face de mon Père qui est dans les cieux.
MAT.18.11,Kwenge nyoono Mwene oMuntu nayinjaga kunoola gulu yi nchungule balaala baliiri baherere.,Car le Fils de lhomme est venu sauver ce qui était perdu.
MAT.18.12,"«Bichi mukengereere? Nk'omuntu agwerhe ntaama zaage egana, na nguma omu zo egahera, k'arhaleka zila zindi makumi gali mwenda na mwenda oku musozi y'aje gushonda ela yaherere?.","Que vous en semble? Si un homme a cent brebis, et que lune delles ségare, ne laisse-t-il pas les quatre-vingt-dix-neuf autres sur les montagnes, pour aller chercher celle qui sest égarée?."
MAT.18.13,"Okuli mbabwirire, nk'ayibwene, ayimogera bwenene kulusha zila zindi makumi gali mwenda na mwenda zirhaliherere.","Et, sil la trouve, je vous le dis en vérité, elle lui cause plus de joie que les quatre-vingt-dix-neuf qui ne se sont pas égarées."
MAT.18.14,"Ko n'oko, Yisho oli empingu, naye arhashonda chiro n'omuguma mw'aba baana badoorho ahere.».","De même, ce nest pas la volonté de votre Père qui est dans les cieux quil se perde un seul de ces petits."
MAT.18.15,"«Nka mwene wenyu akujirire kubi, oje emunda ali kumuyeereka obubi bwage eyi muli mwembi mwenyine. Na nk'akuyunviirhe, mwanashuba kuba omu buguma.","Si ton frère a péché, va et reprends-le entre toi et lui seul. Sil técoute, tu as gagné ton frère."
MAT.18.16,"Aliko nk'alahire gukuyunva, orhoole muntu muguma changwa babiri, onaje kumulola haguma nabo, yi ngasi chinwa chimenyikane bwinja oku buhamiiriza bwa bantu babiri changwa basharhu.","Mais, sil ne técoute pas, prends avec toi une ou deux personnes, afin que toute laffaire se règle sur la déclaration de deux ou de trois témoins."
MAT.18.17,"Nk'alahire kuyunva abo bantu nabo, omenyese echigusho ch'abemeezi ogo mwazi. Na nk'alahire kubayunva nabo, omurhoole nka muntu orhenji Nnamahanga changwa nk'omufurhiisa w'amakooli.","Sil refuse de les écouter, dis-le à lÉglise; et sil refuse aussi découter lÉglise, quil soit pour toi comme un païen et un publicain."
MAT.18.18,"«Okuli, mbabwirire oku byooshi mwalema mwashweka muno gulu, byalema byashwekwa n'omu mpingu, na byooshi mwalema mwashwekuula muno gulu, byalema byashwekuulwa n'omu mpingu.","Je vous le dis en vérité, tout ce que vous lierez sur la terre sera lié dans le ciel, et tout ce que vous délierez sur la terre sera délié dans le ciel."
MAT.18.19,"«Okuli, nshubire kubabwira oku muno gulu, nka bantu babiri mu mwabo bayunvikeene omu guhema chintu chilebe, Daarha oli omu mpingu abaha cho.","Je vous dis encore que, si deux dentre vous saccordent sur la terre pour demander une chose quelconque, elle leur sera accordée par mon Père qui est dans les cieux."
MAT.18.20,"Kwenge ahantu bantu babiri changwa basharhu bachigushire oku ziino lyaani, naani ndi ahagarhi kaabo.».","Car là où deux ou trois sont assemblés en mon nom, je suis au milieu deux."
MAT.18.21,"Enyuma z'ebyo, Petero ayegeera Yeesu n'okumubaza ntya: «Nnaweerhu, nka mwene weerhu ali anjirira amabi, kanga nkwaneene kumubabalira? Ka guhika ku kali mushanvu?».","Alors Pierre sapprocha de lui, et dit: Seigneur, combien de fois pardonnerai-je à mon frère, lorsquil péchera contre moi? Sera-ce jusquà sept fois?."
MAT.18.22,"Yeesu amushubiza ntya: «Nangwa! Ntakubwirire ok'omubabalire kali mushanvu konyine, sy'aliko guhika kali makumi gali mushanvu kali mushanvu.","Jésus lui dit: Je ne te dis pas jusquà sept fois, mais jusquà septante fois sept fois."
MAT.18.23,"«Cho girhumire, oBwami bw'empingu bushushanyizwe n'omwami muguma walishondere kumenya oluganjo lw'eminda abakozi baage balikwaneene kumujuha.","Cest pourquoi, le royaume des cieux est semblable à un roi qui voulut faire rendre compte à ses serviteurs."
MAT.18.24,"Abeere arhondera kujira olo luganjo, bamulerhera mukozi muguma waligwerhe omwinda gwage munene gw'etalanta bihumbi ekumi.","Quand il se mit à compter, on lui en amena un qui devait dix mille talents."
MAT.18.25,"Okubona okw'oyo mukozi arhaligwerhe obuhashe bw'okujuha ogo mwinda, nnahamwabo aja arhegeka oku bamuguze, baguze na mukaage, n'abaana baage n'ebintu byooshi aligwerhe, y'ajuhe ogo mwinda.","Comme il navait pas de quoi payer, son maître ordonna quil fût vendu, lui, sa femme, ses enfants, et tout ce quil avait, et que la dette fût acquittée."
MAT.18.26,"Oyo mukozi afukama embere za nnahamwabo n'okumuyinginga ntya: ‹Waliha, nguhemere orhange olinge, nakujuha omwinda gwawe gooshi.›.","Le serviteur, se jetant à terre, se prosterna devant lui, et dit: Seigneur, aie patience envers moi, et je te paierai tout."
MAT.18.27,"Oyo nnahamwabo abeera oyo mukozi obonjo, amubabalira ogo omwinda, ava amuleka agende.","Ému de compassion, le maître de ce serviteur le laissa aller, et lui remit la dette."
MAT.18.28,"«Oyo mukozi abeere agenda, abugaana owabo mukozi muguma waligwerhe omwinda gwage gwa bicheri egana by'efuranga. Amufarhira omu gosi n'okumuniguuza. Amubwira ntya: ‹Juha omwinda gwani juba!›.","Après quil fut sorti, ce serviteur rencontra un de ses compagnons qui lui devait cent deniers. Il le saisit et létranglait, en disant: Paie ce que tu me dois."
MAT.18.29,"Oyo waabo mukozi afukama embere zaage, n'okumuyinginga ntya: ‹Maani, nguhemere orhange olinge! Nakujuha omwinda gwawe!›.","Son compagnon, se jetant à terre, le suppliait, disant: Aie patience envers moi, et je te paierai."
MAT.18.30,"Aliko alahira, anaja kumuhiriisa omu munyororo guhika amango nj'ajuha omwinda gwage.","Mais lautre ne voulut pas, et il alla le jeter en prison, jusquà ce quil eût payé ce quil devait."
MAT.18.31,"«Abaabo bakozi babeere babona amujirire ntyo, bagaya bweneene. Baaja kubalira ola nnahamwabo byooshi byabeere.","Ses compagnons, ayant vu ce qui était arrivé, furent profondément attristés, et ils allèrent raconter à leur maître tout ce qui sétait passé."
MAT.18.32,"Nnahamwabo aja ahamagaza oyo mukozi, amubwira ntya: ‹Wooyo oli mukozi mubi! Nyoono nalikubabaliire omwinda gwawe gooshi, bulaala walimpemere obonjo!.","Alors le maître fit appeler ce serviteur, et lui dit: Méchant serviteur, je tavais remis en entier ta dette, parce que tu men avais supplié;."
MAT.18.33,"Leero wooyo, bulaala gurhe orhababalire owenyu mukozi nka kulaala naani nakubabaliraga?›.","ne devais-tu pas aussi avoir pitié de ton compagnon, comme jai eu pitié de toi?."
MAT.18.34,"Oyo nnahamwabo agwarha oburhe bunene. Ava aderha oku oyo mukozi akabulwe omu munyororo y'ahanwe, guhika amango ajuha omwinda gwage gooshi.».","Et son maître, irrité, le livra aux bourreaux, jusquà ce quil eût payé tout ce quil devait."
MAT.18.35,"Oku buzinda, Yeesu aderha ntya: «Nenyu, ntyo ko n'oko Daarha oli empingu nj'abajirira, akaba ngasi muguma wenyu arhalema ababalira abaabo n'omurhima gwage gooshi.».","Cest ainsi que mon Père céleste vous traitera, si chacun de vous ne pardonne à son frère de tout son cœur."
MAT.19.1,"Yeesu abeere amala kuderha eyo myaazi, arhenga omu gihugo ch'eGalilaaya. Aja omu gihugo ch'eYudeeya, oku lwindi lunda l'olwinji lw'eYorodaani.","Lorsque Jésus eut achevé ces discours, il quitta la Galilée, et alla dans le territoire de la Judée, au-delà du Jourdain."
MAT.19.2,"Bantu banene bweneene bamukulikira eyo munda, n'abaliiri balwala, abafumya.","Une grande foule le suivit, et là il guérit les malades."
MAT.19.3,aBafarisaayo baguma bamuyegeera yi bamugeregeze. Baamubaza ntya: «K'eRhegeko lyeerhu liyemereere omulume kuyegula mukaage ku ngasi chibazo?».,"Les pharisiens labordèrent, et dirent, pour léprouver: Est-il permis à un homme de répudier sa femme pour un motif quelconque?."
MAT.19.4,"Yeesu abashubiza ntya: «Ka murhasaga gusoma okw'aMandiko Matagatiifu maderhere ntya: ‹Oku murhondero, Nnamahanga alemaga omulume n'omukazi?›.","Il répondit: Navez-vous pas lu que le créateur, au commencement, fit lhomme et la femme."
MAT.19.5,"Anashuba kuderha ntya: ‹Cho girhumire omulume aleka eshe na nyina, anabeera na mukaage, na bombi banaba mubiri muguma.›.","et quil dit: Cest pourquoi lhomme quittera son père et sa mère, et sattachera à sa femme, et les deux deviendront une seule chair?."
MAT.19.6,"Leero, barhachiba babiri, sy'aliko bamaaba muntu muguma. Cho girhumire, echi Nnamahanga ashwekere, harhabaga chiro n'omuntu wagishwekuula.».","Ainsi ils ne sont plus deux, mais ils sont une seule chair. Que lhomme donc ne sépare pas ce que Dieu a joint."
MAT.19.7,"Abo Bafarisaayo, baashuba kumubaza ntya: «Charhumaga leero Muusa arhegeka oku omulume aleme aha mukaage amaruba m'okulekana egihe ashondere kumuyegula?».","Pourquoi donc, lui dirent-ils, Moïse a-t-il prescrit de donner à la femme une lettre de divorce et de la répudier?."
MAT.19.8,"Yeesu abashubiza ntya: «Muusa abayemeereraga oku muleme mwayegula bakenyu, elugulu w'emirhima yenyu mizibu. Aliko gurhenga oku murhondero, birhaliiri ntyo.","Il leur répondit: Cest à cause de la dureté de votre cœur que Moïse vous a permis de répudier vos femmes; au commencement, il nen était pas ainsi."
MAT.19.9,"Leero nyoono mbabwirire oku, nk'omuntu alekeene na mukaage, nka burhali buhushi bonyine burhumire, n'ogushuba gushaba owindi, oyo muntu amenye oku ajirire obuhushi.».","Mais je vous dis que celui qui répudie sa femme, sauf pour infidélité, et qui en épouse une autre, commet un adultère."
MAT.19.10,"Abigirizwa ba Yeesu baaja bamubwira ntya: «Akaba buhushi bonyine bo bwagarhuma omulume alekana na mukaage, gasi ogushaba gurhagwerhe akamaro!».","Ses disciples lui dirent: Si telle est la condition de lhomme à légard de la femme, il nest pas avantageux de se marier."
MAT.19.11,"Yeesu abashubiza ntya: «Abantu booshi barhakagala kuyemeera echi chinwa, barhali balaala bonyine Nnamahanga aheere obuhashe.","Il leur répondit: Tous ne comprennent pas cette parole, mais seulement ceux à qui cela est donné."
MAT.19.12,"Kwenge hali abantu baguma barhagala gushaba, bulaala baburhwaga eyi bali ntazi, abandi bajirirwe ntazi n'abantu, abandi bachijirire bonyine ntazi elugulu w'ogukolera oBwami bwa Nnamahanga. Leero, ola wakagala kuyemeera eyi myaazi, ayiyemeere!».","Car il y a des eunuques qui le sont dès le ventre de leur mère; il y en a qui le sont devenus par les hommes; et il y en a qui se sont rendus tels eux-mêmes, à cause du royaume des cieux. Que celui qui peut comprendre comprenne."
MAT.19.13,"Abantu baguma baja baleerhera Yeesu abaana, y'abalambulire kw'efune omu kubasalirira. Aliko abigirizwa baage bakalihira abo bantu.","Alors on lui amena des petits enfants, afin quil leur imposât les mains et priât pour eux. Mais les disciples les repoussèrent."
MAT.19.14,"Yeesu aja abwira abo bigirizwa baage ntya: «Muleke abaana bayinje emwani, murhalemaga mwababuza, bulaala abantu bali nk'aba baana bo banyina oBwami bw'empingu.».","Et Jésus dit: Laissez les petits enfants, et ne les empêchez pas de venir à moi; car le royaume des cieux est pour ceux qui leur ressemblent."
MAT.19.15,Yeesu agisha abo baana omu kubahira kw'efune. Oku buzinda arhenga ahoola.,"Il leur imposa les mains, et il partit de là."
MAT.19.16,"Enyuma z'ebyo, muntu muguma ayegeera Yeesu, amubaza ntya: «Mwigiriza, menja machi nkwaneene kujira yi mbone akalamo k'esiku n'amango?».","Et voici, un homme sapprocha, et dit à Jésus: Maître, que dois-je faire de bon pour avoir la vie éternelle?."
MAT.19.17,"Yeesu amushubiza ntya: «Girhumire wambaza elugulu wa menja? Hali muguma yenyine onaba mwinja! Leero, akaba oshondere kuja omu kalamo k'okuli, oleme wakenga amarhegeko ma Nnamahanga.».","Il lui répondit: Pourquoi minterroges-tu sur ce qui est bon? Un seul est le bon. Si tu veux entrer dans la vie, observe les commandements. Lesquels? Lui dit-il."
MAT.19.18,"Oyo muntu ashuba kumubaza ntya: «Marhegeko mahe?» Yeesu amushubiza ntya: «Orhalemaga wayirha, orhalemaga wahusha, orhalemaga wazimba, orhalemaga wahamiriza obubeeshi.",Et Jésus répondit: Tu ne tueras point; tu ne commettras point dadultère; tu ne déroberas point; tu ne diras point de faux témoignage;.
MAT.19.19,"oleme wakenga yisho na nyoko, onaleme wasiima abandi nk'oku ogisiima wenyine.».",honore ton père et ta mère; et: tu aimeras ton prochain comme toi-même.
MAT.19.20,"Oyo muntu amubwira ntya: «Ama marhegeko mooshi, gurhenga miira, nanjira nk'oku maderhere. Bichi kandi nkwaneene kujira?».",Le jeune homme lui dit: Jai observé toutes ces choses; que me manque-t-il encore?.
MAT.19.21,"Yeesu ashuba kumubwira ntya: «Akaba oshondere kuba muntu okwaneene, ogende, oguze ebintu byaawe byooshi, n' efuranga wabona, ozigabire abakene. Ntyo, waaba wachibikire obuchire empingu. Oku buzinda, ogaluke onkulikire.».","Jésus lui dit: Si tu veux être parfait, va, vends ce que tu possèdes, donne-le aux pauvres, et tu auras un trésor dans le ciel. Puis viens, et suis-moi."
MAT.19.22,"Aliko, oyo muntu abeere ayunva ntyo, achigendera ey'agayire bweneene, bulaala aligwerhe obuchire bunene.","Après avoir entendu ces paroles, le jeune homme sen alla tout triste; car il avait de grands biens."
MAT.19.23,Yeesu aja abwira abigirizwa baage ntya: «Okuli mbabwirire oku bikomeere omuchire kuja omu Bwami bw'empingu!.,"Jésus dit à ses disciples: Je vous le dis en vérité, un riche entrera difficilement dans le royaume des cieux."
MAT.19.24,"Mbabwirire kandi oku biyoloheere bweneene engamiya kugera omu hirhule hy'esindani, ahaali h'omuchire kuja omu Bwami bwa Nnamahanga.».","Je vous le dis encore, il est plus facile à un chameau de passer par le trou dune aiguille quà un riche dentrer dans le royaume de Dieu."
MAT.19.25,"Abigirizwa baage babeere bayunva ebyo binwa, basoomerwa bweneene. Baabaza ntya: «Nde leero wagachungulwa?».","Les disciples, ayant entendu cela, furent très étonnés, et dirent: Qui peut donc être sauvé?."
MAT.19.26,"Yeesu abaloleereza n'okubabwira ntya: «Ogu mwazi gurhakagalika oku bantu, aliko byooshi byakagalika emwa Nnamahanga.».","Jésus les regarda, et leur dit: Aux hommes cela est impossible, mais à Dieu tout est possible."
MAT.19.27,Petero aja amubwira ntya: «Tala! Rhwabo rhwalekere byooshi rhwanagukulikira. Leero bichi nji rhwabona?».,"Pierre, prenant alors la parole, lui dit: Voici, nous avons tout quitté, et nous tavons suivi; quen sera-t-il pour nous?."
MAT.19.28,"Yeesu ababwira ntya: «Okuli mbabwirire oku, omu gulu lihyaahya, nyoono Mwene oMuntu nji nayikala oku ntebe yaani y'obukuuze. Nenyu ekumi na babiri, mwankulikiire, nji mwayikala oku ntebe ekumi n'ebiri z'echami, omu gucha eshinja z'amooko ekumi na mabiri m'eIsraheeli.","Jésus leur répondit: Je vous le dis en vérité, quand le Fils de lhomme, au renouvellement de toutes choses, sera assis sur le trône de sa gloire, vous qui mavez suivi, vous serez de même assis sur douze trônes, et vous jugerez les douze tribus dIsraël."
MAT.19.29,"«Na ngasi muntu walekere enju yaage, beene baabo n'abaali baabo, eshe na nyina, abaana changwa amashwa, elugulu waani, ayankirira kulusha kali egana. N'oku buzinda, nj'ahaabwa akalamo k'esiku n'amango.","Et quiconque aura quitté, à cause de mon nom, ses frères, ou ses sœurs, ou son père, ou sa mère, ou sa femme, ou ses enfants, ou ses terres, ou ses maisons, recevra le centuple, et héritera la vie éternelle."
MAT.19.30,"Aliko bantu banene bali b'oburhanzi nji baaba bazinda, na banene bali b'obuzinda, nji baaba b'oburhanzi.».","Plusieurs des premiers seront les derniers, et plusieurs des derniers seront les premiers."
MAT.20.1,Yeesu ashuba kuderha ntya: «Obwime bw'empingu bushusheene na nyina eshwa ly'emizabiibu wagendaga eseezi kuja gushonda abakozi b'ogukola omu shwa lyaage.,"Car le royaume des cieux est semblable à un maître de maison qui sortit dès le matin, afin de louer des ouvriers pour sa vigne."
MAT.20.2,Ayunviikana n'abakozi guha ngasi muguma egicheri ch'edinaari oku muzizi. Oku buzinda abarhuma omu shwa lyaage.,"Il convint avec eux dun denier par jour, et il les envoya à sa vigne."
MAT.20.3,"«Zabeere zaaba hoofu saa esharhu z'eseezi, ahuluka kandi. Abona abandi bantu omu mbuga barhagwerhe kaasi.","Il sortit vers la troisième heure, et il en vit dautres qui étaient sur la place sans rien faire."
MAT.20.4,"Ababwira ntya: ‹Nenyu, muje gukola omu shwa lyaani ly'emizabiibu. Nabakamasya nk'oku bihemere.›.","Il leur dit: Allez aussi à ma vigne, et je vous donnerai ce qui sera raisonnable."
MAT.20.5,"Nabo baaja ebwa shwa. «Zabeere zaaba saa ndarhu z'ezuuba, ashuba guhuluka n'ogurhuma abandi bantu omu shwa lyaage. Zabeere zaaba saa mwenda z'egolo, ashuba kujira ntyo.","Et ils y allèrent. Il sortit de nouveau vers la sixième heure et vers la neuvième, et il fit de même."
MAT.20.6,"«Zabeere zaaba hoofu saa kumi na nguma z'egolo, ashuba guhuluka n'ogushuba kubona abandi bantu bali omoola mbuga. Ababaza ntya: ‹Girhumire muyimangire hanoola ezuuba lyooshi buzira gukola?›.","Étant sorti vers la onzième heure, il en trouva dautres qui étaient sur la place, et il leur dit: Pourquoi vous tenez-vous ici toute la journée sans rien faire?."
MAT.20.7,Nabo bamushubiza ntya: ‹Bulaala ntaaye warhuheere akaasi.› Aj'ababwira ntya: ‹Nenyu muje gukola omu shwa lyaani.›.,"Ils lui répondirent: Cest que personne ne nous a loués. Allez aussi à ma vigne, leur dit-il."
MAT.20.8,"«Lyabeere golo, ola nyina eshwa abwira omwimangizi w'akaasi kaage ntya: ‹Hamagala abakozi, onabahe omukamarho gwabo. Aliko, omu kubakamasya, orhonderere oku bala bakozi bayinjaga buzinda, onayuusize oku bala bayinjaga oburhanzi.›.","Quand le soir fut venu, le maître de la vigne dit à son intendant: Appelle les ouvriers, et paie-leur le salaire, en allant des derniers aux premiers."
MAT.20.9,"Bala bakozi bajaaga omu shwa hoofu saa kumi na nguma z'egolo, bahika. Ngasi muguma akamarha gicheri chiguma ch'edinaari.","Ceux de la onzième heure vinrent, et reçurent chacun un denier."
MAT.20.10,"«Na Balaala barhonderaga akaasi eseezi, nabo bahika. Bakengeera oku boowe bakamarha chigabi chinene kulusha. Aliko nabo bakamarha ngasi muguma gicheri chiguma ch'edinaari.","Les premiers vinrent ensuite, croyant recevoir davantage; mais ils reçurent aussi chacun un denier."
MAT.20.11,"«Abo bakozi babeere bakamarha cho, balundumira nyina eshwa.","En le recevant, ils murmurèrent contre le maître de la maison."
MAT.20.12,"Baderha ntya: ‹Aba bakozi bayinjaga buzinda, bakolere akaasi ka saa nguma yonyine. Gurhe wakagala kubakamasya kuguma neerhu, noobo rhwabo rhwaluhire n'ogukola olusiku looshi omu zuuba likalihire!›.","et dirent: Ces derniers nont travaillé quune heure, et tu les traites à légal de nous, qui avons supporté la fatigue du jour et la chaleur."
MAT.20.13,"Aliko nyina eshwa ashubiza muguma wabo ntya: ‹Ego mwira waani, ntagukangire. Ka rhurhaali rhuyunvikeene oku wakolera gicheri chiguma ch'edinaari oku muzizi?.","Il répondit à lun deux: Mon ami, je ne te fais pas tort; nes-tu pas convenu avec moi dun denier?."
MAT.20.14,"Jaaga warhoola omukamarho gwawe, onagende. Byali nsimiisize nyenyine guha omukozi w'obuzinda omukamarho gungana n'ogwawe.","Prends ce qui te revient, et va-ten. Je veux donner à ce dernier autant quà toi."
MAT.20.15,Wooyo okengerere oku ntagwerhe obuhashe b'ogukolesa ebikulo byaani nk'oku nshondere? Changwa ogwerhe obongwa bulaala nyoono ndi muntu mwinja?›».,Ne mest-il pas permis de faire de mon bien ce que je veux? Ou vois-tu de mauvais œil que je sois bon?.
MAT.20.16,"Yeesu ashuba kuderha ntya: «Ntya kubiri, abali bazinda nji baaba barhanzi. N'abali barhanzi nji baaba bazinda.».","Ainsi les derniers seront les premiers, et les premiers seront les derniers."
MAT.20.17,"Lusiku luguma, Yeesu aliiri omu njira ezamukire omu gishagala ch'eYerusaleema. Arhoola entumwa zaage ekumi n'ebiri, aziheka eburhambi. Azibwira ntya:.","Pendant que Jésus montait à Jérusalem, il prit à part les douze disciples, et il leur dit en chemin:."
MAT.20.18,"«Muyunve! Rhwabano rhwazamuukira omu gishagala ch'eYerusaleema. Na mw'echo gishagala, nyoono Mwene oMuntu nahirwa omu maboko m'abakulu b'abadaahwa n'abigiriza b'eRhegeko. Abo bantu, bampana yi nyirhwe.","Voici, nous montons à Jérusalem, et le Fils de lhomme sera livré aux principaux sacrificateurs et aux scribes. Ils le condamneront à mort."
MAT.20.19,"Banampira omu maboko m'abantu barhali Bayaahudi, nabo banshinyagulira, n'onkushuurha bwenene. N'oku buzinda bambamba oku musalaaba. Aliko oku lusiku lwagasharhu nji nafuuka.».","et ils le livreront aux païens, pour quils se moquent de lui, le battent de verges, et le crucifient; et le troisième jour il ressuscitera."
MAT.20.20,"Enyuma w'ebyoola, muka Zebedayo n'abagala bayegeera Yeesu. Oyo mukazi afukama embere zaage omu kumuhema chintu chiguma.","Alors la mère des fils de Zébédée sapprocha de Jésus avec ses fils, et se prosterna, pour lui faire une demande."
MAT.20.21,"Yeesu amubaza ntya: «Bichi oshondere?» Naye amushubiza ntya: «Amango waaba omu Bwami bwawe, orhegeke oku aba baana baani bombi bo bayikalage aha burhambi bwawe. Muguma ekulyo kwawe n'owindi ekulembe kwawe.».","Il lui dit: Que veux-tu? Ordonne, lui dit-elle, que mes deux fils, que voici, soient assis, dans ton royaume, lun à ta droite et lautre à ta gauche."
MAT.20.22,Yeesu abashubiza ntya: «Murhamenyere echi muli mwahema. Ka mwakagala kunywa oku ngumbu y'amalibuko nanywa?» Bamushubiza ntya: «Rhwakagala.».,"Jésus répondit: Vous ne savez ce que vous demandez. Pouvez-vous boire la coupe que je dois boire? Nous le pouvons, dirent-ils."
MAT.20.23,"Yeesu aj'ababwira ntya: «Okuli, eyo ngumbu y'amalibuko, nji mwanayinywa ko. Aliko okuyikaza omuntu ekulyo kwani changwa ekulembe kwani, ebyo birhandolere. Aba nji bayikala ho, Daarha yenyine nj'ahira ho abantu arheganyize.».","Et il leur répondit: Il est vrai que vous boirez ma coupe; mais pour ce qui est dêtre assis à ma droite et à ma gauche, cela ne dépend pas de moi, et ne sera donné quà ceux à qui mon Père la réservé."
MAT.20.24,"Bala bandi bigirizwa ekumi babeere bayunva eyo myaazi, bagaya bwenene elugulu wa bala baana babiri ba Zebedayo.","Les dix, ayant entendu cela, furent indignés contre les deux frères."
MAT.20.25,"Yeesu aja ahamagala abigirizwa baage booshi haguma, n'okubabwira ntya: «Muyinji oku omu bantu barhali Bayaahudi, abaami baabo banarhambula n'erume. N'abakulu baabo banabalibuza.","Jésus les appela, et dit: Vous savez que les chefs des nations les tyrannisent, et que les grands les asservissent."
MAT.20.26,"Aliko, birhalemaga byaba ntyo ahagarhi kenyu. Ahuubwe, oshondere kuba mukulu mu mwabo, abe mukozi wenyu.","Il nen sera pas de même au milieu de vous. Mais quiconque veut être grand parmi vous, quil soit votre serviteur;."
MAT.20.27,"Kandi, oshondere kuba w'oburhanzi mu mwabo, abe muja wenyu.","et quiconque veut être le premier parmi vous, quil soit votre esclave."
MAT.20.28,"Kwenge nyoono Mwene oMuntu ntayinjaga mpu baleme bankolera, aliko nayinjire yi ndeme nakolera abandi, n'oguhaana akalamo kaani yi nchungule bantu banene.».","Cest ainsi que le Fils de lhomme est venu, non pour être servi, mais pour servir et donner sa vie comme la rançon de plusieurs."
MAT.20.29,"Yeesu n'abigirizwa baage, babeere bali barhenga eYeeriko, bantu banene bweneene bamukulikira.","Lorsquils sortirent de Jéricho, une grande foule suivit Jésus."
MAT.20.30,"Haliiri mpumi ebiri zaliiri ziyikeere eburhambi bw'enjira. Ezoola mpumi zabeere zayunva oku Yeesu yeri wagera, zayaama ntya: «Nnaweerhu, Mwene Daawudi! Orhubeere obonjo!».","Et voici, deux aveugles, assis au bord du chemin, entendirent que Jésus passait, et crièrent: Aie pitié de nous, Seigneur, Fils de David!."
MAT.20.31,"Echigusho ch'abantu chabeere chayunva ntyo, chazikalihira n'okuzibwira oku zisire. Aliko ezoola mpumi zoowe, zagendekera kuyaama bweneene ntya: «Nnaweerhu, Mwene Daawudi! Orhubeere obonjo!».","La foule les reprenait, pour les faire taire; mais ils crièrent plus fort: Aie pitié de nous, Seigneur, Fils de David!."
MAT.20.32,"Yeesu ayimanga, azihamagala n'okuzibaza ntya: «Gichi mushondere mbajirirage?».","Jésus sarrêta, les appela, et dit: Que voulez-vous que je vous fasse?."
MAT.20.33,"Nazo zamushubiza ntya: «Nnaweerhu, rhwashonda ameesho meerhu mahumuulwe.».","Ils lui dirent: Seigneur, que nos yeux souvrent."
MAT.20.34,"Yeesu azibeera obonjo, azihuma oku meesho, ho n'aho ameesho maazo mabona. Nazo zaja zamukulikira.","Ému de compassion, Jésus toucha leurs yeux; et aussitôt ils recouvrèrent la vue, et le suivirent."
MAT.21.1,"Yeesu n'abigirizwa baage babeere bali hoofu n'egishagala ch'eYerusaleema, bahika omu gishagala ch'eBetefaage, hoofu n'omusozi gw'eMizeyituuni. Yeesu arhuma bigirizwa baage babiri.","Lorsquils approchèrent de Jérusalem, et quils furent arrivés à Bethphagé, vers la montagne des oliviers, Jésus envoya deux disciples."
MAT.21.2,"ababwira ntya: «Muje omu gishagala chiri embere zenyu. Hano muchigera mo, mwashimaana epunda n'omwana gwayo, bazishwekere haguma. Ezo punda, muzishwekuule, munazinderhere.","en leur disant: Allez au village qui est devant vous; vous trouverez aussitôt une ânesse attachée, et un ânon avec elle; détachez-les, et amenez-les-moi."
MAT.21.3,"Nakaba muntu mulebe ababazize chintu elugulu w'ezo punda, mumushubize oku Nnaweerhu azilagire ko. Ho n'aho, oyo muntu aja abaleka muziheke.».","Si quelquun vous dit quelque chose, vous répondrez: Le Seigneur en a besoin. Et à linstant il les laissera aller."
MAT.21.4,"Ebyo byaabaga ntyo, y'echo chinwa chiyenera, echi Nnawerhu aderhaga kugerera omuleebi ntya:.","Or, ceci arriva afin que saccomplît ce qui avait été annoncé par le prophète:."
MAT.21.5,"«Mubwire aBanyasayuuni ntya: ‹Mulole! Mwami wenyu ayinjire emwenyu, ali mwirhonzi, ayikeere oku punda n'eyo punda echiri chaana.›».","Dites à la fille de Sion: Voici, ton roi vient à toi, Plein de douceur, et monté sur un âne, Sur un ânon, le petit dune ânesse."
MAT.21.6,"Abo bigirizwa bagenda, bajira nk'oku Yeesu abarhegekaga.","Les disciples allèrent, et firent ce que Jésus leur avait ordonné."
MAT.21.7,"Baleerha eyo punda n'echaana chaayo. Baasasa oku zo emyambalo yaabo, Yeesu aja ayikala oku yo.","Ils amenèrent lânesse et lânon, mirent sur eux leurs vêtements, et le firent asseoir dessus."
MAT.21.8,"Chigusho chinene ch'abantu baasasa emyambalo yaabo omu njira, abandi bacha emirhabi y'emirhi, banayisasa omu njira.","La plupart des gens de la foule étendirent leurs vêtements sur le chemin; dautres coupèrent des branches darbres, et en jonchèrent la route."
MAT.21.9,"Bantu banene baliiri balambagira embere zaage n'abaliiri balambagira enyuma zaage, booshi baliiri baderha n'omulenge munene ntya: «Akuuzwe Mwene Daawudi! Agishwe ola oyinjire oku ziino lya Nnaweerhu! Akuuzwe Nnamahanga oli omu mpingu!».",Ceux qui précédaient et ceux qui suivaient Jésus criaient: Hosanna au Fils de David! Béni soit celui qui vient au nom du Seigneur! Hosanna dans les lieux très hauts!.
MAT.21.10,"Yeesu abeere aja omu gishagala ch'eYerusaleema, echo gishagala chooshi chabumba olwamo lunene. Abantu barhondera kubazana ntya: «Oyu ali nde?».","Lorsquil entra dans Jérusalem, toute la ville fut émue, et lon disait: Qui est celui-ci?."
MAT.21.11,"Echo chigusho ch'abantu chashubiza ntya: «Oyuula ali Yeesu, muleebi w'omu gishagala ch'eNazareeti, omu gihugo ch'eGalilaaya.».","La foule répondait: Cest Jésus, le prophète, de Nazareth en Galilée."
MAT.21.12,"Enyuma z'aho, Yeesu aja omu Nju ya Nnamahanga. Alibisya abantu booshi baliiri baguziza n'abaliiri bagulira omu Nju ya Nnamahanga. Ahenya ameeza m'abaliiri bakaaba efuranga, anahenya ebichumbi by'abantu baliiri baguza amaguuku.","Jésus entra dans le temple de Dieu. Il chassa tous ceux qui vendaient et qui achetaient dans le temple; il renversa les tables des changeurs, et les sièges des vendeurs de pigeons."
MAT.21.13,Yeesu aja ababwira ntya: «Biyandikirwe omu Mandiko Matagatiifu ntya: ‹eNju yaani nji yaaba Nju y'amasaala.› Aliko mwabo mwayihindamwire kuba hantu h'ebishumuusi!».,"Et il leur dit: Il est écrit: Ma maison sera appelée une maison de prière. Mais vous, vous en faites une caverne de voleurs."
MAT.21.14,Empumi n'ebirema bahikira Yeesu mw'eyo Nju ya Nnamahanga.,Des aveugles et des boiteux sapprochèrent de lui dans le temple. Et il les guérit.
MAT.21.15,"Aliko abakulu b'abadaahwa n'abigiriza b'eRhegeko lya Muusa babeere babona ebisomereene Yeesu ajiraga, n'okuyunva okw'abaana bali baderha n'omulenge munene omu Nju ya Nnamahanga ntya: «Akuuzwe Mwene Daawudi!», bagaya bwenene.","Mais les principaux sacrificateurs et les scribes furent indignés, à la vue des choses merveilleuses quil avait faites, et des enfants qui criaient dans le temple: Hosanna au Fils de David!."
MAT.21.16,"Echo charhuma babaza Yeesu ntya: «K'oyunvirhe ebinwa aba baana bali baderha?» Naye abashubiza ntya: «Neechi! Nayunvirhe! Leero mwabo murhashubiraga gusoma oku Mandiko Matagatiifu maderhere ntya: ‹Kulengera obuunu bw'abaana badoorho, n'obuunu bw'enjolyaana, walema wabala obukuuze bwawe!› ».","Ils lui dirent: Entends-tu ce quils disent? Oui, leur répondit Jésus. Navez-vous jamais lu ces paroles: Tu as tiré des louanges de la bouche des enfants et de ceux qui sont à la mamelle?."
MAT.21.17,"Oku buzinda, Yeesu aleka abo bantu, arhenga mw'echo gishagala ch'eYerusaleema, anaja kulyaama omu gishagala ch'eBetaniya.","Et, les ayant laissés, il sortit de la ville pour aller à Béthanie, où il passa la nuit."
MAT.21.18,"Bw'abeere bwacha eseezi, oku Yeesu ali agaluka omu gishagala ch'eYerusaleema, ayunva enzara.","Le matin, en retournant à la ville, il eut faim."
MAT.21.19,"Abona omurhi muguma gw'etiini eburhambi bw'enjira, ayegeera hoofu nago. Aliko arhabonaga ko chiro n'elehe liguma, si ebibabi byonyine. Echo charhuma Yeesu aja avuma ogo murhi ntya: «Gurhondera buno, guhika esiku n'amango, orhahiira okayaana chiro n'elehe!» Ho n'aho ogo murhi gwayuuma.","Voyant un figuier sur le chemin, il sen approcha; mais il ny trouva que des feuilles, et il lui dit: Que jamais fruit ne naisse de toi! Et à linstant le figuier sécha."
MAT.21.20,"Abigirizwa ba Yeesu babeere babona ebyoola, basoomerwa bwenene. Baamubaza ntya: «Gurhe ogu murhi gw'etiini gwamayuuma ntya juba?».","Les disciples, qui virent cela, furent étonnés, et dirent: Comment ce figuier est-il devenu sec en un instant?."
MAT.21.21,"Yeesu abashubiza ntya: «Okuli mbabwirire oku akaba mugwerhe obwemeezi buzira kuganganwa, mwakagala kujira ebiila najiriire ogu mutiini. Nji mwanagala kubwira ogu musozi ntya: ‹Chikundula ahoola, onaje guchikabula omu nyanja›, n'ebyoola nji byaaba.","Jésus leur répondit: Je vous le dis en vérité, si vous aviez de la foi et que vous ne doutiez point, non seulement vous feriez ce qui a été fait à ce figuier, mais quand vous diriez à cette montagne: Ote-toi de là et jette-toi dans la mer, cela se ferait."
MAT.21.22,"N'akaba mugwerhe obwemeezi, chooshi mwahema Nnamahanga, abaha cho.».","Tout ce que vous demanderez avec foi par la prière, vous le recevrez."
MAT.21.23,"Enyuma z'aho, Yeesu ashuba kuja omu Nju ya Nnamahanga n'ogurhondera kuyigiriza abantu. Abakulu b'abadaahwa n'abashamuka b'aBayaahudi bamuyegeera n'okumubaza ntya: «Ebi bintu oli wajira, oli wabijira oku buhashe buhe? Na nde waguhaaga bo?».","Jésus se rendit dans le temple, et, pendant quil enseignait, les principaux sacrificateurs et les anciens du peuple vinrent lui dire: Par quelle autorité fais-tu ces choses, et qui ta donné cette autorité?."
MAT.21.24,"Yeesu abashubiza ntya: «Naani, nababaza echibazo chiguma chonyine. Mukanshubiza, naani nababwira oku buhashe bwa nde, ndi najira ebiila.","Jésus leur répondit: Je vous adresserai aussi une question; et, si vous my répondez, je vous dirai par quelle autorité je fais ces choses."
MAT.21.25,"Obuhashe Yohaana aliiri abatiiza mo abantu, ngahe bwarhengeraga? Mumbwire, akonva bwarhengeraga emwa Nnamahanga changwa emw'abantu!» Baja mahwe, banabwirana ntya: «Rhugashubiza oku bwarhengeraga empingu, arhubaza ntya: ‹Leero gichi charhumaga murhamuyemeera?›.","Le baptême de Jean, doù venait-il? Du ciel, ou des hommes? Mais ils raisonnèrent ainsi entre eux; Si nous répondons: Du ciel, il nous dira: Pourquoi donc navez-vous pas cru en lui?."
MAT.21.26,"Na rhukamushubiza oku bwarhengeraga emw'abantu, rhuyuubahire echi chigusho ch'abantu, kwenge booshi bayinji oku Yohaana aliiri muleebi.».","Et si nous répondons: Des hommes, nous avons à craindre la foule, car tous tiennent Jean pour un prophète."
MAT.21.27,"Elugulu w'echoola, bamushubiza ntya: «Rhurhenji!» Yeesu naye ababwira ntya: «Naani ntababwira oku buhashe buhe ndi najira ebi bintu.».","Alors ils répondirent à Jésus: Nous ne savons. Et il leur dit à son tour: Moi non plus, je ne vous dirai pas par quelle autorité je fais ces choses."
MAT.21.28,"Yeesu ashuba kuderha ntya: «Gurhe mubwene elugulu w'ogu mwazi? Haliiri mulume muguma waligwerhe baana baage babiri. Oyo mulume abwira omwana waage murhanzi ntya: ‹Ego mwana waani, zeene oje gushiiba wakola omu shwa lyeerhu ly'emizabiibu.›».","Que vous en semble? Un homme avait deux fils; et, sadressant au premier, il dit: Mon enfant, va travailler aujourdhui dans ma vigne."
MAT.21.29,"Oyo mwana ashubiza ntya: «Nangwa, ntaaja yo!» Aliko enyuma bugeeke agishuba emurhima, anaja gukola.","Il répondit: Je ne veux pas. Ensuite, il se repentit, et il alla."
MAT.21.30,"«Oyo mulume ava abwira omwana waage mudoorho nk'oku abwiraga ola murhanzi. Oyo mwana ashubiza ntya: ‹Neechi daarha, naaja yo!› Aliko arhajaaga yo.","Sadressant à lautre, il dit la même chose. Et ce fils répondit: Je veux bien, seigneur. Et il nalla pas."
MAT.21.31,"«Leero mwaba bombi, nde wajirire obulonza bw'eshe?» Bamushubiza ntya: «Omurhanzi.» Elugulu w'echo, Yeesu aderha ntya: «Okuli mbabwirire, oku abafurhiisa b'amakooli n'abahushi, bo babarhanga kuja omu Bwami bwa Nnamahanga.","Lequel des deux a fait la volonté du père? Ils répondirent: Le premier. Et Jésus leur dit: Je vous le dis en vérité, les publicains et les prostituées vous devanceront dans le royaume de Dieu."
MAT.21.32,"Kwenge Yohaana ahikire mwenyu y'abayereke enjira ekwaneene embere za Nnamahanga, murhamuyemeraga. Aliko abafurhiisa b'amakooli n'abahushi, boowe balimuyemereere. Kandi, chiro akaba mwalibwene ebyo byooshi, murhahindamukaga gurhenga omu byaaha byenyu, yi mumuyemeere.».","Car Jean est venu à vous dans la voie de la justice, et vous navez pas cru en lui. Mais les publicains et les prostituées ont cru en lui; et vous, qui avez vu cela, vous ne vous êtes pas ensuite repentis pour croire en lui."
MAT.21.33,"Yeesu ashuba kuderha ntya: «Muyunvirize ku guno gwindi mugani. Haliiri mulume muguma wahingaga eshwa lyaage ly'emizabiibu. Elyo shwa, alihira ko oluzirhu, ajokola aha balema bakandira amalehe m'emizabiibu. Ayumbakira abalanzi balyo echiraaro chilehere. Amalire kuyunvikana echigabane n'abahinzi baguma, abalama.","Écoutez une autre parabole. Il y avait un homme, maître de maison, qui planta une vigne. Il lentoura dune haie, y creusa un pressoir, et bâtit une tour; puis il lafferma à des vignerons, et quitta le pays."
MAT.21.34,"«Amango m'ogushaluula mahikire, nyina eshwa arhuma abaaja baage emunda bala bahinzi bali, yi bamuhe echigabi chaage ch'eshaluulo.","Lorsque le temps de la récolte fut arrivé, il envoya ses serviteurs vers les vignerons, pour recevoir le produit de sa vigne."
MAT.21.35,"Aliko bala bahinzi bafarha abo baja. Muguma bamushurha bwenene, n'owindi bamuyirha, n'owagasharhu bamuyirha omu kumubanda amabaale.","Les vignerons, sétant saisis de ses serviteurs, battirent lun, tuèrent lautre, et lapidèrent le troisième."
MAT.21.36,Oyo nyina eshwa ashuba gurhuma abandi bakozi banene kulusha bala barhanzi. Aliko abo bahinzi babajirira nk'oku bajiriraga bala barhanzi.,"Il envoya encore dautres serviteurs, en plus grand nombre que les premiers; et les vignerons les traitèrent de la même manière."
MAT.21.37,"«Oku buzinda, nyina eshwa aja abarhumira omwana waage, aderha ntya: ‹Oyu mwana waani yeewe bamukenga.›.","Enfin, il envoya vers eux son fils, en disant: Ils auront du respect pour mon fils."
MAT.21.38,"Aliko abo bahinzi babeere babona oyo mwana waage, baderha ntya: ‹Oyuula, yi walya omwandu gw'eshe. Mujire, rhumuyirhe yi rhuguyorhane.›.","Mais, quand les vignerons virent le fils, ils dirent entre eux: Voici lhéritier; venez, tuons-le, et emparons-nous de son héritage."
MAT.21.39,"Baja bamugwarha n'okumukululira eburhambi bw'elyo shwa, bamuyirha.».","Et ils se saisirent de lui, le jetèrent hors de la vigne, et le tuèrent."
MAT.21.40,"Yeesu aja abaza ntya: «Amango nyina elyo shwa ly'emizabiibu nj'agaluka, gurhe nj'ajira abo bahinzi?».","Maintenant, lorsque le maître de la vigne viendra, que fera-t-il à ces vignerons?."
MAT.21.41,"Bamushubiza ntya: «Abo bantu babi, nj'ayirha bo buzira kubayunvira obonjo. N'elyo shwa lyaage, nj'alihaana echigabane oku bandi bahinzi abalema bamuha echaage chigabi ch'eshaluulo.».","Ils lui répondirent: Il fera périr misérablement ces misérables, et il affermera la vigne à dautres vignerons, qui lui en donneront le produit au temps de la récolte."
MAT.21.42,"Yeesu aj'ashuba kubabaza ntya: «Ka murhashubiraga gusoma oku Mandiko Matagatiifu maderhere? Biyandikirwe mo ntya: ‹Ebaale ab'okuyumbaka balahiraga, lyo lyahindukire baale linene ly'oku pembe. Na Nnaweerhu ye wajiraga ebyoola. Na byo biri bisomereene ku rhwabo!›.","Jésus leur dit: Navez-vous jamais lu dans les Écritures: La pierre quont rejetée ceux qui bâtissaient Est devenue la principale de langle; Cest du Seigneur que cela est venu, Et cest un prodige à nos yeux?."
MAT.21.43,"«Cho girhumire, mbabwirire oku mwabo, Nnamahanga nj'abanyega oBwami bwage, n'okubuha abandi bantu abanjibalema bajira obulonza bwage. .","Cest pourquoi, je vous le dis, le royaume de Dieu vous sera enlevé, et sera donné à une nation qui en rendra les fruits."
MAT.21.44,"Omuntu nji wahenera kw'elyo baale, nj'avunanguka. N'ola nji lyahenera ko, nji lyamuhomboola. ».","Celui qui tombera sur cette pierre sy brisera, et celui sur qui elle tombera sera écrasé."
MAT.21.45,"Abakulu b'abadaahwa n' aBafarisaayo babeere bayunva kw'eyo migani ya Yeesu, baja bamenya okw'aliiri aderha elugulu waabo.","Après avoir entendu ses paraboles, les principaux sacrificateurs et les pharisiens comprirent que cétait deux que Jésus parlait."
MAT.21.46,"Echo charhuma, baja bashonda obulyo bw'okumugwarha, aliko bayuubaha ebigusho by'abantu, bulaala abo bantu baliiri bayemereere oku Yeesu ali muleebi.","et ils cherchaient à se saisir de lui; mais ils craignaient la foule, parce quelle le tenait pour un prophète."
MAT.22.1,Yeesu agendekera kuderha n'echo chigusho ch'abantu omu migani. Ababwira ntya:.,"Jésus, prenant la parole, leur parla de nouveau en paraboles, et il dit:."
MAT.22.2,«oBwami bw'empingu bushushanyizwe na mwami muguma wajiriraga omugala edinye ly'obuhya.,Le royaume des cieux est semblable à un roi qui fit des noces pour son fils.
MAT.22.3,Oyo mwami arhuma abaja baage baje guhamagala abantu bali balaalikirwe oku dinye. Aliko abo bantu barhashondaga guhika.,Il envoya ses serviteurs appeler ceux qui étaient invités aux noces; mais ils ne voulurent pas venir.
MAT.22.4,"Aja arhuma abandi baja. Ababwira ntya: ‹Muje kubwira abantu nalaalikaga oku dinye oku: ''Namalire kubaaga enka zaani, n'ezindi nyama zishishire. Muje mwayinja oku dinye, bulaala ebintu byooshi byarheganyizwe.''›.","Il envoya encore dautres serviteurs, en disant: Dites aux conviés: Voici, jai préparé mon festin; mes bœufs et mes bêtes grasses sont tués, tout est prêt, venez aux noces."
MAT.22.5,"Aliko aboola balaalikwa, barhalagaga n'ogo mulaali, bachigendera omu byaabo. Muguma aja omu shwa lyaage, n'owindi omu burhimbuuzi bwage.","Mais, sans sinquiéter de linvitation, ils sen allèrent, celui-ci à son champ, celui-là à son trafic;."
MAT.22.6,"N'abandi bagwarha aboola baaja, babashurha bwenene n'okubayirha.","et les autres se saisirent des serviteurs, les outragèrent et les tuèrent."
MAT.22.7,"«Oyo mwami aja ayunva oburhe. Arhuma abasoda baage baje kuyirha aboola biisi, banadwike egishagala chaabo.","Le roi fut irrité; il envoya ses troupes, fit périr ces meurtriers, et brûla leur ville."
MAT.22.8,"Aja abwira abaja baage ntya: ‹Ebiryo by'edinye byahire, aliko abantu nalaalikaga barhali bo balikwaneene kubirya.",Alors il dit à ses serviteurs: Les noces sont prêtes; mais les conviés nen étaient pas dignes.
MAT.22.9,"Bunoola, mujaage mwaja omu mashanganjira, n'abantu booshi mwabona, mubabwire bayinje oku dinye.›.","Allez donc dans les carrefours, et appelez aux noces tous ceux que vous trouverez."
MAT.22.10,"Balaala baja, baaja omu njira banagusha abantu booshi babonaga, ababi n'abenja. N'enju y'edinye yayunjula abahisi.","Ces serviteurs allèrent dans les chemins, rassemblèrent tous ceux quils trouvèrent, méchants et bons, et la salle des noces fut pleine de convives."
MAT.22.11,"«Oyo mwami abeere aja omu nju y'alole abahisi, abona muntu muguma orhayambeere omwambalo gw'edinye.","Le roi entra pour voir ceux qui étaient à table, et il aperçut là un homme qui navait pas revêtu un habit de noces."
MAT.22.12,"Amubaza ntya: ‹Ego mwira waani, gurhe wajaaga muno buzira kuyambala omwambalo gw'edinye?› Oyo muntu arhashubizaga chintu.","Il lui dit: Mon ami, comment es-tu entré ici sans avoir un habit de noces? Cet homme eut la bouche fermée."
MAT.22.13,"Elugulu w'echo, oyo mwami aja abwira abakozi baage ntya: ‹Oyu muntu, mumushweke amagulu n'amaboko, muje mwamukabula embuga omu mwizimya! Na mw'ogo mwizimya, mw'alakira n'okulibuka bwenene.›.","Alors le roi dit aux serviteurs: Liez-lui les pieds et les mains, et jetez-le dans les ténèbres du dehors, où il y aura des pleurs et des grincements de dents."
MAT.22.14,"Oku buzinda, Yeesu aderha ntya: ‹Abantu bahamagerwe bali banene, aliko abagishogerwe bali bageeke.›».","Car il y a beaucoup dappelés, mais peu délus."
MAT.22.15,"Enyuma z'ebyoola, aBafarisaayo baaja akaligi yi bagale gurhega Yeesu kugerera ebinwa byaage.",Alors les pharisiens allèrent se consulter sur les moyens de surprendre Jésus par ses propres paroles.
MAT.22.16,"Bamurhumira abigirizwa baabo baguma, haguma n'abandi b'omu chigusho cha Heroode. Bahika kubaza Yeesu ntya: «Mwigiriza, rhuyinji ok'onaderha ebinwa by'okuli, kandi onayigiriza abantu ebinwa bya Nnamahanga ebi bakwaneene gukulikira nk'oku bihemere. Kandi orhayubaha chiro muntu orhanayuubahiswa n'obukulu bw'omuntu.","Ils envoyèrent auprès de lui leurs disciples avec les hérodiens, qui dirent: Maître, nous savons que tu es vrai, et que tu enseignes la voie de Dieu selon la vérité, sans tinquiéter de personne, car tu ne regardes pas à lapparence des hommes."
MAT.22.17,Ojaage warhubwira gurhe obwene elugulu w'ogu mwazi: K'erhegeko lyeerhu lirhuyemeerere changwa nangwa okulema rhwafurha ekooli emwa mwami Kayisaari?».,"Dis-nous donc ce quil ten semble: est-il permis, ou non, de payer le tribut à César?."
MAT.22.18,"Aliko okubona Yeesu alimenyere enkengeero zaabo zibi, abashubiza ntya: «Mwe ndyaalya mwe! Girhumire mwantega ntya?.","Jésus, connaissant leur méchanceté, répondit: Pourquoi me tentez-vous, hypocrites?."
MAT.22.19,Munyereke olufuranga munahaana omu gufurha ekooli.» Bamuyeereka egicheri ch'olufuranga.,Montrez-moi la monnaie avec laquelle on paie le tribut. Et ils lui présentèrent un denier.
MAT.22.20,"Yeesu ababaza ntya: «Eri shusho n'eri ziino biyandikirwe hano, biri bya nde?».",Il leur demanda: De qui sont cette effigie et cette inscription?.
MAT.22.21,"Bamushubiza ntya: «Bya Kayizaari.» Yeesu aja ababwira ntya: «Muleme mwaha Kayizaari ebiri byaage, na Nnamahanga ebiri byaage.».","De César, lui répondirent-ils. Alors il leur dit: Rendez donc à César ce qui est à César, et à Dieu ce qui est à Dieu."
MAT.22.22,"Abo bantu babeere bayunva echo chinwa, basoomerwa bwenene. Bamuleka banachigendera.","Étonnés de ce quils entendaient, ils le quittèrent, et sen allèrent."
MAT.22.23,"Mw'oloola lusiku lo n'olo, aBasadukaayo baguma nabo bahikira Yeesu. Abo Basadukaayo, bo banaderha oku abafu nji barhafuuka.","Le même jour, les sadducéens, qui disent quil ny a point de résurrection, vinrent auprès de Jésus, et lui firent cette question:."
MAT.22.24,"Bamubaza ntya: «Mwigiriza, Muusa aderhere mpu: ‹Nk'omulume afiire buzira kuburha omwana, mwene waabo akwaneene kuyingira oyo mushumbakazi n'okuburhira nyagufa abaana.›.","Maître, Moïse a dit: Si quelquun meurt sans enfants, son frère épousera sa veuve, et suscitera une postérité à son frère."
MAT.22.25,"Leero ahagarhi keerhu, haliiri barhabana mushanvu ba nda nguma. Efula yashaba omukazi, yafa buzira kuburha. Mudoorho waage ayingira omulamukazi.","Or, il y avait parmi nous sept frères. Le premier se maria, et mourut; et, comme il navait pas denfants, il laissa sa femme à son frère."
MAT.22.26,Oyo mudoorho waage naye byaaba ntyo. Byanaba ntyo oku wagasharhu guhika oku wamushanvu.,"Il en fut de même du second, puis du troisième, jusquau septième."
MAT.22.27,"Enyuma z'ogufa kw'abo barhabana booshi, ola mushumbakazi naye afa.","Après eux tous, la femme mourut aussi."
MAT.22.28,"Leero, olusiku abafu nji bafuuka, oyo mukazi nj'aba muka nde? Kwenge bala barhabana mushanvu booshi balimushabire.».","A la résurrection, duquel des sept sera-t-elle donc la femme? Car tous lont eue."
MAT.22.29,"Yeesu abashubiza ntya: «Mwagirhebekere bwenene, elugulu w'ogurhamenya aMandiko Matagatiifu, changwa obuhashe bwa Nnamahanga.","Jésus leur répondit: Vous êtes dans lerreur, parce que vous ne comprenez ni les Écritures, ni la puissance de Dieu."
MAT.22.30,"Kwenge amango abafu nji bafuuka, abalume n'abakazi barhagachishabana. Aliko nji baaba nka bamalahika b'omu mpingu.","Car, à la résurrection, les hommes ne prendront point de femmes, ni les femmes de maris, mais ils seront comme les anges de Dieu dans le ciel."
MAT.22.31,"N'oku biyerekeere obufuuke bw'abafu, ka murhashubiraga gusoma ebi binwa Nnamahanga ababwiraga ntya:.","Pour ce qui est de la résurrection des morts, navez-vous pas lu ce que Dieu vous a dit:."
MAT.22.32,"‹Nyoono ndi Nnamahanga w'Aburahaamu, na wa Isaka, na wa Yakobo.› Yeesu ashuba kuderha ntya: ‹Nnamahanga arhali Nnamahanga w'abafu, aliko ali Nnamahanga w'abazeene!›».","Je suis le Dieu dAbraham, le Dieu dIsaac, et le Dieu de Jacob? Dieu nest pas Dieu des morts, mais des vivants."
MAT.22.33,"Abo bantu babeere bayunva ebyo binwa, basoomerwa bweneene elugulu w'enyigirizo za Yeesu.","La foule, qui écoutait, fut frappée de lenseignement de Jésus."
MAT.22.34,"aBafarisaayo babeere bayunva oku Yeesu ahimire aBasadukaayo omu binwa, baaja enaama.","Les pharisiens, ayant appris quil avait réduit au silence les sadducéens, se rassemblèrent."
MAT.22.35,"Mwigiriza w'amarhegeko muguma omu bo, ageregeza Yeesu ntya:.","et lun deux, docteur de la loi, lui fit cette question, pour léprouver:."
MAT.22.36,"«Mwigiriza, omu marhegeko, rhegeko lihe liri likulu omu mooshi?».","Maître, quel est le plus grand commandement de la loi?."
MAT.22.37,"Yeesu amushubiza ntya: «Osiime Nnaweerhu Nnamahanga waawe n'omurhima gwawe gooshi, n'emisi yaawe yooshi, n'obwenge bwawe booshi.","Jésus lui répondit: Tu aimeras le Seigneur, ton Dieu, de tout ton cœur, de toute ton âme, et de toute ta pensée."
MAT.22.38,Elyoola ly'erhegeko likulu bweneene lyo na lirhanzi.,Cest le premier et le plus grand commandement.
MAT.22.39,"N'erhegeko lyakabiri nalyo linali nk'elyo lirhanzi, linaderhere ntya: ‹Osiime omuturanyi waawe nk'oku ogisiima wenyine.›.","Et voici le second, qui lui est semblable: Tu aimeras ton prochain comme toi-même."
MAT.22.40,Ama marhegeko mombi mo mahekere ebinwa byooshi biyandikirwe omu Rhegeko lya Muusa n'omu bitaabu by'abaleebi.».,De ces deux commandements dépendent toute la loi et les prophètes.
MAT.22.41,"Abo Bafarisaayo babeere bachiri haguma, Yeesu ababaza ntya:.","Comme les pharisiens étaient assemblés, Jésus les interrogea."
MAT.22.42,"«Bichi muganiizize elugulu wa Kirisitu? Oyo Kirisitu, ali mugala wa nde?» Nabo bamushubiza ntya: «Ali mugala wa Daawudi.».",en disant: Que pensez-vous du Christ? De qui est-il fils? Ils lui répondirent: De David.
MAT.22.43,"Yeesu aj'ashuba kubabaza ntya: «Leero gurhe Daawudi ahamagalaga Kirisitu oku ali Nnaweerhu, noobo oyo Daawudi aliiri ey'ayerekerwe na Muuka-Mutagatiifu? Kwenge Daawudi aderhere ntya:.","Et Jésus leur dit: Comment donc David, animé par lEsprit, lappelle-t-il Seigneur, lorsquil dit:."
MAT.22.44,"‹Nnaweerhu Nnamahanga abwiraga Nnaweerhu mpu: Yikala ekulyo kwani, guhika mpire abanzi baawe eshiishi w'amagulu maawe.›.","Le Seigneur a dit à mon Seigneur: Assieds-toi à ma droite, Jusquà ce que je fasse de tes ennemis ton marchepied?."
MAT.22.45,"«Leero akaba Daawudi ahamagere Kirisitu ‹Nnaweerhu›, nka gurhe Kirisitu agashuba kuba mugala?».","Si donc David lappelle Seigneur, comment est-il son fils?."
MAT.22.46,"Ntyo, nta muntu waligalire kumushubiza chiro echinwa. Na gurhengera oloola lusiku, harhaliiri chiro n'omuntu washubire kandi kumubaza.","Nul ne put lui répondre un mot. Et, depuis ce jour, personne nosa plus lui proposer des questions."
MAT.23.1,"Enyuma z'ebyoola, Yeesu aj'abwira echigusho ch'abantu n'abigirizwa baage ntya:.","Alors Jésus, parlant à la foule et à ses disciples, dit:."
MAT.23.2,«Abigiriza b'amarhegeko n' aBafarisaayo bahabirwe akaasi k'okuyigiriza abantu amarhegeko ma Muusa.,Les scribes et les pharisiens sont assis dans la chaire de Moïse.
MAT.23.3,"Cho girhumire, muhemerwe kulema mwabakenga n'ogukulikira byooshi balema bababwira. «Aliko, murhalemaga mwakulikira ebijiro byaabo, kwenge ebi banaderha, birhali bibanajira.","Faites donc et observez tout ce quils vous disent; mais nagissez pas selon leurs œuvres. Car ils disent, et ne font pas."
MAT.23.4,"Banashanira abandi emizigo elemeerere n'okubahesa yo oku birhugo, aliko boowe barhakagala chiro guhira ko omudoke gwabo.","Ils lient des fardeaux pesants, et les mettent sur les épaules des hommes, mais ils ne veulent pas les remuer du doigt."
MAT.23.5,"Byooshi banalema bajira, banabijira yi babonekane embere z'abantu. Boowe banagalihya orhusanduku banashwekera oku malanga changwa oku maboko.","Ils font toutes leurs actions pour être vus des hommes. Ainsi, ils portent de larges phylactères, et ils ont de longues franges à leurs vêtements;."
MAT.23.6,"Omu dinye, basiima kuyikala oku bichumbi by'olukengo. N'omu masinagoogi maabo, basiima kuyikala oku bichumbi by'embere.","ils aiment la première place dans les festins, et les premiers sièges dans les synagogues;."
MAT.23.7,"Na ntyo, banalema basiima abantu baleme babalamusa n'obukenge ahantu h'enshimanaano n'oguhamagalwa ‹Mwigiriza!›.","ils aiment à être salués dans les places publiques, et à être appelés par les hommes Rabbi, Rabbi."
MAT.23.8,"«Aliko mwabo, murhalemaga mwayemera guhamagalwa ‹Mwigiriza!›. Kwenge mweshi muli baguma, munagwerhe mwigiriza muguma yenyine.","Mais vous, ne vous faites pas appeler Rabbi; car un seul est votre Maître, et vous êtes tous frères."
MAT.23.9,"Na ntyo, muno gulu murhalemaga mwahamagala omuntu yeeshi ntya: ‹Daarha›, kwenge mugwerhe Sho muguma yenyine, oli omu mpingu.","Et nappelez personne sur la terre votre père; car un seul est votre Père, celui qui est dans les cieux."
MAT.23.10,"Murhalemaga mwayemera babahamagala ntya: ‹Waliha!›, kwenge mugwerhe mukulu muguma yenyine, ye Kirisitu.","Ne vous faites pas appeler directeurs; car un seul est votre Directeur, le Christ."
MAT.23.11,"Leero, oli mukulu mu mwabo, bihemere abe mukozi wenyu.",Le plus grand parmi vous sera votre serviteur.
MAT.23.12,"Ngasi yeeshi ochikuuza, nj'ayandagazwa. Aliko ochiyandagaza yeewe, nj'akuuzwa.».","Quiconque sélèvera sera abaissé, et quiconque sabaissera sera élevé."
MAT.23.13,"«Buhanya emwenyu mwe bigiriza b'amarhegeko neenyu Bafarisaayo . Mwabo muli ndyaalya! Mulimwachingira abantu enjira y'okuja omu Bwami bw'empingu, noobo mwabo mwenyine murhaja mo. N'amango abantu yibashonda kuja mw'obo Bwami, mwabo muli mwababuza.","Malheur à vous, scribes et pharisiens hypocrites! Parce que vous fermez aux hommes le royaume des cieux; vous ny entrez pas vous-mêmes, et vous ny laissez pas entrer ceux qui veulent entrer."
MAT.23.14,"«Buhanya emwenyu mwe bigiriza b'amarhegeko n'aBafarisaayo, mwe ndyaalya mwe! Munalya ebikulo by'abashumbakazi n'ogusaliira amasaala maleehere y'abantu bababone. Elugulu w'ebyoola, obuhane bwenyu nji bwaba bunene kulusha.","Malheur à vous, scribes et pharisiens hypocrites! Parce que vous dévorez les maisons des veuves, et que vous faites pour lapparence de longues prières; à cause de cela, vous serez jugés plus sévèrement."
MAT.23.15,"«Buhanya emwenyu, mwe bigiriza b'amarhegeko n'aBafarisaayo. Mwabo muli ndyaalya! Muli mwazungula egulu lyooshi chiro n'okuyambuka enyanja, yi mujire chiro muntu muguma kuba w'echigusho chenyu. Oyo muntu, mukamubona, munamujira kuba okwaneene guhanwa kabiri kubalusha eyo kuzimu.","Malheur à vous, scribes et pharisiens hypocrites! Parce que vous courez la mer et la terre pour faire un prosélyte; et, quand il lest devenu, vous en faites un fils de la géhenne deux fois plus que vous."
MAT.23.16,"«Buhanya emwenyu, mwe barhegesi, muli mpumi! Munaderha ntya: ‹Nk'omuntu ajirire endahiro kulengera eziino ly'eNju ya Nnamahanga, eyo ndahiro ntaacho emalire. Aliko nk'ajirire endahiro kulengera eziino ly'ehooro eri elugulu w'eyo Nju ya Nnamahanga, oyo muntu akweneene gukola gukulikirana n'endahiro yaage.›.","Malheur à vous, conducteurs aveugles! Qui dites: Si quelquun jure par le temple, ce nest rien; mais, si quelquun jure par lor du temple, il est engagé."
MAT.23.17,"Mwabo muli bihwinja na kandi muli mpumi! Gichi chiri ch'akamaro kulusha echindi, k'ehooro eri kw'eyo Nju ya Nnamahanga changwa eNju ya Nnamahanga yonyine? Eyo Nju yerhumire eyo hooro yacheeswa!.","Insensés et aveugles! Lequel est le plus grand, lor, ou le temple qui sanctifie lor?."
MAT.23.18,"Na kandi muli mwaderha ntya: ‹Nk'omuntu ajirire endahiro oku ziino ly'entuuliro, nta bubi. Aliko nk'ajirire endahiro oku ziino ly'entuulo eri kw'eyo ntuuliro, akwaneene gukola gukulikirana n'endahiro yaage.›.","Si quelquun, dites-vous encore, jure par lautel, ce nest rien; mais, si quelquun jure par loffrande qui est sur lautel, il est engagé."
MAT.23.19,Mwe mpumi! Gichi chiri ch'akamaro kulusha echindi? K'entuulo changwa eyo ntuuliro yenarhuma eyo ntuulo yacheeswa?.,"Aveugles! Lequel est le plus grand, loffrande, ou lautel qui sanctifie loffrande?."
MAT.23.20,"Cho girhumire, amango omuntu ajirire endahiro oku ziino ly'entuuliro, eri amanajira endahiro n'oku byooshi biri elugulu wa yo.",Celui qui jure par lautel jure par lautel et par tout ce qui est dessus;.
MAT.23.21,"N'ojirire endahiro oku ziino ly'eNju ya Nnamahanga, amajira endahiro kw'eyo Nju ya Nnamahanga, amanajira endahiro oku ziino lya Nnamahanga oli mw'eyo Nju.",celui qui jure par le temple jure par le temple et par celui qui lhabite;.
MAT.23.22,"N'olaala ojira endahiro oku ziino ly'empingu, eri ajirire endahiro oku ziino ly'entebe y'echaami ya Nnamahanga, n'oku ziino lya Nnamahanga oyikeere ko.",et celui qui jure par le ciel jure par le trône de Dieu et par celui qui y est assis.
MAT.23.23,"«Buhanya emwenyu mwe bigiriza b'amarhegeko nenyu Bafarisaayo! Mwabo muli ndyaalya! Munarhuula chiguma ch'ekumi ch'ebirhi by'obulunge. Aliko muli mwaleka ebintu biri by'akamaro omu Rhegeko, nka kujira ebikwaneene embere za Nnamahanga, ogufiira abandi obonjo n'ogurhahemukira abandi. Ebyo bimwalikwaneene kujira buzira kuleka ebyo bindi.","Malheur à vous, scribes et pharisiens hypocrites! Parce que vous payez la dîme de la menthe, de laneth et du cumin, et que vous laissez ce qui est plus important dans la loi, la justice, la miséricorde et la fidélité: cest là ce quil fallait pratiquer, sans négliger les autres choses."
MAT.23.24,"Mwe barhegesi mpumi! Munashongoola esuusi omu menji menyu m'okunywa, aliko mwanamira engamiya.","Conducteurs aveugles! Qui coulez le moucheron, et qui avalez le chameau."
MAT.23.25,"«Buhanya emwenyu mwe bigiriza b'amarhegeko nenyu Bafarisaayo! Mwabo muli ndyaalya! Munacheesa emugongo gw'egumbu n'embale, aliko omu byo muyunjwire ebintu mwabonaga omu bwizi n'enyifinjo zenyu zibi.","Malheur à vous, scribes et pharisiens hypocrites! Parce que vous nettoyez le dehors de la coupe et du plat, et quau dedans ils sont pleins de rapine et dintempérance."
MAT.23.26,"Wooyo Mufarisaayo mpumi! Orhange gucheesa omu ngumbu, na ntyo emugongo gwayo gwanacheeswa.","Pharisien aveugle! Nettoie premièrement lintérieur de la coupe et du plat, afin que lextérieur aussi devienne net."
MAT.23.27,"«Buhanya emwenyu mwe bigiriza b'amarhegeko nenyu Bafarisaayo! Mwabo muli ndyaalya! Mushushanyizwe nka shinda zishigirwe eshwagara. Ezo shinda, zinabonekana zikwirire embuga, gasi omu zo muyunjwire amagufa m'abafu n'ebindi bintu bibolere.","Malheur à vous, scribes et pharisiens hypocrites! Parce que vous ressemblez à des sépulcres blanchis, qui paraissent beaux au-dehors, et qui, au-dedans, sont pleins dossements de morts et de toute espèce dimpuretés."
MAT.23.28,Nenyu ntyo ku muli. Mubonekana embere z'abantu nka bantu bakwaneene. Aliko muyunjwire obulyaalya n'obubi.,"Vous de même, au-dehors, vous paraissez justes aux hommes, mais, au-dedans, vous êtes pleins dhypocrisie et diniquité."
MAT.23.29,"«Buhanya emwenyu mwe bigiriza b'amarhegeko nenyu Bafarisaayo! Mwabo muli ndyaalya! Munayumbakira eshinda z'abaleebi, n'oguhira obulimbi oku shinda z'abantu bakwaneene.","Malheur à vous, scribes et pharisiens hypocrites! Parce que vous bâtissez les tombeaux des prophètes et ornez les sépulcres des justes."
MAT.23.30,"Kandi muli mwaderha ntya: ‹Nka rhwalamaga omu mango ma bashookuluza beerhu, rhurhakajirire akalengane haguma nabo k'ogusheesha eshagama y'abaleebi.›.","et que vous dites: Si nous avions vécu du temps de nos pères, nous ne nous serions pas joints à eux pour répandre le sang des prophètes."
MAT.23.31,"Omu kuderha ntyo, mwayerekeene mwenyine oku muli baana b'abantu basheshaga eshagama y'abaleebi.",Vous témoignez ainsi contre vous-mêmes que vous êtes les fils de ceux qui ont tué les prophètes.
MAT.23.32,Mujaage mwagendekeza n'okuyuusa akaasi bashookuluza benyu barhonderaga!.,Comblez donc la mesure de vos pères.
MAT.23.33,Mwabo muli buuko bw'enjoka! Gurhe mwakagala gufuma obuhane bw'omuliro gw'esiku n'amango?.,"Serpents, race de vipères! Comment échapperez-vous au châtiment de la géhenne?."
MAT.23.34,"Cho girhumire, nji nabarhumira abaleebi n'abantu b'obwenge n'abigiriza b'amarhegeko. Mwayirha baguma omu bo, mwabamba abandi oku misalaaba, mwashurha n'abandi enkoni omu masinagoogi menyu n'okubalibisya mu ngasi gishagala.","Cest pourquoi, voici, je vous envoie des prophètes, des sages et des scribes. Vous tuerez et crucifierez les uns, vous battrez de verges les autres dans vos synagogues, et vous les persécuterez de ville en ville."
MAT.23.35,"Mumenye oku eshagama y'abantu booshi bakwaneene bayirhwaga omu gulu buzira bubi, nji yaaba oku marhwe menyu. Oko kuyirhwa kwarhondereraga oku Abeeli waliiri muntu w'okuli guhika okuyirhwa kwa Zakariya, mwene Barakiya, mwayirhiraga omu Nju ya Nnamahanga ahagarhi k'ahantu hatagatiifu n'aha entuuliro.","afin que retombe sur vous tout le sang innocent répandu sur la terre, depuis le sang dAbel le juste jusquau sang de Zacharie, fils de Barachie, que vous avez tué entre le temple et lautel."
MAT.23.36,Okuli mbabwirire oku ebi binwa byooshi byaaba oku rhwe ly'abantu ba chino gisisi.».,"Je vous le dis en vérité, tout cela retombera sur cette génération."
MAT.23.37,"«aBanyayerusaleema, aBanyayerusaleema! Mwabo munayirha abaleebi n'okubabanda amabaale bala Nnamahanga anabarhumira. Hanene nalishondere kubagusha nka kula engoko egusha ebyaana byaayo omu byuubi, aliko mwabo murhashondaga!.","Jérusalem, Jérusalem, qui tues les prophètes et qui lapides ceux qui te sont envoyés, combien de fois ai-je voulu rassembler tes enfants, comme une poule rassemble ses poussins sous ses ailes, et vous ne lavez pas voulu!."
MAT.23.38,Mumenye bwinja oku enju yenyu yalekwa mushaka.,"Voici, votre maison vous sera laissée déserte;."
MAT.23.39,Mbabwirire oku gurhengera zeene murhagachimbona ko guhika amango nji mwaderha ntya: ‹Agishirwe oyuula oyinjire oku ziino lya Nnaweerhu!› ».,"car, je vous le dis, vous ne me verrez plus désormais, jusquà ce que vous disiez: Béni soit celui qui vient au nom du Seigneur!."
MAT.24.1,"Yeesu abeere ali ahuluka omu Nju ya Nnamahanga, abigirizwa baage bamuhikira yi bamuyeereke gurhe eyo Nju eyumbakirwe.","Comme Jésus sen allait, au sortir du temple, ses disciples sapprochèrent pour lui en faire remarquer les constructions."
MAT.24.2,"Aliko Yeesu abashubiza ntya: «Okuli mbabwirire oku ebyo byooshi mubwene hano, harhayoorha chiro ebaale oku lindi. Byooshi nji byashandwa!».","Mais il leur dit: Voyez-vous tout cela? Je vous le dis en vérité, il ne restera pas ici pierre sur pierre qui ne soit renversée."
MAT.24.3,"Yeesu abeere ayikeere yenyine oku musozi gw'eMizeyituuni, abigirizwa baage bamuhikira. Bamubaza ntya: «Rhubwirage mango machi ebyo nji byahikira n'echimenyeso gichi nji charhuyeereka amango m'okugaluka kwawe na ech'obuzinda bw'egulu!».","Il sassit sur la montagne des oliviers. Et les disciples vinrent en particulier lui faire cette question: Dis-nous, quand cela arrivera-t-il, et quel sera le signe de ton avènement et de la fin du monde?."
MAT.24.4,Yeesu abashubiza ntya: «Mube hoobwe! Harhabaaga omuntu wabarhebeka.,Jésus leur répondit: Prenez garde que personne ne vous séduise.
MAT.24.5,Kwenge bantu banene nji bayinja omu ziino lyaani. Abo bantu nji balema baderha ntya: ‹Nyoono nye Kirisitu!› Nji banarhebeka bantu banene.,"Car plusieurs viendront sous mon nom, disant: Cest moi qui suis le Christ. Et ils séduiront beaucoup de gens."
MAT.24.6,"Mw'ezo siku, mwayunva abantu baderha elugulu w'ebiirha ngasi hooshi. Aliko murhayuubahaga, kwenge ebyo byooshi, bikwaneene guhika. Aliko ebyoola, birhaba byayerekeene okw'obuzinda bw'egulu bwahikire.","Vous entendrez parler de guerres et de bruits de guerres: gardez-vous dêtre troublés, car il faut que ces choses arrivent. Mais ce ne sera pas encore la fin."
MAT.24.7,Egihugo nji chalwisa echindi. N'obwami nji bwalwisa obwindi. N'omu bihugo binene nji mwaba enzara n'omusisi gw'edaho nji gwalema gwagera.,"Une nation sélèvera contre une nation, et un royaume contre un royaume, et il y aura, en divers lieux, des famines et des tremblements de terre."
MAT.24.8,"Ebyo byooshi, biri nka murhondero gw'emikero.",Tout cela ne sera que le commencement des douleurs.
MAT.24.9,«Abantu nji balema babahaana yi mulibuzwe bweneene munayirhwe. N'abantu b'embaga zooshi nji babagaya elugulu waani.,"Alors on vous livrera aux tourments, et lon vous fera mourir; et vous serez haïs de toutes les nations, à cause de mon nom."
MAT.24.10,"Mw'ezo siku, bantu banene nji baleka obwemeezi bwabo. Abantu bonyine oku bonyine nji balema balenganyana n'ogushombana.","Alors aussi plusieurs succomberont, et ils se trahiront, se haïront les uns les autres."
MAT.24.11,Baleebi banene b'obubeeshi nji baahulukira. Abo baleebi nji barhebeka bantu banene.,"Plusieurs faux prophètes sélèveront, et ils séduiront beaucoup de gens."
MAT.24.12,"N'elugulu w'okuluga kw'obubi, obuzigire bw'abantu banene nji bwageeha.","Et, parce que liniquité se sera accrue, la charité du plus grand nombre se refroidira."
MAT.24.13,Aliko omuntu nji wagihangaana guhika oku buzinda nj'achungulwa.,Mais celui qui persévérera jusquà la fin sera sauvé.
MAT.24.14,"N'ogu Mwazi Mwinja g'oBwime nji gwayamagazwa omu gulu lyooshi, kuba buhamiiriza oku bantu b'embaga zooshi. N'obuzinda bwanaja bwahika.».","Cette bonne nouvelle du royaume sera prêchée dans le monde entier, pour servir de témoignage à toutes les nations. Alors viendra la fin."
MAT.24.15,"«Mw'ezo siku, nji mwabona olaala oyirikwa ntya: Bubi bw'ogushanda ola waderhagwa n'omuleebi Danyeeri ayimangire omu Nju ya Nnamahanga. Oli wasoma eyi myaazi, amenye bichi ederhere.","Cest pourquoi, lorsque vous verrez labomination de la désolation, dont a parlé le prophète Daniel, établie en lieu saint, que celui qui lit fasse attention!."
MAT.24.16,"«Leero, abantu nji baaba bali omu gihugo ch'eYudeeya balibirhire oku misozi.","alors, que ceux qui seront en Judée fuient dans les montagnes;."
MAT.24.17,"Akaba omuntu nj'aba ali oku nju elugulu, arhagishonookaga okw'aje gurhoola ebintu omu mwage.",que celui qui sera sur le toit ne descende pas pour prendre ce qui est dans sa maison;.
MAT.24.18,"N'akaba omuntu nj'aba ali omu shwa, arhachigalukaga emwage okw'aje gurhoola efulema yaage.",et que celui qui sera dans les champs ne retourne pas en arrière pour prendre son manteau.
MAT.24.19,"«Mw'ezo siku, nji bwaba buhanya bunene oku bakazi nji baaba bali bukule n'oku balaala nji baaba bali bayonsa!.",Malheur aux femmes qui seront enceintes et à celles qui allaiteront en ces jours-là!.
MAT.24.20,"Oko kulibirha kwenyu, muheme Nnamahanga yi nji gurhabaaga amango m'emboho nene changwa olusiku lw'eSaabato.","Priez pour que votre fuite narrive pas en hiver, ni un jour de sabbat."
MAT.24.21,"Kwenge ezo siku nji zaaba z'amalibuko makomeere marhashubiraga kuba gurhengera okulemwa kw'egulu guhika zeene. N'amalibuko mali nk'amo, marhakanachiba.","Car alors, la détresse sera si grande quil ny en a point eu de pareille depuis le commencement du monde jusquà présent, et quil ny en aura jamais."
MAT.24.22,"Ezo siku, nka Nnamahanga arhazigeehyaga, nta muntu chiro n'omuguma wangachungwirwe. Aliko azigeehyeze elugulu w'abantu baage aligishogere.","Et, si ces jours nétaient abrégés, personne ne serait sauvé; mais, à cause des élus, ces jours seront abrégés."
MAT.24.23,"«Mw'ezo siku, nk'omuntu ababwirire ntya: ‹Lola, Kirisitu ali hano!› changwa ‹Ali haliira!› murhamuyemeeraga.","Si quelquun vous dit alors: Le Christ est ici, ou: Il est là, ne le croyez pas."
MAT.24.24,"kwenge nji harhengera abantu balema baderha obubeeshi oku boowe bo ‹Kirisitu›, haguma n'abaleebi b'obubeeshi. Abo booshi, nji balema bajira ebisomereene n'ebimenyeso y'akonva bigalikeene, barhebeke chiro n'abantu Nnamahanga abaaga agishogere.","Car il sélèvera de faux Christs et de faux prophètes; ils feront de grands prodiges et des miracles, au point de séduire, sil était possible, même les élus."
MAT.24.25,Mumenye! Mbabwirire eyi myaazi yooshi embere ehike.,"Voici, je vous lai annoncé davance."
MAT.24.26,"«Elugulu w'ebyoola, nk'abantu bababwirire ntya: ‹Mulole! Kirisitu y'oliira oli omu mpinga!›, murhajaga yo. Changwa akonva bababwirire ntya: ‹Yooyu achibishire omu busiika!›, murhabayemeeraga.","Si donc on vous dit: Voici, il est dans le désert, ny allez pas; voici, il est dans les chambres, ne le croyez pas."
MAT.24.27,"Kwenge, okuyinja kwani nyoono Mwene oMuntu, nji kwaba nka kulaala omubaraganyo gumoleka omu chalege chooshi.","Car, comme léclair part de lorient et se montre jusquen occident, ainsi sera lavènement du Fils de lhomme."
MAT.24.28,"«Ahantu hooshi hali omurhumba, ho hagwirira banyunda.».","En quelque lieu que soit le cadavre, là sassembleront les aigles."
MAT.24.29,"«Enyuma z'amalibuko m'ezo siku, ezuuba nji lyahindamuka mwizimya, n'omwezi nji gurhachimoleka, enyenyeezi nazo, nji zarhoga gurhenga omu chaalege. Na byooshi by'obuhashe omu mpingu, nji byashaganywa.","Aussitôt après ces jours de détresse, le soleil sobscurcira, la lune ne donnera plus sa lumière, les étoiles tomberont du ciel, et les puissances des cieux seront ébranlées."
MAT.24.30,"«Oku buzinda, echimenyeso ch'okugaluka kwani nyoono Mwene oMuntu, nji chaboneka omu mpingu. N'abantu b'embaga zooshi z'omu gulu, nji baaba omu malibuko. Nji babona oku nyoono Mwene oMuntu, narhenga omu mpingu eyi ndi omu bichu n'obuhashe n'obukuuze bunene.","Alors le signe du Fils de lhomme paraîtra dans le ciel, toutes les tribus de la terre se lamenteront, et elles verront le Fils de lhomme venant sur les nuées du ciel avec puissance et une grande gloire."
MAT.24.31,"Omushekera gunene, nji lyabandwa mo. Oku buzinda, nji narhuma bamalahika baani bagende omu nyunda zooshi z'egulu, kugusha abantu baani nagishogere.».","Il enverra ses anges avec la trompette retentissante, et ils rassembleront ses élus des quatre vents, depuis une extrémité des cieux jusquà lautre."
MAT.24.32,"«Muchiyigirize kulengera omugani gw'omurhi gw'etiini. Ogo murhi, egihe amarhabi maago mashogere, n'ebibaabi byaago byashishire, munaderha okw'echanda chiri hoofu.","Instruisez-vous par une comparaison tirée du figuier. Dès que ses branches deviennent tendres, et que les feuilles poussent, vous connaissez que lété est proche."
MAT.24.33,"Leero, amango nji mwabona ebyo byooshi, mumenye oku nyoono Mwene oMuntu ndi hoofu na nkola ndi oku mulyango.","De même, quand vous verrez toutes ces choses, sachez que le Fils de lhomme est proche, à la porte."
MAT.24.34,"Okuli, mbabwirire okw'abantu b'echi gisisi nji barhafa booshi embere ebyo byooshi bihike.","Je vous le dis en vérité, cette génération ne passera point, que tout cela narrive."
MAT.24.35,"Empingu n'egulu nji byagera, aliko ebinwa byaani byoowe, birhakagera chiro n'ehintyu.","Le ciel et la terre passeront, mais mes paroles ne passeront point."
MAT.24.36,"«Aliko nta muntu yeeshi oyinji olo lusiku changwa ebishanji ebyo nji byajirika mo. Chiro n'abamalahika b'empingu, changwa naani Mwene oMuntu rhurhenji, Daarha yenyine ye yinji.","Pour ce qui est du jour et de lheure, personne ne le sait, ni les anges des cieux, ni le Fils, mais le Père seul."
MAT.24.37,"Nk'oku byaliiri omu siku za Noowa, ntyo ku nji byaba amango nyoono Mwene oMuntu nji nagaluka.",Ce qui arriva du temps de Noé arrivera de même à lavènement du Fils de lhomme.
MAT.24.38,"Kwenge embere w'ezo siku z'emisuuka minene, abantu baliiri kulya n'okunywa, baliiri gushaba n'ogushabwa, guhika olusiku Noowa ajaaga omu nkuge.","Car, dans les jours qui précédèrent le déluge, les hommes mangeaient et buvaient, se mariaient et mariaient leurs enfants, jusquau jour où Noé entra dans larche;."
MAT.24.39,"Abo bantu, barhamenyaga ebyajirika guhika amango emisuuka minene ebaheeka booshi. «Ntyo kunjibyaaba amango nyoono Mwene oMuntu nji nagaluka.","et ils ne se doutèrent de rien, jusquà ce que le déluge vînt et les emportât tous: il en sera de même à lavènement du Fils de lhomme."
MAT.24.40,"Mw'amo mango, bantu babiri nji baaba bali omu shwa, muguma nj'aheekwa n'owindi nj'alekwa.","Alors, de deux hommes qui seront dans un champ, lun sera pris et lautre laissé;."
MAT.24.41,"Bakazi babiri nji baaba bali basha oku lusho luguma, muguma nj'aheekwa n'owindi nj'alekwa.","de deux femmes qui moudront à la meule, lune sera prise et lautre laissée."
MAT.24.42,"«Boboola mutarame, kwenge murhamenyere olusiku Nnawenyu nj'agaluka mo.","Veillez donc, puisque vous ne savez pas quel jour votre Seigneur viendra."
MAT.24.43,"Muyinji bwinja, nyina enju nk'amenyaga ebishanji bihe by'obudufu egishambo chayinja mo kuzimba, ankataramiire n'okulanga enju yaage erhashandwaga.","Sachez-le bien, si le maître de la maison savait à quelle veille de la nuit le voleur doit venir, il veillerait et ne laisserait pas percer sa maison."
MAT.24.44,"Cho girhumire, nenyu muyoorhe eyi mugirheganyize, kwenge nyoono Mwene oMuntu nji nagaluka omu bishanji murhamenyere.».","Cest pourquoi, vous aussi, tenez-vous prêts, car le Fils de lhomme viendra à lheure où vous ny penserez pas."
MAT.24.45,"«Nde oli mukozi orhali muhemusi onagwerhe obwenge? Omukozi oli nk'oyo, y'olaala nnahamwabo aheere obwimangizi bw'abandi bakozi baage y'abahe ebiryo oku bishanji bikwaneene.","Quel est donc le serviteur fidèle et prudent, que son maître a établi sur ses gens, pour leur donner la nourriture au temps convenable?."
MAT.24.46,"Agishwe oyo mukozi, akaba nnahamwabo akagaluka, anamushimaane achiri akola akoola kaasi.","Heureux ce serviteur, que son maître, à son arrivée, trouvera faisant ainsi!."
MAT.24.47,"Okuli , mbabwirire okw'oyo nnahamwabo nj'amujira mwimangizi w'ebikulo byaage byooshi.","Je vous le dis en vérité, il létablira sur tous ses biens."
MAT.24.48,"Aliko akaba oyo mukozi ali muntu mubi, n'oguchiderhesa omu murhima gwage ntya: ‹Nnahamweerhu alegamire kugaluka.›.","Mais, si cest un méchant serviteur, qui dise en lui-même: Mon maître tarde à venir."
MAT.24.49,Anaja arhondera kulema ashuurha abaabo bakozi na kulema alya n'okunywa haguma n'abarhamiizi.,"sil se met à battre ses compagnons, sil mange et boit avec les ivrognes."
MAT.24.50,"Leero, nnahamwabo nj'agaluka olusiku arhakengereere, n'oku bishanji arhamenyere.",le maître de ce serviteur viendra le jour où il ne sy attend pas et à lheure quil ne connaît pas.
MAT.24.51,"Elugulu w'ebyoola, nnahamwabo nj'amushuurha bweneene n'okumuhana kuguma na kulaala banahana endyaalya. N'oku buzinda, anamukabula ahantu nj'alakira n'okulibuka bweneene.».","il le mettra en pièces, et lui donnera sa part avec les hypocrites: cest là quil y aura des pleurs et des grincements de dents."
MAT.25.1,"«Leero, oBwami b'empingu, nji bwashushanywa n'omugani gw'abanyere ekumi. Abo banyere, barhoolaga amatara maabo yi baaje kuyankirira muhya-mulume.","Alors le royaume des cieux sera semblable à dix vierges qui, ayant pris leurs lampes, allèrent à la rencontre de lépoux."
MAT.25.2,Barhaano mubo baliiri bihwinja na bandi barhaano baligwerhe obwenge.,"Cinq dentre elles étaient folles, et cinq sages."
MAT.25.3,"Ebyo bihwinja barhoola amatara maabo, aliko barharhoolaga ebitorooli by'oguhira mo.","Les folles, en prenant leurs lampes, ne prirent point dhuile avec elles;."
MAT.25.4,"Aliko abaligwerhe obwenge, barhoola amatara maabo haguma n'ebitorooli omu masupa.","mais les sages prirent, avec leurs lampes, de lhuile dans des vases."
MAT.25.5,"Okubona okw'oyo muhya-mulume alilegamire kuyinja, abo banyere ekumi booshi bahunira n'okuva balyaama.","Comme lépoux tardait, toutes sassoupirent et sendormirent."
MAT.25.6,"«Ahagarhi k'obudufu, omulenge gwayunviikana guderhere ntya: ‹Tala! Muhya-mulume ayinjire! Muhuluke kuja kumuyankirira!›.","Au milieu de la nuit, on cria: Voici lépoux, allez à sa rencontre!."
MAT.25.7,"Ho n'aho, abo banyere booshi bazuuka, barheganya amatara maabo.","Alors toutes ces vierges se réveillèrent, et préparèrent leurs lampes."
MAT.25.8,"«Bila bihwinja byabwira abaligwerhe obwenge ntya: ‹Murhuhe oku bitorooli byenyu, bulaala amatara meerhu marhondere kuzima.›.","Les folles dirent aux sages: Donnez-nous de votre huile, car nos lampes séteignent."
MAT.25.9,"Aliko bala baligwerhe obwenge babashubiza ntya: ‹Nangwa! Ebi bitorooli rhugwerhe, birhangarhulumira rhweshi. Muje emw'abarhimbuuzi yi muchigulire ebyenyu.›.","Les sages répondirent: Non; il ny en aurait pas assez pour nous et pour vous; allez plutôt chez ceux qui en vendent, et achetez-en pour vous."
MAT.25.10,"«Ebyo bihwinja, byabeere byajire kugula ebitorooli, muhya-mulume ahika. Bala banyere barhaano baligirheganyize miira, baaja omu dinye ly'obuhya haguma naye. Oku buzinda, omulyango gwachingwa.","Pendant quelles allaient en acheter, lépoux arriva; celles qui étaient prêtes entrèrent avec lui dans la salle des noces, et la porte fut fermée."
MAT.25.11,"«Enyuma z'aho, balaala bandi banyere bahika n'ogurhondera kuderha ntya: ‹Nnaweerhu! Nnaweerhu! Orhuchinguulire!›.","Plus tard, les autres vierges vinrent, et dirent: Seigneur, Seigneur, ouvre-nous."
MAT.25.12,"Aliko muhya-mulume abashubiza ntya: ‹Okuli mbabwirire, ntabamenyere!›».","Mais il répondit: Je vous le dis en vérité, je ne vous connais pas."
MAT.25.13,"Oku buzinda, Yeesu ashuba kuderha ntya: «Leero mutarame, kwenge murhamenyere olusiku changwa ebishanji nji nagaluka.","Veillez donc, puisque vous ne savez ni le jour, ni lheure."
MAT.25.14,"«oBwami bw'empingu, rhwakabushushanya n'omugani gw'omuntu muguma washondaga kubalama. Oyo muntu ahamagala abakozi baage n'okubalekera ebikulo byaage yi babikolese.","Il en sera comme dun homme qui, partant pour un voyage, appela ses serviteurs, et leur remit ses biens."
MAT.25.15,"Aheereza mukozi muguma talanta erhaano , owindi talanta ebiri, n'owindi talanta nguma. Oyo muntu ajiraga ntyo gukulikirana n'obuhashe bwa ngasi mukozi. Oku buzinda abalama.","Il donna cinq talents à lun, deux à lautre, et un au troisième, à chacun selon sa capacité, et il partit."
MAT.25.16,"«Ho n'aho, ola mukozi bahaaga talanta erhaano, aja kuzirhimbuula mo. Ayunguka zindi erhaano.","Aussitôt celui qui avait reçu les cinq talents sen alla, les fit valoir, et il gagna cinq autres talents."
MAT.25.17,"N'olaala bahaaga talanta ebiri, naye aja kuzirhimbuula mo ayunguka zindi biri.","De même, celui qui avait reçu les deux talents en gagna deux autres."
MAT.25.18,"Aliko, olaala bahaaga talanta nguma, yeewe aja kujokola edaho n'okubisha mo ela talanta ya nnahamwabo.","Celui qui nen avait reçu quun alla faire un creux dans la terre, et cacha largent de son maître."
MAT.25.19,"«Enyuma w'esiku zinene, oyo nnahamwabo agaluka. Ahamagala abakozi baage yi bamubwire gurhe bakoleseze ebikulo byaage.","Longtemps après, le maître de ces serviteurs revint, et leur fit rendre compte."
MAT.25.20,"Olaala mukozi bahaaga talanta erhaano, aleerha enyungu ya zindi erhaano. Aderha ntya: ‹Nnahamweerhu, wampaaga talanta erhaano, leero tala zindi erhaano ezi nayungukire.›.","Celui qui avait reçu les cinq talents sapprocha, en apportant cinq autres talents, et il dit: Seigneur, tu mas remis cinq talents; voici, jen ai gagné cinq autres."
MAT.25.21,"«Nnahamwabo amubwira ntya: ‹Wajirire bwinja! Oli mukozi mwinja orhanali muhemusi. Okubona oku orhabeere muhemusi omu bikulo bigeeke, naaja nakujira mwimangizi w'ebikulo binene. Cho girhumire, oje wayinja oshagaluke haguma na nnahamwenyu!›.","Son maître lui dit: Cest bien, bon et fidèle serviteur; tu as été fidèle en peu de chose, je te confierai beaucoup; entre dans la joie de ton maître."
MAT.25.22,"«Olaala mukozi bahaaga talanta ebiri, naye ahika. Aderha ntya: ‹Nnahamweerhu! Wampaaga talanta ebiri, leero tala zindi talanta ebiri ezi nayungukire.›.","Celui qui avait reçu les deux talents sapprocha aussi, et il dit: Seigneur, tu mas remis deux talents; voici, jen ai gagné deux autres."
MAT.25.24,"«Oku buzinda, ola mukozi bahaaga talanta nguma, naye ahika. Aderha ntya: ‹Nnahamweerhu, nyinji okw'oba muntu mudaarhi, wooyo onashaluula eby'orhabyaalaga, onagusha eby'orhashandaazaga.","Celui qui navait reçu quun talent sapprocha ensuite, et il dit: Seigneur, je savais que tu es un homme dur, qui moissonnes où tu nas pas semé, et qui amasses où tu nas pas vanné;."
MAT.25.25,"Elugulu w'oko, nayuubaha, naja nagenda kubisha etalanta yaawe omu daho. Leero, etalanta yaawe eyi, oyirhoole!›.","jai eu peur, et je suis allé cacher ton talent dans la terre; voici, prends ce qui est à toi."
MAT.25.26,«Nnahamwabo amushubiza ntya: ‹Oli mukozi mubi na mwolokazi! Waliyinji oku nanshaluula ebi ntabyaalaga n'okunangusha ebi ntashandaazaga!.,"Son maître lui répondit: Serviteur méchant et paresseux, tu savais que je moissonne où je nai pas semé, et que jamasse où je nai pas vanné;."
MAT.25.27,"Leero, walikwaneene kubika ebikulo byaani omu banki, y'olusiku nji nagaluka, mbirhoolere mo haguma n'enyungu ya byo.›.","il te fallait donc remettre mon argent aux banquiers, et, à mon retour, jaurais retiré ce qui est à moi avec un intérêt."
MAT.25.28,"Oku buzinda, aj'aderha ntya: ‹Mumunyege eyo talanta, munayihe olaala ogwerhe talanta ekumi.","Otez-lui donc le talent, et donnez-le à celui qui a les dix talents."
MAT.25.29,"Kwenge omuntu ogwerhe akantu ye nji wayushuulirwa akandi, anaja agwarha binene. Aliko omuntu orhagwerhe kantu, nj'anyegwa chiro na hilaala hityu agwerhe.","Car on donnera à celui qui a, et il sera dans labondance, mais à celui qui na pas on ôtera même ce quil a."
MAT.25.30,"Na kandi, oyo mukozi orhagwerhe kamaro mumukabule embuga omu mwizimya. Na mw'ogo mwizimya, abantu nji balira n'okulibuka bweneene.›».","Et le serviteur inutile, jetez-le dans les ténèbres du dehors, où il y aura des pleurs et des grincements de dents."
MAT.25.31,"«Amango nyoono Mwene oMuntu nji nayinja omu bukuuze bwani haguma na bamalahika booshi, nji nayikala oku ntebe yaani y'echaami egwerhe obukuuze.","Lorsque le Fils de lhomme viendra dans sa gloire, avec tous les anges, il sassiéra sur le trône de sa gloire."
MAT.25.32,"Abantu b'embaga zooshi nji bashimaanana embere zaani, naani nji nabagusha omu bigusho bibiri nka kulaala omungere analema aberuula entaama n'empene.","Toutes les nations seront assemblées devant lui. Il séparera les uns davec les autres, comme le berger sépare les brebis davec les boucs;."
MAT.25.33,Nji nahira entaama oku lunda lwani lw'ekulyo n'empene oku lunda lwani lw'emalembe.,"et il mettra les brebis à sa droite, et les boucs à sa gauche."
MAT.25.34,"«oMwami nj'aja abwira balaala bali oku lunda lwage lw'okulyo ntya: ‹Muyinje, mwe mwagishirwe na Daarha, muje omu Bwami ali abarheganyize gurhengera okulemwa kw'egulu.","Alors le roi dira à ceux qui seront à sa droite: Venez, vous qui êtes bénis de mon Père; prenez possession du royaume qui vous a été préparé dès la fondation du monde."
MAT.25.35,"Kwenge amango naliiri nzara mwampa ebiryo, n'amango naliiri nyoorha, mwampa ech'okunywa, n'amango naliiri muhisi, mwanyankirira.","Car jai eu faim, et vous mavez donné à manger; jai eu soif, et vous mavez donné à boire; jétais étranger, et vous mavez recueilli;."
MAT.25.36,"N'amango nabaaga mbulire emyambalo, mwampa yo, n'amango naliiri mulwala, mwantabaala, n'amango naliiri omu munyororo, mwayinja kuntangula.›.","jétais nu, et vous mavez vêtu; jétais malade, et vous mavez visité; jétais en prison, et vous êtes venus vers moi."
MAT.25.37,"«Abo bakwaneene nji bamushubiza ntya: ‹Nnaweerhu, mango machi rhwakubonaga oli nzara, rhwaguha ebiryo, changwa mango machi rwakubonaga oli nyoorha, rhwaguha ech'okunywa?.","Les justes lui répondront: Seigneur, quand tavons-nous vu avoir faim, et tavons-nous donné à manger; ou avoir soif, et tavons-nous donné à boire?."
MAT.25.38,"Na mango machi rhwakubonaga oli muhisi, rhwanakuyankirira? Changwa mango machi waliiri wabulire emyambalo, rhwaguha yo?.","Quand tavons-nous vu étranger, et tavons-nous recueilli; ou nu, et tavons-nous vêtu?."
MAT.25.39,"Mango machi rhwakubonaga oli mulwala changwa oli omu munyororo, rhwaja kugurhangula?›.","Quand tavons-nous vu malade, ou en prison, et sommes-nous allés vers toi?."
MAT.25.40,"«Oyo Mwami nj'abashubiza ntya: ‹Okuli mbabwirire oku ebyo byooshi, mwabeere muli mwabijirira oli mudoorho mw'aba beene beerhu, nyoono nye mwalemaga mwabijirira.›.","Et le roi leur répondra: Je vous le dis en vérité, toutes les fois que vous avez fait ces choses à lun de ces plus petits de mes frères, cest à moi que vous les avez faites."
MAT.25.41,"«Balaala nji baaba bali oku lunda lwani lw'amalembe, boowe nji nababwira ntya: ‹Murhenge eburhambi bwani, mwabo muvumirwe! Muje omu muliro ogurhakazima esiku n'amango. Ogo muliro gwarheganyizwe miira elugulu wa Shetaani na bamalahika baage!.","Ensuite il dira à ceux qui seront à sa gauche: Retirez-vous de moi, maudits; allez dans le feu éternel qui a été préparé pour le diable et pour ses anges."
MAT.25.42,"Kwenge naliiri nzara, nenyu murhampaga ebiryo, naliiri nyoorha, nenyu murhampaga ech'okunywa.","Car jai eu faim, et vous ne mavez pas donné à manger; jai eu soif, et vous ne mavez pas donné à boire;."
MAT.25.43,"Naliiri muhisi, nenyu murhanyankiriraga, nabaaga nabulire emyambalo, nenyu murhampaga yo. Naliiri mulwala na naliiri omu munyororo, nenyu murhayinjaga kuntangula.›.","jétais étranger, et vous ne mavez pas recueilli; jétais nu, et vous ne mavez pas vêtu; jétais malade et en prison, et vous ne mavez pas visité."
MAT.25.44,"«Abo nabo nji bamushubiza ntya: ‹Nnaweerhu! Mango machi rhwakubonaga oli nzara, changwa oli nyoorha, changwa oli muhisi, changwa wabulire emyambalo, changwa oli mulwala, changwa oli omu munyororo, neerhu rhwafundwa kugurhabaala?›.","Ils répondront aussi: Seigneur, quand tavons-nous vu ayant faim, ou ayant soif, ou étranger, ou nu, ou malade, ou en prison, et ne tavons-nous pas assisté?."
MAT.25.45,"«Mwami nj'abashubiza ntya: ‹Okuli mbabwirire, oku ebi byooshi amango mwabaga murhali mwabijirira oli mudoorho bweneene mw'aba beene beerhu, nyoono nye murhaliiri mwabijirira.›.","Et il leur répondra: Je vous le dis en vérité, toutes les fois que vous navez pas fait ces choses à lun de ces plus petits, cest à moi que vous ne les avez pas faites."
MAT.25.46,"«Oku buzinda, abo bantu nji baaja ahantu ho buhane bw'esiku n'amango. Aliko abakwaneene boowe, nji baaja omu kalamo k'esiku n'amango.».","Et ceux-ci iront au châtiment éternel, mais les justes à la vie éternelle."
MAT.26.1,"Yeesu abeere amala kuderha eyo myaazi yooshi, abwira abigirizwa baage ntya:.","Lorsque Jésus eut achevé tous ces discours, il dit à ses disciples:."
MAT.26.2,«Muyinji oku hayoorha siku ebiri embere olusiku lukulu lw'ePaasaka luhike. Munayinji oku nyoono Mwene oMuntu nalenganywa yi mbambwe oku musalaaba.».,"Vous savez que la Pâque a lieu dans deux jours, et que le Fils de lhomme sera livré pour être crucifié."
MAT.26.3,"Abakulu b'abadaahwa n'abashamuka b'aBayaahudi babuganana emw'omudaahwa mukulu, oyirikwa Kayaafa.","Alors les principaux sacrificateurs et les anciens du peuple se réunirent dans la cour du souverain sacrificateur, appelé Caïphe;."
MAT.26.4,Bajirira Yeesu akaligi k'oku mufarha omu bwibisho yi bamuyirhe.,"et ils délibérèrent sur les moyens darrêter Jésus par ruse, et de le faire mourir."
MAT.26.5,"Aliko baderha ntya: «Rhurhamufarhaga omu olusiku lukulu lw'ePasaka, y'olwamo lurhaba omu lubaga.».","Mais ils dirent: Que ce ne soit pas pendant la fête, afin quil ny ait pas de tumulte parmi le peuple."
MAT.26.6,"Yeesu abeere ali omu gishagala ch'eBetaniiya, aja omu nju y'omuntu muguma oyirikwa Simooni. Oyo Simooni aliiri mubenzibenzi.","Comme Jésus était à Béthanie, dans la maison de Simon le lépreux."
MAT.26.7,"Babeere bali balya, mukazi muguma ayegeera hoofu na Yeesu. Oyo mukazi aligwerhe omukebo guyunjwire amarashi m'agachiiro kanene. Anasheeshera oku rhwe lya Yeesu.","une femme sapprocha de lui, tenant un vase dalbâtre, qui renfermait un parfum de grand prix; et, pendant quil était à table, elle répandit le parfum sur sa tête."
MAT.26.8,"Abigirizwa ba Yeesu babeere babona ntyo, bagaya bweneene. Baderha ntya: «Girhumire oyu mukazi aheza ama marashi busha?.","Les disciples, voyant cela, sindignèrent, et dirent: A quoi bon cette perte?."
MAT.26.9,"Ama marashi mankaguzizwe oku gichiiro chinene bweneene, n'efuranga mankagulirwe mo, zagarhabeere abakene!».","On aurait pu vendre ce parfum très cher, et en donner le prix aux pauvres."
MAT.26.10,Aliko Yeesu amenya oko kugaya kwabo. Oko kw'arhuma ababaza ntya: «Girhumire mwalunza oyu mukazi ntya? Ka girhali chijiro chinja echi ankolere?.,"Jésus, sen étant aperçu, leur dit: Pourquoi faites-vous de la peine à cette femme? Elle a fait une bonne action à mon égard;."
MAT.26.11,"Abakene baaba haguma nenyu esiku zooshi, sy'aliko nyoono ntaaba haguma nenyu esiku zooshi.","car vous avez toujours des pauvres avec vous, mais vous ne mavez pas toujours."
MAT.26.12,Oyu mukazi anshigire amarashi omu gurheganya oguhambwa kwani.,"En répandant ce parfum sur mon corps, elle la fait pour ma sépulture."
MAT.26.13,"Okuli mbabwirire oku omu gulu lyooshi, ngasi hantu oMwazi Mwinja nji gwaba guli gwabalwa, nji balema baderha elugulu w'echijiro oyu mukazi ajirire. Elugulu w'oko, oyu mukazi alema ayibukwa.».","Je vous le dis en vérité, partout où cette bonne nouvelle sera prêchée, dans le monde entier, on racontera aussi en mémoire de cette femme ce quelle a fait."
MAT.26.14,"Enyuma z'ebyo, muguma omu ntumwa ekumi n'ebiri za Yeesu, oyirikwa Yuuda Isikariyooti, aja emw'abakulu b'abadaahwa.","Alors lun des douze, appelé Judas Iscariot, alla vers les principaux sacrificateurs."
MAT.26.15,Ababaza ntya: «Bichi mwampa akonva mbahere Yeesu?» Bamuha bicheri makumi masharhu by'efuranga .,"et dit: Que voulez-vous me donner, et je vous le livrerai? Et ils lui payèrent trente pièces dargent."
MAT.26.16,"Gurhengera amo mango, Yuuda arhondera gushonda obulyo abaheereza mo Yeesu.","Depuis ce moment, il cherchait une occasion favorable pour livrer Jésus."
MAT.26.17,"Olusiku lurhanzi lw'esiku y'edinye y'emigati nzira chachu, abigirizwa ba Yeesu bamuhikira n'okumubaza ntya: «Ngahe oshondere rhugurheganyizage ebiryo by'ePaasaka?».","Le premier jour des pains sans levain, les disciples sadressèrent à Jésus, pour lui dire: Où veux-tu que nous te préparions le repas de la Pâque?."
MAT.26.18,"Yeesu abashubiza ntya: «Muje omu gishagala, emw'omuntu muguma. Oyo muntu, mumubwire ntya: ‹oMwigiriza aderhere oku egihe aliiri alinga chiri hoofu. Leero, omu mwawe mwalira ePaasaka haguma na bigirizwa baage.›».","Il répondit: Allez à la ville chez un tel, et vous lui direz: Le maître dit: Mon temps est proche; je ferai chez toi la Pâque avec mes disciples."
MAT.26.19,"Abo bigirizwa bajira nk'oku Yeesu abarhegekaga, barheganya ebiryo by'ePaasaka.","Les disciples firent ce que Jésus leur avait ordonné, et ils préparèrent la Pâque."
MAT.26.20,"Lyabeere golo, Yeesu ayikala kulya ebiryo haguma n'entumwa zaage ekumi n'ebiri.","Le soir étant venu, il se mit à table avec les douze."
MAT.26.21,"Babeere bali balya, Yeesu aderha ntya: «Okuli, mbabwirire oku muguma mu mwabo andenganya.».","Pendant quils mangeaient, il dit: Je vous le dis en vérité, lun de vous me livrera."
MAT.26.22,"Ogo mwazi gwagayisa bweneene abigirizwa. Elugulu w'oko, ngasi muguma arhondera kumubaza ntya: «Nnaweerhu! Ka nyoono?».","Ils furent profondément attristés, et chacun se mit à lui dire: Est-ce moi, Seigneur?."
MAT.26.23,"Yeesu abashubiza ntya: «Ola warhobeza chaligumiza naani omu mbale, ye wandenganya.","Il répondit: Celui qui a mis avec moi la main dans le plat, cest celui qui me livrera."
MAT.26.24,"Nyoono Mwene oMuntu naafa gukulikirana nk'oku biyandikirwe elugulu waani omu Mandiko Matagatiifu. Aliko, buhanya oku muntu wandenganya! Oyo muntu, kwakabeere kwinja oku yeewe gurhaburhwa!».","Le Fils de lhomme sen va, selon ce qui est écrit de lui. Mais malheur à lhomme par qui le Fils de lhomme est livré! Mieux vaudrait pour cet homme quil ne fût pas né."
MAT.26.25,"Yuuda wamulenganya, naye abaza ntya: «Mwigiriza! Ka nyoono?» Yeesu amushubiza ntya: «Wooyo wenyine waderhere!».","Judas, qui le livrait, prit la parole et dit: Est-ce moi, Rabbi? Jésus lui répondit: Tu las dit."
MAT.26.26,"Babeere bachiri baalya, Yeesu arhoola omugati, akuuza Nnamahanga. Aguchagulanga, aguha abigirizwa baage. Aja ababwira ntya: «Murhoole ogu mugati mugulye, kwenge guno guli mubiri gwaani.».","Pendant quils mangeaient, Jésus prit du pain; et, après avoir rendu grâces, il le rompit, et le donna aux disciples, en disant: Prenez, mangez, ceci est mon corps."
MAT.26.27,"Enyuma z'ebyo, arhoola engumbu, akuuza Nnamahanga. Ayiha bo n'okubabwira ntya: «Munywe ko mweshi.","Il prit ensuite une coupe; et, après avoir rendu grâces, il la leur donna, en disant: Buvez-en tous;."
MAT.26.28,"kwenge eyila, eri shagama yaani, eyerekeene egihango Nnamahanga ajirire n'olubaga lwage. Eyo shagama yasheshekala omu guchungula bantu banene, yi bababalirwe ebyaaha byaabo.","car ceci est mon sang, le sang de lalliance, qui est répandu pour plusieurs, pour la rémission des péchés."
MAT.26.29,"Mbabwirire oku gurhengera zeene, ntagachinywa divaayi guhika olusiku nji nanywa empyaahya haguma nenyu omu Bwami bwa Daarha.».","Je vous le dis, je ne boirai plus désormais de ce fruit de la vigne, jusquau jour où jen boirai du nouveau avec vous dans le royaume de mon Père."
MAT.26.30,"Babeere bamala kuyimpa enyimpo, bazamuukira oku musozi gw' eMizeyituuni .","Après avoir chanté les cantiques, ils se rendirent à la montagne des oliviers."
MAT.26.31,"Yeesu aja abwira abigirizwa baage ntya: «Mu buno budufu, mweshi mwandeka. Kwenge biyandikirwe omu Mandiko Matagatiifu ntya: ‹Nayirha omungere w'entaama, n'obuso bw'ezo ntaama nji bwashandaazwa.›.","Alors Jésus leur dit: Je serai pour vous tous, cette nuit, une occasion de chute; car il est écrit: Je frapperai le berger, et les brebis du troupeau seront dispersées."
MAT.26.32,"«Aliko, amango nji nafuuka, nji nabarhanga eGalilaaya.».","Mais, après que je serai ressuscité, je vous précèderai en Galilée."
MAT.26.33,"Petero amubwira ntya: «Chiro akaba abandi booshi bagakuleka, nyoono ntagakuleka chiro n'ehityu!».","Pierre, prenant la parole, lui dit: Quand tu serais pour tous une occasion de chute, tu ne le seras jamais pour moi."
MAT.26.34,"Yeesu amubwira ntya: «Okuli nkubwirire oku mw'obu budufu bwa zeene, embere oluhazi lubike, waaba eyi wamampakana gasharhu.».","Jésus lui dit: Je te le dis en vérité, cette nuit même, avant que le coq chante, tu me renieras trois fois. Mt :."
MAT.26.35,"Petero amubwira ntya: «Akaba bimpemere gufiira haguma naawe, nyemereere. Aliko ogukulahira, ntakagala chiro n'ehityu!» Abandi bigirizwa nabo booshi baderha ntyo.","Pierre lui répondit: Quand il me faudrait mourir avec toi, je ne te renierai pas. Et tous les disciples dirent la même chose."
MAT.26.36,"Enyuma z'ebyo, Yeesu n'abigirizwa baage baja hantu haguma hayirikwa Getesemaani. Babeere bahika ahoola, Yeesu ababwira ntya: «Murhange muyikale hano, oku ndi naaja halira gusaliira.».","Là-dessus, Jésus alla avec eux dans un lieu appelé Gethsémané, et il dit aux disciples: Asseyez-vous ici, pendant que je méloignerai pour prier."
MAT.26.37,Yeesu agenda haguma na Petero na bagala babiri ba Zebedayo. Arhondera kuyunva amaganya n'okubabala bweneene omu murhima.,"Il prit avec lui Pierre et les deux fils de Zébédée, et il commença à éprouver de la tristesse et des angoisses."
MAT.26.38,"Ava ababwira ntya: «Mbabezwe bweneene omu murhima hoofu n'ogufa! Mubeere hano, munatarame haguma naani.».","Il leur dit alors: Mon âme est triste jusquà la mort; restez ici, et veillez avec moi."
MAT.26.39,"Yeesu aja ashegera ahambere hityu, ayinama guhisa amalanga oku daho. Arhondera gusaliira omu kuderha ntya: «Daarha! Akaba byankagalika, eyi ngumbu y'amalibuko oyigeze hale naani! Aliko nachiro ntyo, birhabaaga nk'oku nyoono nshondere, sy'aliko obulonza bwawe bo bujirikanage.».","Puis, ayant fait quelques pas en avant, il se jeta sur sa face, et pria ainsi: Mon Père, sil est possible, que cette coupe séloigne de moi! Toutefois, non pas ce que je veux, mais ce que tu veux."
MAT.26.40,"Enyuma, Yeesu agaluka halaala alekaga bala bigirizwa basharhu. Ababugaana bajire ero. Aja abwira Petero ntya: «Murhagalire gutarama haguma naani chiro saa nguma?.","Et il vint vers les disciples, quil trouva endormis, et il dit à Pierre: Vous navez donc pu veiller une heure avec moi!."
MAT.26.41,"Mutarame munasalire yi murhajaaga omu bigeregezo, bulaala omurhima gukomeere, sy'aliko omubiri guli muzamba.».","Veillez et priez, afin que vous ne tombiez pas dans la tentation; lesprit est bien disposé, mais la chair est faible."
MAT.26.42,"Yeesu ashuba kubaleka kandi, agenda gusaliira obwakabiri, aderha ntya: «Daarha wee! Akaba eyi ngumbu y'amalibuko erhakagala kugera hale naani buzira nyoono kuyinywa ko, obulonza bwawe buje bwajirika!».","Il séloigna une seconde fois, et pria ainsi: Mon Père, sil nest pas possible que cette coupe séloigne sans que je la boive, que ta volonté soit faite!."
MAT.26.43,"Abeere agaluka emunda abigirizwa baage baliiri, ababugaana kandi bajire ero, kwenge ameesho maabo maliiri malemereerwe n'ero.","Il revint, et les trouva encore endormis; car leurs yeux étaient appesantis."
MAT.26.44,Yeesu ashuba kubaleka anaja gusaliira Nnamahanga obwagasharhu. Asaliira kula ko na kula.,"Il les quitta, et, séloignant, il pria pour la troisième fois, répétant les mêmes paroles."
MAT.26.45,"Oku buzinda, agaluka emunda abigirizwa baage bali. Ababwira ntya: «Muchilyamire munali mwahumuuka? Mulole! Egihe chahikire, bunoola nyoono Mwene oMuntu nahirwa omu maboko m'abanyabyaaha.","Puis il alla vers ses disciples, et leur dit: Vous dormez maintenant, et vous vous reposez! Voici, lheure est proche, et le Fils de lhomme est livré aux mains des pécheurs."
MAT.26.46,"Muyimange, rhugende! Tala, ola wandenganya yoono akola ali hoofu!».","Levez-vous, allons; voici, celui qui me livre sapproche."
MAT.26.47,"Yeesu abeere achiri aderha, ho n'aho Yuuda, muguma w'omu ntumwa zaage ekumi n'ebiri ahika. Oyo Yuuda aliiri haguma n'echigusho chinene ch'abantu baligwerhe engoorho n'enkoni. Abo bantu baliiri barhumirwe n'abakulu b'abadaahwa, n'abashamuka b'aBayaahudi.","Comme il parlait encore, voici, Judas, lun des douze, arriva, et avec lui une foule nombreuse armée dépées et de bâtons, envoyée par les principaux sacrificateurs et par les anciens du peuple."
MAT.26.48,"Yuuda, ola wahanaga Yeesu, aliiri abayerekere echimenyeso akolesa. N'echo chimenyeso chaliderheere ntya: «Ola nahoobera, eyi yooyo, mumufarhe!».","Celui qui le livrait leur avait donné ce signe: Celui que je baiserai, cest lui; saisissez-le."
MAT.26.49,"Ho n'aho, Yuuda ayegeera Yeesu. Amubwira ntya: «Mahyo, Mwigiriza!» Oku buzinda amuhoobera.","Aussitôt, sapprochant de Jésus, il dit: Salut, Rabbi! Et il le baisa."
MAT.26.50,"Aliko Yeesu amubwira ntya: «Ego mwira waani! Echakuleerhere, ochijire.» Abo bantu baja bafarha Yeesu, banamushweka.","Jésus lui dit: Mon ami, ce que tu es venu faire, fais-le. Alors ces gens savancèrent, mirent la main sur Jésus, et le saisirent."
MAT.26.51,"Muntu muguma omu baliiri haguma na Yeesu, ashoshoola engoorho yaage. Ava ayibanda omuja w'omudaahwa mukulu, amushinjibula ogurhwi.","Et voici, un de ceux qui étaient avec Jésus étendit la main, et tira son épée; il frappa le serviteur du souverain sacrificateur, et lui emporta loreille."
MAT.26.52,"Aliko Yeesu amubwira ntya: «Galula engoorho yaawe omu luuba lwayo. Kwenge booshi banalwa omu gukoleesa engoorho, nabo nji bayirhwa n'engoorho.",Alors Jésus lui dit: Remets ton épée à sa place; car tous ceux qui prendront lépée périront par lépée.
MAT.26.53,"Wooyo, orhenji oku nakagala guhema Daarha okw'antabaale, ho n'aho anantumira abamalahika banene kulusha bigusho ekumi na bibiri?.","Penses-tu que je ne puisse pas invoquer mon Père, qui me donnerait à linstant plus de douze légions danges?."
MAT.26.54,"Aliko nk'antumiire bo, leero gurhe aMandiko Matagatiifu makayeenera? Amo Maandiko maderhere oku eyi myaazi yooshi, ekwaneene kuba ntya!».","Comment donc saccompliraient les Écritures, daprès lesquelles il doit en être ainsi?."
MAT.26.55,"Yeesu aja abaza abo bantu ntya: «Girhumire mwayinja nkufarha n'engoorho n'enkoni, nka kulaala abantu baaja gufarha egishumuusi? Oku ngasi lusiku naliiri nayikala omu Nju ya Nnamahanga eyi ndi nayigiriza abantu, aliko murhanfarhaga.","En ce moment, Jésus dit à la foule: Vous êtes venus, comme après un brigand, avec des épées et des bâtons, pour vous emparer de moi. Jétais tous les jours assis parmi vous, enseignant dans le temple, et vous ne mavez pas saisi."
MAT.26.56,"Ebi byooshi byajirikeene, y'ebinwa byooshi biyeenere ebi abaleebi baderhaga omu Mandiko Matagatiifu.» Oku buzinda, abigirizwa baage booshi bamuleka, balibirha.","Mais tout cela est arrivé afin que les écrits des prophètes fussent accomplis. Alors tous les disciples labandonnèrent, et prirent la fuite."
MAT.26.57,"Abo bantu bafarhaga Yeesu, bamuheeka emw'oMudaahwa Mukulu oyirikwa Kayaafa. Eyoola y'abigiriza b'amarhegeko n'abashamuka b'aBayaahudi balichigushire.","Ceux qui avaient saisi Jésus lemmenèrent chez le souverain sacrificateur Caïphe, où les scribes et les anciens étaient assemblés."
MAT.26.58,Aliko Petero aliiri akulikira Yeesu omu bwibisho guhika aja omu chibuga ch'enju y'oMudaahwa Mukulu. Ayikala embuga haguma n'abalanzi y'abone oku byaaba.,"Pierre le suivit de loin jusquà la cour du souverain sacrificateur, y entra, et sassit avec les serviteurs, pour voir comment cela finirait."
MAT.26.59,"Abo bakulu b'abadaahwa n'abashamuka booshi b'akabuga gakulu k'aBayaahudi, bashonda obuhamiiriza bw'obubeeshi elugulu wa Yeesu yi bamuyirhe.","Les principaux sacrificateurs et tout le sanhédrin cherchaient quelque faux témoignage contre Jésus, suffisant pour le faire mourir."
MAT.26.60,"Bantu banene bayinja guhamiiriza ebinwa by'obubeeshi elugulu waage. Chiro akaba ntyo, babula echinwa bakagala kuyimangira ko yi bamuyirhe. Oku buzinda, bantu babiri bahika.","Mais ils nen trouvèrent point, quoique plusieurs faux témoins se fussent présentés. Enfin, il en vint deux, qui dirent:."
MAT.26.61,n'okuderha ntya: «Oyu muntu aderhere ntya: ‹Nangashanda eNju ya Nnamahanga n'ogushuba kuyiyumbaka omu siku esharhu.›».,"Celui-ci a dit: Je puis détruire le temple de Dieu, et le rebâtir en trois jours."
MAT.26.62,oMudaahwa Mukulu aja ayimanga n'okubaza Yeesu ntya: «Nta chinwa n'echiguma washubize kw'ebi binwa byooshi aba bantu bagusidakire ko?».,"Le souverain sacrificateur se leva, et lui dit: Ne réponds-tu rien? Quest-ce que ces hommes déposent contre toi?."
MAT.26.63,"Aliko Yeesu agisirira. Oyo Mudaahwa Mukulu ashuba kumubwira ntya: «Nguhemere oku ziino lya Nnamahanga ozeene, olahire akaba arhali wooyo we Kirisitu, Mugala wa Nnamahanga!».","Jésus garda le silence. Et le souverain sacrificateur, prenant la parole, lui dit: Je tadjure, par le Dieu vivant, de nous dire si tu es le Christ, le Fils de Dieu."
MAT.26.64,"Yeesu amushubiza ntya: «Wooyo wenyine wamaderha ko! Leero mbabwirire oku gurhengera buno, mwabona gurhe nyoono Mwene oMuntu nyikeere ekulyo kwa Nnamahanga w'obuhashe. Na ntyo, mwabona gurhe nyinjire gurhenga empingu omu bichu.».","Jésus lui répondit: Tu las dit. De plus, je vous le déclare, vous verrez désormais le Fils de lhomme assis à la droite de la puissance de Dieu, et venant sur les nuées du ciel."
MAT.26.65,"Oyo mukulu w'abadaahwa, abeere ayunva ntyo, achiberera kw'emyambalo. Aderha ntya: «Oyu muntu adukangire Nnamahanga! Buhamiiriza buchi rhwagishonda? Mulole! Ka murhayunvirhe mwenyine oku amadukanga Nnamahanga?.","Alors le souverain sacrificateur déchira ses vêtements, disant: Il a blasphémé! Quavons-nous encore besoin de témoins? Voici, vous venez dentendre son blasphème. Que vous en semble?."
MAT.26.66,"Gurhe si mubwene?» Nabo, bamushubiza ntya: «Akwaneene afe!».",Ils répondirent: Il mérite la mort.
MAT.26.67,"Baguma omu bo, bamuchiira omu malanga n'okumushuurha ebifundo. N'abandi bamushuurha ebigalo.","Là-dessus, ils lui crachèrent au visage, et lui donnèrent des coups de poing et des soufflets en disant:."
MAT.26.68,"n'okumubwira ntya: «Wooyo Kirisitu, leeba nde wagushurhire!».","Christ, prophétise; dis-nous qui ta frappé."
MAT.26.69,"Mw'ebyo bishanji, Petero aliiri ayikeere embuga. Mukozi muguma w'omukazi amuyegeera, anamubwira ntya: «Naawe, waliiri haguma na Yeesu w'eGalilaaya.».","Cependant, Pierre était assis dehors dans la cour. Une servante sapprocha de lui, et dit: Toi aussi, tu étais avec Jésus le Galiléen."
MAT.26.70,"Aliko Petero ahakana embere z'abantu booshi baliiri ahoola, aderha ntya: «Ebyo washonda kuderha, ntabimenyere!».","Mais il le nia devant tous, disant: Je ne sais ce que tu veux dire."
MAT.26.71,"Enyuma z'ebyo, Petero arhenga ahoola, aja ebwa mulyango g'olugo. Owindi mukozi muguma w'omukazi naye amubona, abwira abantu baliiri ahoola ntya: «Oyu muntu, aliiri haguma na Yeesu w'eNazareeti.».","Comme il se dirigeait vers la porte, une autre servante le vit, et dit à ceux qui se trouvaient là; Celui-ci était aussi avec Jésus de Nazareth."
MAT.26.72,Aliko Petero ashuba kulahira ntya: «Mpakanire okw'oyo muntu ntamuyinji!».,"Il le nia de nouveau, avec serment: Je ne connais pas cet homme."
MAT.26.73,"Enyuma z'ebishanji bigeeke, abantu baliiri baliyimangire aho, bayegeera Petero n'okumubwira ntya: «Okuli, oli muguma waabo, kwenge oluderho lwawe luchiyerekeene bwinja!».","Peu après, ceux qui étaient là, sétant approchés, dirent à Pierre: Certainement tu es aussi de ces gens-là, car ton langage te fait reconnaître."
MAT.26.74,"Petero ava arhondera kuderha ntya: «Akaba nderhere obubeeshi, nvumwe! Nahakanire okw'oyo muntu, nyoono ntamuyinji!» Ho n'aho oluhazi lwabika.",Alors il se mit à faire des imprécations et à jurer: Je ne connais pas cet homme. Aussitôt le coq chanta.
MAT.26.75,"Petero ava ayibuka ebinwa Yeesu amubwiraga ntya: «Embere oluhazi lubike, waaba eyi wamampakana gasharhu okw'orhanyinji.» Aja ahuluka n'ogurhondera kulaka n'amaganya manene.","Et Pierre se souvint de la parole que Jésus avait dite: Avant que le coq chante, tu me renieras trois fois. Et étant sorti, il pleura amèrement."
MAT.27.1,"Bwabeere bwacha, abakulu b'abadaahwa booshi haguma n'abashamuka b'aBayaahudi, bajira akaligi kw'okuyirha Yeesu.","Dès que le matin fut venu, tous les principaux sacrificateurs et les anciens du peuple tinrent conseil contre Jésus, pour le faire mourir."
MAT.27.2,"Echo charhuma bamumina, bamuheeka baaja kumuhaana emw'omurhegesi w'aBarooma oyirikwa Pilaato.","Après lavoir lié, ils lemmenèrent, et le livrèrent à Ponce Pilate, le gouverneur."
MAT.27.3,"Yuuda walenganyaga Yeesu, abeere abona oku Yeesu ahanirwe ogufa, ababala bweneene omu murhima. Arhoola bila bicheri makumi masharhu by'efuranga, aja kubigalulira abakulu b'abadaahwa n'abashamuka b'aBayaahudi.","Alors Judas, qui lavait livré, voyant quil était condamné, se repentit, et rapporta les trente pièces dargent aux principaux sacrificateurs et aux anciens."
MAT.27.4,"Ababwira ntya: «Najirire echaaha omu guhaana omuntu orhagwerhe bubi oku ayirhwe.» Nabo bamushubiza ntya: «Ebyo birhachirhuloleere, bikola byawe ebyo!».","en disant: Jai péché, en livrant le sang innocent. Ils répondirent: Que nous importe? Cela te regarde."
MAT.27.5,Yuuda akabula ebyo bicheri by'efuranga omu Nju ya Nnamahanga. Ava aja guchiniga.,"Judas jeta les pièces dargent dans le temple, se retira, et alla se pendre."
MAT.27.6,"Abakulu b'abadaahwa barholagula ebyo bicheri by'efuranga, baderha ntya: «Gukulikirana n'eRhegeko lyeerhu, birhahemerwe kubiika ezi furanga omu sanduku y'eNju ya Nnamahanga, kwenge ziri ngulo yashesheere eshagama.».","Les principaux sacrificateurs les ramassèrent, et dirent: Il nest pas permis de les mettre dans le trésor sacré, puisque cest le prix du sang."
MAT.27.7,"Elugulu w'echo, bayunviikana oku bazikolese omu kugula eshwa ly'omubumbi muguma, yi baleme bahamba mo abahiisi.","Et, après en avoir délibéré, ils achetèrent avec cet argent le champ du potier, pour la sépulture des étrangers."
MAT.27.8,Echo chogirhuma elyo shwa lihamagalwa «Shwa ly'eshagama» guhika zeene.,"Cest pourquoi ce champ a été appelé champ du sang, jusquà ce jour."
MAT.27.9,"Ntyo, ebinwa byayenera, eby'omuleebi Yeremiya aderhaga ntya: «Barhoolaga bicheri makumi masharhu by'efuranga, gukulikirana n'engulo abanyaIsraheeli bayunvikanaga elugulu w'erhwe lyaage.","Alors saccomplit ce qui avait été annoncé par Jérémie, le prophète: Ils ont pris les trente pièces dargent, la valeur de celui qui a été estimé, quon a estimé de la part des enfants dIsraël;."
MAT.27.10,Bagula eshwa ly'omubumbi muguma nk'oku Nnaweerhu abaaga ambwirire.».,"et ils les ont données pour le champ du potier, comme le Seigneur me lavait ordonné."
MAT.27.11,"Omurhegesi Pilaato abeere ali aburanya Yeesu, amubaza ntya: «Nka wooyo we mwami w'aBayaahudi?» Yeesu amushubiza ntya: «Wooyo we waderhere ko!».","Jésus comparut devant le gouverneur. Le gouverneur linterrogea, en ces termes: Es-tu le roi des Juifs? Jésus lui répondit: Tu le dis."
MAT.27.12,"Enyuma z'aho, abakulu b'abadaahwa n'abashamuka b'aBayaahudi, barhondera kulega Yeesu, aliko ntaacho ashubiize.",Mais il ne répondit rien aux accusations des principaux sacrificateurs et des anciens.
MAT.27.13,"Echo charhuma Pilaato ashuba kumubaza ntya: «Ebyo binwa byooshi bali bakulega ko, orhali wabiyunva?».",Alors Pilate lui dit: Nentends-tu pas de combien de choses ils taccusent?.
MAT.27.14,"Aliko mw'ebyo byooshi, ntaacho Yeesu amushubize. Oko kwarhuma, oyo murhegesi asoomerwa bweneene.","Et Jésus ne lui donna de réponse sur aucune parole, ce qui étonna beaucoup le gouverneur."
MAT.27.15,"Ngasi lusiku lukulu lw'ePaasaka, omurhegesi alemaga alikuulira olubaga muntu muguma lwaliiri lusiimire.","A chaque fête, le gouverneur avait coutume de relâcher un prisonnier, celui que demandait la foule."
MAT.27.16,"Mw'ezo siku, haliiri muntu muguma oyirikwa Baraaba, abaaga ashwekerwe omu munyororo. Oyo Baraaba alimenyikeene bweneene elugulu w'obubi bwage.","Ils avaient alors un prisonnier fameux, nommé Barabbas."
MAT.27.17,"Abantu babeere bachigushire haguma, Pilaato ababaza ntya: «Nde mushondere mbashwekulire? Baraaba changwa Yeesu oyirikwa Kirisitu?».","Comme ils étaient assemblés, Pilate leur dit: Lequel voulez-vous que je vous relâche, Barabbas, ou Jésus, quon appelle Christ?."
MAT.27.18,"Abazaga ntyo, kwenge aliyinji oku bamulerhere Yeesu elugulu w'obongwa.",Car il savait que cétait par envie quils avaient livré Jésus.
MAT.27.19,"Pilaato abeere amayikala oku ntebe yaage y'oguchira ko eshinja, mukaage amurhumira entumwa ederhere ntya: «Orhachihiraga omu myaazi y'oyu muntu okwaneene! Kwenge omu budufu bwa zeene, naloorhaga elugulu waage. Ebyo biloorho byali mbabeze bweneene!».","Pendant quil était assis sur le tribunal, sa femme lui fit dire: Quil ny ait rien entre toi et ce juste; car aujourdhui jai beaucoup souffert en songe à cause de lui."
MAT.27.20,"Aliko abo bakulu b'abadaahwa n'abashamuka b'aBayaahudi bayoohya echigusho ch'abantu oku baheme Baraaba ashwekuulwe, na Yeesu ayirhwe.","Les principaux sacrificateurs et les anciens persuadèrent à la foule de demander Barabbas, et de faire périr Jésus."
MAT.27.21,"Pilaato ashuba kubabaza ntya: «Nde, mw'aba bantu babiri, mushondere mbashwekuulire?» Nabo bamushubiza ntya: «Baraaba.».","Le gouverneur prenant la parole, leur dit: Lequel des deux voulez-vous que je vous relâche? Ils répondirent: Barabbas."
MAT.27.22,"Pilaato ashuba kubabaza ntya: «Gurhe njirage oyu Yeesu oyirikwa Kirisitu?» Booshi, oku chaligumiza bashubiza ntya: «Abambwe oku musalaaba!».","Pilate leur dit: Que ferai-je donc de Jésus, quon appelle Christ? Tous répondirent: Quil soit crucifié!."
MAT.27.23,Pilaato ashuba kubabaza ntya: «Bubi buchi ajirire?» Aliko bagendekera kuderha bweneene ntya: «Abambwe oku musalaaba!».,Le gouverneur dit: Mais quel mal a-t-il fait? Et ils crièrent encore plus fort: Quil soit crucifié!.
MAT.27.24,"Pilaato abeere abona oku nta chinwa chanka chiyunvikana gukulikirana n'okw'olwamo yilwaluga, arhoola amenji, akalaba efune zaage embere z'abantu, aderha ntya: «Eshagama y'oyu muntu erhabaga oku rhwe lyaani! Ebe oku rhwe lyenyu!».","Pilate, voyant quil ne gagnait rien, mais que le tumulte augmentait, prit de leau, se lava les mains en présence de la foule, et dit: Je suis innocent du sang de ce juste. Cela vous regarde."
MAT.27.25,"Abantu booshi bashubiza ntya: «Neechi, eshagama yaage ebe oku rhwe lyeerhu n'oku ly'abaana beerhu!».",Et tout le peuple répondit: Que son sang retombe sur nous et sur nos enfants!.
MAT.27.26,"Pilaato ava abashwekuulira Baraaba anarhegeka oku Yeesu ashuurhwe enkoni. Oku buzinda, abaha ye y'abambwe oku musalaaba.","Alors Pilate leur relâcha Barabbas; et, après avoir fait battre de verges Jésus, il le livra pour être crucifié."
MAT.27.27,"Enyuma z'ebyo, abasoda b'omurhegesi Pilaato, baheeka Yeesu omu kampi kaabo. Echigusho chooshi ch'abasoda, chaava chamugorha.","Les soldats du gouverneur conduisirent Jésus dans le prétoire, et ils assemblèrent autour de lui toute la cohorte."
MAT.27.28,Abo basoda bamuhogola emyambalo yaage banamuyambisa egishuuli ch'omuduku.,"Ils lui ôtèrent ses vêtements, et le couvrirent dun manteau écarlate."
MAT.27.29,"Baluka echimene n'emirhabi y'emishaaki, bamuyambisa cho oku rhwe. Bamufumbanya olusheke omu fune y'okulyo. Baja balema bafukama embere zaage omu kumushekera ntya: «Mahyo, Mwami w'aBayaahudi!».","Ils tressèrent une couronne dépines, quils posèrent sur sa tête, et ils lui mirent un roseau dans la main droite; puis, sagenouillant devant lui, ils le raillaient, en disant: Salut, roi des Juifs!."
MAT.27.30,"Bamuchiira ko, baava barhoola lula lusheke n'ogurhondera kumushurha lo oku rhwe.","Et ils crachaient contre lui, prenaient le roseau, et frappaient sur sa tête."
MAT.27.31,"Amango babaaga bamaamala kumushekera, bamuhogola chila gishuuli, bashuba kumuyambisa ela myambalo yaage. Oku buzinda, bamuheeka kumubamba oku musalaaba.","Après sêtre ainsi moqués de lui, ils lui ôtèrent le manteau, lui remirent ses vêtements, et lemmenèrent pour le crucifier."
MAT.27.32,"Abo basoda babeere bali barhenga omu gishagala, babuganana n'omuntu muguma w'omu gishagala ch'eKureene oyirikwa Simooni. Oyo Simooni bamurhegeka aheeke omusalaaba gwa Yeesu.","Lorsquils sortirent, ils rencontrèrent un homme de Cyrène, appelé Simon, et ils le forcèrent à porter la croix de Jésus."
MAT.27.33,"Babeere bahika ahantu hayirikwa ''Goligoota'', kw'okuderha «Hantu h'empanga».","Arrivés au lieu nommé Golgotha, ce qui signifie lieu du crâne."
MAT.27.34,"baaha Yeesu edivaayi egwerhe endulo. Aliko abeere ayigonja ko, alahira kuyinywa.","ils lui donnèrent à boire du vin mêlé de fiel; mais, quand il leut goûté, il ne voulut pas boire."
MAT.27.35,"Abo basoda babeere bamala kumubamba oku musalaaba, bagabaana emyambalo yaage omu kuyiyeshera esimbi.","Après lavoir crucifié, ils se partagèrent ses vêtements, en tirant au sort, afin que saccomplît ce qui avait été annoncé par le prophète: Ils se sont partagé mes vêtements, et ils ont tiré au sort ma tunique."
MAT.27.36,"Oku buzinda, bayikala ahoola, balanga Yeesu.","Puis ils sassirent, et le gardèrent."
MAT.27.37,"N'elugulu w'erhwe lyaage, bahira ho ehipaho hiyandikirwe ko ebinwa byarhumaga bamuhana. Ebyo binwa byaliiri biderhere ntya: «Oyu ye Yeesu, Mwami w'aBayaahudi.».","Pour indiquer le sujet de sa condamnation, on écrivit au-dessus de sa tête: Celui-ci est Jésus, le roi des Juifs."
MAT.27.38,"Bishumuusi bibiri na byo byaliiri bibambirwe oku misalaaba haguma na Yeesu, muguma oku lunda lw'ekulyo n'owindi oku lunda lw'ekulembe.","Avec lui furent crucifiés deux brigands, lun à sa droite, et lautre à sa gauche."
MAT.27.39,"Abantu baliiri balenga aho, baliiri badukanga Yeesu, n'okuzunguza amarhwe maabo.","Les passants linjuriaient, et secouaient la tête."
MAT.27.40,"Bali baderha ntya: «Wooyo, we washondaga gushanda eNju ya Nnamahanga, onashube kuyiyumbaka omu siku esharhu! Leero, akaba onali Mugala wa Nnamahanga, ogichungule wenyine, ochiyandagaze kw'ogu musalaaba!».","en disant: Toi qui détruis le temple, et qui le rebâtis en trois jours, sauve-toi toi-même! Si tu es le Fils de Dieu, descends de la croix!."
MAT.27.41,"Abakulu b'abadaahwa n'abigiriza b'amarhegeko haguma n'abashamuka b'aBayaahudi, nabo bamushekera ntya:.","Les principaux sacrificateurs, avec les scribes et les anciens, se moquaient aussi de lui, et disaient:."
MAT.27.42,"«Aliiri achungula abandi bantu, aliko leero yeewe yenyine agambirwe guchichungula! K'arhali yeewe ye Mwami w'abanyaIsraheeli? Ajage achiyandagaza kw'ogu musalaaba, yi neerhu rhumuyemeere!.","Il a sauvé les autres, et il ne peut se sauver lui-même! Sil est roi dIsraël, quil descende de la croix, et nous croirons en lui."
MAT.27.43,"Aliiri alangalira Nnamahanga, na kandi aliiri aderha oku ali Mugala waage. Leero akaba oyo Nnamahanga anamusiima, amuchungule!».","Il sest confié en Dieu; que Dieu le délivre maintenant, sil laime. Car il a dit: Je suis Fils de Dieu."
MAT.27.44,"Bila bishumuusi byaliiri bibambirwe oku misalaaba eburhambi bwa Yeesu, na byo byaliiri byamushekera.","Les brigands, crucifiés avec lui, linsultaient de la même manière."
MAT.27.45,"Enyuma z'ebyo, omwizimya gwaba oku gulu lyooshi, gurhengera midi guhika aha saa mwenda.","Depuis la sixième heure jusquà la neuvième, il y eut des ténèbres sur toute la terre."
MAT.27.46,"Zabeere hoofu saa mwenda, Yeesu alika omulenge munene, aderha ntya: «Eloyi! Eloyi! Laama sabakatani!» Kw'okuderha ntya: «Nnamahanga waani! Nnamahanga waani! Girhumire wandekeerera?».","Et vers la neuvième heure, Jésus sécria dune voix forte: Éli, Éli, lama sabachthani? cest-à-dire: Mon Dieu, mon Dieu, pourquoi mas-tu abandonné?."
MAT.27.47,"Bantu baguma baliiri ahoola, babeere bayunva oko, baderha ntya: «Ali ahamagala Eliya.».","Quelques-uns de ceux qui étaient là, layant entendu, dirent: Il appelle Élie."
MAT.27.48,"Ho n'aho, muguma omu bo, alibirha kuja kuleerha echiraka, achivuvuliza omu divaayi y'enkala. Echo chiraka agishwekera oku lusheke, anachizamuulira Yeesu y'anywe.","Et aussitôt lun deux courut prendre une éponge, quil remplit de vinaigre, et, layant fixée à un roseau, il lui donna à boire."
MAT.27.49,"Aliko abandi baderha ntya: «Muleke, rhulole akaba Eliya ayinja kumuchungula!».","Mais les autres disaient: Laisse, voyons si Élie viendra le sauver."
MAT.27.50,"Aliko Yeesu ashuba kulika omulenge munene, arhenga m'omuuka.","Jésus poussa de nouveau un grand cri, et rendit lesprit."
MAT.27.51,"Ho n'aho, omwenda g'olusika gwalimanikirwe omu Nju ya Nnamahanga, gwasharhuka mo bisharhe bibiri, gurhengera enyanya guhika eshiishi. Egihugo chagera m'omusisi, ebirimbi byabereka.","Et voici, le voile du temple se déchira en deux, depuis le haut jusquen bas, la terre trembla, les rochers se fendirent."
MAT.27.52,"Eshinda nazo zagichinguula, n'abakwaneene banene babaaga bafiire miira, bafuuka.","les sépulcres souvrirent, et plusieurs corps des saints qui étaient morts ressuscitèrent."
MAT.27.53,"Barhenga omu shinda, n'enyuma z'ogufuuka kwa Yeesu, abo bantu baaja omu gishagala gitagatiifu ch'eYerusaleema, n'abantu banene bababona ko.","Étant sortis des sépulcres, après la résurrection de Jésus, ils entrèrent dans la ville sainte, et apparurent à un grand nombre de personnes."
MAT.27.54,"Omukulu w'abasoda haguma n'abasoda baage baliiri balanga Yeesu, babeere babona omusisi gwagera omu gihugo, na kw'ebyo bindi byooshi byahulukiraga, bayuubaha bweneene. Baja baderha ntya: «Okuli oyu muntu aliiri Mugala wa Nnamahanga!».","Le centenier et ceux qui étaient avec lui pour garder Jésus, ayant vu le tremblement de terre et ce qui venait darriver, furent saisis dune grande frayeur, et dirent: Assurément, cet homme était Fils de Dieu."
MAT.27.55,"Hale bugeeke n'ahoola, haliiri abakazi banene, baliiri balangiira ebyo byooshi. Abo bakazi bo balikulikire Yeesu gurhengera eGalilaaya, bo banaliiri bamukolera.","Il y avait là plusieurs femmes qui regardaient de loin; qui avaient accompagné Jésus depuis la Galilée, pour le servir."
MAT.27.56,"Ahagarhi kaabo, haliiri Mariya w'eMagadala, Mariya nyina wa Yakobo na Yozefu haguma na nyina wa beene Zebedayo.","Parmi elles étaient Marie de Magdala, Marie, mère de Jacques et de Joseph, et la mère des fils de Zébédée."
MAT.27.57,"Lyabeere golo, hahulukira muntu muguma w'omuchire w'omu gishagala ch'eArimateeya, oyirikwa Yozefu. Oyo Yozefu, naye aliiri mwigirizwa wa Yeesu.","Le soir étant venu, arriva un homme riche dArimathée, nommé Joseph, lequel était aussi disciple de Jésus."
MAT.27.58,Ahikira Pilaato y'amuheme omubiri gwa Yeesu. Pilaato ava arhegeka oku bamuhe go.,"Il se rendit vers Pilate, et demanda le corps de Jésus. Et Pilate ordonna de le remettre."
MAT.27.59,"Yozefu arhoola ogo mubiri, anaguzingira omu daraape lihyaahya.","Joseph prit le corps, lenveloppa dun linceul blanc."
MAT.27.60,"Ahamba go omu shinda yaage mpyaahya. Eyo shinda, alibeere ayichire omu baale. Ahirikira ebaale linene oku mulyango gw'eyo shinda, oku buzinda achigendera.","et le déposa dans un sépulcre neuf, quil sétait fait tailler dans le roc. Puis il roula une grande pierre à lentrée du sépulcre, et il sen alla."
MAT.27.61,"Mw'ebyo bishanji, Mariya w'eMagadala n'ola windi Mariya, baliiri bayikeere ahoola, embere z'eyo shinda.","Marie de Magdala et lautre Marie étaient là, assises vis-à-vis du sépulcre."
MAT.27.62,Olo lusiku lo lwaliiri lusiku l'oguchirheganya oku Saabato. Abakulu b'abadaahwa n' aBafarisaayo baaja emwa Pilaato.,"Le lendemain, qui était le jour après la préparation, les principaux sacrificateurs et les pharisiens allèrent ensemble auprès de Pilate."
MAT.27.63,"bamubwira ntya: «Waliha! Rhuyibukire oku ela ndyaalya y'omulume, egihe yalichiri ngumaguma, yaliderhere ntya: ‹Enyuma z'ogufa kwani, nafuuka oku lusiku lwa gasharhu.›.","et dirent: Seigneur, nous nous souvenons que cet imposteur a dit, quand il vivait encore: Après trois jours je ressusciterai."
MAT.27.64,"Cho girhumire, orhegeke abasoda balange eshinda guhika ezo siku esharhu, y'abigirizwa baage barhayinjaga kuzimba omubiri gwage n'okubwira abantu oku afuukire gurhenga omu bafu. Na ntyo, obo bubeeshi bwanaba bubi kulusha obwambere.».","Ordonne donc que le sépulcre soit gardé jusquau troisième jour, afin que ses disciples ne viennent pas dérober le corps, et dire au peuple: Il est ressuscité des morts. Cette dernière imposture serait pire que la première."
MAT.27.65,"Pilaato ababwira ntya: «Mugwerhe abasoda b'obulanzi! Mubaheeke ebwa shinda, yi baaje kuyilanga nk'oku mushondere.».","Pilate leur dit: Vous avez une garde; allez, gardez-le comme vous lentendrez."
MAT.27.66,"Oku buzinda, barhenga ahoola, baaja ebwa shinda. Bahamika lila baale lifukire eshinda, banahira abalanzi ahoola b'okuyilanga.","Ils sen allèrent, et sassurèrent du sépulcre au moyen de la garde, après avoir scellé la pierre."
MAT.28.1,"Olusiku lw'eSaabato lwabeere lwagera, emiseke bucha eseezi ly'olusiku lurhanzi lw'eboso, Mariya w'eMagadala haguma n'ola windi Mariya, baaja gurhangula eshinda ya Yeesu.","Après le sabbat, à laube du premier jour de la semaine, Marie de Magdala et lautre Marie allèrent voir le sépulcre."
MAT.28.2,"Ho n'aho haaba omusisi munene omu gihugo. Malahika muguma wa Nnaweerhu ayandagala gurhenga empingu, ayegeera eshinda. Ahirika lila baale eburhambi, anayikala oku lyo.","Et voici, il y eut un grand tremblement de terre; car un ange du Seigneur descendit du ciel, vint rouler la pierre, et sassit dessus."
MAT.28.3,Oyo malahika alibaraganyize nka mubaraganyo n'emyambalo yaage yali myeeru bweneene nka lubula.,"Son aspect était comme léclair, et son vêtement blanc comme la neige."
MAT.28.4,"Abo balanzi b'eshinda babeere babona ebyo, bayuubaha bweneene. Bahinda emisisi guhika egihe baaba nka bafu.","Les gardes tremblèrent de peur, et devinrent comme morts."
MAT.28.5,"Oyo malahika abwira abo bakazi ntya: «Mwabo, murhayuubahaga, kwenge nyinji oku muli mwashonda Yeesu wabambwaga oku musalaaba.","Mais lange prit la parole, et dit aux femmes: Pour vous, ne craignez pas; car je sais que vous cherchez Jésus qui a été crucifié."
MAT.28.6,"Arhachiri hano! Afuukire nk'oku abaaga aderhere. Muyinje, muchilolere aha baliiri bamulyamize.","Il nest point ici; il est ressuscité, comme il lavait dit. Venez, voyez le lieu où il était couché."
MAT.28.7,"Leero, mugende jubaajuba kubwira abigirizwa baage oku afuukire, anabarhangire miira eGalilaaya. N'eyo munda yi mwamubonera ko. Ebi binalishondere kubabwira!».","et allez promptement dire à ses disciples quil est ressuscité des morts. Et voici, il vous précède en Galilée: cest là que vous le verrez. Voici, je vous lai dit."
MAT.28.8,"Abo bakazi baja barhenga ebwa shinda, eyi bagwerhe obuuba, aliko baliiri bashagalukire bweneene. Balibirha kuja kubwira abigirizwa ba Yeesu ogo mwazi.","Elles séloignèrent promptement du sépulcre, avec crainte et avec une grande joie, et elles coururent porter la nouvelle aux disciples."
MAT.28.9,"Ho n'aho, Yeesu ahulukira bala bakazi, anabalamusa ntya: «Mahyo!» Bamuyegeera, bamugwarha amagulu n'okumuharamya.","Et voici, Jésus vint à leur rencontre, et dit: Je vous salue. Elles sapprochèrent pour saisir ses pieds, et elles se prosternèrent devant lui."
MAT.28.10,"Oku buzinda, Yeesu ababwira ntya: «Murhayuubahaga! Muje kubwira beene beerhu oku baaje eGalilaaya. N'eyo munda yi bambonera ko.».",Alors Jésus leur dit: Ne craignez pas; allez dire à mes frères de se rendre en Galilée: cest là quils me verront.
MAT.28.11,"Abo bakazi babeere bachiri bagenda, basoda baguma omu baliiri kulanga eshinda, baaja omu gishagala kubalira abakulu b'abadaahwa emyaazi yooshi yabeere.","Pendant quelles étaient en chemin, quelques hommes de la garde entrèrent dans la ville, et annoncèrent aux principaux sacrificateurs tout ce qui était arrivé."
MAT.28.12,Bala bakulu b'abadaahwa bachigusha haguma n'abashamuka b'aBayaahudi yi barhoole omugambi. Baheereza bala basoda efuranga zinene.,"Ceux-ci, après sêtre assemblés avec les anciens et avoir tenu conseil, donnèrent aux soldats une forte somme dargent."
MAT.28.13,bababwira ntya: «Mwabo mwalema mwaderha ntya: ‹Abigirizwa baage baliyinjire kumuzimba obudufu eyi rhulyaamire.›.,"en disant: Dites: Ses disciples sont venus de nuit le dérober, pendant que nous dormions."
MAT.28.14,"Nk'omurhegesi Pilaato ayunvire ogu mwazi, rhwabo rhwenyine rhwaganiira haguma naye n'okumuyemeeza byooshi byabeere yi ntaacho chibi chibahikirage.».","Et si le gouverneur lapprend, nous lapaiserons, et nous vous tirerons de peine."
MAT.28.15,"Bala basoda barhoola ezo furanga, banajira nk'oku bababwiraga. N'ogu mwazi gwayandaala omu Bayaahudi guhika zeene.","Les soldats prirent largent, et suivirent les instructions qui leur furent données. Et ce bruit sest répandu parmi les Juifs, jusquà ce jour."
MAT.28.16,"Enyuma z'ebyo, abigirizwa ekumi na muguma ba Yeesu, baaja eGalilaaya. Bazamukira oku gula musozi Yeesu abaaga abayerekere.","Les onze disciples allèrent en Galilée, sur la montagne que Jésus leur avait désignée."
MAT.28.17,"Babeere bamubona, bamuharamya. Aliko baguma omu bo, baganganwa.","Quand ils le virent, ils se prosternèrent devant lui. Mais quelques-uns eurent des doutes."
MAT.28.18,"Oku buzinda, Yeesu ayegeera hoofu nabo, ababwira ntya: «Nahabirwe obuhashe booshi omu mpingu n'omu gulu.","Jésus, sétant approché, leur parla ainsi: Tout pouvoir ma été donné dans le ciel et sur la terre."
MAT.28.19,"Mugende, mujire abantu b'embaga zooshi bigirizwa, mubabatiize oku ziino lya Daarha, ely'oMugala n'elya Muuka-Mutagatiifu.","Allez, faites de toutes les nations des disciples, les baptisant au nom du Père, du Fils et du Saint-Esprit."
MAT.28.20,Muleme mwabayigiriza gukenga ebinwa byooshi nabarhegekaga. Munamenye oku nyoono ndi haguma nenyu esiku zooshi guhika oku buzinda bw'egulu.».,"et enseignez-leur à observer tout ce que je vous ai prescrit. Et voici, je suis avec vous tous les jours, jusquà la fin du monde."
LUK.1.1,"Waliha Teofiile, bantu banene bachihangaanire kuyandika emyaazi ya byooshi byagerere ahagarhi keerhu.",Plusieurs ayant entrepris de composer un récit des événements qui se sont accomplis parmi nous.
LUK.1.2,"Abayandikaga, babibalire nk'oku rhwabalirwaga n'abalibibwene ko gurhenga oku ntangiriro, banahinduka bakozi b'eChinwa cha Nnamahanga.",suivant ce que nous ont transmis ceux qui ont été des témoins oculaires dès le commencement et sont devenus des ministres de la parole.
LUK.1.3,"Nchimala gushonda n'okubaza kw'eyi myaazi yooshi, byansimiisize naani nkubalire yo gurhenga oku ntangiriro ya yo. Bobunoola waliha Teofiile nkuyandikiire yo bwinjabwinja.","il ma aussi semblé bon, après avoir fait des recherches exactes sur toutes ces choses depuis leur origine, de te les exposer par écrit dune manière suivie, excellent Théophile."
LUK.1.4,Njirire ntyo y'omenya okuli kw'enyigirizo wayankiriire.,afin que tu reconnaisses la certitude des enseignements que tu as reçus.
LUK.1.5,"Amango Heroode aliiri mwami w' eYudeeya , haliiri mudaahwa muguma oyirikwa Zakariya, muguma w'omu badaahwa b'echigusho cha Abiya. Mukaage aliiri muguma w'omu banyere ba Haruuni , ayirikwaga Luzabeeti.","Du temps dHérode, roi de Judée, il y avait un sacrificateur, nommé Zacharie, de la classe dAbia; sa femme était dentre les filles dAaron, et sappelait Élisabeth."
LUK.1.6,Oku bali babiri balikwaneene embere za Nnamahanga. Babaaga bakenga bwinja amarhegeko mooshi ma Nnaweerhu n'okujira nk'oku aderhere.,"Tous deux étaient justes devant Dieu, observant dune manière irréprochable tous les commandements et toutes les ordonnances du Seigneur."
LUK.1.7,"Aliko, nta mwana baligwerhe, kwenge Luzabeeti aliiri ngumba na kandi eyi booshi babaaga bakola bashaaja.","Ils navaient point denfants, parce quÉlisabeth était stérile; et ils étaient lun et lautre avancés en âge."
LUK.1.8,"Lusiku luguma, Zakariya aliiri akola akaasi kaage k'obudaahwa embere za Nnamahanga, kwenge chaali gihe ch'echigusho chaage.","Or, pendant quil sacquittait de ses fonctions devant Dieu, selon le tour de sa classe, il fut appelé par le sort."
LUK.1.9,"Gukulikirana n'emicho y'obudaahwa, alondoolwa kuja omu Nju ya Nnaweerhu gusireeza obubaani.","daprès la règle du sacerdoce, à entrer dans le temple du Seigneur pour offrir le parfum."
LUK.1.10,"Amango Zakariya aliiri gusireeza obubaani, echigusho ch'abemeezi baliiri embuga omu masaala.","Toute la multitude du peuple était dehors en prière, à lheure du parfum."
LUK.1.11,"Malahika wa Nnaweerhu amuhulukira, ayimanga emalyo w'entuuliro y'obubaani.","Alors un ange du Seigneur apparut à Zacharie, et se tint debout à droite de lautel des parfums."
LUK.1.12,"Zakariya abeere amubona, ashalama n'okuyuubaha bweneene.","Zacharie fut troublé en le voyant, et la frayeur sempara de lui."
LUK.1.13,"Malahika amubwira ntya: «Zakariya, orhayuubahaga, kwenge Nnamahanga ayunviirhe esaala lyawe, na mukaawe Luzabeeti akuburhira omwana w'obuzaana. Nj'omuhe eziino lya Yohaana.","Mais lange lui dit: Ne crains point, Zacharie; car ta prière a été exaucée. Ta femme Élisabeth tenfantera un fils, et tu lui donneras le nom de Jean. Lu :."
LUK.1.14,Nji wagwarha obusiime n'omwishingo. N'abantu banene nji bamogera okuburhwa kwage.,"Il sera pour toi un sujet de joie et dallégresse, et plusieurs se réjouiront de sa naissance. Lu :."
LUK.1.15,"Kwenge nj'aba mukulu embere za Nnaweerhu. Arhakanywa divaayi changwa amaavu makalihire. Gurhengera omu nda ya nyina, nj'aba ey'ayunjwizwe Muuka-Mutagatiifu.","Car il sera grand devant le Seigneur. Il ne boira ni vin, ni liqueur enivrante, et il sera rempli de lEsprit-Saint dès le sein de sa mère;."
LUK.1.16,"Nj'agalula aBaisraheeli banene emwa Nnaweerhu, Nnamahanga waabo.","il ramènera plusieurs des fils dIsraël au Seigneur, leur Dieu;."
LUK.1.17,"Nj'agenda embere za Nnaweerhu haguma n'omurhima n'obuhashe bwa Eliya , y'agalula haguma abaana n'abazeere baabo. Nj'ahindamula abagome yi bagwarha obwenge nk'abakwaneene. Ntyo, arheganyiziza Nnaweerhu olubaga lurheganyizwe bwinja.».","il marchera devant Dieu avec lesprit et la puissance dÉlie, pour ramener les cœurs des pères vers les enfants, et les rebelles à la sagesse des justes, afin de préparer au Seigneur un peuple bien disposé. Lu :."
LUK.1.18,Zakariya abaza malahika ntya: «Gichi nji charhuma naamenya oku ebyoola biri by'okuli? Nyoono nkola ndi mushaaja na mukaani akola mugeekulu.».,"Zacharie dit à lange: A quoi reconnaîtrai-je cela? Car je suis vieux, et ma femme est avancée en âge."
LUK.1.19,"Malahika amushubiza ntya: «Nyoono nye Gabriyeeri, nyimanga embere za Nnamahanga, ntumirwe gukubwira n'ogukubalira ogu mwazi mwinja.","Lange lui répondit: Je suis Gabriel, je me tiens devant Dieu; jai été envoyé pour te parler, et pour tannoncer cette bonne nouvelle."
LUK.1.20,"Aliko yunva, waaba nyamugama. Orhakaderha kugera olusiku eyi myaazi nji yaaba okwenge orhayemereere eyi myaazi yaani, nji yaaba omu mango maayo.».","Et voici, tu seras muet, et tu ne pourras parler jusquau jour où ces choses arriveront, parce que tu nas pas cru à mes paroles, qui saccompliront en leur temps."
LUK.1.21,Mw'ebyo bishanji olo lubaga lwaliiri kulinga Zakariya lwasoomerwa okubona alegamire omu Nju ya Nnamahanga.,"Cependant, le peuple attendait Zacharie, sétonnant de ce quil restait si longtemps dans le temple."
LUK.1.22,"Abeere ahuluka, arhachigalaga kuganiira nabo. Aliiri kubasimira n'ebishushanyo, ayoorha nyamugama. Baava bamenya oku abonekeerwe omu Nju ya Nnamahanga.","Quand il sortit, il ne put leur parler, et ils comprirent quil avait eu une vision dans le temple; il leur faisait des signes, et il resta muet."
LUK.1.23,"Esiku za Zakariya z'ogukola zabeere zaahwa, agaluka emwage.","Lorsque ses jours de service furent écoulés, il sen alla chez lui."
LUK.1.24,"Enyuma w'ezo siku, mukaage Luzabeeti aheeka obukule. Amala myeezi erhaano burhahuluka n'okuderha ntya:.","Quelque temps après, Élisabeth, sa femme, devint enceinte. Elle se cacha pendant cinq mois, disant:."
LUK.1.25,«Tala oku Nnaweerhu anjiriire: asimiisizwe kunkuula ko ehyagendaga hyankoza eshoni ahagarhi k'abantu.».,"Cest la grâce que le Seigneur ma faite, quand il a jeté les yeux sur moi pour ôter mon opprobre parmi les hommes."
LUK.1.26,"Obukule bwa Luzabeeti bwabeere buli bwa myeezi ndarhu, malahika Gabriyeeri arhumwa na Nnamahanga omu gishagala ch'eGalilaaya chiyirikwa Nazareeti.","Au sixième mois, lange Gabriel fut envoyé par Dieu dans une ville de Galilée, appelée Nazareth."
LUK.1.27,Amurhuma oku munyere orhazimenya abalume. Oyo munyere ali ashambaazizwe n'omurhabana oyirikwa Yozefu w'omu mulala gwa mwami Daawudi . Eziino ly'oyo munyere lyaliiri Mariya.,"auprès dune vierge fiancée à un homme de la maison de David, nommé Joseph. Le nom de la vierge était Marie."
LUK.1.28,"Malahika abeere aja omu mwabo oyo munyere, amubwira ntya: «Nkulamwise, obe n'omwishingo, w'eyunjwire n'omugisho, bulaala Nnaweerhu ali haguma naawe.».","Lange entra chez elle, et dit: Je te salue, toi à qui une grâce a été faite; le Seigneur est avec toi."
LUK.1.29,"Mariya abeere ayunva echo chinwa, chamushalamya. Achiibaza bichi okulamuswa ntyo kuderhere.","Troublée par cette parole, Marie se demandait ce que pouvait signifier une telle salutation."
LUK.1.30,"Malahika amubwira ntya: «Mariya, orhayuubahaga kwenge wabwene omugisho embere za Nnamahanga.","Lange lui dit: Ne crains point, Marie; car tu as trouvé grâce devant Dieu."
LUK.1.31,"Tala, waaba bukule. Waburha omuzaana n'eziino lyaage wamuyirika Yeesu.","Et voici, tu deviendras enceinte, et tu enfanteras un fils, et tu lui donneras le nom de Jésus."
LUK.1.32,Nj'aba mukulu na nj'ahamagalwa Mugala wa Nnamahanga w'Elugulu Bweneene. Nnaweerhu Nnamahanga nj'amuha entebe y'obwami bw'eshekuliza Daawudi .,"Il sera grand et sera appelé Fils du Très-Haut, et le Seigneur Dieu lui donnera le trône de David, son père."
LUK.1.33,Nj'arhegeka enju ya Yakobo esiku n'amango n'obwime bwage burhagahwa.».,"Il régnera sur la maison de Jacob éternellement, et son règne naura point de fin."
LUK.1.34,Mariya abaza malahika ntya: «Gurhe ebiila nji byagalikana na nta mulume nyinji?».,"Marie dit à lange: Comment cela se fera-t-il, puisque je ne connais point dhomme?."
LUK.1.35,Malahika amushubiza ntya: «Muuka-Mutagatiifu nj'akuyandagalira ko n'obuhashe bwa Nnamahanga w'Elugulu Bweneene nji bwagushukulira n'egichuuchu chaabo. Chi nji charhuma n'omwana waaburhwa nj'aba mutagatiifu; nj'ahamagalwa Mugala wa Nnamahanga.,"Lange lui répondit: Le Saint-Esprit viendra sur toi, et la puissance du Très-Haut te couvrira de son ombre. Cest pourquoi le saint enfant qui naîtra de toi sera appelé Fils de Dieu."
LUK.1.36,"Tala oku na Luzabeeti w'omu mulala gwawe, naye ali bukule b'omwana w'obuzaana omu bugeekulu bwage. Ola wayirikwaga ngumba, mwezi gwa ndarhu guno ali bukule.","Voici, Élisabeth, ta parente, a conçu, elle aussi, un fils en sa vieillesse, et celle qui était appelée stérile est dans son sixième mois."
LUK.1.37,Kwenge ntaacho girhakagalika emwa Nnamahanga.».,Car rien nest impossible à Dieu.
LUK.1.38,"Mariya ava aderha ntya: «Nyoono ndi muja wa Nnaweerhu, byooshi bimbeere nk'oku oderhere.» Ho n'aho malahika amuleka.",Marie dit: Je suis la servante du Seigneur; quil me soit fait selon ta parole! Et lange la quitta.
LUK.1.39,"Omu siku zakulikiraga, Mariya agenda jubaajuba, aja omu gishagala chiguma ch'emisozi omu gihugo ch'eYudeeya.","Dans ce même temps, Marie se leva, et sen alla en hâte vers les montagnes, dans une ville de Juda."
LUK.1.40,"Aja omu nju ya Zakariya, alamusa Luzabeeti.","Elle entra dans la maison de Zacharie, et salua Élisabeth."
LUK.1.41,"Luzabeeti abeere ayunva endamuso ya Mariya, omwana ashambagarha omu nda yaage. Luzabeeti ayunjuzwa Muuka-Mutagatiifu.","Dès quÉlisabeth entendit la salutation de Marie, son enfant tressaillit dans son sein, et elle fut remplie du Saint-Esprit."
LUK.1.42,Aliika omulenge munene elugulu n'okuderha ntya: «Ogishirwe omu bakazi booshi n'omwana oli omu nda yawe agishirwe.,"Elle sécria dune voix forte: Tu es bénie entre les femmes, et le fruit de ton sein est béni."
LUK.1.43,Nyoono ndi nde okuderha mpu nyina wa Nnaweerhu andambagirire?.,Comment mest-il accordé que la mère de mon Seigneur vienne auprès de moi?.
LUK.1.44,"Tala okw'amango nayunvaga omulenge g'okulamusa kwawe omu marhwi maani, omwana oli omu nda yaani amashambagarha n'obushagaluke bunene.","Car voici, aussitôt que la voix de ta salutation a frappé mon oreille, lenfant a tressailli dallégresse dans mon sein."
LUK.1.45,Ogishirwe kwenge wayemereere oku Nnaweerhu ajira eby'akulaganyaga.».,"Heureuse celle qui a cru, parce que les choses qui lui ont été dites de la part du Seigneur auront leur accomplissement."
LUK.1.46,Mariya ava aderha ntya: «Omurhima gwani gukuuze Nnaweerhu.,Et Marie dit: Mon âme exalte le Seigneur.
LUK.1.47,"Na kandi gwayunjwire n'omwishingo elugulu wa Nnamahanga, Muchunguzi waani.","Et mon esprit se réjouit en Dieu, mon Sauveur."
LUK.1.48,Kwenge alolere n'olukogo obwirhondesi b'omuja waage. Gurhengera buno abantu ba ngasi gihe bagenda bampamagala mugishwa.,"Parce quil a jeté les yeux sur la bassesse de sa servante. Car voici, désormais toutes les générations me diront bienheureuse."
LUK.1.49,Kwenge Nnamahanga Ogala Byooshi anjiriire ebintu binja binene. Eziino lyaage liri litagatiifu.,Parce que le Tout-Puissant a fait pour moi de grandes choses. Son nom est saint.
LUK.1.50,Ngasi mango ajira obubabale oku bamuyuubaha.,et sa miséricorde sétend dâge en âge sur ceux qui le craignent.
LUK.1.51,"Kugerera emisi y'okuboko kwage, ashandeeze abantu b'omurhima gw'erumerume.",Il a déployé la force de son bras; Il a dispersé ceux qui avaient dans le cœur des pensées orgueilleuses.
LUK.1.52,"Akuulire abantu b'emisi oku ntebe zaabo z'obwami, n'okuzamuula abirhondesi.","Il a renversé les puissants de leurs trônes, et il a élevé les humbles."
LUK.1.53,Abaliiri nzara abayunjwize n'ebikulo n'abachire abagalwire maboko moomu.,"Il a rassasié de biens les affamés, et il a renvoyé les riches à vide."
LUK.1.54,Agwasize omukozi waage Israheeli: arhayibiriraga kuyeerekana obubabale bwage.,"Il a secouru Israël, son serviteur, et il sest souvenu de sa miséricorde."
LUK.1.55,"nk'oku alaganyaga bashookuluza beerhu, Abrahaamu n'omulala gwage esiku n'amango.».","comme il lavait dit à nos pères, Envers Abraham et sa postérité pour toujours."
LUK.1.56,Mariya abeera haguma na Luzabeeti emyeezi yakagera kw'esharhu. Buzinda agaluka emwabo.,Marie demeura avec Élisabeth environ trois mois. Puis elle retourna chez elle.
LUK.1.57,"Egihe ch'okuburha cha Luzabeeti chagera ho, aburha omwana w'obuzaana.","Le temps où Élisabeth devait accoucher arriva, et elle enfanta un fils."
LUK.1.58,"Abatuuranyi na beene baabo Luzabeeti babeere bamenya oku Nnaweerhu amuyerekere obubabale bwage, basiima n'ogushagaluka haguma naye.","Lu : Ses voisins et ses parents apprirent que le Seigneur avait fait éclater envers elle sa miséricorde, et ils se réjouirent avec elle."
LUK.1.59,"Hagerere siku munaane aburhire, bayinja gukembuula omwana n'ogushonda kumuyirika eziino ly'eshe Zakariya.","Le huitième jour, ils vinrent pour circoncire lenfant, et ils lappelaient Zacharie, du nom de son père."
LUK.1.60,"Aliko nyina aderha ntya: «Nanga, ayirikwe Yohaana.».","Mais sa mère prit la parole, et dit: Non, il sera appelé Jean."
LUK.1.61,Bamubwira ntya: «Oku ntaaye omu mulala gwenyu ogwerhe eri ziino!».,Ils lui dirent: Il ny a dans ta parenté personne qui soit appelé de ce nom.
LUK.1.62,Baabaza eshe bugamagama ntya: «Gurhe oshondere omwana waawe ayirikwage?».,Et ils firent des signes à son père pour savoir comment il voulait quon lappelle.
LUK.1.63,"Zakariya ahema bamuleerhere ehipaho, ayandika ko ntya: «Eziino lyaage ye Yohaana.» Booshi basoomerwa.","Zacharie demanda des tablettes, et il écrivit: Jean est son nom. Et tous furent dans létonnement."
LUK.1.64,"Ho n'aho obuunu bwage bwabumbuulwa n'olulimi lwage lwashwekuulwa, arhondera kuderha n'ogukuuza Nnamahanga.","Au même instant, sa bouche souvrit, sa langue se délia, et il parlait, bénissant Dieu."
LUK.1.65,Abatuuranyi baage booshi bagwarhwa n'obuuba. Eyoola myaazi yooshi yalambagizwa omu misozi yooshi y'egihugo ch' eYudeeya .,"La crainte sempara de tous les habitants dalentour, et, dans toutes les montagnes de la Judée, on sentretenait de toutes ces choses."
LUK.1.66,Booshi bayunvaga ogo mwazi baalema bakengeera n'oguchiibaza ntya omu mirhima yaabo: «Leero oyu mwana nj'aba muntu muchi?» Kwenge okuboko kwa Nnaweerhu kwaliiri haguma naye.,"Tous ceux qui les apprirent les gardèrent dans leur cœur, en disant: Que sera donc cet enfant? Et la main du Seigneur était avec lui."
LUK.1.67,"Eshe Zakariya ayunjuzwa Muuka-Mutagatiifu, aleeba ntya:.","Zacharie, son père, fut rempli du Saint-Esprit, et il prophétisa, en ces mots:."
LUK.1.68,"«Nnaweerhu agishwe, Nnamahanga w'olubaga lw'eIsraheeli, kwenge ayinjire gurhabaala n'oguchungula olubaga lwage.","Béni soit le Seigneur, le Dieu dIsraël, De ce quil a visité et racheté son peuple."
LUK.1.69,Arhulerheere omuchunguzi w'obuhashe gurhengera omu mulala g'omukozi waage Daawudi .,"Et nous a suscité un puissant Sauveur Dans la maison de David, son serviteur."
LUK.1.70,nk'oku anabiderhaga gurhengera miira kugerera abaleebi baage batagatiifu oku.,Comme il lavait annoncé par la bouche de ses saints prophètes des temps anciens.
LUK.1.71,arhushwekuula oku banzi beerhu n'ogurhukuula omu maboko m'abarhushomba booshi.,Un Sauveur qui nous délivre de nos ennemis et de la main de tous ceux qui nous haïssent!.
LUK.1.72,Ayerekeene obubabale bwage oku ba daarha n'okuyibuka egihango chaage gitagatiifu.,"Cest ainsi quil manifeste sa miséricorde envers nos pères, Et se souvient de sa sainte alliance."
LUK.1.73,Nnamahanga ajirire ntyo gukulikiza endahiro alahizizaga shookuluza weerhu Abrahaamu .,"Selon le serment par lequel il avait juré à Abraham, notre père."
LUK.1.74,"Eyo ndahiro yali y'ogurhukuula omu maboko m'bashombanyi beerhu, yi rhumukolera buzira buuba.","De nous permettre, après que nous serions délivrés de la main de nos ennemis, De le servir sans crainte."
LUK.1.75,yi rhuba batagatiifu n'abakwaneene omu meesho maage esiku zooshi z'akalamo keerhu.,En marchant devant lui dans la sainteté et dans la justice tous les jours de notre vie.
LUK.1.76,"Naawe mwana waani, nji wahamagalwa muleebi wa Nnamahanga w' Elugulu Bweneene, kwenge nji wayinja nka murhumwa wa Nnaweerhu omu gurheganya enjira yaage.","Et toi, petit enfant, tu seras appelé prophète du Très-Haut; Car tu marcheras devant la face du Seigneur, pour préparer ses voies."
LUK.1.77,yi nj'amenyesa olubaga lwage obuchunguke omu kubabalira ebyaaha byaabo.,Afin de donner à son peuple la connaissance du salut Par le pardon de ses péchés.
LUK.1.78,"kugerera obubabale bwa Nnamahanga weerhu. Kugerera obo bubabale, Nnamahanga arhukoleezeza ezuuba gurhengera elugulu.","Grâce aux entrailles de la miséricorde de notre Dieu, En vertu de laquelle le soleil levant nous a visités den haut."
LUK.1.79,"y'akoleezeza abayikeere omu mwizimya n'omu gichuuchu ch'olufu, n'okuyerekeza amagulu meerhu omu njira y'omurhuula.».","Pour éclairer ceux qui sont assis dans les ténèbres et dans lombre de la mort, Pour diriger nos pas dans le chemin de la paix."
LUK.1.80,Oyo mwana agendekera gukula n'okugwarha omurhima guzibuhire. Abeera omu mpinga kugera amango m'oguchiyeerekana oku lubaga lw'eIsraheeli.,"Or, lenfant croissait, et se fortifiait en esprit. Et il demeura dans les déserts, jusquau jour où il se présenta devant Israël."
LUK.2.1,Mw'amo mango omwami mukulu w'aBarooma oyirikwa Kayizaari Ogisitu aleerha erhegeko liderhere oku abantu booshi baganjwe omu bihugo byooshi by'obwami bwage.,"En ce temps-là parut un édit de César Auguste, ordonnant un recensement de toute la terre."
LUK.2.2,Olu luganjo lwambere lwaba amango Kureniyo aliiri murhegesi w'egihugo ch'eSuriya .,Ce premier recensement eut lieu pendant que Quirinius était gouverneur de Syrie.
LUK.2.3,Abantu booshi bagenda guchiyandikiisa ngasi muguma omu gishagala ch'akavukiiro kaage.,"Tous allaient se faire inscrire, chacun dans sa ville."
LUK.2.4,Yozefu naye arhenga omu gishagala ch'eNazareeti ch'omu Galilaaya. Achiyeerekeza omu gihugo ch' eYudeeya omu gishagala omwami Daawudi aburhwaga mo chiyirikwa Beteleheemu. Kwenge aliiri w'omu mulala gwa Daawudi.,"Joseph aussi monta de la Galilée, de la ville de Nazareth, pour se rendre en Judée, dans la ville de David, appelée Bethléhem, parce quil était de la maison et de la famille de David."
LUK.2.5,Aja yo guchiyandikiisa haguma na Mariya mushambaaza waage. Na Mariya ey'ali bukule.,"afin de se faire inscrire avec Marie, sa fiancée, qui était enceinte."
LUK.2.6,"Oku bali eBeteleheemu, olusiku lwage l'okuburha lwagera ho.","Pendant quils étaient là, le temps où Marie devait accoucher arriva."
LUK.2.7,"Aburha omugala w'efula. Amuyambisa engobi, amulyaamiza omu hikenzi hy'okuliisiza mo ebirhungano, kwenge nta hantu haalichiri ho omu nju y'okuyankirira abahiisi.","et elle enfanta son fils premier-né. Elle lemmaillota, et le coucha dans une crèche, parce quil ny avait pas de place pour eux dans lhôtellerie."
LUK.2.8,Mw'echo gihugo mwaliiri abangere bagendaga balaala balanga obuso bwabo omu mashwa.,"Il y avait, dans cette même contrée, des bergers qui passaient dans les champs les veilles de la nuit pour garder leurs troupeaux."
LUK.2.9,Malahika wa Nnaweerhu ava ababonekera. Obulangashane bwa Nnaweerhu bwabamolekera. Bayuubaha bweneene.,"Et voici, un ange du Seigneur leur apparut, et la gloire du Seigneur resplendit autour deux. Ils furent saisis dune grande frayeur."
LUK.2.10,"Aliko malahika ababwira ntya: «Murhayuubahaga, kwenge mbalerheere oMwazi Mwinja, gwashagalusa bweneene abantu booshi.","Mais lange leur dit: Ne craignez point; car je vous annonce une bonne nouvelle, qui sera pour tout le peuple le sujet dune grande joie:."
LUK.2.11,"Omu budufu bwa zeene, oMuchunguzi wenyu aburhirwe omu gishagala cha Daawudi : ye Kirisitu , Nnaweerhu.","cest quaujourdhui, dans la ville de David, il vous est né un Sauveur, qui est le Christ, le Seigneur."
LUK.2.12,"N'echimenyeeso cheechi: mwashimaana enjolyaana eyambiiswe engobi, ey'elyamiizwe omu hikenzi hy'okuliisiza mo ebirhungano.».",Et voici à quel signe vous le reconnaîtrez: vous trouverez un enfant emmailloté et couché dans une crèche.
LUK.2.13,"Ho n'aho, echigusho chinene cha bamalahika gurhenga empingu chabugaana ola malahika, baliiri guharamya Nnamahanga n'okuderha ntya:.","Et soudain il se joignit à lange une multitude de larmée céleste, louant Dieu et disant:."
LUK.2.14,"«Obukuuze bunene emwa Nnamahanga omu mpingu z'elugulu bweneene, n'oku gulu, obuholo omu bantu baage asimiiswa nabo!».","Gloire à Dieu dans les lieux très hauts, Et paix sur la terre parmi les hommes quil agrée!."
LUK.2.15,"Bamalahika babeere babaleka n'okugaluka empingu, abo bangere babwirana ntya: «Boonabuno, rhuje eBeteleheemu kulola ebyabeere yo, ebi Nnaweerhu arhumenyeesize.».","Lorsque les anges les eurent quittés pour retourner au ciel, les bergers se dirent les uns aux autres: Allons jusquà Bethléhem, et voyons ce qui est arrivé, ce que le Seigneur nous a fait connaître."
LUK.2.16,Baaja yo jubaajuba. Bashigaana Mariya na Yozefu n'omwana ey'alyaamire omu hikenzi hy'okuliisiza mw'ebirhungano.,"Ils y allèrent en hâte, et ils trouvèrent Marie et Joseph, et le petit enfant couché dans la crèche."
LUK.2.17,"Babeere baabona enjolyaana, baabala ebi malahika abwiraga bo elugulu w'oyo mwana.","Après lavoir vu, ils racontèrent ce qui leur avait été dit au sujet de ce petit enfant."
LUK.2.18,Booshi bayunvaga ebi abangere baderhaga basoomerwa bweneene.,Tous ceux qui les entendirent furent dans létonnement de ce que leur disaient les bergers.
LUK.2.19,Mariya yeewe aliiri kubiika ebyo byooshi oku murhima gwage n'ogukengeera bichi biderhere.,"Marie gardait toutes ces choses, et les repassait dans son cœur."
LUK.2.20,Abangere nabo bagaluka eyi bali bakuuza Nnamahanga n'okumuharamya oku byooshi bayunvire n'okubona ko nk'oku balibwirirwe.,"Et les bergers sen retournèrent, glorifiant et louant Dieu pour tout ce quils avaient entendu et vu, et qui était conforme à ce qui leur avait été annoncé."
LUK.2.21,"Habeere hagera siku munaane omwana aburhirwe, bamukembuula , bamuyirika Yeesu, ly'eziino malahika ali amuyirikire embere nyina aheeke obukule.","Le huitième jour, auquel lenfant devait être circoncis, étant arrivé, on lui donna le nom de Jésus, nom quavait indiqué lange avant quil fût conçu dans le sein de sa mère."
LUK.2.22,"Amango esiku zayeneraga z'ogucheesibwa nk'oku eRhegeko lya Muusa lyaaliderhere, Yozefu na Mariya baava bazamuukira eYerusaleema kuyeerekana omwana emwa Nnaweerhu.","Et, quand les jours de leur purification furent accomplis, selon la loi de Moïse, Joseph et Marie le portèrent à Jérusalem, pour le présenter au Seigneur."
LUK.2.23,"Bulaala biyandikirwe ntya omu Rhegeko lya Nnaweerhu: «Ngasi mwana w'obuzaana nji waaburhwa w'olubere, arhuulwe emwa Nnaweerhu.».",suivant ce qui est écrit dans la loi du Seigneur: Tout mâle premier-né sera consacré au Seigneur.
LUK.2.24,Balikwaneene guhaana entuulo ehemerwe mw'elyo Rhegeko lya Nnaweerhu: «Maguuku mabiri changwa enyunyi ebiri z'entungulu.».,"et pour offrir en sacrifice deux tourterelles ou deux jeunes pigeons, comme cela est prescrit dans la loi du Seigneur."
LUK.2.25,"Haliiri muntu muguma eYerusaleema oyirikwa Simeooni. Aliiri muntu okwaneene embere za Nnamahanga n'okumukenga. Aliiri kulinga owarhulereza Israheeli, na Muuka-Mutagatiifu aliiri haguma naye.","Et voici, il y avait à Jérusalem un homme appelé Siméon. Cet homme était juste et pieux, il attendait la consolation dIsraël, et lEsprit-Saint était sur lui."
LUK.2.26,Muuka-Mutagatiifu ali mubwirire oku arhagafiire arhaza kubona Kirisitu wa Nnaweerhu.,Il avait été divinement averti par le Saint-Esprit quil ne mourrait point avant davoir vu le Christ du Seigneur.
LUK.2.27,Simeooni ava aja omu Nju ya Nnamahanga eyi ayerekeezwe na Muuka-Mutagatiifu. Amango ababusi ba Yeesu bamuleerhaga kujira eby' eRhegeko lihemere.,"Il vint au temple, poussé par lEsprit. Et, comme les parents apportaient le petit enfant Jésus pour accomplir à son égard ce quordonnait la loi."
LUK.2.28,"Simeooni amurhoola omu maboko maage, akuuza Nnamahanga n'okuderha ntya:.","il le reçut dans ses bras, bénit Dieu, et dit:."
LUK.2.29,«Nnaweerhu wajirire nk'oku walaganyaga: okola wakaleka omuja waawe afe n'omurhuula nka okw'echinwa chaawe chiderhere.,"Maintenant, Seigneur, tu laisses ton serviteur Sen aller en paix, selon ta parole."
LUK.2.30,Kwenge nachibweneere obuchunguke bwawe n'ameesho maani.,Car mes yeux ont vu ton salut.
LUK.2.31,Obu buchunguke warheganyaga embere za ngasi lubaga.,Salut que tu as préparé devant tous les peuples.
LUK.2.32,"b'obumoleke nji bwakumenyesa oku bapagaani. Na kandi nji bwaba bukuuze bwa Israheeli, lubaga lwawe.».","Lumière pour éclairer les nations, Et gloire dIsraël, ton peuple."
LUK.2.33,Eshe na nyina wa Yeesu basoomerwa n'ebi Simeooni aliiri kuderha elugulu w'omwana.,Son père et sa mère étaient dans ladmiration des choses quon disait de lui.
LUK.2.34,"Simeooni abagisha n'okubwira Mariya nyina wa Yeesu ntya: «Oyu mwana ali ho yi bantu banene barhoge n'abandi bayinamuke omu Israheeli. Nj'aba chimenyeeso charhenga emwa Nnamahanga, banene nji bachilahira.","Siméon les bénit, et dit à Marie, sa mère: Voici, cet enfant est destiné à amener la chute et le relèvement de plusieurs en Israël, et à devenir un signe qui provoquera la contradiction."
LUK.2.35,"Na ntyo, nj'abishuula enkengeero zibishirwe omu mirhima ya banene. Naawe Mariya, nji wababala bweneene omu murhima gwawe nk'ogwachumirhirwe n'akeere.».","et à toi-même une épée te transpercera lâme, afin que les pensées de beaucoup de cœurs soient dévoilées."
LUK.2.36,"Haliiri omuleebi-kazi muguma oyirikwa Haana, mwali wa Fanuweeri, w'omu mulala gwa Haseeri. Oyo Haana abaaga akola mugeekulu wa myaaka minene. Abaaga amalama myaaka mushanvu yonyine n'eba gurhengera ogushabwa kwage, buzinda bwaho eba afa.","Il y avait aussi une prophétesse, Anne, fille de Phanuel, de la tribu dAser. Elle était fort avancée en âge, et elle avait vécu sept ans avec son mari depuis sa virginité."
LUK.2.37,"Alibeerere mushumbakazi, guhika amango ageraga omu myaaka makumi gali munaane n'ene. Abaaga arharhenga omu Nju ya Nnamahanga , aliko ey'anakolera Nnamahanga ezuuba n'obudufu omu guchiibuza kulya n'omu kugenda asaliira.","Restée veuve, et âgée de quatre vingt-quatre ans, elle ne quittait pas le temple, et elle servait Dieu nuit et jour dans le jeûne et dans la prière."
LUK.2.38,"Naye agera ho mw'ebyo bishanji n'okuva ahwanza gusiimiriza Nnamahanga. Booshi baliiri kulingiriza oguchungulwa kwa Yerusaleema, abalira bo elugulu w'oyo mwana.","Étant survenue, elle aussi, à cette même heure, elle louait Dieu, et elle parlait de Jésus à tous ceux qui attendaient la délivrance de Jérusalem."
LUK.2.39,"Abazeere ba Yeesu babeere bamala kujira nk'oku eRhegeko lya Nnaweerhu lihemere, bagaluka naye eGalilaaya omu gishagala chaabo ch'eNazareeti.","Lorsquils eurent accompli tout ce quordonnait la loi du Seigneur, Joseph et Marie retournèrent en Galilée, à Nazareth, leur ville."
LUK.2.40,"Oyo mwana Yeesu aliiri gukula n'okugwarha emisi. Aliyunjwire n'obwenge bunene, n'omugisho gwa Nnamahanga gwaliiri haguma naye.","Or, lenfant croissait et se fortifiait. Il était rempli de sagesse, et la grâce de Dieu était sur lui."
LUK.2.41,"Ngasi mwaka, abazeere ba Yeesu bagendaga baja eYerusaleema oku lusiku lukulu lwa Paasaka .","Les parents de Jésus allaient chaque année à Jérusalem, à la fête de Pâque."
LUK.2.42,"Yeesu abeere agwarha myaaka ekumi n'ebiri, bazamuukira yo naye gukulikirana n'emicho y'olusiku lukulu.","Lorsquil fut âgé de douze ans, ils y montèrent, selon la coutume de la fête."
LUK.2.43,"Olusiku lukulu lwa Paasaka lwabeere lwahwa, bafuluka. Aliko omwana Yeesu asigala eYerusaleema. Ababusi baage barhamenyaga chiro.","Puis, quand les jours furent écoulés, et quils sen retournèrent, lenfant Jésus resta à Jérusalem. Son père et sa mère ne sen aperçurent pas."
LUK.2.44,Baliiri gukengeera oku nkabaga Yeesu ali haguma n'abandi bantu baliiri nabo omu lugenzi. Balambagira ezuuba lyooshi. Baja barhondera kumushonda ahagarhi ka beene baabo n'abantu babayinji.,"Croyant quil était avec leurs compagnons de voyage, ils firent une journée de chemin, et le cherchèrent parmi leurs parents et leurs connaissances."
LUK.2.45,Aliko barhamubonaga. Baava bagaluka eYerusaleema eyi bali bamushonda.,"Mais, ne layant pas trouvé, ils retournèrent à Jérusalem pour le chercher."
LUK.2.46,"Buzinda bwa siku esharhu, bamushimaana omu Nju ya Nnamahanga ayikeere ahagarhi k'abigiriza b'eRhegeko lya Nnamahanga. Aliiri kubayunviriza n'okubabaza ebibazo.","Au bout de trois jours, ils le trouvèrent dans le temple, assis au milieu des docteurs, les écoutant et les interrogeant."
LUK.2.47,Booshi baliiri kumuyunviriza basoomererwa obwenge bwage n'ebishubizo aliiri guhaana.,Tous ceux qui lentendaient étaient frappés de son intelligence et de ses réponses.
LUK.2.48,"Ababusi baage babeere bamubona, baashalama. Nyina amubwira ntya: «Mwana waani, charhumire warhujira ntya? Yisho haguma naani rhwaliiri kugushonda n'obuuba.».","Quand ses parents le virent, ils furent saisis détonnement, et sa mère lui dit: Mon enfant, pourquoi as-tu agi de la sorte avec nous? Voici, ton père et moi, nous te cherchions avec angoisse."
LUK.2.49,Yeesu abashubiza ntya: «Gichi charhumaga mwanshonda? Ka murhamenyere oku nkwaneene kuba omu Nju ya Daarha?».,Il leur dit: Pourquoi me cherchiez-vous? Ne saviez-vous pas quil faut que je moccupe des affaires de mon Père?.
LUK.2.50,Aliko barhayunvaga ech'aliiri kubabwira.,Mais ils ne comprirent pas ce quil leur disait.
LUK.2.51,Yeesu achima nabo eNazareeti. Aliiri kubakenga. Nyina aliiri kubiika ebyo binwa byooshi omu murhima gwage.,"Puis il descendit avec eux pour aller à Nazareth, et il leur était soumis. Sa mère gardait toutes ces choses dans son cœur."
LUK.2.52,"Yeesu aliiri gukula omu bwenge bunene, omu bule n'omu migisho embere za Nnamahanga n'abantu.","Et Jésus croissait en sagesse, en stature, et en grâce, devant Dieu et devant les hommes."
LUK.3.1,"Omu mwaka gw'ekumi na garhaano g'oburhegesi bw'omwami mukulu w'aBarooma Kayizaari Tiberiyo, Ponsiyo Pilaato aliiri mwimangizi w'egihugo ch' eYudeeya . Na Heroode aliiri mwimangizi w'egihugo ch'eGalilaaya na mwene waabo oyirikwa Firipo omu gihugo ch'eItureya na ech'eTarakoniiti. Lisaniya naye aliiri mwimangizi w'egihugo ch'eHabileeni.","La quinzième année du règne de Tibère César, lorsque Ponce Pilate était gouverneur de la Judée, Hérode tétrarque de la Galilée, son frère Philippe tétrarque de lIturée et du territoire de la Trachonite, Lysanias tétrarque de lAbilène."
LUK.3.2,"Hanaasi na Kayaafa bo baliiri bakulu b'abadaahwa . Mwamo mango, echinwa cha Nnamahanga chahikira Yohaana mugala wa Zakariya omu mpinga.","et du temps des souverains sacrificateurs Anne et Caïphe, la parole de Dieu fut adressée à Jean, fils de Zacharie, dans le désert."
LUK.3.3,"Yohaana agera omu bihugo byooshi byalitureene n'olwinji lw'eYorodaani. Aliiri kuyaamagaza ntya: «Muleke ebyaaha byenyu, mubatiizwe yi Nnamahanga ababalira.».","Et il alla dans tout le pays des environs du Jourdain, prêchant le baptême de repentance, pour la rémission des péchés."
LUK.3.4,Na ntya byaava byaagera ho eby'omuleebi Isaya ayandikaga omu gitaabu chaage mpu: «Muntu muguma ali ahamagaza omu mpinga: ‹Murheganye enjira ya Nnaweerhu. Mumujirire enjira zilambuukire!.,"selon ce qui est écrit dans le livre des paroles dÉsaïe, le prophète: Cest la voix de celui qui crie dans le désert: Préparez le chemin du Seigneur, Aplanissez ses sentiers."
LUK.3.5,"Ngasi lubanda nji lwayunjuzwa, ngasi musozi na ngasi hirhondo nji byalambuulwa, ngasi rukumba lw'enjira nji lwagonyoolwa. Enjira zibiihire nji zalambuulwa.","Toute vallée sera comblée, Toute montagne et toute colline seront abaissées; Ce qui est tortueux sera redressé, Et les chemins raboteux seront aplanis."
LUK.3.6,Na ngasi muntu nj'abona obuchunguke Nnamahanga ahaana.›».,Et toute chair verra le salut de Dieu.
LUK.3.7,"Abantu banene bayinja emwa Yohaana mpu ababatiize . Alema ababwira ntya: «Mwe buuko bw'enjoka, nde wabayigiriize guchilanga oku buhane bwayinjire?.","Il disait donc à ceux qui venaient en foule pour être baptisés par lui: Races de vipères, qui vous a appris à fuir la colère à venir?."
LUK.3.8,"Leero, muleme mwayeerekana kugerera ebijiro binja oku mwalekere ebyaaha byenyu. Murhachibwiraga mpu: ‹ Abrahaamu ali shookuluza weerhu.› Kwenge mbabwirire oku Nnamahanga agakoleesa ama mabaale n'okumajira baana ba Abrahaamu!.","Produisez donc des fruits dignes de la repentance, et ne vous mettez pas à dire en vous-mêmes: Nous avons Abraham pour père! Car je vous déclare que de ces pierres Dieu peut susciter des enfants à Abraham."
LUK.3.9,"Embasha ekola eri hoofu guchiira emirhi oku mizi. Nkaasi murhi gurhayeezeze amalehe menja, gwachiibwa n'ogukabulwa omu muliro.».",Déjà même la cognée est mise à la racine des arbres: tout arbre donc qui ne produit pas de bons fruits sera coupé et jeté au feu.
LUK.3.10,Abantu baliiri kumubaza ntya: «Gichi rhujaage rhwajira?».,"La foule linterrogeait, disant: Que devons-nous donc faire?."
LUK.3.11,Abashubiza ntya: «Ogwerhe simiisi ebiri agwasizwe guhaana nguma okw'orhayigwerhe. Ogwerhe ech'okulya naye ajire ntyo.».,"Il leur répondit: Que celui qui a deux tuniques partage avec celui qui nen a point, et que celui qui a de quoi manger agisse de même."
LUK.3.12,"Ab' ogufurhiisa amakooli nabo bayinja kubatiizwa . Baabaza Yohaana ntya: «Mwigiriza, bichi rhukwaneene kujira?».","Il vint aussi des publicains pour être baptisés, et ils lui dirent: Maître, que devons-nous faire?."
LUK.3.13,Ashubiza bo ntya: «Murhahoreesaga binene kulusha ebi murhegekerwe guhoreesa.».,Il leur répondit: Nexigez rien au-delà de ce qui vous a été ordonné.
LUK.3.14,"Abasoda nabo baamubaza ntya: «Neerhu, bichi rhukwaneene kujira?» Ashubiza bo ntya: «Murhanyagaga omuntu ehyaage changwa gusidaaka omuntu oku bushaabusha. Aliko musimiiswe n'omukamarho gwenyu.».","Des soldats aussi lui demandèrent: Et nous, que devons-nous faire? Il leur répondit: Ne commettez ni extorsion ni fraude envers personne, et contentez-vous de votre solde."
LUK.3.15,"Olubaga lwaliiri kulingiriza n'obulangaalire, ngasi muguma aliiri gukengeera omu murhima gwage oku nkabaga Yohaana ye Kirisitu .","Comme le peuple était dans lattente, et que tous se demandaient en eux-mêmes si Jean nétait pas le Christ."
LUK.3.16,"Yohaana abwira bo ntya: «Nyoono ndi nababatiiza omu menji; aliko owayinja agwerhe obuhashe kundusha. Ntakwaneene chiro gushwekuula omugozi gw'ebiraato byaage. Yeewe nj'ababatiiza na Muuka-Mutagatiifu, n'omu muliro.","il leur dit à tous: Moi, je vous baptise deau; mais il vient, celui qui est plus puissant que moi, et je ne suis pas digne de délier la courroie de ses souliers. Lui, il vous baptisera du Saint-Esprit et de feu."
LUK.3.17,"Afarhire omu fune zaage engooko y'okuyeera, abiiza echibuga chaage; ahira amahemba olwage lunda n'emyaavu olwage lunda. Nj'agusha amahemba omu nguli yaage, sy'aliko nj'ayoosa emyaavu omu muliro gurhazima chiro n'ehityu.».","Il a son van à la main; il nettoiera son aire, et il amassera le blé dans son grenier, mais il brûlera la paille dans un feu qui ne séteint point."
LUK.3.18,Yohaana ayigiriza olubaga oMwazi Mwinja omu kubaheereza ezindi nyigirizo zinene z'okubaseeza omurhima.,"Cest ainsi que Jean annonçait la bonne nouvelle au peuple, en lui adressant encore beaucoup dautres exhortations."
LUK.3.19,"Aliko Yohaana akalihira Heroode , wali yimire omu gihugo ch'eGalilaaya, kwenge aliyingiire Herodiya muka mwene waabo, n'okwenge abaaga ey'akolere ebindi bijiro binene bibiihire.","Mais Hérode le tétrarque, étant repris par Jean au sujet dHérodias, femme de son frère, et pour toutes les mauvaises actions quil avait commises."
LUK.3.20,"Kw'ebyo byooshi, Heroode ayongeera ko echindi chijiro chibi ch'oguhiriisa Yohaana omu munyororo.",ajouta encore à toutes les autres celle denfermer Jean dans la prison.
LUK.3.21,"Abantu booshi babeere bamala kubatiizwa , Yeesu naye abatiizwa. Olo lusiku, oku Yeesu ali gusaliira, empingu yagichinguula.","Tout le peuple se faisant baptiser, Jésus fut aussi baptisé; et, pendant quil priait, le ciel souvrit."
LUK.3.22,Muuka-Mutagatiifu amugwirira ko omu shusho ly'eguuku. Omulenge gwayunviikana ntya gurhengera empingu: «Oli Mugala waani muzigirwa; nsimiisizwe nawe bweneene.».,"et le Saint-Esprit descendit sur lui sous une forme corporelle, comme une colombe. Et une voix fit entendre du ciel ces paroles: Tu es mon Fils bien-aimé; en toi jai mis toute mon affection."
LUK.3.23,"Amango Yeesu arhonderaga kuyigiriza, aligwerhe emyaaka yakagera ku makumyaasharhu. Abantu baliiri kumurhoola nka mwene Yozefu. Yozefu aliiri Mugala wa Heeli.","Jésus avait environ trente ans lorsquil commença son ministère, étant, comme on le croyait, fils de Joseph, fils dHéli."
LUK.3.24,"Heeli aliiri mugala wa Mataati, Mataati aliiri mugala wa Laawi, Laawi aliiri mugala wa Meleki, Meleki aliiri mugala wa Janaayi, Janaayi aliiri mugala wa Yozefu.","fils de Matthat, fils de Lévi, fils de Melchi, fils de Jannaï, fils de Joseph."
LUK.3.25,"Yozefu aliiri mugala wa Matatiyaasi, Matatiyaasi aliiri mugala wa Amoosi, Amoosi aliiri mugala wa Nahuumu, Nahuumu aliiri mugala wa Esuuli, Esuuli aliiri mugala wa Nagaayi.","fils de Mattathias, fils dAmos, fils de Nahum, fils dEsli, fils de Naggaï."
LUK.3.26,"Nagaayi aliiri Mugala wa Maati, Maati aliiri mugala wa Matatiyaasi, Matatiyaasi aliiri mugala wa Semeyini, Semeyini aliiri mugala wa Yezeechi, Yezeechi aliiri mugala wa Yooda.","fils de Maath, fils de Mattathias, fils de Sémeï, fils de Josech, fils de Joda."
LUK.3.27,"Yooda aliiri Mugala wa Yohanaani, Yohanaani aliiri mugala wa Reesa, Reesa aliiri mugala wa Zorobabeeli, Zorobabeeli aliiri mugala wa Shalitiyeeri, Shalitiyeeri aliiri mugala wa Neeri.","fils de Joanan, fils de Rhésa, fils de Zorobabel, fils de Salathiel, fils de Néri."
LUK.3.28,"Neeri aliiri mugala wa Meleechi, Meleechi aliiri mugala wa Aadi, Aadi aliiri mugala wa Gosaame, Gosaame aliiri mugala wa Elimadaame, Elimadaame aliiri mugala wa Ere.","fils de Melchi, fils dAddi, fils de Kosam, fils dElmadam, fils DEr."
LUK.3.29,"Ere aliiri mugala wa Yooshuwa, Yooshuwa aliiri mugala wa Eliyezeeri, Eliyezeeri aliiri mugala wa Yoriime, Yoriime aliiri mugala wa Mataati, Mataati aliiri mugala wa Laawi .","fils de Jésus, fils dÉliézer, fils de Jorim, fils de Matthat, fils de Lévi."
LUK.3.30,"Laawi aliiri mugala wa Simeooni, Simeooni aliiri mugala wa Yuuda, Yuuda aliiri mugala wa Yozefu, Yozefu aliiri mugala wa Yonaami, Yonaami aliiri mugala wa Eliyakiimu.","fils de Siméon, fils de Juda, fils de Joseph, fils de Jonam, fils dÉliakim."
LUK.3.31,"Eliyakiimu aliiri mugala wa Meleeya, Meleeya aliiri mugala wa Meena, Meena aliiri mugala wa Mattata, Mattata aliiri mugala wa Nataamu, Nataamu aliiri mugala wa Daawudi .","fils de Méléa, fils de Menna, fils de Mattatha, fils de Nathan, fils de David."
LUK.3.32,"Daawudi aliiri mugala wa Yeese, Yeese aliiri mugala wa Yobeedi, Yobeedi aliiri mugala wa Boazi, Boazi aliiri mugala wa Saala, Saala aliiri mugala wa Nasooni.","fils dIsaï, fils de Jobed, fils de Booz, fils de Salmon, fils de Naasson."
LUK.3.33,"Nasooni aliiri mugala wa Aminadaabu, Aminadaabu aliiri mugala wa Adimiini, Adimiini aliiri mugala wa Ariini, Ariini aliiri mugala wa Hesiroomi, Hesiroomi aliiri mugala wa Pereesi, Pereesi aliiri mugala wa Yuuda.","fils dAminadab, fils dAdmin, fils dArni, fils dEsrom, fils de Pharès, fils de Juda."
LUK.3.34,"Yuuda aliiri mugala wa Yakobo, Yakobo aliiri mugala wa Isaka, Isaka aliiri mugala wa Abrahaamu , Abrahaamu aliiri mugala wa Teera, Teera aliiri mugala wa Nahoori.","fils de Jacob, fils dIsaac, fils dAbraham, fils de Thara, fils de Nachor."
LUK.3.35,"Nahoori aliiri mugala wa Seruugi, Seruugi aliiri mugala wa Reehu, Reehu aliiri mugala wa Peleegi, Peleegi aliiri mugala wa Hebeeri, Hebeeri aliiri mugala wa Sheela.","fils de Seruch, fils de Ragau, fils de Phalek, fils dÉber, fils de Sala."
LUK.3.36,"Sheela aliiri mugala wa Kenaani, Kenaani aliiri mugala wa Arapakasaadi, Arapakasaadi aliiri mugala wa Seemu, Seemu aliiri mugala wa Noowa, Noowa aliiri mugala wa Lameeki.","fils de Kaïnam, fils dArphaxad, fils de Sem, fils de Noé, fils de Lamech."
LUK.3.37,"Lameeki aliiri mugala wa Matusaleemi, Matusaleemi aliiri mugala wa Henooka, Henooka aliiri mugala wa Yereedi, Yereedi aliiri mugala wa Malaleeli, Malaleeli aliiri mugala wa Kenaani.","fils de Mathusala, fils dÉnoch, fils de Jared, fils de Maléléel, fils de Kaïnan."
LUK.3.38,"Kenaani aliiri mugala wa Enoosi, Enoosi aliiri mugala wa Seeti, Seeti aliiri mugala wa Adaamu, Adaamu aliiri mugala wa Nnamahanga.","fils dÉnos, fils de Seth, fils dAdam, fils de Dieu."
LUK.4.1,Yeesu arhenga omu lwinji lw'eYorodaani ey'ayunjwizwe Muuka-Mutagatiifu. Aheekwa na Muuka-Mutagatiifu omu mpinga.,"Jésus, rempli du Saint-Esprit, revint du Jourdain, et il fut conduit par lEsprit dans le désert."
LUK.4.2,"Omoola mpinga, ageregezwa na Shetaani gihe cha siku makumi mane. Arhalyaaga chintu mw'ezoola siku. Zabeere zaahwa, ayunva enzara.","où il fut tenté par le diable pendant quarante jours. Il ne mangea rien durant ces jours-là, et, après quils furent écoulés, il eut faim."
LUK.4.3,"Shetaani aja amubwira ntya: «Akaba oli Mugala wa Nnamahanga, bwira eli baale lihinduke mugati.».","Le diable lui dit: Si tu es Fils de Dieu, ordonne à cette pierre quelle devienne du pain."
LUK.4.4,Yeesu amushubiza ntya: «Biyandikirwe: ‹Omuntu arhakalama n'omugati gonyine.›».,Jésus lui répondit: Il est écrit: LHomme ne vivra pas de pain seulement.
LUK.4.5,"Shetaani ava amuheeka elugulu bweneene, amuyeereka omu gashanji kageeke amaami mooshi m'egulu.","Le diable, layant élevé, lui montra en un instant tous les royaumes de la terre."
LUK.4.6,Shetaani amubwira ntya: «Nji naguheereza obuhashe booshi n'obukuuze bw'ama maami mooshi. Nahaabirwe ebyoola byooshi. Naani nakabiheereza eyi nshondere.,"et lui dit: Je te donnerai toute cette puissance, et la gloire de ces royaumes; car elle ma été donnée, et je la donne à qui je veux."
LUK.4.7,"Okamparamya, byooshi byaaba byaawe.».","Si donc tu te prosternes devant moi, elle sera toute à toi."
LUK.4.8,"Yeesu amushubiza ntya: «Biyandikirwe: ‹Oharamye Nnaweerhu, Nnamahanga waawe n'okumukolera yenyine.›».","Jésus lui répondit: Il est écrit: Tu adoreras le Seigneur, ton Dieu, et tu le serviras lui seul."
LUK.4.9,"Shetaani ashuba kumuheeka eYerusaleema. Amuhira elugulu w' eNju ya Nnamahanga n'okumubwira: «Akaba oli Mugala wa Nnamahanga, chiikabula gurhenga hano kuja eshiishi.","Le diable le conduisit encore à Jérusalem, le plaça sur le haut du temple, et lui dit: Si tu es Fils de Dieu, jette-toi dici en bas; car il est écrit:."
LUK.4.10,Kwenge aMandiko Matagatiifu maderhere ntya: ‹Nnamahanga nj'arhegeka bamalahika baage bakulange.›.,"Il donnera des ordres à ses anges à ton sujet, Afin quils te gardent;."
LUK.4.11,Na kandi: ‹Baguheeka omu maboko maabo y'okugulu kwawe nji gurhasiirhalaga oku baale.›».,"et: Ils te porteront sur les mains, De peur que ton pied ne heurte contre une pierre."
LUK.4.12,"Yeesu amushubiza ntya: «aMandiko Matagatiifu maderhere ntya: ‹Orhahira okageregeza Nnaweerhu, Nnamahanga waawe.›».","Jésus lui répondit: Il est dit: Tu ne tenteras point le Seigneur, ton Dieu."
LUK.4.13,"Abeere amala kugeregeza Yeesu omu ngasi kuntu, Shetaani aja hale naye kugera ekindi gihe.","Après lavoir tenté de toutes ces manières, le diable séloigna de lui jusquà un moment favorable."
LUK.4.14,Yeesu agaluka eGalilaaya eyi ayunjwire obuhashe bwa Muuka-Mutagatiifu. Emyaazi yaage y'amenyikana mwaho hantu hooshi.,"Jésus, revêtu de la puissance de lEsprit, retourna en Galilée, et sa renommée se répandit dans tout le pays dalentour."
LUK.4.15,Alema ayigiriza omu masinagoogi na ngasi muntu alema amukuuza.,"Il enseignait dans les synagogues, et il était glorifié par tous."
LUK.4.16,"Yeesu aja eNazareeti, emunda alemberwaga. Olusiku lw' eSaabato , aja omu sinagoogi nk'oku ali komeere. Ayimanga gusoma aMandiko Matagatiifu.","Il se rendit à Nazareth, où il avait été élevé, et, selon sa coutume, il entra dans la synagogue le jour du sabbat. Il se leva pour faire la lecture."
LUK.4.17,Bamuheereza egitaabu ch'omuleebi Isaya. Azinguula cho n'okuva abona olukere luyandikirwe ntya:.,"et on lui remit le livre du prophète Ésaïe. Layant déroulé, il trouva lendroit où il était écrit:."
LUK.4.18,"«oMuuka gwa Nnaweerhu gundi ko. Kwenge akinshogere mpu ndeme nayigiriza abakene oMwazi Mwinja. Antumire kuyaamagiza ogushwekuulwa kw'abali omu munyororo n'empumi oguhumuulwa ameesho, n'okulikuulwa kw'ababonereerwe.","LEsprit du Seigneur est sur moi, Parce quil ma oint pour annoncer une bonne nouvelle aux pauvres; Il ma envoyé pour guérir ceux qui ont le cœur brisé, Pour proclamer aux captifs la délivrance, Et aux aveugles le recouvrement de la vue, Pour renvoyer libres les opprimés."
LUK.4.19,n'okuyaamagaza omwaka Nnaweerhu ayeerekana olukogo lwage.».,Pour publier une année de grâce du Seigneur.
LUK.4.20,"Yeesu azinga egitaabu , achigalulira omukozi n'okuyikala. Abantu booshi baliiri omu sinagoogi baliiri kumuseeza kw'ameesho.","Ensuite, il roula le livre, le remit au serviteur, et sassit. Tous ceux qui se trouvaient dans la synagogue avaient les regards fixés sur lui."
LUK.4.21,Ava ahwanza kubabwira ntya: «Zeene aMandiko Matagatiifu mwayuusa kuyunva mamayeenera.».,"Alors il commença à leur dire: Aujourdhui cette parole de lÉcriture, que vous venez dentendre, est accomplie."
LUK.4.22,Booshi baalema bamudumiiriza n'ogusoomererwa ebinwa binja aliiri kuderha. Baalema baderha ntya: «K'arhali mugala wa Yozefu oyuula?».,"Et tous lui rendaient témoignage; ils étaient étonnés des paroles de grâce qui sortaient de sa bouche, et ils disaient: Nest-ce pas le fils de Joseph?."
LUK.4.23,"Yeesu abwira bo ntya: «Okuli, mwambwira oguula mugani: ‹Mufumu, ochifumye wenyine.› Na kandi mwambwira: ‹Rhwayunviirhe ebiwajirire byooshi eGaperinaumu. Jira ebiri nk'ebyo kuno mwenyu nako.›».","Jésus leur dit: Sans doute vous mappliquerez ce proverbe: Médecin, guéris-toi toi-même; et vous me direz: Fais ici, dans ta patrie, tout ce que nous avons appris que tu as fait à Capernaüm."
LUK.4.24,Ashubi yongeera ntya: «Mbabwirire okuli : nta muleebi oyankirirwa bwinja omu gishagala chaabo.,"Mais, ajouta-t-il, je vous le dis en vérité, aucun prophète nest bien reçu dans sa patrie."
LUK.4.25,"Okuli, mbabwirire okw'eIsraheeli haliiri abashumbakazi banene amango ma Eliya . Amo mango envula yamala myaaka esharhu na myeezi ndarhu buzira gurhoga. Enzara nene yabonekana omu gihugo chooshi.","Je vous le dis en vérité: il y avait plusieurs veuves en Israël du temps dÉlie, lorsque le ciel fut fermé trois ans et six mois et quil y eut une grande famine sur toute la terre;."
LUK.4.26,"Sy'aliko Eliya arharhumwaga emwa muguma wabo, aliko arhumwa emw'omushumbakazi muguma wali lamire eSarepata omu gihugo ch'Sidoona.","et cependant Élie ne fut envoyé vers aucune delles, si ce nest vers une femme veuve, à Sarepta, dans le pays de Sidon."
LUK.4.27,"Haliiri kandi ababenzibenzi banene omu Israheeli amango m'omuleebi Elisha. Na ntaaye omu bo wafumire, aliko oMusuuriya Namaani yenyine.».","Il y avait aussi plusieurs lépreux en Israël du temps dÉlisée, le prophète; et cependant aucun deux ne fut purifié, si ce nest Naaman le Syrien."
LUK.4.28,"Booshi baliiri omu sinagoogi babeere bayunva ntyo, bakaliha.","Ils furent tous remplis de colère dans la synagogue, lorsquils entendirent ces choses."
LUK.4.29,"Bayimanga, bakuula Yeesu omu gishagala, bamuheeka elugulu w'omusozi gwaliyumbakirwe ko echo gishagala mpu yi bamushunika omu lubanda.","Et sétant levés, ils le chassèrent de la ville, et le menèrent jusquau sommet de la montagne sur laquelle leur ville était bâtie, afin de le précipiter en bas."
LUK.4.30,"Aliko agera ahagarhi kaabo, achigendera.","Mais Jésus, passant au milieu deux, sen alla."
LUK.4.31,"Enyuma z'ebi, Yeesu aja ayandagalira omu gishagala ch'eGaperinaumu ch'omu gihugo ch'eGalilaaya. Olusiku lw' eSaabato lwabeere lwahika, agenda kuyigiriza omu sinagoogi.","Il descendit à Capernaüm, ville de la Galilée; et il enseignait, le jour du sabbat."
LUK.4.32,"Abantu basoomererwa bweneene enyigirizo zaage, kwenge aliiri kuderha n'oburhegesi.",On était frappé de sa doctrine; car il parlait avec autorité.
LUK.4.33,Omu sinagoogi haliiri omuntu walifarhirwe n' omuzimu . Akankama ntya n'omulenge munene:.,"Il se trouva dans la synagogue un homme qui avait un esprit de démon impur, et qui sécria dune voix forte:."
LUK.4.34,"«Yoo! Yeesu w'eNazareeti, gichi warhushonda ko? K'oyinjire gurhumala? Nkuyinji! Oli Mutagatiifu wa Nnamahanga.».","Ah! Quy a-t-il entre nous et toi, Jésus de Nazareth? Tu es venu pour nous perdre. Je sais qui tu es: le Saint de Dieu."
LUK.4.35,"Yeesu akankamira bweneene oyo omuzimu n'okumubwira ntya: «Sira, rhenga m'oyu muntu!» Omuzimu akabula oyo muntu oku budaka ahagarhi k'abantu n'okumurhenga mo buzira kumujira kubi.","Jésus le menaça, disant: Tais-toi, et sors de cet homme. Et le démon le jeta au milieu de lassemblée, et sortit de lui, sans lui faire aucun mal."
LUK.4.36,"Abantu booshi basoomerwa n'okubwirana ntya: «Byo bich'ibi? Oyu muntu y'arhegeka n'ogukalihira n'emisi abazimu, nabo banahuluka!».","Tous furent saisis de stupeur, et ils se disaient les uns aux autres: Quelle est cette parole? Il commande avec autorité et puissance aux esprits impurs, et ils sortent!."
LUK.4.37,N'emyaazi eyerekeere Yeesu yayandaala mw'echo gihugo chooshi.,Et sa renommée se répandit dans tous les lieux dalentour.
LUK.4.38,Yeesu ahuluka omu sinagoogi ayeerekeza emwa Simooni. Nazaala wa Simooni ali libukire n'eshuushira linene. Baahema Yeesu amufumye.,"En sortant de la synagogue, il se rendit à la maison de Simon. La belle-mère de Simon avait une violente fièvre, et ils le prièrent en sa faveur."
LUK.4.39,"Yeesu amuyegeera, akalihira eshuushira, nalyo lyamuleka. Ho n'aho oyo mukazi ayuumuka n'ogurhondera kubakolera.","Sétant penché sur elle, il menaça la fièvre, et la fièvre la quitta. A linstant elle se leva, et les servit."
LUK.4.40,"Ezuuba lyabeere lyaazika, abantu baligwerhe abalwala ba ngasi ndwala, baleerhera bo Yeesu. Ahira amaboko ku ngasi muguma n'okubafumya.","Après le coucher du soleil, tous ceux qui avaient des malades atteints de diverses maladies les lui amenèrent. Il imposa les mains à chacun deux, et il les guérit."
LUK.4.41,Abazimu barhenga omu balwala banene eyi bali babweja ntya: «Oli Mugala wa Nnamahanga!» Aliko Yeesu abakalihira n'okubabuza kuderha. Kwenge boowe baliyinji okw'ali Kirisitu .,"Des démons aussi sortirent de beaucoup de personnes, en criant et en disant: Tu es le Fils de Dieu. Mais il les menaçait et ne leur permettait pas de parler, parce quils savaient quil était le Christ."
LUK.4.42,"Bwabeere bwacha, Yeesu arhenga ahoola, achijiira ahantu harhali bantu. Abantu banene barhondera kumushonda. Babeere bamushimaana, bashonda kumubuza arhabalekaga.","Dès que le jour parut, il sortit et alla dans un lieu désert. Une foule de gens se mirent à sa recherche, et arrivèrent jusquà lui; ils voulaient le retenir, afin quil ne les quittât point."
LUK.4.43,Aliko Yeesu abwira bo ntya: «Ngwasize kuyigiriza oMwazi Mwinja g'obwime bwa Nnamahanga omu bindi bishagala nabyo. Kwenge echo chicharhumaga Nnamahanga antuma.».,Mais il leur dit: Il faut aussi que jannonce aux autres villes la bonne nouvelle du royaume de Dieu; car cest pour cela que jai été envoyé.
LUK.4.44,Alema ayigiriza omu sinagoogi z'egihugo ch' eYudeeya .,Et il prêchait dans les synagogues de la Galilée.
LUK.5.1,"Lusiku luguma, Yeesu aliyimangire aha burhambi bw'enyanja eyirikwa Genezareeti . Abantu banene balwisa kuja aha burhambi bwage kuyunviriza eChinwa cha Nnamahanga.","Comme Jésus se trouvait auprès du lac de Génésareth, et que la foule se pressait autour de lui pour entendre la parole de Dieu."
LUK.5.2,Abona maarho mabiri mali emushengo. Abashaana eyi barhengere mo bakola bali gushuka emilaga yaabo.,"il vit au bord du lac deux barques, doù les pêcheurs étaient descendus pour laver leurs filets."
LUK.5.3,Yeesu ashonera omu bwarho buguma. Bwaliiri bwa Simooni. Yeesu amuhema okw'abushunike hale bugeeke n'emushengo. Yeesu ayikala m'obo bwarho n'ogurhondera guhaana enyigirizo zaage oku bantu.,"Il monta dans lune de ces barques, qui était à Simon, et il le pria de séloigner un peu de terre. Puis il sassit, et de la barque il enseignait la foule."
LUK.5.4,"Abeere amala kuderha, abwira Simooni ntya: «Shegera hale, ah'amenji maleehere. Wooyo n'abenyu, muhire emilaga yenyu omu menji, murhege.».","Lorsquil eut cessé de parler, il dit à Simon: Avance en pleine eau, et jetez vos filets pour pêcher."
LUK.5.5,"Simooni amushubiza ntya: «Mwigiriza, rhwalibukire obudufu booshi, rhwamanahina. Aliko obo wamambwira oku njire ntyo, nahira emilaga omu menji.».","Simon lui répondit: Maître, nous avons travaillé toute la nuit sans rien prendre; mais, sur ta parole, je jetterai le filet."
LUK.5.6,"Babeere baajira ntyo, bayirha efi zinene bweneene, oku bulyo emilaga yaabo yarhondera guchiibera.","Layant jeté, ils prirent une grande quantité de poissons, et leur filet se rompait."
LUK.5.7,"Basimira abaabo baliiri omu bwindi bwarho mpu bayinje babagwase. Aboola bayinja. Booshi haguma bayunjuza amo maarho mabiri, oku bulyo maalema mayika omu menji.","Ils firent signe à leurs compagnons qui étaient dans lautre barque de venir les aider. Ils vinrent et ils remplirent les deux barques, au point quelles enfonçaient."
LUK.5.8,"Simooni Petero abeere abona ebyoola, afukama embere za Yeesu n'okuderha ntya: «Orhanyegeeraga, Nnaweerhu, kwenge nyoono ndi muntu w'ebyaaha!».","Quand il vit cela, Simon Pierre tomba aux genoux de Jésus, et dit: Seigneur, retire-toi de moi, parce que je suis un homme pécheur."
LUK.5.9,"Simooni n'abaliiri naye, booshi baalisomeerwe ntya elugulu w'efi zinene bayirhaga.","Car lépouvante lavait saisi, lui et tous ceux qui étaient avec lui, à cause de la pêche quils avaient faite."
LUK.5.10,"Yakobo na Yohaana, bagala ba Zebedayo, baliiri gurhega haguma na Simooni, nabo basoomerwa. Aliko Yeesu abwira Simooni ntya: «Orhayuubahaga: gurhengera zeene waaja waloba abantu.».","Il en était de même de Jacques et de Jean, fils de Zébédée, les associés de Simon. Alors Jésus dit à Simon: Ne crains point; désormais tu seras pêcheur dhommes."
LUK.5.11,"Baava basiika amaarho maabo emushengo. Baaleka byooshi, bakulikira Yeesu.","Et, ayant ramené les barques à terre, ils laissèrent tout, et le suivirent."
LUK.5.12,"Amango Yeesu aliiri omu gishagala chiguma ch'omu bishagala by'eGalilaaya, haahulukira omuntu oyunjwire ebibenzi. Abeere abona Yeesu, achikabula embere zaage, amalanga oku budaka n'okumuyinginga ntya: «Nnaweerhu, akaba bigusimiisize, wakancheesa.».","Jésus était dans une des villes; et voici, un homme couvert de lèpre, layant vu, tomba sur sa face, et lui fit cette prière: Seigneur, si tu le veux, tu peux me rendre pur."
LUK.5.13,"Yeesu alambuula okuboko, amuhuma ko n'okuderha ntya: «Binsimiisize, ocheeswe!» Ho n'aho, ebibenzi by'oyo muntu byaafuma.","Jésus étendit la main, le toucha, et dit: Je le veux, sois pur. Aussitôt la lèpre le quitta."
LUK.5.14,"Yeesu amurhegeka ntya: «Nta muntu obwirage ebiila. Aliko oje guchiyeerekana emw' omudaahwa , ohaane entuulo y'ogucheeswa nk'oku Muusa ayirhegekaga. K'okuyeereka abantu booshi oku wafumire.».","Puis il lui ordonna de nen parler à personne. Mais, dit-il, va te montrer au sacrificateur, et offre pour ta purification ce que Moïse a prescrit, afin que cela leur serve de témoignage."
LUK.5.15,"Aliko emyaazi eyerekeere Yeesu yayandaala hooshi. Abantu banene baalema bachiigusha mpu bamuyunvirize, anabafumye endwala zaabo.","Sa renommée se répandait de plus en plus, et les gens venaient en foule pour lentendre et pour être guéris de leurs maladies."
LUK.5.16,Aliko Yeesu alema ayongoloka kuja gusaliira aharhali bantu.,"Et lui, il se retirait dans les déserts, et priait."
LUK.5.17,"Lusiku luguma, Yeesu aliiri kuyigiriza. aBafarisaayo n'abigiriza b'amarhegeko bali bayikeere ahoola, bahulukiraga omu bishagala byooshi by'eGalilaaya, by' eYudeeya n'eYerusaleema. N'obuhashe bwa Nnaweerhu bwaliiri haguma naye y'afumya abalwala.","Un jour Jésus enseignait. Des pharisiens et des docteurs de la loi étaient là assis, venus de tous les villages de la Galilée, de la Judée et de Jérusalem; et la puissance du Seigneur se manifestait par des guérisons."
LUK.5.18,Ho n'aho abantu baguma baagera ho baheekere omuntu ohunzize oku gipoyi. Baliiri gushonda kumuheeka omu nju n'okumurhabika embere za Yeesu.,"Et voici, des gens, portant sur un lit un homme qui était paralytique, cherchaient à le faire entrer et à le placer sous ses regards."
LUK.5.19,"Aliko baabula ngahe bakamugezeza elugulu w'abantu banene. Baava bashona oku nju elugulu n'ogukubuula amatebura, bamuchimiza oku gipoyi ahagarhiigarhi k'echigusho ch'abantu embere za Yeesu.","Comme ils ne savaient par où lintroduire, à cause de la foule, ils montèrent sur le toit, et ils le descendirent par une ouverture, avec son lit, au milieu de lassemblée, devant Jésus."
LUK.5.20,"Yeesu abeere abona obwemeezi bw'abo, abwira oyo mulwala ntya: «Mwira waani, ebyaaha byaawe byababaliirwe.».","Voyant leur foi, Jésus dit: Homme, tes péchés te sont pardonnés."
LUK.5.21,Abigiriza b'amarhegeko n'aBafarisaayo barhondera gukengeera ntya: «Oyu mulume ali nde oli kudukanga Nnamahanga? Nde wakagala kubabalira ebyaaha arhali Nnamahanga yenyine?».,"Les scribes et les pharisiens se mirent à raisonner et à dire: Qui est celui-ci, qui profère des blasphèmes? Qui peut pardonner les péchés, si ce nest Dieu seul?."
LUK.5.22,"Yeesu amenya enkengeero zaabo, ava ababaza ntya: «Chagarhuma mwagwarha enkengeero ziri ntya omu mirhima yenyu?.","Jésus, connaissant leurs pensées, prit la parole et leur dit: Quelles pensées avez-vous dans vos cœurs?."
LUK.5.23,"Bichi biyoolohere, akaba okuderha ntya: ‹Ebyaaha byaawe byababaliirwe›, changwa okuderha: ‹Yimanga, olambagire?›.","Lequel est le plus aisé, de dire: Tes péchés te sont pardonnés, ou de dire: Lève-toi, et marche?."
LUK.5.24,"Leero nshondere mumenye oku Mwene oMuntu agwerhe obuhashe b'okubabalira ebyaaha omu gulu.» Ava abwira oyo mulwala ohunzize ntya: «Nkubwirire, yimanga, rhoola egipoyi chaawe, ogaluke emwawe!».","Or, afin que vous sachiez que le Fils de lhomme a sur la terre le pouvoir de pardonner les péchés: Je te lordonne, dit-il au paralytique, lève-toi, prends ton lit, et va dans ta maison."
LUK.5.25,"Ho n'aho oyo muntu ayimanga embere z'abantu booshi, ava arhoola egipoyi chaage aliiri kulyaama ko, n'oguchijiira emwage ey'aheerhe akuuza Nnamahanga.","Et, à linstant, il se leva en leur présence, prit le lit sur lequel il était couché, et sen alla dans sa maison, glorifiant Dieu."
LUK.5.26,"Booshi basoomerwa, bakuuza Nnamahanga. Bayuubaha n'okuderha ntya: «Zeene rhwabwene oku bintu bisomeezwe!».","Tous étaient dans létonnement, et glorifiaient Dieu; remplis de crainte, ils disaient: Nous avons vu aujourdhui des choses étranges."
LUK.5.27,"Buzinda bwaho, Yeesu ahuluka, abona omufurhiisa w'amakooli oyirikwa Laawi , ey'ayikeere ahantu bafurhiisiza. Yeesu amubwira ntya: «Nkulikira!».","Après cela, Jésus sortit, et il vit un publicain, nommé Lévi, assis au lieu des péages. Il lui dit: Suis-moi."
LUK.5.28,"Laawi aleka byooshi, ayimanga n'okumukulikira.","Et, laissant tout, il se leva, et le suivit."
LUK.5.29,Laawi amujirira esheego nene omu mwage. Abafurhiisa b'amakooli banene n'abandi bantu baliiri gusangira meeza maguma nabo.,"Lévi lui donna un grand festin dans sa maison, et beaucoup de publicains et dautres personnes étaient à table avec eux."
LUK.5.30,aBafarisaayo n' abigiriza b'amarhegeko balunduma n'okubwira abigirizwa ba Yeesu ntya: «Chagarhuma mwalya n'okunywa haguma n'abafurhiisa b'amakooli n'abanyabyaaha?».,"Les pharisiens et les scribes murmurèrent, et dirent à ses disciples: Pourquoi mangez-vous et buvez-vous avec les publicains et les gens de mauvaise vie?."
LUK.5.31,Yeesu abashubiza ntya: «Arhali abantu bagumaguma bo bakenera omufumu sy'aliko abalwala.,"Jésus, prenant la parole, leur dit: Ce ne sont pas ceux qui se portent bien qui ont besoin de médecin, mais les malades."
LUK.5.32,Ntayinjaga guhamagala abakengereere oku bakwaneene sy'aliko abayinji oku bali banyabyaaha yi babileka n'okugalukira Nnamahanga.».,"Je ne suis pas venu appeler à la repentance des justes, mais des pécheurs."
LUK.5.33,"aBafarisaayo bamubwira ntya: « Abigirizwa ba Yohaana kuguma n'abeerhu bazigaana guchiibuza kulya banajira n'esaala, aliko ab'emwawe boowe yi bagendeerera kulya n'okunywa.».","Ils lui dirent: Les disciples de Jean, comme ceux des pharisiens, jeûnent fréquemment et font des prières, tandis que les tiens mangent et boivent."
LUK.5.34,Yeesu ashubiza bo ntya: «Ka mwakabuza abeera b'omuhya-mulume kulya n'okunywa n'obo omuhya-mulume achiri haguma nabo? Nangwa!.,Il leur répondit: Pouvez-vous faire jeûner les amis de lépoux pendant que lépoux est avec eux?.
LUK.5.35,"Nji hayinja amango banyegwa omuhya mulume, mw'ezo siku nji bachiibuza okulya n'okunywa.».","Les jours viendront où lépoux leur sera enlevé, alors ils jeûneront en ces jours-là."
LUK.5.36,"Abwira bo kandi guno mugani: «Ntaaye okuula ehisharhe oku mwenda muhyaahya mpu ahihangire oku mwenda gushaajire. Kwenge owajira ntyo, nj'aba aberere omwenda muhyaahya, n'ehisharhe arhoolere hirhakananiira oku gushaajire.","Il leur dit aussi une parabole: Personne ne déchire dun habit neuf un morceau pour le mettre à un vieil habit; car, il déchire lhabit neuf, et le morceau quil en a pris nest pas assorti au vieux."
LUK.5.37,"Na ntyo, ntaaye ohira edivaayi y'omuhyo omu masupa m'oluhu lushaajire. Nk'ajirire ntyo, eyo divaayi y'omuhyo yanabera amo masupa. Edivaayi yanasheesheka n'amasupa mafa busha.","Et personne ne met du vin nouveau dans de vieilles outres; autrement, le vin nouveau fait rompre les outres, il se répand, et les outres sont perdues;."
LUK.5.38,Aliko bihemere guhira edivaayi y'omuhyo omu ndaha zihyaahya.,mais il faut mettre le vin nouveau dans des outres neuves.
LUK.5.39,"Na nta muntu wanywere oku divaayi y'enchulama wagasiima ey'omuhyo, kwenge baderha oku ey'enchulama y'enyinja.».","Et personne, après avoir bu du vin vieux, ne veut du nouveau, car il dit: Le vieux est bon."
LUK.6.1,"Lusiku luguma lw' eSaabato , Yeesu n' abigirizwa baage baliiri kulenga omu mashwa m'engano. Abigirizwa baage bayaagula emihuli y'engano, bayivunga omu fune n'okulya embeke.","Il arriva, un jour de sabbat appelé second-premier, que Jésus traversait des champs de blé. Ses disciples arrachaient des épis et les mangeaient, après les avoir froissés dans leurs mains."
LUK.6.2,aBafarisaayo baguma bababaza ntya: «Chagarhuma mwajira ebilahiizwe olusiku lw'eSaabato?».,Quelques pharisiens leur dirent: Pourquoi faites-vous ce quil nest pas permis de faire pendant le sabbat?.
LUK.6.3,Yeesu abashubiza ntya: «Ka murhasomaga ebi Daawudi ajiraga n'abaliiri haguma naye eyi bayunviirhe enzara?.,"Jésus leur répondit: Navez-vous pas lu ce que fit David, lorsquil eut faim, lui et ceux qui étaient avec lui;."
LUK.6.4,"Aja omu Nju ya Nnamahanga , arhoola emigati barhuuliraga Nnamahanga. Ayilya ko, ayiha oku baliiri haguma naye, n'obo eRhegeko lyeerhu liyemereere okw' abadaahwa bonyine bagwasize kulya yo.».","comment il entra dans la maison de Dieu, prit les pains de proposition, en mangea, et en donna à ceux qui étaient avec lui, bien quil ne soit permis quaux sacrificateurs de les manger?."
LUK.6.5,Kandi Yeesu ababwira ntya: « Mwene oMuntu ye nyina eSaabato.».,Et il leur dit: Le Fils de lhomme est maître même du sabbat.
LUK.6.6,"Olwindi lusiku lw' eSaabato , Yeesu aja omu sinagoogi kuyigiriza. Ahoola haliiri omuntu muguma w'okuboko kw'ekulyo guhunzize.","Il arriva, un autre jour de sabbat, que Jésus entra dans la synagogue, et quil enseignait. Il sy trouvait un homme dont la main droite était sèche."
LUK.6.7,"Abigiriza b'amarhegeko n' aBafarisaayo baliiri kumuloleereza bweneene yi baabona akaba agafumya olusiku lw'eSaabato, kwenge baliiri gushonda echagarhuma bamusidaaka.","Les scribes et les pharisiens observaient Jésus, pour voir sil ferait une guérison le jour du sabbat: cétait afin davoir sujet de laccuser."
LUK.6.8,"Aliko Yeesu aliyinji enkengeero zaabo. Ava abwira ntya oyo muntu w'okuboko guhunzize: «Yimanga, oje ahagarhi k'abantu booshi.» Ava ayuumuka n'okuja ho.","Mais il connaissait leurs pensées, et il dit à lhomme qui avait la main sèche: Lève-toi, et tiens-toi là au milieu. Il se leva, et se tint debout."
LUK.6.9,Yeesu abwira bo ntya: «Mbabazize ntya: gichi chiyemereerwe olusiku lw'eSaabato? Okujira amenja changwa amabi? Ogufumya omuntu changwa okumuleka afe?».,"Et Jésus leur dit: Je vous demande sil est permis, le jour du sabbat, de faire du bien ou de faire du mal, de sauver une personne ou de la tuer."
LUK.6.10,"Abalola booshi, abwira oyo muntu ntya: «Gonyoola okuboko kwawe.» Oyo muntu akugonyoola n'okuva kwafuma.","Alors, promenant ses regards sur eux tous, il dit à lhomme: Étends ta main. Il le fit, et sa main fut guérie."
LUK.6.11,Aliko abigiriza b'amarhegeko n'aBafarisaayo bayunjulwa n'omujinya n'ogurhondera kubazana gurhe bajirage Yeesu.,"Ils furent remplis de fureur, et ils se consultèrent pour savoir ce quils feraient à Jésus."
LUK.6.12,"Amo mango, Yeesu aja oku musozi kuja gusaliira. Amala k'obudufu booshi ey'ali asaliira Nnamahanga.","En ce temps-là, Jésus se rendit sur la montagne pour prier, et il passa toute la nuit à prier Dieu."
LUK.6.13,"Bwacheere eseezi, ahamagala abigirizwa baage, achishoga mw'ekumi na babiri. Abayirika « Ntumwa .» Ezo ntumwa zeezi:.","Quand le jour parut, il appela ses disciples, et il en choisit douze, auxquels il donna le nom dapôtres:."
LUK.6.14,"Simooni oyu Yeesu ahaaga eziino lya Petero, na Ndereya mwene waabo, Yakobo na Yohaana, Firipo na Baritolomaayo.","Simon, quil nomma Pierre; André, son frère; Jacques; Jean; Philippe; Barthélemy;."
LUK.6.15,"Matayo na Tomaasi, Yakobo mwene Lufaayo na Simooni waliiri Muzelooti .","Matthieu; Thomas; Jacques, fils dAlphée; Simon, appelé le zélote;."
LUK.6.16,"Yuuda mwene Yakobo na Yuuda Isikariyooti, ye wahindukaga mulenzi.","Jude, fils de Jacques; et Judas Iscariot, qui devint traître."
LUK.6.17,"Yeesu ayandagala nabo gurhenga oku musozi n'okuyimanga omu kabanda ahaliiri abigirizwa baage banene. Ahoola haliiri n'echigusho chinene ch'abantu: abantu b' eYudeeya , ab'eYerusaleema na ab'echamashinji ch'eTiiro na ech'eSidoona .","Il descendit avec eux, et sarrêta sur un plateau, où se trouvaient une foule de ses disciples et une multitude de peuple de toute la Judée, de Jérusalem, et de la contrée maritime de Tyr et de Sidon. Ils étaient venus pour lentendre, et pour être guéris de leurs maladies."
LUK.6.18,Bayinjaga mpu bamuyunviirize anabafumye endwala zaabo. Abantu baalifarhirwe n' abazimu baafuma.,Ceux qui étaient tourmentés par des esprits impurs étaient guéris.
LUK.6.19,"Ngasi muntu aliiri gushonda amuhume ko, bulaala obuhashe bwa Nnamahanga bwaliiri kumurhenga ko n'okubafumya booshi.","Et toute la foule cherchait à le toucher, parce quune force sortait de lui et les guérissait tous."
LUK.6.20,"Yeesu aja alola abigirizwa baage n'okuderha ntya: «Mugishirwe, mwe muli bakene, kwenge oBwami bwa Nnamahanga buli bwenyu!.","Alors Jésus, levant les yeux sur ses disciples, dit: Heureux vous qui êtes pauvres, car le royaume de Dieu est à vous!."
LUK.6.21,"Mugishirwe, mwe muli nzara buno, kwenge nji mwayuugurha! Mugishirwe, mwe muli kulira buno, kwenge nji mwasheka!.","Heureux vous qui avez faim maintenant, car vous serez rassasiés! Heureux vous qui pleurez maintenant, car vous serez dans la joie!."
LUK.6.22,"Mugishirwe, akaba abantu bakabayanga, akaba bakabalahira, bakabadukanga n'okuderha kubi elugulu w'amaziino menyu, kwenge muyemereere Mwene oMuntu .","Heureux serez-vous, lorsque les hommes vous haïront, lorsquon vous chassera, vous outragera, et quon rejettera votre nom comme infâme, à cause du Fils de lhomme!."
LUK.6.23,"Musiime n'ogushagaluka amango ebyoola nji byabahikira, kwenge oluhembo lwenyu luli lunene omu mpingu. Ntyo maani ku bashookuluza baabo baliiri kulibuza abaleebi ba Nnamahanga.","Réjouissez-vous en ce jour-là et tressaillez dallégresse, parce que votre récompense sera grande dans le ciel; car cest ainsi que leurs pères traitaient les prophètes."
LUK.6.24,Aliko buhanya bwenyu mwe bachire! Kwenge mwabo mwahaabirwe olwenyu luhembo!.,"Mais, malheur à vous, riches, car vous avez votre consolation!."
LUK.6.25,Buhanya bwenyu mwe muyugurhire buno! Kwenge nji mwagwarha enzara! Buhanya bwenyu mwe muli gusheka buno! Kwenge nji mwaba omu mishiibo n'omu malira!.,"Malheur à vous qui êtes rassasiés, car vous aurez faim! Malheur à vous qui riez maintenant, car vous serez dans le deuil et dans les larmes!."
LUK.6.26,"Buhanya bwenyu akaba abantu booshi bali kubaderha bwinja, kwenge ntyo ku bashookuluza baabo baliiri kujirira abaleebi b'obubeeshi!».","Malheur, lorsque tous les hommes diront du bien de vous, car cest ainsi quagissaient leurs pères à légard des faux prophètes!."
LUK.6.27,"«Aliko mbabwirire, mwe muli kunyunva: musiime bashombanyi benyu, mujire amenja oku babashombere;.","Mais je vous dis, à vous qui mécoutez: Aimez vos ennemis, faites du bien à ceux qui vous haïssent."
LUK.6.28,mugishe abanabavuma n'ogusaliirira ababadukanga.,"bénissez ceux qui vous maudissent, priez pour ceux qui vous maltraitent."
LUK.6.29,"Akaba omuntu agushuurhire oku rhama liguma, omuyeerekeze n'elindi; nk'omuntu akunyagire egorhe lyaawe, omuleke arhoole n'esimiisi yaawe.","Si quelquun te frappe sur une joue, présente-lui aussi lautre. Si quelquun prend ton manteau, ne lempêche pas de prendre encore ta tunique."
LUK.6.30,"«Ohe ngasi yeeshi oguhemere echintu, na nk'omuntu agurhoolere ehyaawe, orhagishiibaga wamuhema hyo.","Donne à quiconque te demande, et ne réclame pas ton bien à celui qui sen empare."
LUK.6.31,«Mujirire abantu nk'oku mushondere abandi babajirirage.,"Ce que vous voulez que les hommes fassent pour vous, faites-le de même pour eux."
LUK.6.32,"Nka musiimire aba basiima bonyine, mukengereere oku nji mwahaabwa oluhembo? Nanga! aBanyabyaaha nabo basiima aba basiima!.","Si vous aimez ceux qui vous aiment, quel gré vous en saura-t-on? Les pécheurs aussi aiment ceux qui les aiment."
LUK.6.33,"N'akonva mujira amenja oku babajirira amenja bonyine, mukengereere oku nji mwahaabwa oluhembo? Nanga! aBanyabyaaha nabo baajira ntyo.","Si vous faites du bien à ceux qui vous font du bien, quel gré vous en saura-t-on? Les pécheurs aussi agissent de même."
LUK.6.34,"N'akaba muyindika aba mulangaalire oku nabo nji babajuha, mukengereere oku nji mwahaabwa oluhembo? Nanga! aBanyabyaaha nabo bayindika abandi banyabyaaha yi nji babajuha!.","Et si vous prêtez à ceux de qui vous espérez recevoir, quel gré vous en saura-t-on? Les pécheurs aussi prêtent aux pécheurs, afin de recevoir la pareille."
LUK.6.35,"Ahuubwe, musiime bashombanyi benyu, mubajirire amenja n'oguhoza buzira kulingiriza kugalulirwa echintu. Ntyo, nji mwahaabwa oluhembo lunene n'okuba beene Nnamahanga w'Elugulu Bweneene, kwenge ali mwinja oku barhasiima n'oku babi.","Mais aimez vos ennemis, faites du bien, et prêtez sans rien espérer. Et votre récompense sera grande, et vous serez fils du Très-Haut, car il est bon pour les ingrats et pour les méchants."
LUK.6.36,«Mube n'olukogo nk'oku Yisho ali w'olukogo.».,"Soyez donc miséricordieux, comme votre Père est miséricordieux."
LUK.6.37,«Murhachiiraga muntu olushinja na Nnamahanga naye arhakabachiira lushinja. Murhaderhaga okw'abandi bahanwe na Nnamahanga arhakaderha oku muhanwe. Ahuubwe mubabalire abandi na Nnamahanga nj'abababalira.,"Ne jugez point, et vous ne serez point jugés; ne condamnez point, et vous ne serez point condamnés; absolvez, et vous serez absous."
LUK.6.38,"Muhe abandi na Nnamahanga nj'abaha. Nji mwahaabwa omulengo gulengerwe bwinja, gusindagiirwe n'okuyunjuzwa bweneene kugera ogusheeshekala. Bulaala Nnamahanga nj'abalengera n'omulengo mulengera mo abandi.».","Donnez, et il vous sera donné: on versera dans votre sein une bonne mesure, serrée, secouée et qui déborde; car on vous mesurera avec la mesure dont vous vous serez servis."
LUK.6.39,"Yeesu ashuba kubabwira omugani: «Empumi erhakalambagiza eyindi mpumi, k'arhali ntyo? Akaba ntyo, oku bali babiri booshi banarhogera omu kijokole.",Il leur dit aussi cette parabole: Un aveugle peut-il conduire un aveugle? Ne tomberont-ils pas tous deux dans une fosse?.
LUK.6.40,Omwigirizwa arhaba elugulu w'omwigiriza waage; alik'omwigirizwa oyigiriizwe bwinja anaba kuguma n'omwigiriza waage.,Le disciple nest pas plus que le maître; mais tout disciple accompli sera comme son maître.
LUK.6.41,«Chagarhuma walola ehirhi hiri omu liisho lya mwene wenyu n'obo orhamenyere egirhi chiri omu liisho lyawe?.,"Pourquoi vois-tu la paille qui est dans lœil de ton frère, et naperçois-tu pas la poutre qui est dans ton œil?."
LUK.6.42,"Gurhe wakabwira mwene wenyu ntya: ‹Mwene weerhu, leka ngukuule ehi hirhi hiri omu liisho lyawe›, werhabwene chiro egirhi chiri omu ly'emwawe? We ndyaalya we, rhang'okuule egirhi chiri omu liisho lyawe y'obona bwinja n'ogukuula ehirhi omu liisho lya mwene wenyu.».","Ou comment peux-tu dire à ton frère: Frère, laisse-moi ôter la paille qui est dans ton œil, toi qui ne vois pas la poutre qui est dans le tien? Hypocrite, ôte premièrement la poutre de ton œil, et alors tu verras comment ôter la paille qui est dans lœil de ton frère."
LUK.6.43,«Omurhi mwinja gurhayeeza amalehe mabi. N'omurhi gulwere gurhayeeza amalehe menja.,"Ce nest pas un bon arbre qui porte du mauvais fruit, ni un mauvais arbre qui porte du bon fruit."
LUK.6.44,Ngasi murhi gumenyikana oku malehe maago. Barhacha amalehe m'omutiini oku mirhi y'emishaaki n'emizabiibu oku marhovu.,"Car chaque arbre se connaît à son fruit. On ne cueille pas des figues sur des épines, et lon ne vendange pas des raisins sur des ronces."
LUK.6.45,Omuntu mwinja akuula ebintu binja biri omu murhima gwage n'omuntu mubi naye akuula ebintu bibi biri omu murhima gwage. Kwenge obuunu bwa ngasi muntu buderha ebiyunjwire oku murhima gwage.».,"Lhomme bon tire de bonnes choses du bon trésor de son cœur, et le méchant tire de mauvaises choses de son mauvais trésor; car cest de labondance du cœur que la bouche parle."
LUK.6.46,"«Girhuma mumpamagala ‹Nnaweerhu, Nnaweerhu›, n'obo murhajira ebi mbabwirire?.","Pourquoi mappelez-vous Seigneur, Seigneur! Et ne faites-vous pas ce que je dis?."
LUK.6.47,"«Omuntu w'okuja emunda ndi, oyunva ebinwa byaani n'okubihira omu bijiro, tala gurhe ashushire:.","Je vous montrerai à qui est semblable tout homme qui vient à moi, entend mes paroles, et les met en pratique."
LUK.6.48,"ali nka muntu oli kuyumbaka enju. Ajokwere bweneene omu budaka kugera oku baale, arhonderera ahoola kuyumbaka. Amango emisuuka yayinjaga, amenji m'olwinji machishenya kw'eyo nju, aliko marhagalaga kuyishaganya, kwenge eyo nju yali yumbakirwe bwinja.","Il est semblable à un homme qui, bâtissant une maison, a creusé, creusé profondément, et a posé le fondement sur le roc. Une inondation est venue, et le torrent sest jeté contre cette maison, sans pouvoir lébranler, parce quelle était bien bâtie."
LUK.6.49,"Aliko, oyunviirhe ebinwa byaani buzira kubihira omu bijiro ali nka muntu oyumbakire enju oku budaka buzira kujokola y'arhonderera ahoola kuyumbaka bwinja. Amango emisuuka yagishenyaga kw'eyo nju, yahika yaagwa: yashandaakala looshi.».","Mais celui qui entend, et ne met pas en pratique, est semblable à un homme qui a bâti une maison sur la terre, sans fondement. Le torrent sest jeté contre elle: aussitôt elle est tombée, et la ruine de cette maison a été grande."
LUK.7.1,"Yeesu abeere amamala kubwira olubaga lwaliiri kumuyunviriza ebi binwa byooshi, aja eGaperinaumu.","Après avoir achevé tous ces discours devant le peuple qui lécoutait, Jésus entra dans Capernaüm."
LUK.7.2,"Eyoola, omukulu w'abasoda w'ekirooma aligwerhe omuja waage w'akamaro. Oyo muja alilwere bweneene ey'ali bufa.","Un centenier avait un serviteur auquel il était très attaché, et qui se trouvait malade, sur le point de mourir."
LUK.7.3,"Oyo mukulu w'abasoda abeere ayunva yi baderha ebiyerekeere Yeesu, amurhumira abashamuka baguma b' aBayaahudi kumuhema ayinje amufumize oyo omuja waage.","Ayant entendu parler de Jésus, il lui envoya quelques anciens des Juifs, pour le prier de venir guérir son serviteur."
LUK.7.4,"Babeere baagera emwa Yeesu, barhondera kumuyinginga bweneene n'okuderha ntya: «Oyu mukulu w'abasoda akwaneene gurhabaalwa naawe.","Ils arrivèrent auprès de Jésus, et lui adressèrent dinstantes supplications, disant: Il mérite que tu lui accordes cela;."
LUK.7.5,"Kwenge anasiima olubaga lwerhu, yeewe ye wayumbakisaga esinagoogi yeerhu.».","car il aime notre nation, et cest lui qui a bâti notre synagogue."
LUK.7.6,"Nnaweerhu ava agenda nabo. Abeere akola ali hoofu n'enju, oyo mukulu w'abasoda arhuma abeera baage kubwira Yeesu ntya: «Mwigiriza, orhashiibaga wachilibuza. Nyoono ntakwaneene mp'ohike omu mwani.","Jésus, étant allé avec eux, nétait guère éloigné de la maison, quand le centenier envoya des amis pour lui dire: Seigneur, ne prends pas tant de peine; car je ne suis pas digne que tu entres sous mon toit."
LUK.7.7,Chegirhumire ntayinja nyenyine emunda oli. Aliko oderhe chinwa chiguma chonyine y'omuja waani afuma.,"Cest aussi pour cela que je ne me suis pas cru digne daller en personne vers toi. Mais dis un mot, et mon serviteur sera guéri."
LUK.7.8,"Kwenge naani ndi eshiishi w'abanrhegekere na kandi ngwerhe abasoda nyimangiire. Nkabwira muguma ntya: ‹Genda!›, anagenda, na nkabwira owindi ntya: ‹Yinja!›, anayinja; na nkabwira omuja waani ntya: ‹Kola echiila!›, anagikola.».","Car, moi qui suis soumis à des supérieurs, jai des soldats sous mes ordres; et je dis à lun: Va! Et il va; à lautre: Viens! Et il vient; et à mon serviteur: Fais cela! Et il le fait."
LUK.7.9,"Yeesu abeere ayunva ebyo binwa, asomererwa oyo mukulu w'abasoda. Ahindamuka abwira ntya echigusho ch'abantu bali bamukulikiire: «Mbabwirire oku ntashubiraga kubona obwemeezi buli ntya, nangwa! Chiro n'omu Israheeli.».","Lorsque Jésus entendit ces paroles, il admira le centenier, et, se tournant vers la foule qui le suivait, il dit: Je vous le dis, même en Israël je nai pas trouvé une aussi grande foi."
LUK.7.10,"Bala beera omukulu w'abasoda arhumaga, babeere bagaluka bashimaana omuja afumire.","De retour à la maison, les gens envoyés par le centenier trouvèrent guéri le serviteur qui avait été malade."
LUK.7.11,"Enyuma z'aho, Yeesu aja omu gishagala chiguma chiyirikwa Naiina. Abigirizwa baage n'echigusho chinene ch'abantu bamuherekeza.","Le jour suivant, Jésus alla dans une ville appelée Naïn; ses disciples et une grande foule faisaient route avec lui."
LUK.7.12,"Abeere agera hoofu n'omulyango g'olugo lw'echo gishagala, haahulukira abantu baliiri kuja guhamba omufu. Oyo mufu aliiri mwana w'echinege w'omushumbakazi muguma. Abantu banene b'ahoola baliiri haguma n'oyo mushumbakazi.","Lorsquil fut près de la porte de la ville, voici, on portait en terre un mort, fils unique de sa mère, qui était veuve; et il y avait avec elle beaucoup de gens de la ville."
LUK.7.13,"Nnaweerhu abeere amubona, amuyunvira obonjo bweneene n'okumubwira ntya: «Orhaliraga!».","Le Seigneur, layant vue, fut ému de compassion pour elle, et lui dit: Ne pleure pas!."
LUK.7.14,"Ayegeera n'okuva ahuma oku gipoyi. Abaali giheekere bayimanga. Yeesu aderha ntya: «Musole we, nkubwirire ntya: zuuka!».","Il sapprocha, et toucha le cercueil. Ceux qui le portaient sarrêtèrent. Il dit: Jeune homme, je te le dis, lève-toi!."
LUK.7.15,"Nyagufa azuuka, ayikala n'ogurhondera kuderha. Yeesu amugalulira nyina.","Et le mort sassit, et se mit à parler. Jésus le rendit à sa mère."
LUK.7.16,"Booshi bayuubaha. Bakuuza Nnamahanga omu kuderha ntya: «Rhwabonekeerwe n'omuleebi mukulu!», na kandi: «Nnamahanga ayinjire gurhabaala olubaga lwage!».","Tous furent saisis de crainte, et ils glorifiaient Dieu, disant: Un grand prophète a paru parmi nous, et Dieu a visité son peuple."
LUK.7.17,"N'omu Yudeeya yooshi na hoofu nayo hooshi, abantu bamenya ebi Yeesu ali ajirire.",Cette parole sur Jésus se répandit dans toute la Judée et dans tout le pays dalentour.
LUK.7.18,Abigirizwa ba Yohaana bamubwira byooshi Yeesu aliiri kujira. Yohaana ahamagala babiri omu bo.,Jean fut informé de toutes ces choses par ses disciples.
LUK.7.19,abarhuma emwa Nnaweerhu kumubaza ntya: «Ka wooyo we Masiiya Nnamahanga alaganyaga changwa rhukwaneene kulinga owindi?».,"Il en appela deux, et les envoya vers Jésus, pour lui dire: Es-tu celui qui doit venir, ou devons-nous en attendre un autre?."
LUK.7.20,"Abo bigirizwa babiri babeere baahika hoofu na Yeesu, bamubwira ntya: «Yohaana Mubatiiza arhurhumire gukubaza ntya: ‹Ka wooyo we Masiiya ogwasizwe kuyinja changwa rhukwaneene kulinga owindi?›».","Arrivés auprès de Jésus, ils dirent: Jean-Baptiste nous a envoyés vers toi, pour dire: Es-tu celui qui doit venir, ou devons-nous en attendre un autre?."
LUK.7.21,"Mw'akoola gashanji, Yeesu afumya abantu banene endwala zaabo, obulema, n' abazimu , n'okugalulira empumi okubona.","A lheure même, Jésus guérit plusieurs personnes de maladies, dinfirmités, et desprits malins, et il rendit la vue à plusieurs aveugles."
LUK.7.22,"Yeesu ashubiza abigirizwa ba Yohaana ntya: «Muje kubalira Yohaana ebi mwabwene n'okuyunva: empumi yi zabona, ebirema yi byalambagira, ababenzibenzi yi baafuma, ebihuli yi byayunva, abafu yi bafuuka, n'oMwazi Mwinja yi gwashambaalirwa abakene.","Et il leur répondit: Allez rapporter à Jean ce que vous avez vu et entendu: les aveugles voient, les boiteux marchent, les lépreux sont purifiés, les sourds entendent, les morts ressuscitent, la bonne nouvelle est annoncée aux pauvres."
LUK.7.23,Agishwe olaala orhakaleka kunyemeera!».,Heureux celui pour qui je ne serai pas une occasion de chute!.
LUK.7.24,"Abarhumwa ba Yohaana babeere bagenda, Yeesu ava arhondera kubwira ntya olubaga lwali ho elugulu wa Yohaana: «Gichi mwajaagilola omu mpinga? Ka lusheke lushaganyizwe n'omuyaga?.","Lorsque les envoyés de Jean furent partis, Jésus se mit à dire à la foule, au sujet de Jean: Quêtes-vous allés voir au désert? Un roseau agité par le vent?."
LUK.7.25,"Kandi, gichi mwajaaga kulola? Ka muntu oyambeere emishangi minja? Aliko abayambala emishangi minja n'okulama omu muhimbo bali omu nju z'abaami.","Mais, quêtes-vous allés voir? Un homme vêtu dhabits précieux? Voici, ceux qui portent des habits magnifiques, et qui vivent dans les délices, sont dans les maisons des rois."
LUK.7.26,"Aliko si, gichi mwajaaga mwaja kulola? Omuleebi? Neechi, mbabwirire okw'ali muleebi, na kandi yeewe alushire omuleebi.","Quêtes-vous donc allés voir? Un prophète? Oui, vous dis-je, et plus quun prophète."
LUK.7.27,"Kwenge Yohaana y'aMandiko Matagatiifu maderhaga ntya elugulu waage: ‹Ntumire omubala mwazi waani agurhange embere, kugurheganyiza enjira.›.","Cest celui dont il est écrit: Voici, jenvoie mon messager devant ta face, Pour préparer ton chemin devant toi."
LUK.7.28,"Mbabwirire oku omu booshi baburhirwe n'abakazi, harhashubiraga kuba omukulu kulusha Yohaana. Aliko, omugeeke bweneene omu Bwami bwa Nnamahanga ali mukulu kumulusha.».","Je vous le dis, parmi ceux qui sont nés de femmes, il ny en a point de plus grand que Jean. Cependant, le plus petit dans le royaume de Dieu est plus grand que lui."
LUK.7.29,"Olubaga looshi n' abafurhiisa b'amakooli bali bamuyunviriize, bayemeera oku Nnamahanga akwaneene, banachibatiziisa emwa Yohaana.","Et tout le peuple qui la entendu et même les publicains ont justifié Dieu, en se faisant baptiser du baptême de Jean;."
LUK.7.30,Aliko aBafarisaayo n' abigiriza b'amarhegeko balahiire eki Nnamahanga ashondaga oku bo n'okuva balahira kubatiizwa na Yohaana.,"mais les pharisiens et les docteurs de la loi, en ne se faisant pas baptiser par lui, ont rendu nul à leur égard le dessein de Dieu."
LUK.7.31,Yeesu ashuba kuderha ntya: «Abantu bali zeene nakabashushanya na nde? Bashushire nde?.,"A qui donc comparerai-je les hommes de cette génération, et à qui ressemblent-ils?."
LUK.7.32,"Bashushire n'abaana bayikeere embuga, eyi baguma yi bahamagala abaabo ntya: ‹Rhwabazihiire omulizi aliko murhazinire! Rhwabayimpiire enyimpo z'emishiibo aliko murhalirire!›.","Ils ressemblent aux enfants assis dans la place publique, et qui, se parlant les uns aux autres, disent: Nous vous avons joué de la flûte, et vous navez pas dansé; nous vous avons chanté des complaintes, et vous navez pas pleuré."
LUK.7.33,"Amango Yohaana Mubatiiza ayinjaga, arhaliiri kulya emigati n'okunywa edivaayi. Mwamuderha ntya: ‹Agwarhirwe n' omuzimu !›.","Car Jean-Baptiste est venu, ne mangeant pas de pain et ne buvant pas de vin, et vous dites: Il a un démon."
LUK.7.34,"Leero Mwene oMuntu amayinja, ali kulya n'okunywa. Kandi mwamamuderha ntya: ‹Tala oyu muntu oganiiza okulya konyine n'okunywa edivaayi. Ali mwira w' abafurhiisa b'amakooli n'abandi banyabyaaha!›.","Le Fils de lhomme est venu, mangeant et buvant, et vous dites: Cest un mangeur et un buveur, un ami des publicains et des gens de mauvaise vie."
LUK.7.35,"Aliko, obwenge bunene bwa Nnamahanga buyinjikeene nka b'okuli oku booshi babuyemeera.».",Mais la sagesse a été justifiée par tous ses enfants.
LUK.7.36,"oMufarisaayo muguma alaalika Yeesu kulya haguma naye. Aja omu nju yaage, bayikala kulya ebiryo.","Un pharisien pria Jésus de manger avec lui. Jésus entra dans la maison du pharisien, et se mit à table."
LUK.7.37,"Mw'echo gishagala mwaliiri omukazi w'ebyaaha. Abeere ayunva oku Yeesu y'alya emw'oyo Mufarisaayo, aleerha omukebo gw'amarashi.","Et voici, une femme pécheresse qui se trouvait dans la ville, ayant su quil était à table dans la maison du pharisien, apporta un vase dalbâtre plein de parfum."
LUK.7.38,"Ayimanga enyuma za Yeesu, aha burhambi bw'amagulu maage. Arhondera kulira n'okulobya amagulu ma Yeesu n'emiziga yaage. Ashangula amagulu ma Yeesu n'enviiri zaage, amahoobera, n'okumashiiga kw'amarashi.","et se tint derrière, aux pieds de Jésus. Elle pleurait; et bientôt elle lui mouilla les pieds de ses larmes, puis les essuya avec ses cheveux, les baisa, et les oignit de parfum."
LUK.7.39,"Oyo Mufarisaayo walaalikaga Yeesu abeere abona ntyo, achibwira ntya omu murhima gwage: «Oyu muntu nk'aliiri muleebi wa Nnamahanga, singa amenyere oyu mukazi wamuhumire ko ali nde, okw'ali munyabyaaha.».","Le pharisien qui lavait invité, voyant cela, dit en lui-même: Si cet homme était prophète, il connaîtrait qui et de quelle espèce est la femme qui le touche, il connaîtrait que cest une pécheresse."
LUK.7.40,"Yeesu abwira oyo Mufarisaayo ntya: «Simooni, ngwerhe echinwa ch'ogukubwira.» Simooni ashubiza ntya: «Derha, Mwigiriza.».","Jésus prit la parole, et lui dit: Simon, jai quelque chose à te dire. Maître, parle, répondit-il."
LUK.7.41,Yeesu aderha ntya: «Bantu babiri baligwerhe omwinda gw'owabayindikaga. Muguma aligwerhe omwinda gw' edinaari magana marhaano n'owindi makumi marhaano.,"Un créancier avait deux débiteurs: lun devait cinq cents deniers, et lautre cinquante."
LUK.7.42,"Nka kunoola booshi ntaaye waligalire kumujuha, abababalira booshi oku bali babiri. Nde nji wamusiima bweneene mw'aba babiri?».","Comme ils navaient pas de quoi payer, il leur remit à tous deux leur dette. Lequel laimera le plus?."
LUK.7.43,Simooni amushubiza ntya: «Nkengereere k'olaala ababaliraga walimugwerhe mwinda munene.» Yeesu amubwira ntya: «Waderhere okuli.».,"Simon répondit: Celui, je pense, auquel il a le plus remis. Jésus lui dit: Tu as bien jugé."
LUK.7.44,"Ashuba guhindamukira emunda oyo mukazi ali n'okubwira Simooni ntya: «K'obwene oyu mukazi? Najiire omu mwawe, chiro orhampeere amenji m'ogushuka amagulu, aliko yeewe anshukire amagulu n'emiziga yaage n'okumashangula n'enviiri zaage.","Puis, se tournant vers la femme, il dit à Simon: Vois-tu cette femme? Je suis entré dans ta maison, et tu ne mas point donné deau pour laver mes pieds; mais elle, elle les a mouillés de ses larmes, et les a essuyés avec ses cheveux."
LUK.7.45,"Wooyo orhanyankiriire omu kumpoobera, aliko yeewe arhalekere guhoobera amagulu maani gurhengera aha najiriire omu mwawe.","Tu ne mas point donné de baiser; mais elle, depuis que je suis entré, elle na point cessé de me baiser les pieds."
LUK.7.46,"Wooyo orhashiigire amavurha omu rhwe lyaani, aliko yeewe ashiigire amarashi oku magulu maani.","Tu nas point versé dhuile sur ma tête; mais elle, elle a versé du parfum sur mes pieds."
LUK.7.47,"Cho girhumire nkubwirire oku obuzigire bunene anyerekere, buyerekeene okw'ebyaaha byaage binene byababaliirwe. Aliko obabaliirwe bugeeke anayeerekana obuzigire bugeeke.».","Cest pourquoi, je te le dis, ses nombreux péchés ont été pardonnés: car elle a beaucoup aimé. Mais celui à qui on pardonne peu aime peu."
LUK.7.48,Yeesu abwira oyo mukazi ntya: «Ebyaaha byaawe byababaliirwe.».,Et il dit à la femme: Tes péchés sont pardonnés.
LUK.7.49,Abaliiri kulya oku meeza haguma na Yeesu barhondera guchidedeesa ntya: «Oyu ali nde w'okubabalira n'ebyaaha nabyo?».,"Ceux qui étaient à table avec lui se mirent à dire en eux-mêmes: Qui est celui-ci, qui pardonne même les péchés?."
LUK.7.50,Aliko Yeesu abwira oyo mukazi ntya: «Obwemeezi bwawe bwaguchungwire; ogende n'omurhuula.».,"Mais Jésus dit à la femme: Ta foi ta sauvée, va en paix."
LUK.8.1,"Buzinda bw'aho, Yeesu alenga omu bishagala bineneenene n'omu bigeekegeeke. Agenda ayaamagaza n'okubala oMwazi Mwinja gw'obwime bwa Nnamahanga. Entumwa zaage ekumi n'ebiri zaliiri haguma naye.","Ensuite, Jésus allait de ville en ville et de village en village, prêchant et annonçant la bonne nouvelle du royaume de Dieu."
LUK.8.2,"n'abakazi baguma Yeesu akuulaga mw' abazimu n'abandi afumyaga endwala: Mariya oyirikwa w'eMagadala, warhengwaga mo bazimu mushanvu.","Les douze étaient avec lui et quelques femmes qui avaient été guéries desprits malins et de maladies: Marie, dite de Magdala, de laquelle étaient sortis sept démons."
LUK.8.3,"Jaani muka Chuuza waliiri mwimangizi w'ebikulo bya Heroode , Suzana, n'abandi bakazi banene barhabaalaga n'ebikulo byaabo akaasi ka Yeesu n'entumwa zaage.","Jeanne, femme de Chuza, intendant dHérode, Susanne, et plusieurs autres, qui lassistaient de leurs biens."
LUK.8.4,"Abantu banene bayegeera Yeesu, barhengeraga omu ngasi gishagala. Abachiira guno mugani:.","Une grande foule sétant assemblée, et des gens étant venus de diverses villes auprès de lui, il dit cette parabole:."
LUK.8.5,"«Haliiri muhinzi muguma, agenda kubyaala emburho yaage. Okw'ali kubyaala, embeke ziguma zarhogera aha burhambirhambi bw'enjira: zalabarhwa, n'enyunyi z'omu chaalege zalya zo.","Un semeur sortit pour semer sa semence. Comme il semait, une partie de la semence tomba le long du chemin: elle fut foulée aux pieds, et les oiseaux du ciel la mangèrent."
LUK.8.6,"Ezindi zarhogera oku mabaale. Zabeere zamera, zayuuma, kwenge zabulaga amenji.","Une autre partie tomba sur le roc: quand elle fut levée, elle sécha, parce quelle navait point dhumidité."
LUK.8.7,Ezindi zarhogera omu mishaaki; emishaaki yamera haguma nazo n'okuzifundeeza.,"Une autre partie tomba au milieu des épines: les épines crûrent avec elle, et létouffèrent."
LUK.8.8,"Ezindi mbeke zarhogera omu budaka bwinja; zabeere zamera, zayeeza ngasi nguma amagana m'amalehe.» Yeesu abeere amala kuderha ebyoola, ayaamagaza ntya: «Ogwerhe amarhwi m'okuyunva, ayunve!».","Une autre partie tomba dans la bonne terre: quand elle fut levée, elle donna du fruit au centuple. Après avoir ainsi parlé, Jésus dit à haute voix: Que celui qui a des oreilles pour entendre entende!."
LUK.8.9,Abigirizwa baage baamubaza ech'ogo mugani gwali guderhere.,Ses disciples lui demandèrent ce que signifiait cette parabole.
LUK.8.10,"Abashubiza ntya: «Mwabo, mwahaabirwe okumenya ebibishirwe by'obwime bwa Nnamahanga. Aliko oku bandi, bibabwirirwe omu migani, yi ‹nka baabona, ntaacho babonage, na nka bayunviriza, ntaacho bayunvage.›».","Il répondit: Il vous a été donné de connaître les mystères du royaume de Dieu; mais pour les autres, cela leur est dit en paraboles, afin quen voyant ils ne voient point, et quen entendant ils ne comprennent point."
LUK.8.11,«Ogu mugani guderhere ntya: emburho zishushanyizwe n'eChinwa cha Nnamahanga.,"Voici ce que signifie cette parabole: La semence, cest la parole de Dieu."
LUK.8.12,"Embeke ziri aha burhambirhambi bw'enjira, zishushanyizwe n'abantu bayunviriza eChinwa cha Nnamahanga. Aliko Shetaani anayinja gukuula eChinwa omu mirhima yaabo yi barhabaaga n'obwemeezi n'oguchungulwa.","Ceux qui sont le long du chemin, ce sont ceux qui entendent; puis le diable vient, et enlève de leur cœur la parole, de peur quils ne croient et soient sauvés."
LUK.8.13,"Ezarhogeraga oku mabaale, zishushanyizwe n'abanayunviiriza eChinwa cha Nnamahanga n'oguchiyankirira n'obushagaluke. Aliko girhagwarha emizi omu mirhima yaabo, banagwarha obwemeezi omu gashanji kageeke n'amango emirhego yayinjaga banaleka obwemeezi.","Ceux qui sont sur le roc, ce sont ceux qui, lorsquils entendent la parole, la reçoivent avec joie; mais ils nont point de racine, ils croient pour un temps, et ils succombent au moment de la tentation."
LUK.8.14,"Embeke zarhogeraga omu mishaaki zishushanyizwe n'abantu bayunva eChinwa cha Nnamahanga. Aliko emilago, obuchire n'obuloke bw'akalamo byanabafundeeza, banafundwa kuyeeza amalehe makulire.","Ce qui est tombé parmi les épines, ce sont ceux qui, ayant entendu la parole, sen vont, et la laissent étouffer par les soucis, les richesses et les plaisirs de la vie, et ils ne portent point de fruit qui vienne à maturité."
LUK.8.15,"Embeke zarhogeraga omu budaka bwinja, zishushanyizwe n'abayunva eChinwa cha Nnamahanga n'oguchibiika omu murhima mwinja gunakwiriire, n'omu guchihangaana banagwarha amalehe.».","Ce qui est tombé dans la bonne terre, ce sont ceux qui, ayant entendu la parole avec un cœur honnête et bon, la retiennent, et portent du fruit avec persévérance."
LUK.8.16,"«Omuntu arhakamala guchaana etara mpu aliyuubike kw'echintu changwa alihire omu ntalule. Aliko alihanika oku gikondo, y'abaaja omu nju baabona obumoleke.","Personne, après avoir allumé une lampe, ne la couvre dun vase, ou ne la met sous un lit; mais il la met sur un chandelier, afin que ceux qui entrent voient la lumière."
LUK.8.17,"Kwenge ntaacho chibishirwe girhakabishuulwa, na ntaacho chijirirwe omu bwibisho girhakamenyikana n'okuleerhwa ahabonekeene.","Car il nest rien de caché qui ne doive être découvert, rien de secret qui ne doive être connu et mis au jour."
LUK.8.18,Muchilange okuntu muyunviriza; kwenge nji baaha ogwerhe; aliko orhagwerhe nji bamunyega chiro n'ehyakengereere oku agwerhe.».,"Prenez donc garde à la manière dont vous écoutez; car on donnera à celui qui a, mais à celui qui na pas on ôtera même ce quil croit avoir."
LUK.8.19,"Nyina na beene baabo Yeesu bayinja emunda ali, aliko barhakagalire kumuyegeera elugulu w'abantu banene.","La mère et les frères de Jésus vinrent le trouver; mais ils ne purent laborder, à cause de la foule."
LUK.8.20,"Bantu baguma babwira Yeesu ntya: «Nyoko na beene benyu bayimangire ahambuga, bali bashonda gukulola.».","On lui dit: Ta mère et tes frères sont dehors, et ils désirent te voir."
LUK.8.21,"Aliko abashubiza ntya: «Nyaama na beene beerhu, bali bantu bayunva eChinwa cha Nnamahanga n'okugihira omu bijiro.».","Mais il répondit: Ma mère et mes frères, ce sont ceux qui écoutent la parole de Dieu, et qui la mettent en pratique."
LUK.8.22,"Lusiku luguma, Yeesu aja omu bwarho haguma n' abigirizwa baage. Ababwira ntya: «Rhuyambukire eshiiriza w'enyanja.» Baava bagenda.","Un jour, Jésus monta dans une barque avec ses disciples. Il leur dit: Passons de lautre côté du lac. Et ils partirent."
LUK.8.23,"Oku bali kugenda, Yeesu alyaama. Omulaba munene gwasuuka omu nyanja, obwarho bwalema bwarhoola amenji. Baliiri hoofu kuzika.","Pendant quils naviguaient, Jésus sendormit. Un tourbillon fondit sur le lac, la barque se remplissait deau, et ils étaient en péril."
LUK.8.24,"Baava baja kumuchula, bamubwira ntya: «Mwigiriza, Mwigiriza, rhwafa!» Azuukire, akankamira omulaba n'ebivundu. Byarhuleera. Endeera yaba.","Ils sapprochèrent et le réveillèrent, en disant: Maître, maître, nous périssons! Sétant réveillé, il menaça le vent et les flots, qui sapaisèrent, et le calme revint."
LUK.8.25,"Yeesu aja ababaza ntya: «Ngahe obwemeezi bwenyu buli?» Bayuubaha n'ogusoomerwa, baalema babwirana ntya: «Oyu ali nde? Y'arhegeka chiro omulaba n'amenji, byanamukenga.».","Puis il leur dit: Où est votre foi? Saisis de frayeur et détonnement, ils se dirent les uns aux autres: Quel est donc celui-ci, qui commande même au vent et à leau, et à qui ils obéissent?."
LUK.8.26,"Bagendekera n'olugenzi lwabo guhika omu gihugo ch'aBageraasi, chiloleene n'eche Galilaaya.","Ils abordèrent dans le pays des Géraséniens, qui est vis-à-vis de la Galilée."
LUK.8.27,"Yeesu abeere ayoomoka, muntu muguma w'ahoola ayinja embere zaage. Oyo muntu alifarhirwe n' abazimu . Gurhengera miira arhayambalaga emyambalo. Arhanabeeraga omu nju aliko oku mashinda.","Lorsque Jésus fut descendu à terre, il vint au-devant de lui un homme de la ville, qui était possédé de plusieurs démons. Depuis longtemps il ne portait point de vêtement, et avait sa demeure non dans une maison, mais dans les sépulcres."
LUK.8.28,"Abeere abona Yeesu, ashuurha olujamu, achikabula embere z'amagulu maage n'okuderha ntya n'omulenge munene: «Yeesu, Mugala wa Nnamahanga w'Elugulu Bweneene, chagarhuma wachiiheba omu byaani? Ngurhebereeze, orhandibuzaga!».","Ayant vu Jésus, il poussa un cri, se jeta à ses pieds, et dit dune voix forte: Quy a-t-il entre moi et toi, Jésus, Fils du Dieu Très-Haut? Je ten supplie, ne me tourmente pas."
LUK.8.29,Aliikaga omulenge ntyo kwenge Yeesu alirhegekere oyo muzimu okw'arhenge m'oyo muntu. Oyo muzimu abaaga anafarha oyo muntu siku zinene. Baliiri kumulanga ey'azirikirwe amaboko n'obulegule n'ebyuuma oku magulu. Aliko agendaga acha ebyo biziriko n'oguheekwa n'oyo muzimu omu mpinga.,"Car Jésus commandait à lesprit impur de sortir de cet homme, dont il sétait emparé depuis longtemps; on le gardait lié de chaînes et les fers aux pieds, mais il rompait les liens, et il était entraîné par le démon dans les déserts."
LUK.8.30,"Yeesu amubaza ntya: «Eziino lyawe we nde?» Ashubiza ntya: «Nyoono, nye Rhuli banene»; kwenge abazimu banene balimujiire mo.","Jésus lui demanda: Quel est ton nom? Légion, répondit-il. Car plusieurs démons étaient entrés en lui."
LUK.8.31,Abo bazimu bamuyinginga okw'arhabarhegekaga kuja ekuzimu.,Et ils priaient instamment Jésus de ne pas leur ordonner daller dans labîme.
LUK.8.32,Ahoola haliiri obuso bw'engulube zinene bwaliiri kulagirwa oku musozi. Abo bazimu barhebeereza Yeesu oku abayemereere baje mw'ezo ngulube. Abayemeerera ntyo.,"Il y avait là, dans la montagne, un grand troupeau de pourceaux qui paissaient. Et les démons supplièrent Jésus de leur permettre dentrer dans ces pourceaux. Il le leur permit."
LUK.8.33,"Bala bazimu barhenga m'oyo muntu, baja omu ngulube, n'obo buso booshi bwachima bwalibirha oku musozi, bwachiiroha omu nyanja n'okuzika.","Les démons sortirent de cet homme, entrèrent dans les pourceaux, et le troupeau se précipita des pentes escarpées dans le lac, et se noya."
LUK.8.34,"Abangere b'ezo ngulube babeere baabona ebyabeere, balibirha n'okuyandaaza ogo mwazi mw'echo gishagala chinene n'omu rhwango rhutureene ho.","Ceux qui les faisaient paître, voyant ce qui était arrivé, senfuirent, et répandirent la nouvelle dans la ville et dans les campagnes."
LUK.8.35,"Abantu bayinja kulola ebyabeere. Baahika emunda Yeesu ali, bashigaana oyo muntu abazimu barhengaga mo ayikeere aha burhambi bw'amagulu ma Yeesu, ey'ayambeere, anakola agwerhe obwenge booshi. Abantu bayuubaha.","Les gens allèrent voir ce qui était arrivé. Ils vinrent auprès de Jésus, et ils trouvèrent lhomme de qui étaient sortis les démons, assis à ses pieds, vêtu, et dans son bon sens; et ils furent saisis de frayeur."
LUK.8.36,Ababonaga ebyabaaga baabalira abandi gurhe oyo muntu waliiri mw' abazimu afumyagwa.,Ceux qui avaient vu ce qui sétait passé leur racontèrent comment le démoniaque avait été guéri.
LUK.8.37,"Abantu booshi b'egihugo ch'aBageraasi baahema Yeesu arhenge emwabo, kwenge bali bafarhirwe n'obuuba bunene. Yeesu ava aja omu bwarho, achigalukira.","Tous les habitants du pays des Géraséniens prièrent Jésus de séloigner deux, car ils étaient saisis dune grande crainte. Jésus monta dans la barque, et sen retourna."
LUK.8.38,"Omuntu warhengagwa mw'abazimu arhebeereza Yeesu okw'agende haguma naye. Aliko Yeesu amulahirira, amubwira ntya:.","Lhomme de qui étaient sortis les démons lui demandait la permission de rester avec lui. Mais Jésus le renvoya, en disant:."
LUK.8.39,"«Ogaluke emwawe n'okubala byooshi Nnamahanga akujiriire.» Agenda, ayaamagaza omu gishagala chinene chooshi ebi Yeesu amujiriire byooshi.","Retourne dans ta maison, et raconte tout ce que Dieu ta fait. Il sen alla, et publia par toute la ville tout ce que Jésus avait fait pour lui."
LUK.8.40,"Yeesu abeere agaluka eGalilaaya, ayankiirirwa n'abantu banene, kwenge baliiri kumulinga.","A son retour, Jésus fut reçu par la foule, car tous lattendaient."
LUK.8.41,Ho n'aho haahulukira omuntu muguma oyirikwa Yaiiro. Aliiri mukulu w' esinagoogi . Achikabula hoofu n'amagulu ma Yeesu ey'ali kumurhebeereza oku aje emwage.,"Et voici, il vint un homme, nommé Jaïrus, qui était chef de la synagogue. Il se jeta à ses pieds, et le supplia dentrer dans sa maison."
LUK.8.42,"kwenge omwali w'echinege aliiri hoofu h'ogufa. Oyo mwali aligwerhe myaaka ekumi n'ebiri. Amango Yeesu aliiri kuja yo, abantu banene baliiri kumufundeeza bweneene.","parce quil avait une fille unique denviron douze ans qui se mourait. Pendant que Jésus y allait, il était pressé par la foule."
LUK.8.43,"Ahoola haliiri omukazi muguma w'alilwere gurhengera myaaka ekumi n'ebiri endwala y'okuva eshagama. Abaaga amalire ebikulo byaage byooshi oku bafumu, aliko ntaaye n'omuguma wagalire kumufumya.","Or, il y avait une femme atteinte dune perte de sang depuis douze ans, et qui avait dépensé tout son bien pour les médecins, sans quaucun ait pu la guérir."
LUK.8.44,"Ayegeera enyuma za Yeesu, n'oguhuma oku mushoojo gw'efulema yaage. Ho n'aho, okuva kwage kw'eshagama kwahwa.","Elle sapprocha par derrière, et toucha le bord du vêtement de Jésus. Au même instant la perte de sang sarrêta."
LUK.8.45,"Yeesu abaza ntya: «Nde wampumire ko?» Abantu booshi bahakana. Petero aja amubwira ntya: «Mwigiriza, abantu banene yi bagufundeeza n'okugushunika!».","Et Jésus dit: Qui ma touché? Comme tous sen défendaient, Pierre et ceux qui étaient avec lui dirent: Maître, la foule tentoure et te presse, et tu dis: Qui ma touché?."
LUK.8.46,Aliko Yeesu aderha ntya: «Hali omuntu wampumire ko. Nyoono menyere bwinja oku hali emisi yantengere ko.».,"Mais Jésus répondit: Quelquun ma touché, car jai connu quune force était sortie de moi."
LUK.8.47,"Oyo mukazi abeere abona okw'amenyikeene, ayinja adirhimana guchikabula hoofu n'amagulu ma Yeesu. Achirhondoola embere z'abantu booshi echarhumaga amuhuma ko na gurhe afumaga ho n'aho.","La femme, se voyant découverte, vint toute tremblante se jeter à ses pieds, et déclara devant tout le peuple pourquoi elle lavait touché, et comment elle avait été guérie à linstant."
LUK.8.48,"Yeesu amubwira ntya: «Mwali waani, obwemeezi bwawe bwagufumize; ogende n'omurhuula.».","Jésus lui dit: Ma fille, ta foi ta sauvée; va en paix."
LUK.8.49,"Oku Yeesu achiri aderha, hagera omuntu warhengera emw'ola mukulu w'esinagoogi. Abwira oyoola mukulu ntya: «Mwali waawe afiire, orhagishiibaga walunza oMwigiriza.».","Comme il parlait encore, survint de chez le chef de la synagogue quelquun disant: Ta fille est morte; nimportune pas le maître."
LUK.8.50,"Aliko Yeesu abeere abiyunva, abwira Yaiiro ntya: «Orhayuubahaga, yemeera konyine, mwali waawe afuma.».","Mais Jésus, ayant entendu cela, dit au chef de la synagogue: Ne crains pas, crois seulement, et elle sera sauvée."
LUK.8.51,"Yeesu agerere emwa Yaiiro, arhayemeeraga omuntu aja omu nju haguma naye arhali Petero, Yohaana na Yakobo, haguma n'eshe na nyina w'oyo mwana.","Lorsquil fut arrivé à la maison, il ne permit à personne dentrer avec lui, si ce nest à Pierre, à Jean et à Jacques, et au père et à la mère de lenfant."
LUK.8.52,"Abantu booshi balemaga balira n'okulumwa elugulu w'oyo munyere. Aliko Yeesu aderha ntya: «Murhaliraga, arhafiire, ahuubwe alyaamire!».","Tous pleuraient et se lamentaient sur elle. Alors Jésus dit: Ne pleurez pas; elle nest pas morte, mais elle dort."
LUK.8.53,"Boowe bamushekera, eyi bayinji okw'oyo munyere afiire.","Et ils se moquaient de lui, sachant quelle était morte."
LUK.8.54,"Aliko amufarhira oku kuboko n'okuderha ntya n'omulenge munene: «Mwana waani, zuuka!».","Mais il la saisit par la main, et dit dune voix forte: Enfant, lève-toi."
LUK.8.55,"Omuuka gwage gwagaluka, ho n'aho ayimanga. Yeesu arhegeka oku bamuhe ebiryo.","Et son esprit revint en elle, et à linstant elle se leva; et Jésus ordonna quon lui donnât à manger."
LUK.8.56,Abazeere b'oyo munyere basoomerwa. Aliko Yeesu abarhegeka oku ntaaye babwirage ebyabeere.,"Les parents de la jeune fille furent dans létonnement, et il leur recommanda de ne dire à personne ce qui était arrivé."
LUK.9.1,Yeesu ahamagala entumwa zaage ekumi n'ebiri aziheereza obuhashe n'oburhegesi b'ogukuula abazimu booshi n'ogufumya endwala.,"Jésus, ayant assemblé les douze, leur donna force et pouvoir sur tous les démons, avec la puissance de guérir les maladies."
LUK.9.2,Azirhuma kuyigiriza enyigirizo ziyerekeere obwime bwa Nnamahanga n'ogufumya abalwala.,"Il les envoya prêcher le royaume de Dieu, et guérir les malades."
LUK.9.3,"Abwira ezo ntumwa ntya: «Ntaacho muchiyikirage omu lugenzi lwenyu: ebe nkoni changwa eshaho, bibe biryo changwa efuranga, na ntaaye oheekage simiisi ebiri.","Ne prenez rien pour le voyage, leur dit-il, ni bâton, ni sac, ni pain, ni argent, et nayez pas deux tuniques."
LUK.9.4,"Enju nji babayankirira mo, muyibeere mo kugera amango nji mwaja ahandi.","Dans quelque maison que vous entriez, restez-y; et cest de là que vous partirez."
LUK.9.5,"Ngasi hantu abantu nji balahira kubayankirira, murhenge omu gishagala chaabo munakunguurhe olujuchu lw'amagulu menyu. Okoola kuli kubayeereka oku Nnamahanga nj'abahana.».","Et, si les gens ne vous reçoivent pas, sortez de cette ville, et secouez la poussière de vos pieds, en témoignage contre eux."
LUK.9.6,"Ezo ntumwa zagenda, zarhondera kulenga omu ngasi gishagala. Zaliiri kuyigiriza oMwazi Mwinja n'ogufumya abalwala ngasi hooshi.","Ils partirent, et ils allèrent de village en village, annonçant la bonne nouvelle et opérant partout des guérisons."
LUK.9.7,"Heroode , murhegesi w'eGalilaaya, abeere ayunva byooshi biri byaagera, abula olwimango. Kwenge baguma baliiri kuderha mpu Yohaana afuukire gurhenga omu bafu.","Hérode le tétrarque entendit parler de tout ce qui se passait, et il ne savait que penser. Car les uns disaient que Jean était ressuscité des morts;."
LUK.9.8,Abandi bantu balemaga baderha mpu Eliya yi wagalukire. Abandi balemaga baderha mpu muguma omu baleebi ba miira yi wafuukire.,"dautres, quÉlie était apparu; et dautres, quun des anciens prophètes était ressuscité."
LUK.9.9,Aliko Heroode aderha ntya: «Nyoono nye naderhaga bache Yohaana erhwe. Ye nde oyu naye ndi nayunva baderha ebintu biri ntya elugulu waage?» Byaarhuma Heroode naye ashonda kubona Yeesu.,"Mais Hérode disait: Jai fait décapiter Jean; qui donc est celui-ci, dont jentends dire de telles choses? Et il cherchait à le voir."
LUK.9.10,Entumwa zagaluka emunda Yeesu ali zanamubwira byooshi zajiraga. Aziheeka ahantu harhali lwamo oku lunda luyerekeere egishagala ch'eBetesayida.,"Les apôtres, étant de retour, racontèrent à Jésus tout ce quils avaient fait. Il les prit avec lui, et se retira à lécart, du côté dune ville appelée Bethsaïda."
LUK.9.11,"Abantu banene babeere bamenya okw'ajiire yo, bamukulikira. Yeesu abayankirira. Alema ababwira ebinwa biyerekeere obwime bwa Nnamahanga, anafumya abantu bali bakeneere ogufuma.","Les foules, layant su, le suivirent. Jésus les accueillit, et il leur parlait du royaume de Dieu; il guérit aussi ceux qui avaient besoin dêtre guéris."
LUK.9.12,"Ezuuba lyarhondeere kuzika, entumwa ekumi n'ebiri zaja zayegeera Yeesu n'okumubwira ntya: «Galula aba bantu yi baja emunda balaala, yi banabona ebiryo omu bishagala n'omu mizi ya hoofu, kwenge rhuli omu mpinga.».","Comme le jour commençait à baisser, les douze sapprochèrent, et lui dirent: Renvoie la foule, afin quelle aille dans les villages et dans les campagnes des environs, pour se loger et pour trouver des vivres; car nous sommes ici dans un lieu désert."
LUK.9.13,Aliko Yeesu abwira entumwa zaage ntya: «Mubahe mwenyine ebi baalya!» Entumwa zaderha ntya: «Rhugwerhe migati erhaano yonyine n'efi ebiri. K'oshondere rhwenyine rhuje kugula ebiryo by'aba bantu booshi?».,"Jésus leur dit: Donnez-leur vous-mêmes à manger. Mais ils répondirent: Nous navons que cinq pains et deux poissons, à moins que nous nallions nous-mêmes acheter des vivres pour tout ce peuple."
LUK.9.14,N'obo haliiri hoofu nka balume bihumbi birhaano. Yeesu abwira abigirizwa baage ntya: «Mubayikaze bigusho-bigusho by'abantu makumi marhaano.».,"Or, il y avait environ cinq mille hommes. Jésus dit à ses disciples: Faites-les asseoir par rangées de cinquante."
LUK.9.15,"Abigirizwa baajira ntyo, babayikaza booshi.","Ils firent ainsi, ils les firent tous asseoir."
LUK.9.16,"Yeesu arhoola ela migati erhaano na zila fi ebiri, ayerekeza ameesho empingu, abigisha. Yeesu ava abichagulanga, anarhondera abiha abigirizwa baage yi babigabira abantu.","Jésus prit les cinq pains et les deux poissons, et, levant les yeux vers le ciel, il les bénit. Puis, il les rompit, et les donna aux disciples, afin quils les distribuassent à la foule."
LUK.9.17,Abantu booshi baalya banayuugurha. Abigirizwa baheeka rhurhanda ekumi na rhubiri rhw'ebichiira byasigalaga.,"Tous mangèrent et furent rassasiés, et lon emporta douze paniers pleins des morceaux qui restaient."
LUK.9.18,"Lusiku luguma eyi Yeesu ali asaliira aharhali abantu, eyi n' abigirizwa baage bachigushire haguma naye, Yeesu ababaza ntya: «Abantu bali kuderha oku nye nde?».","Un jour que Jésus priait à lécart, ayant avec lui ses disciples, il leur posa cette question: Qui dit-on que je suis?."
LUK.9.19,"Abigirizwa bashubiza ntya: «Baguma yi baderha oku we Yohaana Mubatiiza; n'abandi mpu we Eliya , abandi mpu oli muguma w'omu baleebi ba miira wafuukire.».","Ils répondirent: Jean Baptiste; les autres, Élie; les autres, quun des anciens prophètes est ressuscité."
LUK.9.20,"Yeesu abaza abigirizwa baage ntya: «Aliko si, nenyu muderha oku nye nde?» Petero ashubiza ntya: «Wooyo oli Kirisitu wa Nnamahanga.».","Et vous, leur demanda-t-il, qui dites-vous que je suis? Pierre répondit: Le Christ de Dieu."
LUK.9.21,Yeesu abuza abigirizwa baage oku ntaaye babwirage ebyoola.,Jésus leur recommanda sévèrement de ne le dire à personne.
LUK.9.22,"Ashuba kuderha oku bihemere Mwene oMuntu alibuke bweneene, alahirwe n' abashamuka b'aBayaahudi, abakulu b'abadaahwa n' abigiriza b'amarhegeko , ayirhwe n'olusiku lwa gasharhu afuuke.","Il ajouta quil fallait que le Fils de lhomme souffrît beaucoup, quil fût rejeté par les anciens, par les principaux sacrificateurs et par les scribes, quil fût mis à mort, et quil ressuscitât le troisième jour."
LUK.9.23,"Yeesu aja abwira abantu booshi ntya: «Akaba hali oshondere kunkulikira, achilahire yenyine, aheeke omusalaaba gwage ngasi lusiku, anankulikire.","Puis il dit à tous: Si quelquun veut venir après moi, quil renonce à lui-même, quil se charge chaque jour de sa croix, et quil me suive."
LUK.9.24,"Bulaala, owashonda guchungula akalamo kaage, agaheza; sy'aliko owaheza akalamo kaage eyi nye ntumire, agachungula.","Car celui qui voudra sauver sa vie la perdra, mais celui qui la perdra à cause de moi la sauvera."
LUK.9.25,"Gichi bimaliire omuntu okugwarha ebikulo by'egulu lyooshi, aliko aheze akalamo kaage? Ntaacho!.","Et que servirait-il à un homme de gagner tout le monde, sil se détruisait ou se perdait lui-même?."
LUK.9.26,"Nk'omuntu anyunviire eshoni, anaziyunvire emyaazi yaani, Mwene oMuntu naye nj'amuyunvira eshoni hano nj'agaluka omu bukuuze bwage, bo na bukuuze bw'Eshe na bwa bamalahika batagatiifu.","Car quiconque aura honte de moi et de mes paroles, le Fils de lhomme aura honte de lui, quand il viendra dans sa gloire, et dans celle du Père et des saints anges."
LUK.9.27,Mbabwirire okuli: Baguma omu bali hano barhaafa embere babone obwime bwa Nnamahanga.».,"Je vous le dis en vérité, quelques-uns de ceux qui sont ici ne mourront point quils naient vu le royaume de Dieu."
LUK.9.28,"Enyuma w'esiku zakagera ku munaane Yeesu aderhere ntyo, arhoola Petero, Yohaana na Yakobo; azamuukira oku musozi guhema Nnamahanga.","Environ huit jours après quil eut dit ces paroles, Jésus prit avec lui Pierre, Jean et Jacques, et il monta sur la montagne pour prier."
LUK.9.29,"Abeere ali ahema, eshusho ly'amalanga maage lyahindamuka, n'emyambalo yaage yaba mweru bweneene n'okubaraganya.","Pendant quil priait, laspect de son visage changea, et son vêtement devint dune éclatante blancheur."
LUK.9.30,Ho n'aho haboneka bantu babiri bali kuganiira naye: baliiri Muusa na Eliya .,"Et voici, deux hommes sentretenaient avec lui: cétaient Moïse et Élie."
LUK.9.31,babonekana omu bukuuze gurhenga emwa Nnamahanga. Baalema baganiira haguma na Yeesu ebiyerekeere okugenda kwage kwali kwaneene kuyenerera eYerusaleema.,"qui, apparaissant dans la gloire, parlaient de son départ quil allait accomplir à Jérusalem."
LUK.9.32,"Mwamo mango, Petero n'abaabo baliiri ero bweneene. Basisimukire, baabona obukuuze bwa Yeesu na bala balume babiri baliyimangire haguma naye.","Pierre et ses compagnons étaient appesantis par le sommeil; mais, sétant tenus éveillés, ils virent la gloire de Jésus et les deux hommes qui étaient avec lui."
LUK.9.33,"Muusa na Eliya babeere bali balekana na Yeesu, Petero amubwira ntya: «Mwigiriza, kuli kwinja rhubeere hano. Rhwayumbaka biraaro bisharhu: chiguma chaawe, echindi cha Muusa n'echindi cha Eliya.» Petero arhalimenyere ebyaliiri kuderha.","Au moment où ces hommes se séparaient de Jésus, Pierre lui dit: Maître, il est bon que nous soyons ici; dressons trois tentes, une pour toi, une pour Moïse, et une pour Élie. Il ne savait ce quil disait."
LUK.9.34,"Petero abeere ali aderha ntyo, oluhomo lwayinja lwanabashukulira n'egichuuchu chaalo. Abigirizwa babeere baabona oluhomo lwabashukulira, bayuubaha.","Comme il parlait ainsi, une nuée vint les couvrir; et les disciples furent saisis de frayeur en les voyant entrer dans la nuée."
LUK.9.35,Omulenge gwayunviikana m'olo luhomo: «Oyuula ye Mugala waani nachishogere. Mumuyunve!».,"Et de la nuée sortit une voix, qui dit: Celui-ci est mon Fils élu: écoutez-le!."
LUK.9.36,"Enyuma w'ogo mulenge okuyunviikana, Yeesu obonekana ali yenyine. Abigirizwa baasira, na ntaaye babwirire chintu, mwamo mango, oku bibabonaga ko ahoola.","Quand la voix se fit entendre, Jésus se trouva seul. Les disciples gardèrent le silence, et ils ne racontèrent à personne, en ce temps-là, rien de ce quils avaient vu."
LUK.9.37,"Olusiku lwakulikiraga, Yeesu na balaala bigirizwa basharhu aliiri nabo, barhenga oku musozi. Abantu banene bayinja gushigaanana na Yeesu.","Le lendemain, lorsquils furent descendus de la montagne, une grande foule vint au-devant de Jésus."
LUK.9.38,"Omuntu muguma ayaamira ntya ahagarhi k'abantu: «Mwigiriza, nkuyingingire, ondolere ono mugala waani, kwenge ali w'echinege.","Et voici, du milieu de la foule un homme sécria: Maître, je ten prie, porte les regards sur mon fils, car cest mon fils unique."
LUK.9.39,"Hali omuzimu onamufarha, ho n'aho anamuyamiisa olujamu, anamudirhimanya bweneene, anamukuliisa olufula omu buunu, n'ogurhamurhenga mo juba, n'okumuleka eyi amamuvunangula.","Un esprit le saisit, et aussitôt il pousse des cris; et lesprit lagite avec violence, le fait écumer, et a de la peine à se retirer de lui, après lavoir tout brisé."
LUK.9.40,"Nayingingire abigirizwa baawe bakuule oyo muzimu, aliko barhagalaga.».","Jai prié tes disciples de le chasser, et ils nont pas pu."
LUK.9.41,"Yeesu aderha ntya: «Mwe gisisi chibi na chizira bwemeezi, kugera mango machi nabeera haguma nenyu n'okubalembera? Leerha mugala waawe hano.».","Race incrédule et perverse, répondit Jésus, jusquà quand serai-je avec vous, et vous supporterai-je? Amène ici ton fils."
LUK.9.42,"Omwana abeere ali ayegeera Yeesu, ola muzimu amubanda ahashi n'ogurhondera kumudirhimanya. Aliko Yeesu akalihira oyo muzimu, afumya omwana n'okumugalulira eshe.","Comme il approchait, le démon le jeta par terre, et lagita avec violence. Mais Jésus menaça lesprit impur, guérit lenfant, et le rendit à son père."
LUK.9.43,"Abantu booshi basoomererwa obuhashe bunene bwa Nnamahanga. Oku booshi bali basoomererwa byooshi Yeesu ali ajira, abwira abigirizwa baage ntya:.","Et tous furent frappés de la grandeur de Dieu. Tandis que chacun était dans ladmiration de tout ce que faisait Jésus, il dit à ses disciples:."
LUK.9.44,«Muyunve bwinja ebi nashonda kubabwira: Mwene oMuntu ayinja guhanwa omu fune z'abantu.».,"Pour vous, écoutez bien ceci: Le Fils de lhomme doit être livré entre les mains des hommes."
LUK.9.45,"Aliko abigirizwa barhayunvaga echi chinwa, eby'echi chinwa chiderhere byalibishirhwe y'abigirizwa barhamenyaga echi chiderhere. Baanali bayuubahire kubaza Yeesu ebiyerekeere echi chinwa.","Mais les disciples ne comprenaient pas cette parole; elle était voilée pour eux, afin quils nen eussent pas le sens; et ils craignaient de linterroger à ce sujet."
LUK.9.46,Haahulukira obuhaka omu bigirizwa b'ogushonda kumenya nde oli mukulu omu bo.,"Or, une pensée leur vint à lesprit, savoir lequel dentre eux était le plus grand."
LUK.9.47,"Yeesu walimenyere obukengeere bw'emirhima yaabo, arhoola omwana murho, amuhira eburhambi bwage.","Jésus, voyant la pensée de leur cœur, prit un petit enfant, le plaça près de lui."
LUK.9.48,Ababwira ntya: «Oyankiriire oyu mwana oku ziino lyaani anyankiire nyenyine. N'onyankiriire ayankiriire owantumaga. Bulaala oli mudoorho omu mweshi oyo yeeri mukulu kulusha.».,"et leur dit: Quiconque reçoit en mon nom ce petit enfant me reçoit moi-même; et quiconque me reçoit reçoit celui qui ma envoyé. Car celui qui est le plus petit parmi vous tous, cest celui-là qui est grand."
LUK.9.49,"Yohaana ava aderha ntya: «Mwigiriza, rhwabonaga omuntu oli akuula abazimu oku ziino lyaawe. Rhwamubuza bulaala arhagukulikira haguma neerhu.».","Jean prit la parole, et dit: Maître, nous avons vu un homme qui chasse des démons en ton nom; et nous len avons empêché, parce quil ne nous suit pas."
LUK.9.50,"Yeesu amushubiza ntya: «Murhamubuzaga, bulaala orhali mushombanyi wenyu ey'ali wenyu.».","Ne len empêchez pas, lui répondit Jésus; car qui nest pas contre vous est pour vous."
LUK.9.51,"Esiku Yeesu alikwaneene guheekwa omu mpingu zabeere zaaba hoofu, Yeesu ahiga bweneene kuja eYerusaleema.","Lorsque le temps où il devait être enlevé du monde approcha, Jésus prit la résolution de se rendre à Jérusalem."
LUK.9.52,Arhuma ab'okubala emyaazi embere zaage. Bagenda n'okuja omu gishagala chiguma ch'aBasamariya kumurheganyiza eby'obulagiirire byooshi.,"Il envoya devant lui des messagers, qui se mirent en route et entrèrent dans un bourg des Samaritains, pour lui préparer un logement."
LUK.9.53,Aliko aBasamariya balahira kumuyankirira bulaala aliiri ayerekera eYerusaleema.,"Mais on ne le reçut pas, parce quil se dirigeait sur Jérusalem."
LUK.9.54,"Abigirizwa ba Yeesu, Yakobo na Yohaana babeere bamenya ntyo, baderha ntya: «Nnaweerhu, k'oshondere rhubwire omuliro guchime gurhenga empingu kubasingonyola?».","Les disciples Jacques et Jean, voyant cela, dirent: Seigneur, veux-tu que nous commandions que le feu descende du ciel et les consume?."
LUK.9.55,Yeesu abahindamukira n'okubakalihira.,"Jésus se tourna vers eux, et les réprimanda, disant: Vous ne savez de quel esprit vous êtes animés."
LUK.9.56,Baava baja omu chindi gishagala.,"Car le Fils de lhomme est venu, non pour perdre les âmes des hommes, mais pour les sauver. Et ils allèrent dans un autre bourg."
LUK.9.57,"Babeere bali omu njira, omuntu muguma abwira Yeesu ntya: «Nagukulikira ngasi hooshi waaja.».","Pendant quils étaient en chemin, un homme lui dit: Seigneur, je te suivrai partout où tu iras."
LUK.9.58,"Yeesu amubwira ntya: «Emitereri ejira enkunda n'enyunyi z'omu chaalege zijira enyogo, sy'aliko Mwene oMuntu arhajira ahagahengeka erhwe lyaage.».","Jésus lui répondit: Les renards ont des tanières, et les oiseaux du ciel ont des nids: mais le Fils de lhomme na pas un lieu où il puisse reposer sa tête."
LUK.9.59,"Yeesu abwira owindi ntya: «Onkulikire.» Aliko oyo muntu aderha ntya: «Nnaweerhu, onyemereere ntange nje guhamba daarha.».","Il dit à un autre: Suis-moi. Et il répondit: Seigneur, permets-moi daller dabord ensevelir mon père."
LUK.9.60,"Yeesu amushubiza ntya: «Oleke abafu bahambe abafu baabo; wooyo ogende, oje kuyaamagaza oBwami bwa Nnamahanga.».","Mais Jésus lui dit: Laisse les morts ensevelir leurs morts; et toi, va annoncer le royaume de Dieu."
LUK.9.61,"Owindi muntu abwira Yeesu ntya: «Nnaweerhu, handeke nagukulikira, sy'aliko onyemereere ntange nje guseezera ab'emwani.».","Un autre dit: Je te suivrai, Seigneur, mais permets-moi daller dabord prendre congé de ceux de ma maison."
LUK.9.62,"Yeesu amubwira ntya: «Omuntu wamarhondera guhinga akanashuba kulola enyuma, arhakwaneene omu Bwami bwa Nnamahanga.».","Jésus lui répondit: Quiconque met la main à la charrue, et regarde en arrière, nest pas propre au royaume de Dieu."
LUK.10.1,"Enyuma w'ebyoola, Nnaweerhu achishoga bandi bigirizwa makumi gali mushanvu na babiri. Abarhuma babiri-babiri bamurhange omu gishagala chooshi na ngasi hooshi alikwaneene kuja.","Après cela, le Seigneur désigna encore soixante-dix autres disciples, et il les envoya deux à deux devant lui dans toutes les villes et dans tous les lieux où lui-même devait aller."
LUK.10.2,"Yeesu ababwira ntya: «Emyaaka y'ogushaluula elugire, sy'aliko abakozi bageehere. Leero, muheme nyina emyaaka arhume abakozi kuyishaluula.","Il leur dit: La moisson est grande, mais il y a peu douvriers. Priez donc le maître de la moisson denvoyer des ouvriers dans sa moisson."
LUK.10.3,Mugende! Mbarhumire nka byaanabuzi ahagarhi ka banyambwe.,"Partez; voici, je vous envoie comme des agneaux au milieu des loups."
LUK.10.4,"Murhaheekaga chiro lufuranga, changwa eshaho, changwa ebindi biraato. Na ntaaye mulamusage omu njira.","Ne portez ni bourse, ni sac, ni souliers, et ne saluez personne en chemin."
LUK.10.5,"Omu ngasi nju nji mwaja mo, murhange muderhe ntya: ‹Omurhuula gube kw'eyi nju!›.","Dans quelque maison que vous entriez, dites dabord: Que la paix soit sur cette maison!."
LUK.10.6,"Akaba omoola muli omuntu oshondere omurhuula, ogo murhuula gwenyu gwanamubeera ko; n'akaba nanga, omurhuula gwenyu gwanabagalukira.","Et sil se trouve là un enfant de paix, votre paix reposera sur lui; sinon, elle reviendra à vous."
LUK.10.7,"Mubeere mw'eyoola nju, mulye munanywe ebi nji baabaha, kwenge omukozi akwaneene omukamarho gwage. Murhazereeraga omu maju.","Demeurez dans cette maison-là, mangeant et buvant ce quon vous donnera; car louvrier mérite son salaire. Nallez pas de maison en maison."
LUK.10.8,"Na ngasi gishagala nji mwaja mo, bakabayankirira, mulye ebi nji baabaha.","Dans quelque ville que vous entriez, et où lon vous recevra, mangez ce qui vous sera présenté."
LUK.10.9,"Mufumye abalwala nji baaba mo, munababwire ntya: ‹Obwime bwa Nnamahanga bwabayegereere.›.","guérissez les malades qui sy trouveront, et dites-leur: Le royaume de Dieu sest approché de vous."
LUK.10.10,"Aliko, omu ngasi gishagala nji mwaja mo nji bakalahira kubayankirira, mugende omu njira zaacho munababwire ntya:.","Mais dans quelque ville que vous entriez, et où lon ne vous recevra pas, allez dans ses rues, et dites:."
LUK.10.11,"‹Rhubakungurhiire olujuchu lw'egishagala chenyu lwali lunaniirire oku magulu meerhu, lo lubaage buhamiiriza bw'amabi menyu. Aliko mumenye k'obwime bwa Nnamahanga bwabayegereere.›.",Nous secouons contre vous la poussière même de votre ville qui sest attachée à nos pieds; sachez cependant que le royaume de Dieu sest approché.
LUK.10.12,Mbabwirire oku m'olo lusiku nji byayoolohera Sodoomo kulusha echoola gishagala.».,Je vous dis quen ce jour Sodome sera traitée moins rigoureusement que cette ville-là.
LUK.10.13,"«Buhanya buchi oku wooyo gishagala ch'eKoraziini! Buhanya buchi oku wooyo gishagala ch'eBetesayida! Akaba ebisomereene byajirikeene emwenyu byakajirikeene eTiiro n'eSidoona, singa hamaagera siku zinene abantu b'eyoola balekere ebyaaha byaabo, singa bayambeere ebigunira n'okuyikala omu luvu!.","Malheur à toi, Chorazin! Malheur à toi, Bethsaïda! Car, si les miracles qui ont été faits au milieu de vous avaient été faits dans Tyr et dans Sidon, il y a longtemps quelles se seraient repenties, en prenant le sac et la cendre."
LUK.10.14,"Cho charhuma, olusiku l'ogucha olushinja nji byayoolohera Tiiro na Sidoona kubalusha mwabo.","Cest pourquoi, au jour du jugement, Tyr et Sidon seront traitées moins rigoureusement que vous."
LUK.10.15,"Nawe gishagala ch'eGaperinaumu, k'omenyere mpu nji wazamuulwa guhika echaalege? Nangwa da! Nji wayandagazwa guhika ekuzimu.","Et toi, Capernaüm, qui as été élevée jusquau ciel, tu seras abaissée jusquau séjour des morts."
LUK.10.16,"Obayunviriize eyi nyoono ny'ayunviriize, obalahiire eyi nyoono ny'alahiire, n'ondahiire eyi alahiire owantumaga.».","Celui qui vous écoute mécoute, et celui qui vous rejette me rejette; et celui qui me rejette rejette celui qui ma envoyé."
LUK.10.17,"Abigirizwa makumi gali mushanvu na babiri bagaluka n'obushagaluke n'okuderha ntya: «Nnaweerhu, n' abazimu nabo yi barhukenga amango rhuli rhwabarhegeka oku ziino lyaawe.».","Les soixante-dix revinrent avec joie, disant: Seigneur, les démons mêmes nous sont soumis en ton nom."
LUK.10.18,Yeesu ababwira ntya: «Nabonaga Shetaani arhoga gurhengera omu chaalege nka mubaraganyo.,Jésus leur dit: Je voyais Satan tomber du ciel comme un éclair.
LUK.10.19,"Muyunve bwinja: nabaheere oburhegesi b'okulabarha enjoka n'engobe , n'ogusinyongola obuhashe booshi bw'mushombanyi, na ntaacho nji chabajira kubi.","Voici, je vous ai donné le pouvoir de marcher sur les serpents et les scorpions, et sur toute la puissance de lennemi; et rien ne pourra vous nuire."
LUK.10.20,Sy'aliko murhasiimaga kwenge abazimu bali babayunva; ahuubwe musiime okuba amaziino menyu mayandikirwe omu mpingu.».,"Cependant, ne vous réjouissez pas de ce que les esprits vous sont soumis; mais réjouissez-vous de ce que vos noms sont écrits dans les cieux."
LUK.10.21,"Mw'ako gashanji, Yeesu ayunjuzwa obushagaluke kugerera Muuka-Mutagatiifu, aderha ntya: «Daarha wee, Nnaweerhu w'omu mpingu n'omu gulu, ngusimiriize kwenge ebi bintu wabibishire abanyabwenge n'abahanga, wanabibishuulira abaana badoorho. Neechi Daarha, bulaala ntyo ku walisimiisizwe.","En ce moment même, Jésus tressaillit de joie par le Saint-Esprit, et il dit: Je te loue, Père, Seigneur du ciel et de la terre, de ce que tu as caché ces choses aux sages et aux intelligents, et de ce que tu les as révélées aux enfants. Oui, Père, je te loue de ce que tu las voulu ainsi."
LUK.10.22,"Daarha ampeere byooshi. Ntaaye onyinji nyoono Mugala nk'arhali Daarha yenyine, na ntaaye oyinji Daarha nk'arhali oMugala na ngasi yeeshi oMugala ashondere amumenye.».","Toutes choses mont été données par mon Père, et personne ne connaît qui est le Fils, si ce nest le Père, ni qui est le Père, si ce nest le Fils et celui à qui le Fils veut le révéler."
LUK.10.23,"Yeesu ahindamukira abigirizwa baage, ababwirira ntya eburhambi: «Magishirwe ameesho mali maabona ebi muli mwabona!.","Et, se tournant vers les disciples, il leur dit en particulier: Heureux les yeux qui voient ce que vous voyez!."
LUK.10.24,"Bulaala, mbabwirire oku, baleebi banene n'abaami banene bali bashondere kubona ebi mwabo muli mwabona, aliko barhabibonaga ko. Bashondere kuyunva ebi mwabo muli mwayunva, aliko barhabiyunvaga ko.».","Car je vous dis que beaucoup de prophètes et de rois ont désiré voir ce que vous voyez, et ne lont pas vu, entendre ce que vous entendez, et ne lont pas entendu."
LUK.10.25,"Buzinda bw'ebi, mwigiriza muguma w'amarhegeko ayimanga n'okubaza Yeesu ntya omu kumurhega: «Mwigiriza, bichi nkwaneene kujira yi mbona akalamo k'esiku n'amango?».","Un docteur de la loi se leva, et dit à Jésus, pour léprouver: Maître, que dois-je faire pour hériter la vie éternelle?."
LUK.10.26,Yeesu amushubiza ntya: «Bichi biyandikirwe omu Rhegeko ? Gurhe oliyunva eyi walisoma?».,Jésus lui dit: Quest-il écrit dans la loi? Quy lis-tu?.
LUK.10.27,"Omwigiriza w'amarhegeko ashubiza ntya: «Osiime Nnaweerhu Nnamahanga waawe n'omurhima gwawe gooshi, n'emisi yaawe yooshi n'obwenge bwawe bwooshi. Kandi: Osiime n'omutuuranyi waawe nka okw'ochisiima wenyine.».","Il répondit: Tu aimeras le Seigneur, ton Dieu, de tout ton cœur, de toute ton âme, de toute ta force, et de toute ta pensée; et ton prochain comme toi-même."
LUK.10.28,"Yeesu aja amubwira ntya: «Washubiize bwinja. Ojire ebyoola oderhere, nji waalama.».","Tu as bien répondu, lui dit Jésus; fais cela, et tu vivras."
LUK.10.29,Aliko yeewe ashonda kuyeerekana okw'akwaneene. Abaza Yeesu ntya: «Omutuuranyi waani ye nde?».,"Mais lui, voulant se justifier, dit à Jésus: Et qui est mon prochain?."
LUK.10.30,"Yeesu ashuba kumubwira ntya: «Haliiri muntu muguma warhengaga eYerusaleema guchimira eYeeriko. Abeere ali omu njira, abugaanana n'ebishumuusi. Byamunyega byooshi aligwerhe, bamushuurha banagenda eyi bamulekere nka mufu.","Jésus reprit la parole, et dit: Un homme descendait de Jérusalem à Jéricho. Il tomba au milieu des brigands, qui le dépouillèrent, le chargèrent de coups, et sen allèrent, le laissant à demi mort."
LUK.10.31,"Haahulukira omudaahwa muguma wachimaga mw'eyo njira, abeere abona oyo muntu, achigerera oku lwindi lunda lw'enjira, naye achigendera.","Un sacrificateur, qui par hasard descendait par le même chemin, ayant vu cet homme, passa outre."
LUK.10.32,"oMulaawi muguma naye agera ahoola, abona oyo muntu, achigerera oku lwindi lunda lw'enjira, anachigendera.","Un Lévite, qui arriva aussi dans ce lieu, layant vu, passa outre."
LUK.10.33,"Aliko, oMusamariya muguma waliiri lugenzi, ahika hoofu naye. Amubwene, amubeera obonjo.","Mais un Samaritain, qui voyageait, étant venu là, fut ému de compassion lorsquil le vit."
LUK.10.34,"Ashegera aha ali, amushomoola ebibihulu omu kubisheeshera kw'amavurha n'edivaayi, abirhuba n'ebiraka. Amubarhulira oku ndogomi yaage, amuheeka omu nju y'abagenzi, anamulanga.","Il sapprocha, et banda ses plaies, en y versant de lhuile et du vin; puis il le mit sur sa propre monture, le conduisit à une hôtellerie, et prit soin de lui."
LUK.10.35,"Eseezi ly'aho, oyo Musamariya akuula dinaari ebiri omu shaho yaage, aziheereza nyina enju y'abagenzi n'okuderha ntya: ‹Obuke bwinja oyu muntu. Hano ngaluka, nakujuha nyenyine ebindi byooshi waaba wakoleeseze k'oyu muntu.›».","Le lendemain, il tira deux deniers, les donna à lhôte, et dit: Aie soin de lui, et ce que tu dépenseras de plus, je te le rendrai à mon retour."
LUK.10.36,Yeesu aja abaza ntya ola mwigiriza w'amarhegeko: «Nd'obwene mw'aba bantu basharhu walibeere mutuuranyi w'oyu muntu wabugaananaga n'ebishumuusi?».,Lequel de ces trois te semble avoir été le prochain de celui qui était tombé au milieu des brigands?.
LUK.10.37,"Omwigiriza w'amarhegeko ashubiza ntya: «Ola muntu wamubeeraga obonjo.» Yeesu amubwira ntya: «Genda, nawe ojire ntyo.».","Cest celui qui a exercé la miséricorde envers lui, répondit le docteur de la loi. Et Jésus lui dit: Va, et toi, fais de même."
LUK.10.38,"Oku Yeesu n'abigirizwa baage bali omu njira, Yeesu aja omu gishagala chiguma. Omukazi oyirikwa Marita amuyankirira.","Comme Jésus était en chemin avec ses disciples, il entra dans un village, et une femme, nommée Marthe, le reçut dans sa maison."
LUK.10.39,"Oyo Marita aligwerhe mwene waabo oyirikwa Mariya. Oyo Mariya ayikala embere za magulu ma Nnaweerhu, aliiri ayunviriza eChinwa chaage.","Elle avait une sœur, nommée Marie, qui, sétant assise aux pieds du Seigneur, écoutait sa parole."
LUK.10.40,"Aliko Marita yeewe aliiri gukola orhwasi rhunene. Ahulukira n'okuderha ntya: «Nnaweerhu, ka birhakulunzize kubona mwene weerhu andekere gukola orhwasi rhooshi nyenyine? Omubwire angwase maani.».","Marthe, occupée à divers soins domestiques, survint et dit: Seigneur, cela ne te fait-il rien que ma sœur me laisse seule pour servir? Dis-lui donc de maider."
LUK.10.41,"Nnaweerhu amushubiza ntya: «Marita, Marita, oli wachilunza n'oguchikobola na bintu binene.","Le Seigneur lui répondit: Marthe, Marthe, tu tinquiètes et tu tagites pour beaucoup de choses."
LUK.10.42,"Hali chintu chiguma chonyine ch'obulagiirire. Mariya yeewe achishogere echintu gikwiriire, girhakamunyagwa.».","Une seule chose est nécessaire. Marie a choisi la bonne part, qui ne lui sera point ôtée."
LUK.11.1,"Lusiku luguma, Yeesu aliiri hantu haguma ey'ali gusaliira. Abeere amala gusaliira, muguma omu bigirizwa baage amubwira ntya: «Nnaweerhu, orhuyigirize gusaliira nk'oku Yohaana ayigirizaga abigirizwa baage.».","Jésus priait un jour en un certain lieu. Lorsquil eut achevé, un de ses disciples lui dit: Seigneur, enseigne-nous à prier, comme Jean la enseigné à ses disciples."
LUK.11.2,"Yeesu ababwira ntya: «Nka mwasaliira, mugende mwaderha ntya: ‹Daarha, eziino lyawe likuuzwe, obwime bwawe buyinje.","Il leur dit: Quand vous priez, dites: Père! Que ton nom soit sanctifié; que ton règne vienne."
LUK.11.3,Orhuhe ebiryo byeerhu bya ngasi lusiku.,Donne-nous chaque jour notre pain quotidien;.
LUK.11.4,"Orhubabalire ebyaaha byeerhu, bulaala neerhu rhubabalira abarhujirira amabi. Orhanagenda warhuleka rhwarhogera omu chigeregezo.›».","pardonne-nous nos péchés, car nous aussi nous pardonnons à quiconque nous offense; et ne nous induis pas en tentation."
LUK.11.5,"Yeesu ashuba kubwira abigirizwa baage ntya: «Nde omu mwabo wakagwarha mwira waage, akaja emwage ahagarhi k'obudufu kumubwira ntya: ‹Mwira waani, ompoze migati esharhu.","Il leur dit encore: Si lun de vous a un ami, et quil aille le trouver au milieu de la nuit pour lui dire: Ami, prête-moi trois pains."
LUK.11.6,bulaala muguma omu beera baani ahikire ahamwani gurhengera omu lugenzi na ntaacho ngwerhe namusheegera.›.,"car un de mes amis est arrivé de voyage chez moi, et je nai rien à lui offrir."
LUK.11.7,"Akaba owabo omushubiize ntya ey'anali omu mwage: ‹Leka okumbera erhwe; olunvi lwachingirwe miira, nyoono n'abaana baani, rhwalyaamire. Ntakagala kuzuuka mpu nguhe emigati.›.","et si, de lintérieur de sa maison, cet ami lui répond: Ne mimportune pas, la porte est déjà fermée, mes enfants et moi sommes au lit, je ne puis me lever pour te donner des pains."
LUK.11.8,"Okuli mbabwirire, chiro akaba arhazuukire kumuha emigati bulaala ali mwira waage, azuuka bulaala mwira waage arhaluhire kumuyinginga, anamuha byooshi alagiriire.","je vous le dis, même sil ne se levait pas pour les lui donner parce que cest son ami, il se lèverait à cause de son importunité et lui donnerait tout ce dont il a besoin."
LUK.11.9,"«Bobunoola nyoono mbabwirire ntya: Muheme, mwanahaabwa; mushonde, mwanabona; mukongoorhe oku lunvi, mwanachinguulirwa.","Et moi, je vous dis: Demandez, et lon vous donnera; cherchez, et vous trouverez; frappez, et lon vous ouvrira."
LUK.11.10,"Bulaala ohema ahaabwa, oshonda abona n'okongoorha oku lunvi achinguulirwa.","Car quiconque demande reçoit, celui qui cherche trouve, et lon ouvre à celui qui frappe."
LUK.11.11,"Nde y'eshe w'omwana omu mwabo nk'omugala amuhemere efi, akamuha enjoka ahaali h'efi?.","Quel est parmi vous le père qui donnera une pierre à son fils, sil lui demande du pain? Ou, sil demande un poisson, lui donnera-t-il un serpent au lieu dun poisson?."
LUK.11.12,"Changwa, nk'amuhemere egi, akamuha engobe?.","Ou, sil demande un œuf, lui donnera-t-il un scorpion?."
LUK.11.13,"Akaba mwabo, mwe bantu babi, muyinji guha abaana benyu ebintu binja, gurhe Daarha w'empingu ojira olukogo lunene kulusha agafundwa guhaana Muuka-Mutagatiifu oku bamuhemere ye?».","Si donc, méchants comme vous lêtes, vous savez donner de bonnes choses à vos enfants, à combien plus forte raison le Père céleste donnera-t-il le Saint-Esprit à ceux qui le lui demandent."
LUK.11.14,"Lusiku luguma, Yeesu aliiri gukuula omuzimu wajiraga omuntu muguma kuba nyamugama. Omuzimu abeere ahuluka, nyamugama arhondera kuderha. Abantu banene baliiri ahoola basoomerwa bweneene.","Jésus chassa un démon qui était muet. Lorsque le démon fut sorti, le muet parla, et la foule fut dans ladmiration."
LUK.11.15,"Aliko bantu baguma baderha ntya: «Yeesu ali akoleesa Belizebuuli , mukulu w'abazimu, omu guhulusa abazimu.».","Mais quelques-uns dirent: cest par Béelzébul, le prince des démons, quil chasse les démons."
LUK.11.16,Abandi bantu nabo baarhega Yeesu omu kumuhema echimenyeeso ch'ogurhengera empingu.,"Et dautres, pour léprouver, lui demandèrent un signe venant du ciel."
LUK.11.17,"Aliko, Yeesu alimenyere enkengeero zaabo, ababwira ntya: «Obwami buchishandeeze bonyine, bujiire ebw'olufu lwabo; enju zaabo zanahenera mo ziguma oku zindi.","Comme Jésus connaissait leurs pensées, il leur dit: Tout royaume divisé contre lui-même est dévasté, et une maison sécroule sur une autre."
LUK.11.18,"Akaba leero Shetaani ali achilwisa yenyine, gurhe obwami bwage bwakalama, kwenge muli mwaderha mpu nyoono ndi nakoleesa Belizebuuli omu guhulusa abazimu?.","Si donc Satan est divisé contre lui-même, comment son royaume subsistera-t-il, puisque vous dites que je chasse les démons par Béelzébul?."
LUK.11.19,"N'akaba ndi nahulusa abazimu kugerera Belizebuuli, abaana benyu babahulusa kugerera nde? Chi nji charhuma bonyine nji baaba bazuuzi benyu.","Et si moi, je chasse les démons par Béelzébul, vos fils, par qui les chassent-ils? Cest pourquoi ils seront eux-mêmes vos juges."
LUK.11.20,"Aliko, akaba ndi nahulusa abazimu kulengera obuhashe bwa Nnamahanga, k'okuderha k'obwime bwage bwabahikiire.","Mais, si cest par le doigt de Dieu que je chasse les démons, le royaume de Dieu est donc venu vers vous."
LUK.11.21,"Omuntu w'emisi ohagarhiire emitwaro yaage, amango ali alanga enju yaage, ebikulo byaage eyi bilangirwe bwinja.","Lorsquun homme fort et bien armé garde sa maison, ce quil possède est en sûreté."
LUK.11.22,"Aliko, akaba omulushire emisi agahulukira n'okumuhima, akamunyega emitwaro yaage yooshi alilangaliire; na ntyo anagabira abandi bantu ebintu amunyegaga.","Mais, si un plus fort que lui survient et le dompte, il lui enlève toutes les armes dans lesquelles il se confiait, et il distribue ses dépouilles."
LUK.11.23,Omuntu orhali haguma naani eyi ali andwisa; n'omuntu orhangwasa kugusha eyi ali ashandaaza.».,"Celui qui nest pas avec moi est contre moi, et celui qui nassemble pas avec moi disperse."
LUK.11.24,"«Amango omuzimu arhengere omu muntu, anaja omu mpinga gushonda amahumuukiro. Na nk'amabulire, anaderha ntya: ‹Nkola kugaluka omu nju yaani, mula narhengeraga.›.","Lorsque lesprit impur est sorti dun homme, il va dans des lieux arides, pour chercher du repos. Nen trouvant point, il dit: Je retournerai dans ma maison doù je suis sorti;."
LUK.11.25,"Ey'ayigera mo, anayibugaana ehyagiirwe enarheganyizwe bwinja.","et, quand il arrive, il la trouve balayée et ornée."
LUK.11.26,"Leero, anaja agenda gushonda bandi bazimu mushanvu babi kumulusha. Baanaja mo n'okubeera mo. Oboorhere b'oyo muntu bwanaba bubi kulusha obwambere.».","Alors il sen va, et il prend sept autres esprits plus méchants que lui; ils entrent dans la maison, sy établissent, et la dernière condition de cet homme est pire que la première."
LUK.11.27,"Yeesu abeere ali aderha ntyo, omukazi muguma mw'abo bantu banene aderha n'omulenge munene n'okumubwira ntya: «Enda yaguheekaga egishwe n'amabeere makuyonsaga!».","Tandis que Jésus parlait ainsi, une femme, élevant la voix du milieu de la foule, lui dit: Heureux le sein qui ta porté! Heureuses les mamelles qui tont allaité!."
LUK.11.28,"Aliko Yeesu ashubiza ntya: «Ahuubwe, bagishirwe abali bayunva eChinwa cha Nnamahanga n'ogukulikira cho.».","Et il répondit: Heureux plutôt ceux qui écoutent la parole de Dieu, et qui la gardent!."
LUK.11.29,"Abantu banene babeere bali bachiigusha, Yeesu arhondera kuderha ntya: «Echi gisisi chiri gisisi chibi: chiri chashonda echimenyeeso. Girhagahaabwa echindi chimenyeeso kuleka echa Yoona.","Comme le peuple samassait en foule, il se mit à dire: Cette génération est une génération méchante; elle demande un miracle; il ne lui sera donné dautre miracle que celui de Jonas."
LUK.11.30,"Kwenge nka kulaala Yoona abaaga chimenyeeso oku bantu b'eNinaawi, ko n'oko Mwene oMuntu aba chimenyeeso kw'echiila gisisi.","Car, de même que Jonas fut un signe pour les Ninivites, de même le Fils de lhomme en sera un pour cette génération."
LUK.11.31,"Olusiku l'ogucha olushinja, omugoli w'egarhongo nj'ahulukira haguma n'abantu b'echi gisisi. Nj'abahaniisa, bulaala alirhengere omu mahanga ma hale kuja kuyunva ebinwa by'obwenge bunene bwa Solomoono. N'obo hanoola hali olushire Solomoono!.","La reine du Midi se lèvera, au jour du jugement, avec les hommes de cette génération et les condamnera, parce quelle vint des extrémités de la terre pour entendre la sagesse de Salomon; et voici, il y a ici plus que Salomon."
LUK.11.32,"Amango m'ogucha olushinja, abantu b'eNinaawi nabo nji bayimanga haguma n'abantu b'echi gisisi, n'okugihaniisa. Kwenge balekere ebyaaha byaabo amango Yoona ayamagazaga omwazi. Leero hanoola hali olushire Yoona.».","Les hommes de Ninive se lèveront, au jour du jugement, avec cette génération et la condamneront, parce quils se repentirent à la prédication de Jonas; et voici, il y a ici plus que Jonas."
LUK.11.33,"«Ntaaye ochaana etara mpu alihire ahabishirwe changwa omu garhanda; ahuubwe analihanika oku gikondo, y'abaaja omu nju baabona obumoleke.","Personne nallume une lampe pour la mettre dans un lieu caché ou sous le boisseau, mais on la met sur le chandelier, afin que ceux qui entrent voient la lumière."
LUK.11.34,"Eliisho lyawe ly'etara ly'omubiri gwawe. Nk'eliisho lyawe likwiriire, omubiri gwawe gooshi nago gukolezeezwe. Aliko nk'alibiihire, omubiri gwawe nago eyi guli omu mwizimya.","Ton œil est la lampe de ton corps. Lorsque ton œil est en bon état, tout ton corps est éclairé; mais lorsque ton œil est en mauvais état, ton corps est dans les ténèbres."
LUK.11.35,Ochilange obumoleke bukuli mo burhaba mwizimya.,Prends donc garde que la lumière qui est en toi ne soit ténèbres.
LUK.11.36,"Akaba leero omubiri gwawe gooshi gukolezeezwe, buzira kugwarha olunda n'oluguma omu mwizimya, omubiri gwawe gooshi nji gwaba gukolezeezwe kuguma n'amango etara likukoleezeza n'obumoleke bwalyo.».","Si donc tout ton corps est éclairé, nayant aucune partie dans les ténèbres, il sera entièrement éclairé, comme lorsque la lampe téclaire de sa lumière."
LUK.11.37,"Oku Yeesu ali aderha, oMufarisaayo muguma amulaalika emwage mpu aje kulya. Yeesu aja omu nju, ayikala n'okulya.","Pendant que Jésus parlait, un pharisien le pria de dîner chez lui. Il entra, et se mit à table."
LUK.11.38,Oyo Mufarisaayo asoomerwa okubona Yeesu alya buzira gukalaba.,Le pharisien vit avec étonnement quil ne sétait pas lavé avant le repas.
LUK.11.39,"Aliko Nnaweerhu amubwira ntya: «Mwabo mwe Bafarisaayo muzigaana gucheesa emugongo w'engumbu n'embale, n'obo omu mirhima yenyu muyunjwire obushumuusi n'obubi.","Mais le Seigneur lui dit: Vous, pharisiens, vous nettoyez le dehors de la coupe et du plat, et à lintérieur vous êtes pleins de rapine et de méchanceté."
LUK.11.40,Mwe binganyi! Owalemaga omubiri g'omuntu k'arhanali ye walemaga omurhima?.,Insensés! Celui qui a fait le dehors na-t-il pas fait aussi le dedans?.
LUK.11.41,"Aliko mwabo, muhaane n'omurhima g'obonjo ebiri omu mirhima yenyu, n'ebindi byooshi byacheeswa emwenyu.","Donnez plutôt en aumônes ce qui est dedans, et voici, toutes choses seront pures pour vous."
LUK.11.42,"«Aliko buhanya buchi emwenyu, mwe Bafarisaayo ! Munahaana entuulo y'echigabi chiguma ch'ekumi ch'ebirhi by'obulunge n'echa ngasi buuko bw'eshogo, aliko mwanagenda mwakeneereza kujira ebijiro bikwaneene n'obuzigire bwa Nnamahanga! Ebyoola bimwali mukwaneene kujira, buzira kuleka ebindi.","Mais malheur à vous, pharisiens! Parce que vous payez la dîme de la menthe, de la rue, et de toutes les herbes, et que vous négligez la justice et lamour de Dieu: cest là ce quil fallait pratiquer, sans omettre les autres choses."
LUK.11.43,"«Buhanya buchi emwenyu, mwe Bafarisaayo ! Musiima kuyikala oku bichumbi by'embere omu masinagoogi , munasiima abantu babalamuse n'obukenge omu soko!.","Malheur à vous, pharisiens! Parce que vous aimez les premiers sièges dans les synagogues, et les salutations dans les places publiques."
LUK.11.44,"«Buhanya buchi oku mwabo! Muli nka shinda zirhagwerhe chimenyeeso, abantu banazilambagira ko buzira kumenya!».","Malheur à vous! Parce que vous êtes comme les sépulcres qui ne paraissent pas, et sur lesquels on marche sans le savoir."
LUK.11.45,"Muguma omu bayigiriza amarhegeko ava aderha ntya: «Mwigiriza, omu kuderha ntyo, orhudukangire neerhu!».","Un des docteurs de la loi prit la parole, et lui dit: Maître, en parlant de la sorte, cest aussi nous que tu outrages."
LUK.11.46,"Yeesu amushubiza ntya: «Buhanya buchi oku mwabo nenyu bigiriza b'amarhegeko ! Muheesa abantu emizigo ekomeere guheeka, nenyu mwenyine murhakanayihuma ko n'omudoke!.","Et Jésus répondit: Malheur à vous aussi, docteurs de la loi! Parce que vous chargez les hommes de fardeaux difficiles à porter, et que vous ne touchez pas vous-mêmes de lun de vos doigts."
LUK.11.47,«Buhanya buchi oku mwabo! Muyumbaka bwinja eshinda z'abaleebi n'obo bashookuluza benyu bababayirhaga!.,"Malheur à vous! Parce que vous bâtissez les tombeaux des prophètes, que vos pères ont tués."
LUK.11.48,"Omu kujira ntyo, muyerekeene oku muyemereere ebijiro bya bashookuluza benyu, bulaala boowe bo bayirhaga abaleebi, nenyu yi mwayumbaka eshinda zaabo!.","Vous rendez donc témoignage aux œuvres de vos pères, et vous les approuvez; car eux, ils ont tué les prophètes, et vous, vous bâtissez leurs tombeaux."
LUK.11.49,Cho girhumire Nnamahanga omu bwenge bwage bunene aderhere ntya: ‹Nabarhumira abaleebi n' entumwa . Bayirha baguma n'okulibuza abandi.›.,Cest pourquoi la sagesse de Dieu a dit: Je leur enverrai des prophètes et des apôtres; ils tueront les uns et persécuteront les autres.
LUK.11.50,Cho girhumire echi gisisi nji chaabazwa eshagama yasheeshwaga y'abaleebi booshi gurhengera okulemwa kw'egulu.,afin quil soit demandé compte à cette génération du sang de tous les prophètes qui a été répandu depuis la création du monde.
LUK.11.51,"gurhengera oku shagama ya Abeeli kugera oku shagama ya Zakariya, wayirhwaga ahagarhi k'entuuliro n'ahantu hatagatiifu. Neechi, mbabwirire byo, echi gisisi nji chabazibwa byooshi.","depuis le sang dAbel jusquau sang de Zacharie, tué entre lautel et le temple; oui, je vous le dis, il en sera demandé compte à cette génération."
LUK.11.52,"«Buhanya buchi oku mwabo bigiriza b'amarhegeko ! Mwakuulire olufunguulo loguchingula omulyango g'okuja omu nju y'okuyigira m'okumenya Nnamahanga. Nenyu mwenyine murhajaaga mo, n'abashondaga kuja mo, mwababuza.».","Malheur à vous, docteurs de la loi! Parce que vous avez enlevé la clef de la science; vous nêtes pas entrés vous-mêmes, et vous avez empêché dentrer ceux qui le voulaient."
LUK.11.53,"Yeesu ayuusize gurhenga ahoola, abigiriza b'amarhegeko n' aBafarisaayo barhondera kumulunza bweneene n'okumubaza oku biyerekeere bintu binene.","Quand il fut sorti de là, les scribes et les pharisiens commencèrent à le presser violemment, et à le faire parler sur beaucoup de choses."
LUK.11.54,"bashonda kumurhega, yi baabona echinwa chagarhuma bamusidaaka.","lui tendant des pièges, pour surprendre quelque parole sortie de sa bouche."
LUK.12.1,"Amo mango, abantu banene bachigusha bihumbi n'ebihumbi, oku bulyo baalema baalabarhana. Yeesu arhanga kubwira abigirizwa baage ntya: «Muchilange n'echachu y' aBafarisaayo , k'okuderha obulyaalya.","Sur ces entrefaites, les gens sétant rassemblés par milliers, au point de se fouler les uns les autres, Jésus se mit à dire à ses disciples: Avant tout, gardez-vous du levain des pharisiens, qui est lhypocrisie."
LUK.12.2,"«Ntaacho gishukuliirwe girhagashukuulwa, na ntaacho chibishirwe girhakamenyekana.","Il ny a rien de caché qui ne doive être découvert, ni de secret qui ne doive être connu."
LUK.12.3,"Cho girhumire ngasi byooshi mwaderhere omu mwizimya nji byayunviikana ezuuba lyakola. Echi mwabohereeze omu gurhwi ebusiika, nji chayaamagazizwa oku nju elugulu.","Cest pourquoi tout ce que vous aurez dit dans les ténèbres sera entendu dans la lumière, et ce que vous aurez dit à loreille dans les chambres sera prêché sur les toits."
LUK.12.4,"«Mwe beera baani, mbabwirire byo: murhayuubahaga abantu bayirha omubiri, na nta chindi bakanachigala kujira enyuma z'aho.","Je vous dis, à vous qui êtes mes amis: Ne craignez pas ceux qui tuent le corps et qui, après cela, ne peuvent rien faire de plus."
LUK.12.5,"Nkola nabayeereka nde mukwaneene kuyuubaha. Muyuubahe Nnamahanga, yegwerhe obuhashe b'okuyirha n'ogukabula omu hantu h'amalibuko manene. Neechi, mbabwirire byo, oyoola yi muhemerwe kuyuubaha.","Je vous montrerai qui vous devez craindre. Craignez celui qui, après avoir tué, a le pouvoir de jeter dans la géhenne; oui, je vous le dis, cest lui que vous devez craindre."
LUK.12.6,"Ka barhaguza nyunyi erhaano z'ebishwa oku bicheri bibiri? Aliko, chiro nta nguma omu zo eyibiriirwe na Nnamahanga.","Ne vend-on pas cinq passereaux pour deux sous? Cependant, aucun deux nest oublié devant Dieu."
LUK.12.7,"N'enviiri z'amarhwe menyu zooshi ziganjirwe. Leero, murhayuubahaga chiro; mugwerhe akamaro kanene kulusha ebishwa binene.».",Et même les cheveux de votre tête sont tous comptés. Ne craignez donc point: vous valez plus que beaucoup de passereaux.
LUK.12.8,"«Mbabwirire byo: ngasi yeeshi nji wanyemeera embere z'abantu, Mwene oMuntu naye nj'amuyemeera embere za bamalahika ba Nnamahanga.","Je vous le dis, quiconque me confessera devant les hommes, le Fils de lhomme le confessera aussi devant les anges de Dieu;."
LUK.12.9,"Aliko, ola nji wandahira embere z'abantu, naye nj'alahirwa embere za bamalahika ba Nnamahanga.",mais celui qui me reniera devant les hommes sera renié devant les anges de Dieu.
LUK.12.10,"«Na ngasi yeeshi nji waderhera kubi Mwene oMuntu nj'ababalirwa, aliko ola nji wadukanga Muuka-Mutagatiifu arhakababalirwa.","Et quiconque parlera contre le Fils de lhomme, il lui sera pardonné; mais à celui qui blasphémera contre le Saint-Esprit il ne sera point pardonné."
LUK.12.11,"«Hano nji babakululira omu masinagoogi , abarhwali n'abarhegesi, murhayuubahiraga obulyo nji mwabuurana, changwa bichi nji mwaderha.","Quand on vous mènera devant les synagogues, les magistrats et les autorités, ne vous inquiétez pas de la manière dont vous vous défendrez ni de ce que vous direz;."
LUK.12.12,Bulaala Muuka-Mutagatiifu nj'abayigiriza ho n'aho bichi mukwaneene kuderha.».,car le Saint-Esprit vous enseignera à lheure même ce quil faudra dire.
LUK.12.13,"Muntu muguma mw'abo bantu banene abwira Yeesu ntya: «Mwigiriza, bwira mwene weerhu ampe echaani chigabi ch'omwandu gwerhu.».","Quelquun dit à Jésus, du milieu de la foule: Maître, dis à mon frère de partager avec moi notre héritage."
LUK.12.14,"Yeesu amushubiza ntya: «Muza wee, nde wanjiraga muzuuzi changwa muntu w'okubagabira omwandu gwenyu?».","Jésus lui répondit: O homme, qui ma établi pour être votre juge, ou pour faire vos partages?."
LUK.12.15,"Ashuba kubabwira ntya: «Muchilange n'okugwarha amahugu ma ngasi buuko, kwenge akalamo k'omuntu garharhengeere omu kanji k'ebikulo byaage.».","Puis il leur dit: Gardez-vous avec soin de toute avarice; car la vie dun homme ne dépend pas de ses biens, fût-il dans labondance."
LUK.12.16,Yeesu ababwira ogu mugani: «Eshwa ly'omugale muguma lyayeeza bweneene.,Et il leur dit cette parabole: Les terres dun homme riche avaient beaucoup rapporté.
LUK.12.17,Alema akengeera n'oguchiibaza ntya: ‹Bichi njirage? Bulaala ntagwerhe hantu hanene h'ogushaluulira emyaaka yaani.›.,"Et il raisonnait en lui-même, disant: Que ferai-je? Car je nai pas de place pour serrer ma récolte."
LUK.12.18,"Aderha ntya: ‹Tala oku naajira: nashanda enguli zaani, nayumbaka ezigalihire; nji nalundira mo amahemba maani n'ebindi bikulo.›.","Voici, dit-il, ce que je ferai: jabattrai mes greniers, jen bâtirai de plus grands, jy amasserai toute ma récolte et tous mes biens;."
LUK.12.19,"N'enyuma z'aho, nji nachibwira ntya omu murhima: ‹Ngwerhe ebintu binene bweneene bibiikirwe, bya myaaka minene; nahumuuka, naalya, nanywa, naashagaluka.›.","et je dirai à mon âme: Mon âme, tu as beaucoup de biens en réserve pour plusieurs années; repose-toi, mange, bois, et réjouis-toi."
LUK.12.20,Aliko Nnamahanga amubwira ntya: ‹Oli muhwinja! M'obu budufu waafa! Ka warheganyize nde nji waaba nyina ebi bintu byooshi wachibikiire?›».,"Mais Dieu lui dit: Insensé! Cette nuit même ton âme te sera redemandée; et ce que tu as préparé, pour qui cela sera-t-il?."
LUK.12.21,"Yeesu ashuba kuderha ntya: «Ntyo ku bibeera omuntu ochihakira ebikulo byaage yenyine, aliko eyi arhali mugale embere za Nnamahanga.».","Il en est ainsi de celui qui amasse des trésors pour lui-même, et qui nest pas riche pour Dieu."
LUK.12.22,"Yeesu ashubi bwira abigirizwa baage ntya: «Mulolage egirhumire mbabwira oku murhachiganyaga elugulu w'akalamo kenyu, akaba bichi mwalya; changwa elugulu w'omubiri gwenyu, akaba bichi mwayambala.","Jésus dit ensuite à ses disciples: Cest pourquoi je vous dis: Ne vous inquiétez pas pour votre vie de ce que vous mangerez, ni pour votre corps de quoi vous serez vêtus."
LUK.12.23,"Bulaala akalamo kali ka bulagiirire kulusha ebiryo, n'omubiri guli gwabulagiirire kulusha emyambalo.","La vie est plus que la nourriture, et le corps plus que le vêtement."
LUK.12.24,"Mulole ebihungwe: birhahinga birhanashaluula, birhajira aha bibiikira changwa enguli. Aliko Nnamahanga yebiliisa! Mwabo muli b'akamaro kanene kulusha enyunyi!.","Considérez les corbeaux: ils ne sèment ni ne moissonnent, ils nont ni cellier ni grenier; et Dieu les nourrit. Combien ne valez-vous pas plus que les oiseaux!."
LUK.12.25,"Nde omu mwabo omu guchiiganya, wakagala kuleehya chiro bugeeke akalamo kaage?.","Qui de vous, par ses inquiétudes, peut ajouter une coudée à la durée de sa vie?."
LUK.12.26,"Akaba ntaacho mwagachigalira mw'ebi bintu bigeeke, gichi chagarhuma mwachilunza oku bisigeere?.","Si donc vous ne pouvez pas même la moindre chose, pourquoi vous inquiétez-vous du reste?."
LUK.12.27,"Mulole guurhe ebirhi biyaasa: birhakola, birhaluka fulema; aliko, mbabwire oku chiro mwami Solomoono omu bukuuze bwage arhayambalaga nka chiguma omu byo.","Considérez comment croissent les lis: ils ne travaillent ni ne filent; cependant je vous dis que Salomon même, dans toute sa gloire, na pas été vêtu comme lun deux."
LUK.12.28,"Akaba Nnamahanga ayambisa ntya egirhi chiri omu shwa zeene n'omuseezi banagiheba omu chibeeye, bichi byaagarhuma arhabayambisa nenyu kulusha, mwe bantu b'obwemeezi bugeeke!.","Si Dieu revêt ainsi lherbe qui est aujourdhui dans les champs et qui demain sera jetée au four, à combien plus forte raison ne vous vêtira-t-il pas, gens de peu de foi?."
LUK.12.29,"Nenyu, murhagendaga mwashonda gichi mwalya changwa gichi mwanywa, murhanachibuliisaga omurhuula.","Et vous, ne cherchez pas ce que vous mangerez et ce que vous boirez, et ne soyez pas inquiets."
LUK.12.30,Ebyo byooshi by'abapagaani ba lino gulu bashonda buzira kuluha. Yisho wenyu ayinji oku mubikeneere.,"Car toutes ces choses, ce sont les païens du monde qui les recherchent. Votre Père sait que vous en avez besoin."
LUK.12.31,"Ahuubwe, murhange mushonde obwime bwa Nnamahanga, n'ebyoola bindi naye nj'abaheereza byo.",Cherchez plutôt le royaume de Dieu; et toutes ces choses vous seront données par-dessus.
LUK.12.32,"Murhayuubahaga, mwe buso bugeeke; kwenge byasimiisize Yisho okubaha oBwami bwage.».","Ne crains point, petit troupeau; car votre Père a trouvé bon de vous donner le royaume."
LUK.12.33,"Yeesu ashuba kuderha ntya: «Muguze ebintu byenyu, muhe abakene efuranga. Muchijirire orhushaho rhw'efuranga rhurhagashaaja, muchibiikire ebikulo birhaagahwa omu mpingu. Eyoola nta mwizi wakayegeera yo na nta mushwa gwakabibiihya.","Vendez ce que vous possédez, et donnez-le en aumônes. Faites-vous des bourses qui ne susent point, un trésor inépuisable dans les cieux, où le voleur napproche point, et où la teigne ne détruit point."
LUK.12.34,"Bulaala emunda ebikulo byaawe biri, yi n'omurhima gwawe gwaba guli.».","Car là où est votre trésor, là aussi sera votre cœur."
LUK.12.35,"Yeesu ashuba kuderha ntya: «Muchirheganye, mube muyambeere emyambalo y'akaasi n'amatara machaanirwe.","Que vos reins soient ceints, et vos lampes allumées."
LUK.12.36,"Nenyu mube kuguma n'aba bantu bali balinga nnahamwabo agaluke gurhenga oku buhya, hano akongoorha oku lunvi bagale kumuchinguulira jubaajuba.","Et vous, soyez semblables à des hommes qui attendent que leur maître revienne des noces, afin de lui ouvrir dès quil arrivera et frappera."
LUK.12.37,"Bagishirwe aba bagaragu nnahamwabo ashimaana bataramire ey'agaluka! Okuli , mbabwirire, naye nj'ayambala emyambalo y'akaasi, nj'abayikaza n'okuyinja kubaha ebiryo.","Heureux ces serviteurs que le maître, à son arrivée, trouvera veillant! Je vous le dis en vérité, il se ceindra, les fera mettre à table, et sapprochera pour les servir."
LUK.12.38,"Nk'ayinjire omu budufu ahagarhi changwa buyerekeera gucha, akanababugaana bagitaramire, bagishirwe!».","Quil arrive à la deuxième ou à la troisième veille, heureux ces serviteurs, sil les trouve veillant!."
LUK.12.39,"«Mumenye bwinja: nyina enju nk'amenyaga aha saa zinga egishambo chigwasize kuyinja, arhakalekere enju yaage eshandwe.","Sachez-le bien, si le maître de la maison savait à quelle heure le voleur doit venir, il veillerait et ne laisserait pas percer sa maison."
LUK.12.40,"Nenyu leero muchirheganye, bulaala Mwene oMuntu nj'ayinja omu saa murhaganiizize.».","Vous aussi, tenez-vous prêts, car le Fils de lhomme viendra à lheure où vous ny penserez pas."
LUK.12.41,"Petero abaza Yeesu ntya: «Nnaweerhu, ka rhwewe rh'obwirire ogu mugani changwa abantu booshi?».","Pierre lui dit: Seigneur, est-ce à nous, ou à tous, que tu adresses cette parabole?."
LUK.12.42,"Nnaweerhu ashubiza ntya: «Nde ye mukozi orhahemuka, na munya bwenge, eyi nnahamwabo akajira mwimangizi w'abandi bakozi baage, y'abaheereza ebiryo omu gashanji gahemerwe?.","Et le Seigneur dit: Quel est donc léconome fidèle et prudent que le maître établira sur ses gens, pour leur donner la nourriture au temps convenable?."
LUK.12.43,"Agishirwe oyu muja, akaba nnahamwabo hano agaluka, amushimaana ali akola ntyo!.","Heureux ce serviteur, que son maître, à son arrivée, trouvera faisant ainsi!."
LUK.12.44,Okuli mbabwirire: nnahamwabo nj'amujira mwimangizi w'ebikulo byaage byooshi.,"Je vous le dis en vérité, il létablira sur tous ses biens."
LUK.12.45,"Aliko, nk'oyo muja achibwirire ntya omu murhima gwage: ‹Nnahamwerhu alegamire kuyinja›, agarhondera gukubirha abaabo baja b'abalume n'aba bakazi, agarhondera kulya, kunywa n'okulaluka.","Mais, si ce serviteur dit en lui-même: Mon maître tarde à venir; sil se met à battre les serviteurs et les servantes, à manger, à boire et à senivrer."
LUK.12.46,"nnahamwabo nj'agaluka olusiku oyo muja arhalikengereere, n'esa arhamenyere. Nj'amuhana bweneene n'okumuyikaza haguma n'abahemusi.","le maître de ce serviteur viendra le jour où il ne sy attend pas et à lheure quil ne connaît pas, il le mettra en pièces, et lui donnera sa part avec les infidèles."
LUK.12.47,"«Omuja nji waaba amenyere ogushonda kwa nnahamwabo, aliko arharheganyaga n'okujira echintu chiyerekeere oko gushonda, nj'ashuurhwa enkoni zirhankaganjwa.","Le serviteur qui, ayant connu la volonté de son maître, na rien préparé et na pas agi selon sa volonté, sera battu dun grand nombre de coups."
LUK.12.48,"Sy'aliko, ola orhamenyaga ogushonda kwa nnahamwabo, n'okuba ajirire ebintu bikwaneene obuhane nj'ashuurhwa nkoni zigeeke. Eyi baheere bintu binene, nji baamubaza binene; eyi babikiisize binene, nji bamuhema binene kulusha.».","Mais celui qui, ne layant pas connue, a fait des choses dignes de châtiment, sera battu de peu de coups. On demandera beaucoup à qui lon a beaucoup donné, et on exigera davantage de celui à qui lon a beaucoup confié."
LUK.12.49,«Nayinjaga guhira omuliro oku gulu; nagashondere gube gwachaanirwe!.,"Je suis venu jeter un feu sur la terre, et quai-je à désirer, sil est déjà allumé?."
LUK.12.50,Nkwaneene kubatiizwa omu malibuko; n'omurhima gwani gurhaviire gwarhuleera kugera birhaza kujirika.».,"Il est un baptême dont je dois être baptisé, et combien il me tarde quil soit accompli!."
LUK.12.51,"«Ka muganiizize oku nayinjaga kuleerha omurhuula oku gulu? Nangwa, mbabwire okuli, sy'aliko obuhaka.","Pensez-vous que je sois venu apporter la paix sur la terre? Non, vous dis-je, mais la division."
LUK.12.52,"Gurhenga bunoola, bantu barhaano balamire omu nju nguma barhakayunviikana, basharhu nji balwisa babiri, na babiri nji balwisa basharhu.","Car désormais cinq dans une maison seront divisés, trois contre deux, et deux contre trois;."
LUK.12.53,"Omwana n'eshe barhakayunviikana, omunyere na nyina barhakayunviikana, omwazaana na nazaala barhakayunviikana.».","le père contre le fils et le fils contre le père, la mère contre la fille et la fille contre la mère, la belle-mère contre la belle-fille et la belle-fille contre la belle-mère."
LUK.12.54,"Yeesu ashuba kubwira olubaga lw'abantu ntya: «Eyi mwabona ebichu byahulukira ebuzikiro bw'ezuuba, ho n'aho mwanaderha: ‹Envula yayinjire›, ebyoola byanahika.","Il dit encore aux foules: Quand vous voyez un nuage se lever à loccident, vous dites aussitôt: La pluie vient. Et il arrive ainsi."
LUK.12.55,"Na nk'omuyaga gw'egarhongo guli kugera, mwanaderha: ‹Echuuka chaaba.› Ebyoola byanahika.","Et quand vous voyez souffler le vent du midi, vous dites: Il fera chaud. Et cela arrive."
LUK.12.56,Mwe ndyaalya! Muyinji kumenya oboorhere bw'egulu n'echaalege. Gurhe mwagafundwa kumenya amango mali bunoola?».,Hypocrites! Vous savez discerner laspect de la terre et du ciel; comment ne discernez-vous pas ce temps-ci?.
LUK.12.57,«Na girhuma mwenyine murhagala kumenya ebikwaneene?.,Et pourquoi ne discernez-vous pas de vous-mêmes ce qui est juste?.
LUK.12.58,"Nka waaja kubuurana n'ogusidaakire embere z'omurhegesi, ochihangaane oyunviikane naye omu njira; y'arhaguheeka embere z'omuzuuzi. Omuzuuzi naye akaguhaana omu maboko m'omupoolisi, n'oyo mupoolisi anaguhira omu munyororo.","Lorsque tu vas avec ton adversaire devant le magistrat, tâche en chemin de te dégager de lui, de peur quil ne te traîne devant le juge, que le juge ne te livre à lofficier de justice, et que celui-ci ne te mette en prison."
LUK.12.59,"Okuli nkubwirire, orhagarhenga omu munyororo orhanahongere olufuranga lw'obuzinda omu zibaguchiire.».","Je te le dis, tu ne sortiras pas de là que tu naies payé jusquà la dernière pite."
LUK.13.1,"Amo mango, abantu baguma bayinja kubalira Yeesu gurhe Pilaato ayirhaga aBagalilaaya baguma eyi bali gurhuula entuulo emwa Nnamahanga.","En ce même temps, quelques personnes qui se trouvaient là racontaient à Jésus ce qui était arrivé à des Galiléens dont Pilate avait mêlé le sang avec celui de leurs sacrifices."
LUK.13.2,"Yeesu ababwira ntya: «Mwabo muganiizize kw'abo Bagalilaaya bayirhwaga ntyo, k'okuderha oku bo baligwerhe ebyaaha binene kulusha abandi Bagalilaaya booshi?.","Il leur répondit: Croyez-vous que ces Galiléens fussent de plus grands pécheurs que tous les autres Galiléens, parce quils ont souffert de la sorte?."
LUK.13.3,"Mbabwirire oku nangwa. Aliko nka murhalekere ebyaaha byenyu, mweshi nji mwafa kuguma nabo.","Non, je vous le dis. Mais si vous ne vous repentez, vous périrez tous également."
LUK.13.4,"Changwa, aboola bantu ekumi na munaane omunaara gw'eSilowaamu gwarhogeraga ko, gwanabayirha, muganiizize oku boowe bo baliiri babi bweneene kulusha abandi Banyayerusaleema booshi?.","Ou bien, ces dix-huit personnes sur qui est tombée la tour de Siloé et quelle a tuées, croyez-vous quelles fussent plus coupables que tous les autres habitants de Jérusalem?."
LUK.13.5,"Mbabwirire oku nanga. Nenyu nka murhalekere ebyaaha byenyu, mweshi nji mwafa kuguma nabo.».","Non, je vous le dis. Mais si vous ne vous repentez, vous périrez tous également."
LUK.13.6,"Yeesu ashuba kubabwira guno mugani: «Haliiri muntu muguma waligwerhe omurhi guyirikwa tiini omu shwa lyaage ly'emizabiibu. Aja oku go gushonda amalehe, aliko ntaamo abwene.","Il dit aussi cette parabole: Un homme avait un figuier planté dans sa vigne. Il vint pour y chercher du fruit, et il nen trouva point."
LUK.13.7,Ava abwira omuhinzi w'elyo shwa ntya: ‹Lola! Myaaka esharhu eyi ndi nayinja gushonda amalehe k'oguula murhi eyi ntanamabona. Oguche! Chagarhuma gwabeera bushaabusha omu budaka?›.,"Alors il dit au vigneron: Voilà trois ans que je viens chercher du fruit à ce figuier, et je nen trouve point. Coupe-le: pourquoi occupe-t-il la terre inutilement?."
LUK.13.8,"Aliko oyo muhinzi anamushubiza ntya: ‹Nnaweerhu, oguleke kandi guno mwaka, mpingire go n'okuguhira kw'emyaavu.","Le vigneron lui répondit: Seigneur, laisse-le encore cette année; je creuserai tout autour, et jy mettrai du fumier."
LUK.13.9,"Ntyo, nkabaga nji gwaleerha amalehe omu mwaka gwayinjire, akaba birhabeere ntyo, wanagucha!›».","Peut-être à lavenir donnera-t-il du fruit; sinon, tu le couperas."
LUK.13.10,"Lusiku luguma lw' eSaabato , Yeesu aliiri kuyigiriza omu sinagoogi .","Jésus enseignait dans une des synagogues, le jour du sabbat."
LUK.13.11,"Ahoola haliiri omukazi olwere. Gurhengera myaaka ekumi na munaane, omuzimu alimuyinamize. Arhakagalire chiro kuyinamuka.","Et voici, il y avait là une femme possédée dun esprit qui la rendait infirme depuis dix-huit ans; elle était courbée, et ne pouvait pas du tout se redresser."
LUK.13.12,"Yeesu abeere amubona, amuhamagala n'okumubwira ntya: «Nyaama wee, endwala yaawe yafumire!».","Lorsquil la vit, Jésus lui adressa la parole, et lui dit: Femme, tu es délivrée de ton infirmité."
LUK.13.13,"Amuhira ko amaboko, ho n'aho ayinamuka n'okuva arhondera gukuuza Nnamahanga.","Et il lui imposa les mains. A linstant elle se redressa, et glorifia Dieu."
LUK.13.14,"Aliko omukulu w'esinagoogi agaya oku Yeesu afumyize omuntu olusiku lw' eSaabato . Ava abwira echigusho ch'abantu ntya: «Hali siku ndarhu z'ogukola mo akaasi; mw'ezoola siku zimulemage mwayinja mo guchifumiisa, sy'aliko nangwa olusiku lw'eSaabato!».","Mais le chef de la synagogue, indigné de ce que Jésus avait opéré cette guérison un jour de sabbat, dit à la foule: Il y a six jours pour travailler; venez donc vous faire guérir ces jours-là, et non pas le jour du sabbat."
LUK.13.15,"Nnaweerhu amushubiza ntya: «Mwe ndyaalya mwe! Nkaasi muguma wenyu ashwekuula enka yaage changwa epunda yaage n'okuyiheeka gushooka olusiku lw'eSaabato, k'arhali ntyo?.","Hypocrites! lui répondit le Seigneur, est-ce que chacun de vous, le jour du sabbat, ne détache pas de la crèche son bœuf ou son âne, pour le mener boire?."
LUK.13.16,"N'oyuula mukazi w'obuuko bwa Abrahaamu owalizirikirwe na Shetaani myaaka ekumi na munaane, ka birhahemere ashwekuulwe mw'ebyo biziriko byaage olusiku lw'eSaabato?».","Et cette femme, qui est une fille dAbraham, et que Satan tenait liée depuis dix-huit ans, ne fallait-il pas la délivrer de cette chaîne le jour du sabbat?."
LUK.13.17,"Yeesu abeere ali kuderha ntyo, booshi baliiri kumulwisa bayunva eshonyi; aliko echigusho chooshi ch'abantu chamogera ebijiro binja byooshi aliiri kujira.","Tandis quil parlait ainsi, tous ses adversaires étaient confus, et la foule se réjouissait de toutes les choses glorieuses quil faisait."
LUK.13.18,Yeesu ashuba kuderha ntya: «oBwami bwa Nnamahanga bwagashusha na gichi? Nankabushushanya na gichi?.,"Il dit encore: A quoi le royaume de Dieu est-il semblable, et à quoi le comparerai-je?."
LUK.13.19,"Bushusheene n'ehiburho hy'eharadaali muntu muguma arhoolaga anahibyaala omu shwa lyaage. Hyaamera n'ogukula, hyaaba murhi, n'enyunyi z'omu chaalege zayumbaka ebyoogo byaazo omu marhabi maago.».","Il est semblable à un grain de sénevé quun homme a pris et jeté dans son jardin; il pousse, devient un arbre, et les oiseaux du ciel habitent dans ses branches."
LUK.13.20,Yeesu ashuba kuderha ntya: «Gichi nankalinganya n'oBwami bwa Nnamahanga?.,Il dit encore: A quoi comparerai-je le royaume de Dieu?.
LUK.13.21,"Bulinganeene n'echachu omukazi arhoolaga n'okuyihira omu milengo esharhu y'eshaano y'ogukola emigati, kugera egihe yooshi yarhunda.».","Il est semblable à du levain quune femme a pris et mis dans trois mesures de farine, pour faire lever toute la pâte."
LUK.13.22,"Yeesu aliiri omu njira ey'ali aja eYerusaleema, alenga omu bishagala bineneenene n'ebigeekegeeke ayigiriza.","Jésus traversait les villes et les villages, enseignant, et faisant route vers Jérusalem."
LUK.13.23,"Muntu muguma amubaza ntya: «Nnaweerhu, k'arhali bantu bageeke bonyine nji bachungulwa?» Yeesu ashubiza ntya:.","Quelquun lui dit: Seigneur, ny a-t-il que peu de gens qui soient sauvés? Il leur répondit:."
LUK.13.24,"«Muchihangaane kuja omu Bwami bwa Nnamahanga kugerera omu mulyango gufundereere. Bulaala, yi nababwira, bantu banene nji bashonda kuja mo aliko barhakagala.","Efforcez-vous dentrer par la porte étroite. Car, je vous le dis, beaucoup chercheront à entrer, et ne le pourront pas."
LUK.13.25,"Amango nyina enju nj'aba ayimangire ey'amanachinga omulyango, nji mwaba mwamasigala embuga. Nji mwarhondera gukongoorha oku mulyango n'okuderha ntya: ‹Nnaweerhu, orhuchinguulire.› Nj'abashubiza ntya: ‹Mwabo, ntenji muli ba ngahe.›.","Quand le maître de la maison se sera levé et aura fermé la porte, et que vous, étant dehors, vous commencerez à frapper à la porte, en disant: Seigneur, Seigneur, ouvre-nous! Il vous répondra: Je ne sais doù vous êtes."
LUK.13.26,"Ho n'aho, nji mwamubwira ntya: ‹Rhwaliire rhwananywa haguma naawe, wanagendaga wayigiriza emwerhu!›.","Alors vous vous mettrez à dire: Nous avons mangé et bu devant toi, et tu as enseigné dans nos rues."
LUK.13.27,"Naye nj'ababwira ntya: ‹Ntenji muli ba ngahe. Muje hale naani, mweshi mwe mukola amabi!›.","Et il répondra: Je vous le dis, je ne sais doù vous êtes; retirez-vous de moi, vous tous, ouvriers diniquité."
LUK.13.28,"Eyoola nji yaaba amalira n'oguhekenya amenyo , amo mango nji mwabona Abrahaamu , Isaka na Yakobo, n'abaleebi booshi omu Bwami bwa Nnamahanga, aliko mwabo nji mwaba mwakabwirwe embuga!.","Cest là quil y aura des pleurs et des grincements de dents, quand vous verrez Abraham, Isaac et Jacob, et tous les prophètes, dans le royaume de Dieu, et que vous serez jetés dehors."
LUK.13.29,"Abantu nji barhengera ebuhulukiro bw'ezuuba n'ebuzikiro bwalyo, n'abandi gurhengera emalambo n'egarhongo n'okuyikala balye haguma omu Bwami bwa Nnamahanga.","Il en viendra de lorient et de loccident, du nord et du midi; et ils se mettront à table dans le royaume de Dieu."
LUK.13.30,"Mumenye oku hali abazinda nji baaba barhanzi, hali n'abarhanzi nji baaba bazinda.».","Et voici, il y en a des derniers qui seront les premiers, et des premiers qui seront les derniers."
LUK.13.31,"Mw'ebyoola bishanji, aBafarisaayo baguma bayegeera Yeesu n'okumubwira ntya: «Rhenga hano, ochigendere ahandi, bulaala Heroode yashonda gukuyirha.».","Ce même jour, quelques pharisiens vinrent lui dire: Va-ten, pars dici, car Hérode veut te tuer."
LUK.13.32,Yeesu abashubiza ntya: «Mugende mujibwira ogoola mutereri ntya: ‹Yi nalibisya abazimu n'ogufumya abalwala zeene n'omuseezi. Na lishinjo naamala akaasi kaani.›.,"Il leur répondit: Allez, et dites à ce renard: Voici, je chasse les démons et je fais des guérisons aujourdhui et demain, et le troisième jour jaurai fini."
LUK.13.33,"Aliko bihemere ngendekere olugenzi lwani zeene, omuseezi na lishinjo, bulaala birhakwaneene kuyirhira omuleebi ahandi aharhali eYerusaleema.».","Mais il faut que je marche aujourdhui, demain, et le jour suivant; car il ne convient pas quun prophète périsse hors de Jérusalem."
LUK.13.34,"«Yerusaleema, Yerusaleema, wooyo weyirha abaleebi n'okubanda amabaale abantu Nnamahanga agurhumiraga! Kanga nashondaga guhira haguma abaana baawe nk'oku engoko ehira haguma ebyaanagoko byaayo omu byuubi byaayo! Aliko murhabilonzaga.","Jérusalem, Jérusalem, qui tues les prophètes et qui lapides ceux qui te sont envoyés, combien de fois ai-je voulu rassembler tes enfants, comme une poule rassemble sa couvée sous ses ailes, et vous ne lavez pas voulu!."
LUK.13.35,Mumenye okw'enju yenyu yaaba mushaka. Mbabwirire byo: murhagachimbona kugera amango hayinja egihe nji mwaderha ntya: ‹Nnamahanga agishe owayinja oku ziino lya Nnaweerhu!›».,"Voici, votre maison vous sera laissée; mais, je vous le dis, vous ne me verrez plus, jusquà ce que vous disiez: Béni soit celui qui vient au nom du Seigneur!."
LUK.14.1,"Lusiku luguma lw' eSaabato , Yeesu aja kulya emwa muguma w'abakulu b' aBafarisaayo . Abaliiri ho booshi baliiri bamuloleereza.","Jésus étant entré, un jour de sabbat, dans la maison de lun des chefs des pharisiens, pour prendre un repas, les pharisiens lobservaient."
LUK.14.2,Omuntu olwere endwala y'ogurhundiisa omubiri aliiri embere za Yeesu.,"Et voici, un homme hydropique était devant lui."
LUK.14.3,Yeesu abaza abigiriza b'amarhegeko n' aBafarisaayo ntya: «K'amarhegeko meerhu mayemereere changwa nangwa omuntu ogufumya omulwala olusiku lw' eSaabato ?».,"Jésus prit la parole, et dit aux docteurs de la loi et aux pharisiens: Est-il permis, ou non, de faire une guérison le jour du sabbat?."
LUK.14.4,"Aliko baasira. Yeesu ava arhoola oyo mulwala, amufumya n'okumuleka agende.","Ils gardèrent le silence. Alors Jésus avança la main sur cet homme, le guérit, et le renvoya."
LUK.14.5,"Ashuba kubabaza ntya: «Nde omu mwabo nk'omugala changwa enka yaage egarhogera omu gishimu, ka ho n'aho arhakayikuula mo nachiro luli lusiku lw'eSaabato?».","Puis il leur dit: Lequel de vous, si son fils ou son bœuf tombe dans un puits, ne len retirera pas aussitôt, le jour du sabbat?."
LUK.14.6,Baabula echi bamushubiza.,Et ils ne purent rien répondre à cela.
LUK.14.7,"Yeesu abeere abona gurhe abalaalikirwe yi bachiishoga ebichumbi by'embere, abachiira ogu mugani:.","Il adressa ensuite une parabole aux conviés, en voyant quils choisissaient les premières places; et il leur dit:."
LUK.14.8,"«Nk'omuntu aguhamageere kuja kulya amango m'obuhya, orhajaaga kuyikala oku gichumbi ch'embere. Bulaala hali amango omuntu okengerwe gukulusha alaalikirwe.","Lorsque tu seras invité par quelquun à des noces, ne te mets pas à la première place, de peur quil ny ait parmi les invités une personne plus considérable que toi."
LUK.14.9,owabalaalikaga wooyo n'owenyu akayinja gukubwira ntya: ‹Olekere oyuula muntu egichumbi.› Wanaja wagwarhwa n'eshoni z'okuja kuyikala oku gichumbi ch'enyuma.,et que celui qui vous a invités lun et lautre ne vienne te dire: Cède la place à cette personne-là. Tu aurais alors la honte daller occuper la dernière place.
LUK.14.10,"Aliko, amango olaalikirwe, wanaja kuyikala oku gichumbi ch'enyuma, y'amango hano owakulaalikaga ayinja, akubwire ntya: ‹Mwira waani, oje kuyikala oku gichumbi ch'embere!› Ntyo, nji bwakubeera bukenge embere z'abantu booshi nji baaba bayikeere haguma naawe oku meeza.","Mais, lorsque tu seras invité, va te mettre à la dernière place, afin que, quand celui qui ta invité viendra, il te dise: Mon ami, monte plus haut. Alors cela te fera honneur devant tous ceux qui seront à table avec toi."
LUK.14.11,"Bulaala ngasi yeeshi ochizamwire nj'ayandagazwa, n'ochiyandageeze nj'azamuulwa.».","Car quiconque sélève sera abaissé, et quiconque sabaisse sera élevé."
LUK.14.12,"Yeesu ashuba kubwira ola wamulaalikaga ntya: «Amango warheganyiza abantu ebiryo by'ezuuba changwa by'egolo, orhalaalikaga abeera baawe, changwa beene benyu, changwa abantu b'omulala gwawe, changwa abatuuranyi baawe b'abachire. Bulaala nabo nji bakayinja gukulaalika, na ntyo wanaba wamajuhwa.","Il dit aussi à celui qui lavait invité: Lorsque tu donnes à dîner ou à souper, ninvite pas tes amis, ni tes frères, ni tes parents, ni des voisins riches, de peur quils ne tinvitent à leur tour et quon ne te rende la pareille."
LUK.14.13,"Aliko amango wahamagala abantu kulya oku lusiku lukulu, olaalike abakeene, ebirema, abahunzize n'empumi.","Mais, lorsque tu donnes un festin, invite des pauvres, des estropiés, des boiteux, des aveugles."
LUK.14.14,"Ntyo, nji waaba mugishwa, kwenge boowe barhagwerhe echi bagakujuha omu gukugalulira! Aliko, nji waajuhwa amango m'ogufuuka kw'abakwaneene.».",Et tu seras heureux de ce quils ne peuvent pas te rendre la pareille; car elle te sera rendue à la résurrection des justes.
LUK.14.15,"Muntu muguma omu baliiri baalya haguma na Yeesu abeere ayunva ebyo binwa, aderha ntya: «Agishirwe ola nji waalya omu Bwami bwa Nnamahanga!».","Un de ceux qui étaient à table, après avoir entendu ces paroles, dit à Jésus: Heureux celui qui prendra son repas dans le royaume de Dieu!."
LUK.14.16,"Yeesu amushubiza ntya: «Haliiri muntu muguma warheganyaga biryo binene, analaalika bantu banene.","Et Jésus lui répondit: Un homme donna un grand souper, et il invita beaucoup de gens."
LUK.14.17,"Egihe ch'okulya chagerere ho, arhuma omuja waage kubwira abalaalikirwe: ‹Muyinje, byooshi byarheganyizwe.›.","A lheure du souper, il envoya son serviteur dire aux conviés: Venez, car tout est déjà prêt."
LUK.14.18,"Aliko booshi barhondera kuderha ngasi muguma echaarhuma arhabonekana. Omwambere amubwira ntya: ‹Nagulaga eshwa, bimpemere nje kulirhangula; nguhemere ombabalire.›.","Mais tous unanimement se mirent à sexcuser. Le premier lui dit: Jai acheté un champ, et je suis obligé daller le voir; excuse-moi, je te prie."
LUK.14.19,"Owindi aderha ntya: ‹Nagulaga enka ekumi z'oguhingiisa, nguhemere ombabalire, naaja kulola akaba zaakola.›.","Un autre dit: Jai acheté cinq paires de bœufs, et je vais les essayer; excuse-moi, je te prie."
LUK.14.20,"Owindi aderha ntya: ‹Namayuusa gushaba, chocharhuma ntayinja!›.","Un autre dit: Je viens de me marier, et cest pourquoi je ne puis aller."
LUK.14.21,"Oyo muja agaluka emwa nnahamwabo, amubalira ebyo byooshi. Nnahamwabo akaliha, abwira oyo omuja waage ntya: ‹Genda juba omu njira zineneenene n'omu zigekegeeke z'egishagala, oleerhe hano abakene, ebirema, empumi n'abahunzize.›.","Le serviteur, de retour, rapporta ces choses à son maître. Alors le maître de la maison irrité dit à son serviteur: Va promptement dans les places et dans les rues de la ville, et amène ici les pauvres, les estropiés, les aveugles et les boiteux."
LUK.14.22,"Omuja abeere amala kujira ntyo, aderha ntya: ‹Nnaweerhu, ebi wahemaga byajirirwe, aliko hanachiri ahakayikalwa!›.","Le serviteur dit: Maître, ce que tu as ordonné a été fait, et il y a encore de la place."
LUK.14.23,"Nnahamwabo ava amubwira ntya: ‹Oje omu njira n'omu migenderano y'egishagala, oseeze abantu bayinje kuja omu nju, y'omu mwani muyunjula abantu.","Et le maître dit au serviteur: Va dans les chemins et le long des haies, et ceux que tu trouveras, contrains-les dentrer, afin que ma maison soit remplie."
LUK.14.24,"Kwenge, mbabwirire byo, ntaaye mw'aba bantu bali balaalikirwe nji waalya oku biryo byaani.›».","Car, je vous le dis, aucun de ces hommes qui avaient été invités ne goûtera de mon souper."
LUK.14.25,Lusiku luguma abantu banene baliiri kulambagira haguma na Yeesu omu njira. Ahindamuka n'okubabwira ntya:.,"De grandes foules faisaient route avec Jésus. Il se retourna, et leur dit:."
LUK.14.26,"«Nk'omuntu ankulikiire arhanansiimire kulusha eshe, nyina, mukaage, abaana baage, beene baabo, bali baabo, chiro n'akalamo kaage, arhaakaba mwigirizwa waani.","Si quelquun vient à moi, et sil ne hait pas son père, sa mère, sa femme, ses enfants, ses frères, et ses sœurs, et même sa propre vie, il ne peut être mon disciple."
LUK.14.27,"N'omuntu orhaheekere omusalaaba gwage n'okunkulikira, arhaakaba mwigirizwa waani.","Et quiconque ne porte pas sa croix, et ne me suit pas, ne peut être mon disciple."
LUK.14.28,"«Nde omu mwabo, nk'ashondere kuyumbaka enju nene, arharhanga kuyikala aganje engulo y'ebyakoleesa n'okulola akaba agwerhe ebikulo by'okuyiyunjuza?.","Car, lequel de vous, sil veut bâtir une tour, ne sassied dabord pour calculer la dépense et voir sil a de quoi la terminer."
LUK.14.29,"Kwenge, nk'arhondeere kuyumbaka n'akaba arhagalire kumala, aba nji baabona ntyo, nji bamushekera.","de peur quaprès avoir posé les fondements, il ne puisse lachever, et que tous ceux qui le verront ne se mettent à le railler."
LUK.14.30,"Baderha ntya: ‹Oyu muntu arhondeere kuyumbaka, aliko agambirwe kuyunjuza.›.","en disant: Cet homme a commencé à bâtir, et il na pu achever?."
LUK.14.31,"Changwa mwami ohe, nk'ashondere kulwisa owindi mwami, orharhanga kuyikala n'oguchiibaza akaba oku misi y'abasoda baage bihumbi ekumi, akagala guhima oyo waabo oyinjire na basoda bihumbi makumyaabiri?.","Ou quel roi, sil va faire la guerre à un autre roi, ne sassied dabord pour examiner sil peut, avec dix mille hommes, marcher à la rencontre de celui qui vient lattaquer avec vingt mille?."
LUK.14.32,"Akaba arhakagala, agarhumira oyo waabo abantu achiri hale b'okumubaza gurhe bakayunviikana n'omurhuula gube ho.","Sil ne le peut, tandis que cet autre roi est encore loin, il lui envoie une ambassade pour demander la paix."
LUK.14.33,Nenyu ntyo kubinali! Ngasi yeeshi omu mwabo nk'arhalekere ebikulo byaage byooshi arhaakaba mwigirizwa waani.».,"Ainsi donc, quiconque dentre vous ne renonce pas à tout ce quil possède ne peut être mon disciple."
LUK.14.34,"«Omunyu chiri chintu gikwiriire. Sy'aliko gugaheza obuloke, gurhe bakagugalulira bo?.","Le sel est une bonne chose; mais si le sel perd sa saveur, avec quoi lassaisonnera-t-on?."
LUK.14.35,"Gurhachiri gwinja oku budaka changwa oku myaavu; banagukabula embuga. Ogwerhe amarhwi m'okuyunva, ayunve!».","Il nest bon ni pour la terre, ni pour le fumier; on le jette dehors. Que celui qui a des oreilles pour entendre entende."
LUK.15.1,Abafurhiisa b'amakooli n'abanyabyaaha baliiri kuyegeera Yeesu yi bamuyunviriza.,Tous les publicains et les gens de mauvaise vie sapprochaient de Jésus pour lentendre.
LUK.15.2,"aBafarisaayo n' abigiriza b'amarhegeko babeere baabona ntyo, bamuveeba ntya: «Oyu muntu y'ayankirira abanyabyaaha n'okulya nabo!».","Et les pharisiens et les scribes murmuraient, disant: Cet homme accueille des gens de mauvaise vie, et mange avec eux."
LUK.15.3,Aliko Yeesu abachiira ogu mugani:.,Mais il leur dit cette parabole:.
LUK.15.4,"«Nde omu mwabo, nk'agwerhe ntaama egana, agaheza nguma omu zo, k'arhakaleka zila zindi makumi gali mwenda na mwenda omu mpinga y'aja gushonda ela eherere kugera amango ayibona?.","Quel homme dentre vous, sil a cent brebis, et quil en perde une, ne laisse les quatre-vingt-dix-neuf autres dans le désert pour aller après celle qui est perdue, jusquà ce quil la retrouve?."
LUK.15.5,"N'akayibona, anayihira oku birhugo byaage n'obushagaluke bunene.","Lorsquil la retrouvée, il la met avec joie sur ses épaules."
LUK.15.6,"anagaluka emwage, anahamagala beera baage n'abatuuranyi baage n'okubabwira ntya: ‹Mushagaluke haguma naani, bulaala nabwene entaama yaani yali herere.›.","et, de retour à la maison, il appelle ses amis et ses voisins, et leur dit: Réjouissez-vous avec moi, car jai retrouvé ma brebis qui était perdue."
LUK.15.7,"Na ntyo mbabwirire byo, nji haaba obushagaluke bunene omu mpingu oku munyabyaaha muguma olekere ebyaaha byaage, ahaali h'abantu makumi gali mwenda na mwenda bakwaneene barhakeneere okuleka ebyaaha byaabo.».","De même, je vous le dis, il y aura plus de joie dans le ciel pour un seul pécheur qui se repent, que pour quatre-vingt-dix-neuf justes qui nont pas besoin de repentance."
LUK.15.8,"Yeesu ashuba kuderha ntya: «Mukazi muchi, nk'agwerhe bicheri ekumi by'efuranga n'agaheza gicheri kiguma, k'arhagachaana etara, agahyaagira enju n'agashonda bwinjabwinja kugera amango achibona?.","Ou quelle femme, si elle a dix drachmes, et quelle en perde une, nallume une lampe, ne balaie la maison, et ne cherche avec soin, jusquà ce quelle la retrouve?."
LUK.15.9,"Na hano abona echo gicheri, anahamagala abeerakazi n'abatuuranyi baage n'okuderha ntya: ‹Mushagaluke haguma naani, bulaala nabwene egicheri chaani ch'efuranga nalihezeze!›.","Lorsquelle la retrouvée, elle appelle ses amies et ses voisines, et dit: Réjouissez-vous avec moi, car jai retrouvé la drachme que javais perdue."
LUK.15.10,Mbabwirire byo oku ntyo ku bamalahika ba Nnamahanga banashagaluka nk'omunyabyaaha muguma alekere ebyaaha byaage.».,"De même, je vous le dis, il y a de la joie devant les anges de Dieu pour un seul pécheur qui se repent."
LUK.15.11,Yeesu ashuba kuderha ntya: «Haliiri muntu muguma waligwerhe bagala babiri.,Il dit encore: Un homme avait deux fils.
LUK.15.12,"Omudoorho abwira eshe ntya: ‹Daarha, ompe echaani chigabi ch'agashambala chikwaneene kuba chaani.› Eshe abagabira bombi.","Le plus jeune dit à son père: Mon père, donne-moi la part de bien qui doit me revenir. Et le père leur partagea son bien."
LUK.15.13,"Enyuma wa siku zigeeke, omugala mudoorho aguza omwandu gwage n'okugenda omu gihugo cha hale. Mw'echo gihugo ashandaguza ebikulo byaage omu boorhere bubi.","Peu de jours après, le plus jeune fils, ayant tout ramassé, partit pour un pays éloigné, où il dissipa son bien en vivant dans la débauche."
LUK.15.14,"Amalire kubishandaguza byooshi, enzara nene yaba mw'echo gihugo, arhondera kubula ngasi chintu.","Lorsquil eut tout dépensé, une grande famine survint dans ce pays, et il commença à se trouver dans le besoin."
LUK.15.15,Aja agenda gukolera omuntu muguma w'echo gihugo. Oyo muntu amurhuma omu mashwa maage kulagira engulube.,"Il alla se mettre au service dun des habitants du pays, qui lenvoya dans ses champs garder les pourceaux."
LUK.15.16,Oyo murhabana alema agifiija kulya oku biryo by'engulube sy'aliko ntaaye wamuheere byo.,"Il aurait bien voulu se rassasier des carouges que mangeaient les pourceaux, mais personne ne lui en donnait."
LUK.15.17,"Buzinda agishuba ko, aderha ntya: ‹Abakozi booshi ba daarha bali omu muhimbo, n'obo nyoono hano ndi naafa n'enzara!.","Étant rentré en lui-même, il se dit: Combien de mercenaires chez mon père ont du pain en abondance, et moi, ici, je meurs de faim!."
LUK.15.18,"Nagaluka emwa daarha, nanamubwira ntya: Daarha, najirire echaaha embere za Nnamahanga n'embere zaawe.","Je me lèverai, jirai vers mon père, et je lui dirai: Mon père, jai péché contre le ciel et contre toi."
LUK.15.19,Ntachikwaneene kuyirikwa mugala waawe. Oje wantoola nka muguma w'omu bakozi baawe.›.,je ne suis plus digne dêtre appelé ton fils; traite-moi comme lun de tes mercenaires.
LUK.15.20,"Ava agaluka, aja emw'eshe. «Abeere achiri hale n'aha mwabo, eshe amulangiira, amuyunvira obonjo bunene. Alibirha kumulinga, amuhoobera.","Et il se leva, et alla vers son père. Comme il était encore loin, son père le vit et fut ému de compassion, il courut se jeter à son cou et le baisa."
LUK.15.21,"Omugala aj'amubwira ntya: ‹Daarha, najirire echaaha emwa Nnamahanga n'emwawe, ntachikwaneene guhamagalwa mugala waawe.›.","Le fils lui dit: Mon père, jai péché contre le ciel et contre toi, je ne suis plus digne dêtre appelé ton fils."
LUK.15.22,"Aliko eshe abwira abaja baage ntya: ‹Muyanguhe, muleerhe omwambalo gukwiriire bweneene mumuyambise go, mumuyambise olupeta oku mudoke munamuyambise ebiraato.","Mais le père dit à ses serviteurs: Apportez vite la plus belle robe, et len revêtez; mettez-lui un anneau au doigt, et des souliers aux pieds."
LUK.15.23,Muleerhe enyana eshishire muyibaage; rhujire edinye rhunasiime.,"Amenez le veau gras, et tuez-le. Mangeons et réjouissons-nous;."
LUK.15.24,"bulaala oyu mugala waani abaaga afiire leero afuukire, abaaga aherere leero abonekere.› Banarhondera edinye.","car mon fils que voici était mort, et il est revenu à la vie; il était perdu, et il est retrouvé. Et ils commencèrent à se réjouir."
LUK.15.25,"«Mw'ako gashanji, omugala w'efula aliiri omu shwa. Abeere agaluka, n'okuyegeera aha mwabo, ayunva abantu bali kuyimpa n'okuzina.","Or, le fils aîné était dans les champs. Lorsquil revint et approcha de la maison, il entendit la musique et les danses."
LUK.15.26,"Ahamagala muguma omu bakozi b'eshe, amubaza bichi byabeere.","Il appela un des serviteurs, et lui demanda ce que cétait."
LUK.15.27,"Omukozi amubwira ntya: ‹Mudoorho waawe agalukire bobunoola yisho ayirhire enyana eshishire, bulaala amubwene mugumaguma.›.","Ce serviteur lui dit: Ton frère est de retour, et, parce quil la retrouvé en bonne santé, ton père a tué le veau gras."
LUK.15.28,"Oyo mugala w'efula ayunva oburhe, alahira kuja omu nju. Eshe ahuluka kumurhebeereza aje mo.","Il se mit en colère, et ne voulut pas entrer. Son père sortit, et le pria dentrer."
LUK.15.29,Aliko abwira eshe ntya: ‹Tala! Hamaagera myaaka minene bweneene eyi ndi nagukolera. Ntashubiraga kuvuna erhegeko lyaawe chiro n'eliguma. N'obo orhashubiraga kumpa chiro omwana gw'empene yi nshagaluka haguma na beera baani.,"Mais il répondit à son père: Voici, il y a tant dannées que je te sers, sans avoir jamais transgressé tes ordres, et jamais tu ne mas donné un chevreau pour que je me réjouisse avec mes amis."
LUK.15.30,"Aliko oyu mugala waawe wahezeze ebikulo byaawe omu bubaraga, abeere agaluka, wamubagiire enyana eshishire!›.","Et quand ton fils est arrivé, celui qui a mangé ton bien avec des prostituées, cest pour lui que tu as tué le veau gras!."
LUK.15.31,"Eshe amubwira ntya: ‹Mwana waani, oli haguma naani esiku zooshi, na byooshi ngwerhe biri byaawe.","Mon enfant, lui dit le père, tu es toujours avec moi, et tout ce que jai est à toi;."
LUK.15.32,"Sy'aliko byaalihemere rhujire edinye n'ogushagaluka, bulaala oyu mwene wenyu abaaga afiire, aliko afuukire; abaaga aherere, aliko abonekere!›».","mais il fallait bien ségayer et se réjouir, parce que ton frère que voici était mort et quil est revenu à la vie, parce quil était perdu et quil est retrouvé."
LUK.16.1,Yeesu ashuba kubwira abigirizwa baage ntya: «Haliiri omuchire muguma waligwerhe omwimangizi w'ebikulo byaage. Abantu bayinja gusidaaka oyo mwimangizi emwa nnahamwabo oku agwerhe ashandaguza ebikulo byaage.,"Jésus dit aussi à ses disciples: Un homme riche avait un économe, qui lui fut dénoncé comme dissipant ses biens."
LUK.16.2,"Nnahamwabo amuhamagala n'okumubwira ntya: ‹Bichi ndi nayunva baderha elugulu waawe? Nyeerekaga oluganjo lw'ebikulo byaani, bulaala orhagachiba mwimangizi wabyo.›.","Il lappela, et lui dit: Quest-ce que jentends dire de toi? Rends compte de ton administration, car tu ne pourras plus administrer mes biens."
LUK.16.3,Oyo mwimangizi aderha ntya omu murhima gwage: ‹Nnahamwerhu akola kunyaga akaasi kaani. Bichi njirage? Ntaviire nakoomera oguhinga amashwa na kandi nji nagwarha eshoni z'oguhemuuza.,"Léconome dit en lui-même: Que ferai-je, puisque mon maître môte ladministration de ses biens? Travailler à la terre? Je ne le puis. Mendier? Jen ai honte."
LUK.16.4,"Ahaa! Namaamenya echi naajira, yi haboneka abanyankiirira emwa baabo hano nkuulwa oku kaasi kaani.›.","Je sais ce que je ferai, pour quil y ait des gens qui me reçoivent dans leurs maisons quand je serai destitué de mon emploi."
LUK.16.5,Aja ahamagala ngasi muguma waligwerhe omwinda gwa nnahamwabo. Abaza omwambere ntya: ‹Mwinda munganachi gwa nnahamwerhu ogwerhe?›.,"Et, faisant venir chacun des débiteurs de son maître, il dit au premier: Combien dois-tu à mon maître?."
LUK.16.6,Amushubiza ntya: ‹Nkunguru egana z'amavurha.› Oyo mwimangizi w'ebikulo amubwira ntya: ‹Rhoola aka karataasi kayandikirwe k'omwinda gwawe; yikala juba oyandike nkunguru makumi marhaano.›.,"Cent mesures dhuile, répondit-il. Et il lui dit: Prends ton billet, assieds-toi vite, et écris cinquante."
LUK.16.7,Ashuba kubwira owindi ogwerhe omwinda: ‹Naawe mwinda munganachi gwa nnahamwerhu ogwerhe?› Amushubiza ntya: ‹Bigunira egana by'amahemba.› Omwimangizi w'ebikulo amubwira ntya: ‹Rhoola aka karataasi kayandikirwe k'omwinda gwawe; yikala juba onayandike makumi gali munaane.›.,"Il dit ensuite à un autre: Et toi, combien dois-tu? Cent mesures de blé, répondit-il. Et il lui dit: Prends ton billet, et écris quatre-vingts."
LUK.16.8,"Nyina ebikulo asiima omwimangizi muhemusi, bulaala akolere n'obwenge. Bulaala, abantu b'eri gulu bayanguha omu bijiro byaabo kulusha abantu b'obumoleke.».",Le maître loua léconome infidèle de ce quil avait agi prudemment. Car les enfants de ce siècle sont plus prudents à légard de leurs semblables que ne le sont les enfants de lumière.
LUK.16.9,"Yeesu ashuba kuderha ntya: «Nyoono mbabwirire ntya: Muchijirire abeera haguma n'obuchire bubi bw'eri gulu, yi hano muba murhachigwerhe obuchire, abantu babayankiirire omu biikalo by'esiku n'amango.","Et moi, je vous dis: Faites-vous des amis avec les richesses injustes, pour quils vous reçoivent dans les tabernacles éternels, quand elles viendront à vous manquer."
LUK.16.10,«Omuntu orhali muhemusi omu bintu bigeeke eyi arhanali muhemusi omu bintu binene; n'omuntu muhemusi omu bintu bigeeke eyi anali muhemusi omu bintu binene.,"Celui qui est fidèle dans les moindres choses lest aussi dans les grandes, et celui qui est injuste dans les moindres choses lest aussi dans les grandes."
LUK.16.11,"Akaba leero mwabeere bantu bahemusi omu buchire bw'eri gulu, nde nji wabajira bimangizi b'obuchire bw'okuli?.","Si donc vous navez pas été fidèles dans les richesses injustes, qui vous confiera les véritables?."
LUK.16.12,"N'akaba mwabeere bantu bahemusi omu bintu byabeene, nde nji wabaheereza ebintu bababikiire?.","Et si vous navez pas été fidèles dans ce qui est à autrui, qui vous donnera ce qui est à vous?."
LUK.16.13,"«Nta muja wakagala gukolera ba shoobuja babiri: changwa anagaya muguma n'ogusiima owindi, changwa anagishwekera oku muguma n'okuboneerera owindi. Murhakagala gukolera Nnamahanga, munakolere ebikulo.».","Nul serviteur ne peut servir deux maîtres. Car, ou il haïra lun et aimera lautre; ou il sattachera à lun et méprisera lautre. Vous ne pouvez servir Dieu et Mamon."
LUK.16.14,"aBafarisaayo babeere bayunva ebi binwa byooshi, barhondera gushekera Yeesu, bulaala basiimaga efuranga.","Les pharisiens, qui étaient avares, écoutaient aussi tout cela, et ils se moquaient de lui."
LUK.16.15,"Yeesu ababwira ntya: «Muli bantu bachiyeerekana nka ab'okuli embere z'abantu, aliko Nnamahanga ayinji emirhima yenyu. Bulaala, ech'abantu barhoolere nka gikwaneene, chiba chigayisize Nnamahanga.","Jésus leur dit: Vous, vous cherchez à paraître justes devant les hommes, mais Dieu connaît vos cœurs; car ce qui est élevé parmi les hommes est une abomination devant Dieu."
LUK.16.16,"«Egihe ch' eRhegeko lya Muusa n'ebitaabu by'abaleebi chagendekeere kugera amango ma Yohaana Mubatiiza. Gurhengera amo mango, oMwazi Mwinja g'oBwami bwa Nnamahanga gwayamageezwe na ngasi muntu y'alwisa kuja mo.","La loi et les prophètes ont subsisté jusquà Jean; depuis lors, le royaume de Dieu est annoncé, et chacun use de violence pour y entrer."
LUK.16.17,"Aliko byakayolohera empingu n'egulu guhirima, ahaali h'ehinwa hityuuli hy'eRhegeko lya Nnamahanga hirhenge.","Il est plus facile que le ciel et la terre passent, quil ne lest quun seul trait de lettre de la loi vienne à tomber."
LUK.16.18,"«Ngasi mulume wayegwire mukaage n'agashaba owindi, eyi ajirire obuhushi, n'oshabire omukazi bayegwire, eyi naye ajirire obuhushi.».","Quiconque répudie sa femme et en épouse une autre commet un adultère, et quiconque épouse une femme répudiée par son mari commet un adultère."
LUK.16.19,«Haliiri mulume muguma w'omugale wagendaga ayambala emyambalo edukwire y'engulo nene. Oyo mugale agendaga ajira edinye ngasi lusiku.,"Il y avait un homme riche, qui était vêtu de pourpre et de fin lin, et qui chaque jour menait joyeuse et brillante vie."
LUK.16.20,Haliiri n'omukene muguma oyirikwa Lazaaro wabaaga alyaama embere w'omulyango gw'enju yaage. Omubiri gwa Lazaaro gwali guyunjwire ebihulu.,"Un pauvre, nommé Lazare, était couché à sa porte, couvert dulcères."
LUK.16.21,Lazaaro aliiri guchifiija kulya orhuboole rhw'ebiryo rhwagendaga rhwarhoga oku meeza m'oyo mugale. Na kandi embwa zagenda zayinja kumiima ebihulu byaage.,et désireux de se rassasier des miettes qui tombaient de la table du riche; et même les chiens venaient encore lécher ses ulcères.
LUK.16.22,"Hagera olusiku oyo mukene afa. Bamalahika bamuheeka aha burhambi bw' Abrahaamu . Ola mugale naye afa, bamuhamba.","Le pauvre mourut, et il fut porté par les anges dans le sein dAbraham. Le riche mourut aussi, et il fut enseveli."
LUK.16.23,"Agerere ekuzimu, alibuka bweneene. Ayinamula ameesho, alangiira Abrahaamu na Lazaaro ali eburhambi bwage.","Dans le séjour des morts, il leva les yeux; et, tandis quil était en proie aux tourments, il vit de loin Abraham, et Lazare dans son sein."
LUK.16.24,"Ava ayaama ntya: ‹Daarha Abrahaamu, ombeere obonjo; obwire Lazaaro ahire esongi ly'omudoke gwage omu menji, ambobeeze olulimi, bulaala ndi nalibuka bweneene m'ogu muliro.›.","Il sécria: Père Abraham, aie pitié de moi, et envoie Lazare, pour quil trempe le bout de son doigt dans leau et me rafraîchisse la langue; car je souffre cruellement dans cette flamme."
LUK.16.25,"Aliko Abrahaamu amushubiza ntya: ‹Mwana waani, yibuka oku waliyankiriire bintu binja binene omu kalamo kaawe, aliko Lazaaro yeewe aligwerhe malibuko manene. Bunoola, yeewe y'arhuleerezwa, aliko wooyo yi walibuka.","Abraham répondit: Mon enfant, souviens-toi que tu as reçu tes biens pendant ta vie, et que Lazare a eu les maux pendant la sienne; maintenant il est ici consolé, et toi, tu souffres."
LUK.16.26,"Na kandi, hali omuhonga guleehere bweneene ahagarhi kenyu neerhu. Cho girhumire, abashondere gurhenga eno kuja emunda muli barhakabigala. Na kandi ntaaye wakagala kugera eno munda rhuli gurhengera eyo munda muli.›.","Dailleurs, il y a entre nous et vous un grand abîme, afin que ceux qui voudraient passer dici vers vous, ou de là vers nous, ne puissent le faire."
LUK.16.27,"Omugale aderha ntya: ‹Daarha wee, nguhemere n'obonjo, orhume Lazaaro omu mwerhu;.","Le riche dit: Je te prie donc, père Abraham, denvoyer Lazare dans la maison de mon père; car jai cinq frères."
LUK.16.28,"bulaala ngwerhe beene beerhu barhaano, aje kubahanuula yi nji barhayinja nabo hano hantu h'amalibuko.›.","Cest pour quil leur atteste ces choses, afin quils ne viennent pas aussi dans ce lieu de tourments."
LUK.16.29,"Abrahaamu amushubiza ntya: ‹Beene benyu bagwerhe ebitaabu bya Muusa na eby'abaleebi, babiyunve.›.",Abraham répondit: Ils ont Moïse et les prophètes; quils les écoutent.
LUK.16.30,"Omugale aderha ntya: ‹Nangwa, daarha Abrahaamu, aliko nk'omuntu muguma afuukire akaja emunda bali, bakaleka ebyaaha byaabo.›.","Et il dit: Non, père Abraham, mais si quelquun des morts va vers eux, ils se repentiront."
LUK.16.31,"Aliko Abrahaamu abwira omugale ntya: ‹Akaba barhashondere kuyunva Muusa n'abaleebi, barhakayemeera chiro omuntu wafuukire gurhenga omu bafu.›».","Et Abraham lui dit: Sils nécoutent pas Moïse et les prophètes, ils ne se laisseront pas persuader quand même quelquun des morts ressusciterait."
LUK.17.1,"Yeesu abwira abigirizwa baage ntya: «Ntaako byankaba yi habula ebyaarhuma abantu baajira ebyaaha, aliko buhanya buchi oku omuntu nji waaba mpanvu y'okujira echaaha!.",Jésus dit à ses disciples: Il est impossible quil narrive pas des scandales; mais malheur à celui par qui ils arrivent!.
LUK.17.2,"Kwakabeere kwinja oku yeewe, ashwekerwe olushyo omu gosi, anakabulwe omu nyanja, ahaali h'ogurhuma muguma mw'aba badoorho ajira echaaha.","Il vaudrait mieux pour lui quon mît à son cou une pierre de moulin et quon le jetât dans la mer, que sil scandalisait un de ces petits."
LUK.17.3,"Muchilange bwinja mwenyine! «Akaba mwene wenyu akujiriire echaaha, omuhanuule. Akaleka ebyaaha byaage, omubabalire.","Prenez garde à vous-mêmes. Si ton frère a péché, reprends-le; et, sil se repent, pardonne-lui."
LUK.17.4,"N'akaba akujiriire echaaha kali mushanvu omu lusiku, n'akayinja emunda oli kali mushanvu gukubwira ntya: ‹Nalekere ebyaaha byaani›, omubabalire.».","Et sil a péché contre toi sept fois dans un jour et que sept fois il revienne à toi, disant: Je me repens, tu lui pardonneras."
LUK.17.5,Entumwa zabwira Nnaweerhu ntya: «Orhuyushuulire obwemeezi.».,Les apôtres dirent au Seigneur: Augmente-nous la foi.
LUK.17.6,"Nnaweerhu ashubiza ntya: «Nka mwaligwerhe chiro obwemeezi bugeeke kuguma n'ehiburho hye haradaali, mwakabwirire ogu murhi gw'agafuleesi ntya: ‹Chikundula onaje guchibyaala omu nyanja›, gwakanabakengere.».","Et le Seigneur dit: Si vous aviez de la foi comme un grain de sénevé, vous diriez à ce sycomore: Déracine-toi, et plante-toi dans la mer; et il vous obéirait."
LUK.17.7,"Yeesu ashuba kuderha ntya: «Nka muntu muguma omu mwabo agwerhe omuja ohinga eshwa changwa olagira ebirhungano byaage, hano amubona agaluka gurhenga omu shwa, k'akamubwira ayinje juba alye?.","Qui de vous, ayant un serviteur qui laboure ou paît les troupeaux, lui dira, quand il revient des champs: Approche vite, et mets-toi à table?."
LUK.17.8,"Nangwa, ahuubwe akamubwira ntya: ‹Nvuyira ebyaani biryo, onayambale bwinja, ompe ndye nanywe; naawe handeke walya onanywe buzinda.›.","Ne lui dira-t-il pas au contraire: Prépare-moi à souper, ceins-toi, et sers-moi, jusquà ce que jaie mangé et bu; après cela, toi, tu mangeras et boiras?."
LUK.17.9,"Arhagasiimiriza omuja waage okw'ajirire eby'alirhegekerwe kujira, k'arhali ntyo?.",Doit-il de la reconnaissance à ce serviteur parce quil a fait ce qui lui était ordonné?.
LUK.17.10,"Nenyu ntyo kubinali: hano nji muba mwamakola byooshi bibarhegekerwe, muderhe ntya: ‹Rhuli baja barhagwerhe kamaro, hoshaaho rhwajirire ebi rhwalihemerwe kujira.›».","Vous de même, quand vous avez fait tout ce qui vous a été ordonné, dites: Nous sommes des serviteurs inutiles, nous avons fait ce que nous devions faire."
LUK.17.11,"Yeesu abeere ali omu njira aja eYerusaleema, agera eburhambirhambi b'olubibi lugabire eSamariya n'eGalilaaya.","Jésus, se rendant à Jérusalem, passait entre la Samarie et la Galilée."
LUK.17.12,"Abeere aja omu gishagala chiguma, ababenzibenzi ekumi bayinja kumushimaana. Bayimanga hale naye.","Comme il entrait dans un village, dix lépreux vinrent à sa rencontre. Se tenant à distance, ils élevèrent la voix, et dirent:."
LUK.17.13,"Barhondera kuyaama ntya: «Yeesu, Mwigiriza, orhubeere obonjo!».","Jésus, maître, aie pitié de nous!."
LUK.17.14,"Yeesu abeere ababona, ababwira ntya: «Muje guchiyeerekana emw' abadaahwa .» Babeere bali baaja yo, baava baafuma.","Dès quil les eut vus, il leur dit: Allez vous montrer aux sacrificateurs. Et, pendant quils y allaient, il arriva quils furent guéris."
LUK.17.15,"Muguma omu bo, abeere abona afumire, agaluka akuuza Nnamahanga n'omulenge munene.","Lun deux, se voyant guéri, revint sur ses pas, glorifiant Dieu à haute voix."
LUK.17.16,"Achikabula embere z'amagulu ma Yeesu, amalanga oku budaka, amubwira kooko. Oyu muntu aliiri Musamariya.","Il tomba sur sa face aux pieds de Jésus, et lui rendit grâces. Cétait un Samaritain."
LUK.17.17,Yeesu ava aderha ntya: «K'arhali booshi ekumi baafumaga? Ngahe bandi mwenda bali?.,"Jésus, prenant la parole, dit: Les dix nont-ils pas été guéris? Et les neuf autres, où sont-ils?."
LUK.17.18,"Ka ntaaye wakengereere kugaluka gukuuza Nnamahanga, kuleka oyu orhali Muyaahudi?».",Ne sest-il trouvé que cet étranger pour revenir et donner gloire à Dieu?.
LUK.17.19,"Yeesu aja amubwira ntya: «Yimanga ogende, obwemeezi bwawe bwaguchungwire.».","Puis il lui dit: Lève-toi, va; ta foi ta sauvé."
LUK.17.20,aBafarisaayo baabaza Yeesu ntya: «Mango machi oBwami bwa Nnamahanga nji bwayinja?» Yeesu abashubiza ntya: «oBwami bwa Nnamahanga burhayinja bwachitaragaza.,Les pharisiens demandèrent à Jésus quand viendrait le royaume de Dieu. Il leur répondit: Le royaume de Dieu ne vient pas de manière à frapper les regards.
LUK.17.21,"Abantu barhakaderha ntya: ‹Mulolage! oBwami bwa Nnamahanga buli hano!›, changwa: ‹Buli halira!› Bulaala, mumenyage bwinja, oBwami bwa Nnamahanga buli ahagarhi kenyu.».","On ne dira point: Il est ici, ou: Il est là. Car voici, le royaume de Dieu est au milieu de vous."
LUK.17.22,"Yeesu ashuba kubwira abigirizwa baage ntya: «Agashanji kayinja nji mwachifiija kubona Mwene oMuntu chiro lusiku luguma, aliko nji murhamubona.","Et il dit aux disciples: Des jours viendront où vous désirerez voir lun des jours du Fils de lhomme, et vous ne le verrez point."
LUK.17.23,"«Abantu nji bababwira ntya: ‹Ali haliira!›, changwa: ‹Ali hano!› Murhalibirhiraga yo.","On vous dira: Il est ici, il est là. Ny allez pas, ne courez pas après."
LUK.17.24,"Nka kula omubaraganyo gubaraganya omu nkuba gurhengera omu luhande luguma guhika omu lwindi, ntyo ku Mwene oMuntu nj'aba omu olusiku lwage.","Car, comme léclair resplendit et brille dune extrémité du ciel à lautre, ainsi sera le Fils de lhomme en son jour."
LUK.17.25,"Aliko embere Mwene oMuntu agaluke, bihemere alibuke bweneene analahirwe n'echi gisisi.","Mais il faut auparavant quil souffre beaucoup, et quil soit rejeté par cette génération."
LUK.17.26,"«Nk'oku byabaaga omu siku za Noowa , ku nji byaaba amango Mwene oMuntu nj'agaluka.",Ce qui arriva du temps de Noé arrivera de même aux jours du Fils de lhomme.
LUK.17.27,"Abantu bagendaga baalya n'okunywa, bagendaga baashaba n'ogushabwa, kugera oku lusiku Noowa ajaaga omu nkuge. Leero emisuuka minene yahulula, yabazisya booshi.","Les hommes mangeaient, buvaient, se mariaient et mariaient leurs enfants, jusquau jour où Noé entra dans larche; le déluge vint, et les fit tous périr."
LUK.17.28,"«Kandi nji byaaba kuguma n'esiku za Looti: abantu bagendaga baalya n'okunywa, bagendaga baagula n'okuguza, bagendaga bahinga n'okuyumbaka.","Ce qui arriva du temps de Lot arrivera pareillement. Les hommes mangeaient, buvaient, achetaient, vendaient, plantaient, bâtissaient;."
LUK.17.29,"Sy'aliko olusiku Looti arhengaga eSodoomo, omuliro n'ebiseese byarhoga gurengera oku nkuba nka nvula, byayirha abantu booshi.","mais le jour où Lot sortit de Sodome, une pluie de feu et de soufre tomba du ciel, et les fit tous périr."
LUK.17.30,Kandi ntyo ku nji byaaba olusiku Mwene oMuntu nj'agaluka.,Il en sera de même le jour où le Fils de lhomme paraîtra.
LUK.17.31,"«Olo lusiku, omuntu nji waaba ali oku nju elugulu, arhajaaga omu nju gurhoola ebintu byaage. N'ola muntu nji waaba ali omu shwa lyaage arhachigalukaga emwage.","En ce jour-là, que celui qui sera sur le toit, et qui aura ses effets dans la maison, ne descende pas pour les prendre; et que celui qui sera dans les champs ne retourne pas non plus en arrière."
LUK.17.32,Muyibuke ebyahikiraga muka Looti !.,Souvenez-vous de la femme de Lot.
LUK.17.33,Omuntu nji washonda kulanga akalamo kaage nj'agaheza; aliko omuntu nji washonda kugaheza nj'akalanga.,"Celui qui cherchera à sauver sa vie la perdra, et celui qui la perdra la retrouvera."
LUK.17.34,"«Mbabwirire, m'obo budufu, bantu babiri nji baaba balyaamire oku buliri buguma: muguma nj'aheekwa, owindi nj'alekwa.","Je vous le dis, en cette nuit-là, de deux personnes qui seront dans un même lit, lune sera prise et lautre laissée;."
LUK.17.35,"Bakazi babiri nji baaba bali basyera haguma: muguma nj'aheekwa, owindi nj'alekwa. .","de deux femmes qui moudront ensemble, lune sera prise et lautre laissée."
LUK.17.36,"Bantu babiri nji baaba bali omu shwa: muguma nj'aheekwa, owindi nj'alekwa.».","De deux hommes qui seront dans un champ, lun sera pris et lautre laissé."
LUK.17.37,"Abigirizwa baabaza Yeesu ntya: «Nnaweerhu, ngahe ebyo nji byabeera?» Naye abashubiza ntya: «Ahali omurhumba, ho hagwirira banyunda .».","Les disciples lui dirent: Où sera-ce, Seigneur? Et il répondit: Où sera le corps, là sassembleront les aigles."
LUK.18.1,Yeesu ashuba guchiira abigirizwa baage ogu mugani y'abayeereka oku bakwaneene gusaliira buzira kuluha.,"Jésus leur adressa une parabole, pour montrer quil faut toujours prier, et ne point se relâcher."
LUK.18.2,Aderha ntya: «Omu gishagala chiguma haliiri omuzuuzi muguma orhayuubahaga Nnamahanga na nta muntu akengaga.,Il dit: Il y avait dans une ville un juge qui ne craignait point Dieu et qui navait dégard pour personne.
LUK.18.3,Kandi mw'echo gishagala haliiri omushumbakazi muguma wagendaga aja kubwira oyo muzuuzi ntya: ‹Onchiire bwinja olushinja n'omushombanyi waani!›.,Il y avait aussi dans cette ville une veuve qui venait lui dire: Fais-moi justice de ma partie adverse.
LUK.18.4,Halenga siku zinene alahiire kumuchiira lo. Aliko buzinda achibwira ntya: ‹Nachiro mpu ntayuubaha Nnamahanga na nta muntu nkenga.,Pendant longtemps il refusa. Mais ensuite il dit en lui-même: Quoique je ne craigne point Dieu et que je naie dégard pour personne.
LUK.18.5,"aliko bunoola oyu mushumbakazi ali andunza, namuchiira bwinja olushinja lwage, arhayinja kumbera erhwe.›».","néanmoins, parce que cette veuve mimportune, je lui ferai justice, afin quelle ne vienne pas sans cesse me rompre la tête."
LUK.18.6,Nnaweerhu aja aderha ntya: «Muyunve bwinja eby'oyu muzuuzi muhemusi aderhere!.,Le Seigneur ajouta: Entendez ce que dit le juge inique.
LUK.18.7,"Ka Nnamahanga yeewe arhagachiira bwinja olushinja abantu baage achishogere, n'obo bali bamulilira ezuuba n'obudufu? Ka nj'alegama kubarhabaala?.","Et Dieu ne fera-t-il pas justice à ses élus, qui crient à lui jour et nuit, et tardera-t-il à leur égard?."
LUK.18.8,"Mbabwirire oku Nnamahanga nj'abachiira bwinja olushinja jubaajuba. Sy'aliko amango Mwene oMuntu nj'agaluka, ka nj'abugaana obwemeezi omu gulu?».","Je vous le dis, il leur fera promptement justice. Mais, quand le Fils de lhomme viendra, trouvera-t-il la foi sur la terre?."
LUK.18.9,Yeesu ashuba gucha ogu mugani oku bantu baliiri guchiibona oku bakwaneene n'ogukena abandi bantu:.,"Il dit encore cette parabole, en vue de certaines personnes se persuadant quelles étaient justes, et ne faisant aucun cas des autres:."
LUK.18.10,"«Lusiku luguma, bantu babiri baja gusaliira omu Nju ya Nnamahanga . Muguma aliiri Mufarisaayo n'owindi aliiri mufurhiisa w'amakooli .","Deux hommes montèrent au temple pour prier; lun était pharisien, et lautre publicain."
LUK.18.11,"oMufarisaayo ayimanga, asaliira ntya omu murhima gwage: ‹Nnamahanga wee, nguheere obukuuze bulaala ntali kuguma n'abandi bantu. Boowe bali bishumuusi, barhakwaneene, bali bahushi. Kandi ntali kuguma n'oyu mufurhiisa w'amakooli.","Le pharisien, debout, priait ainsi en lui-même: O Dieu, je te rends grâces de ce que je ne suis pas comme le reste des hommes, qui sont ravisseurs, injustes, adultères, ou même comme ce publicain;."
LUK.18.12,"Nanchiibuza kulya kabiri omu boso, nampaana chigabi chiguma ch'ekumi ch'ebintu mbona.›.","je jeûne deux fois la semaine, je donne la dîme de tous mes revenus."
LUK.18.13,"Aliko omufurhiisa w'amakooli yeewe, aliyimangire hale. Chiro arhanagalaga kuyinamula ameesho elugulu, sy'aliko achishuurha egifuba omu kuyeerekana oku arhakwaneene. Aderha ntya: ‹Yoo! Nnamahanga, ombeere obonjo, nye munyabyaaha!›.","Le publicain, se tenant à distance, nosait même pas lever les yeux au ciel; mais il se frappait la poitrine, en disant: O Dieu, sois apaisé envers moi, qui suis un pécheur."
LUK.18.14,"Yeesu aja aderha ntya: ‹Mbabwirire, oyu mufurhiisa w'amakooli yi wagalukire emwage ey'akwaneene, si arhali ola Mufarisaayo. Kwenge ngasi muntu yeeshi wachizamuula nj'ayandagazwa, aliko ola wachiyandagaza nj'azamuulwa.›».","Je vous le dis, celui-ci descendit dans sa maison justifié, plutôt que lautre. Car quiconque sélève sera abaissé, et celui qui sabaisse sera élevé."
LUK.18.15,"Bantu baguma baleerhera Yeesu enjolyaana nazo mpu azigishe omu kuzihira kw'amaboko. Abigirizwa baage babeere baabona ntyo, bakalihira abo bantu.","On lui amena aussi les petits enfants, afin quil les touchât. Mais les disciples, voyant cela, reprenaient ceux qui les amenaient."
LUK.18.16,"Aliko Yeesu arhegeka oku bamuleerhere abo baana n'okuderha ntya: «Muleke abaana bayinje emunda ndi! Murhababuzaga, bulaala oBwami bwa Nnamahanga buli bw'abantu bali kuguma nabo.","Et Jésus les appela, et dit: Laissez venir à moi les petits enfants, et ne les en empêchez pas; car le royaume de Dieu est pour ceux qui leur ressemblent."
LUK.18.17,Mbabwirire okuli : omuntu orhayankiriire oBwami bwa Nnamahanga nka mwana mudoorho arhakabuja mo chiro n'ehityu.».,"Je vous le dis en vérité, quiconque ne recevra pas le royaume de Dieu comme un petit enfant ny entrera point."
LUK.18.18,"Omukulu muguma w'aBayaahudi abaza Yeesu ntya: «Mwigiriza mwinja, bichi ngwasize kujira yi mbona akalamo k'esiku n'amango?».","Un chef interrogea Jésus, et dit: Bon maître, que dois-je faire pour hériter la vie éternelle?."
LUK.18.19,"Yeesu amushubiza ntya: «Gurhe wankanyirika mwinja? Nta muntu mwinja, arhali Nnamahanga yenyine.",Jésus lui répondit: Pourquoi mappelles-tu bon? Il ny a de bon que Dieu seul.
LUK.18.20,"Sy'omenyere amarhegeko: ‹Orhahushaga, orhayirhaga, orhazimbaga, orhahamiirizaga obubeeshi, okenge yisho na nyoko.›».",Tu connais les commandements: Tu ne commettras point dadultère; tu ne tueras point; tu ne déroberas point; tu ne diras point de faux témoignage; honore ton père et ta mère.
LUK.18.21,Oyo mukulu ashubiza ntya: «Ama marhegeko mooshi namakengere gurhenga ndi musole.».,"Jai, dit-il, observé toutes ces choses dès ma jeunesse."
LUK.18.22,"Yeesu abeere ayunva ntyo, amubwira ntya: «Hachikubuliire kandi chintu chiguma: oguze ebintu byooshi ogwerhe, efuranga zarhenga mo ozigabire abakene, nji wanaja wagwarha obuchire omu mpingu. Wanaja wayinja n'okunkulikira.».","Jésus, ayant entendu cela, lui dit: Il te manque encore une chose: vends tout ce que tu as, distribue-le aux pauvres, et tu auras un trésor dans les cieux. Puis, viens, et suis-moi."
LUK.18.23,"Aliko oyo muntu abeere ayunva ntyo, agaya bweneene, bulaala aliiri muchire bweneene.","Lorsquil entendit ces paroles, il devint tout triste; car il était très riche."
LUK.18.24,"Yeesu abwene oku agayire, aderha ntya: «Okuli, bikomereere abachire kuja omu Bwami bwa Nnamahanga!.","Jésus, voyant quil était devenu tout triste, dit: Quil est difficile à ceux qui ont des richesses dentrer dans le royaume de Dieu!."
LUK.18.25,Bulaala kuyoloheere bweneene engamiya kugera omu hirhule hy'esindani ahaali h'omugale kuja omu Bwami bwa Nnamahanga.».,Car il est plus facile à un chameau de passer par le trou dune aiguille quà un riche dentrer dans le royaume de Dieu.
LUK.18.26,Abantu baliiri bamuyunviriza baderha ntya: «Nde leero wagachungulwa?».,Ceux qui lécoutaient dirent: Et qui peut être sauvé?.
LUK.18.27,Yeesu ashubiza ntya: «Ebirhakagalika oku bantu byakagalika emwa Nnamahanga.».,Jésus répondit: Ce qui est impossible aux hommes est possible à Dieu.
LUK.18.28,Petero aja aderha ntya: «Tala oku rhwewe rhwalekere ebintu rhwali rhugwerhe yi rhugukulikira.».,"Pierre dit alors: Voici, nous avons tout quitté, et nous tavons suivi."
LUK.18.29,"Yeesu ababwira ntya: «Mbabwire okuli , nta muntu walekere enju, mukaage, beene baabo, abazeere baage changwa abaana baage elugulu w'obwime bwa Nnamahanga.","Et Jésus leur dit: Je vous le dis en vérité, il nest personne qui, ayant quitté, à cause du royaume de Dieu, sa maison, ou sa femme, ou ses frères, ou ses parents, ou ses enfants."
LUK.18.30,"orhakayankirira ebintu binene mu mano mango, n'omu siku zayinja nj'abona akalamo k'esiku n'amango.».","ne reçoive beaucoup plus dans ce siècle-ci, et, dans le siècle à venir, la vie éternelle."
LUK.18.31,"Buzinda bw'aho, Yeesu arhoola zila ntumwa zaage ekumi n'ebiri n'okuzibwira ntya: «Tala oku rhwazamuukira eYerusaleema; byooshi byayandikwaga n'abaleebi bilolere Mwene oMuntu byajirika.","Jésus prit les douze auprès de lui, et leur dit: Voici, nous montons à Jérusalem, et tout ce qui a été écrit par les prophètes au sujet du Fils de lhomme saccomplira."
LUK.18.32,"Bulaala nj'ahaanwa oku barhali Bayaahudi. Nji bamushinyagulira, nji bamulibuza, nji bamuchiira ko.","Car il sera livré aux païens; on se moquera de lui, on loutragera, on crachera sur lui."
LUK.18.33,"nji bamushuurha, nji banamuyirha. N'olusiku lwa gasharhu nj'afuuka.».","et, après lavoir battu de verges, on le fera mourir; et le troisième jour il ressuscitera."
LUK.18.34,"Aliko barhayunvaga eby'echi chinwa chiderhere, bulaala byaali bishirwe. Barhaalimenyere bichi Yeesu ashondaga kuderha.","Mais ils ne comprirent rien à cela; cétait pour eux un langage caché, des paroles dont ils ne saisissaient pas le sens."
LUK.18.35,"Amango Yeesu ayegeeraga egishagala ch'eYeeriko, haliiri empumi nguma yali yikeere eburhambi bw'enjira ey'eri yahemuuza.","Comme Jésus approchait de Jéricho, un aveugle était assis au bord du chemin, et mendiait."
LUK.18.36,"Eyo mpumi yayunva abantu banene yi baagera, yanabaza bichi byabeere.","Entendant la foule passer, il demanda ce que cétait."
LUK.18.37,Bayishubiza ntya: «Yeesu w'eNazareeti yeeri kulenga.».,On lui dit: Cest Jésus de Nazareth qui passe.
LUK.18.38,"Empumi yaliika omulenge: «Yeesu, Mwene Daawudi , ombeere obonjo!».","Et il cria: Jésus, Fils de David, aie pitié de moi!."
LUK.18.39,"Abaliiri balambagira embere bayikalihira yi bayisizya, aliko yayaama bweneene: «Mwene Daawudi, ombeere obonjo!».","Ceux qui marchaient devant le reprenaient, pour le faire taire; mais il criait beaucoup plus fort: Fils de David, aie pitié de moi!."
LUK.18.40,"Yeesu ayimanga n'ogurhegeka oku bayileerhere ye. Empumi yabeere yaagera hoofu naye, Yeesu ayibaza ntya:.","Jésus, sétant arrêté, ordonna quon le lui amène; et, quand il se fut approché."
LUK.18.41,"«Gichi oshondere nkujirirage?» Yashubiza ntya: «Nnaweerhu, nshube mbone.».","il lui demanda: Que veux-tu que je te fasse? Il répondit: Seigneur, que je recouvre la vue."
LUK.18.42,Yeesu ayishubiza ntya: «Shuba kubona; obwemeezi bwawe bwagufumize.».,Et Jésus lui dit: Recouvre la vue; ta foi ta sauvé.
LUK.18.43,"Ho n'aho yabona n'okumukulikira ey'eri yakuuza Nnamahanga. Olubaga looshi lwabeere lwabona ebyoola, lwarhondera gukuuza Nnamahanga.","A linstant il recouvra la vue, et suivit Jésus, en glorifiant Dieu. Tout le peuple, voyant cela, loua Dieu."
LUK.19.1,Yeesu aliiri abalama kugerera omu gishagala ch'eYeeriko.,"Jésus, étant entré dans Jéricho, traversait la ville."
LUK.19.2,Mw'echo gishagala mwaliiri omuntu muguma oyirikwa Zaakayo. Oyo Zaakayo aliiri mukulu w'abafurhiisa b'amakooli. Aliiri muchire.,"Et voici, un homme riche, appelé Zachée, chef des publicains, cherchait à voir qui était Jésus;."
LUK.19.3,"Agendaga ashonda kubona Yeesu ali nde. Aliko, elugulu w'abantu banene arhakamubwene bulaala aliiri muufu.","mais il ne pouvait y parvenir, à cause de la foule, car il était de petite taille."
LUK.19.4,"Alibirhira embere, anashona oku murhi g'omukuyu y'abona Yeesu, kwenge alikwaneene kulenga ahoola.","Il courut en avant, et monta sur un sycomore pour le voir, parce quil devait passer par là."
LUK.19.5,"Yeesu abeere agera ahoola, ayinamula ameesho anamubwira ntya: «Zaakayo, shonooka juba; bulaala bimpemere ndyaame emwawe zeene.».","Lorsque Jésus fut arrivé à cet endroit, il leva les yeux et lui dit: Zachée, hâte-toi de descendre; car il faut que je demeure aujourdhui dans ta maison."
LUK.19.6,"Zaakayo ashonooka juba, ayankirira Yeesu n'obushagaluke bunene.","Zachée se hâta de descendre, et le reçut avec joie."
LUK.19.7,"Abantu booshi baabonaga ebyoola, balunduma n'okuderha ntya: «Mulolage! Oyu muntu ajiire kulyaama emw'omunyabyaaha!».","Voyant cela, tous murmuraient, et disaient: Il est allé loger chez un homme pécheur."
LUK.19.8,"Aliko Zaakayo ayimanga, abwira Nnaweerhu ntya: «Nnaweerhu! Naaha abakene oluhande lw'ebintu byaani, n'akaba hali eyi nalengenye echintu chaage, namugalulira cho eyi nkubire cho kane.».","Mais Zachée, se tenant devant le Seigneur, lui dit: Voici, Seigneur, je donne aux pauvres la moitié de mes biens, et, si jai fait tort de quelque chose à quelquun, je lui rends le quadruple."
LUK.19.9,"Yeesu amubwira ntya: «Zeene obuchunguke bwahikire mw'eyila nju, bulaala oyu naye ali mugala w' Abrahaamu .","Jésus lui dit: Le salut est entré aujourdhui dans cette maison, parce que celui-ci est aussi un fils dAbraham."
LUK.19.10,Kwenge Mwene oMuntu ayinjire gushonda n'oguchungula abaherere.».,Car le Fils de lhomme est venu chercher et sauver ce qui était perdu.
LUK.19.11,"Abantu babeere bayunva ebyoola, bakengeera okw'obwime bwa Nnamahanga bukola kubonekana ho n'aho, bulaala Yeesu aliiri hoofu n'eYerusaleema. Aja ashuba kubachiira ogu mugani.","Ils écoutaient ces choses, et Jésus ajouta une parabole, parce quil était près de Jérusalem, et quon croyait quà linstant le royaume de Dieu allait paraître."
LUK.19.12,"Aderha ntya: «Haliiri murhwali muguma wajaaga omu gihugo cha hale mpu aje kuyimikirwa yo, buzinda agaluke kuyima omu gihugo chaage.","Il dit donc: Un homme de haute naissance sen alla dans un pays lointain, pour se faire investir de lautorité royale, et revenir ensuite."
LUK.19.13,"Ahamagala bantu ekumi omu baja baage, abaha bicheri ekumi n'okubabwira ntya: ‹Murhimbuule n'ezi furanga kugera amango nagaluka.›.","Il appela dix de ses serviteurs, leur donna dix mines, et leur dit: Faites-les valoir jusquà ce que je revienne."
LUK.19.14,Aliko abantu b'egihugo chaage babaaga bamugayire. Baarhuma abantu enyuma zaage kuderha ntya: ‹Rhurhashonda oyu muntu abe mwami weerhu.›.,"Mais ses concitoyens le haïssaient, et ils envoyèrent une ambassade après lui, pour dire: Nous ne voulons pas que cet homme règne sur nous."
LUK.19.15,"«Abeere ayimikirwe, agaluka, ahamagaza bala baja ahaaga efuranga, mpu amenye enyungu nchi babwene omu burhimbuuzi.","Lorsquil fut de retour, après avoir été investi de lautorité royale, il fit appeler auprès de lui les serviteurs auxquels il avait donné largent, afin de connaître comment chacun lavait fait valoir."
LUK.19.16,"Omuja mwambere achimoleka n'okuderha ntya: ‹Waliha, egicheri chaawe chayungukire bindi ekumi.›.","Le premier vint, et dit: Seigneur, ta mine a rapporté dix mines."
LUK.19.17,"Mwami amubwira ntya: ‹Kooko, oli muja mwinja; bulaala orhabeere muhemusi omu bintu bigeeke, wagwarha oburhegesi oku bishagala ekumi.›.","Il lui dit: Cest bien, bon serviteur; parce que tu as été fidèle en peu de chose, reçois le gouvernement de dix villes."
LUK.19.18,"Omuja wakabiri ayinja n'okuderha ntya: ‹Waliha, egicheri chaawe chayungukire bindi birhaano.›.","Le second vint, et dit: Seigneur, ta mine a produit cinq mines."
LUK.19.19,Mwami amubwira ntya: ‹Naawe waaba murhegesi wa bishagala birhaano.›.,"Il lui dit: Toi aussi, sois établi sur cinq villes."
LUK.19.20,"Owindi muja ayinja n'okuderha ntya: ‹Waliha, tala egicheri chaawe, nalichibiikire omu gitambara.","Un autre vint, et dit: Seigneur, voici ta mine, que jai gardée dans un linge;."
LUK.19.21,"kwenge nali nkuyuubahire, bulaala oba muntu mudaarhi bweneene. Wooyo onarhoola eby'orhabiikaga, n'ogushaluula eby'orhahingaga.›.","car javais peur de toi, parce que tu es un homme sévère; tu prends ce que tu nas pas déposé, et tu moissonnes ce que tu nas pas semé."
LUK.19.22,"Mwami amubwira ntya: ‹Wooyo oli muja mubi, naguchiira olushinja gukulikirana n'ebinwa byaawe. Akaba waliyinji oku mba mudaarhi, oku ntoola ebi ntabiikaga n'oku nshaluula ebi ntahingaga.","Il lui dit: Je te juge sur tes paroles, méchant serviteur; tu savais que je suis un homme sévère, prenant ce que je nai pas déposé, et moissonnant ce que je nai pas semé;."
LUK.19.23,"bichi byarhumaga orhahira efuranga zaani omu banke? Omu kugaluka kwani, nakazirhoolere n'enyungu!›.","pourquoi donc nas-tu pas mis mon argent dans une banque, afin quà mon retour je le retirasse avec un intérêt?."
LUK.19.24,Mwami aja abwira abantu baliiri ho ntya: ‹Mumunyage echo gicheri mugihe olaala ogwerhe bicheri ekumi.›.,"Puis il dit à ceux qui étaient là: Otez-lui la mine, et donnez-la à celui qui a les dix mines."
LUK.19.25,"Babwira mwami ntya: ‹Waliha, oyoola akola agwerhe bicheri ekumi!›.","Ils lui dirent: Seigneur, il a dix mines."
LUK.19.26,"Abashubiza ntya: ‹Mbabwirire oku ogwerhe akantu yi nji baheereza akandi, aliko orhagwerhe kantu nji bamunyaga n'ehintu hityuuli agwerhe.","Je vous le dis, on donnera à celui qui a, mais à celui qui na pas on ôtera même ce quil a."
LUK.19.27,"N'bashombanyi baani boowe, barhalishondere oku mbe mwami waabo, mubaleerhe hano munabayirhire embere zaani.›».","Au reste, amenez ici mes ennemis, qui nont pas voulu que je régnasse sur eux, et tuez-les en ma présence."
LUK.19.28,"Yeesu abeere amala kuderha ntyo, aja embere z'abantu eyi bali bayeerekera eYerusaleema.","Après avoir ainsi parlé, Jésus marcha devant la foule, pour monter à Jérusalem."
LUK.19.29,"Abeere agera hoofu n'egishagala ch'eBetefaage n'eche Betaniiya, hoofu n'omusozi gw' eMizeyituuni , arhuma bigirizwa baage babiri.","Lorsquil approcha de Bethphagé et de Béthanie, vers la montagne appelée montagne des oliviers, Jésus envoya deux de ses disciples."
LUK.19.30,"ababwira ntya: «Muje omu gishagala chiri embere zenyu. Hano muchigera mo, mwashimaana omwana gw'epunda gushwekerwe, nta muntu oshubiraga yikala oku go. Mugishwekuule munachileerhe.","en disant: Allez au village qui est en face; quand vous y serez entrés, vous trouverez un ânon attaché, sur lequel aucun homme ne sest jamais assis; détachez-le, et amenez-le."
LUK.19.31,Nka hali omuntu obabazize ntya: ‹Gichi girhumire muli mwagishwekuula?› Mumushubize oku Nnaweerhu achilagire ko.».,Si quelquun vous demande: Pourquoi le détachez-vous? Vous lui répondrez: Le Seigneur en a besoin.
LUK.19.32,"Abo bigirizwa barhumwaga bagenda, banabugaana byooshi nk'oku Yeesu ababwiraga.","Ceux qui étaient envoyés allèrent, et trouvèrent les choses comme Jésus leur avait dit."
LUK.19.33,"Babeere bali bashwekuula omwana gw'epunda, banyina go bababaza ntya: «Gichi girhumire muli mwashwekuula ogu mwana gw'epunda?».","Comme ils détachaient lânon, ses maîtres leur dirent: Pourquoi détachez-vous lânon?."
LUK.19.34,Baashubiza ntya: «Nnaweerhu agulagire ko.».,Ils répondirent: Le Seigneur en a besoin.
LUK.19.35,Baja baguleerhera Yeesu. Baava baasasa ko emyambalo n'okumuyikaza ko.,"Et ils amenèrent à Jésus lânon, sur lequel ils jetèrent leurs vêtements, et firent monter Jésus."
LUK.19.36,"Okw'ali agenda, abantu baalema baasasa emyambalo yaabo omu njira.","Quand il fut en marche, les gens étendirent leurs vêtements sur le chemin."
LUK.19.37,"Yeesu abeere ali ayegeera hoofu n'omwandagalo gw'omusozi gw' eMizeyituuni , echigusho chooshi ch' abigirizwa baage, babaaga bali kugenda baamoga. Babaaga bali bakuuza Nnamahanga n'omulenge munene, elugulu w'ebisomereene byooshi bali babwene ko.","Et lorsque déjà il approchait de Jérusalem, vers la descente de la montagne des oliviers, toute la multitude des disciples, saisie de joie, se mit à louer Dieu à haute voix pour tous les miracles quils avaient vus."
LUK.19.38,"Baliiri kuderha ntya: «Agishwe, oMwami wayinjire, oku ziino lya Nnaweerhu! Omurhuula gube omu mpingu n'obulangashane emwa Nnamahanga!».","Ils disaient: Béni soit le roi qui vient au nom du Seigneur! Paix dans le ciel, et gloire dans les lieux très hauts!."
LUK.19.39,"aBafarisaayo baguma, baliiri omu lubaga lw'abantu, babwira Yeesu ntya: «Mwigiriza, okalihire abigirizwa baawe basire.».","Quelques pharisiens, du milieu de la foule, dirent à Jésus: Maître, reprends tes disciples."
LUK.19.40,"Yeesu abashubiza ntya: «Mbabwirire byo, bagasira, amabaale mo mayaama!».","Et il répondit: Je vous le dis, sils se taisent, les pierres crieront!."
LUK.19.41,"Amango Yeesu ageraga hoofu n'egishagala ch'eYerusaleema, abeere abona cho, alakira cho.","Comme il approchait de la ville, Jésus, en la voyant, pleura sur elle, et dit:."
LUK.19.42,"Aderha ntya: «Nka naawe wamenyaga zeene ebyagakuleerhera omurhuula! Aliko bunoola bibishirwe, orhakabibona.","Si toi aussi, au moins en ce jour qui test donné, tu connaissais les choses qui appartiennent à ta paix! Mais maintenant elles sont cachées à tes yeux."
LUK.19.43,"Kwenge esiku zakuyinjira amango bashombanyi baawe bakuzirhira ko olugurhu, bakugorha n'okugufundeeza enyunda zooshi.","Il viendra sur toi des jours où tes ennemis tenvironneront de tranchées, tenfermeront, et te serreront de toutes parts;."
LUK.19.44,"Baguhomboola looshi, wooyo n'abantu baawe. Barhagakulekera baale oku lindi, bulaala orhamenyaga egihe Nnamahanga ayinjaga gukulwira ko!».","ils te détruiront, toi et tes enfants au milieu de toi, et ils ne laisseront pas en toi pierre sur pierre, parce que tu nas pas connu le temps où tu as été visitée."
LUK.19.45,"Yeesu abeere aja omu Nju ya Nnamahanga , arhondera kulibisya abarhimbuuzi.","Il entra dans le temple, et il se mit à chasser ceux qui vendaient."
LUK.19.46,Ava ababwira ntya: «Biyandikirwe: ‹Enju yaani nji yaaba nju y'amasaala.› Aliko mwabo mwayijirire lukunda lw'abeezi!».,"leur disant: Il est écrit: Ma maison sera une maison de prière. Mais vous, vous en avez fait une caverne de voleurs."
LUK.19.47,"Yeesu agendaga ayigiriza esiku zooshi omu Nju ya Nnamahanga . Abakulu b'abadaahwa , abigiriza b'amarhegeko n'abashamuka b'aBayaahudi balemaga bashonda kumuyirha.","Il enseignait tous les jours dans le temple. Et les principaux sacrificateurs, les scribes, et les principaux du peuple cherchaient à le faire périr;."
LUK.19.48,"Aliko bafundwa, bulaala abantu booshi baliiri bamuyunviriza bwinja buzira kuluha.","mais ils ne savaient comment sy prendre, car tout le peuple lécoutait avec admiration."
LUK.20.1,"Lusiku luguma, oku Yeesu ali ayigiriza abantu omu Nju ya Nnamahanga n'okubala oMwanzi Mwinja, ho n'aho abakulu b'abadaahwa n' abigiriza b'amarhegeko , haguma n' abashamuka b'aBayaahudi baahulukira.","Un de ces jours-là, comme Jésus enseignait le peuple dans le temple et quil annonçait la bonne nouvelle, les principaux sacrificateurs et les scribes, avec les anciens, survinrent."
LUK.20.2,Baava baamubaza ntya: «Orhubwire oku burhegesi bwa nde oli waajira ebi bintu. Nde ye waguhaaga obu burhegesi?».,"et lui dirent: Dis-nous, par quelle autorité fais-tu ces choses, ou qui est celui qui ta donné cette autorité?."
LUK.20.3,"Yeesu abashubiza ntya: «Naani, nababaza echibazo chiguma, munshubize:.",Il leur répondit: Je vous adresserai aussi une question.
LUK.20.4,‹ Obubatiizo bwa Yohaana ka bwarhengeraga empingu changwa emw'abantu?›».,"Dites-moi, le baptême de Jean venait-il du ciel, ou des hommes?."
LUK.20.5,"Babwirana ntya bonyine oku bonyine: «Rhukaderha okw'empingu, arhubaza gichi charhumaga rhurhamuyemeera.","Mais ils raisonnèrent ainsi entre eux: Si nous répondons: Du ciel, il dira: Pourquoi navez-vous pas cru en lui?."
LUK.20.6,"Kandi rhugashubiza oku emw'abantu, olubaga looshi lwarhuyirhiisa amabaale, kwenge lwali luyemereere oku Yohaana aliiri muleebi.».","Et si nous répondons: Des hommes, tout le peuple nous lapidera, car il est persuadé que Jean était un prophète."
LUK.20.7,Ntyo ku bamushubiize oku barhenji ngahe bwarhengeraga.,Alors ils répondirent quils ne savaient doù il venait.
LUK.20.8,"Yeesu aja ababwira ntya: «Ko n'oko naani, ntababwira oku burhegesi bwa nde njira ebi bintu.».","Et Jésus leur dit: Moi non plus, je ne vous dirai pas par quelle autorité je fais ces choses."
LUK.20.9,"Kandi Yeesu ashuba kubachiira guno mugani: «Haliiri muntu muguma wahingaga eshwa ly'emizabiibu, aliyadiisa abahinzi n'okubalama siku zinene.","Il se mit ensuite à dire au peuple cette parabole: Un homme planta une vigne, lafferma à des vignerons, et quitta pour longtemps le pays."
LUK.20.10,"Egihe ch'ogushaluula chabeere chagera ho, arhuma omuja waage emwa bala bahinzi mpu bamuheerezage amaage malehe m'eshwa. Aliko abo bahinzi bashuurha oyo muja n'okumugalula maboko moomu.","Au temps de la récolte, il envoya un serviteur vers les vignerons, pour quils lui donnent une part du produit de la vigne. Les vignerons le battirent, et le renvoyèrent à vide."
LUK.20.11,"Nyina eshwa ashuba gurhuma owindi muja. Naye bamushuurha, bamudukanga, banamugalula maboko moomu.","Il envoya encore un autre serviteur; ils le battirent, loutragèrent, et le renvoyèrent à vide."
LUK.20.12,"Ashuba gurhuma omuja wa gasharhu. Bamukoromesa, banamukabula embuga.","Il en envoya encore un troisième; ils le blessèrent, et le chassèrent."
LUK.20.13,"Nyina eshwa aderha ntya: ‹Gurhe naaja naajira? Naaja narhuma mugala waani muzigirwa, nkabaga yeewe bamukenga.›.",Le maître de la vigne dit: Que ferai-je? Jenverrai mon fils bien-aimé; peut-être auront-ils pour lui du respect.
LUK.20.14,"Aliko balaala bahinzi babeere bamulangiira, babwirana ntya: ‹Tala, oyuula yi waaba nyina agashambala! Rhumuyirhe, y'agashambala kaba keerhu.›.","Mais, quand les vignerons le virent, ils raisonnèrent entre eux, et dirent: Voici lhéritier; tuons-le, afin que lhéritage soit à nous."
LUK.20.15,"Bamukuula omu shwa, banamuyirha.» Yeesu aja abaza abantu ntya: «Nyina eshwa gurhe nj'ajira aboola bahinzi?.","Et ils le jetèrent hors de la vigne, et le tuèrent. Maintenant, que leur fera le maître de la vigne?."
LUK.20.16,"Nj'agaluka, nj'anayirha aboola bahinzi, nj'anaheereza abandi eshwa.» Abantu babeere bayunva ntyo, baaderha ntya: «Ebiri ntya birhahira bikaba!».","Il viendra, fera périr ces vignerons, et il donnera la vigne à dautres. Lorsquils eurent entendu cela, ils dirent: A Dieu ne plaise!."
LUK.20.17,"Aliko Yeesu abaloleereza, aderha ntya: «Echi chinwa chiyandikirwe gurhe chiderhere? Ebaale ab'okuyumbaka balahiraga, lyo lyahindukire ly'engenzi, ly'okuyumbakira ko.","Mais, jetant les regards sur eux, Jésus dit: Que signifie donc ce qui est écrit: La pierre quont rejetée ceux qui bâtissaient Est devenue la principale de langle?."
LUK.20.18,Ngasi muntu nji wakumbagala kw'eryo baale nj'avunagulika; n'eyi nji lyarhogera ko nji lyamuhomboola.».,"Quiconque tombera sur cette pierre sy brisera, et celui sur qui elle tombera sera écrasé."
LUK.20.19,"Ho n'aho, abigiriza b'amarhegeko n' abakulu b'abadaahwa bashonda ogushweka Yeesu, bulaala bali bayinji oku bo baderherwe mw'ogu mugani. Aliko bayuubaha abantu.","Les principaux sacrificateurs et les scribes cherchèrent à mettre la main sur lui à lheure même, mais ils craignirent le peuple. Ils avaient compris que cétait pour eux que Jésus avait dit cette parabole."
LUK.20.20,"Abo bakulu b'aBayaahudi barhondera guhenguuza Yeesu. Baamurhumira abantu b'okumuneeka, baliiri kubonekana nka bali b'okuli yi bamufarhira omu nderho, n'okulengera eyo njira bagale kumuhaana omu maboko m'omurhegesi w'egihugo.","Ils se mirent à observer Jésus; et ils envoyèrent des gens qui feignaient dêtre justes, pour lui tendre des pièges et saisir de lui quelque parole, afin de le livrer au magistrat et à lautorité du gouverneur."
LUK.20.21,"Aba bantu baabaza Yeesu ntya: «Mwigiriza, rhuyinji oku oderha n'okuyigiriza bwinja; orhajira kaboolo, aliko oyigiriza enjira ya Nnamahanga gukulikirana n'okuli.","Ces gens lui posèrent cette question: Maître, nous savons que tu parles et enseignes droitement, et que tu ne regardes pas à lapparence, mais que tu enseignes la voie de Dieu selon la vérité."
LUK.20.22,"Orhubwirage leero, k'amarhegeko meerhu mayemereere changwa malahiire gufurha ekooli emwa Kayizaari ?».","Nous est-il permis, ou non, de payer le tribut à César?."
LUK.20.23,"Aliko Yeesu amenya obulyaalya bwabo, ababaza ntya:.","Jésus, apercevant leur ruse, leur répondit: Montrez-moi un denier."
LUK.20.24,«Munyereke egicheri chiguma ch' edinaari . Giheekere eshusho n'eziino lya nde?» Baashubiza ntya: «Biri bya Kayizaari.».,"De qui porte-t-il leffigie et linscription? De César, répondirent-ils."
LUK.20.25,"Yeesu aja ababwira ntya: «Mugende mwaheereza Kayizaari ebiri byaage, na Nnamahanga naye ebiri byaage.».","Alors il leur dit: Rendez donc à César ce qui est à César, et à Dieu ce qui est à Dieu."
LUK.20.26,"Bafundwa kumufarhira oku chiguma omu binwa byaage embere z'olubaga. Basoomererwa egishubizo chaage, baava baasira.","Ils ne purent rien reprendre dans ses paroles devant le peuple; mais, étonnés de sa réponse, ils gardèrent le silence."
LUK.20.27,"Buzinda bw'aho, aBasadukaayo baguma baaja emwa Yeesu. aBasadukaayo bo barhayemeeraga obufuuke bw'abafu. Bayinja kubaza Yeesu ntya:.","Quelques-uns des sadducéens, qui disent quil ny a point de résurrection, sapprochèrent, et posèrent à Jésus cette question:."
LUK.20.28,"«Mwigiriza, tala oku Muusa arhuyandikiire ntya: ‹Nk'omulume aligwerhe omukazi, aliko agafa buzira mwana, mwene waabo anarhoola oyo mukazi n'okuburhira nyagufa abaana.›.","Maître, voici ce que Moïse nous a prescrit: Si le frère de quelquun meurt, ayant une femme sans avoir denfants, son frère épousera la femme, et suscitera une postérité à son frère."
LUK.20.29,Leero haliiri bazaana mushanvu ba nda nguma. Omwambere ashaba n'ogufa buzira mwana.,"Or, il y avait sept frères. Le premier se maria, et mourut sans enfants."
LUK.20.30,"Owakabiri naye ayingira ola mukazi, naye afa buzira mwana.",Le second et le troisième épousèrent la veuve;.
LUK.20.31,"N'owagasharhu naye ko n'oko. Byaaba ntyo oku booshi mushanvu, baafa buzira kuleka abaana.","il en fut de même des sept, qui moururent sans laisser denfants."
LUK.20.32,"Aha buzinda, ola mukazi naye afa.","Enfin, la femme mourut aussi."
LUK.20.33,"Leero amango m'ogufuuka, oyo mukazi nj'aba wa nde? Bulaala aliiri mukaabo booshi oku bali mushanvu!».","A la résurrection, duquel dentre eux sera-t-elle donc la femme? Car les sept lont eue pour femme."
LUK.20.34,"Yeesu abashubiza ntya: «Mu lino gulu, abalume n'abakazi yi bashabana.",Jésus leur répondit: Les enfants de ce siècle prennent des femmes et des maris;.
LUK.20.35,Aliko abaganjirwe kulama mw'elyo gulu lyayinja n'ogufuuka gurhenga omu bafu nji barhaashaba changwa gushabwa.,mais ceux qui seront trouvés dignes davoir part au siècle à venir et à la résurrection des morts ne prendront ni femmes ni maris.
LUK.20.36,"Barhaakanafa, bulaala bali kuguma na bamalahika, bali bagala ba Nnamahanga kwenge bafuukire.","Car ils ne pourront plus mourir, parce quils seront semblables aux anges, et quils seront fils de Dieu, étant fils de la résurrection."
LUK.20.37,"Muusa ayerekeene bwinjabwinja oku abafu nji bafuuka. Omu mandiko maage aderhere elugulu w'egishaka chagulumiraga. Yeewe aderhere oku Nnaweerhu ali ‹Nnamahanga wa Abrahaamu , Nnamahanga wa Isaka na Nnamahanga wa Yakobo.›».","Que les morts ressuscitent, cest ce que Moïse a fait connaître quand, à propos du buisson, il appelle le Seigneur le Dieu dAbraham, le Dieu dIsaac, et le Dieu de Jacob."
LUK.20.38,"Yeesu ashuba kuderha ntya: «Nnamahanga arhali w'abafu, aliko w'abalamire; kwenge oku yeewe booshi balamire.».","Or, Dieu nest pas Dieu des morts, mais des vivants; car pour lui tous sont vivants."
LUK.20.39,"Abigiriza baguma b'amarhegeko bashubiza ntya: «Mwigiriza, waderhere bwinja.».","Quelques-uns des scribes, prenant la parole, dirent: Maître, tu as bien parlé."
LUK.20.40,Barhagishubiraga chiro kubaza liguma.,Et ils nosaient plus lui faire aucune question.
LUK.20.41,Yeesu abaza abantu baliiri ahoola ntya: «Gurhe abantu bakaderha mpu Kirisitu ali mugala wa Daawudi ?.,Jésus leur dit: Comment dit-on que le Christ est fils de David?.
LUK.20.42,Daawudi yenyine aderhere ntya omu gitaabu ch'eNanga: ‹Nnaweerhu Nnamahanga abwirire Nnaweerhu ntya: Yikale ekulyo kwani.,David lui-même dit dans le livre des Psaumes: Le Seigneur a dit à mon Seigneur: Assieds-toi à ma droite.
LUK.20.43,guhika amango nji naajira bashombanyi baawe ndabarhiro yaawe.›.,Jusquà ce que je fasse de tes ennemis ton marchepied.
LUK.20.44,"Leero akonva Daawudi amuyirikire Nnaweerhu, gurhe akaja aba mugala waage?».",David donc lappelle Seigneur; comment est-il son fils?.
LUK.20.45,"Abantu booshi babeere bali bayunviriza Yeesu, abwira abigirizwa baage ntya:.","Tandis que tout le peuple lécoutait, il dit à ses disciples:."
LUK.20.46,"«Muchilange oku bigiriza b'amarhegeko . Basiima guchilambagiza n'efulema zileehere, n'okulamuswa n'obukenge ah'abantu banene bali, okuyikala oku ntebe z'embere omu masinagoogi n'omu madinye.","Gardez-vous des scribes, qui aiment à se promener en robes longues, et à être salués dans les places publiques; qui recherchent les premiers sièges dans les synagogues, et les premières places dans les festins;."
LUK.20.47,"Bananyaga abashumbakazi ebintu byaabo byooshi. N'omu guchisiisa, banajira amasaala maleehere. Abo bantu, nji baahanwa bweneene.».","qui dévorent les maisons des veuves, et qui font pour lapparence de longues prières. Ils seront jugés plus sévèrement."
LUK.21.1,"Yeesu ayinamula ameesho, abona abagale bali bahira entuulo zaabo omu gasanduku k'entuulo k'omu Nju ya Nnamahanga.","Jésus, ayant levé les yeux, vit les riches qui mettaient leurs offrandes dans le tronc."
LUK.21.2,Abona omushumbakazi muguma w'omukene naye ahira mo rhucheri rhubiri rhw'efuranga.,"Il vit aussi une pauvre veuve, qui y mettait deux petites pièces."
LUK.21.3,"Yeesu ava aderha ntya: «Okuli mbabwirire, oyu mushumbakazi w'omukene arhuulire kulusha abandi booshi;.","Et il dit: Je vous le dis en vérité, cette pauvre veuve a mis plus que tous les autres;."
LUK.21.4,"kwenge abandi bantu booshi barhuulire nka ntuulo efuranga barhaalichilagire ko. Aliko yeewe, omu bukene bwage, arhuulire byooshi aligwerhe by'okulama nabyo.».","car cest de leur superflu que tous ceux-là ont mis des offrandes dans le tronc, mais elle a mis de son nécessaire, tout ce quelle avait pour vivre."
LUK.21.5,"Bantu baguma babeere bali baderha okw' eNju ya Nnamahanga eyumbakirwe n'amabaale menja, na kandi epambirwe n'ebintu abantu barhuuliraga Nnamahanga, Yeesu aderha ntya:.","Comme quelques-uns parlaient des belles pierres et des offrandes qui faisaient lornement du temple, Jésus dit:."
LUK.21.6,"«Hayinja esiku, ebiila muli kubona ko, harhagasigala baale oku lindi lirhagahiningulwa.».","Les jours viendront où, de ce que vous voyez, il ne restera pas pierre sur pierre qui ne soit renversée."
LUK.21.7,"Abo bantu baabaza Yeesu ntya: «Mwigiriza, lyaali ebyoola nji byaahika? Chimenyeeso gichi nji chayeerekana oku byashonda kujirika?».","Ils lui demandèrent: Maître, quand donc cela arrivera-t-il, et à quel signe connaîtra-t-on que ces choses vont arriver?."
LUK.21.8,"Yeesu ashubiza ntya: «Muchilange, mumenye mwagahera. Bantu banene nji bayinja omu gukoleesa eziino lyaani n'okuderha ntya: ‹Nye Masiiya!›, na kandi: ‹Egihe chayeneere!› Aliko murhabakulikiraga.","Jésus répondit: Prenez garde que vous ne soyez séduits. Car plusieurs viendront en mon nom, disant: Cest moi, et le temps approche. Ne les suivez pas."
LUK.21.9,"Amango nji mwayunva badeerha emyaazi y'ebiirha na ey'okulwisa abarhegesi, murhayuubahaga. Kwenge ebyoola bikwaneene gurhanga kujirika. Aliko eyi burhaza kuba b'obuzinda bwa lino gulu.».","Quand vous entendrez parler de guerres et de soulèvements, ne soyez pas effrayés, car il faut que ces choses arrivent premièrement. Mais ce ne sera pas encore la fin."
LUK.21.10,"Yeesu aja alema ababwira ntya: «Egihugo nji chalwisa echindi gihugo, n'obwami nji bwalwisa obwindi bwami.","Alors il leur dit: Une nation sélèvera contre une nation, et un royaume contre un royaume;."
LUK.21.11,"Nji haaba emisisi mineneenene, n'omu hantu hanene, nji haaba enzara n'endwala zinene z'okuyaahukira. Nji haaba kandi ebigiriginjo biyuubahize n'ebimenyeeso by'arhengera omu nkuba.».","il y aura de grands tremblements de terre, et, en divers lieux, des pestes et des famines; il y aura des phénomènes terribles, et de grands signes dans le ciel."
LUK.21.12,"«Aliko, embere z'ebi byooshi, abantu nji babagwarha n'okubalibuza. Nji babahaana omu masinagoogi , nji banabahira omu munyororo. Ko n'oko, nji babasidaakira embere z'abaami n'abakulu b'egihugo elugulu w'eziino lyaani.","Mais, avant tout cela, on mettra la main sur vous, et lon vous persécutera; on vous livrera aux synagogues, on vous jettera en prison, on vous mènera devant des rois et devant des gouverneurs, à cause de mon nom."
LUK.21.13,Ebyoola nji byaarhuma mwahamiiriza ebi munyinji ko.,Cela vous arrivera pour que vous serviez de témoignage.
LUK.21.14,Mumenye bwinja omu mirhima yenyu oku murhakwaneene gurheganya gurhe mwabuurana.,Mettez-vous donc dans lesprit de ne pas préméditer votre défense;.
LUK.21.15,"Bulaala nyoono, nji naabaha nyenyine echinwa n'obwenge bunene, oku bulyo bashombanyi benyu barhakagala kubahima changwa kulahira ebi mwaderhere.",car je vous donnerai une bouche et une sagesse à laquelle tous vos adversaires ne pourront résister ou contredire.
LUK.21.16,"Nji mwalenganywa n'abazeere benyu, na beene benyu, na ab'omulala gwenyu, na beera benyu. Na baguma omu mwabo nji bayirhwa.","Vous serez livrés même par vos parents, par vos frères, par vos proches et par vos amis, et ils feront mourir plusieurs dentre vous."
LUK.21.17,«Abantu booshi nji babashomba elugulu w'eziino lyaani.,"Vous serez haïs de tous, à cause de mon nom."
LUK.21.18,Aliko nta luviiri luguma l'oku rhwe lyenyu nji lwahera.,Mais il ne se perdra pas un cheveu de votre tête;.
LUK.21.19,"Omu guchihangaana kwenyu, mwachungula akalamo kenyu.».",par votre persévérance vous sauverez vos âmes.
LUK.21.20,"«Hano nji mubona egishagala ch'eYerusaleema chagorherwe n'ebigusho by'abasoda, mwanaja mwamenya oku ogushandaazwa kwacho kwagerere hoofu.","Lorsque vous verrez Jérusalem investie par des armées, sachez alors que sa désolation est proche."
LUK.21.21,"Leero, abantu nji baaba bali eYudeeya balibirhire omu misozi. N'aba nji baaba bali omu gishagala ch'eYerusaleema barhenge mo, n'aba nji baaba bali omu rhwango barhajaaga eYerusaleema.","Alors, que ceux qui seront en Judée fuient dans les montagnes, que ceux qui seront au milieu de Jérusalem en sortent, et que ceux qui seront dans les champs nentrent pas dans la ville."
LUK.21.22,"Kwenge nji zaaba siku z'oguhanwa kw'abantu, yi byooshi biyandikirwe bijirika.","Car ce seront des jours de vengeance, pour laccomplissement de tout ce qui est écrit."
LUK.21.23,"Buhanya buchi oku bakazi nji baaba bali bukule n'oku balaala nji baaba bali kuyonsa mw'ezoola siku! Nji haaba amalibuko manene omu gihugo, n'oburhe bwa Nnamahanga nji bwaba kw'olu lubaga.","Malheur aux femmes qui seront enceintes et à celles qui allaiteront en ces jours-là! Car il y aura une grande détresse dans le pays, et de la colère contre ce peuple."
LUK.21.24,"Baguma nji bayirhwa n'engoorho, abandi nji baheekwa buja omu bihugo byooshi, na Yerusaleema nj'alabarhwa n'abapagaani, kugera amango egihe chaabo nji chayeenera.».","Ils tomberont sous le tranchant de lépée, ils seront emmenés captifs parmi toutes les nations, et Jérusalem sera foulée aux pieds par les nations, jusquà ce que les temps des nations soient accomplis."
LUK.21.25,"«Nji haaba ebimenyeeso omu zuuba, omu gahembi n'omu nyenyeezi. Na hano oku gulu nako, embaga nji zaaba omu malibuko n'ogufarhwa n'obuuba elugulu w'olwamo n'emilaba y'enyanja.","Il y aura des signes dans le soleil, dans la lune et dans les étoiles. Et sur la terre, il y aura de langoisse chez les nations qui ne sauront que faire, au bruit de la mer et des flots."
LUK.21.26,"Abantu nji baalaba n'obuuba bunene omu kulinga ebi nji byayinjira egulu, kwenge byooshi bigwerhe obuhashe omu chaalege nji byashaganywa.",les hommes rendant lâme de terreur dans lattente de ce qui surviendra pour la terre; car les puissances des cieux seront ébranlées.
LUK.21.27,Nji baaja baabona Mwene oMuntu ayinjire omu bichu haguma n'obuhashe n'obukuuze bunene.,Alors on verra le Fils de lhomme venant sur une nuée avec puissance et une grande gloire.
LUK.21.28,"Hano ebyoola nji birhondera kuyinja, muyimange bwinjabwinja murhanayuubahaga, bulaala obuchunguke bwenyu bwayegereere.».","Quand ces choses commenceront à arriver, redressez-vous et levez vos têtes, parce que votre délivrance approche."
LUK.21.29,"Buzinda bw'aho, Yeesu abachiira guno mugani: «Mulole omurhi gw'omutiini n'eyindi mirhi yooshi.","Et il leur dit une comparaison: Voyez le figuier, et tous les arbres."
LUK.21.30,"Eyi mubona yaashoga, munamenya mwenyine okw'echanda chiri hoofu.","Dès quils ont poussé, vous connaissez de vous-mêmes, en regardant, que déjà lété est proche."
LUK.21.31,"Ko n'oko kandi, amango nji mwabona ebyoola byayinja, mumenye okw'obwime bwa Nnamahanga buli hoofu.","De même, quand vous verrez ces choses arriver, sachez que le royaume de Dieu est proche."
LUK.21.32,"Okuli , mbabwirire, echi gisisi girhakagera ebyoola byooshi birhanaza kuyinja.","Je vous le dis en vérité, cette génération ne passera point, que tout cela narrive."
LUK.21.33,"Empingu n'egulu nji byaahirima, aliko ebinwa byaani birhagahirima.».","Le ciel et la terre passeront, mais mes paroles ne passeront point."
LUK.21.34,"Yeesu ashuba kuderha ntya: «Muchilange, emirhima yenyu yakayinja zikira omu budambi, omu bulalu, n'enyifinjo z'akalamo, y'olusiku luzinda lwakayinja kubagera ko buzira kumenya.","Prenez garde à vous-mêmes, de crainte que vos cœurs ne sappesantissent par les excès du manger et du boire, et par les soucis de la vie, et que ce jour ne vienne sur vous à limproviste;."
LUK.21.35,kula omurhego gushuuduka. Kwenge nji lwayinjira abantu booshi balamire oku gulu.,car il viendra comme un filet sur tous ceux qui habitent sur la face de toute la terre.
LUK.21.36,"Mutarame, munasaliire ngasi gashanji, yi mugwarha emisi y'ogufuma byooshi byayinja, n'okugala kuyimanga embere za Mwene oMuntu .».","Veillez donc et priez en tout temps, afin que vous ayez la force déchapper à toutes ces choses qui arriveront, et de paraître debout devant le Fils de lhomme."
LUK.21.37,"Mw'ezoola siku, Yeesu agendaga ayigiriza omu Nju ya Nnamahanga ezuuba. N'obudufu, agendaga aja kulyaama oku musozi gw' eMizeyituuni .","Pendant le jour, Jésus enseignait dans le temple, et il allait passer la nuit à la montagne appelée montagne des oliviers."
LUK.21.38,Olubaga looshi lwagendaga lwaja emunda ali omu Nju ya Nnamahanga eseeziseezi kumuyunviriza.,"Et tout le peuple, dès le matin, se rendait vers lui dans le temple pour lécouter."
LUK.22.1,"Olusiku lukulu lw'emigati nzira chachu, luyirikwa Paasaka , lwabaaga luli hoofu.","La fête des pains sans levain, appelée la Pâque, approchait."
LUK.22.2,Abakulu b'abadaahwa n' abigiriza b'amarhegeko baliiri bashonda gurhe bakayirhiisa Yeesu. Aliko baliiri bayuubaha olubaga.,Les principaux sacrificateurs et les scribes cherchaient les moyens de faire mourir Jésus; car ils craignaient le peuple.
LUK.22.3,"Shetaani aja aja mu Yuuda , ola bayirikaga Isikariyooti, waliiri muguma w'omu zila ntumwa ekumi n'ebiri.","Or, Satan entra dans Judas, surnommé Iscariot, qui était du nombre des douze."
LUK.22.4,Yuuda aja kuganiira haguma n' abakulu b'abadaahwa n'abakulu b'abalanzi b'eNju ya Nnamahanga gurhe akalenganya Yeesu emunda bali.,"Et Judas alla sentendre avec les principaux sacrificateurs et les chefs des gardes, sur la manière de le leur livrer."
LUK.22.5,Basiima n'okulagaanana okumuha efuranga.,"Ils furent dans la joie, et ils convinrent de lui donner de largent."
LUK.22.6,Yuuda ayemeera n'ogurhondera kulonza agashanji gakwiriire k'okumuha bo buzira abantu kumenya.,"Après sêtre engagé, il cherchait une occasion favorable pour leur livrer Jésus à linsu de la foule."
LUK.22.7,"Olusiku lukulu lw'emigati nzira chachu lwahika. Olo lusiku, y'aBayaahudi balikwaneene kubaaga omwanabuzi gw' ePaasaka .","Le jour des pains sans levain, où lon devait immoler la Pâque, arriva."
LUK.22.8,"Yeesu arhuma Petero na Yohaana ntya: «Muje gurhurheganyiza ebiryo by' ePaasaka , rhuyinje kubisangira.».","et Jésus envoya Pierre et Jean, en disant: Allez nous préparer la Pâque, afin que nous la mangions."
LUK.22.9,Baamubaza ntya: «Ngahe osiimire rhubirheganyizage?».,Ils lui dirent: Où veux-tu que nous la préparions?.
LUK.22.10,"Abashubiza ntya: «Muyunvirize, hanoola muhika omu gishagala, mwashimaana omulume oheekere endaha y'amenji. Mumukulikire omu nju ayinja kuja mo.","Il leur répondit: Voici, quand vous serez entrés dans la ville, vous rencontrerez un homme portant une cruche deau; suivez-le dans la maison où il entrera."
LUK.22.11,Mwakabwira nyina enju ntya: ‹Mwigiriza abazize mpu ngahe echumbi liri aliira mw'ebiryo by'ePaasaka haguma n' abigirizwa baage.›.,et vous direz au maître de la maison: Le maître te dit: Où est le lieu où je mangerai la Pâque avec mes disciples?.
LUK.22.12,"Abayeereka echumbi linene lirheganyizwe omu gorofa, omoola mu mwarheganyiza ebiryo.».","Et il vous montrera une grande chambre haute, meublée: cest là que vous préparerez la Pâque."
LUK.22.13,"Bagenda, bashimaana ebintu byooshi kulaala Yeesu ababwiraga. Baaja barheganya ebiryo by'ePaasaka.","Ils partirent, et trouvèrent les choses comme il le leur avait dit; et ils préparèrent la Pâque."
LUK.22.14,"Ebishanji by'okulya byabeere byaahika, Yeesu ayikala kulya haguma n' entumwa zaage.","Lheure étant venue, il se mit à table, et les apôtres avec lui."
LUK.22.15,Azibwira ntya: «Nachifiijaga bweneene kulya haguma nenyu eyi Paasaka embere ndibuke.,"Il leur dit: Jai désiré vivement manger cette Pâque avec vous, avant de souffrir;."
LUK.22.16,"Kwenge, mbabwirire okuli, ntagachiyirya kugera amango nji yayeenera omu Bwami bwa Nnamahanga.».","car, je vous le dis, je ne la mangerai plus, jusquà ce quelle soit accomplie dans le royaume de Dieu."
LUK.22.17,"Arhoola engumbu y'edivaayi, akuuza Nnamahanga n'okuderha ntya: «Murhoole eyi ngumbu, ngasi muguma anywe ko.","Et, ayant pris une coupe et rendu grâces, il dit: Prenez cette coupe, et distribuez-la entre vous;."
LUK.22.18,"Kwenge mbabwirire okuli, ntagachinywa chiro oku divaayi y'omuzabiibu kugera amango Nnamahanga nji ayimanza obwime bwage.».","car, je vous le dis, je ne boirai plus désormais du fruit de la vigne, jusquà ce que le royaume de Dieu soit venu."
LUK.22.19,"Ashuba gurhoola omugati. Abeere amala gukuuza Nnamahanga, agucha mo, abaheereza go n'okuderha ntya: «Oguula guli mubiri gwani, guhaanirwe elugulu wenyu. Mugende mwajira ntya omu kunyibuka.».","Ensuite il prit du pain; et, après avoir rendu grâces, il le rompit, et le leur donna, en disant: Ceci est mon corps, qui est donné pour vous; faites ceci en mémoire de moi."
LUK.22.20,"Ko n'oko enyuma z'okulya, arhoola engumbu, aderha ntya: «Eyi ngumbu eri gihango gihyaahya cha Nnamahanga haguma n'abantu baage kulengera eshagama yaani yasheeshekala elugulu wenyu.».","Il prit de même la coupe, après le souper, et la leur donna, en disant: Cette coupe est la nouvelle alliance en mon sang, qui est répandu pour vous."
LUK.22.21,«Aliko tala k'owampaana ali kulya haguma naani.,"Cependant voici, la main de celui qui me livre est avec moi à cette table."
LUK.22.22,"Mwene oMuntu aja gufa nk'oku Nnamahanga arheganyaga. Aliko, buhanya buchi oku muntu wamuhaana!».",Le Fils de lhomme sen va selon ce qui est déterminé. Mais malheur à lhomme par qui il est livré!.
LUK.22.23,Abigirizwa baava barhondera kubazana nde omu boowe waajira echi chintu.,Et ils commencèrent à se demander les uns aux autres qui était celui dentre eux qui ferait cela.
LUK.22.24,"Buzinda, haahulukira entonganyi ahagarhi k'abigirizwa ba Yeesu, mpu nde wakaba mukulu ahagarhi kaabo.",Il séleva aussi parmi les apôtres une contestation: lequel dentre eux devait être estimé le plus grand?.
LUK.22.25,"Yeesu abwira bo ntya: «Abaami b'abapagaani banabarhegeka nka baja, n'abagwerhe obuhashe oku bantu bachiyirika ‹banyamenja.›.","Jésus leur dit: Les rois des nations les maîtrisent, et ceux qui les dominent sont appelés bienfaiteurs."
LUK.22.26,"Aliko mwabo, birhabaaga ntyo. Ahuubwe, oli mukulu omu mwabo ahinduke nka ye mudoorho, n'orhambwire, abe nka ye mukozi.","Quil nen soit pas de même pour vous. Mais que le plus grand parmi vous soit comme le plus petit, et celui qui gouverne comme celui qui sert."
LUK.22.27,"Leero, nde y'eri mukulu oku windi: oyikeere n'okulya changwa oli kumuyuuhulira? K'arhali olaala oyikeere n'okulya? Ahuubwe, nyoono ndi ahagarhi kenyu nka mukozi.","Car quel est le plus grand, celui qui est à table, ou celui qui sert? Nest-ce pas celui qui est à table? Et moi, cependant, je suis au milieu de vous comme celui qui sert."
LUK.22.28,«Mwewe mwachihangaanire kubeera haguma naani omu bigeregezo byaani.,"Vous, vous êtes ceux qui avez persévéré avec moi dans mes épreuves;."
LUK.22.29,Cho girhumire mbarheganyiize obwami nk'oku naani Daarha abunrheganyizaga.,"cest pourquoi je dispose du royaume en votre faveur, comme mon Père en a disposé en ma faveur."
LUK.22.30,"yi mulya n'okunywa oku meeza maani, omu Bwami bwani. Kandi muyikale oku ntebe z'obwami yi muchiira olushinja emilala ekumi n'ebiri y'eIsraheeli.».","afin que vous mangiez et buviez à ma table dans mon royaume, et que vous soyez assis sur des trônes, pour juger les douze tribus dIsraël."
LUK.22.31,"Yeesu ashuba kuderha ntya: «Simooni, Simooni, Shetaani abahemere oku mugere omu bigeregezo kuguma n'oku bayeera amahemba.","Le Seigneur dit: Simon, Simon, Satan vous a réclamés, pour vous cribler comme le froment."
LUK.22.32,"Aliko nagusaliriire wooyo Simooni, y'obwemeezi bwawe burhaheraga looshi. Na hanoola ongalukira, okomeze beene benyu.».","Mais jai prié pour toi, afin que ta foi ne défaille point; et toi, quand tu seras converti, affermis tes frères."
LUK.22.33,"Petero amubwira ntya: «Nnaweerhu, nayemereere kugenda naawe nachiro akaba omu munyororo changwa omu lufu.».","Seigneur, lui dit Pierre, je suis prêt à aller avec toi et en prison et à la mort."
LUK.22.34,"Yeesu amushubiza ntya: «Petero, nkubwirire okuli, embere oluhazi lubike zeene, waaba eyi wamampakana gasharhu oku orhanyinji.».","Et Jésus dit: Pierre, je te le dis, le coq ne chantera pas aujourdhui que tu naies nié trois fois de me connaître."
LUK.22.35,"Yeesu ashuba kubabaza ntya: «Amango nabarhumaga buzira shaho, buzira chigunira n'ebiraato, ka mwalibulire chintu?» Bamushubiza ntya: «Ntaacho.».","Il leur dit encore: Quand je vous ai envoyés sans bourse, sans sac, et sans souliers, avez-vous manqué de quelque chose? Ils répondirent: De rien."
LUK.22.36,"Yeesu ababwira ntya: «Ahuubwe leero, ogwerhe eshaho n'echigunira abirhoole. N'orhagwerhe engoorho aguze efulema yaage y'agula nguma.","Et il leur dit: Maintenant, au contraire, que celui qui a une bourse la prenne et que celui qui a un sac le prenne également, que celui qui na point dépée vende son vêtement et achète une épée."
LUK.22.37,"Kwenge mbabwirire okuli, bihemere ebiyandikirwe binjirike ko: ‹Bamuganjire omu bajira amabi.› Leero, ebiyandikirwe elugulu waani bikola kujirika.».","Car, je vous le dis, il faut que cette parole qui est écrite saccomplisse en moi: Il a été mis au nombre des malfaiteurs. Et ce qui me concerne est sur le point darriver."
LUK.22.38,"Abigirizwa bamubwira ntya: «Nnaweerhu, tala ngoorho ebiri.» Naye ababwira ntya: «Mulekere ahoola!».","Ils dirent: Seigneur, voici deux épées. Et il leur dit: Cela suffit."
LUK.22.39,"Yeesu arhenga mw'echo gishagala, aja oku musozi gw' eMizeyituuni nka okw'azigaanaga. Abigirizwa baage bamukulikira.","Après être sorti, il alla, selon sa coutume, à la montagne des oliviers. Ses disciples le suivirent."
LUK.22.40,"Agerere ahoola, ababwira ntya: «Musaliire, yi murhaja omu bigeregezo.».","Lorsquil fut arrivé dans ce lieu, il leur dit: Priez, afin que vous ne tombiez pas en tentation."
LUK.22.41,"Ava achikuula haguma nabo, aja oku bule nka ah'omuntu akagala kulekera ebaale, afukama, asaliira Nnamahanga ntya:.","Puis il séloigna deux à la distance denviron un jet de pierre, et, sétant mis à genoux, il pria."
LUK.22.42,"«Daarha, akaba ntya b'obulonza bwawe, ohire hale naani eyi ngumbu y'amalibuko. Aliko, burhabaaga bulonza bwani bo bujirikage, sy'obulonza bwawe.» .","disant: Père, si tu voulais éloigner de moi cette coupe! Toutefois, que ma volonté ne se fasse pas, mais la tienne."
LUK.22.43,"Ho n'aho, malahika amubonekera gurhenga empingu gushuba kumuheereza emisi.","Alors un ange lui apparut du ciel, pour le fortifier."
LUK.22.44,"Yeesu abeere ababeere bweneene, ashuba gusaliira n'obushiru kulusha. Entuubano yaage yaba nka mirhonyi y'eshagama eri gurhoga oku budaka.","Étant en agonie, il priait plus instamment, et sa sueur devint comme des grumeaux de sang, qui tombaient à terre."
LUK.22.45,"Amalire gusaliira, ayimanga n'okuja emunda abigirizwa bali. Ashimaana balyaamire elugulu w'amaganya manene.","Après avoir prié, il se leva, et vint vers les disciples, quil trouva endormis de tristesse."
LUK.22.46,"Abaza bo ntya: «Charhumire mwalyaama? Muzuuke munasaliire, yi murhaja omu bigeregezo.».","et il leur dit: Pourquoi dormez-vous? Levez-vous et priez, afin que vous ne tombiez pas en tentation."
LUK.22.47,"Yeesu abeere achiri aderha, ho n'aho abantu banene baahika. Yuuda , ola muguma w'omu zila ntumwa ekumi n'ebiri, aliiri kulambagira embere zaabo. Ashegera hoofu na Yeesu y'amuhoobera.","Comme il parlait encore, voici, une foule arriva; et celui qui sappelait Judas, lun des douze, marchait devant elle. Il sapprocha de Jésus, pour le baiser."
LUK.22.48,"Yeesu amubaza ntya: «Yuuda, omu kumuhoobera mu wamalenganya Mwene oMuntu ?».","Et Jésus lui dit: Judas, cest par un baiser que tu livres le Fils de lhomme!."
LUK.22.49,"Abigirizwa baliiri haguma na Yeesu babeere baabona ebyaja kuba, baamubaza ntya: «Nnaweerhu, ka rhubashogoorhe n'engoorho?».","Ceux qui étaient avec Jésus, voyant ce qui allait arriver, dirent: Seigneur, frapperons-nous de lépée?."
LUK.22.50,"Ho n'aho, mwigirizwa muguma ashinjibula ogurhwi kw'emalyo k'omuja w' omudaahwa mukulu .","Et lun deux frappa le serviteur du souverain sacrificateur, et lui emporta loreille droite."
LUK.22.51,Aliko Yeesu aderha ntya: «Lekera aho!» Ava ahuma oku gurhwi k'oyo mulume n'okugufumya.,"Mais Jésus, prenant la parole, dit: Laissez, arrêtez! Et, ayant touché loreille de cet homme, il le guérit."
LUK.22.52,"Omu bayinjaga gufarha Yeesu mwaliiri abakulu b'abadaahwa , abimangizi b'abalanzi b' eNju ya Nnamahanga n' abashamuka b'aBayaahudi. Yeesu ababwira ntya: «Mwayinjire n'engoorho n'enkoni, owamenya mpu ndi gishumuusi!.","Jésus dit ensuite aux principaux sacrificateurs, aux chefs des gardes du temple, et aux anciens, qui étaient venus contre lui: Vous êtes venus, comme après un brigand, avec des épées et des bâtons."
LUK.22.53,"Esiku zooshi, naliiri haguma nenyu omu Nju ya Nnamahanga, murhayinjaga kunfarha. Aliko chinoola gihe gikola chenyu na ech'obuhashe b'omwizimya.».","Jétais tous les jours avec vous dans le temple, et vous navez pas mis la main sur moi. Mais cest ici votre heure, et la puissance des ténèbres."
LUK.22.54,"Abo bantu baafarha Yeesu, bamuheeka omu nju y' omudaahwa mukulu . Petero abakulikira buzira kubayegeera.","Après avoir saisi Jésus, ils lemmenèrent, et le conduisirent dans la maison du souverain sacrificateur. Pierre suivait de loin."
LUK.22.55,"Bachaana omuliro ahagarhi k'embuga, bayikala. Petero naye ayikala ahagarhi kaabo.","Ils allumèrent du feu au milieu de la cour, et ils sassirent. Pierre sassit parmi eux."
LUK.22.56,"Elugulu w'obumoleke b'omuliro, omuja muguma w'omukazi abona Petero ayikeere. Amuloleereza n'okuderha ntya: «Oyuula naye aliiri haguma n'ola muntu.».","Une servante, qui le vit assis devant le feu, fixa sur lui les regards, et dit: Cet homme était aussi avec lui."
LUK.22.57,"Aliko Petero ahakana, aderha ntya: «Ego mukazi, nyoono ntamuyinji!».","Mais il le nia disant: Femme, je ne le connais pas."
LUK.22.58,"Hagerere hishanji higeeke, owindi muntu amubona n'okuderha ntya: «Naawe, oli muguma wabo.» Petero naye aderha ntya: «Nangwa maani, ntali muguma wabo!».","Peu après, un autre, layant vu, dit: Tu es aussi de ces gens-là. Et Pierre dit: Homme, je nen suis pas."
LUK.22.59,"Hagerere nka saa nguma, kandi owindi muntu ayemeereza ntya: «Okuli, oyu mulume aliiri haguma na Yeesu, kwenge naye ali Mugalilaaya.».","Environ une heure plus tard, un autre insistait, disant: Certainement cet homme était aussi avec lui, car il est Galiléen."
LUK.22.60,"Petero ashubiza ntya: «Muza wee, ntamenyere ebi washonda kuderha!» Ho n'aho, oku achiri aderha, oluhazi lwabika.","Pierre répondit: Homme, je ne sais ce que tu dis. Au même instant, comme il parlait encore, le coq chanta."
LUK.22.61,"Nnaweerhu ava ahindamuka n'okulola Petero. Petero ayibuka echinwa Nnaweerhu amubwiraga oku: «Embere oluhazi lubike zeene, waaba eyi wamampakana gasharhu.».","Le Seigneur, sétant retourné, regarda Pierre. Et Pierre se souvint de la parole que le Seigneur lui avait dite: Avant que le coq chante aujourdhui, tu me renieras trois fois."
LUK.22.62,"Petero ahuluka, alira bweneene.","Et étant sorti, il pleura amèrement."
LUK.22.63,"Abantu bali bafarhire Yeesu, baalema bamushuuka n'okumushuurha.","Les hommes qui tenaient Jésus se moquaient de lui, et le frappaient."
LUK.22.64,Baamuhubya ameesho n'okulema bamubwira ntya: «Leeba! Orhubwire nde wamagushuurha!».,"Ils lui voilèrent le visage, et ils linterrogeaient, en disant: Devine qui ta frappé."
LUK.22.65,Baashuba kulema bamudukanga ebindi bidusi binene.,Et ils proféraient contre lui beaucoup dautres injures.
LUK.22.66,"Bwabeere bwacha, abashamuka b'aBayaahudi, abakulu b'abadaahwa n' abigiriza b'amarhegeko bachiigusha haguma. Baheeka Yeesu omu kabuga kaabo.","Quand le jour fut venu, le collège des anciens du peuple, les principaux sacrificateurs et les scribes, sassemblèrent, et firent amener Jésus dans leur sanhédrin."
LUK.22.67,"Bamubwira ntya: «Akaba wooyo we Kirisitu , orhubwirage.» Naye abashubiza ntya: «Nkababwira ko murhakayemeera!.","Ils dirent: Si tu es le Christ, dis-le nous. Jésus leur répondit: Si je vous le dis, vous ne le croirez pas;."
LUK.22.68,"Naani nkola nababaza, murhanshubiza.","et, si je vous interroge, vous ne répondrez pas."
LUK.22.69,"Aliko gurhengera buno, Mwene oMuntu aba ayikeere emalyo ma Nnamahanga w'obuhashe.».",Désormais le Fils de lhomme sera assis à la droite de la puissance de Dieu.
LUK.22.70,Booshi baabaza ntya: «Ka gasi wooyo we Mwene Nnamahanga?» Abashubiza ntya: «Mwewe mwe muderhere oku ndi ye.».,"Tous dirent: Tu es donc le Fils de Dieu? Et il leur répondit: Vous le dites, je le suis."
LUK.22.71,Baava baaderha ntya: «Bwindi buhamiiriza buchi rhulagire ko? Rhwayunviirhe rhwenyine eby'aderhere!».,Alors ils dirent: Quavons-nous encore besoin de témoignage? Nous lavons entendu nous-mêmes de sa bouche.
LUK.23.1,"Bala bantu booshi babaaga bali omu kabuga k'aBayaahudi bayimanga, baheeka Yeesu embere z'omwimangizi Pilaato.","Ils se levèrent tous, et ils conduisirent Jésus devant Pilate."
LUK.23.2,"Barhondera kumusidaaka, baderha ntya: «Rhwabugaanire oyu muntu ali ararusa olubaga lwerhu; ali abuza guhaana ekooli emwa mwami mukulu Kayizaari , anali achiiderha yenyine oku ali Kirisitu , k'okuderha mwami.».","Ils se mirent à laccuser, disant: Nous avons trouvé cet homme excitant notre nation à la révolte, empêchant de payer le tribut à César, et se disant lui-même Christ, roi."
LUK.23.3,"Pilaato amubaza ntya: «Ka wooyo oli mwami w' aBayaahudi ?» Yeesu amushubiza ntya: «Wooyo, we waderhere ntyo.».","Pilate linterrogea, en ces termes: Es-tu le roi des Juifs? Jésus lui répondit: Tu le dis."
LUK.23.4,Pilaato abwira abakulu b'abadaahwa n'olubaga lw'abantu ntya: «Ntaacho nabwene emw'oyu muntu chagarhuma ahanwa.».,Pilate dit aux principaux sacrificateurs et à la foule: Je ne trouve rien de coupable en cet homme.
LUK.23.5,"Aliko, baharhiiriza n'okuderha ntya: «Enyigirizo zaage yi zaarhuma abantu balwisa abakulu omu Yudeeya yooshi. Arhangiriraga eGalilaaya, leero ali kuno.».","Mais ils insistèrent, et dirent: Il soulève le peuple, en enseignant par toute la Judée, depuis la Galilée, où il a commencé, jusquici."
LUK.23.6,"Pilaato abeere ayunva ebyoola, abaza akaba oyu muntu aliiri Mugalilaaya.","Quand Pilate entendit parler de la Galilée, il demanda si cet homme était Galiléen;."
LUK.23.7,"Abeere amenya oku Yeesu arhengera omu gihugo girhegekerwe na Heroode , amurhuma emwa Heroode, kwenge naye aliiri eYerusaleema mw'ezoola siku.","et, ayant appris quil était de la juridiction dHérode, il le renvoya à Hérode, qui se trouvait aussi à Jérusalem en ces jours-là."
LUK.23.8,"Heroode abeere abona Yeesu, ashagaluka bweneene. Gurhengera miira, aliiri ashonda kumubona kwenge abaaga ayunviirhe emyaazi yaage. Na kandi, aliiri alangaalira okubona Yeesu ajira egisomereene.","Lorsque Hérode vit Jésus, il en eut une grande joie; car depuis longtemps, il désirait le voir, à cause de ce quil avait entendu dire de lui, et il espérait quil le verrait faire quelque miracle."
LUK.23.9,"Heroode amubaziiriza, aliko Yeesu ntaacho amushubize.",Il lui adressa beaucoup de questions; mais Jésus ne lui répondit rien.
LUK.23.10,"Abakulu b'abadaahwa n' abigiriza b'amarhegeko baliiri ahoola, bamusidaaka n'obukali bunene.","Les principaux sacrificateurs et les scribes étaient là, et laccusaient avec violence."
LUK.23.11,"Heroode naye, haguma n'abasoda baage, bashekera Yeesu n'okumukena. Bamalire kumushekera n'okumuyambisa omwambalo gukwiriire bweneene, ashuba kugalula Yeesu emwa Pilaato.","Hérode, avec ses gardes, le traita avec mépris; et, après sêtre moqué de lui et lavoir revêtu dun habit éclatant, il le renvoya à Pilate."
LUK.23.12,"Olo lusiku, Heroode na Pilaato baaba beera, n'obo embere baliiri banzi.","Ce jour même, Pilate et Hérode devinrent amis, dennemis quils étaient auparavant."
LUK.23.13,"Pilaato ahamagaza abakulu b'abadaahwa , abimangizi b'aBayaahudi n'abandi bantu.","Pilate, ayant assemblé les principaux sacrificateurs, les magistrats, et le peuple, leur dit:."
LUK.23.14,Ababwira ntya: «Mwandeerheraga oyu muntu bulaala mwaderhaga oku aliiri gurarusa olubaga. Namubazize embere zenyu aliko nyoono ntaacho namubwene ko chagarhuma ahanwa omu byooshi mwamusidakiire.,"Vous mavez amené cet homme comme excitant le peuple à la révolte. Et voici, je lai interrogé devant vous, et je ne lai trouvé coupable daucune des choses dont vous laccusez;."
LUK.23.15,"Heroode naye ntaacho amubwene ko, kwenge arhugaluliire ye. Ntaacho omu by'ajirire chagarhuma ayirhwa.","Hérode non plus, car il nous la renvoyé, et voici, cet homme na rien fait qui soit digne de mort."
LUK.23.16,"Boboola enyuma z'okumushuurha, namulikuula.» .","Je le relâcherai donc, après lavoir fait battre de verges."
LUK.23.17,"Ngasi lusiku lukulu lw'ePaasaka, Pilaato alikwaneene kubalikuulira omuntu muguma oli omu munyororo.","A chaque fête, il était obligé de leur relâcher un prisonnier."
LUK.23.18,Abantu booshi bayaamira chaligumira ntya: «Oyirhe oyu muntu! Orhulikuulire Baraaba!».,"Ils sécrièrent tous ensemble: Fais mourir celui-ci, et relâche-nous Barabbas."
LUK.23.19,Baraaba abaaga ashwekerwe elugulu w'entambala yabaaga omu gishagala n'okuyirha omuntu.,"Cet homme avait été mis en prison pour une sédition qui avait eu lieu dans la ville, et pour un meurtre."
LUK.23.20,"Pilaato ashuba kuderha nabo, kwenge alishondere alikuule Yeesu.","Pilate leur parla de nouveau, dans lintention de relâcher Jésus."
LUK.23.21,Aliko boowe baalema bayaama ntya: «Omubambe oku musalaaba! Omubambe oku musalaaba!».,"Et ils crièrent: Crucifie, crucifie-le!."
LUK.23.22,"Pilaato ababwira ntya obwa gasharhu: «Bubi buchi ajirire? Ntaacho namubwene ko chagarhuma ayirhwa. Enyuma z'okumushuurha, namulikuula.».","Pilate leur dit pour la troisième fois: Quel mal a-t-il fait? Je nai rien trouvé en lui qui mérite la mort. Je le relâcherai donc, après lavoir fait battre de verges."
LUK.23.23,"Aliko bachihanda n'olwamo lunene, omu guhema abambwe oku musalaaba. Olwamo lwabo lunene lwahimana.","Mais ils insistèrent à grands cris, demandant quil fût crucifié. Et leurs cris lemportèrent:."
LUK.23.24,"Buzinda, Pilaato arhegeka oku bibe nk'oku abantu baahemaga.",Pilate prononça que ce quils demandaient serait fait.
LUK.23.25,"Alikuula ola bashondaga, wali wahirirwe omu munyororo elugulu w'obugome n'okuyirha omuntu; abaheereza Yeesu, bamujire nk'oku balonzaga.","Il relâcha celui qui avait été mis en prison pour sédition et pour meurtre, et quils réclamaient; et il livra Jésus à leur volonté."
LUK.23.26,"Abasoda b'aBarooma babeere bali baheeka Yeesu emunda bamuyirhira, bashimaanana n'omuntu muguma oyirikwa Simooni, w'egishagala ch'eKureene, waliiri gurhenga omu shwa. Baava bamurhoola n'okumuheesa omusalaaba mpu aguheeke enyuma za Yeesu.","Comme ils lemmenaient, ils prirent un certain Simon de Cyrène, qui revenait des champs, et ils le chargèrent de la croix, pour quil la porte derrière Jésus."
LUK.23.27,Olubaga lunene lw'abantu lwali kulikiire Yeesu. Ahagarhi kaabo haliiri abakazi baliiri balira n'oguchiniguula elugulu waage.,"Il était suivi dune grande multitude des gens du peuple, et de femmes qui se frappaient la poitrine et se lamentaient sur lui."
LUK.23.28,"Yeesu abahindamukira n'okubabwira ntya: «Mwe bakazi b'eYerusaleema, murhandiriraga. Aliko muchiilirire n'abaana benyu.","Jésus se tourna vers elles, et dit: Filles de Jérusalem, ne pleurez pas sur moi; mais pleurez sur vous et sur vos enfants."
LUK.23.29,"Kwenge esiku zayinjire abantu nji baderha ntya: ‹Bagishirwe abakazi b'engumba, zigishirwe enda zirhashubiraga kuburha n'amabeere marhashubiraga kuyonsa!›.","Car voici, des jours viendront où lon dira: Heureuses les stériles, heureuses les entrailles qui nont point enfanté, et les mamelles qui nont point allaité!."
LUK.23.30,"Amo mango, abantu nji barhondera okubwira emisozi ntya: ‹Murhurhogere ko!›, n'okubwira orhusozi ntya: ‹Murhuhambe!›.",Alors ils se mettront à dire aux montagnes: Tombez sur nous! Et aux collines: Couvrez-nous!.
LUK.23.31,"Bulaala eyi bankajira ebyoola oku murhi mubishi, bichi nji byajirirwa omurhi guyuumire?».","Car, si lon fait ces choses au bois vert, quarrivera-t-il au bois sec?."
LUK.23.32,"Kandi, abasoda bali baheekere ebishumuusi bibiri, byaali byaaja kuyirhwa haguma na Yeesu.","On conduisait en même temps deux malfaiteurs, qui devaient être mis à mort avec Jésus."
LUK.23.33,"Babeere baagera ahantu hayirikwa Mpanga, bamubambira ahoola oku musalaaba, na bila bishumuusi bibiri, chiguma ekulyo n'echindi ekulembe.","Lorsquils furent arrivés au lieu appelé Crâne, ils le crucifièrent là, ainsi que les deux malfaiteurs, lun à droite, lautre à gauche."
LUK.23.34,"Yeesu aderha ntya: «Daarha, obababalire, kwenge barhamenyere echi bali baajira.» Abasoda bagabaana emyambalo yaage omu kuyeesha esimbi.","Jésus dit: Père, pardonne-leur, car ils ne savent ce quils font. Ils se partagèrent ses vêtements, en tirant au sort."
LUK.23.35,"Abantu baliyimangire ahoola, baanali baalola. Abarhegesi b'aBayaahudi boowe, bashinyagulira Yeesu, baderha ntya: «Achungwire abandi; agichungule yenyine, akaba ali Kirisitu , ola Nnamahanga agishogere!».","Le peuple se tenait là, et regardait. Les magistrats se moquaient de Jésus, disant: Il a sauvé les autres; quil se sauve lui-même, sil est le Christ, lélu de Dieu!."
LUK.23.36,Abasoda nabo baliiri bamushekera. Bayinja kumuha edivaayi y'enkala.,Les soldats aussi se moquaient de lui; sapprochant et lui présentant du vinaigre.
LUK.23.37,"n'okumubwira ntya: «Akaba oli mwami w' aBayaahudi , ogifumye wenyine!».","ils disaient: Si tu es le roi des Juifs, sauve-toi toi-même!."
LUK.23.38,Haliiri kandi elugulu waage ogu mwandiko: «Oyu ye Mwami w'aBayaahudi.».,Il y avait au-dessus de lui cette inscription: Celui-ci est le roi des Juifs.
LUK.23.39,Muguma omu bishumuusi bibambirwe oku musalaaba amudukanga ntya: «K'orhali we Kirisitu ? Ochifumye wenyine onarhufumye!».,"Lun des malfaiteurs crucifiés linjuriait, disant: Nes-tu pas le Christ? Sauve-toi toi-même, et sauve-nous!."
LUK.23.40,"Aliko echindi gishumuusi chakalihira echaabo ntya: «K'orhagwerhe chiro obuuba bwa Nnamahanga, wooyo weeri waahanwa kuguma naye?.","Mais lautre le reprenait, et disait: Ne crains-tu pas Dieu, toi qui subis la même condamnation?."
LUK.23.41,"Oku rhwewe, obuhane burhukwaneene, kwenge rhuli rhwayankirira egikwaneene ebijiro byeerhu. Aliko oyuula nta chibi n'echiguma ajirire.».","Pour nous, cest justice, car nous recevons ce quont mérité nos crimes; mais celui-ci na rien fait de mal."
LUK.23.42,"Ashuba kuderha ntya: «Yeesu, onyibuke hano nj'oja omu Bwami bwawe.».","Et il dit à Jésus: Souviens-toi de moi, quand tu viendras dans ton règne."
LUK.23.43,"Yeesu amushubiza ntya: « Okuli , nkubwirire, zeene waaba haguma naani omu Paradizo .».","Jésus lui répondit: Je te le dis en vérité, aujourdhui tu seras avec moi dans le paradis."
LUK.23.44,Zaali zikola zashonda kuba saa ndarhu; haaba omwizimya oku gihugo chooshi kugera aha saa mwenda.,"Il était déjà environ la sixième heure, et il y eut des ténèbres sur toute la terre, jusquà la neuvième heure."
LUK.23.45,kwenge ezuuba lyalihirimire. N'omwenda gw'omu Nju ya Nnamahanga gwachisharhula ahagarhi.,"Le soleil sobscurcit, et le voile du temple se déchira par le milieu."
LUK.23.46,"Yeesu ayaama ntya: «Daarha, mpirire omurhima gwani omu fune zaawe.» Amalire kuderha ebyoola, asimuuka.","Jésus sécria dune voix forte: Père, je remets mon esprit entre tes mains. Et, en disant ces paroles, il expira."
LUK.23.47,"Omukulu w'abasoda abeere abona ebyabeere, akuuza Nnamahanga n'okuderha ntya: «Okuli, oyu muntu aliiri okwaneene!».","Le centenier, voyant ce qui était arrivé, glorifia Dieu, et dit: Certainement, cet homme était juste."
LUK.23.48,"Abantu booshi balichigushire ahoola kulola kw'eyo myaazi, babwene ebyabeere, bagaluka emwabo n'amaganya manene.","Et tous ceux qui assistaient en foule à ce spectacle, après avoir vu ce qui était arrivé, sen retournèrent, se frappant la poitrine."
LUK.23.49,"Booshi baliyinji Yeesu, n'abakazi baliiri bamuherekeeze gurhengera eGalilaaya, bayimanga hale, baalola ebiri byaaba.","Tous ceux de la connaissance de Jésus, et les femmes qui lavaient accompagné depuis la Galilée, se tenaient dans léloignement et regardaient ce qui se passait."
LUK.23.50,"Haliiri mulume muguma oyirikwa Yozefu wahulukiraga eHarimateya, gishagala chiguma ch' aBayaahudi . Aliiri muntu mwinja onakwaneene, anagendaga alinga obwime bwa Nnamahanga. Aliiri muguma w'akabuga k'aBayaahudi, aliko arhaali yemereere omuhigo n'ebijiro byaabo by'okuyirha Yeesu.","Il y avait un conseiller, nommé Joseph, homme bon et juste."
LUK.23.52,"Aja emwa Pilaato, ahema omubiri gwa Yeesu.","Cet homme se rendit vers Pilate, et demanda le corps de Jésus."
LUK.23.53,"Aguyandagaza oku musalaaba, aguzingira kw'edaraape, aguhira omu shinda yajokolwaga omu baale. Mweyo shinda, mwabaaga murhashubiraga guhaabwa muntu.","Il le descendit de la croix, lenveloppa dun linceul, et le déposa dans un sépulcre taillé dans le roc, où personne navait encore été mis."
LUK.23.54,"Olo lusiku, lwaliiri lwagarhaano, lo lwanaliiri lusiku l'ogurheganya eSaabato , n'eSaabato yali kola gurhondera.","Cétait le jour de la préparation, et le sabbat allait commencer."
LUK.23.55,"Balaala bakazi baliiri barhengeere eGalilaaya haguma na Yeesu, bakulikira Yozefu. Baabona eshinda n'obulyo bahiraga mo omubiri gwa Yeesu.","Les femmes qui étaient venues de la Galilée avec Jésus accompagnèrent Joseph, virent le sépulcre et la manière dont le corps de Jésus y fut déposé."
LUK.23.56,"Bagaluka gurheganya amavurha n'amarashi. Olusiku lw' eSaabato , bahumuuka, gukulikirana n'eRhegeko lya Nnamahanga.","et, sen étant retournées, elles préparèrent des aromates et des parfums. Puis elles se reposèrent le jour du sabbat, selon la loi."
LUK.24.1,"Olusiku lwakulikiraga eSaabato, bala bakazi baja ebwa shinda eseeziseezi, eyi baheekere amavurha m'amarashi bali barheganyize.","Le premier jour de la semaine, elles se rendirent au sépulcre de grand matin, portant les aromates quelles avaient préparés."
LUK.24.2,Bashimaana ebaale lyalichingire eshinda lyahirikirwe eburhambi.,Elles trouvèrent que la pierre avait été roulée de devant le sépulcre;.
LUK.24.3,"Baja mo, aliko barhabonaga omubiri gwa Nnaweerhu Yeesu.","et, étant entrées, elles ne trouvèrent pas le corps du Seigneur Jésus."
LUK.24.4,"Babeere bali basoomerwa elugulu w'ebyabeere, ho n'aho balume babiri bayambeere emyambalo ebaraganyize babonekana embere zaabo.","Comme elles ne savaient que penser de cela, voici, deux hommes leur apparurent, en habits resplendissants."
LUK.24.5,"Aboola bakazi bayuubaha bweneene, bayeerekeza amalanga maabo oku daho. Aliko aboola balume bababwira ntya: «Girhumire mwashondera ozeene omu bafu?.","Saisies de frayeur, elles baissèrent le visage contre terre; mais ils leur dirent: Pourquoi cherchez-vous parmi les morts celui qui est vivant?."
LUK.24.6,"Arhali hano, afuukire! Muyibuke ebi ababwiraga amango alichiri eGalilaaya oku:.","Il nest point ici, mais il est ressuscité. Souvenez-vous de quelle manière il vous a parlé, lorsquil était encore en Galilée, :."
LUK.24.7,"‹Bihemere Mwene oMuntu ahaanwe oku banyabyaaha, abambwe oku musalaaba, anafuuke olusiku lwa gasharhu.›».","et quil disait: Il faut que le Fils de lhomme soit livré entre les mains des pécheurs, quil soit crucifié, et quil ressuscite le troisième jour."
LUK.24.8,Abo bakazi baava bayibuka ebinwa byaage.,Et elles se ressouvinrent des paroles de Jésus.
LUK.24.9,"Bagaluka gurhenga ebwa shinda, n'ebyoola byooshi babibalira entumwa ekumi na nguma n'abandi bigirizwa.","A leur retour du sépulcre, elles annoncèrent toutes ces choses aux onze, et à tous les autres."
LUK.24.10,"Aboola bakazi babibaliraga entumwa baliiri: Mariya w'eMagadala, Jaani, Mariya nyina wa Yakobo n'abandi baliiri haguma nabo.","Celles qui dirent ces choses aux apôtres étaient Marie de Magdala, Jeanne, Marie, mère de Jacques, et les autres qui étaient avec elles."
LUK.24.11,"Aliko ebi binwa byabonekana oku meesho m'entumwa nka ntaacho bimalire, barhanabiyemeeraga.","Ils tinrent ces discours pour des rêveries, et ils ne crurent pas ces femmes."
LUK.24.12,"Aliko Petero yeewe ayimanga, alibirhira ebwa shinda. Ayunamire, abona emyenda alizingirwe mo yonyine. Ava achigalukira emwage, eyi asomereerwe ebyabeere.","Mais Pierre se leva, et courut au sépulcre. Sétant baissé, il ne vit que les linges qui étaient à terre; puis il sen alla chez lui, dans létonnement de ce qui était arrivé."
LUK.24.13,"Olo lusiku lo n'olo, babiri omu bigirizwa ba Yeesu baliiri baaja omu gishagala chiyirikwa Emawu. Chaliiri oku bilomeetere byakagera kw'ekumi na chiguma n'eYerusaleema.","Et voici, ce même jour, deux disciples allaient à un village nommé Émmaüs, éloigné de Jérusalem de soixante stades;."
LUK.24.14,Baliiri baganiira oku byooshi byazindaga kugera.,et ils sentretenaient de tout ce qui sétait passé.
LUK.24.15,"Babeere bali baganiira n'okubazana, Yeesu yenyine abayegeera n'okugenda haguma nabo.","Pendant quils parlaient et discutaient, Jésus sapprocha, et fit route avec eux."
LUK.24.16,Aliko ameesho maabo maalihubizwe yi barhamumenya.,Mais leurs yeux étaient empêchés de le reconnaître.
LUK.24.17,Yeesu ababaza ntya: «Binwa bichi muli mwaganiira muli kulambagira?» Bayimanga eyi bagwerhe amaganya manene.,"Il leur dit: De quoi vous entretenez-vous en marchant, pour que vous soyez tout tristes?."
LUK.24.18,"Muguma omu bo, oyirikwa Keleopaasi, amubaza ntya: «Ka wooyo wenyine omu balama eYerusaleema werhamenyere ebyabeere mw'ezi siku?».","Lun deux, nommé Cléopas, lui répondit: Es-tu le seul qui, séjournant à Jérusalem ne sache pas ce qui y est arrivé ces jours-ci?."
LUK.24.19,"Yeesu naye abaza bo ntya: «Bichi ebyo?» Bamushubiza ntya: «Ebiyerekeere Yeesu w'eNazareeti, ola waliiri muleebi w'obuhashe omu bijiro n'enderho embere za Nnamahanga n'embere z'olubaga looshi.","Quoi? leur dit-il. Et ils lui répondirent: Ce qui est arrivé au sujet de Jésus de Nazareth, qui était un prophète puissant en œuvres et en paroles devant Dieu et devant tout le peuple."
LUK.24.20,"Leero, abakulu b'abadaahwa n'abarhegesi beerhu nji bamuhaanire mpu ahanirwe olufu anabambwe oku musalaaba.",et comment les principaux sacrificateurs et nos magistrats lont livré pour le faire condamner à mort et lont crucifié.
LUK.24.21,"Rhwalinihiire oku yeewe ye wali wachungula Israheeli. Aliko leero haguma n'ebyo byooshi, zeene l'olusiku lwa gasharhu gurhenga ebyo bibeere.","Nous espérions que ce serait lui qui délivrerait Israël; mais avec tout cela, voici le troisième jour que ces choses se sont passées."
LUK.24.22,"Aliko kandi, abakazi baguma nabo b'echigusho cheerhu bali barhushalamize. Bali balamukiire zeene eseeziseezi oku shinda.",Il est vrai que quelques femmes dentre nous nous ont fort étonnés; sétant rendues de grand matin au sépulcre.
LUK.24.23,aliko barhaali babwene omubiri gwage. Bamaava bayinja kuderha oku babonekeerwe na bamalahika . Abo bamalahika bababwirire oku Yeesu ali mugumaguma.,"et nayant pas trouvé son corps, elles sont venues dire que des anges leur sont apparus et ont annoncé quil est vivant."
LUK.24.24,"Beerhu baguma balijiire oku shinda, banabugaanire ebintu nka okw'abakazi babiderhaga. Aliko yeewe, barhamubwene.».","Quelques-uns de ceux qui étaient avec nous sont allés au sépulcre, et ils ont trouvé les choses comme les femmes lavaient dit; mais lui, ils ne lont point vu."
LUK.24.25,Yeesu aja ababwira ntya: «Mwe bihwinja mwe! N'emirhima yenyu erhayemeerera ho byooshi abaleebi baderhaga!.,"Alors Jésus leur dit: O hommes sans intelligence, et dont le cœur est lent à croire tout ce quont dit les prophètes!."
LUK.24.26,Ka Kirisitu arhaalikwaneene alibuke ntyo y'aja omu bukuuze bwage?».,"Ne fallait-il pas que le Christ souffrît ces choses, et quil entrât dans sa gloire?."
LUK.24.27,"Yeesu ava abahuguula oku biri omu Mandiko Matagatiifu mooshi elugulu waage, gurhonderera oku bitaabu bya Muusa n'ebyabaleebi booshi.","Et, commençant par Moïse et par tous les prophètes, il leur expliqua dans toutes les Écritures ce qui le concernait."
LUK.24.28,"Babeere bayegeera egishagala baliiri baaja mo, Yeesu abonekana nk'owagendeerera n'olugenzi.","Lorsquils furent près du village où ils allaient, il parut vouloir aller plus loin."
LUK.24.29,"Aliko bamurhebeereza omu kuderha ntya: «Obeere haguma neerhu, kwenge bwayirire.» Ntyo ku Yeesu ajiire omu nju kubeera haguma nabo.","Mais ils le pressèrent, en disant: Reste avec nous, car le soir approche, le jour est sur son déclin. Et il entra, pour rester avec eux."
LUK.24.30,"Abeere ayikala kulya haguma nabo, arhoola omugati n'okugugisha, aguchagulanga n'okuguheereza bo.","Pendant quil était à table avec eux, il prit le pain; et, après avoir rendu grâces, il le rompit, et le leur donna."
LUK.24.31,"Ameesho maabo maaja mahumuulwa bwinja, baanaja bamumenya. Aliko ahirima embere zaabo.","Alors leurs yeux souvrirent, et ils le reconnurent; mais il disparut de devant eux."
LUK.24.32,Baabazana ntya: «K'emirhima yeerhu erhaliyunviirhe obushagaluke bunene amango aliiri aganiira neerhu omu njira n'ogurhuhuguulira eby'aMandiko Matagatiifu maderhere?».,"Et ils se dirent lun à lautre: Notre cœur ne brûlait-il pas au-dedans de nous, lorsquil nous parlait en chemin et nous expliquait les Écritures?."
LUK.24.33,"Ho n'aho bayuumuka, bagaluka eYerusaleema. Babugaana zilaala ntumwa ekumi na nguma zichigushire haguma n'abandi bigirizwa.","Se levant à lheure même, ils retournèrent à Jérusalem, et ils trouvèrent les onze, et ceux qui étaient avec eux, assemblés."
LUK.24.34,"Abo booshi, babwira bala bigirizwa babiri ntya: «Okuli Nnaweerhu afuukire, anabonekeere Simooni!».","et disant: Le Seigneur est réellement ressuscité, et il est apparu à Simon."
LUK.24.35,"Bala bigirizwa babiri baabala ebyaali bibahikiire omu njira, na gurhe barhegeeraga Yeesu amango achagulangaga omugati.","Et ils racontèrent ce qui leur était arrivé en chemin, et comment ils lavaient reconnu au moment où il rompit le pain."
LUK.24.36,"Bala bigirizwa babiri babeere bali baderha ebyoola, Yeesu yenyine achiyeerekana ahagarhi kaabo n'okubabwira ntya: «Omurhuula gube haguma nenyu!».","Lu : Tandis quils parlaient de la sorte, lui-même se présenta au milieu deux, et leur dit: La paix soit avec vous!."
LUK.24.37,"Abigirizwa baashalama n'okuyuubaha bweneene, eyi bakengereere mpu babwene omuzimu.","Saisis de frayeur et dépouvante, ils croyaient voir un esprit."
LUK.24.38,Aliko Yeesu ababwira ntya: «Bichi birhumire mwayuubaha? Bichi birhumire mwaganganwa omu mirhima yenyu?.,"Mais il leur dit: Pourquoi êtes-vous troublés, et pourquoi pareilles pensées sélèvent-elles dans vos cœurs?."
LUK.24.39,"Mulole amaboko maani n'amagulu maani, okuli nyoono! Munmamaarhe munaloleereze. Omuzimu arhajira munyofu changwa egufa, nka kunoola mubwene mbigwerhe.».","Voyez mes mains et mes pieds, cest bien moi; touchez-moi et voyez: un esprit na ni chair ni os, comme vous voyez que jai."
LUK.24.40,"Omu kuderha ebyoola, abayeereka amaboko maage n'amagulu maage.","Et en disant cela, il leur montra ses mains et ses pieds."
LUK.24.41,"Abigirizwa basoomerwa n'ogushagaluka bweneene, n'obo babaaga barhaza kuyemeera echi babwene. Yeesu aja ababaza ntya: «Ka mugwerhe hano echintu ch'okulya?».","Comme, dans leur joie, ils ne croyaient point encore, et quils étaient dans létonnement, il leur dit: Avez-vous ici quelque chose à manger?."
LUK.24.42,Baamuha egichiira ch'efi eyoosezwe.,Ils lui présentèrent du poisson rôti et un rayon de miel.
LUK.24.43,Agirhoola n'oguchilya embere zaabo.,"Il en prit, et il mangea devant eux."
LUK.24.44,"Aja ababwira ntya: «Ebiila binababwiraga amango nali nchiri haguma nenyu. Byaalihemere bijirike byooshi byaali biyandikirwe elugulu waani omu Rhegeko lya Muusa , omu bitaabu abaleebi bayandikaga n'omu gitaabu ch'eNanga.».","Puis il leur dit: Cest là ce que je vous disais lorsque jétais encore avec vous, quil fallait que saccomplît tout ce qui est écrit de moi dans la loi de Moïse, dans les prophètes, et dans les psaumes."
LUK.24.45,"Ho n'aho, Yeesu abahunuula obwenge b'okuyunva aMandiko Matagatiifu.","Alors il leur ouvrit lesprit, afin quils comprissent les Écritures."
LUK.24.46,"Ava ababwira ntya: «Biyandikirwe oku Kirisitu alibuka, n'oku afuuka omu bafu olusiku lwa gasharhu.","Et il leur dit: Ainsi il est écrit que le Christ souffrirait, et quil ressusciterait des morts le troisième jour."
LUK.24.47,"Kandi, omu ziino lyaage, abantu b'ebihugo byooshi gurhangirira eYerusaleema nji baabalirwa oku baleke ebyaaha byaabo yi bababalirwa.","et que la repentance et le pardon des péchés seraient prêchés en son nom à toutes les nations, à commencer par Jérusalem."
LUK.24.48,Muli bahamiiriza b'ebyoola byooshi.,Vous êtes témoins de ces choses.
LUK.24.49,"Nyoono, nabarhumira echi Daarha alaganyaga. Mwabo, mubeere hanoola Yerusaleema kugera amango mwayankirira obuhashe b'ogurhengera empingu.».","Et voici, jenverrai sur vous ce que mon Père a promis; mais vous, restez dans la ville jusquà ce que vous soyez revêtus de la puissance den haut."
LUK.24.50,"Yeesu aheeka abigirizwa baage kugera hoofu n'egishagala ch'eBetaniiya. Ayinamula amaboko elugulu, abagisha.","Il les conduisit jusque vers Béthanie, et, ayant levé les mains, il les bénit."
LUK.24.51,"Abeere ali abagisha, achikuula haguma nabo, aheekwa empingu.","Pendant quil les bénissait, il se sépara deux, et fut enlevé au ciel."
LUK.24.52,"Abigirizwa boowe, bamalire kumuharamya, bagaluka eYerusaleema n'obushagaluke bunene.","Pour eux, après lavoir adoré, ils retournèrent à Jérusalem avec une grande joie;."
LUK.24.53,"Ngasi mango, baliiri omu Nju ya Nnamahanga eyi banali bamukuuza.","et ils étaient continuellement dans le temple, louant et bénissant Dieu."
ACT.1.1,"Mkuzigirwa Teofiile, Omu gitaabu girhanzi nayandikaga, naderhere elugulu wa byooshi Yeesu arhonderaga kujira n'okuyigiriza.","Théophile, jai parlé, dans mon premier livre, de tout ce que Jésus a commencé de faire et denseigner dès le commencement."
ACT.1.2,"guhika olusiku aheekagwa empingu. Embere aheekwe yo, aheereza eNtumwa zaage abaaga agishogere amarhegeko kugerera Muuka-Mutagatiifu.","jusquau jour où il fut enlevé au ciel, après avoir donné ses ordres, par le Saint-Esprit, aux apôtres quil avait choisis."
ACT.1.3,"Enyuma z'ogufa kwage, ezo ntumwa z'achiyerekanaga ko kugerera ebimenyeeso binene yi zimenya okw'ali mugumaguma. Aliiri ababonekera omu gihe cha siku makumi mane, eyi ali abayigiriza emyaazi eyerekeere obwime bwa Nnamahanga.","Après quil eut souffert, il leur apparut vivant, et leur en donna plusieurs preuves, se montrant à eux pendant quarante jours, et parlant des choses qui concernent le royaume de Dieu."
ACT.1.4,"Lusiku luguma mw'amo mango, Yeesu abeere ali haguma nabo, abarhegeka ntya: «Murharhengaga eYerusaleema, aliko mulingire yo echilagaane cha Daarha nababwiraga.","Comme il se trouvait avec eux, il leur recommanda de ne pas séloigner de Jérusalem, mais dattendre ce que le Père avait promis, ce que je vous ai annoncé, leur dit-il;."
ACT.1.5,"Yohaana abatiizaga omu menji, aliko mwabo omu siku zigeeke mwabatiizwa na Muuka-Mutagatiifu.».","car Jean a baptisé deau, mais vous, dans peu de jours, vous serez baptisés du Saint-Esprit."
ACT.1.6,"Amango eNtumwa zalichigushire haguma na Yeesu zamubaza ntya: «Nnaweerhu, ka mu chino gihe y'okola kugalulira aBaisraheeli obwami bwabo?».","Alors les apôtres réunis lui demandèrent: Seigneur, est-ce en ce temps que tu rétabliras le royaume dIsraël?."
ACT.1.7,Abashubiza ntya: «Birhabalolere okumenya egihe n'ebishanji Daarha afundikire omu burhegesi bwage yenyine.,Il leur répondit: Ce nest pas à vous de connaître les temps ou les moments que le Père a fixés de sa propre autorité.
ACT.1.8,"Aliko, mwayankiirira obuhashe hano Muuka-Mutagatiifu ayinja elugulu wenyu, mwanaba bahamiiriza baani eYerusaleema, eYudeeya yooshi n'eSamariya, n'omu gulu lyooshi.».","Mais vous recevrez une puissance, le Saint-Esprit survenant sur vous, et vous serez mes témoins à Jérusalem, dans toute la Judée, dans la Samarie, et jusquaux extrémités de la terre."
ACT.1.9,"Yeesu abeere ayuusa kuderha ebyoola binwa, eyi bachiri bamulola, aheekwa empingu n'egichu chamubisha, barhanachimubonaga ko.","Après avoir dit cela, il fut élevé pendant quils le regardaient, et une nuée le déroba à leurs yeux. Ac :."
ACT.1.10,"Babeere bachiri baheneera elugulu eyi ali agenda, ho n'aho balume babiri bayambeere emyambalo myeeru bayimanga embere zaabo.","Et comme ils avaient les regards fixés vers le ciel pendant quil sen allait, voici, deux hommes vêtus de blanc leur apparurent."
ACT.1.11,"Baabaza eNtumwa ntya: «Mwe bantu b'eGalilaaya, girhumire mwabeera ahoola eyi muli mwalola elugulu? Oyu Yeesu wamakuulwa ahagarhi kenyu guheekwa empingu, nj'agaluka nk'oku mwabwene aja yo.».","et dirent: Hommes Galiléens, pourquoi vous arrêtez-vous à regarder au ciel? Ce Jésus, qui a été enlevé au ciel du milieu de vous, reviendra de la même manière que vous lavez vu allant au ciel."
ACT.1.12,"Enyuma z'aho, eNtumwa zagaluka eYerusaleema gurhengera oku musozi gw'eMizeyituuni. Ogo musozi guba hoofu n'eYerusaleema, lugenzi luyemereerwe kulambagirwa olusiku lw'eSaabato.","Alors ils retournèrent à Jérusalem, de la montagne appelée des oliviers, qui est près de Jérusalem, à la distance dun chemin de sabbat."
ACT.1.13,"Babeere bagaluka omu gishagala, bazamuukira omu gorofa ebusiika. Omoola mu bagendaga babeera. Mwaliiri Petero, Yohaana, Yakobo na Ndereya, Firipo na Tomaasi, Baritolomaayo na Matayo, Yakobo mugala wa Lufaayo, Simooni w'omu chigusho ch' aBazelooti na Yuuda mugala wa Yakobo.","Quand ils furent arrivés, ils montèrent dans la chambre haute où ils se tenaient dordinaire; cétaient Pierre, Jean, Jacques, André, Philippe, Thomas, Barthélemy, Matthieu, Jacques, fils dAlphée, Simon le Zélote, et Jude, fils de Jacques."
ACT.1.14,"Abaala booshi bagendaga basaliira n'omurhima muguma, haguma na Mariya nyina wa Yeesu, n'abandi bakazi, na beene baabo Yeesu.","Tous dun commun accord persévéraient dans la prière, avec les femmes, et Marie, mère de Jésus, et avec les frères de Jésus."
ACT.1.15,"Lusiku luguma, oluganjo lw'abemeezi balichigushire lwaliiri hoofu egana na makumyaabiri. Petero ayimanga ahagarhi kaabo n'okuderha ntya:.","En ces jours-là, Pierre se leva au milieu des frères, le nombre des personnes réunies étant denviron cent vingt. Et il dit:."
ACT.1.16,"«Beene beerhu, byaalihemere aMandiko mayeenere, mala Muuka-Mutagatiifu abaaga aderhere kugerera obuunu bwa Daawudi elugulu wa Yuuda . Oyuula Yuuda yi walongoolaga abafarhaga Yeesu.","Hommes frères, il fallait que saccomplît ce que le Saint-Esprit, dans lÉcriture, a annoncé davance, par la bouche de David, au sujet de Judas, qui a été le guide de ceux qui ont saisi Jésus."
ACT.1.17,"Aliiri muguma omu rhwewe, analigwerhe echigabi oku kaasi keerhu.».","Il était compté parmi nous, et il avait part au même ministère."
ACT.1.18,"Enyuma z'okugula eshwa n'efuranga z'obuhemusi, arhoga buchuli, enda yaage yabereka n'amala maage masheeshekalira ahashi.","Cet homme, ayant acquis un champ avec le salaire du crime, est tombé, sest rompu par le milieu du corps, et toutes ses entrailles se sont répandues."
ACT.1.19,"Abantu booshi b'eYerusaleema bamenya ogo mwazi, oku bulyo elyo shwa lyayirikwa omu lulimi lwaabo mpu lyo «Hakeledama» , kw'okuderha «Eshwa ly'eshagama.».","La chose a été si connue de tous les habitants de Jérusalem que ce champ a été appelé dans leur langue Hakeldama, cest-à-dire, champ du sang."
ACT.1.20,"«Kwenge biyandikirwe ntya omu gitaabu ch'eNanga: ‹Enju yaage ebe mushaka, na nta muntu oyilamage mo! N'owundi arhoole akaasi kaage! ›».","Or, il est écrit dans le livre des Psaumes: Que sa demeure devienne déserte, Et que personne ne lhabite! Et: Quun autre prenne sa charge!."
ACT.1.21,"«Bihemere leero, rhugishoge owindi muntu muguma w'ogurhoola akaasi kaage. Oyu muntu abe muguma w'omu bala bagendaga barhuherekeza ngasi bishanji byooshi Nnaweerhu Yeesu aliiri abalama haguma neerhu. Aba bantu baliiri haguma neerhu gurhengera amango Yohaana abatiizaga Nnaweerhu guhika olusiku aheekwaga gurhenga ahagarhi keerhu. Bihemere oyu muntu rhwachishoga abe haguma neerhu omu guhamiiriza obufuuke bwa Nnaweerhu.».","Il faut donc que, parmi ceux qui nous ont accompagnés tout le temps que le Seigneur Jésus a vécu avec nous."
ACT.1.23,"eNtumwa zaaja zamoleka bantu babiri: Yozefu oyirikwa Barisaba wanashembulwaga Yusto, na Matiyaasi.","Ils en présentèrent deux: Joseph appelé Barsabbas, surnommé Justus, et Matthias."
ACT.1.24,"Baaja basaliira ntya: «Nnaweerhu, weyinji emirhima y'abantu booshi, oyeerekane nde ochishogere mw'abaala babiri.","Puis ils firent cette prière: Seigneur, toi qui connais les cœurs de tous, désigne lequel de ces deux tu as choisi."
ACT.1.25,y'aja ahaali ha Yuuda mw'akaala kaasi k'eNtumwa alekaga omu kuja ahantu hamukwaneene.».,"afin quil ait part à ce ministère et à cet apostolat, que Judas a abandonné pour aller en son lieu."
ACT.1.26,"Bashaarha esimbi, nazo zarhoola Matiyaasi wayongeerwaga mu zila ntumwa ekumi na nguma.","Ils tirèrent au sort, et le sort tomba sur Matthias, qui fut associé aux onze apôtres."
ACT.2.1,"Olusiku lw' ePendekosite lwabeere lwahika, abigirizwa booshi babaaga babuganeene hantu haguma.","Le jour de la Pentecôte, ils étaient tous ensemble dans le même lieu."
ACT.2.2,"Ho n'aho bayunva olwamo gurhengera empingu luli nka lw'empuusi ekalihire, enali yahuusahuusa. Olo lwamo lwayunviikana omu nju yooshi baliyikeere mo.","Tout à coup il vint du ciel un bruit comme celui dun vent impétueux, et il remplit toute la maison où ils étaient assis."
ACT.2.3,"Haabonekana n'ebiri nka birimi by'omuliro, byachigaba; byanaja oku ngasi muguma wabo.","Des langues, semblables à des langues de feu, leur apparurent, séparées les unes des autres, et se posèrent sur chacun deux."
ACT.2.4,"Abo bigirizwa booshi bayunjuzwa Muuka-Mutagatiifu, banarhondera kuderha omu zindi ndimi, gukulikirana n'oku Muuka-Mutagatiifu abahaaga obuhashe b'okuderha.","Et ils furent tous remplis du Saint-Esprit, et se mirent à parler en dautres langues, selon que lEsprit leur donnait de sexprimer."
ACT.2.5,"Mw'amo mango, eYerusaleema haliiri aBayaahudi baguma bakengaga Nnamahanga, bahulukiraga omu bihugo byooshi by'egulu.","Or, il y avait en séjour à Jérusalem des Juifs, hommes pieux, de toutes les nations qui sont sous le ciel."
ACT.2.6,"Oloola lwamo lwabeere lwayunviikana, abantu banene bachiigusha, basoomerwa bweneene bulaala ngasi muguma aliiri abayunva baaderha omu lulimi lwage lw'akaburhano.","Au bruit qui eut lieu, la multitude accourut, et elle fut confondue parce que chacun les entendait parler dans sa propre langue."
ACT.2.7,"Booshi basoomerwa, banayuumirwa, baalema baabazana ntya: «Abaala bantu bali baderha, ka booshi barhali Bagalilaaya?.","Ils étaient tous dans létonnement et la surprise, et ils se disaient les uns aux autres: Voici, ces gens qui parlent ne sont-ils pas tous Galiléens?."
ACT.2.8,Gurhe ngasi muguma weerhu y'abayunva omu lulimi lwage lw'akaburhano?.,"Et comment les entendons-nous dans notre propre langue à chacun, dans notre langue maternelle?."
ACT.2.9,"Omu rhwewe hali abarhengeere omu gihugo ch'aBapariti, ech'aBameedi na ech'aBaelaamu. Hali abalama omu gihugo ch'eMezopotamiya, ech'eYudeeya na ech'eGapadokiya, ech'ePonto na ech'eAziya.","Parthes, Mèdes, Élamites, ceux qui habitent la Mésopotamie, la Judée, la Cappadoce, le Pont, lAsie."
ACT.2.10,"ech'eFurigiya na ech'ePamfiliya, ech' eMiisiri n'oluhande lwa ech'eLibiya luli hoofu n'egishagala ch'eKureene. Kandi omu rhwewe hali abahiisi b'ogurhengera eRooma .","la Phrygie, la Pamphylie, lÉgypte, le territoire de la Libye voisine de Cyrène, et ceux qui sont venus de Rome, Juifs et prosélytes."
ACT.2.11,"hali aBayaahudi n'abandi bayemeeraga edini ly'ekiyaahudi, aBakereeti n'aBaharaabu. Aliko rhweshi rhuli rhwabayunva baaderha omu ndimi zeerhu ebijiro by'obuhashe Nnamahanga ajirire!».","Crétois et Arabes, comment les entendons-nous parler dans nos langues des merveilles de Dieu?."
ACT.2.12,"Booshi baali basomeerwe bweneene n'okuyuumirwa, baabazana ntya: «Bichi ebiila biderhere?».","Ils étaient tous dans létonnement, et, ne sachant que penser, ils se disaient les uns aux autres: Que veut dire ceci?."
ACT.2.13,Aliko baguma omu bo bashekera abigirizwa n'okuderha ntya: «Barhamiriire edivaayi y'omuhyo!».,"Mais dautres se moquaient, et disaient: Ils sont pleins de vin doux."
ACT.2.14,"Petero aja ayimanga haguma na zila ntumwa ekumi na nguma, aderha ntya n'omulenge munene: «Mwe bantu b'eYudeeya nenyu mweshi mwe mulamire eYerusaleema, munyunvirize, munamenye bwinja ebi binwa nashonda kubabwira!.","Alors Pierre, se présentant avec les onze, éleva la voix, et leur parla en ces termes: Hommes Juifs, et vous tous qui séjournez à Jérusalem, sachez ceci, et prêtez loreille à mes paroles!."
ACT.2.15,"Abaala bantu barharhamiriire nk'oku mukengereere, kwenge zichiri saa esharhu z'eseezi.","Ces gens ne sont pas ivres, comme vous le supposez, car cest la troisième heure du jour."
ACT.2.16,Aliko ebiila bi Nnamahanga aderhaga kugerera omuleebi Yoweeri mpu:.,Mais cest ici ce qui a été dit par le prophète Joël:.
ACT.2.17,"‹Omu siku zizinda, nji nayandaaza oMuuka gwani oku bantu booshi; bagala benyu n'abanyere benyu nji baleeba, emisole yenyu nji yabonekerwa, n'abashaaja benyu nji baloorha.","Dans les derniers jours, dit Dieu, je répandrai de mon Esprit sur toute chair; Vos fils et vos filles prophétiseront, Vos jeunes gens auront des visions, Et vos vieillards auront des songes."
ACT.2.18,"Neechi, mw'ezo siku, abaja baani, abalume n'abakazi, nji nabayandaaza k'oMuuka gwani, nji banaleeba.","Oui, sur mes serviteurs et sur mes servantes, Dans ces jours-là, je répandrai de mon Esprit; et ils prophétiseront."
ACT.2.19,"Nji najira ebigiriginjo gurhengera elugulu omu mpingu n'ebimenyeeso eshiishi omu gulu, nji haaba eshagama, omuliro n'oluhomo l'omuusi.","Je ferai paraître des prodiges en haut dans le ciel et des miracles en bas sur la terre, Du sang, du feu, et une vapeur de fumée;."
ACT.2.20,"Ezuuba nji lyahindulwa mwizimya n'omwezi nji gwahindulwa shagama, embere olusiku lwa Nnaweerhu luyinje, olo lusiku lunene, kandi l'obukuuze.","Le soleil se changera en ténèbres, Et la lune en sang, Avant larrivée du jour du Seigneur, De ce jour grand et glorieux."
ACT.2.21,"Mw'amo mango, ngasi yeeshi nji wahema oburhabaale oku ziino lya Nnaweerhu nj'achungulwa.›.",Alors quiconque invoquera le nom du Seigneur sera sauvé.
ACT.2.22,"«Mwe bantu b'eIsraheeli, muyunve ebi binwa! Nnamahanga abayeerekere bwinjabwinja oku Yeesu w'eNazareeti ali muntu arhumaga embere zenyu kugerera ebijiro by'obuhashe, ebigiriginjo n'ebimenyeeso. Nnamahanga ajiraga ebyo booshi ahagarhi kenyu kugerera Yeesu, nk'oku mubiyinji mwenyine.","Hommes Israélites, écoutez ces paroles! Jésus de Nazareth, cet homme à qui Dieu a rendu témoignage devant vous par les miracles, les prodiges et les signes quil a opérés par lui au milieu de vous, comme vous le savez vous-mêmes;."
ACT.2.23,"Oyu Yeesu ahirwaga omu maboko menyu, nk'oku Nnamahanga ashondaga, na nka okw'amenyaga yenyine gurhengera miira. Nenyu mwamuyirhire omu kumubamba oku musalaaba, kugerera abantu babi.","cet homme, livré selon le dessein arrêté et selon la prescience de Dieu, vous lavez crucifié, vous lavez fait mourir par la main des impies."
ACT.2.24,"Aliko, Nnamahanga nj'amufuulire omu kumulikuula omu malumwa m'olufu, bulaala birhakagalikeene ashwekwe na lo.","Dieu la ressuscité, en le délivrant des liens de la mort, parce quil nétait pas possible quil fût retenu par elle."
ACT.2.25,"Kwenge Daawudi aderhere ntya elugulu wa Yeesu: ‹Naliiri nabona Nnaweerhu embere zaani ngasi mango, bulaala ali ekulyo kwani yi ntashaganywa.","Car David dit de lui: Je voyais constamment le Seigneur devant moi, Parce quil est à ma droite, afin que je ne sois point ébranlé."
ACT.2.26,Cho girhumire omurhima gwani gusiimire n'olulimi lwani lushagalukire; kandi omubiri gwani nago nji gwahuumukira omu bulangaalire.,"Aussi mon cœur est dans la joie, et ma langue dans lallégresse; Et même ma chair reposera avec espérance."
ACT.2.27,kwenge orhakandekeerera kubeera ekuzimu; orhakanaleka oMutagatiifu waawe abola.,"Car tu nabandonneras pas mon âme dans le séjour des morts, Et tu ne permettras pas que ton Saint voie la corruption."
ACT.2.28,"Wanyeerekere enjira z'akalamo, nji wanyunjuza obushagaluke embere zaawe.› ».","Tu mas fait connaître les sentiers de la vie, Tu me rempliras de joie par ta présence."
ACT.2.29,"Petero ashuba kuderha ntya: «Beene beerhu, bihemere mbabwire bwinjabwinja ebilolere shookuluza weerhu Daawudi : afiire, ahambwa n'eshinda yaage echiba eno mwerhu kugera zeene.","Hommes frères, quil me soit permis de vous dire librement, au sujet du patriarche David, quil est mort, quil a été enseveli, et que son sépulcre existe encore aujourdhui parmi nous."
ACT.2.30,"N'obuula aliiri muleebi, aliyinji oku Nnamahanga amulahizizaga endahiro oku nj'ayikaza muguma omu baburhwa baage oku ntebe yaage y'obwami.","Comme il était prophète, et quil savait que Dieu lui avait promis avec serment de faire asseoir un de ses descendants sur son trône."
ACT.2.31,"Daawudi alibwene embere obufuuke bwa Kirisitu , anabuderha ko ntya: ‹Arhalekeererwaga kubeera ekuzimu, n'omubiri gwage gurhabolaga.›.","cest la résurrection du Christ quil a prévue et annoncée, en disant quil ne serait pas abandonné dans le séjour des morts et que sa chair ne verrait pas la corruption."
ACT.2.32,"Nnamahanga afuulire oyo Yeesu, rhweshi rhunali bahamiiriza boboola bufuuke.",Cest ce Jésus que Dieu a ressuscité; nous en sommes tous témoins.
ACT.2.33,"Abeere azamuulwa ekulyo kwa Nnamahanga, Eshe amuha Muuka-Mutagatiifu walilaganyizwe. Naye arhuyandaazize ye, nk'okuula muli mwabona, munali mwayunva.","Élevé par la droite de Dieu, il a reçu du Père le Saint-Esprit qui avait été promis, et il la répandu, comme vous le voyez et lentendez."
ACT.2.34,"Kwenge arhali Daawudi wazamuukiraga empingu, aliko yeewe yenyine aderhere ntya: ‹Nnaweerhu Nnamahanga abwirire Nnaweerhu ntya: Yikala ekulyo kwani.","Car David nest point monté au ciel, mais il dit lui-même: Le Seigneur a dit à mon Seigneur: Assieds-toi à ma droite."
ACT.2.35,guhika amango nji naajira abanzi baawe ndabarhiro yaawe.›.,Jusquà ce que je fasse de tes ennemis ton marchepied.
ACT.2.36,"Leero, bihemere olubaga looshi lw'eIsraheeli lumenye bwinja oku ola Yeesu mwabambaga oku musalaaba, Nnamahanga amujirire kuba Nnaweerhu na Kirisitu !».",Que toute la maison dIsraël sache donc avec certitude que Dieu a fait Seigneur et Christ ce Jésus que vous avez crucifié.
ACT.2.37,"Enyuma z'okuyunva ebyoola binwa, abantu baababazwa bweneene omu mirhima yaabo n'okuva baabaza Petero n'ezindi ntumwa ntya: «Beene beerhu, gurhe rhujirage?».","Après avoir entendu ce discours, ils eurent le cœur vivement touché, et ils dirent à Pierre et aux autres apôtres: Hommes frères, que ferons-nous?."
ACT.2.38,"Petero abashubiza ntya: «Muleke ebyaaha byenyu, na ngasi muguma omu mwabo abatiizwe oku ziino lya Yeesu Kirisitu yi mubabalirwa ebyaaha byenyu. Na ntyo, mwanayankiirira Muuka-Mutagatiifu nka luhembo.","Pierre leur dit: Repentez-vous, et que chacun de vous soit baptisé au nom de Jésus-Christ, pour le pardon de vos péchés; et vous recevrez le don du Saint-Esprit."
ACT.2.39,"Kwenge echilagaane cha Nnamahanga chiri chenyu, ch'abaana benyu n'abantu booshi balamire hale; k'okuderha oku chiri ch'abantu booshi Nnaweerhu Nnamahanga nj'ahamagala.».","Car la promesse est pour vous, pour vos enfants, et pour tous ceux qui sont au loin, en aussi grand nombre que le Seigneur notre Dieu les appellera."
ACT.2.40,Petero ashuba kubabwira ebindi binwa binene by'okubayinginga n'okubayunviisa. Alema aderha ntya: «Mugichungule gurhenga mw'echi gisisi ch'ebyaaha!».,"Et, par plusieurs autres paroles, il les conjurait et les exhortait, disant: Sauvez-vous de cette génération perverse."
ACT.2.41,"Abayankiiriraga ebinwa byaage babatiizwa. Oloola lusiku, hoofu bantu bihumbi bisharhu bayongeereka omu chigusho ch'abemeezi.","Ceux qui acceptèrent sa parole furent baptisés; et, en ce jour-là, le nombre des disciples saugmenta denviron trois mille âmes."
ACT.2.42,"Abemeezi bagendekera gukulikira enyigirizo z' entumwa , kulama echinyabuguma, kugabaana omugati haguma n'ogusaliira.","Ils persévéraient dans lenseignement des apôtres, dans la communion fraternelle, dans la fraction du pain, et dans les prières."
ACT.2.43,Ebigiriginjo n'ebimenyeeso binene byaliiri kujirika n'entumwa oku bulyo ngasi muguma alema ayunva obuuba.,"La crainte semparait de chacun, et il se faisait beaucoup de prodiges et de miracles par les apôtres."
ACT.2.44,Abemeezi booshi baliiri haguma n'ogushangiira byooshi baligwerhe.,"Tous ceux qui croyaient étaient dans le même lieu, et ils avaient tout en commun."
ACT.2.45,"Baliiri baguza amashwa maabo n'ebintu byaabo, n'efuranga zarhengaga mo baliiri bazigabana gukulikirana n'obulagiirire bwa ngasi muguma.","Ils vendaient leurs propriétés et leurs biens, et ils en partageaient le produit entre tous, selon les besoins de chacun."
ACT.2.46,"Ngasi lusiku, omu bunviikane, baliiri baaja omu Nju ya Nnamahanga . Baliiri bagabaana omugati n'ogusangira ebiryo byaabo omu nju zaabo n'obushagaluke haguma n'omurhima mwinja.","Ils étaient chaque jour tous ensemble assidus au temple, ils rompaient le pain dans les maisons, et prenaient leur nourriture avec joie et simplicité de cœur."
ACT.2.47,"Baliiri bakuuza Nnamahanga n'abantu booshi bali basiimire bo. Na ngasi lusiku, Nnaweerhu aliiri ayongeera abachungwirwe oku chigusho ch'abemeezi.","louant Dieu, et trouvant grâce auprès de tout le peuple. Et le Seigneur ajoutait chaque jour à lÉglise ceux qui étaient sauvés."
ACT.3.1,"Lusiku luguma, Petero na Yohaana baliiri bazamuukira omu Nju ya Nnamahanga aha saa mwenda z'ezuuba, cho chaliiri gihe ch'ogusaliira.","Pierre et Jean montaient ensemble au temple, à lheure de la prière: cétait la neuvième heure."
ACT.3.2,"Mw'ebyo bishanji, abantu baliiri baheeka omulume waburhwaga eyi chirema. Abo bantu bagendaga bamuhira ngasi lusiku hoofu n'omulyango gw'eNju ya Nnamahanga guyirikwa «Mulyango Gukwiriire» y'ahemuuze oburhabaale oku baliiri baaja mo.","Il y avait un homme boiteux de naissance, quon portait et quon plaçait tous les jours à la porte du temple appelée la Belle, pour quil demandât laumône à ceux qui entraient dans le temple."
ACT.3.3,"Abwene Petero na Yohaana bakola baaja omu Nju ya Nnamahanga, arhondera kubahema oburhabaale.","Cet homme, voyant Pierre et Jean qui allaient y entrer, leur demanda laumône."
ACT.3.4,"Petero na Yohaana bamuloleereza, naye Petero amubwira ntya: «Orhulole!».","Pierre, de même que Jean, fixa les yeux sur lui, et dit: Regarde-nous."
ACT.3.5,"Naye abalola, kwenge alilangaliire oku hali echi bamuha.","Et il les regardait attentivement, sattendant à recevoir deux quelque chose."
ACT.3.6,"Aliko Petero amubwira ntya: «Ntagwerhe furanga changwa oro, aliko echi ngwerhe, nguheere cho: omu ziino lya Yeesu Kirisitu w'eNazareeti, yimanga onalambagire!».","Alors Pierre lui dit: Je nai ni argent, ni or; mais ce que jai, je te le donne: au nom de Jésus-Christ de Nazareth, lève-toi et marche."
ACT.3.7,"Amufarhira oku kuboko kw'ekulyo, amuyimanza. Ho n'aho, ebishando byaage n'orhuzirabulongo rhwage byakomera.","Et le prenant par la main droite, il le fit lever. Au même instant, ses pieds et ses chevilles devinrent fermes;."
ACT.3.8,"Ayuumuka oku liguma, ayimanga n'ogurhondera kulambagira. Aja haguma nabo omu Nju ya Nnamahanga eyi ali alambagira, abalalabalala n'ogukuuza Nnamahanga.","dun saut il fut debout, et il se mit à marcher. Il entra avec eux dans le temple, marchant, sautant, et louant Dieu."
ACT.3.9,Abantu booshi bamubona ali alambagira n'ogukuuza Nnamahanga.,Tout le monde le vit marchant et louant Dieu.
ACT.3.10,Bamurhegeera oku y'olaala wagendaga ayikala halaala «Mulyango Gukwiriire» gw'eNju ya Nnamahanga guhema oburhabaale. Basoomerwa banahwerwa n'ebyamubereere.,"Ils reconnaissaient que cétait celui qui était assis à la Belle porte du temple pour demander laumône, et ils furent remplis détonnement et de surprise au sujet de ce qui lui était arrivé."
ACT.3.11,"Oyo muntu abeere arhagirhengere ku Petero na Yohaana, abantu basoomerwa, balibirhira emunda bali, hoofu n'embaraza y'eNju ya Nnamahanga eyirikwa «Mbaraza ya Solomoono.».","Comme il ne quittait pas Pierre et Jean, tout le peuple étonné accourut vers eux, au portique dit de Salomon."
ACT.3.12,"Petero abwene ebyoola, abaza olubaga ntya: «Mwe bantu b'eIsraheeli, girhumire mwasoomerera ogufuma kw'oyu muntu? Girhumire mwarhuloleereza nka rhwewe rhwe rhwalambagiriisaga ye oku buhashe bwerhu rhwenyine changwa elugulu w'ogukwanana kwerhu embere za Nnamahanga?.","Pierre, voyant cela, dit au peuple: Hommes Israélites, pourquoi vous étonnez-vous de cela? Pourquoi avez-vous les regards fixés sur nous, comme si cétait par notre propre puissance ou par notre piété que nous eussions fait marcher cet homme?."
ACT.3.13,"Nnamahanga w' Abrahaamu , Isaka na Yakobo, Nnamahanga wa bashookuluza beerhu, akuuzize omukozi waage Yeesu. Oyu Yeesu yi mwabo mwahaanaga mwanamulahira embere za Pilaato, n'obo yeewe abaaga amahiga kumulikuula.","Le Dieu dAbraham, dIsaac et de Jacob, le Dieu de nos pères, a glorifié son serviteur Jésus, que vous avez livré et renié devant Pilate, qui était davis quon le relâchât."
ACT.3.14,"Mwewe, mwalahira oMutagatiifu na Okwaneene, mwanahema babalikuulire omwisi w'abantu.","Vous avez renié le Saint et le Juste, et vous avez demandé quon vous accordât la grâce dun meurtrier."
ACT.3.15,"Mwayirha ohaana akalamo, aliko yeewe Nnamahanga amufuulire omu bafu; neerhu rhuli bahamiiriza bw'obo bufuuke.","Vous avez fait mourir le Prince de la vie, que Dieu a ressuscité des morts; nous en sommes témoins."
ACT.3.16,"Oyu muntu muli mwabona munamuyinji, eziino lya Yeesu n'obwemeezi kw'elyo ziino byo byamukomeeze. N'obwemeezi kugerera Yeesu bo bwaheere oyu muntu amagala makwiriire nk'oku mubwene.","Cest par la foi en son nom que son nom a raffermi celui que vous voyez et connaissez; cest la foi en lui qui a donné à cet homme cette entière guérison, en présence de vous tous."
ACT.3.17,"«Na bunoola, beene beerhu, nyinji oku mwabo n'abakulu benyu mwajiriraga Yeesu ebyoola omu buhwinja.","Et maintenant, frères, je sais que vous avez agi par ignorance, ainsi que vos chefs."
ACT.3.18,Na Nnamahanga ayeneeze ntya eby'abalaganyaga embere kugerera ebinwa by'abaleebi booshi oku Kirisitu waage alibuzwa.,"Mais Dieu a accompli de la sorte ce quil avait annoncé davance par la bouche de tous ses prophètes, que son Christ devait souffrir."
ACT.3.19,"Mujaage mwaleka ebyaaha byenyu, munagalukire Nnamahanga y'ebyaaha byenyu bibabalirwa.","Repentez-vous donc et convertissez-vous, pour que vos péchés soient effacés."
ACT.3.20,"Na ntyo, Nnaweerhu abahumuusa, n'okubarhumira Kirisitu, ye Yeesu, olaala achishogaga embere elugulu wenyu.","afin que des temps de rafraîchissement viennent de la part du Seigneur, et quil envoie celui qui vous a été destiné, Jésus-Christ."
ACT.3.21,Alikwaneene gurhanga kubeera empingu guhika amango ebintu byooshi byayeenera nk'oku Nnamahanga aderhaga miira kulengera abaleebi baage batagatiifu.,"que le ciel doit recevoir jusquaux temps du rétablissement de toutes choses, dont Dieu a parlé anciennement par la bouche de ses saints prophètes."
ACT.3.22,"Muusa aliderhere ntya: ‹Nnaweerhu, Nnamahanga wenyu, nj'abaha omuleebi warhengera omu beene benyu oli nka nyoono. Nji mwamuyunva omu byooshi nj'ababwira.",Moïse a dit: Le Seigneur votre Dieu vous suscitera dentre vos frères un prophète comme moi; vous lécouterez dans tout ce quil vous dira.
ACT.3.23,Aliko ngasi yeeshi nj'orhayunva oyo muleebi nj'achiibwa looshi omu lubaga n'okuyirhwa.›.,et quiconque nécoutera pas ce prophète sera exterminé du milieu du peuple.
ACT.3.24,"N'abaleebi booshi, gurhengera ku Samweri n'abamukulikiraga, nabo baderhere, banabala elugulu w'emyaazi y'eziila siku rhulamire zeene.","Tous les prophètes qui ont successivement parlé, depuis Samuel, ont aussi annoncé ces jours-là."
ACT.3.25,"Mwabo, muli bagala b'abaleebi n' egihango Nnamahanga ajiraga na bashookuluza benyu chiri chenyu. Kwenge Nnamahanga ajiraga cho omu kubwira Abrahaamu ntya: ‹Emilala yooshi y'egulu nji yaagishwa omu gisisi chaawe.›.","Vous êtes les fils des prophètes et de lalliance que Dieu a traitée avec nos pères, en disant à Abraham: Toutes les familles de la terre seront bénies en ta postérité."
ACT.3.26,"Amango Nnamahanga ahaanaga omukozi waage, arhanga kumurhuma emwenyu kubagisha, omu gukuula ngasi muguma wenyu omu mabi maage.».","Cest à vous premièrement que Dieu, ayant suscité son serviteur, la envoyé pour vous bénir, en détournant chacun de vous de ses iniquités."
ACT.4.1,"Petero na Yohaana babeere bachiri bayigiriza olubaga, abadaahwa , omukulu w'abalanzi b' eNju ya Nnamahanga , n' aBasadukaayo baahulukira.","Tandis que Pierre et Jean parlaient au peuple, survinrent les sacrificateurs, le commandant du temple, et les sadducéens."
ACT.4.2,Abo bakulu bali bakalihire okubona Petero na Yohaana bali bayigiriza olubaga n'okubala oku obufuuke gurhenga omu bafu bubonekana kugerera Yeesu.,"mécontents de ce quils enseignaient le peuple, et annonçaient en la personne de Jésus la résurrection des morts."
ACT.4.3,Babashweka n'okubahira omu munyororo kugera olusiku lwakulikiraga kwenge lyaliiri likola golo.,"Ils mirent les mains sur eux, et ils les jetèrent en prison jusquau lendemain; car cétait déjà le soir."
ACT.4.4,Aliko banene omu bayunvaga ezo nyigirizo bayemeera Yeesu. Oluganjo lw'abemeezi lwahikiira hoofu balume bihumbi birhaano.,"Cependant, beaucoup de ceux qui avaient entendu la parole crurent, et le nombre des hommes séleva à environ cinq mille."
ACT.4.5,"Bwacheere eseezi, abakulu n' abashamuka b'aBayaahudi, n' abigiriza b'amarhegeko bachigusha eYerusaleema.","Le lendemain, les chefs du peuple, les anciens et les scribes, sassemblèrent à Jérusalem."
ACT.4.6,"Baliiri haguma n' omudaahwa mukulu Hanaasi, Kayaafa, Yohaana, Alegizandere n'abandi bantu booshi baliiri b'omu mulala gw'omudaahwa mukulu.","avec Anne, le souverain sacrificateur, Caïphe, Jean, Alexandre, et tous ceux qui étaient de la race des principaux sacrificateurs."
ACT.4.7,"Bamalire kuyimanza Petero na Yohaana ahagarhi kaabo, bababaza ntya: «Oku buhashe buchi changwa oku ziino lya nde mwajiraga ebyoola?».","Ils firent placer au milieu deux Pierre et Jean, et leur demandèrent: Par quel pouvoir, ou au nom de qui avez-vous fait cela?."
ACT.4.8,"Petero eyi ayunjwizwe Muuka-Mutagatiifu, ababwira ntya: «Ego mwe bakulu b'olubaga nenyu mwe bashamuka b'aBayaahudi.","Alors Pierre, rempli du Saint-Esprit, leur dit: Chefs du peuple, et anciens dIsraël."
ACT.4.9,rhubazizwe zeene elugulu w'amenja rhwajiriire echirema n'oku bulyo chafumyagwa.,"puisque nous sommes interrogés aujourdhui sur un bienfait accordé à un homme malade, afin que nous disions comment il a été guéri."
ACT.4.10,"Leero mwabo mweshi, n'olubaga looshi lw'eIsraheeli, mumenye bwinja: oyu muntu ayimangire embere zenyu n'amagala makwiriire oku ziino lya Yeesu Kirisitu w'eNazareeti, olaala mwabambaga oku musalaaba, aliko Nnamahanga amufuula omu bafu.","sachez-le tous, et que tout le peuple dIsraël le sache! Cest par le nom de Jésus-Christ de Nazareth, que vous avez crucifié, et que Dieu a ressuscité des morts, cest par lui que cet homme se présente en pleine santé devant vous."
ACT.4.11,"Yeewe y'aMandiko Matagatiifu maderhere ko ntya: ‹Ebaale mwabo mwe muyumbaka mwalahiraga, lyo lyahindukire ly'engenzi, ly'okuyumbakira ko.›.","Jésus est La pierre rejetée par vous qui bâtissez, Et qui est devenue la principale de langle."
ACT.4.12,"Obuchunguke burhali omu windi muntu, kwenge nta lindi ziino omu gulu abantu bahaabirwe, lyagarhuchungwire.».","Il ny a de salut en aucun autre; car il ny a sous le ciel aucun autre nom qui ait été donné parmi les hommes, par lequel nous devions être sauvés."
ACT.4.13,"Abantu b'akabuga k'aBayaahudi babeere baabona Petero na Yohaana baderha n'oobushiru, basoomerwa, kwenge bali bayinji oku baliiri bantu konyine barhasomaga. Baanalimenyere oku boowe bo baliiri haguma na Yeesu.","Lorsquils virent lassurance de Pierre et de Jean, ils furent étonnés, sachant que cétaient des hommes du peuple sans instruction; et ils les reconnurent pour avoir été avec Jésus."
ACT.4.14,"Aliko, nk'okuula bali babwene olaala muntu bafumyaga ayimangire eburhambi bwabo, baabula echi bagashuba kuderha.","Mais comme ils voyaient là près deux lhomme qui avait été guéri, ils navaient rien à répliquer."
ACT.4.15,Baava babarhegeka oku barhange barhenge mw'ako kabuga. Bala bakulu boowe basigala omu mahwe.,"Ils leur ordonnèrent de sortir du sanhédrin, et ils délibérèrent entre eux, disant: Que ferons-nous à ces hommes?."
ACT.4.16,Baabazana ntya: «Gurhe rhujirage abaala bantu? Bulaala abantu booshi b'eYerusaleema bayinji bwinja okw'echimenyeeso chabeere kugerera bo. Rhurhakanagala kugihakana.,"Car il est manifeste pour tous les habitants de Jérusalem quun miracle signalé a été accompli par eux, et nous ne pouvons pas le nier."
ACT.4.17,"Aliko y'omwazi gw'echoola chimenyeeso gurhayandaala bweneene omu lubaga, rhubakalihire oku barhachiderhaga n'omuntu n'omuguma elugulu w'eziino lya Yeesu.».","Mais, afin que la chose ne se répande pas davantage parmi le peuple, défendons-leur avec menaces de parler désormais à qui que ce soit en ce nom-là."
ACT.4.18,"Baaja bahamagala Petero na Yohaana, banabarhegeka mpu barhachiderhaga changwa okuyigiriza chiro n'eliguma oku ziino lya Yeesu.","Et les ayant appelés, ils leur défendirent absolument de parler et denseigner au nom de Jésus."
ACT.4.19,Aliko Petero na Yohaana babashubiza ntya: «Ka bikwaneene embere za Nnamahanga oku rhubakenge ahaali haage? Mugishogage.,"Pierre et Jean leur répondirent: Jugez sil est juste, devant Dieu, de vous obéir plutôt quà Dieu;."
ACT.4.20,kwenge rhwabo rhurhakagala kuleka kuderha ebintu rhwabwene ko rhwanayunva.».,car nous ne pouvons pas ne pas parler de ce que nous avons vu et entendu.
ACT.4.21,"Abantu b'akabuga k'aBayaahudi baashuba kubakalihira, banaja babalikuula. Barhaali babwene enjira y'okubahana, bulaala olubaga looshi lwaliiri lwakuuza Nnamahanga oku byooshi byabaaga.","Ils leur firent de nouvelles menaces, et les relâchèrent, ne sachant comment les punir, à cause du peuple, parce que tous glorifiaient Dieu de ce qui était arrivé."
ACT.4.22,"Oyo muntu bajiriraga echoola kimenyeeso ch'ogufuma, aligwerhe myaaka minene ku makumi mane.",Car lhomme qui avait été lobjet de cette guérison miraculeuse était âgé de plus de quarante ans.
ACT.4.23,"Babeere balikuulwa, Petero na Yohaana baaja kubalira abaabo byooshi abakulu b'abadaahwa n' abashamuka b'aBayaahudi bababwirire.","Après avoir été relâchés, ils allèrent vers les leurs, et racontèrent tout ce que les principaux sacrificateurs et les anciens leur avaient dit."
ACT.4.24,"Bamalire kuyunva eyo myaazi, booshi basaliira Nnamahanga n'omurhima muguma. Baaderha ntya: «Nnaweerhu, wooyo we wajiraga echaalege, egulu n'enyanja, na byooshi biba omu byo.","Lorsquils leurent entendu, ils élevèrent à Dieu la voix tous ensemble, et dirent: Seigneur, toi qui as fait le ciel, la terre, la mer, et tout ce qui sy trouve."
ACT.4.25,"Wooyo we waderhaga ntya kugerera Muuka-Mutagatiifu, omu buunu bwa shookuluza weerhu Daawudi , mukozi waawe: ‹Charhumire abarhali Bayaahudi baruukura n'embaga zagwarha emihigo erhagwerhe kamaro?.","cest toi qui as dit par le Saint-Esprit, par la bouche de notre père, ton serviteur David: Pourquoi ce tumulte parmi les nations, Et ces vaines pensées parmi les peuples?."
ACT.4.26,Abaami b'egulu bachikerekere n'abakulu bachigushire haguma yi balwisa Nnaweerhu Nnamahanga na Kirisitu waage.›.,"Les rois de la terre se sont soulevés, Et les princes se sont ligués Contre le Seigneur et contre son Oint."
ACT.4.27,"Kwenge biri by'okuli oku Heroode na Ponsiyo Pilaato bayunvikeene muno gishagala haguma n'abarhali Bayaahudi n'olubaga lw'eIsraheeli kulahira Yeesu, omukozi waawe mutagatiifu, olaala wagishogaga.","En effet, contre ton saint serviteur Jésus, que tu as oint, Hérode et Ponce Pilate se sont ligués dans cette ville avec les nations et avec les peuples dIsraël."
ACT.4.28,"Bajiraga ntyo, yi bayeeneza byooshi wabaaga warheganyize gurhenga miira oku buhashe bwawe n'emihigo yaawe.",pour faire tout ce que ta main et ton conseil avaient arrêté davance.
ACT.4.29,"Leero Nnaweerhu, olole bwinja obuhambaazi bwabo, ogaliise abaja baawe okubala eChinwa chaawe buzira buuba.","Et maintenant, Seigneur, vois leurs menaces, et donne à tes serviteurs dannoncer ta parole avec une pleine assurance."
ACT.4.30,"Ojaage walambuula okuboko kwawe y'abantu bafume, ebimenyeeso n'ebigiriginjo bibe kugerera eziino lya Yeesu, mukozi waawe mutagatiifu.».","en étendant ta main, pour quil se fasse des guérisons, des miracles et des prodiges, par le nom de ton saint serviteur Jésus."
ACT.4.31,"Bamalire gusaliira, ahantu bali bachigushire hadirhimana bweneene, booshi bayunjula Muuka-Mutagatiifu. Barhondera kubala eChinwa cha Nnamahanga buzira buuba.","Quand ils eurent prié, le lieu où ils étaient assemblés trembla; ils furent tous remplis du Saint-Esprit, et ils annonçaient la parole de Dieu avec assurance."
ACT.4.32,"Abemeezi booshi baligwerhe omurhima muguma n'enkengeero nguma. Ntaaye waderhaga oku ebikulo byaage biri byaage yenyine, aliko bagendaga bashangiira byooshi bali bagwerhe.","La multitude de ceux qui avaient cru nétait quun cœur et quune âme. Nul ne disait que ses biens lui appartinssent en propre, mais tout était commun entre eux."
ACT.4.33,"Entumwa zaliiri zahamiiriza n'obuhashe bunene obufuuke bwa Nnaweerhu Yeesu, n'omugisho munene gwaliiri oku bo booshi.",Les apôtres rendaient avec beaucoup de force témoignage de la résurrection du Seigneur Jésus. Et une grande grâce reposait sur eux tous.
ACT.4.34,"Nta muguma omu bo walikeneere echintu, kwenge booshi bali bagwerhe amashwa changwa enju, bagendaga babiguza, banaleerha efuranga babiguzaga.","Car il ny avait parmi eux aucun indigent: tous ceux qui possédaient des champs ou des maisons les vendaient, apportaient le prix de ce quils avaient vendu."
ACT.4.35,"Bagendaga bahira zo embere z'eNtumwa, n'enyuma zanagabirwa ngasi muguma gukulikirana n'obulagiirire bwage.",et le déposaient aux pieds des apôtres; et lon faisait des distributions à chacun selon quil en avait besoin.
ACT.4.36,"Haliiri oMulaawi muguma oyirikwa Yozefu, aliiri muburhwa w'oku chizimba ch'eGipuro. Entumwa zamushembula eziino lya Baranaaba, kw'okuderha «Muntu okomeza abandi omurhima.».","Joseph, surnommé par les apôtres Barnabas, ce qui signifie fils dexhortation, Lévite, originaire de Chypre."
ACT.4.37,"Aguza eshwa aligwerhe, aleerha efuranga anazihira embere z'eNtumwa.","vendit un champ quil possédait, apporta largent, et le déposa aux pieds des apôtres."
ACT.5.1,Haliiri mulume muguma oyirikwa Hananiya haguma na mukaage Safira. Baguza eshwa lyaabo.,"Mais un homme nommé Ananias, avec Saphira sa femme, vendit une propriété."
ACT.5.2,"Omu bunviikane, yeewe na mukaage baabisha muhango muguma oku furanga baliguzaga. Ezasigalaga, aziheeka anazihira embere z' eNtumwa .","et retint une partie du prix, sa femme le sachant; puis il apporta le reste, et le déposa aux pieds des apôtres."
ACT.5.3,"Petero amubaza ntya: «Ego Hananiya, charhumire Shetaani aja omu murhima gwawe, guhika okubeehya Muuka-Mutagatiifu omu kubisha furanga ziguma waguzaga eshwa?.","Pierre lui dit: Ananias, pourquoi Satan a-t-il rempli ton cœur, au point que tu mentes au Saint-Esprit, et que tu aies retenu une partie du prix du champ?."
ACT.5.4,"Egihe eliila shwa lyalichiri lyaawe, ka lirhaliiri bikulo byaawe? Na chiro egihe lyaguzwaga, k'efuranga orhakazikoleeseze okw'oshondere? Chajaaga charhuma wakengera omu murhima gwawe echijiro chiri ntya? Arhali bantu warhebekere, sy'aliko Nnamahanga!».","Sil neût pas été vendu, ne te restait-il pas? Et, après quil a été vendu, le prix nétait-il pas à ta disposition? Comment as-tu pu mettre en ton cœur un pareil dessein? Ce nest pas à des hommes que tu as menti, mais à Dieu."
ACT.5.5,"Hananiya abeere ayunva ebyoola binwa, ahena n'okuva afa. Booshi bayunvaga ogo mwazi bagwarhwa n'obuuba bunene.","Ananias, entendant ces paroles, tomba, et expira. Une grande crainte saisit tous les auditeurs."
ACT.5.6,"Emisole yaliiri ahoola yayimanga, yarhuba omubiri gwage, yaguheeka embuga, yanaguhamba.","Les jeunes gens, sétant levés, lenveloppèrent, lemportèrent, et lensevelirent."
ACT.5.7,"Hagerere hoofu saa esharhu, mukaage aja mw'eyo nju buzira kumenya ebyabeere.","Environ trois heures plus tard, sa femme entra, sans savoir ce qui était arrivé."
ACT.5.8,"Petero amubaza ntya: «Ombwirage bwinja, ka kw'eyi ngulo ku mwaguzaga eshwa?» Ashubiza ntya: «Neechi, kw'eyoola ngulo.».","Pierre lui adressa la parole: Dis-moi, est-ce à un tel prix que vous avez vendu le champ? Oui, répondit-elle, cest à ce prix-là."
ACT.5.9,Petero ashuba kumubaza ntya: «Gurhe mwagalaga kuyunviikana yi mugeregeza Muuka-Mutagatiifu wa Nnaweerhu? Ololage! Amagulu m'abahambaga balo mo mano oku mulyango. Naawe baguheeka!».,"Alors Pierre lui dit: Comment vous êtes-vous accordés pour tenter lEsprit du Seigneur? Voici, ceux qui ont enseveli ton mari sont à la porte, et ils temporteront."
ACT.5.10,"Ho n'aho ahena embere z'amagulu ma Petero n'ogufa. Elaala misole yajiire omu nju, y'abugaana afiire. Yaheeka omubiri gwage yanaguhamba eburhambi bw'eba.","Au même instant, elle tomba aux pieds de lapôtre, et expira. Les jeunes gens, étant entrés, la trouvèrent morte; ils lemportèrent, et lensevelirent auprès de son mari."
ACT.5.11,Echigusho chooshi ch'abemeezi na booshi bayunvaga ogoola mwazi bagwarhwa n'obuuba bunene.,Une grande crainte sempara de toute lassemblée et de tous ceux qui apprirent ces choses.
ACT.5.12,Ebimenyeeso n'ebigiriginjo binene byaliiri kujirika omu bantu kulengera eNtumwa . Abemeezi baliiri gushimaanana booshi omu Mbaraza ya Solomoono.,Beaucoup de miracles et de prodiges se faisaient au milieu du peuple par les mains des apôtres. Ils se tenaient tous ensemble au portique de Salomon.
ACT.5.13,"Nta muntu n'omuguma orhali mwemeezi wagendaga abayegeera, aliko olubaga lwabakenga bweneene.",et aucun des autres nosait se joindre à eux; mais le peuple les louait hautement.
ACT.5.14,"Abantu banene, abalume n'abakazi, baliiri bayemeera Nnaweerhu. Bagendekera kuluga bweneene.","Le nombre de ceux qui croyaient au Seigneur, hommes et femmes, saugmentait de plus en plus;."
ACT.5.15,"Baliiri baleerha abalwala oku njira zigalihire, banabalyaamiza oku bishanja n'oku bipoyi, yi hano Petero agera, chiro egichuuchu chaage chigale gushukulira baguma omu bo.","en sorte quon apportait les malades dans les rues et quon les plaçait sur des lits et des couchettes, afin que, lorsque Pierre passerait, son ombre au moins couvrît quelquun deux."
ACT.5.16,Abantu banene bagendaga barhenga n'omu bishagala bitureene n'eYerusaleema eyi baheekere abalwala n'abantu bafarhirwe n'abazimu . Booshi baliiri baafumywa.,"La multitude accourait aussi des villes voisines à Jérusalem, amenant des malades et des gens tourmentés par des esprits impurs; et tous étaient guéris."
ACT.5.17,"Omudaahwa mukulu n'abantu baage booshi, k'okuderha abantu b'echigusho ch' aBasadukaayo , baaja bayunvira eNtumwa obongwa.","Cependant le souverain sacrificateur et tous ceux qui étaient avec lui, savoir le parti des sadducéens, se levèrent, remplis de jalousie."
ACT.5.18,Bazifarha n'okuzihira omu munyororo gw'abantu booshi.,"mirent les mains sur les apôtres, et les jetèrent dans la prison publique."
ACT.5.19,"Aliko obudufu, malahika wa Nnaweerhu achinguula emilyango y'omunyororo. Akuula mo zila ntumwa n'okuzibwira ntya:.","Mais un ange du Seigneur, ayant ouvert pendant la nuit les portes de la prison, les fit sortir, et leur dit:."
ACT.5.20,"«Mugende, muje omu Nju ya Nnamahanga , munabalire olubaga byooshi biyerekeere kano kalamo gahyaahya.».","Allez, tenez-vous dans le temple, et annoncez au peuple toutes les paroles de cette vie."
ACT.5.21,"Ezo ntumwa zabeere zayunva ebyoola binwa, zalamukira eseeziseezi omu Nju ya Nnamahanga, zanarhondera kuyigiriza. Omudaahwa mukulu n'abantu baage baahika. Bahamagaza akabuga k'aBayaahudi n'enshimaanano yooshi y'abashamuka b'aBaisraheeli. Banarhuma abalanzi kuja omu munyororo kuleerha eNtumwa.","Ayant entendu cela, ils entrèrent dès le matin dans le temple, et se mirent à enseigner. Le souverain sacrificateur et ceux qui étaient avec lui étant survenus, ils convoquèrent le sanhédrin et tous les anciens des fils dIsraël, et ils envoyèrent chercher les apôtres à la prison."
ACT.5.22,"Aliko abalanzi bagerere omu munyororo, barhababugaana mo. Baaja bagaluka n'okuja kubwira abakulu ntya:.","Les huissiers, à leur arrivée, ne les trouvèrent point dans la prison. Ils sen retournèrent, et firent leur rapport."
ACT.5.23,"«Rhwabugaanire omunyororo guchingirwe bwinja n'abalanzi bayimangire embere z'emilyango. Aliko rhwabeere rhwachinguula, ntaaye rhwabugaanire mo!».","en disant: Nous avons trouvé la prison soigneusement fermée, et les gardes qui étaient devant les portes; mais, après avoir ouvert, nous navons trouvé personne dedans."
ACT.5.24,"Egihe omukulu w'abalanzi b' eNju ya Nnamahanga n'abakulu b'abadaahwa bayunvaga ebyoola binwa, bayuumirwa, banachiibaza akaba bichi byahikiire eNtumwa.","Lorsquils eurent entendu ces paroles, le commandant du temple et les principaux sacrificateurs ne savaient que penser des apôtres et des suites de cette affaire."
ACT.5.25,"Muntu muguma aja ayinja kubabalira ntya: «Tala okw'abantu mwahiraga omu munyororo bayimangire omu Nju ya Nnamahanga, banali bayigiriza olubaga!».","Quelquun vint leur dire: Voici, les hommes que vous avez mis en prison sont dans le temple, et ils enseignent le peuple."
ACT.5.26,"Omukulu w'abalanzi n'abantu baage baava baaja kubaleerha. Babaleerha buzira kubalibuza, kwenge baliyuubahire olubaga lwakababanda amabaale.","Alors le commandant partit avec les huissiers, et les conduisit sans violence, car ils avaient peur dêtre lapidés par le peuple."
ACT.5.27,"Bayuusize kubaleerha, babaheeka embere w'akabuga k'aBayaahudi. Omudaahwa mukulu ababaza ntya:.","Après quils les eurent amenés en présence du sanhédrin, le souverain sacrificateur les interrogea en ces termes:."
ACT.5.28,«Ka rhurhalibabuzize bweneene ogurhachiyigiriza mw'eryoola ziino? Tala oku mwayunjwize eYerusaleema n'enyigirizo zenyu! Munashondere gurhuheesa eshagama y'oyu muntu!».,"Ne vous avons-nous pas défendu expressément denseigner en ce nom-là? Et voici, vous avez rempli Jérusalem de votre enseignement, et vous voulez faire retomber sur nous le sang de cet homme!."
ACT.5.29,Petero n'ezindi ntumwa bashubiza ntya: «Bihemere ogukenga Nnamahanga ahaali h'abantu.,Pierre et les apôtres répondirent: Il faut obéir à Dieu plutôt quaux hommes.
ACT.5.30,"Nnamahanga wa bashookuluza beerhu, afuulire Yeesu mwayirhaga omu kumubamba oku musalaaba.","Le Dieu de nos pères a ressuscité Jésus, que vous avez tué, en le pendant au bois."
ACT.5.31,"Anamuzamwire ekulyo kwage nka Mukulu na Muchunguzi, y'aha aBaisraheeli obulyo b'okuleka ebyaaha na Nnamahanga ababalire ebyaaha byaabo.","Dieu la élevé par sa droite comme Prince et Sauveur, pour donner à Israël la repentance et le pardon des péchés."
ACT.5.32,Rhuli bahamiiriza b'ebyoola byooshi haguma na Muuka-Mutagatiifu Nnamahanga aheere abamukenga.».,"Nous sommes témoins de ces choses, de même que le Saint-Esprit, que Dieu a donné à ceux qui lui obéissent."
ACT.5.33,"Abantu b'akabuga k'aBayaahudi baaja bakaliha looshi omu kuyunva ebyoola binwa, banashonda kuyirha eNtumwa.","Furieux de ces paroles, ils voulaient les faire mourir."
ACT.5.34,Aliko haliiri omu bo oMufarisaayo oyirikwa Gamaliyeeri. Aliiri mwigiriza w'amarhegeko okengerwe n'olubaga looshi. Ayimanga ahagarhi k'akabuga k'aBayaahudi n'ogurhegeka barhange bahuluse eNtumwa hityu.,"Mais un pharisien, nommé Gamaliel, docteur de la loi, estimé de tout le peuple, se leva dans le sanhédrin, et ordonna de faire sortir un instant les apôtres."
ACT.5.35,"Enyuma, aderha ntya: «Bantu b'eIsraheeli, muchilange oku bimukola kujirira abaala bantu.","Puis il leur dit: Hommes Israélites, prenez garde à ce que vous allez faire à légard de ces gens."
ACT.5.36,"Embere za bino bihe, hahulukiire muntu muguma oyirikwa Teuda. Aliiri achiderha oku ali muntu mukulu, n'abantu hoofu magana mane bamukulikira. Aliko ayirhwa, booshi bamukulikiraga balibirha n'echigusho chaage chaafa.","Car, il ny a pas longtemps que parut Theudas, qui se donnait pour quelque chose, et auquel se rallièrent environ quatre cents hommes: il fut tué, et tous ceux qui lavaient suivi furent mis en déroute et réduits à rien."
ACT.5.37,"Enyuma zaage, omu gihe ch'oluganjo lw'abantu, haahulukira Mugalilaaya muguma oyirikwa Yuuda, arhuma abantu bamukulikira. Naye ayirhwa, na booshi bamukulikiraga bashandaazwa.","Après lui, parut Judas le Galiléen, à lépoque du recensement, et il attira du monde à son parti: il périt aussi, et tous ceux qui lavaient suivi furent dispersés."
ACT.5.38,"Leero bunoola mbabwirire oku murhakulikiraga abaala bantu, munabaleke bagende. Bulaala, akaba ebi bali kujira guli muhigo changwa kaasi k'abantu, byaafa.","Et maintenant, je vous le dis ne vous occupez plus de ces hommes, et laissez-les aller. Si cette entreprise ou cette œuvre vient des hommes, elle se détruira;."
ACT.5.39,"Aliko akaba ebyoola birhengeere emwa Nnamahanga, murhakagala kubahanza. Muchilange mwangahengeera eyi muli mwalwisa Nnamahanga!» Abantu b'akabuga k'aBayaahudi bayunva amahano ma Gamaliyeeri.","mais si elle vient de Dieu, vous ne pourrez la détruire. Ne courez pas le risque davoir combattu contre Dieu."
ACT.5.40,"Bahamagala eNtumwa , bazishurhiisa, banazirhegeka oku zirhachiyigirizaga oku ziino lya Yeesu. Buzinda, bazilikuula.","Ils se rangèrent à son avis. Et ayant appelé les apôtres, ils les firent battre de verges, ils leur défendirent de parler au nom de Jésus, et ils les relâchèrent."
ACT.5.41,Entumwa zarhenga omu kabuga k'aBayaahudi eyi zishagalukire okubona zaganjirwe oku zikwaneene gukeneerezwa elugulu w'eziino lya Yeesu.,"Les apôtres se retirèrent de devant le sanhédrin, joyeux davoir été jugés dignes de subir des outrages pour le nom de Jésus."
ACT.5.42,"Bagendeerera ngasi lusiku kuyigiriza omu Nju ya Nnamahanga n'omu nju z'abantu, n'okubala oMwazi Mwinja gwa Yeesu, ye Kirisitu .","Et chaque jour, dans le temple et dans les maisons, ils ne cessaient denseigner, et dannoncer la bonne nouvelle de Jésus-Christ."
ACT.6.1,"Mw'ezoola siku, oluganjo lw' abemeezi lwaliiri lwayushuuka. aBayaahudi baliiri kuderha olulimi lw'eKigiriki barhondera kulundumira aBayaahudi baliiri kuderha olulimi lw'eGiheburaniya, bulaala abashumbakazi baabo baali babonereerwe egihe ch'okugaba ebiryo ngasi lusiku.","En ce temps-là, le nombre des disciples augmentant, les Hellénistes murmurèrent contre les Hébreux, parce que leurs veuves étaient négligées dans la distribution qui se faisait chaque jour."
ACT.6.2,"Zilaala ntumwa ekumi n'ebiri zagusha abemeezi booshi, zanababwira ntya: «Birhakwaneene rhulekeerere kuyigiriza eChinwa cha Nnamahanga mpu rhubeere rhuli rhwagaba ebiryo.","Les douze convoquèrent la multitude des disciples, et dirent: Il nest pas convenable que nous laissions la parole de Dieu pour servir aux tables."
ACT.6.3,"Cho girhumire, beene beerhu, mushonde ahagarhi kenyu bantu mushanvu bahamiriizwe bwinja n'abantu, bayunjwire Muuka-Mutagatiifu n'obwenge bunene. Boowe, barhwaheereza akoola kaasi.","Cest pourquoi, frères, choisissez parmi vous sept hommes, de qui lon rende un bon témoignage, qui soient pleins dEsprit-Saint et de sagesse, et que nous chargerons de cet emploi."
ACT.6.4,"Ntyo neerhu, rhwakomeza gusaliira n'okuyigiriza eChinwa cha Nnamahanga.».","Et nous, nous continuerons à nous appliquer à la prière et au ministère de la parole."
ACT.6.5,"Abemeezi booshi bali chigushire ahoola basiima eyoola myaazi. Bachishoga Sitefaano, muntu w'obwemeezi bunene onayunjwire Muuka-Mutagatiifu, Firipo, Porokoro, Nikanori, Timooni, Parimena na Nikola w'eAntiyokiya wayemeeraga edini ly'eKiyaahudi.","Cette proposition plut à toute lassemblée. Ils élurent Étienne, homme plein de foi et dEsprit-Saint, Philippe, Prochore, Nicanor, Timon, Parménas, et Nicolas, prosélyte dAntioche."
ACT.6.6,"Bamoleka bo eNtumwa , nazo zabasaliirira eyi zibalambuliire kw'amaboko.","Ils les présentèrent aux apôtres, qui, après avoir prié, leur imposèrent les mains."
ACT.6.7,"Echinwa cha Nnamahanga chaliiri kuyaalagala omu bantu, oluganjo lw'abemeezi lwaliiri kuyushuuka bweneene eYerusaleema, n'echigusho chinene ch' abadaahwa chayemeera Yeesu.","La parole de Dieu se répandait de plus en plus, le nombre des disciples augmentait beaucoup à Jérusalem, et une grande foule de sacrificateurs obéissaient à la foi."
ACT.6.8,Sitefaano aliyunjwire emigisho n'obuhashe bunene. Byaarhuma agenda ajira ebigiriginjo n'ebimenyeeso binene omu lubaga.,"Étienne, plein de grâce et de puissance, faisait des prodiges et de grands miracles parmi le peuple."
ACT.6.9,"Aliko bantu baguma, barhondera obuhaka na Sitefaano. Abo bantu bahulikiraga omu sinagoogi ederhwa y'«aBantu Barhengaga omu Buja», barhengaga omu gishagala ch'eKureene n'eche Alegizanduriya. Abandi bahulukiraga omu gihugo ch'eKilikiya n'eche Aziya.","Quelques membres de la synagogue dite des Affranchis, de celle des Cyrénéens et de celle des Alexandrins, avec des Juifs de Cilicie et dAsie, se mirent à discuter avec lui;."
ACT.6.10,"Aliko barhagalaga guhima Sitefaano kwenge aligwerhe bwenge bunene, na Muuka-Mutagatiifu aliiri kumuha ebinwa by'okuderha.",mais ils ne pouvaient résister à sa sagesse et à lEsprit par lequel il parlait.
ACT.6.11,Baaja baaha abantu efuranga yi baderha oku: «Rhwamuyunvaga ali aderha ebinwa by'okudukanga Muusa na Nnamahanga.».,Alors ils subornèrent des hommes qui dirent: Nous lavons entendu proférer des paroles blasphématoires contre Moïse et contre Dieu.
ACT.6.12,"Bararusa olubaga n'abashamuka b'aBayaahudi haguma n'abigiriza b'amarhegeko. Bayegeera Sitefaano, bamurhoola, banamuheeka omu kabuga k'aBayaahudi .","Ils émurent le peuple, les anciens et les scribes, et, se jetant sur lui, ils le saisirent, et lemmenèrent au sanhédrin."
ACT.6.13,Baleerha abahamiiriza b'obubeeshi baliiri baderha ntya: «Oyu muntu arhali aleka kuderha ebinwa bibi elugulu w'eNju ntagatiifu ya Nnamahanga n' eRhegeko lya Muusa.,"Ils produisirent de faux témoins, qui dirent: Cet homme ne cesse de proférer des paroles contre le lieu saint et contre la loi;."
ACT.6.14,"Kwenge rhwamuyunvaga aderha oku Yeesu w'eNazareeti ashanda eyi Nju ya Nnamahanga, anahindamula n'emicho Muusa arhulekeraga.».","car nous lavons entendu dire que Jésus, ce Nazaréen, détruira ce lieu, et changera les coutumes que Moïse nous a données."
ACT.6.15,"Abantu booshi baliiri mw'akoola kabuga k'aBayaahudi babeere bali baheneereza Sitefaano, baava baabona amalanga maage makola mashushire nk'ama malahika .","Tous ceux qui siégeaient au sanhédrin ayant fixé les regards sur Étienne, son visage leur parut comme celui dun ange."
ACT.7.1,Omudaahwa mukulu aja abaza Sitefaano ntya: «K'ebi bali bakuderha ko biri by'okuli?».,Le souverain sacrificateur dit: Les choses sont-elles ainsi?.
ACT.7.2,"Sitefaano ashubiza ntya: «Ba daarha na beene beerhu, munyunvirize! Nnamahanga w'obukuuze abonekeraga Abrahaamu , shookuluza weerhu, egihe aliiri omu gihugo ch'eMezopotamiya, embere alame omu gishagala ch'eHaraani.","Étienne répondit: Hommes frères et pères, écoutez! Le Dieu de gloire apparut à notre père Abraham, lorsquil était en Mésopotamie, avant quil sétablît à Charran; et il lui dit:."
ACT.7.3,"Anamubwira ntya: ‹Rhenga omu gihugo chaawe n'omu mulala gwawe, oje omu gihugo nji nakuyeereka.›.","Quitte ton pays et ta famille, et va dans le pays que je te montrerai."
ACT.7.4,"Abrahaamu aja arhenga omu gihugo ch'aBakalidayo aja kulama omu gishagala ch'eHaraani. Enyuma w'olufu lw'eshe, Nnamahanga amubungiisa kandi gurhenga eHaraani, ayinja kulama mu chinoola gihugo mulamire mo bunoola.","Il sortit alors du pays des Chaldéens, et sétablit à Charran. De là, après la mort de son père, Dieu le fit passer dans ce pays que vous habitez maintenant;."
ACT.7.5,"Nnamahanga arhamuhaaga agashambala mu chinoola gihugo, arhamuhaaga chiro ahantu agahira okugulu. Aliko amulaganya okumuheereza cho n'ababurhwa baage nachiro nta mwana abaga aza kugwarha.","il ne lui donna aucune propriété en ce pays, pas même de quoi poser le pied, mais il promit de lui en donner la possession, et à sa postérité après lui, quoiquil neût point denfant."
ACT.7.6,"Nnamahanga amubwira ntya: ‹Ababurhwa baawe nji baalama nka bahiisi omu gihugo chabeene, nji babajira baja, nji banabalibuza myaaka magana mane.",Dieu parla ainsi: Sa postérité séjournera dans un pays étranger; on la réduira en servitude et on la maltraitera pendant quatre cents ans.
ACT.7.7,"Aliko egihugo nji baaba babeere mo baja, nyoono nye nji nagihana. Buzinda bw'aho nji babunguluka n'okumparamya hanoola.›.","Mais la nation à laquelle ils auront été asservis, cest moi qui la jugerai, dit Dieu. Après cela, ils sortiront, et ils me serviront dans ce lieu-ci."
ACT.7.8,"Ntyo, Nnamahanga aja ajira endaganyo haguma n'Abrahaamu. Echimenyeso chaayo kwali gukembuulwa . Aja aburha Isaka anamukembuula olusiku lwa munaane enyuma z'okuburhwa. Isaka naye akembuula omugala Yakobo, na Yakobo akembuula bashookuluza beerhu, bo balaala bagala baage ekumi na babiri.","Puis Dieu donna à Abraham lalliance de la circoncision; et ainsi, Abraham, ayant engendré Isaac, le circoncit le huitième jour; Isaac engendra et circoncit Jacob, et Jacob les douze patriarches."
ACT.7.9,"«Bashookuluza bagwarha obongwa ku Yozefu, bamuguza y'aheekwa omu gihugo ch' eMiisiri nka muja. Aliko Nnamahanga aliiri haguma naye.","Les patriarches, jaloux de Joseph, le vendirent pour être emmené en Égypte."
ACT.7.10,"anamukuula omu malibuko maage mooshi. Amuha obwenge bunene n'okuyemeerwa embere za Farao, mwami w'egihugo ch'eMiisiri. Farao naye amujira mwimangizi w'echo gihugo n'enju yaage yooshi.","Mais Dieu fut avec lui, et le délivra de toutes ses tribulations; il lui donna de la sagesse et lui fit trouver grâce devant Pharaon, roi dÉgypte, qui létablit gouverneur dÉgypte et de toute sa maison."
ACT.7.11,"Enyuma z'aho, enzara nene yaba omu gihugo chooshi ch'eMiisiri n'omu gihugo ch'eKanaana. Amalibuko maliiri manene bweneene. Bashookuluza beerhu barhaalichiri baabona echi baalya.","Il survint une famine dans tout le pays dÉgypte, et dans celui de Canaan. La détresse était grande, et nos pères ne trouvaient pas de quoi se nourrir."
ACT.7.12,"Yakobo abeere ayunva oku hali engano omu gihugo ch'eMiisiri, arhuma yo bashookuluza beerhu oku burhanzi.","Jacob apprit quil y avait du blé en Égypte, et il y envoya nos pères une première fois."
ACT.7.13,"Bajiire y'obwakabiri, Yozefu achimenyeesa oku beene baabo, na Farao aja amenya omulala gwa Yozefu.","Et la seconde fois, Joseph fut reconnu par ses frères, et Pharaon sut de quelle famille il était."
ACT.7.14,"Enyuma, Yozefu arhuma baje guhamagala eshe Yakobo n'omulala gwage gooshi. Abantu b'omulala gwage baliiri makumi gali mushanvu na barhaano.","Puis Joseph envoya chercher son père Jacob, et toute sa famille, composée de soixante-quinze personnes."
ACT.7.15,"Yakobo aja eMiisiri, afiira yo n'abandi bashookuluza beerhu.","Jacob descendit en Égypte, où il mourut, ainsi que nos pères;."
ACT.7.16,"Babaheeka eShekemu, banabahamba omu shinda Abrahaamu agulaga emwa beene Hamoori oku gichiiro ch'efuranga.","et ils furent transportés à Sichem, et déposés dans le sépulcre quAbraham avait acheté, à prix dargent, des fils dHémor, père de Sichem."
ACT.7.17,"«Egihe chabeere chiri hoofu Nnamahanga alikwaneene kuyeeneza mo echilagaane ahaaga Abrahaamu, olubaga lwerhu lwaluga, lwanaba lunene omu gihugo ch'eMiisiri.","Le temps approchait où devait saccomplir la promesse que Dieu avait faite à Abraham, et le peuple saccrut et se multiplia en Égypte."
ACT.7.18,Omwami muhyaahya orhaliyinji Yozefu ava ayima oku gihugo ch'eMiisiri.,"jusquà ce que parut un autre roi, qui navait pas connu Joseph."
ACT.7.19,"Oyoola mwami arhebeka olubaga lwerhu, alibuza bashookuluza beerhu, abalekeesa enjolyaana zaabo yi zifa.","Ce roi, usant dartifice contre notre race, maltraita nos pères, au point de leur faire exposer leurs enfants, pour quils ne vécussent pas."
ACT.7.20,"«Mw'amo mango, Muusa aburhwa. Aliiri mwinja omu meesho ma Nnamahanga. Alilemberwe myeezi esharhu omu nju y'eshe.","A cette époque, naquit Moïse, qui était beau aux yeux de Dieu. Il fut nourri trois mois dans la maison de son père;."
ACT.7.21,"Abeere abishwa embuga, mwali wa Farao amubugula, anamulemba nka mugala waage.","et, quand il eut été exposé, la fille de Pharaon le recueillit, et léleva comme son fils."
ACT.7.22,"Muusa ayigirizwa omu bwenge bunene booshi bw' aBanyamiisiri , anaba muntu w'obuhashe omu binwa byaage n'omu bijiro byaage.","Moïse fut instruit dans toute la sagesse des Égyptiens, et il était puissant en paroles et en œuvres."
ACT.7.23,"«Egihe ayeenezaga myaaka makumi mane, ahiga kuja kulambagirira beene baabo, b'aBaisraheeli.","Il avait quarante ans, lorsquil lui vint dans le cœur de visiter ses frères, les fils dIsraël."
ACT.7.24,"Ava abona mwene waabo muguma oli alibuzwa n'oMunyamiisiri. Amulwira, anamuhoolera omu kuyirha oyoola Munyamiisiri.","Il en vit un quon outrageait, et, prenant sa défense, il vengea celui qui était maltraité, et frappa lÉgyptien."
ACT.7.25,Alikengereere oku beene baabo bakamenyere oku kugerera ye Nnamahanga abakuula omu buja. Aliko barhabimenyaga.,Il pensait que ses frères comprendraient que Dieu leur accordait la délivrance par sa main; mais ils ne comprirent pas.
ACT.7.26,"Olusiku lwakulikiraga, Muusa abugaana aBaisraheeli babiri bali baalwa. Omu gushonda abayunvisanye yi bagwarha omurhuula, ababwira ntya: ‹Ego baza wee, oku muli baguma! Chagarhuma mwalibuzanya?›.","Le jour suivant, il parut au milieu deux comme ils se battaient, et il les exhorta à la paix: Hommes, dit-il, vous êtes frères; pourquoi vous maltraitez-vous lun lautre?."
ACT.7.27,Aliko olaala waliiri alibuza owaabo ashunika Muusa n'okubaza ntya: ‹Nde wakujiraga mukulu na muzuuzi weerhu?.,"Mais celui qui maltraitait son prochain le repoussa, en disant: Qui ta établi chef et juge sur nous?."
ACT.7.28,Ka wooyo oshondere kunyirha nk'oku nji wayirhaga olaala Munyamiisiri mulaagolo?›.,"Veux-tu me tuer, comme tu as tué hier lÉgyptien?."
ACT.7.29,"Muusa ayunviirhe echoola chinwa, alibirha n'okuva abungira omu gihugo ch'eMidiyaani. Aburhira eyoola munda bagala babiri.","A cette parole, Moïse prit la fuite, et il alla séjourner dans le pays de Madian, où il engendra deux fils."
ACT.7.30,"«Myaaka makumi mane yabeere yayeenera, malahika amubonekera omu mpinga y'omusozi gw'eSinaayi omu birimi by'omuliro byaliiri byagulumira omu gishaka.","Quarante ans plus tard, un ange lui apparut, au désert de la montagne de Sinaï, dans la flamme dun buisson en feu."
ACT.7.31,"Muusa abwene ebyoola, asoomererwa okoola kubonekerwa. Aliko egihe abaaga ali ayegeera y'achirhegeereza, ava ayunva omulenge gwa Nnaweerhu gwaderha ntya:.","Moïse, voyant cela, fut étonné de cette apparition; et, comme il sapprochait pour examiner, la voix du Seigneur se fit entendre:."
ACT.7.32,"‹Nyoono nye Nnamahanga wa bashookuluza baawe, Nnamahanga w'Abrahaamu, Isaka na Yakobo!› Muusa ahinda omusisi, arhanagishubiiraga kugendeerera kulola.","Je suis le Dieu de tes pères, le Dieu dAbraham, dIsaac et de Jacob. Et Moïse, tout tremblant, nosait regarder."
ACT.7.33,"Nnaweerhu amubwira ntya: ‹Hogola ebiraato byaawe, kwenge hanoola oyimangire hali hantu hatagatiifu.","Le Seigneur lui dit: Ote tes souliers de tes pieds, car le lieu sur lequel tu te tiens est une terre sainte."
ACT.7.34,"Nabwene bwinja amalibuko m'olubaga lwani luli omu gihugo ch'eMiisiri, nayunviirhe amalira maabo. Bo bunoola nayandageere kubalikuuza. Jaaga wayinja, nagurhuma eMiisiri.›.","Jai vu la souffrance de mon peuple qui est en Égypte, jai entendu ses gémissements, et je suis descendu pour le délivrer. Maintenant, va, je tenverrai en Égypte."
ACT.7.35,"« Oyo Muusa y'aBaisraheeli balahiraga omu kuderha ntya: ‹Nde wakujiraga mukulu na muzuuzi weerhu?›, yeewe ye Nnamahanga arhumire nka mukulu na murhabaazi, kugerera oburhabaale bwa malahika wamubonekeraga omu gishaka.",": Ce Moïse, quils avaient renié, en disant: Qui ta établi chef et juge? Cest lui que Dieu envoya comme chef et comme libérateur avec laide de lange qui lui était apparu dans le buisson."
ACT.7.36,"Yeewe ye wakuulaga aBaisraheeli omu gihugo ch'eMiisiri omu kujira ebigiriginjo n'ebimenyeeso mw'echo gihugo, omu nyanja Ndukula n'omu mpinga mu myaaka makumi mane.","Cest lui qui les fit sortir dÉgypte, en opérant des prodiges et des miracles au pays dÉgypte, au sein de la mer Rouge, et au désert, pendant quarante ans."
ACT.7.37,Kandi Muusa ye wabwiraga aBaisraheeli ntya: ‹Nnamahanga nj'abaha omuleebi oli nka nyoono gurhenga omu beene benyu.›.,Cest ce Moïse qui dit aux fils dIsraël: Dieu vous suscitera dentre vos frères un prophète comme moi.
ACT.7.38,"Egihe olubaga lw'eIsraheeli lwaliiri omu mpinga, oyo Muusa ye waliiri ahagarhi ka bashookuluza beerhu, na malahika waliiri amuganiiza oku musozi gw'eSinaayi. Yeewe ye wayankiiriraga ebinwa by'akalamo y'arhuha byo.","Cest lui qui, lors de lassemblée au désert, étant avec lange qui lui parlait sur la montagne de Sinaï et avec nos pères, reçut des oracles vivants, pour nous les donner."
ACT.7.39,"Aliko bashookuluza beerhu barhashondaga kumukenga, si bamulahira. Bachifiija omu mirhima yaabo mpu bagaluke eMiisiri.","Nos pères ne voulurent pas lui obéir, ils le repoussèrent, et ils tournèrent leur cœur vers lÉgypte."
ACT.7.40,"Babwira Haruuni ntya: ‹Orhujirire emaana z'okulambagira embere zeerhu, kwenge rhurhamenyere ebyabereere oyo Muusa warhukuulaga omu gihugo ch'eMiisiri.›.","en disant à Aaron: Fais-nous des dieux qui marchent devant nous; car ce Moïse qui nous a fait sortir du pays dÉgypte, nous ne savons ce quil est devenu."
ACT.7.41,"Mw'ezoola siku, bachijirira egishushanyo ch'ekimasha. Barhuulira cho entuulo y'ogusireeza, banajirira edinye echintu enfune zaabo zajiraga.","Et, en ces jours-là, ils firent un veau, ils offrirent un sacrifice à lidole, et se réjouirent de lœuvre de leurs mains."
ACT.7.42,"Nnamahanga aja arhenga ahagarhi kaabo, anabaleka baharamye ezuuba, omwezi n'enyenyeezi nk'oku biyandikirwe ntya omu gitaabu ch'abaleebi: ‹Ego bantu b'eIsraheeli, ka nyoono nye mwarhuuliraga ebirhungano n'ezindi ntuulo z'ogusirezwa omu myaaka makumi mane omu mpinga?.","Alors Dieu se détourna, et les livra au culte de larmée du ciel, selon quil est écrit dans le livre des prophètes: Mavez-vous offert des victimes et des sacrifices Pendant quarante ans au désert, maison dIsraël?…."
ACT.7.43,"Nangwa, aliko mwaliheekere ehema ly'emaana yenyu eyirikwa Moloki n'enyenyeezi y'emaana yenyu eyirikwa Refaani, ebyoola bishushanyo mwajiraga yi mubiharamya! Elugulu w'ebyoola nabarhuma buja gurhaluka eBabilooni .›.","Vous avez porté la tente de Moloch Et létoile du dieu Remphan, Ces images que vous avez faites pour les adorer! Aussi vous transporterai-je au-delà de Babylone."
ACT.7.44,«Bashookuluza beerhu bali bagwerhe omu mpinga ehema ly'obuhamiiriza. Bakwizaga elyoola hema nk'oku Nnamahanga arhegekaga Muusa gukulikirana n'eshusho abonaga.,"Nos pères avaient au désert le tabernacle du témoignage, comme lavait ordonné celui qui dit à Moïse de le faire daprès le modèle quil avait vu."
ACT.7.45,"Enyuma z'okuyankiirira elyo hema, bashookuluza beerhu haguma na Yoshuwa baliheeka omu gihugo barhoolaga eyi Nnamahanga amalibisya embaga zaacho embere zaabo. Lyabeera mw'echo gihugo kugera amango ma Daawudi .","Et nos pères, layant reçu, lintroduisirent, sous la conduite de Josué, dans le pays qui était possédé par les nations que Dieu chassa devant eux, et il y resta jusquaux jours de David."
ACT.7.46,"Daawudi ayemeerwa na Nnamahanga, ava amuhema ntya: ‹Nnamahanga wa Yakobo, onyemeerere nkuyumbakire eNju.›.","David trouva grâce devant Dieu, et demanda délever une demeure pour le Dieu de Jacob;."
ACT.7.47,Aliko Solomoono ye wamuyumbakiire eNju.,et ce fut Salomon qui lui bâtit une maison.
ACT.7.48,"Chiro akaba ntyo, Nnamahanga w'Elugulu Bweneene arhalama omu bintu byajirirwe n'efune z'abantu, nk'oku omuleebi aderhere:.","Mais le Très-Haut nhabite pas dans ce qui est fait de main dhomme, comme dit le prophète:."
ACT.7.49,"‹Nnaweerhu aderhere ntya: Empingu yo ntebe yaani, n'egulu yo ndabarhiro yaani. Nju nchi nji mwanyumbakira, hayi nji haaba hantu haani h'oguhumuukira?.","Le ciel est mon trône, Et la terre mon marchepied. Quelle maison me bâtirez-vous, dit le Seigneur, Ou quel sera le lieu de mon repos?."
ACT.7.50,K'arhali fune yaani yajiraga ebyoola byooshi?›.,Nest-ce pas ma main qui a fait toutes ces choses?….
ACT.7.51,"«Ego mwe bantu bazibu! Emirhima yenyu n'amarhwi menyu biri by'abantu barhayemereere Nnamahanga, muli kuguma na bashookuluza benyu. Ngasi mango munalahira kuyunva omulenge gwa Muuka-Mutagatiifu.","Hommes au cou raide, incirconcis de cœur et doreilles! Vous vous opposez toujours au Saint-Esprit. Ce que vos pères ont été, vous lêtes aussi."
ACT.7.52,"Nde omu baleebi orhalibuzwaga na bashookuluza benyu? Bayirhaga balaala babalaga embere okuyinja kw'Okwaneene. Y'olaala mwabo nji mwalenganyaga, mwanamuyirha.","Lequel des prophètes vos pères nont-ils pas persécuté? Ils ont tué ceux qui annonçaient davance la venue du Juste, que vous avez livré maintenant, et dont vous avez été les meurtriers."
ACT.7.53,"Mwewe, mwe mwayankiriraga Erhegeko bamalahika babalaga, aliko murhalikulikiraga!».","vous qui avez reçu la loi daprès des commandements danges, et qui ne lavez point gardée!…."
ACT.7.54,"Abantu b'akabuga k'aBayaahudi bayunvire ebyoola binwa byooshi bakaliha bweneene, banarhondera kumugugurhira amenyo.","En entendant ces paroles, ils étaient furieux dans leur cœur, et ils grinçaient des dents contre lui."
ACT.7.55,"Aliko Sitefaano alola empingu eyi ayunjwire Muuka-Mutagatiifu, abona obukuuze bwa Nnamahanga na Yeesu eyi ayimangire ekulyo kwa Nnamahanga.","Mais Étienne, rempli du Saint-Esprit, et fixant les regards vers le ciel, vit la gloire de Dieu et Jésus debout à la droite de Dieu."
ACT.7.56,Aderha ntya: «Mbwene empingu zichinguukire na Mwene oMuntu ayimangire ekulyo kwa Nnamahanga!».,"Et il dit: Voici, je vois les cieux ouverts, et le Fils de lhomme debout à la droite de Dieu."
ACT.7.57,Baaja bayaama bweneene eyi bafukire amarhwi maabo. Booshi haguma bamubalalira ko.,"Ils poussèrent alors de grands cris, en se bouchant les oreilles, et ils se précipitèrent tous ensemble sur lui."
ACT.7.58,"Bamukuula omu gishagala, banamubanda amabaale. Abantu bamusidaakaga babikiisa omuzaana wayirikwaga Saawulo emyambalo yaabo.","le traînèrent hors de la ville, et le lapidèrent. Les témoins déposèrent leurs vêtements aux pieds dun jeune homme nommé Saul."
ACT.7.59,"Babeere bali bamubanda amabaale, Sitefaano asaliira ntya: «Nnaweerhu Yeesu, yankirira omuuka gwani!».","Et ils lapidaient Étienne, qui priait et disait: Seigneur Jésus, reçois mon esprit!."
ACT.7.60,"Afukama, n'okuva ayaama ntya n'omulenge munene: «Nnaweerhu, orhabahaniraga echiila chaaha!» Ayuusize kuderha ebyoola binwa, afa.","Puis, sétant mis à genoux, il sécria dune voix forte: Seigneur, ne leur impute pas ce péché! Et, après ces paroles, il sendormit."
ACT.8.1,"Saawulo aliyemereere olufu lwa Sitefaano. Oloola lusiku, echigusho ch'abemeezi ch'eYerusaleema charhondera kulibuzwa bweneene. Booshi, kuleka entumwa , bayandaala omu gihugo ch' eYudeeya n'omu ch'eSamariya.","Saul avait approuvé le meurtre dÉtienne. Il y eut, ce jour-là, une grande persécution contre lÉglise de Jérusalem; et tous, excepté les apôtres, se dispersèrent dans les contrées de la Judée et de la Samarie."
ACT.8.2,"Aliko abantu bakengaga Nnamahanga bahamba Sitefaano, banamulakira bweneene.","Des hommes pieux ensevelirent Étienne, et le pleurèrent à grand bruit."
ACT.8.3,"Saawulo yeewe, aliiri kulibuza echigusho ch'abemeezi. Aliiri kuja omu maju, anakuula mw'abalume n'abakazi, anabaheeka omu munyororo.","Saul, de son côté, ravageait lÉglise; pénétrant dans les maisons, il en arrachait hommes et femmes, et les faisait jeter en prison."
ACT.8.4,"Aliko emunda balaala bashandaalaga baliiri balenga, baliiri babala oMwazi Mwinja.","Ceux qui avaient été dispersés allaient de lieu en lieu, annonçant la bonne nouvelle de la parole."
ACT.8.5,"Firipo ayandagalira omu gishagala chinene ch'egihugo ch'eSamariya, arhondera kubalira abantu elugulu wa Kirisitu .","Philippe, étant descendu dans la ville de Samarie, y prêcha le Christ."
ACT.8.6,"Abantu banene baliiri bayunviriza bwinjabwinja haguma enyigirizo za Firipo, n'okubona ebimenyeeso aliiri ajira.","Les foules tout entières étaient attentives à ce que disait Philippe, lorsquelles apprirent et virent les miracles quil faisait."
ACT.8.7,Abazimu baliiri barhenga omu bantu banene eyi bali bayaama bweneene. Bantu banene bahunzize n'ebirema baafuma.,"Car des esprits impurs sortirent de plusieurs démoniaques, en poussant de grands cris, et beaucoup de paralytiques et de boiteux furent guéris."
ACT.8.8,Habonekana obushagaluke bunene mw'echoola gishagala.,Et il y eut une grande joie dans cette ville.
ACT.8.9,Muntu muguma oyirikwa Simooni abaaga arhuula mw'echoola gishagala. Aliiri ajirira m'obukurungu n'ogusoomeza aBasamariya. Aliiri guchiihala oku ye ntabalalwa.,"Il y avait auparavant dans la ville un homme nommé Simon, qui, se donnant pour un personnage important, exerçait la magie et provoquait létonnement du peuple de la Samarie."
ACT.8.10,"Booshi, gurhengera oku mudoorho guhika oku mukulu, baliiri bamuyunviriza n'okuderha ntya: «Oyoola muntu ali buhashe bwa Nnamahanga, bulaala buderhwa ‹Buhashe Bunene.›».","Tous, depuis le plus petit jusquau plus grand, lécoutaient attentivement, et disaient: Celui-ci est la puissance de Dieu, celle qui sappelle la grande."
ACT.8.11,"Baliiri bamuyunviriza, bulaala haliiri hamaagera esiku zinene ey'abasomeeze n'obukurungu bwage.","Ils lécoutaient attentivement, parce quil les avait longtemps étonnés par ses actes de magie."
ACT.8.12,"Babeere bayemeera Firipo waliiri abalira bo oMwazi Mwinja gw'obwime bwa Nnamahanga n'eziino lya Yeesu Kirisitu , abalume n'abakazi babatiizwa.","Mais, quand ils eurent cru à Philippe, qui leur annonçait la bonne nouvelle du royaume de Dieu et du nom de Jésus-Christ, hommes et femmes se firent baptiser."
ACT.8.13,"Simooni naye yenyine ayemeera Yeesu, anabatiizwa. Arhagirhengaga ku Firipo, anasoomererwa ebimenyeeso n'ebijiro by'obuhashe binene byaliiri byajirika.","Simon lui-même crut, et, après avoir été baptisé, il ne quittait plus Philippe, et il voyait avec étonnement les miracles et les grands prodiges qui sopéraient."
ACT.8.14,"Entumwa zaliiri eYerusaleema zabeere zayunva okw'abantu b'eSamariya bayankiriire eChinwa cha Nnamahanga, zabarhumira Petero na Yohaana.","Les apôtres, qui étaient à Jérusalem, ayant appris que la Samarie avait reçu la parole de Dieu, y envoyèrent Pierre et Jean."
ACT.8.15,"Bombi babeere baagera eSamariya, basaliirira abemeezi yi bayankirira Muuka-Mutagatiifu.","Ceux-ci, arrivés chez les Samaritains, prièrent pour eux, afin quils reçussent le Saint-Esprit."
ACT.8.16,kwenge abaga arhaza yandagalira chiro oku muguma wabo. Babaaga babatiizizwe konyine oku ziino lya Nnaweerhu Yeesu.,Car il nétait encore descendu sur aucun deux; ils avaient seulement été baptisés au nom du Seigneur Jésus.
ACT.8.17,"Petero na Yohaana baaja babalambuulira kw'amaboko, banayankirira Muuka-Mutagatiifu.","Alors Pierre et Jean leur imposèrent les mains, et ils reçurent le Saint-Esprit."
ACT.8.18,"Egihe Simooni abonaga oku bayankiriire Muuka-Mutagatiifu kugerera eNtumwa omu kubalambuulira kw'amaboko, abaheekera efuranga, anababwira ntya:.","Lorsque Simon vit que le Saint-Esprit était donné par limposition des mains des apôtres, il leur offrit de largent."
ACT.8.19,«Mumpaage naani obuula buhashe yi ngasi muntu naani nalambuulira kw'amaboko ayankirire Muuka-Mutagatiifu.».,"en disant: Accordez-moi aussi ce pouvoir, afin que celui à qui jimposerai les mains reçoive le Saint-Esprit."
ACT.8.20,"Aliko Petero amubwira ntya: «Efuranga zaawe zihere haguma naawe, bulaala waliganiizize kugula empaano ya Nnamahanga kugerera efuranga!.","Mais Pierre lui dit: Que ton argent périsse avec toi, puisque tu as cru que le don de Dieu sacquérait à prix dargent!."
ACT.8.21,"Orhagwerhe chigabi chiro n'egityu mw'aka kaasi, kwenge omurhima gwawe gurhakwaneene embere za Nnamahanga.","Il ny a pour toi ni part ni lot dans cette affaire, car ton cœur nest pas droit devant Dieu."
ACT.8.22,"Jaaga waleka ebyaaha byaawe by'oguchifiija, onasaliire Nnaweerhu yi nkabaga ababalire enganiiza y'omurhima gwawe.","Repens-toi donc de ta méchanceté, et prie le Seigneur pour que la pensée de ton cœur te soit pardonnée, sil est possible;."
ACT.8.23,"Kwenge mbwene oku oyunjwire obongwa nka kalulwe k'endulwe, onashwekerwe n'ebyaaha.».",car je vois que tu es dans un fiel amer et dans les liens de liniquité.
ACT.8.24,"Simooni ashubiza ntya: «Mwenyine munsaliirire Nnaweerhu, yi ntaacho chimbeerage omu bi mwaderhere.».","Simon répondit: Priez vous-mêmes le Seigneur pour moi, afin quil ne marrive rien de ce que vous avez dit."
ACT.8.25,"Petero na Yohaana bamalire guhaana obuhamiriza bwabo n'okuyigiriza eChinwa cha Nnaweerhu, bagaluka eYerusaleema. Bagenda bali baabala oMwazi Mwinja omu bishagala binene by'aBasamariya.","Après avoir rendu témoignage à la parole du Seigneur, et après lavoir prêchée, Pierre et Jean retournèrent à Jérusalem, en annonçant la bonne nouvelle dans plusieurs villages des Samaritains."
ACT.8.26,"Malahika wa Nnaweerhu abwira Firipo ntya: «Yimanga, onagende omu njira ejiire egarhongo, elaala erhengeere eYerusaleema guhika eGaza.» Eyoola njira egerere omu mpinga.","Un ange du Seigneur, sadressant à Philippe, lui dit: Lève-toi, et va du côté du midi, sur le chemin qui descend de Jérusalem à Gaza, celui qui est désert."
ACT.8.27,"Ava ayimanga, agenda. Na mw'eyoola njira, mwaliiri oMunyaetiyopiya muguma w'entazi. Aliiri mukozi mukulu wa Kandake mwamikazi w'Etiyopiya, na murhegesi w'ebikulo byaage byooshi. Alijiire eYerusaleema guharamya Nnamahanga.","Il se leva, et partit. Et voici, un Éthiopien, un eunuque, ministre de Candace, reine dÉthiopie, et surintendant de tous ses trésors, venu à Jérusalem pour adorer."
ACT.8.28,"Abeere ali arhenga yo ey'ayikeere omu mudugaari gwage, eyi anali asoma n'omulenge munene egitaabu ch'omuleebi Isaya.","sen retournait, assis sur son char, et lisait le prophète Ésaïe."
ACT.8.29,"Muuka-Mutagatiifu abwira Firipo ntya: «Gendeerera, oshimaane guliira mudugaari.».","LEsprit dit à Philippe: Avance, et approche-toi de ce char."
ACT.8.30,"Firipo alibirhira go, ayunva oMunyaetiyopiya ali asoma egitaabu ch'omuleebi Isaya. Firipo amubaza ntya: «K'oyunviirhe eby'oli wasoma?».","Philippe accourut, et entendit lÉthiopien qui lisait le prophète Ésaïe. Il lui dit: Comprends-tu ce que tu lis?."
ACT.8.31,"Ashubiza ntya: «Gurhe nakabiyunva, akonva ntaaye oli ampuguulira?» Ava ayinginga Firipo ashone, ayikale haguma naye omu mudugaari.","Il répondit: Comment le pourrais-je, si quelquun ne me guide? Et il invita Philippe à monter et à sasseoir avec lui."
ACT.8.32,"aMandiko Matagatiifu aliiri asoma maderhere ntya: «Aliheekerwe nka ntaama baaja kubaaga. Nka mwanabuzi osirire embere z'oli wamucha amooya, arhabumbuulaga obuunu bwage.","Le passage de lÉcriture quil lisait était celui-ci: Il a été mené comme une brebis à la boucherie; Et, comme un agneau muet devant celui qui le tond, Il na point ouvert la bouche."
ACT.8.33,"Omu guchirhonda kwage, barhamuchiiraga bwinja olushinja lwage. Nde nji waabala emyaazi y'egisisi chaage? Kwenge bakuulire akalamo kaage omu gulu.».","Dans son humiliation, son jugement a été levé. Et sa postérité, qui la dépeindra? Car sa vie a été retranchée de la terre."
ACT.8.34,"Oyoola Munyaetiyopiya abaza Firipo ntya: «Nkuyingingire, ombwire nde y'omuleebi aderhere ko ebyoola? Ali achiiderha oku byo changwa oku windi?».","Leunuque dit à Philippe: Je te prie, de qui le prophète parle-t-il ainsi? Est-ce de lui-même, ou de quelque autre?."
ACT.8.35,"Firipo aja arhonderera oku malaala Mandiko Matagatiifu oMunyaetiyopiya aliiri asoma, amubalira oMwazi Mwinja gwa Yeesu.","Alors Philippe, ouvrant la bouche et commençant par ce passage, lui annonça la bonne nouvelle de Jésus."
ACT.8.36,"Babeere bachiri bagenda, baagera aha amenji mali. Oyoola Munyaetiyopiya abaza ntya: «Tala amenji! Bichi bimbuzize kubatiizwa?».","Comme ils continuaient leur chemin, ils rencontrèrent de leau. Et leunuque dit: Voici de leau; quest-ce qui empêche que je sois baptisé?."
ACT.8.37,"Firipo amushubiza ntya: «Akonva oyemeerere Yeesu n'omurhima gwawe gooshi, wakabatiizwa.» Naye aderha ntya: «Neechi! Nayemereere oku Yeesu Kirisitu ali Mwene Nnamahanga.».","Philippe dit: Si tu crois de tout ton cœur, cela est possible. Leunuque répondit: Je crois que Jésus-Christ est le Fils de Dieu."
ACT.8.38,"Oyoola Munyaetiyopiya ava ayimanza omudugaari. Bombi bayandagalira omu menji, Firipo n'olaala Munyaetiyopiya. Firipo ava amubatiiza.","Il fit arrêter le char; Philippe et leunuque descendirent tous deux dans leau, et Philippe baptisa leunuque."
ACT.8.39,"Babeere barhenga omu menji, oMuuka gwa Nnaweerhu gwaheeka Firipo. Oyoola Munyaetiyopiya arhachimubonaga, aliko agendeerera olugenzi, eyi ashagalukire.","Quand ils furent sortis de leau, lEsprit du Seigneur enleva Philippe, et leunuque ne le vit plus. Tandis que, joyeux, il poursuivait sa route."
ACT.8.40,"Firipo yeewe, ahengeera akola ali omu gishagala che Azoto. Alema abala yo oMwazi Mwinja omu bishagala byooshi aliiri agera mo, guhika okugera kwage omu gishagala ch'eKayizariya.","Philippe se trouva dans Azot, doù il alla jusquà Césarée, en évangélisant toutes les villes par lesquelles il passait."
ACT.9.1,"Mw'ezoola siku, Saawulo alichiri aderha okw'ayirha abemeezi ba Nnaweerhu. Aja emw' omudaahwa mukulu .","Cependant Saul, respirant encore la menace et le meurtre contre les disciples du Seigneur, se rendit chez le souverain sacrificateur, Ac :."
ACT.9.2,"anamuhema amaruba m'okuja omu masinagoogi m'omu gishagala ch'eDamasiki, y'akabugaana yo abalume changwa abakazi bakulikiire eNjira ya Nnaweerhu, abashweke, anabaleerhe eYerusaleema.","et lui demanda des lettres pour les synagogues de Damas, afin que, sil trouvait des partisans de la nouvelle doctrine, hommes ou femmes, il les amenât liés à Jérusalem."
ACT.9.3,"Abeere ali omu njira hoofu ahike eDamasiki, ho n'aho, obumoleke bwarhenga empingu bwamugorha.","Comme il était en chemin, et quil approchait de Damas, tout à coup une lumière venant du ciel resplendit autour de lui."
ACT.9.4,"Ahenera ahashi, anava ayunva omulenge gwamubaza ntya: «Saawulo, Saawulo, girhumire wandibuza?».","Il tomba par terre, et il entendit une voix qui lui disait: Saul, Saul, pourquoi me persécutes-tu?."
ACT.9.5,"Ashubiza ntya: «Nnaweerhu, wooyo oli nde?» Omulenge gwashubiza ntya: «Nyoono, ndi Yeesu, oli walibuza.","Il répondit: Qui es-tu, Seigneur? Et le Seigneur dit: Je suis Jésus que tu persécutes. Il te serait dur de regimber contre les aiguillons."
ACT.9.6,"Aliko oyimange, oje omu gishagala. Omoola, bakubwira ech'okwaneene kujira.».","Tremblant et saisi deffroi, il dit: Seigneur, que veux-tu que je fasse? Et le Seigneur lui dit: Lève-toi, entre dans la ville, et on te dira ce que tu dois faire."
ACT.9.7,"Abantu baliiri babalama haguma na Saawulo bayimanga buzira kuderha elugulu w'ogusoomerwa. Baliiri bayunva omulenge, aliko ntaaye baliiri baabona.","Les hommes qui laccompagnaient demeurèrent stupéfaits; ils entendaient bien la voix, mais ils ne voyaient personne."
ACT.9.8,"Saawulo ayimanga, azibuula ameesho, aliko ntaacho aliiri abona. Baava bamufarhira oku kuboko, bamuheeka eDamasiki.","Saul se releva de terre, et, quoique ses yeux fussent ouverts, il ne voyait rien; on le prit par la main, et on le conduisit à Damas."
ACT.9.9,"Ajira siku esharhu buzira kubona, na buzira kulya changwa kunywa.","Il resta trois jours sans voir, et il ne mangea ni ne but."
ACT.9.10,"eDamasiki yaliiri omwemeezi oyirikwa Hananiya. Nnaweerhu amubonekera, amuhamagala: «Hananiya!» Naye ashubiza ntya: «Nyoono oyu, Nnaweerhu!».","Or, il y avait à Damas un disciple nommé Ananias. Le Seigneur lui dit dans une vision: Ananias! Il répondit: Me voici, Seigneur!."
ACT.9.11,"Nnaweerhu amubwira ntya: «Yimanga, ogende omu njira eyirikwa ‹Elambuukire›, obaze omu nju ya Yuuda omuntu oyirikwa Saawulo w'eTariso. Ali asaliira mu kino gihe.","Et le Seigneur lui dit: Lève-toi, va dans la rue quon appelle la droite, et cherche, dans la maison de Judas, un nommé Saul de Tarse."
ACT.9.12,"Omu kubonekerwa, abwene omuntu oyirikwa Hananiya aja omu nju, amanamulambuulira kw'amaboko y'ashube kubona.».","Car il prie, et il a vu en vision un homme du nom dAnanias, qui entrait, et qui lui imposait les mains, afin quil recouvrât la vue. Ananias répondit:."
ACT.9.13,"Hananiya ashubiza ntya: «Nnaweerhu, nayunvire bantu banene baderha obubi booshi oyoola muntu ajiriire abemeezi baawe eYerusaleema.","Seigneur, jai appris de plusieurs personnes tout le mal que cet homme a fait à tes saints dans Jérusalem;."
ACT.9.14,"Chiro na hanoola, abakulu b'abadaahwa bamuheere obuhashe bw'ogushweka abantu booshi basaliira oku ziino lyaawe.».","et il a ici des pouvoirs, de la part des principaux sacrificateurs, pour lier tous ceux qui invoquent ton nom."
ACT.9.15,"Aliko Nnaweerhu abwira Hananiya ntya: «Genda, kwenge oyoola mulume ali gikoleeso nachishogere ch'okubala eziino lyaani embere z'abarhali Bayaahudi n'abaami baabo, n'embere z'aBaisraheeli.","Mais le Seigneur lui dit: Va, car cet homme est un instrument que jai choisi, pour porter mon nom devant les nations, devant les rois, et devant les fils dIsraël;."
ACT.9.16,Namuyeereka nyoono nyenyine amalibuko mooshi akwaneene kulibuka elugulu waani.».,et je lui montrerai tout ce quil doit souffrir pour mon nom.
ACT.9.17,"Hananiya aja agenda. Abeere agera omu nju, alambuulira Saawulo kw'amaboko, anamubwira ntya: «Saawulo, mwene weerhu, Nnaweerhu Yeesu wakubonekeraga omu njira embere oyinje hano, antumire y'oshube kubona, onayunjule Muuka-Mutagatiifu.».","Ananias sortit; et, lorsquil fut arrivé dans la maison, il imposa les mains à Saul, en disant: Saul, mon frère, le Seigneur Jésus, qui test apparu sur le chemin par lequel tu venais, ma envoyé pour que tu recouvres la vue et que tu sois rempli du Saint-Esprit."
ACT.9.18,"Ho n'aho, ameesho maage maarhoga kw'ebiri nk'amagamba, anashuba kubona. Ayimanga, anabatiizwa.","Au même instant, il tomba de ses yeux comme des écailles, et il recouvra la vue. Il se leva, et fut baptisé;."
ACT.9.19,"Aja alya ebiryo, anashuba kugwarha emisi. Saawulo abeera siku zigeeke haguma n'abemeezi baliiri eDamasiki.","et, après quil eut pris de la nourriture, les forces lui revinrent. Saul resta quelques jours avec les disciples qui étaient à Damas."
ACT.9.20,Ava arhondera kubala omu masinagoogi oku Yeesu ali Mwene Nnamahanga.,Et aussitôt il prêcha dans les synagogues que Jésus est le Fils de Dieu.
ACT.9.21,"Booshi baliiri bamuyunva, basoomerwa; banalema babazana ntya: «K'arhali oyuula ye waliiri alibuza bweneene abasaliira eYerusaleema oku ziino lya Yeesu? K'arhanayinjaga hanoola kubashweka n'okubaheeka embere z' abakulu b'abadaahwa ?».","Tous ceux qui lentendaient étaient dans létonnement, et disaient: Nest-ce pas celui qui persécutait à Jérusalem ceux qui invoquent ce nom, et nest-il pas venu ici pour les emmener liés devant les principaux sacrificateurs?."
ACT.9.22,"Aliko obuhashe bwa Saawulo bwaliiri bwayuushuka omu gusoomeza aBayaahudi balilamire eDamasiki, omu kuyeereka bwinjabwinja oku Yeesu ye Kirisitu .","Cependant Saul se fortifiait de plus en plus, et il confondait les Juifs qui habitaient Damas, démontrant que Jésus est le Christ."
ACT.9.23,"Enyuma w'esiku zinene, aBayaahudi bahiga kuyirha Saawulo.","Au bout dun certain temps, les Juifs se concertèrent pour le tuer."
ACT.9.24,Aliko naye amenya ogo muhigo. Baliiri balanga emilyango y'egishagala ezuuba n'obudufu yi bamuyirhe.,"et leur complot parvint à la connaissance de Saul. On gardait les portes jour et nuit, afin de lui ôter la vie."
ACT.9.25,"Aliko obudufu, abigirizwa ba Saawulo bamurhoola, banamuyandagaza omu garhanda embuga w'olugurhu lw'egishagala.","Mais, pendant une nuit, les disciples le prirent, et le descendirent par la muraille, dans une corbeille."
ACT.9.26,"Saawulo agenda eYerusaleema. Abeere ahika yo, ashonda gurhe agachigusha haguma n'abemeezi, aliko booshi baliiri bamuyuubahire, kwenge barhaliyemereere oku abeere mwemeezi.","Lorsquil se rendit à Jérusalem, Saul tâcha de se joindre à eux; mais tous le craignaient, ne croyant pas quil fût un disciple."
ACT.9.27,"Baranaaba aja amurhoola, amuheekera eNtumwa . Abashambaalira gurhe Saawulo alibwene Nnaweerhu omu njira na gurhe Nnaweerhu ashambaalaga naye. Ashuba kubashambaalira gurhe Saawulo ayigirizaga buzira buuba eDamasiki oku ziino lya Yeesu.","Alors Barnabas, layant pris avec lui, le conduisit vers les apôtres, et leur raconta comment sur le chemin Saul avait vu le Seigneur, qui lui avait parlé, et comment à Damas il avait prêché franchement au nom de Jésus."
ACT.9.28,"Gurhengera echoola gihe, Saawulo alema alama haguma n'eNtumwa, alambagira haguma nabo omu Yerusaleema, analiiri ayigiriza buzira buuba oku ziino lya Nnaweerhu.","Il allait et venait avec eux dans Jérusalem, et sexprimait en toute assurance au nom du Seigneur."
ACT.9.29,Aliiri ashambaala n'oguhatana n'aBayaahudi b'olulimi lw'eKigiriki. Aliko aboola bantu baliiri bashonda kumuyirha.,Il parlait aussi et disputait avec les Hellénistes; mais ceux-ci cherchaient à lui ôter la vie.
ACT.9.30,"Abaabo babeere bamenya ogoola mwazi, baheeka Saawulo omu gishagala ch'eKayizariya, banamurhuma omu gishagala ch'eTariso.","Les frères, layant su, lemmenèrent à Césarée, et le firent partir pour Tarse."
ACT.9.31,"Mw'echoola gihe, echigusho ch'abemeezi chaliiri omu murhuula omu Yudeeya yooshi, eGalilaaya n'eSamariya. Chaliiri chagwarha emisi, chalama omu kuyuubaha Nnaweerhu, n'okuyuushuka kugerera oburhabaale bwa Muuka-Mutagatiifu.","LÉglise était en paix dans toute la Judée, la Galilée et la Samarie, sédifiant et marchant dans la crainte du Seigneur, et elle saccroissait par lassistance du Saint-Esprit."
ACT.9.32,"Petero abeere ali agera ngasi hantu, ayandagalira emwa abemeezi baliiri balamire omu gishagala ch'eLuuda.","Comme Pierre visitait tous les saints, il descendit aussi vers ceux qui demeuraient à Lydde."
ACT.9.33,Abugaana y'omuntu oyirikwa Ayineya walihunzize. Alilyaamire oku gishanja gurhenga myaaka munaane.,"Il y trouva un homme nommé Énée, couché sur un lit depuis huit ans, et paralytique."
ACT.9.34,"Petero ava amubwira ntya: «Ayineya, Yeesu Kirisitu amagufumya. Yimanga onazinge egishanja chaawe!» Ho n'aho ayimanga.","Pierre lui dit: Énée, Jésus-Christ te guérit; lève-toi, et arrange ton lit. Et aussitôt il se leva."
ACT.9.35,"Abantu booshi b'eLuuda na b'omu bulambo bw'eSaroni babeere baabona Ayineya, bayemeera Nnaweerhu.","Tous les habitants de Lydde et du Saron le virent, et ils se convertirent au Seigneur."
ACT.9.36,Omu gishagala ch'eYopa mwaliiri omukazi muguma mwemeezi wayirikwaga Tabita. Omu lulimi lw'eKigiriki ye Dorika . Agendaga ajira ebijiro binene binja n'ebyo bubabale.,"Il y avait à Joppé, parmi les disciples, une femme nommée Tabitha, ce qui signifie Dorcas: elle faisait beaucoup de bonnes œuvres et daumônes."
ACT.9.37,"Mw'ezoola siku, alwala, anava afa. Bamuyooza, bamuheeka omu gorofa ebusiika.","Elle tomba malade en ce temps-là, et mourut. Après lavoir lavée, on la déposa dans une chambre haute."
ACT.9.38,"Abemeezi babeere bayunva oku Petero ali eLuuda, hoofu n'eYopa, baarhuma balume babiri kumuyinginga ntya: «Rhuguhemere, yinja emwerhu buzira kulegama.».","Comme Lydde est près de Joppé, les disciples, ayant appris que Pierre sy trouvait, envoyèrent deux hommes vers lui, pour le prier de venir chez eux sans tarder."
ACT.9.39,"Petero ayimanga, anava agenda haguma nabo. Bagerere yo, bamuheeka omu gorofa ebusiika. Abashumbakazi booshi baliiri ahoola bayegeera Petero eyi bali baalira. Baliiri bamuyeereka amalopo n'eyindi myambalo Dorika abahangiraga egihe aliiri mugumaguma.","Pierre se leva, et partit avec ces hommes. Lorsquil fut arrivé, on le conduisit dans la chambre haute. Toutes les veuves lentourèrent en pleurant, et lui montrèrent les tuniques et les vêtements que faisait Dorcas pendant quelle était avec elles."
ACT.9.40,"Petero ahulusa abantu booshi, aja afukama, asaliira. Enyuma ahindamukira emunda omubiri gwaliiri, aderha ntya: «Tabita, yimanga!» Tabita aja azibuula ameesho. Abwene Petero, ayikala.","Pierre fit sortir tout le monde, se mit à genoux, et pria; puis, se tournant vers le corps, il dit: Tabitha, lève-toi! Elle ouvrit les yeux, et ayant vu Pierre, elle sassit."
ACT.9.41,"Petero amufarhira oku kuboko, amurhabaala kuyimanga. Aja ahamagala abashumbakazi n'abandi bemeezi, anabamoleka ye, eyi ali mugumaguma.","Il lui donna la main, et la fit lever. Il appela ensuite les saints et les veuves, et la leur présenta vivante."
ACT.9.42,Eyoola myaazi yamenyeekana omu gishagala chooshi ch'eYopa n'abantu banene bayemeera Nnaweerhu.,"Cela fut connu de tout Joppé, et beaucoup crurent au Seigneur."
ACT.9.43,Petero abeera eYopa siku zinene emw'omulume oyirikwa Simooni waliiri muhanga omu gukwiza empu.,"Pierre demeura quelque temps à Joppé, chez un corroyeur nommé Simon."
ACT.10.1,Omu gishagala ch'eKayizariya haliiri muntu muguma wayirikwaga Korineliyo. Aliiri mukulu w'echigusho ch'abasoda chayirikwaga «Chigusho ch'aBaitaliyana.».,"Il y avait à Césarée un homme nommé Corneille, centenier dans la cohorte dite italienne."
ACT.10.2,"Yeewe n'abantu booshi b'omu mwage, bakengaga Nnamahanga n'okumuyuubaha. Agendaga arhabaala abakene bweneene, anazigaanaga gusaliira Nnamahanga ngasi mango.","Cet homme était pieux et craignait Dieu, avec toute sa maison; il faisait beaucoup daumônes au peuple, et priait Dieu continuellement."
ACT.10.3,"Hoofu n'esaa mwenda z'ezuuba, abonekerwa, abona malahika wa Nnamahanga aja omu mwage n'okumuhamagala ntya: «Ego Korineliyo!».","Vers la neuvième heure du jour, il vit clairement dans une vision un ange de Dieu qui entra chez lui, et qui lui dit: Corneille!."
ACT.10.4,"Abeere amuloleereza, ayuubaha, anamubaza ntya: «Nnaweerhu, bichi byabeere?» Malahika amushubiza ntya: «Nnamahanga ayunviirhe amasaala maawe n'oburhabaale bwawe oku bakene anabuyibukire.","Les regards fixés sur lui, et saisi deffroi, il répondit: Quest-ce, Seigneur? Et lange lui dit: Tes prières et tes aumônes sont montées devant Dieu, et il sen est souvenu."
ACT.10.5,Ojaage warhuma abantu eYopa baleerhe Simooni washembulwaga Petero.,"Envoie maintenant des hommes à Joppé, et fais venir Simon, surnommé Pierre;."
ACT.10.6,"Ahandire emw'owundi Simooni w'omulenga omu gukwiza empu, n'enju yaage eri eburhambi bw'enyanja.».","il est logé chez un certain Simon, corroyeur, dont la maison est près de la mer."
ACT.10.7,"Malahika wamuganiizaga abeere agenda, Korineliyo ahamagala abakozi baage babiri b'akaasi k'omu nju, n'omusoda muguma omu balaala balemaga bamulanga, okenga Nnamahanga.","Dès que lange qui lui avait parlé fut parti, Corneille appela deux de ses serviteurs, et un soldat pieux dentre ceux qui étaient attachés à sa personne;."
ACT.10.8,"Amalire kubalira bo byooshi byabeere, abarhuma eYopa.","et, après leur avoir tout raconté, il les envoya à Joppé."
ACT.10.9,"Olusiku lwakulikiraga, aboola bantu basharhu babeere bachiri omu njira banakola bali bayegeera egishagala, Petero azamuukira elugulu oku nju gusaliira ey'emidi eri hoofu.","Le lendemain, comme ils étaient en route, et quils approchaient de la ville, Pierre monta sur le toit, vers la sixième heure, pour prier."
ACT.10.10,"Ayunva enzara, anagifiija kulya. Babeere bali bamuvuyira ebiryo, abonekerwa.","Il eut faim, et il voulut manger. Pendant quon lui préparait à manger, il tomba en extase."
ACT.10.11,Abona empingu echingwirwe n'echintu gishushire n'omwenda munene gifarhiriirwe oku bishimbiri bine chiri charhenga omu chanya n'okuyandagazwa oku daho.,"Il vit le ciel ouvert, et un objet semblable à une grande nappe attachée par les quatre coins, qui descendait et sabaissait vers la terre."
ACT.10.12,"Kw'echoola chintu kwaliiri ngasi buuko bw'enyama z'amagulu mane, enyama zibululuka oku daho, n'enyunyi zibalala omu chaalege.",et où se trouvaient tous les quadrupèdes et les reptiles de la terre et les oiseaux du ciel.
ACT.10.13,"Omulenge muguma gwava gwamubwira ntya: «Petero, yimanga, baaga onalye.».","Et une voix lui dit: Lève-toi, Pierre, tue et mange."
ACT.10.14,"Petero ashubiza ntya: «Nangwa Nnaweerhu! Ntashubiraga kulya echintu girhakwaneene kuliibwa, girhanacheesezwe!».","Mais Pierre dit: Non, Seigneur, car je nai jamais rien mangé de souillé ni dimpur."
ACT.10.15,"Obwakabiri omulenge gwamubwira ntya: «Echi Nnamahanga acheeseze, wooyo orhagirhoolaga oku girhakwaneene kuliibwa!».","Et pour la seconde fois la voix se fit encore entendre à lui: Ce que Dieu a déclaré pur, ne le regarde pas comme souillé."
ACT.10.16,"Ebyoola byaaba gasharhu, n'enyuma echoola chintu chaava chazamuulirwa empingu.","Cela arriva jusquà trois fois; et aussitôt après, lobjet fut retiré dans le ciel."
ACT.10.17,"Petero abeere achiri achibaza bichi okola kubonekerwa abonaga kuderhere, abantu Korineliyo arhumaga baaja baahika oku mulyango g'okuja omu nju. Babaaga babaziriize embere bamenye enju ya Simooni.","Tandis que Pierre ne savait en lui-même que penser du sens de la vision quil avait eue, voici, les hommes envoyés par Corneille, sétant informés de la maison de Simon, se présentèrent à la porte."
ACT.10.18,"Balegereza, banabaza akonva ahoola ha Simooni washembulwaga Petero ahandire.","et demandèrent à haute voix si cétait là que logeait Simon, surnommé Pierre."
ACT.10.19,"Petero abeere ali aganiiza kw'okola kubonekerwa, Muuka-Mutagatiifu amubwira ntya: «Haliira hali balume basharhu bali bagushonda.","Et comme Pierre était à réfléchir sur la vision, lEsprit lui dit: Voici, trois hommes te demandent;."
ACT.10.20,"Yandagala, onagende haguma nabo buzira kuganganwa, kwenge nyoono nye nabarhumaga.».","lève-toi, descends, et pars avec eux sans hésiter, car cest moi qui les ai envoyés."
ACT.10.21,Petero ava ayandagala n'okubwira aboola balume ntya: «Nyoono nye muli mwashonda. Bichi birhumire muli hanoola?».,"Pierre donc descendit, et il dit à ces hommes: Voici, je suis celui que vous cherchez; quel est le motif qui vous amène?."
ACT.10.22,"Baashubiza ntya: «Omukulu w'abasoda oyirikwa Korineliyo ye rhurhumire. Ali muntu okwaneene, oyuubaha Nnamahanga, n' aBayaahudi booshi bamuhamiiriza bwinja. Malahika Mutagatiifu amurhegekere oku rhukuleerhe emwage akuyunvirize.».","Ils répondirent: Corneille, centenier, homme juste et craignant Dieu, et de qui toute la nation des Juifs rend un bon témoignage, a été divinement averti par un saint ange de te faire venir dans sa maison et dentendre tes paroles."
ACT.10.23,"Petero aja abayankirira omu nju, anabaha aha balaala. Bwacheere eseezi, Petero azuuka, anagenda haguma nabo. Abemeezi baguma b'eYopa bamuherekeza.","Pierre donc les fit entrer, et les logea. Le lendemain, il se leva, et partit avec eux. Quelques-uns des frères de Joppé laccompagnèrent."
ACT.10.24,"Olusiku lwakulikiraga, baagera eKayizariya. Korineliyo aliiri abalinga eyi analaalikire emwage abantu b'omulala gwage, n'abeera baage b'oku murhima.","Ils arrivèrent à Césarée le jour suivant. Corneille les attendait, et avait invité ses parents et ses amis intimes."
ACT.10.25,"Petero abeere ahika emwa Korineliyo, Korineliyo aja kumuyankirira, afukama, anayuunama embere zaage omu kumukuuza.","Lorsque Pierre entra, Corneille, qui était allé au-devant de lui, tomba à ses pieds et se prosterna."
ACT.10.26,"Aliko Petero amuyimanza, anamubwira ntya: «Yimanga, kwenge naani ndi muntu kuguma naawe.».","Mais Pierre le releva, en disant: Lève-toi; moi aussi, je suis un homme."
ACT.10.27,"Petero aja omu nju haguma naye eyi bali baganiira, anabugaana mo abantu banene bachigushire.","Et conversant avec lui, il entra, et trouva beaucoup de personnes réunies."
ACT.10.28,Ababwira ntya: «Muyinji mwenyine okw'oMuyaahudi alahiizwe kugwarha obwira n'orhali Muyaahudi changwa okuja omu mwage. Aliko Nnamahanga anyerekere oku birhahemere ogurhoola omuntu nk'orhacheere changwa nk'arhakwaneene kuyegeerwa.,"Vous savez, leur dit-il, quil est défendu à un Juif de se lier avec un étranger ou dentrer chez lui; mais Dieu ma appris à ne regarder aucun homme comme souillé et impur."
ACT.10.29,"Cho girhumire, egihe mwantumiraga abantu kunshonda, namayinja buzira kuganganwa. Mbahemere muje mwambwira bichi byarhumaga mwampamagala.».","Cest pourquoi je nai pas eu dobjection à venir, puisque vous mavez appelé; je vous demande donc pour quel motif vous mavez envoyé chercher."
ACT.10.30,"Korineliyo ashubiza ntya: «Hamaagera bunoola siku esharhu, naliiri nasaliira omu mwani, oku gihe nka kinoola ch'esaa mwenda. Ho n'aho omuntu oyambeere emyambalo eri yabaraganya ayimanga embere zaani.","Corneille dit: Il y a quatre jours, à cette heure-ci, je priais dans ma maison à la neuvième heure; et voici, un homme vêtu dun habit éclatant se présenta devant moi, et dit:."
ACT.10.31,"Aderha ntya: ‹Korineliyo, Nnamahanga ayunviirhe amasaala maawe, anayibukire oburhabaale bwawe oku bakene.","Corneille, ta prière a été exaucée, et Dieu sest souvenu de tes aumônes."
ACT.10.32,"Jaaga warhuma abantu eYopa, baje guhamagala Simooni washembulwaga Petero. Ahandire aha burhambi bw'enyanja, omu nju ya Simooni muhanga w'ogukwiza empu.›.","Envoie donc à Joppé, et fais venir Simon, surnommé Pierre; il est logé dans la maison de Simon, corroyeur, près de la mer."
ACT.10.33,"Ho n'aho nava nagurhumira abantu kugushonda, naawe wajirire bwinja okuyinja. Leero rhweshi rhuli hanoola mw'eno saa embere za Nnamahanga yi rhuyunva byooshi Nnaweerhu agurhegekere gurhubwira.».","Aussitôt jai envoyé vers toi, et tu as bien fait de venir. Maintenant donc nous sommes tous devant Dieu, pour entendre tout ce que le Seigneur ta ordonné de nous dire."
ACT.10.34,Petero aj'aderha ntya: «Okuli bunoola namaamenya oku Nnamahanga arhajira kalondoole.,"Alors Pierre, ouvrant la bouche, dit: En vérité, je reconnais que Dieu ne fait point acception de personnes."
ACT.10.35,"Aliko omu ngasi lubaga, ngasi yeeshi omuyuubaha n'okujira ebikwaneene, Nnamahanga anamuyankirira.",mais quen toute nation celui qui le craint et qui pratique la justice lui est agréable.
ACT.10.36,Arhumaga echinwa oku Baisraheeli omu kubabalira oMwazi Mwinja gw'omurhuula kugerera Yeesu Kirisitu . Yeewe ye Nnaweerhu w'abantu booshi.,"Il a envoyé la parole aux fils dIsraël, en leur annonçant la paix par Jésus-Christ, qui est le Seigneur de tous."
ACT.10.37,"Mwewe, muyinji echizinda kuba omu Yudeeya yooshi gurhonderera eGalilaaya, enyuma za Yohaana kubala okw'abantu babatiizwe .","Vous savez ce qui est arrivé dans toute la Judée, après avoir commencé en Galilée, à la suite du baptême que Jean a prêché;."
ACT.10.38,"Muyinji gurhe Nnamahanga agishogaga Yeesu w'eNazareeti gukola akaasi kaage, anamuha Muuka-Mutagatiifu n'obuhashe. Hooshi aliiri agera, aliiri ajira amenja n'ogufumya abantu booshi baliiri omu buja bwa Shetaani. Kwenge Nnamahanga aliiri haguma naye.","vous savez comment Dieu a oint du Saint-Esprit et de force Jésus de Nazareth, qui allait de lieu en lieu faisant du bien et guérissant tous ceux qui étaient sous lempire du diable, car Dieu était avec lui."
ACT.10.39,Rhuli bahamiiriza ba byooshi ajiraga omu gihugo ch' aBayaahudi n'eYerusaleema. Olaala bayirhaga omu kumubamba oku musalaaba.,"Nous sommes témoins de tout ce quil a fait dans le pays des Juifs et à Jérusalem. Ils lont tué, en le pendant au bois."
ACT.10.40,aliko Nnamahanga amufuulire olusiku lwa gasharhu. Amuyeerekana oku bantu.,"Dieu la ressuscité le troisième jour, et il a permis quil apparût."
ACT.10.41,"arhali oku lubaga looshi, aliko oku bahamiiriza Nnamahanga abaaga agishogere, oku rhwewe rhwe rhwalyaaga, rhwananywa haguma naye enyuma w'ogufuuka kwage omu bafu.","non à tout le peuple, mais aux témoins choisis davance par Dieu, à nous qui avons mangé et bu avec lui, après quil fut ressuscité des morts."
ACT.10.42,Arhurhegekere okubalira olubaga n'okuyeerekena oku yeewe ye Nnamahanga ajirire muzuuzi w'abazeene n'abafiire.,Et Jésus nous a ordonné de prêcher au peuple et dattester que cest lui qui a été établi par Dieu juge des vivants et des morts.
ACT.10.43,"Abaleebi booshi bamuha obuula buhamiiriza: ngasi yeeshi omuyemeera, ebyaaha byaage binababalirwa kugerera eziino lyaage.».",Tous les prophètes rendent de lui le témoignage que quiconque croit en lui reçoit par son nom le pardon des péchés.
ACT.10.44,"Petero abeere achiri aderha ebyo binwa, Muuka-Mutagatiifu ayandagalira oku booshi baliiri babiyunviriza.","Comme Pierre prononçait encore ces mots, le Saint-Esprit descendit sur tous ceux qui écoutaient la parole."
ACT.10.45,Abemeezi booshi b'aBayaahudi bayinjaga haguma na Petero basoomerwa okubona abarhali Bayaahudi nabo bayandaazwa kw'empaano ya Muuka-Mutagatiifu.,Tous les fidèles circoncis qui étaient venus avec Pierre furent étonnés de ce que le don du Saint-Esprit était aussi répandu sur les païens.
ACT.10.46,Kwenge baliiri babayunva baderha omu ndimi n'ogukuuza Nnamahanga. Petero aja aderha ntya:.,Car ils les entendaient parler en langues et glorifier Dieu.
ACT.10.47,«Abaala bantu bayankirire Muuka-Mutagatiifu kuguma neerhu. Ka hali omuntu wakabalahirira kubatiizibwa omu menji?».,Alors Pierre dit: Peut-on refuser leau du baptême à ceux qui ont reçu le Saint-Esprit aussi bien que nous?.
ACT.10.48,Ava arhegeka oku babatiizwe oku ziino lya Yeesu Kirisitu . Baaja bahema Petero abeere haguma nabo siku zigeeke.,Et il ordonna quils fussent baptisés au nom du Seigneur. Sur quoi ils le prièrent de rester quelques jours auprès deux.
ACT.11.1,Entumwa n'abemeezi baliiri eYudeeya bayunva okw'abarhali Bayaahudi nabo bayankiriire eChinwa cha Nnamahanga.,Les apôtres et les frères qui étaient dans la Judée apprirent que les païens avaient aussi reçu la parole de Dieu.
ACT.11.2,"Amango Petero azamuukiraga eYerusaleema, abemeezi b'aBayaahudi bamurhonganya.","Et lorsque Pierre fut monté à Jérusalem, les fidèles circoncis lui adressèrent des reproches."
ACT.11.3,bamubwira ntya: «Ego muza we! Gurhe wajiire omu nju z'abarhali Bayaahudi wamanalya nabo!».,"en disant: Tu es entré chez des incirconcis, et tu as mangé avec eux."
ACT.11.4,Petero aja arhondera kubalira bo byooshi gurhe byalibeere. Ababwira ntya mwazi oku gwindi:.,Pierre se mit à leur exposer dune manière suivie ce qui sétait passé.
ACT.11.5,"«Nyoono naliiri omu gishagala ch'eYopa. Oku ndi nasaliira, nabonekerwa: chintu chiguma chiri nka mwenda munene gifarhirwe hantu hane, chachima gurhengera omu chaalege, chayandagazwa emunda ndi.","Il dit: Jétais dans la ville de Joppé, et, pendant que je priais, je tombai en extase et jeus une vision: un objet, semblable à une grande nappe attachée par les quatre coins, descendait du ciel et vint jusquà moi."
ACT.11.6,"Nabeere nasuuzuma cho, nabona chiri mo enyama z'amagulu mane, enyama z'elubala, ezibululuka n'enyunyi zibalala omu chaalege.","Les regards fixés sur cette nappe, jexaminai, et je vis les quadrupèdes de la terre, les bêtes sauvages, les reptiles, et les oiseaux du ciel."
ACT.11.7,"Nayunva omulenge gwambwira ntya: ‹Yimanga Petero, baaga, onalye.›.","Et jentendis une voix qui me disait: Lève-toi, Pierre, tue et mange."
ACT.11.8,Aliko nashubiza ntya: ‹Nangwa Nnaweerhu! Echintu girhacheesezwe girhanakwaneene kuliibwa girhashubiraga kuja omu buunu bwani!›.,"Mais je dis: Non, Seigneur, car jamais rien de souillé ni dimpur nest entré dans ma bouche."
ACT.11.9,"Oku bwakabiri, omulenge gwashubiza ntya gurhengera empingu: ‹Echi Nnamahanga acheeseze, wooyo orhagirhoolaga oku girhakwaneene kuliibwa!›.","Et pour la seconde fois la voix se fit entendre du ciel: Ce que Dieu a déclaré pur, ne le regarde pas comme souillé."
ACT.11.10,"Ebyoola byabeere byamajirika gasharhu, byooshi byaava byazamuulwa omu mpingu.",Cela arriva jusquà trois fois; puis tout fut retiré dans le ciel.
ACT.11.11,"Ho n'aho, bantu basharhu balintumiirwe gurhengera eKayizariya baahika omu nju rhwaliiri mo.","Et voici, aussitôt trois hommes envoyés de Césarée vers moi se présentèrent devant la porte de la maison où jétais."
ACT.11.12,"Muuka-Mutagatiifu ambwira mpu ngende nabo buzira kuganganwa. Aba beerhu ndarhu mubwene, bali mperekeeze, rhwanaja omu nju y'omuntu oyirikwa Korineliyo.","LEsprit me dit de partir avec eux sans hésiter. Les six hommes que voici maccompagnèrent, et nous entrâmes dans la maison de Corneille."
ACT.11.13,Oyoola Korineliyo arhubalira gurhe alibwene malahika ayimanga omu nju yaage n'okumubwira ntya: ‹Rhuma abantu eYopa baje gushonda Simooni washembulwaga Petero.,"Cet homme nous raconta comment il avait vu dans sa maison lange se présentant à lui et disant: Envoie à Joppé, et fais venir Simon, surnommé Pierre."
ACT.11.14,"Yeewe ye wakubwira ebinwa byakuleerhera obuchunguke, wooyo n'abantu b'omu nju yaawe booshi.›.","qui te dira des choses par lesquelles tu seras sauvé, toi et toute ta maison."
ACT.11.15,"Nabeere narhondera kuderha, Muuka-Mutagatiifu ayandagalira oku bo nk'oku arhuyandagaliraga ko neerhu oku murhondero.","Lorsque je me fus mis à parler, le Saint-Esprit descendit sur eux, comme sur nous au commencement."
ACT.11.16,"Nava nayibuka echiila chinwa Nnaweerhu aderhaga ntya: ‹Yohaana abatiizaga omu menji, aliko mwabo nji mwabatiizwa na Muuka-Mutagatiifu.›.","Et je me souvins de cette parole du Seigneur: Jean a baptisé deau, mais vous, vous serez baptisés du Saint-Esprit."
ACT.11.17,"Akaba leero Nnamahanga abaheere empaano nguma n'elaala arhuhaaga neerhu amango rhwayemeeraga Nnaweerhu Yeesu- Kirisitu , naliiri nde, nyoono, mpu ngale kulwisa Nnamahanga?».","Or, puisque Dieu leur a accordé le même don quà nous qui avons cru au Seigneur Jésus-Christ, pouvais-je, moi, mopposer à Dieu?."
ACT.11.18,"Abemeezi b'aBayaahudi bamalire kuyunva ebyoola, barhuleera, banakuuza Nnamahanga n'oku derha ntya: «Gasi Nnamahanga aheere abarhali Bayaahudi nabo enjira y'okuleka ebyaaha byaabo yi baabona akalamo k'esiku n'amango!».","Après avoir entendu cela, ils se calmèrent, et ils glorifièrent Dieu, en disant: Dieu a donc accordé la repentance aussi aux païens, afin quils aient la vie."
ACT.11.19,"Balaala bemeezi bashandaazwaga elugulu w'okuyirhwa kwa Sitefaano, baguma omu bo bagenda guhika omu gihugo ch'eFoyinikiya. Abandi baaja oku chizimba ch'eGipuro, n'abandi baahika omu gishagala ch'eAntiyokiya. Ntaaye bayigiriize eChinwa cha Nnamahanga arhali aBayaahudi bonyine.","Ceux qui avaient été dispersés par la persécution survenue à loccasion dÉtienne allèrent jusquen Phénicie, dans lîle de Chypre, et à Antioche, annonçant la parole seulement aux Juifs."
ACT.11.20,"Aliko ahagarhi kaabo haaba bantu baguma b'eGipuro na ab'omu gishagala ch'eKureene bayinjaga eAntiyokiya, nabo baganiira n'abarhali Bayaahudi n'okubalira bo oMwazi Mwinja gwa Nnaweerhu Yeesu.","Il y eut cependant parmi eux quelques hommes de Chypre et de Cyrène, qui, étant venus à Antioche, sadressèrent aussi aux Grecs, et leur annoncèrent la bonne nouvelle du Seigneur Jésus."
ACT.11.21,"Obuhashe bwa Nnaweerhu bwaliiri haguma nabo, n'abantu banene bahindamukira Nnaweerhu, baanaba bemeezi.","La main du Seigneur était avec eux, et un grand nombre de personnes crurent et se convertirent au Seigneur."
ACT.11.22,"Echigusho ch'abemeezi b'eYerusaleema babeere bayunva ogo mwazi, baarhuma Baranaaba agende eAntiyokiya.","Le bruit en parvint aux oreilles des membres de lÉglise de Jérusalem, et ils envoyèrent Barnabas jusquà Antioche."
ACT.11.23,"Abeere ahika yo, agishwa na Nnamahanga, asiima, n'okuyinginga abemeezi bagendekere guseera ku Nnaweerhu omu mirhima yaabo yooshi.","Lorsquil fut arrivé, et quil eut vu la grâce de Dieu, il sen réjouit, et il les exhorta tous à rester dun cœur ferme attachés au Seigneur."
ACT.11.24,"Baranaaba aliiri muntu mwinja, oyunjwizwe Muuka-Mutagatiifu n'obwemeezi. Abantu banene bakulikira Nnaweerhu.","Car cétait un homme de bien, plein dEsprit-Saint et de foi. Et une foule assez nombreuse se joignit au Seigneur."
ACT.11.25,"Buzinda, Baranaaba aja eTariso gushonda Saawulo.","Barnabas se rendit ensuite à Tarse, pour chercher Saul;."
ACT.11.26,"Abeere amubona, amuheeka eAntiyokiya. Baranaaba na Saawulo bamala omwaka gooshi eyi bali bachigusha haguma n'echigusho ch'abemeezi. Banayigiriza abantu banene. Mw'echi gishagala ch'eAntiyokiya mw'abemeezi bahamagalwaga «Bakirisitu» oku burhanzi.","et, layant trouvé, il lamena à Antioche. Pendant toute une année, ils se réunirent aux assemblées de lÉglise, et ils enseignèrent beaucoup de personnes. Ce fut à Antioche que, pour la première fois, les disciples furent appelés chrétiens."
ACT.11.27,"Mwamo mango, baleebi baguma bachima gurhenga eYerusaleema kuja eAntiyokiya.","En ce temps-là, des prophètes descendirent de Jérusalem à Antioche."
ACT.11.28,"Muguma omu bo, oyirikwa Hagabo, ayimanga n'ogurhondera kuleeba n'obuhashe bwa Muuka-Mutagatiifu okw'enzara nene yaaba omu gulu lyooshi. Eyo nzara yava yaaba amango mw'omwami mukulu Kuloode w'eRooma.","Lun deux, nommé Agabus, se leva, et annonça par lEsprit quil y aurait une grande famine sur toute la terre. Elle arriva, en effet, sous Claude."
ACT.11.29,"Abemeezi b'eAntiyokiya baava bahiga gurhumira abemeezi bali balamire eYudeeya oburhabaale, ngasi muguma gukulikirana na okw'agalire.","Les disciples résolurent denvoyer, chacun selon ses moyens, un secours aux frères qui habitaient la Judée."
ACT.11.30,"Baagusha esholoolo haguma, bayirhumira abashamuka b'echigusho ch'abemeezi b'eYerusaleema kulengera Baranaaba na Saawulo.",Ils le firent parvenir aux anciens par les mains de Barnabas et de Saul.
ACT.12.1,"Mw'amo mango, mwami Heroode arhondera kulibuza bantu baguma b'echigusho ch'abemeezi.","Vers le même temps, le roi Hérode se mit à maltraiter quelques membres de lÉglise."
ACT.12.2,Anayirha Yakobo mwene waabo Yohaana n'engoorho.,"et il fit mourir par lépée Jacques, frère de Jean."
ACT.12.3,"Abeere abona okw'ebyo byasimiisize aBayaahudi, aderha oku bafarhe Petero naye. Ebyoola byajirikaga amango m'edinye y'emigati nzira chachu.","Voyant que cela était agréable aux Juifs, il fit encore arrêter Pierre. Cétait pendant les jours des pains sans levain."
ACT.12.4,"Abeere amafarha Petero n'okumuhira omu munyororo, amuhira omu bulanzi bw'ebigusho bine by'abasoda baneebane eyi bali guhinguulirana. Ajira ntyo ey'ali gukengeera okw'amuburaniisa embere w'olubaga enyuma w' ePaasaka .","Après lavoir saisi et jeté en prison, il le mit sous la garde de quatre escouades de quatre soldats chacune, avec lintention de le faire comparaître devant le peuple après la Pâque."
ACT.12.5,"Oku Petero alangirwe omu munyororo, echigusho ch'abemeezi boowe baliiri bakomeza kumusaliirira bweneene emwa Nnamahanga.",Pierre donc était gardé dans la prison; et lÉglise ne cessait dadresser pour lui des prières à Dieu.
ACT.12.6,"Obudufu b'olo lusiku Heroode akaburanyize Petero, Petero alilyaamire ahagarhi k'abasoda babiri ey'anashwekerwe n'amalegule mabiri. N'abalanzi baliiri embere z'omulyango eyi bali balanga omunyororo.","La nuit qui précéda le jour où Hérode allait le faire comparaître, Pierre, lié de deux chaînes, dormait entre deux soldats; et des sentinelles devant la porte gardaient la prison."
ACT.12.7,"Ho n'aho malahika wa Nnaweerhu ahulukira n'obumoleke bwayunjula omu busiika b'ogo munyororo. Malahika abanda ku Petero omu mbavu, amuchula n'okumubwira ntya: «Yimanga juba!» Amalegule malishwekere amaboko maage machishwekuula, marhogera ahashi.","Et voici, un ange du Seigneur survint, et une lumière brilla dans la prison. Lange réveilla Pierre, en le frappant au côté, et en disant: Lève-toi promptement! Les chaînes tombèrent de ses mains."
ACT.12.8,"Malahika ava amubwira ntya: «Yambala omukaba gwawe n'ebiraato byaawe.» Naye ajira ntyo. Kandi, malahika amubwira ntya: «Yambala egorhe lyawe, onankulikire.».","Et lange lui dit: Mets ta ceinture et tes sandales. Et il fit ainsi. Lange lui dit encore: Enveloppe-toi de ton manteau, et suis-moi."
ACT.12.9,"Petero ahuluka eyi anamukulikiire, aliko arhamenyaga kw'echijiro cha malahika chiri ch'okuli: alikengereere okw'abonekeerwe.","Pierre sortit, et le suivit, ne sachant pas que ce qui se faisait par lange fût réel, et simaginant avoir une vision."
ACT.12.10,"Babeere bamarhaluka echigusho girhanzi ch'abalanzi n'echakabiri, baahika oku mulyango gw'echuuma guyerekeere omu gishagala. Ogo mulyango gwachichinguula gonyine embere zaabo. Nabo bahuluka n'ogukomeza kugenda omu njira. Ho n'aho oyo malahika amuleka.","Lorsquils eurent passé la première garde, puis la seconde, ils arrivèrent à la porte de fer qui mène à la ville, et qui souvrit delle-même devant eux; ils sortirent, et savancèrent dans une rue. Aussitôt lange quitta Pierre."
ACT.12.11,"Petero abeere arhegeera okw'ebyabeere biri by'okuli, ava aderha ntya: «Bunoola namaaja naamenya oku Nnaweerhu arhumaga malahika waage, anankuulire omu maboko ma Heroode n'omu mabi mooshi aBayaahudi balilangaliire okw'ankolera.».","Revenu à lui-même, Pierre dit: Je vois maintenant dune manière certaine que le Seigneur a envoyé son ange, et quil ma délivré de la main dHérode et de tout ce que le peuple juif attendait."
ACT.12.12,"Petero abeere amenya bwinja ebyabeere, agenda emwa Mariya, nyina wa Yohaana. Oyo Yohaana ye washembulwaga Mariko. Omu mwage mu bantu banene balichigushire n'ogusaliira Nnamahanga.","Après avoir réfléchi, il se dirigea vers la maison de Marie, mère de Jean, surnommé Marc, où beaucoup de personnes étaient réunies et priaient."
ACT.12.13,"Petero abeere akongoorha oku lunvi lw'embuga, omukozi muguma w'omunyere oyirikwa Rooda ayegeera omulyango kubaza nde oli akongoorha.","Il frappa à la porte du vestibule, et une servante, nommée Rhode, sapprocha pour écouter."
ACT.12.14,"Arhegeera omulenge gwa Petero, aliko ahaali h'okumuchinguulira, alibirha n'obushaguluke kuja kubwira abaabo oku Petero ali oku mulyango gw'embuga.","Elle reconnut la voix de Pierre; et, dans sa joie, au lieu douvrir, elle courut annoncer que Pierre était devant la porte."
ACT.12.15,"Nabo bamubwira ntya: «Ego munyere! Wasirehere!» Aliko Rooda agendekera kuderha ntya: «Neechi, yeewe maani!» Boowe baliiri bakomeza kuderha ntya: «Oyoola, ali malahika waage.».",Ils lui dirent: Tu es folle. Mais elle affirma que la chose était ainsi.
ACT.12.16,"Aliko Petero agendekera gukongoorha oku lunvi. Baava bachinguula, banasoomerwa bweneene kumubona.","Et ils dirent: Cest son ange. Cependant Pierre continuait à frapper. Ils ouvrirent, et furent étonnés de le voir."
ACT.12.17,Abasimira n'okuboko mpu basire. Ababalira gurhe Nnaweerhu amukuulire omu munyororo n'okubabwira ntya: «Mubibalire Yakobo na beene beerhu.» Petero ava ahuluka n'okuja ahandi hantu.,"Pierre, leur ayant de la main fait signe de se taire, leur raconta comment le Seigneur lavait tiré de la prison, et il dit: Annoncez-le à Jacques et aux frères. Puis il sortit, et sen alla dans un autre lieu."
ACT.12.18,"Bwacheere eseezi, abasoda bagwarha obuuba bunene n'okubazana ntya: «Bichi byahikiire Petero?».","Quand il fit jour, les soldats furent dans une grande agitation, pour savoir ce que Pierre était devenu."
ACT.12.19,"Heroode arhuma abantu mpu bamushonde, aliko barhamubonaga. Asambiisa abalanzi, anarhegeka oku bayirhwe. Oku buzinda, Heroode arhenga eYudeeya ayandagalira omu gishagala ch'eKayizariya gurhanga kubeera yo.","Hérode, sétant mis à sa recherche et ne layant pas trouvé, interrogea les gardes, et donna lordre de les mener au supplice. Ensuite il descendit de la Judée à Césarée, pour y séjourner."
ACT.12.20,"Amo mango, haliiri obushombanyi ahagarhi ka Heroode n'abantu b'egishagala ch'eTiiro n'abe ch'eSidoona. Aliko, abo bantu bachihira haguma, baaja kumulola. Barhanga kuyunviikana na Balasito waliyimangiire enju ya mwami, baaja bahema omurhuula emwa mwami Heroode. Bulaala ebiryo bagendaga balya omu gihugo chaabo, byabaaga birhenga omu gihugo ch'oyo mwami.","Hérode avait des dispositions hostiles à légard des Tyriens et des Sidoniens. Mais ils vinrent le trouver dun commun accord; et, après avoir gagné Blaste, son chambellan, ils sollicitèrent la paix, parce que leur pays tirait sa subsistance de celui du roi."
ACT.12.21,"Olusiku bayunvikanaga lwabeere lwahika, Heroode ayambala emyambalo y'echaami, ayikala oku ntebe yaage y'obwami ekarubanda, arhondera kuderha embere z'abantu.","A un jour fixé, Hérode, revêtu de ses habits royaux, et assis sur son trône, les harangua publiquement."
ACT.12.22,"N'abantu nabo baalema baderha ntya n'omulenge munene: «Gurhali mulenge g'omuntu ogu, sy'aliko guli gw'emaana!».","Le peuple sécria: Voix dun dieu, et non dun homme!."
ACT.12.23,"Ho n'aho, malahika wa Nnaweerhu ahaana Heroode, bulaala arhakuuzaga Nnamahanga, sy'achikuuza yenyine. Enzoka z'omu nda zamuluma bweneene, ava afa.","Au même instant, un ange du Seigneur le frappa, parce quil navait pas donné gloire à Dieu. Et il expira, rongé des vers."
ACT.12.24,"Aliko, eChinwa cha Nnamahanga chagendeerera kuja embere n'okuyandaala ahantu hanene.","Cependant la parole de Dieu se répandait de plus en plus, et le nombre des disciples augmentait."
ACT.12.25,"Baranaaba na Saawulo babeere bamaamala akaasi kaabo eYerusaleema, bagaluka eAntiyokiya eyi bali haguma na Yohaana washembulwaga Mariko.","Barnabas et Saul, après sêtre acquittés de leur message, sen retournèrent de Jérusalem, emmenant avec eux Jean, surnommé Marc."
ACT.13.1,"Omu chigusho ch'abemeezi b'eAntiyokiya, mwaliiri abaleebi n'abigiriza: Baranaaba, Simeooni oyirikwa Mwiragula, Lukiyo w'eKureene, Manaheni walembwaga haguma na mwami Heroode , na Saawulo.","Il y avait dans lÉglise dAntioche des prophètes et des docteurs: Barnabas, Siméon appelé Niger, Lucius de Cyrène, Manahen, qui avait été élevé avec Hérode le tétrarque, et Saul."
ACT.13.2,"Lusiku luguma, oku bali baharamya Nnaweerhu n'oguchiibuza kulya, Muuka-Mutagatiifu aderha ntya: «Mumpirire eburhambi Baranaaba na Saawulo gukulikirana n'akaasi nabahamagaliire.».","Pendant quils servaient le Seigneur dans leur ministère et quils jeûnaient, le Saint-Esprit dit: Mettez-moi à part Barnabas et Saul pour lœuvre à laquelle je les ai appelés."
ACT.13.3,"Bayuusize guchiibuza kulya, basaliira, babalambuulira kw'amaboko, banabarhuma bagende gukolera Nnamahanga.","Alors, après avoir jeûné et prié, ils leur imposèrent les mains, et les laissèrent partir."
ACT.13.4,"Muuka-Mutagatiifu abeere arhuma Baranaaba na Saawulo, bayandagalira omu gishagala ch'eSelukiya. Mw'echo gishagala, barhoola echombo, babalamira oku chizimba ch'eGipuro.","Barnabas et Saul, envoyés par le Saint-Esprit, descendirent à Séleucie, et de là ils sembarquèrent pour lîle de Chypre."
ACT.13.5,"Babeere baahika omu gishagala ch'eSalami, baabala omwazi gwa Nnamahanga omu masinagoogi m'aBayaahudi. Baliiri haguma na Yohaana oyirikwa Mariko nka murhabaazi waabo.","Arrivés à Salamine, ils annoncèrent la parole de Dieu dans les synagogues des Juifs. Ils avaient Jean pour aide."
ACT.13.6,"Babeere bamazungula omu chizimba chooshi guhika omu gishagala ch'ePafo, babugaana mo mukurungu muguma w'oMuyaahudi. Oyoola mukurungu aliiri muleebi w'obubeeshi oyirikwa Bara-Yeesu.","Ayant ensuite traversé toute lîle jusquà Paphos, ils trouvèrent un certain magicien, faux prophète juif, nommé Bar-Jésus."
ACT.13.7,"Aliiri murhabaazi wa Serugiyo Paawulo, munyabwenge na murhegesi w'eGipuro. Oyu murhegesi ahamagala Baranaaba na Saawulo baje emwage bulaala alishondere kuyunva eChinwa cha Nnamahanga.","qui était avec le proconsul Sergius Paulus, homme intelligent. Ce dernier fit appeler Barnabas et Saul, et manifesta le désir dentendre la parole de Dieu."
ACT.13.8,"Aliko olaala mukurungu Bara-Yeesu, oyirikwa Elima omu Kigiriki, arhonganya Baranaaba na Saawulo, n'ogushonda kubuza oyo murhegesi arhayemeeraga Yeesu.","Mais Élymas, le magicien, car cest ce que signifie son nom, leur faisait opposition, cherchant à détourner de la foi le proconsul."
ACT.13.9,"Aliko Saawulo, oyirikwa kandi Paawulo, eyi ayunjwizwe Muuka-Mutagatiifu, ava amulola n'ameesho makalihire.","Alors Saul, appelé aussi Paul, rempli du Saint-Esprit, fixa les regards sur lui, et dit:."
ACT.13.10,"Amubwira ntya: «Ego mugala wa Shetaani, mwanzi wa byooshi bikwaneene! Wooyo oyunjwire na ngasi buuko b'obulyaalya n'obubeeshi. K'orhaluha kulema walenganya oMwazi g'okuli gwa Nnaweerhu?.","Homme plein de toute espèce de ruse et de fraude, fils du diable, ennemi de toute justice, ne cesseras-tu point de pervertir les voies droites du Seigneur?."
ACT.13.11,"Leero Nnaweerhu akola aguhana. Waaba mpumi, wanamala siku zilebe buzira kulola obumoleke bw'ezuuba.» Ho n'aho oluhomo n'omwizimya byaaja omu meesho maage. Arhondera kumamaarha omu gushonda omuntu w'okumufarha okuboko y'amuyeereka enjira.","Maintenant voici, la main du Seigneur est sur toi, tu seras aveugle, et pour un temps tu ne verras pas le soleil. Aussitôt lobscurité et les ténèbres tombèrent sur lui, et il cherchait, en tâtonnant, des personnes pour le guider."
ACT.13.12,"Ola murhegesi abeere abona ebyamajirika, asoomererwa enyigirizo za Nnaweerhu, anamuyemeera.","Alors le proconsul, voyant ce qui était arrivé, crut, étant frappé de la doctrine du Seigneur."
ACT.13.13,"Paawulo n'abaliiri nabo baaja omu chombo, barhenga ePafo, baaja omu gishagala ch'ePeriga omu gihugo ch'ePamfiliya. Babeere baagera yo, Yohaana oyirikwa Mariko abaleka, anagaluka eYerusaleema.","Paul et ses compagnons, sétant embarqués à Paphos, se rendirent à Perge en Pamphylie. Jean se sépara deux, et retourna à Jérusalem."
ACT.13.14,"Aliko boowe, Gurhengera ePeriga bakomeza olugenzi lwabo, banahika omu gishagala ch'eAntiyokiya omu gihugo ch'ePisidiya. Olusiku lw'eSaabato baaja omu sinagoogi, banayikala mo.","De Perge ils poursuivirent leur route, et arrivèrent à Antioche de Pisidie. Étant entrés dans la synagogue le jour du sabbat, ils sassirent."
ACT.13.15,"Enyuma w'ogusomwa kw'ebitaabu by'eRhegeko na eby'abaleebi, abakulu b'esinagoogi babarhumira omuntu ababwire ntya: «Beene beerhu, akonva mugwerhe echinwa ch'ogukomeza abantu omurhima, mujage mwaderha.».","Après la lecture de la loi et des prophètes, les chefs de la synagogue leur envoyèrent dire: Hommes frères, si vous avez quelque exhortation à adresser au peuple, parlez."
ACT.13.16,"Paawulo aja ayumanga, abasimira n'okuboko mpu basire, n'okubabwira ntya: «Munyunvirize, bantu b'eIsraheeli nenyu mwe bandi muyuubaha Nnamahanga!.","Paul se leva, et, ayant fait signe de la main, il dit: Hommes Israélites, et vous qui craignez Dieu, écoutez!."
ACT.13.17,"Nnamahanga w'olu lubaga lw'eIsraheeli, agishogere bashookuluza beerhu. Abajira kuba lubaga lunene amango balibungiire omu gihugo ch' eMiisiri . Buzinda abakuula yo omu buhashe bwage bunene.","Le Dieu de ce peuple dIsraël a choisi nos pères. Il mit ce peuple en honneur pendant son séjour au pays dÉgypte, et il len fit sortir par son bras puissant."
ACT.13.18,Aliiri kulembera engeso zaabo zibi amango baliiri omu mpinga hoofu myaaka makumi mane.,Il les nourrit près de quarante ans dans le désert;.
ACT.13.19,"Abeere amahima embaga mushanvu z'egihugo ch'eKanaana, abaheereza echo gihugo kuba gashambala kaabo.","et, ayant détruit sept nations au pays de Canaan, il leur en accorda le territoire comme propriété."
ACT.13.20,"Ebyoola byooshi byamala hoofu myaaka magana mane na makumi marhaano. «Buzinda bw'aho, abaha abazuuzi, guhika oku muleebi Samweri.","Après cela, durant quatre cent cinquante ans environ, il leur donna des juges, jusquau prophète Samuel."
ACT.13.21,"Oku buzinda bahema omwami. Nnamahanga abaha Saawulo, mugala wa Kiisi, w'omu buuko bwa Benjamina, abarhegeke myaaka makumi mane.","Ils demandèrent alors un roi. Et Dieu leur donna, pendant quarante ans, Saül, fils de Kis, de la tribu de Benjamin;."
ACT.13.22,"Nnamahanga abeere amakuula Saawulo oku bwami, ayimika Daawudi. Oyu Daawudi ye Nnamahanga ahamiirizaga ko ntya: ‹Nabwene Daawudi, mugala wa Yeese, ali muntu omurhima gwani gusiimire; nj'ajira byooshi nshondere ajire.›.","puis, layant rejeté, il leur suscita pour roi David, auquel il a rendu ce témoignage: Jai trouvé David, fils dIsaï, homme selon mon cœur, qui accomplira toutes mes volontés."
ACT.13.23,"Gurhengera omu mulala gw'oyo Daawudi mu Nnamahanga akuulaga Yeesu kuba Muchunguzi wa Israheeli, gukulikirana n'echilagaane chaage.","Cest de la postérité de David que Dieu, selon sa promesse, a suscité à Israël un Sauveur, qui est Jésus."
ACT.13.24,"Embere z'oguhika kwage, Yohaana abwira abantu b'olubaga looshi lw'eIsraheeli baleke ebyaaha, banabatiizwe.","Avant sa venue, Jean avait prêché le baptême de repentance à tout le peuple dIsraël."
ACT.13.25,"Amango Yohaana abeere akola hoofu kuyuusa omulimo gwage, aliiri aderha ntya: ‹Mukengereere oku nyoono ndi nde? Nyoono ntali oyo muli mwalinga! Aliko ayinjire enyuma zaani, eyi nyoono ntakwaneene chiro gushwekuula emigozi y'ebiraato byaage.›.","Et lorsque Jean achevait sa course, il disait: Je ne suis pas celui que vous pensez; mais voici, après moi vient celui des pieds duquel je ne suis pas digne de délier les souliers."
ACT.13.26,"«Beene beerhu, bantu b'omu mulala gwa Abrahaamu nenyu mweshi b'ezindi mbaga muyuubaha Nnamahanga, echi Chinwa ch'obuchunguke girhumirwe emwerhu.","Hommes frères, fils de la race dAbraham, et vous qui craignez Dieu, cest à vous que cette parole de salut a été envoyée. :."
ACT.13.27,Kwenge aBanyayerusaleema n'abarhegesi baabo barharhegeeraga Yeesu ali nde. Barhamenyaga ebinwa by'abaleebi bisomwa ngasi lusiku lw'eSaabato. Aliko omu kumuhana baajira nka kulaala aMandiko mali maderhere.,"Car les habitants de Jérusalem et leurs chefs ont méconnu Jésus, et, en le condamnant, ils ont accompli les paroles des prophètes qui se lisent chaque sabbat."
ACT.13.28,"Buzira kubona echagarhumire ahanirwa ogufa, bahema Pilaato amuyirhe.","Quoiquils ne trouvassent en lui rien qui fût digne de mort, ils ont demandé à Pilate de le faire mourir."
ACT.13.29,"Babeere baamala kujira byooshi byaliyandikirwe elugulu waage, bamuyandagaza oku musalaaba, banamuhira omu shinda.","Et, après quils eurent accompli tout ce qui est écrit de lui, ils le descendirent de la croix et le déposèrent dans un sépulcre."
ACT.13.30,Aliko Nnamahanga amufuulire omu bafu.,Mais Dieu la ressuscité des morts.
ACT.13.31,"Abonekeene siku zinene oku bantu bazamuukaga naye gurhenga eGalilaaya kuja eYerusaleema, na bunoola, bo bali bahamiiriza baage oku lubaga lw'eIsraheeli.","Il est apparu pendant plusieurs jours à ceux qui étaient montés avec lui de la Galilée à Jérusalem, et qui sont maintenant ses témoins auprès du peuple."
ACT.13.32,"Neerhu, rhubabaliire ogu Mwazi Mwinja, oku echilagaane Nnamahanga ahaaga bashookuluza beerhu.","Et nous, nous vous annonçons cette bonne nouvelle que la promesse faite à nos pères."
ACT.13.33,"arhujiriire cho rhwe baana baabo, omu gufuula Yeesu. Ogu mwazi guyandikirwe ntya omu chigabi cha kabiri ch'eNanga: ‹Wooyo oli Mugala waani, Nyoono nye nkuburhire zeene.›.","Dieu la accomplie pour nous leurs enfants, en ressuscitant Jésus, selon ce qui est écrit dans le Psaume deuxième: Tu es mon Fils, Je tai engendré aujourdhui."
ACT.13.34,"N'elugulu w'ogufuuka kwa Yeesu, y'arhabola, Nnamahanga aderha ntya: ‹Naguha emigisho ntagatiifu nalaganyaga Daawudi, emigisho y'okuli. ›.","Quil lait ressuscité des morts, de telle sorte quil ne retournera pas à la corruption, cest ce quil a déclaré, en disant: Je vous donnerai les grâces saintes promises à David, ces grâces qui sont assurées."
ACT.13.35,Cho girhumire aderhere ntya omu chindi chigabi ch'aMandiko Matagatiifu: ‹Orhaaleka oMutagatiifu waawe abole.›.,Cest pourquoi il dit encore ailleurs: Tu ne permettras pas que ton Saint voie la corruption.
ACT.13.36,"Daawudi yeewe, abeere amamala gukola gukulikirana n'oku Nnamahanga alirheganyize omu kalamo kaage, afa. Ahambwa aha burhambi bw'eshinda za b'esheekuluza, anabola.","Or, David, après avoir en son temps servi au dessein de Dieu, est mort, a été réuni à ses pères, et a vu la corruption."
ACT.13.37,"Aliko olaala Nnamahanga afuulaga, yeewe arhabolaga.",Mais celui que Dieu a ressuscité na pas vu la corruption.
ACT.13.38,"«Beene beerhu, mukwaneene kumenya oku kugerera yeewe, omwazi g'obubabale bw'ebyaaha gwabalirwe emwenyu. Kugerera oyu Yeesu, ngaasi yeeshi omuyemeerere ababalirwa ebyaaha, aliko murhakababalirwe kugerera amarhegeko ma Muusa.","Sachez donc, hommes frères, que cest par lui que le pardon des péchés vous est annoncé."
ACT.13.40,Boboola muchilange y'ebiyandikirwe ntya omu bitaabu by'abaleebi birhabahikira:.,"Ainsi, prenez garde quil ne vous arrive ce qui est dit dans les prophètes:."
ACT.13.41,"‹Mulole, mwe mugwerhe agakeno, musoomerwe munahirime, kwenge nyoono, najira ekijiro omu gihe chenyu, ekijiro murhakayemereere nachiro akaba bakababwirire cho.›».","Voyez, contempteurs, Soyez étonnés et disparaissez; Car je vais faire en vos jours une œuvre, Une œuvre que vous ne croiriez pas si on vous la racontait."
ACT.13.42,"Paawulo na Baranaaba babeere bahuluka omu sinagoogi, abantu babayinginga bashube kuyinja kubabalira eyo myaazi olusiku lw'eSaabato yakulikira.","Lorsquils sortirent, on les pria de parler le sabbat suivant sur les mêmes choses;."
ACT.13.43,"Enyuma z'enshimaanano, aBayaahudi banene n'abandi bantu b'ezindi mbaga bayemeeraga edini ly'ekiyaahudi n'ogukuuza Nnamahanga, bakulikira Paawulo na Baranaaba. Abo bombi baganiira haguma n'abo bantu, banagendekera gukomeza bo, yi barhaleka guseera omu lukogo lwa Nnamahanga.","et, à lissue de lassemblée, beaucoup de Juifs et de prosélytes pieux suivirent Paul et Barnabas, qui sentretinrent avec eux, et les exhortèrent à rester attachés à la grâce de Dieu."
ACT.13.44,"Olusiku lw'eSaabato yakulikiraga, hoofu abantu booshi b'egishagala bachigusha haguma kuyunva eChinwa cha Nnaweerhu.","Le sabbat suivant, presque toute la ville se rassembla pour entendre la parole de Dieu."
ACT.13.45,"aBayaahudi babeere baabona echo chigusho ch'abantu, bafarhwa n'obongwa bunene. Balahira ebinwa bya Paawulo, banamuhamiiriza obubeeshi.","Les Juifs, voyant la foule, furent remplis de jalousie, et ils sopposaient à ce que disait Paul, en le contredisant et en linjuriant."
ACT.13.46,"Paawulo na Baranaaba baaja bababwira ntya buzira buuba: «Byaliiri bya bulagiirire mwabo mwe murhangage mubalirwe eChinwa cha Nnamahanga. Aliko oboola yi mwalahira cho, munali mwachiganja nka mwabo murhakwaneene akalamo k'esiku n'amango, rhwabo rhwayerekera emwa b'abarhali Bayaahudi.",": Paul et Barnabas leur dirent avec assurance: Cest à vous premièrement que la parole de Dieu devait être annoncée; mais, puisque vous la repoussez, et que vous vous jugez vous-mêmes indignes de la vie éternelle, voici, nous nous tournons vers les païens."
ACT.13.47,"Kwenge Nnaweerhu arhurhegekere ntya: ‹Nakujirire bumoleke bw'abarhali Bayaahudi, y'oheeka obuchunguke omu gulu lyooshi.›».","Car ainsi nous la ordonné le Seigneur: Je tai établi pour être la lumière des nations, Pour porter le salut jusquaux extrémités de la terre."
ACT.13.48,"Abarhali Bayaahudi babeere bayunva eyo myaazi, bamoga. Bakuuza eChinwa cha Nnaweerhu. Na booshi balirheganyizwe akalamo k'esiku n'amango bayemeera Yeesu.","Les païens se réjouissaient en entendant cela, ils glorifiaient la parole du Seigneur, et tous ceux qui étaient destinés à la vie éternelle crurent."
ACT.13.49,Echinwa cha Nnaweerhu chagenda chayandaala omu gihugo chooshi.,La parole du Seigneur se répandait dans tout le pays.
ACT.13.50,"Aliko aBayaahudi bayoohya abakazi bakengerwe, banasiima guharamya Nnamahanga, haguma n'abashamuka b'egishagala. Barhondera kulibuza Paawulo na Baranaaba, banabalibisya omu gihugo chaabo.","Mais les Juifs excitèrent les femmes dévotes de distinction et les principaux de la ville; ils provoquèrent une persécution contre Paul et Barnabas, et ils les chassèrent de leur territoire."
ACT.13.51,"Paawulo na Baranaaba babakungurhira k'olujuchu lw'oku magulu maabo, banachijiira omu gishagala ch'eIkoniyo.","Paul et Barnabas secouèrent contre eux la poussière de leurs pieds, et allèrent à Icone."
ACT.13.52,Aliko abemeezi boowe baliyunjwire obushagaluke n'oMuuka-Mutagatiifu.,tandis que les disciples étaient remplis de joie et du Saint-Esprit.
ACT.14.1,"Babeere bali eIkoniyo, Paawulo na Baranaaba, baja omu sinagoogi y'aBayaahudi nk'oku bazigaanaga. Bayigiriza, oku bulyo aBayaahudi n'aBagiriki banene bahinduka bemeezi.","A Icone, Paul et Barnabas entrèrent ensemble dans la synagogue des Juifs, et ils parlèrent de telle manière quune grande multitude de Juifs et de Grecs crurent."
ACT.14.2,"Aliko aBayaahudi barhayemeeraga Kirisitu, bayoohya abarhali Bayaahudi mpu bashombe abemeezi.",Mais ceux des Juifs qui ne crurent point excitèrent et aigrirent les esprits des païens contre les frères.
ACT.14.3,"Aliko, Paawulo na Baranaaba bajira siku zinene eIkoniyo. Baliiri bayigiriza elugulu wa Nnaweerhu buzira buuba. Na Nnaweerhu naye aliiri abagaliisa kujira ebimenyeeso n'ebigiriginjo, omu guhamiiriza okw'omwazi gwage g'olukogo guli g'okuli.","Ils restèrent cependant assez longtemps à Icone, parlant avec assurance, appuyés sur le Seigneur, qui rendait témoignage à la parole de sa grâce et permettait quil se fît par leurs mains des prodiges et des miracles."
ACT.14.4,"Omu gishagala che Ikoniyo, abantu bachigaba kabiri. Baguma baaja oku lunda lw'aBayaahudi, n'abandi oku lunda lw'eNtumwa.","La population de la ville se divisa: les uns étaient pour les Juifs, les autres pour les apôtres."
ACT.14.5,"Aliko, aBayaahudi n'abarhali Bayaahudi haguma n'abarhegesi baabo, baaja kaligi kw'okulibuza n'okuyirha Paawulo na Baranaaba omu kubabanda amabaale.","Et comme les païens et les Juifs, de concert avec leurs chefs, se mettaient en mouvement pour les outrager et les lapider."
ACT.14.6,"Nabo babeere babimenya, balibirhira omu bishagala by'eLisitira n'eDerebe, by'omu gihugo ch'eLikaoniya; n'omu hantu hatureene byo.","Paul et Barnabas, en ayant eu connaissance, se réfugièrent dans les villes de la Lycaonie, à Lystre et à Derbe, et dans la contrée dalentour."
ACT.14.7,"Eyoola munda, bagendekera kubala oMwazi Mwinja.",Et ils y annoncèrent la bonne nouvelle.
ACT.14.8,"Omu gishagala ch'eLisitira, haliiri muntu muguma w'echirema. Arhalambagiraga chiro n'olusiku luguma, bulaala aburhwaga eyi ali chirema ch'amagulu.","A Lystre, se tenait assis un homme impotent des pieds, boiteux de naissance, et qui navait jamais marché."
ACT.14.9,"Lusiku luguma, ey'ayikeere, ayunviriza enyigirizo za Paawulo. Paawulo amulolereza n'okubona okw'agwerhe obwemeezi bwagarhuma afumiiswa.","Il écoutait parler Paul. Et Paul, fixant les regards sur lui et voyant quil avait la foi pour être guéri."
ACT.14.10,"Ava amubwira ntya n'omulenge munene: «Yuumuka, yimangira oku magulu maawe!» Oyo muntu ayimanga ho n'aho, anarhondera kulambagira.",dit dune voix forte: Lève-toi droit sur tes pieds. Et il se leva dun bond et marcha.
ACT.14.11,"Abantu banene balichigushire, babeere baabona ebi Paawulo ajirire, baliika omulenge n'okuderha ntya omu lulimi lw'eKilikaoniya: «Emaana zachihindwire nk'abantu, zanayandagaliire eno mwerhu!».","A la vue de ce que Paul avait fait, la foule éleva la voix, et dit en langue lycaonienne: Les dieux sous une forme humaine sont descendus vers nous."
ACT.14.12,"Baliiri bayirika Baranaaba eziino ly'emaana Zeusi, Paawulo naye bamuyirika eziino ly'emaana Herime, kwenge ye waliiri w'okuderha.","Ils appelaient Barnabas Jupiter, et Paul Mercure, parce que cétait lui qui portait la parole."
ACT.14.13,"Omudaahwa w'omu kajumiro k'emaana Zeusi kaliiri embere z'egishagala, aleerha oku milyango y'egishagala empanzi n'emikalaba elukiirwe k'obwaso. Abileerhaga bulaala yeewe haguma n'echo chigusho ch'abantu balishondere gurhuula entuulo.","Le prêtre de Jupiter, dont le temple était à lentrée de la ville, amena des taureaux avec des bandelettes vers les portes, et voulait, de même que la foule, offrir un sacrifice."
ACT.14.14,"Aliko Baranaaba na Paawulo babeere bayunva ogo mwazi, babera emishangi yaabo omu kuyeerekana oku bagayire, n'okuva balibirha omu bantu eyi bali baderha ntya n'omulenge munene:.","Les apôtres Barnabas et Paul, ayant appris cela, déchirèrent leurs vêtements, et se précipitèrent au milieu de la foule."
ACT.14.15,"«Beera baani, gichi girhumire mwajira ntyo? Neerhu, rhuli bantu kuguma nenyu! Akaba yi rhwababalira oMwazi Mwinja, kuli gushonda muleke ebi bintu bya bushaabusha, munahindamukire Nnamahanga olamire. Yeewe ye walemaga echaalege, egulu n'enyanja, na byooshi biri omu byo.","en sécriant: O hommes, pourquoi agissez-vous de la sorte? Nous aussi, nous sommes des hommes de la même nature que vous; et, vous apportant une bonne nouvelle, nous vous exhortons à renoncer à ces choses vaines, pour vous tourner vers le Dieu vivant, qui a fait le ciel, la terre, la mer, et tout ce qui sy trouve."
ACT.14.16,"Omu siku zageraga, Nnamahaanga alilekere abarhali Bayaahudi booshi bakulikiire enjira zaabo.","Ce Dieu, dans les âges passés, a laissé toutes les nations suivre leurs propres voies."
ACT.14.17,"Nachiro ntyo, arhalekaga guchihamiiriza kugerera ebijiro binja. Abaha mwabo gurhengera omu chaalege envula n'ebihe biyeeza, anabayuugusya ebiryo n'okuyunjuza emirhima yenyu n'obushagaluke bunene.».","quoiquil nait cessé de rendre témoignage de ce quil est, en faisant du bien, en vous dispensant du ciel les pluies et les saisons fertiles, en vous donnant la nourriture avec abondance et en remplissant vos cœurs de joie."
ACT.14.18,"Nachiro mpu Paawulo na Baranaaba baliderhere ebiila byooshi, birhali biyoolohere kubuza abantu barharhuuliraga bo entuulo.","A peine purent-ils, par ces paroles, empêcher la foule de leur offrir un sacrifice."
ACT.14.19,"Enyuma w'ebyoola, aBayaahudi baguma baahika gurhengera omu gishagala ch'eAntiyokiya n'eche Ikoniyo. Bayoohya abantu, babanda Paawulo amabaale, banamukululira embuga w'egishagala eyi bakengereere okw'afiire.","Alors survinrent dAntioche et dIcone des Juifs qui gagnèrent la foule, et qui, après avoir lapidé Paul, le traînèrent hors de la ville, pensant quil était mort."
ACT.14.20,"Aliko abemeezi babeere bamugorha, ayuumuka, agaluka mw'echo gishagala ch'eLisitira. Olusiku lwakulikiraga, aja omu gishagala ch'eDerebe haguma na Baranaaba.","Mais, les disciples layant entouré, il se leva, et entra dans la ville. Le lendemain, il partit pour Derbe avec Barnabas."
ACT.14.21,"Oku bali eDerebe, baalema baabala oMwazi Mwinja, abantu banene bayemeera Yeesu. Buzinda, bagaluka, baaja eLisitira, eIkoniyo n'eAntiyokiya y'ePisidiya.","Quand ils eurent évangélisé cette ville et fait un certain nombre de disciples, ils retournèrent à Lystre, à Icone et à Antioche."
ACT.14.22,"Eyo munda, baliiri bakomeza abemeezi omurhima n'okubahanuula baseere omu bwemeezi. Baliiri bababwira ntya: «Rhukwaneene kugera omu malibuko manene yi rhuja omu Bwami bwa Nnamahanga.».","fortifiant lesprit des disciples, les exhortant à persévérer dans la foi, et disant que cest par beaucoup de tribulations quil nous faut entrer dans le royaume de Dieu."
ACT.14.23,"N'omu ngasi chigusho ch'abemeezi, Paawulo na Baranaaba bachishoga mo abashamuka b'okubiyimangira. Babeere bamasaliira n'oguchiibuza kulya, babahira omu maboko ma Nnaweerhu, ye bali bayemereere.","Ils firent nommer des anciens dans chaque Église, et, après avoir prié et jeûné, ils les recommandèrent au Seigneur, en qui ils avaient cru."
ACT.14.24,"Enyuma z'aho, bagerera omu gihugo ch'ePisidiya, banahika omu ch'ePamfiliya.","Traversant ensuite la Pisidie, ils vinrent en Pamphylie."
ACT.14.25,"Bamalire kuyigiriza eChinwa cha Nnamahanga oku bantu b'omu gishagala ch'ePeriga, bachimira omu siiko y'eAtaliya.","annoncèrent la parole à Perge, et descendirent à Attalie."
ACT.14.26,"Gurhengera eyoola, basuuka n'echombo kuja eAntiyokiya y'eSuriya. Eyoola yi bahemeraga bo omugisho gwa Nnamahanga kw'aka kaasi bamakola.","De là ils sembarquèrent pour Antioche, doù ils avaient été recommandés à la grâce de Dieu pour lœuvre quils venaient daccomplir."
ACT.14.27,"Babeere baahika, bagusha echigusho ch'abemeezi, banashambaalira bo byooshi Nnamahanga ali ajirire haguma nabo, na gurhe achinguuliraga abarhali Bayaahudi omulyango g'obwemeezi.","Après leur arrivée, ils convoquèrent lÉglise, et ils racontèrent tout ce que Dieu avait fait avec eux, et comment il avait ouvert aux nations la porte de la foi."
ACT.14.28,Paawulo na Baranaaba babeera eyoola siku zinene haguma n'abemeezi.,Et ils demeurèrent assez longtemps avec les disciples.
ACT.15.1,"Mw'ezoola siku, bantu baguma bachimira eAntiyokiya gurhengera eYudeeya. Barhondera kuyigiriza abemeezi ntya: «Akaba murhakembwirwe gukulikirana n'emigenzo ya Muusa, murhagachungulwa.».","Quelques hommes, venus de la Judée, enseignaient les frères, en disant: Si vous nêtes circoncis selon le rite de Moïse, vous ne pouvez être sauvés."
ACT.15.2,"Paawulo na Baranaaba babalahirira, banajira obuhaka bunene haguma nabo elugulu w'oguula mwazi. Abemeezi baahiga oku Paawulo na Baranaaba haguma n'abandi baguma omu bo bazamukire eYerusaleema kuganiira kw'echo chibazo embere z'eNtumwa n'abashamuka b'echigusho ch'abemeezi.","Paul et Barnabas eurent avec eux un débat et une vive discussion; et les frères décidèrent que Paul et Barnabas, et quelques-uns des leurs, monteraient à Jérusalem vers les apôtres et les anciens, pour traiter cette question."
ACT.15.3,"Echigusho ch'abemeezi chabaheereza ebintu byooshi by'olugenzi balilagire ko. Baagera omu gihugo ch'eFoyinikiya na ech'eSamariya, baliiri baabala gurhe abarhali Bayaahudi bayemereere kuba bemeezi. Ogu mwazi gwaliiri gwasimiisa bweneene abemeezi booshi.","Après avoir été accompagnés par lÉglise, ils poursuivirent leur route à travers la Phénicie et la Samarie, racontant la conversion des païens, et ils causèrent une grande joie à tous les frères."
ACT.15.4,"Bahikire eYerusaleema, bayankirirwa n'eNtumwa, n'echigusho ch'abemeezi haguma n'abashamuka baacho. Babala byooshi Nnamahanga ajirire kugerera bo.","Arrivés à Jérusalem, ils furent reçus par lÉglise, les apôtres et les anciens, et ils racontèrent tout ce que Dieu avait fait avec eux."
ACT.15.5,"Aliko, bantu baguma b'omu chigusho ch' aBafarisaayo bahindukaga bemeezi, bayimanga n'okuderha ntya: «Bihemere gukembuula abarhali Bayaahudi n'okubarhegeka ogukenga eRhegeko lya Muusa.».","Alors quelques-uns du parti des pharisiens, qui avaient cru, se levèrent, en disant quil fallait circoncire les païens et exiger lobservation de la loi de Moïse."
ACT.15.6,Entumwa n'abashamuka b'echigusho ch'abemeezi bajira enaama elugulu w'echo chibazo.,Les apôtres et les anciens se réunirent pour examiner cette affaire.
ACT.15.7,"Enyuma z'obuhaka bunene, Petero ayimanga n'okubabwira ntya: «Beene beerhu, muyinji bwinja oku gurhengera miira Nnamahanga andondwere ahagarhi kenyu yi kugerera obuunu bwani, abarhali Bayaahudi bayunve oMwazi Mwinja, banayemeere Yeesu.","Une grande discussion sétant engagée, Pierre se leva, et leur dit: Hommes frères, vous savez que dès longtemps Dieu a fait un choix parmi vous, afin que, par ma bouche, les païens entendissent la parole de lÉvangile et quils crussent."
ACT.15.8,"Na Nnamahanga oyinji emirhima y'abantu, aliyerekeene oku ayemereere abarhali Bayaahudi nabo omu guha bo Muuka-Mutagatiifu kuguma neerhu.","Et Dieu, qui connaît les cœurs, leur a rendu témoignage, en leur donnant le Saint-Esprit comme à nous;."
ACT.15.9,"Nta kalondoole ajirire ahagarhi keerhu nabo, bulaala acheeseze emirhima yaabo kugerera obwemeezi.","il na fait aucune différence entre nous et eux, ayant purifié leurs cœurs par la foi."
ACT.15.10,"Chagarhuma bunoola mwageregeza Nnamahanga omu guheesa abemeezi ogu muzigo, abe bashookuluza beerhu, abe neerhu rhwenyine rhurhagalaga guheeka?.","Maintenant donc, pourquoi tentez-vous Dieu, en mettant sur le cou des disciples un joug que ni nos pères ni nous navons pu porter?."
ACT.15.11,"Maani neerhu, rhuyinji oku rhwachungwirwe elugulu w'olukogo lwa Nnaweerhu Yeesu, nk'oku nabo bachungwirwe.».","Mais cest par la grâce du Seigneur Jésus que nous croyons être sauvés, de la même manière queux."
ACT.15.12,Abantu booshi balichigushire baasira. Bayunviriza oku Paawulo na Baranaaba baabala emyaazi elugulu w'ebimenyeeso n'ebigiriginjo byooshi Nnamahanga ajirire kugerera bo ahagarhi k'abarhali Bayaahudi.,"Toute lassemblée garda le silence, et lon écouta Barnabas et Paul, qui racontèrent tous les miracles et les prodiges que Dieu avait faits par eux au milieu des païens."
ACT.15.13,"Babeere baasira, Yakobo naye aderha ntya: «Beene beerhu, munyunvirize!.","Lorsquils eurent cessé de parler, Jacques prit la parole, et dit: Hommes frères, écoutez-moi!."
ACT.15.14,Simooni Petero arhubaliire gurhe Nnamahanga achiyerekeene oku barhali Bayaahudi oku burhanzi y'achishoga baguma omu bo babe bantu baage.,Simon a raconté comment Dieu a dabord jeté les regards sur les nations pour choisir du milieu delles un peuple qui portât son nom.
ACT.15.15,Eyi myaazi eri kuguma n'ebinwa by'abaleebi nk'okubiyandikirwe ntya:.,"Et avec cela saccordent les paroles des prophètes, selon quil est écrit:."
ACT.15.16,"‹Buzinda bw'aho, nji naagaluka n'ogushuba kuyumbaka enju ya Daawudi yashandeere. Nji nashuba kuyumbaka ebiguuka byaayo n'okuyiyumanza.","Après cela, je reviendrai, et je relèverai de sa chute la tente de David, Jen réparerai les ruines, et je la redresserai."
ACT.15.17,"y'abandi bantu booshi bashonde Nnaweerhu, neechi, abantu b'embaga zooshi nahamageere babe baani. Ntyo ku Nnaweerhu aderhere, yi wajiraga ebyo bintu.","Afin que le reste des hommes cherche le Seigneur, Ainsi que toutes les nations sur lesquelles mon nom est invoqué, Dit le Seigneur, qui fait ces choses."
ACT.15.18,biyinjikeene gurhengera miira.›.,Et à qui elles sont connues de toute éternité.
ACT.15.19,"Cho girhumire, nyoono, mbwene oku rhurhalibuzaga abarhali Bayaahudi bali bayemeera Nnamahanga.",Cest pourquoi je suis davis quon ne crée pas des difficultés à ceux des païens qui se convertissent à Dieu.
ACT.15.20,"Aliko, rhubayandikire oku barhalyaaga ebiryo byarhuulirwaga emaana, banachilange n'obuhushi. Barhanalemaga baalya enyama zakanulwaga changwa omulegano.","mais quon leur écrive de sabstenir des souillures des idoles, de limpudicité, des animaux étouffés et du sang."
ACT.15.21,"Bulaala gurhengera miira, eRhegeko lya Muusa linayigirizwa omu ngasi gishagala, linasomwa omu masinagoogi m'aBayaahudi ngasi lusiku lw'eSaabato.».","Car, depuis bien des générations, Moïse a dans chaque ville des gens qui le prêchent, puisquon le lit tous les jours de sabbat dans les synagogues."
ACT.15.22,"Enyuma z'aho, eNtumwa, abashamuka n'echigusho chooshi ch'abemeezi ch'eYerusaleema, babona oku bakwaneene bachishoge ahagarhi kaabo bantu baguma, banabarhume eAntiyokiya haguma na Paawulo na Baranaaba. Baava bagishoga Yuuda oyirikwa kandi Barisaba na Siila. Abo bantu oku bali babiri balikengerwe bweneene embere z'abaabo bemeezi.","Alors il parut bon aux apôtres et aux anciens, et à toute lÉglise, de choisir parmi eux et denvoyer à Antioche, avec Paul et Barnabas, Jude appelé Barsabas et Silas, hommes considérés entre les frères."
ACT.15.23,"Babarhuma n'amaruba maliyandikirwe mo ntya: «Rhwabo, eNtumwa n'abashamuka b'echigusho ch'abemeezi, rhwabo benyu bemeezi, rhwabalamwise mwabo bemeezi murhali Bayaahudi muli omu gishagala ch'eAntiyokiya, n'omu gihugo ch'eSuriya na ech'eKilikiya.","Ils les chargèrent dune lettre ainsi conçue: Les apôtres, les anciens, et les frères, aux frères dentre les païens, qui sont à Antioche, en Syrie, et en Cilicie, salut!."
ACT.15.24,"Rhwayunviirhe oku bantu baguma barhengeraga eno mwerhu, bababwirire emyaazi y'okubalibuza n'okubahahaaza emirhima. Aliko rhurhabarhumaga.","Ayant appris que quelques hommes partis de chez nous, et auxquels nous navions donné aucun ordre, vous ont troublés par leurs discours et ont ébranlé vos âmes."
ACT.15.25,"Boboola, oku rhuli rhweshi haguma, rhwayunvikeene gugishoga bantu baguma, rhwamabarhuma emwenyu, bayinje haguma n'abazigirwa beerhu Baranaaba na Paawulo.","nous avons jugé à propos, après nous être réunis tous ensemble, de choisir des délégués et de vous les envoyer avec nos bien-aimés Barnabas et Paul."
ACT.15.26,"Abo bombi, bayemereere guhaana akalamo kaabo omu gukolera Nnaweerhu Yeesu Kirisitu.",ces hommes qui ont exposé leur vie pour le nom de notre Seigneur Jésus-Christ.
ACT.15.27,"Ntyo ku rhwamabarhumira Yuuda na Siila. Nabo, bababwira buunu oku bwindi ebinwa rhubayandikiire.","Nous avons donc envoyé Jude et Silas, qui vous annonceront de leur bouche les mêmes choses."
ACT.15.28,"Kandi, kuli kwinja emwa Muuka-Mutagatiifu n'emwerhu ogurhabahekesa ogwindi muzigo kuleka ebiri by'akamaro:.",Car il a paru bon au Saint-Esprit et à nous de ne vous imposer dautre charge que ce qui est nécessaire.
ACT.15.29,"murhalyaaga enyama barhuuliraga emaana n'omulegano changwa enyama zakanulwaga, munachilange n'obuhushi. Mugachilanga kw'ebi, mwaba mwajirire bwinja. Buchaage!».","savoir, de vous abstenir des viandes sacrifiées aux idoles, du sang, des animaux étouffés, et de limpudicité, choses contre lesquelles vous vous trouverez bien de vous tenir en garde. Adieu."
ACT.15.30,"Bamalire guseezerana, abo barhumagwa bagenda n'okuyandagalira eAntiyokiya. Bagerere eyo, bagusha abemeezi booshi, banabahereza amo maruba.","Eux donc, ayant pris congé de lÉglise, allèrent à Antioche, où ils remirent la lettre à la multitude assemblée."
ACT.15.31,"Nabo, babeere bamamasoma, basiima elugulu w'ebinwa by'okubaseeza omurhima byabaaga biyandikirwe mo.","Après lavoir lue, les frères furent réjouis de lencouragement quelle leur apportait."
ACT.15.32,"Gukulikirana n'oku Yuuda na Siila baliiri baleebi, babwira abaabo bemeezi binwa binene by'okubaseeza omurhima n'okubakomeza.","Jude et Silas, qui étaient eux-mêmes prophètes, les exhortèrent et les fortifièrent par plusieurs discours."
ACT.15.33,"Babeere bamamala yo siku, abemeezi babaseezera, banababwira bagaluke n'obuholo yi bashigaane ababarhumaga.","Au bout de quelque temps, les frères les laissèrent en paix retourner vers ceux qui les avaient envoyés."
ACT.15.34,Aliko Siila yeewe abona bwinja ayoorhe eyo munda.,Toutefois Silas trouva bon de rester.
ACT.15.35,"Paawulo na Baranaaba nabo bayoorha eyo Antiyokiya. Boowe haguma n'abandi bantu banene, baalema bayigiriza n'okuyamagaza oMwazi Mwinja guyerekeere Nnaweerhu.","Paul et Barnabas demeurèrent à Antioche, enseignant et annonçant, avec plusieurs autres, la bonne nouvelle de la parole du Seigneur."
ACT.15.36,"Enyuma w'esiku zigeeke, Paawulo abwira Baranaaba ntya: «Rhugaluke rhuje kulola beene beerhu bemeezi omu bishagala byooshi rhwayigirizaga m'oMwazi gwa Nnaweerhu, rhumenye gurhe yi baalama.».","Quelques jours sécoulèrent, après lesquels Paul dit à Barnabas: Retournons visiter les frères dans toutes les villes où nous avons annoncé la parole du Seigneur, pour voir en quel état ils sont."
ACT.15.37,Baranaaba alishondere Yohaana oyirikwa Mariko agende haguma nabo.,"Barnabas voulait emmener aussi Jean, surnommé Marc;."
ACT.15.38,"Aliko Paawulo abona oku birhakwiriire, kwenge Mariko abaaga abalekere omu gihugo ch'ePamfiliya, analilahiire kugendekeza gukola haguma nabo.","mais Paul jugea plus convenable de ne pas prendre avec eux celui qui les avait quittés depuis la Pamphylie, et qui ne les avait point accompagnés dans leur œuvre."
ACT.15.39,"Haja haahulukira obuhaka bunene bwarhuma balekana. Baranaaba agenda aherekezwe na Mariko, baja omu chombo, bayambukira oku chizimba ch'eGipuro.","Ce dissentiment fut assez vif pour être cause quils se séparèrent lun de lautre. Et Barnabas, prenant Marc avec lui, sembarqua pour lîle de Chypre."
ACT.15.40,"Paawulo achishoga Siila. Abemeezi bamalire kumuhemera olukogo lwa Nnaweerhu, agenda.","Paul fit choix de Silas, et partit, recommandé par les frères à la grâce du Seigneur."
ACT.15.41,Agerera omu gihugo ch'eSuriya n'eche Kilikiya ey'ali akomeza ebigusho by'abemeezi.,"Il parcourut la Syrie et la Cilicie, fortifiant les Églises."
ACT.16.1,"Paawulo ahika omu gishagala ch'eDerebe n'eche Lisitira. Eyo munda yaliiri omwemeezi muguma oyirikwa Timoteyo. Nyina aliiri Muyaahudi-kazi oyemeerere Yeesu, n'eshe aliiri Mugiriki.","Il se rendit ensuite à Derbe et à Lystre. Et voici, il y avait là un disciple nommé Timothée, fils dune femme juive fidèle et dun père grec."
ACT.16.2,Abemeezi b'egishala ch'eLisitira n'eche Ikoniyo baliiri bahamiiriza bwinja oyo Timoteyo.,Les frères de Lystre et dIcone rendaient de lui un bon témoignage.
ACT.16.3,"Paawulo alishondere Timoteyo amuherekeze. Aliko, aBayaahudi balilamire eyo munda, booshi baliyinji okw'eshe aliiri Mugiriki. Charhuma Paawulo amukembuula yi bamuyemeera.","Paul voulut lemmener avec lui; et, layant pris, il le circoncit, à cause des Juifs qui étaient dans ces lieux-là, car tous savaient que son père était grec."
ACT.16.4,"Omu bishagala baliiri balenga mo, baalema baabalira abemeezi amarhegeko eNtumwa n'abashamuka b'echigusho ch'abemeezi b'eYerusaleema bahaaga bo n'okubahema bamakulikire.","En passant par les villes, ils recommandaient aux frères dobserver les décisions des apôtres et des anciens de Jérusalem."
ACT.16.5,"Na ntyo, ebigusho by'abemeezi byakomera omu bwemeezi n'oluganjo lw'abemeezi lwagendekera kuyuushuka ngasi lusiku.","Les Églises se fortifiaient dans la foi, et augmentaient en nombre de jour en jour."
ACT.16.6,Paawulo n'abalimuherekeeze baagera omu gihugo ch'eFurigiya na ech'eGalatiya bulaala Muuka-Mutagatiifu alibabuzize kubala eChinwa cha Nnamahanga omu gihugo ch'eAziya.,"Ayant été empêchés par le Saint-Esprit dannoncer la parole dans lAsie, ils traversèrent la Phrygie et le pays de Galatie."
ACT.16.7,"Babeere baahika hoofu n'egihugo ch'eMisiya bahiga kuja omu gihugo ch'eBitiniya, aliko Muuka gwa Yeesu arhabayemeereraga.","Arrivés près de la Mysie, ils se disposaient à entrer en Bithynie; mais lEsprit de Jésus ne le leur permit pas."
ACT.16.8,"Baaja baagera eburhambi bw'eMisiya, bayandagalira omu gishagala ch'eTorowa.","Ils franchirent alors la Mysie, et descendirent à Troas."
ACT.16.9,"Omu budufu, Paawulo abonekerwa. Abona mulume muguma w'eMakedoniya waliyimangire embere zaage, amuyinginga ntya: «Oyambukire eMakedoniya, oyinje orhurhabaale.».","Pendant la nuit, Paul eut une vision: un Macédonien lui apparut, et lui fit cette prière: Passe en Macédoine, secours-nous!."
ACT.16.10,"Ho n'aho, enyuma z'okoola kubonekerwa, rhwachirheganya kuja eMakedoniya, bulaala rhwalibwene oku Nnamahanga arhuhamageere kubala eyoola munda oMwazi Mwinja.","Après cette vision de Paul, nous cherchâmes aussitôt à nous rendre en Macédoine, concluant que le Seigneur nous appelait à y annoncer la bonne nouvelle."
ACT.16.11,"Gurhenga eTorowa rhwabalama n'echombo, rhwabera omuhengere kuja eSamotirake. Olusiku lwakulikiraga, rhwahika eNeyapoli.","Étant partis de Troas, nous fîmes voile directement vers la Samothrace, et le lendemain nous débarquâmes à Néapolis."
ACT.16.12,"Rhwarhenga eNeyapoli, rhwahika eFiripi, gishagala gikulu ch'egihugo ch'eMakedoniya. Echo gishagala chaliiri omu buja bw'aBarooma. Rhwabeera mo siku zigeeke.","De là nous allâmes à Philippes, qui est la première ville dun district de Macédoine, et une colonie. Nous passâmes quelques jours dans cette ville."
ACT.16.13,"Olusiku lw'eSaabato, rhwarhenga mw'echo gishagala, rhwaja hoofu n'olwinji, bulaala rhwalikengerere oku ho hantu hajirirwa amasaala. Rhwabere rhwahika, rhwayikala n'ogushambala n'abakazi baliiri bachigushire ho.","Le jour du sabbat, nous nous rendîmes, hors de la porte, vers une rivière, où nous pensions que se trouvait un lieu de prière. Nous nous assîmes, et nous parlâmes aux femmes qui étaient réunies."
ACT.16.14,"Muguma mubo, oyirikwa Ludiya, aliiri murhimbuuzi w'ebiraka bidukula by'agachiiro. Aliiri w'egishagala ch'eTuwatera, analemaga aharamya Nnamahanga. Aliiri ayunviriza, na Nnaweerhu amuheereza omurhima g'ogukulikira oMwazi Mwinja Paawulo aliiri aderha.","Lune delles, nommée Lydie, marchande de pourpre, de la ville de Thyatire, était une femme craignant Dieu, et elle écoutait. Le Seigneur lui ouvrit le cœur, pour quelle fût attentive à ce que disait Paul."
ACT.16.15,"Ludiya abeere amabatiizwa haguma n'abantu bw'omu mwage, arhulaalika omu kuderha ntya: «Akaba mubwene oku nyemereere Nnaweerhu, muyinje emwani munahande yo.» Arhuseeza rhuyemeere.","Lorsquelle eut été baptisée, avec sa famille, elle nous fit cette demande: Si vous me jugez fidèle au Seigneur, entrez dans ma maison, et demeurez-y. Et elle nous pressa par ses instances."
ACT.16.16,"Lusiku luguma, rhwabeere rhulirhwaja ahantu ha masaala, rhwabugaanana n'omukozi w'omunyere. Oyo mukozi aligwerhe omuzimu w'obulaguzi. N'elugulu w'oboola bulaguzi alemaga achiza bannahamwabo.","Comme nous allions au lieu de prière, une servante qui avait un esprit de Python, et qui, en devinant, procurait un grand profit à ses maîtres, vint au-devant de nous."
ACT.16.17,"Arhukulikira, rhwabo na Paawulo. Aliiri ayamuuza ntya: «Aba bantu bali baja ba Nnamahanga w'Elugulu Bweneene. Bali babashambaalira enjira y'obuchunguke.».","et se mit à nous suivre, Paul et nous. Elle criait: Ces hommes sont les serviteurs du Dieu Très-Haut, et ils vous annoncent la voie du salut."
ACT.16.18,"Alema ajira ntyo siku zinene. Paawulo agwarha oburhe elugulu waage, ahindamuka n'okubwira oyo muzimu ntya: «Ngurhegekere oku ziino lya Yeesu Kirisitu, orhenge mw'oyu munyere!» Ho n'aho oyo muzimu amurhenga mo.","Elle fit cela pendant plusieurs jours. Paul fatigué se retourna, et dit à lesprit: Je tordonne, au nom de Jésus-Christ, de sortir delle. Et il sortit à lheure même."
ACT.16.19,"Bannahamwabo oyo mukozi w'omunyere babeere baabona okw'obulangaalire b'obuchire bwamahwa oku ye, bafarha Paawulo na Siila, babakululira omu kabuga embere z'abarhegesi b'egishagala.","Les maîtres de la servante, voyant disparaître lespoir de leur gain, se saisirent de Paul et de Silas, et les traînèrent sur la place publique devant les magistrats."
ACT.16.20,"Babeere bahisa bo embere z'abo barhegesi, baderha ntya: «Aba bantu bali Bayaahudi, yi bararusa abantu omu gishagala cheerhu.","Ils les présentèrent aux préteurs, en disant: Ces hommes troublent notre ville;."
ACT.16.21,Yi bayigiriza emicho rhwe Barooma rhulahiizwe kuyemeera changwa gukulikira.».,"ce sont des Juifs, qui annoncent des coutumes quil ne nous est permis ni de recevoir ni de suivre, à nous qui sommes Romains."
ACT.16.22,Echigusho ch'abantu nacho chagwira oku bo. Abazuuzi b'egishagala barhegeka oku babakuule emyambalo n'okubashurha enkoni.,"La foule se souleva aussi contre eux, et les préteurs, ayant fait arracher leurs vêtements, ordonnèrent quon les battît de verges."
ACT.16.23,"Enyuma z'okubashuurha bweneene, babahira omu munyororo n'ogurhegeka okw'omulanzi abalange bwinja.","Après quon les eut chargés de coups, ils les jetèrent en prison, en recommandant au geôlier de les garder sûrement."
ACT.16.24,"Babeere bamamurhegeka ntyo, oyo mulanzi abahira omu busiika b'omunyororo n'ogushwekera amagulu maabo oku bihirho by'emirhi.","Le geôlier, ayant reçu cet ordre, les jeta dans la prison intérieure, et leur mit les ceps aux pieds."
ACT.16.25,"Ahagarhi kw'obudufu, Paawulo na Siila baliiri basaliira n'okuyimpa enyimpo z'obukuuze emwa Nnamahanga. N'abandi balishwekerwe baliiri babayunva.","Vers le milieu de la nuit, Paul et Silas priaient et chantaient les louanges de Dieu, et les prisonniers les entendaient."
ACT.16.26,"Ho n'aho haaba omusisi gunene, gwadirhimanya enkingi z'omunyororo. Emilyango yooshi yava yagichinguula n'amalegule mooshi maliiri mabashwekere magishwekuula.","Tout à coup il se fit un grand tremblement de terre, en sorte que les fondements de la prison furent ébranlés; au même instant, toutes les portes souvrirent, et les liens de tous les prisonniers furent rompus."
ACT.16.27,"Omulanzi abeere amazuuka, abona emilyango echingwirwe, ahulusa engoorho yaage omu luhugurhu mpu achiyirhe, bulaala alikengereere oku abaliiri omu munyororo balibirhire.","Le geôlier se réveilla, et, lorsquil vit les portes de la prison ouvertes, il tira son épée et allait se tuer, pensant que les prisonniers sétaient enfuis."
ACT.16.28,"Aliko Paawulo ayaama bweneene n'okumubwira ntya: «Orhachiyirhaga, bulaala rhweshi rhuli hano!».","Mais Paul cria dune voix forte: Ne te fais point de mal, nous sommes tous ici."
ACT.16.29,"Oyo mulanzi ahema bamulerhere echimole. Ho n'aho achikabula omu munyororo n'okugwa embere za Paawulo na Siila, eyi ali adirhimana.","Alors le geôlier, ayant demandé de la lumière, entra précipitamment, et se jeta tout tremblant aux pieds de Paul et de Silas;."
ACT.16.30,"Buzinda, abaheeka embuga anababaza ntya: «Bannaweerhu, bichi nkwaneene kujira yi nchunguka?».","il les fit sortir, et dit: Seigneurs, que faut-il que je fasse pour être sauvé?."
ACT.16.31,"Bamushubiza ntya: «Oyemeere Nnaweerhu Yeesu na ntyo wachungulwa, wooyo n'abantu booshi b'omu mwawe.».","Paul et Silas répondirent: Crois au Seigneur Jésus, et tu seras sauvé, toi et ta famille."
ACT.16.32,Bamubalira eChinwa cha Nnaweerhu haguma n'abantu b'omu mwage booshi.,"Et ils lui annoncèrent la parole du Seigneur, ainsi quà tous ceux qui étaient dans sa maison."
ACT.16.33,"Mw'obo budufu, oyo mulanzi arhoola Paawulo na Siila, abashuka ebihulu. Ho n'aho anabatiizwa, yeewe n'abantu baage booshi.","Il les prit avec lui, à cette heure même de la nuit, il lava leurs plaies, et aussitôt il fut baptisé, lui et tous les siens."
ACT.16.34,"Abeere abaheeka omu mwage, abasheegera. Anasiima bweneene haguma n'abantu bw'omu mwage, kwenge bayemereere Nnamahanga.","Les ayant conduits dans son logement, il leur servit à manger, et il se réjouit avec toute sa famille de ce quil avait cru en Dieu."
ACT.16.35,"Bwabeere bwacha, abazuuzi b'egishagala barhumira oyo mulanzi abasoda baabo mpu: «Alikuule abo bantu.».","Quand il fit jour, les préteurs envoyèrent les licteurs pour dire au geôlier: Relâche ces hommes."
ACT.16.36,"Oyo mulanzi abalira Paawulo eyo myaazi n'okuderha ntya: «Abazuuzi baderhere oku mushwekuulwe, boboola muhuluke, munagende n'omurhuula.».","Et le geôlier annonça la chose à Paul: Les préteurs ont envoyé dire quon vous relâchât; maintenant donc sortez, et allez en paix."
ACT.16.37,"Aliko Paawulo abwira abo basooda ntya: «Enyuma z'ogurhushuurhira omu kabuga buzira gurhuchiira olushinja noobo rhuli Barooma, oku buzinda bamarhukabula omu munyororo. Leero gurhe bashonda gurhushwekuula omu bwibisho? Birhagalikeene! Bahike bonyine gurhushwekuula!».","Mais Paul dit aux licteurs: Après nous avoir battus de verges publiquement et sans jugement, nous qui sommes Romains, ils nous ont jetés en prison, et maintenant ils nous font sortir secrètement! Il nen sera pas ainsi. Quils viennent eux-mêmes nous mettre en liberté."
ACT.16.38,"Abo basooda bagaluka n'okubalira abazuuzi b'egishagala ogo mwazi. Babeere bayunva oku Paawulo na Siila baali Barooma, bayuubaha bweneene.","Les licteurs rapportèrent ces paroles aux préteurs, qui furent effrayés en apprenant quils étaient Romains."
ACT.16.39,"Okoola kwarhuma baaja kubarhebereza, banabaheeka embuga y'omunyororo n'oku bahema barhenge mw'echo gishagala.","Ils vinrent les apaiser, et ils les mirent en liberté, en les priant de quitter la ville."
ACT.16.40,"Babeere bamarhenga omu munyororo, baaja emwa Ludiya. Enyuma z'okubonana n'abemeezi n'okubakomeza omurhima, bagenda.","Quand ils furent sortis de la prison, ils entrèrent chez Lydie, et, après avoir vu et exhorté les frères, ils partirent."
ACT.17.1,"Paawulo na Siila babeere bagendekera n'olugenzi lwabo, balenga omu gishagala ch'eAmfipoli na ech'eApoloniya, banahika omu ch'eTesalonika. Eyoola yaliiri esinagoogi y'aBayaahudi.","Paul et Silas passèrent par Amphipolis et Apollonie, et ils arrivèrent à Thessalonique, où les Juifs avaient une synagogue."
ACT.17.2,"Paawulo aja mw'eyo sinagoogi gukulikirana n'oku akoomeraga. Omu Saabato esharhu zikulikireene, ashambaala n'abantu elugulu w'aMandiko Matagatiifu.","Paul y entra, selon sa coutume. Pendant trois sabbats, il discuta avec eux, daprès les Écritures."
ACT.17.3,Abalira bo anabayereka oku Kirisitu alikwaneene kulibuka n'ogufuuka ahagarhi k'abaafu. Aliiri ababwira ntya: «Oyu Yeesu ndi nabashambaalira ye Kirisitu.».,"expliquant et établissant que le Christ devait souffrir et ressusciter des morts. Et Jésus que je vous annonce, disait-il, cest lui qui est le Christ."
ACT.17.4,"Baguma mw'abo Bayaahudi bayemeera, baaja oku lunda lwa Paawulo na Siila. N'aBagiriki banene balemaga baharamya Nnamahanga haguma n'abakazi banene bw'olukengo, nabo bayemeera.","Quelques-uns dentre eux furent persuadés, et se joignirent à Paul et à Silas, ainsi quune grande multitude de Grecs craignant Dieu, et beaucoup de femmes de qualité."
ACT.17.5,"Aliko Bayaahudi baguma bayongwa. Bahamagala bishumuusi biguma byaliiri omu soko, byagusha abantu banene omu gishagala omu gushonda kubararusa. Baja emwa Yasoni gushonda Paawulo na Siila mpu babaheke embere z'abantu.","Mais les Juifs, jaloux prirent avec eux quelques méchants hommes de la populace, provoquèrent des attroupements, et répandirent lagitation dans la ville. Ils se portèrent à la maison de Jason, et ils cherchèrent Paul et Silas, pour les amener vers le peuple."
ACT.17.6,"Babeere babula bo, bakululira Yasoni n'abemeezi baguma embere za barhegesi b'egishala. Baderha n'omulenge munene ntya: «Abaala, bo baliiri bararusa abantu omu gulu lyooshi, leero bahikire hanoola naho.","Ne les ayant pas trouvés, ils traînèrent Jason et quelques frères devant les magistrats de la ville, en criant: Ces gens, qui ont bouleversé le monde, sont aussi venus ici, et Jason les a reçus."
ACT.17.7,"Oyu Yasoni abayankirire emwage. Booshi barhali bakulikira amarhegeko m'omwami mukulu Kayizaari, omu kuderha oku hali windi mwami mpu ye Yeesu.».","Ils agissent tous contre les édits de César, disant quil y a un autre roi, Jésus."
ACT.17.8,"Abarhegesi b'egishagala haguma n'olubaga babeere bayunva eyo myaazi, bahahaala.",Par ces paroles ils émurent la foule et les magistrats.
ACT.17.9,"Babaseeza, Yasoni n'abaabo bahane egikinja ch'efuranga oku barhachirarusa abantu, balikula bo bagenda.",qui ne laissèrent aller Jason et les autres quaprès avoir obtenu deux une caution.
ACT.17.10,"Bwabeere bwaba budufu, abemeezi baava babwira Paawulo na Siila bagende omu gishagala ch'eBeroya. Babeere baahika yo, baja omu sinagoogi y'aBayaahudi.","Aussitôt les frères firent partir de nuit Paul et Silas pour Bérée. Lorsquils furent arrivés, ils entrèrent dans la synagogue des Juifs."
ACT.17.11,Abantu b'eBeroya baliyemereere kuyunviriza eChinwa cha Nnamahanga kulusha ab'eTesalonika. Baliyankirire cho n'obushiru. Ngasi lusiku balemaga basoma aMandiko Matagatiifu omu kulola akonva ebi Paawulo aliiri aderha byaliiri by'okuli.,"Ces Juifs avaient des sentiments plus nobles que ceux de Thessalonique; ils reçurent la parole avec beaucoup dempressement, et ils examinaient chaque jour les Écritures, pour voir si ce quon leur disait était exact."
ACT.17.12,"aBayaahudi banene ahagarhi kaabo haguma n'aBagiriki, bayemeera Yeesu. Mw'abo Bagiriki, mwaliiri abakazi bw'olukengo n'abalume banene.","Plusieurs dentre eux crurent, ainsi que beaucoup de femmes grecques de distinction, et beaucoup dhommes."
ACT.17.13,"Aliko aBayaahudi b'eTesalonika babeere bayunva oku Paawulo y'abala eChinwa cha Nnamahanga eBeroya nayo, baaja yo gurarusa n'ogukalihya abantu.","Mais, quand les Juifs de Thessalonique surent que Paul annonçait aussi à Bérée la parole de Dieu, ils vinrent y agiter la foule."
ACT.17.14,Ho n'aho abemeezi baherekeza Paawulo guhika oku siiko. Aliko Siila na Timoteyo bayoorha eBeroya.,Alors les frères firent aussitôt partir Paul du côté de la mer; Silas et Timothée restèrent à Bérée.
ACT.17.15,"Abaherekezaga Paawulo bamugeza omu gishagala ch'eAteene. Babeere bagaluka eBeroya, Paawulo abarhegeka oku babwire Siila na Timoteyo bamubugane juba.","Ceux qui accompagnaient Paul le conduisirent jusquà Athènes. Puis ils sen retournèrent, chargés de transmettre à Silas et à Timothée lordre de le rejoindre au plus tôt."
ACT.17.16,"Paawulo abeere ali alinga Siila na Timoteyo eAteene, omurhima gwamuluma, kubona oku mw'echo gishagala mwaliyunjwire ebishushanyo by'emaana.","Comme Paul les attendait à Athènes, il sentait au-dedans de lui son esprit sirriter, à la vue de cette ville pleine didoles."
ACT.17.17,Paawulo aliiri ashambaala omu sinagoogi haguma n'aBayaahudi n'abanaharamya Nnamahanga barhali Bayaahudi. Na ngasi lusiku aliiri ashambaala n'abantu alemaga abugaana omu soko.,"Il sentretenait donc dans la synagogue avec les Juifs et les hommes craignant Dieu, et sur la place publique chaque jour avec ceux quil rencontrait."
ACT.17.18,"Kandi, Paawulo alema ashiganana n'abigiriza baguma b'echigusho ch'aBaepikuriyo na ech'aBastoyiko . Aba bigiriza barhondera obuhaka haguma naye. Baguma omu bo babaza ntya: «Oyu shakaderha, bichi ashonda kuderha?» N'abandi baderha ntya: «Bibonekeene oku y'ashambaala elugulu y'emaana z'amandi mahanga.» Baderhaga ntyo, kwenge Paawulo aliiri abala oMwazi Mwinja gwa Yeesu n'obufuuke bw'abafu.","Quelques philosophes épicuriens et stoïciens se mirent à parler avec lui. Et les uns disaient: Que veut dire ce discoureur? Dautres, lentendant annoncer Jésus et la résurrection, disaient: Il semble quil annonce des divinités étrangères."
ACT.17.19,Baava baheka Paawulo omu kabuga kayirikirwe Areyopago . Baamubaza ntya: «Ka wakagala rhumenyesa ezi nyigirizo zihyahya oli wayigiriza?.,"Alors ils le prirent, et le menèrent à lAréopage, en disant: Pourrions-nous savoir quelle est cette nouvelle doctrine que tu enseignes?."
ACT.17.20,Bulaala yi warhushambaalira ebintu bihyahya. Boboola rhushondere kumenya bichi biderhere.».,Car tu nous fais entendre des choses étranges. Nous voudrions donc savoir ce que cela peut être.
ACT.17.21,"Byabaaga ntyo kwenge abantu b'eAteene haguma n'abahiisi bali balamire ahagarhi kaabo, balemaga bageza ebishanji byabo byooshi omu kubala n'okuyunviriza ebinwa bihyahyahyahya.","Or, tous les Athéniens et les étrangers demeurant à Athènes ne passaient leur temps quà dire ou à écouter des nouvelles."
ACT.17.22,"Paawulo aja ayimanga ahagarhi k'eAreyopago n'okuderha ntya: «Bantu b'eAteene, mbwene oku muli bantu basimire bweneene emyaazi y'edini.","Paul, debout au milieu de lAréopage, dit: Hommes Athéniens, je vous trouve à tous égards extrêmement religieux."
ACT.17.23,"Kwenge nabeere ndi nagera omu gishagala chenyu, namabona ebishushanyo by'emaana zenyu munaharamya, namanabona n'entuliro nguma egwerhe emyandiko ederhere ntya: ‹Oku mana erhamenyikene.› Leero, oyu mulimwaharamya buzira kumumenya, yi ndi nabashambaalira.","Car, en parcourant votre ville et en considérant les objets de votre dévotion, jai même découvert un autel avec cette inscription: A un dieu inconnu! Ce que vous révérez sans le connaître, cest ce que je vous annonce."
ACT.17.24,"«Nnamahanga walemaga egulu n'ebintu byooshi biba mo, yeewe ye Nyina empingu n'egulu. Arhalama omu nju abantu bamuyumbakiraga n'amaboko maabo.","Le Dieu qui a fait le monde et tout ce qui sy trouve, étant le Seigneur du ciel et de la terre, nhabite point dans des temples faits de main dhomme;."
ACT.17.25,Yeewe arharhabalwa n'abantu nk'olagiriire oku kantu. Yeewe ye heereza booshi omuuka gw'akalamo n'ebintu byooshi bakenere.,"il nest point servi par des mains humaines, comme sil avait besoin de quoi que ce soit, lui qui donne à tous la vie, la respiration, et toutes choses."
ACT.17.26,Alemaga embaga zooshi gurhengera muntu muguma yi balama omu gulu lyooshi. Abajirira ebihe n'okubachiira embibi z'ebihugo bakwaneene kulama mo.,"Il a fait que tous les hommes, sortis dun seul sang, habitassent sur toute la surface de la terre, ayant déterminé la durée des temps et les bornes de leur demeure;."
ACT.17.27,"Nnamahanga alijirire ntyo, kwenge alishondere abantu bamushonde, nkabaga omu kumamarha bagale kumubona. Okuli, arhali hale na ngasi muguma weerhu.","il a voulu quils cherchassent le Seigneur, et quils sefforçassent de le trouver en tâtonnant, bien quil ne soit pas loin de chacun de nous."
ACT.17.28,"Kwenge oku buhashe bwage rhulamire, yi rhwalambagira yi rhwanayisa. Ebyoola biri kuguma na kulaala baguma omu bandiisi benyu baderhaga ntya: ‹Neerhu, rhuli bana baage.›.","car en lui nous avons la vie, le mouvement, et lêtre. Cest ce quont dit aussi quelques-uns de vos poètes: De lui nous sommes la race…."
ACT.17.29,"Bulaala rhuli beene Nnamahanga, birhahemeere rhukengeere oku ali nk'emaana ze oro, z'echuuma chibaragenye changwa amandi mabaale machulwaga oku bulenga n'enkengeero z'abantu.","Ainsi donc, étant la race de Dieu, nous ne devons pas croire que la divinité soit semblable à de lor, à de largent, ou à de la pierre, sculptés par lart et lindustrie de lhomme."
ACT.17.30,«Nnamahanga arhachiganja ebyo bihe abantu baliiri omu buhwinja. Aliko bunoola arhegekere abantu booshi ba ngasi hantu oku baleke ebyaaha.,"Dieu, sans tenir compte des temps dignorance, annonce maintenant à tous les hommes, en tous lieux, quils aient à se repentir."
ACT.17.31,"Bulaala achishogere olusiku nj'achiira abantu b'egulu lyooshi olushinja omu kuntu gukwaneene kugerera muntu muguma, oy'alondwere kw'ako kaasi. Ayerekeene oku booshi okuli kw'eyi myaazi omu gufuula oyo muntu gurhenga omu bafu.».","parce quil a fixé un jour où il jugera le monde selon la justice, par lhomme quil a désigné, ce dont il a donné à tous une preuve certaine en le ressuscitant des morts…."
ACT.17.32,"Babeere bayunva Paawulo aderha elugulu w'obufuke bw'abafu, baguma bamushekera aliko abandi baderha ntya: «Nji rhwakuyunviriza kandi olwindi lusiku waderha elugulu w'eyi myaazi.».","Lorsquils entendirent parler de résurrection des morts, les uns se moquèrent, et les autres dirent: Nous tentendrons là-dessus une autre fois."
ACT.17.33,Oku buzinda Paawulo alekana nabo.,Ainsi Paul se retira du milieu deux.
ACT.17.34,"Aliko bantu baguma baja okulunda lwage, baaba bemeezi. Ahagarhi kaabo haliiri muntu muguma w'omu kabuga k'eAreyopago oyirikwa Diyonisiyo na mukazi muguma oyirikwa Damari, n'abandi.","Quelques-uns néanmoins sattachèrent à lui et crurent, Denys laréopagite, une femme nommée Damaris, et dautres avec eux."
ACT.18.1,"Enyuma w'ebyo, Paawulo arhenga omu gishagala ch'eAteene, aja omu ch'eKorinto.","Après cela, Paul partit dAthènes, et se rendit à Corinthe."
ACT.18.2,"Ashimaana yo oMuyaahudi muguma oyirikwa Akila, oburhwa omu gihugo ch'ePonto. Oyo Akila na mukaage Prisila babaaga barhaza kulegama barhengere omu gishagala ch'eRooma omu gihugo ch'eItaliya, bulaala mw'ezo siku mwami mukulu Kayizaari Kuloode alirhegekere oku aBayaahudi booshi barhenge mw'echo gishagala. Paawulo aja kubarhangula.","Il y trouva un Juif nommé Aquilas, originaire du Pont, récemment arrivé dItalie avec sa femme Priscille, parce que Claude avait ordonné à tous les Juifs de sortir de Rome. Il se lia avec eux;."
ACT.18.3,"abeera nabo, analiiri akola nabo, kwenge baliiri bakola kaasi kaguma naye kw'ogukwiza amahema.","et, comme il avait le même métier, il demeura chez eux et y travailla: ils étaient faiseurs de tentes."
ACT.18.4,"Ngasi lusiku lw'eSaabato, Paawulo alemaga ashambaala n'abantu omu sinagoogi. Aliiri ashonda ayemeeze aBayaahudi n'aBagiriki babe bemeezi.","Paul discourait dans la synagogue chaque sabbat, et il persuadait des Juifs et des Grecs."
ACT.18.5,"Aliko Siila na Timoteyo babeere baahika gurhenga eMakedoniya, Paawulo alema ageza ebishanji byaage byooshi omu kuyigiriza eChinwa cha Nnamahanga n'omu kuyeereka aBayaahudi oku Yeesu ye Kirisitu.","Mais quand Silas et Timothée furent arrivés de la Macédoine, il se donna tout entier à la parole, attestant aux Juifs que Jésus était le Christ."
ACT.18.6,"Babeere balahira Paawulo n'okumudukanga, abakunguurhira emyambalo yaage anababwira ntya: «Eshagama yenyu ebe oku marhwe menyu! Nyoono, nta mwinda gwa muntu ngwerhe. Gurhengera zeene, naaja emw'abarhali Bayaahudi.».","Les Juifs faisant alors de lopposition et se livrant à des injures, Paul secoua ses vêtements, et leur dit: Que votre sang retombe sur votre tête! Jen suis pur. Dès maintenant, jirai vers les païens."
ACT.18.7,"Paawulo ahuluka mw'eyo sinagoogi, aja omu nju yaliiri aha burhambi. Eyo nju yaliiri y'omuntu oyirikwa Tiito Yusito. Arhaliiri Muyaahudi, aliko alemaga aharamya Nnamahanga.","Et sortant de là, il entra chez un nommé Justus, homme craignant Dieu, et dont la maison était contiguë à la synagogue."
ACT.18.8,"Aliko omukulu w'esinagoogi oyirikwa Krisipo ayemeera Nnaweerhu, yeewe n'abantu booshi b'omu nju yaage. aBakorinto banene baliiri bayunviriza Paawulo nabo bayemeera Yeesu, babatiizwa .","Cependant Crispus, le chef de la synagogue, crut au Seigneur avec toute sa famille. Et plusieurs Corinthiens, qui avaient entendu Paul, crurent aussi, et furent baptisés."
ACT.18.9,"Lusiku luguma obudufu, Nnaweerhu abonekera Paawulo, anamubwira ntya: «Orhayuubahaga! Gendekera kuderha, orhasiraga.","Le Seigneur dit à Paul en vision pendant la nuit: Ne crains point; mais parle, et ne te tais point."
ACT.18.10,"kwenge nyoono ndi haguma naawe. Ntaaye waguhira ko okuboko mpu akujire kubi, bulaala mpeerhe olubaga lunene mw'echiila gishagala.».","Car je suis avec toi, et personne ne mettra la main sur toi pour te faire du mal: parle, car jai un peuple nombreux dans cette ville."
ACT.18.11,Paawulo abeera mwaka muguma na myeezi ndarhu eKorinto eyi ali ayigiriza eChinwa cha Nnamahanga.,"Il y demeura un an et six mois, enseignant parmi les Corinthiens la parole de Dieu."
ACT.18.12,"Amango Galiyo aliiri murhegesi w'egihugo ch'eAkaya, aBayaahudi bachihira haguma omu kulwisa Paawulo, banamuheeka omu kabuga.","Du temps que Gallion était proconsul de lAchaïe, les Juifs se soulevèrent unanimement contre Paul, et le menèrent devant le tribunal."
ACT.18.13,Baderha ntya: «Oyu muntu ali ayemeeza abantu oguharamya Nnamahanga nk'oku eRhegeko lyeerhu lirhahemere.».,en disant: Cet homme excite les gens à servir Dieu dune manière contraire à la loi.
ACT.18.14,"Paawulo abeere ashonda kuderha, Galiyo abashubiza ntya: «Mwabo Bayaahudi, akaba mwagasidaka oyu muntu mpu akolere chibi chirebe changwa mpu ajirire omwazi mubi guzidohere, ahoola nakabayunvire nk'oku bihemere.","Paul allait ouvrir la bouche, lorsque Gallion dit aux Juifs: Sil sagissait de quelque injustice ou de quelque méchante action, je vous écouterais comme de raison, ô Juifs;."
ACT.18.15,"Sy'aliko okubona oku obuhaka bwenyu buyerekeere ebinwa, amaziino n'eRhegeko lyenyu, eyo myaazi ebalolere mwenyine. Nyoono ntashonda gucha olushinja luli nk'oluula.».","mais, sil sagit de discussions sur une parole, sur des noms, et sur votre loi, cela vous regarde: je ne veux pas être juge de ces choses."
ACT.18.16,"Ho n'aho, Galiyo abalibisya barhenge mw'ako kabuga.",Et il les renvoya du tribunal.
ACT.18.17,"Booshi baava bafarha omukulu w'esinagoogi oyirikwa Sositeeni, barhondera kumushuurha enkoni embere z'akabuga, aliko Galiyo arhalagaga kw'echo chijiro.","Alors tous, se saisissant de Sosthène, le chef de la synagogue, le battirent devant le tribunal, sans que Gallion sen mît en peine."
ACT.18.18,"Paawulo ashuba kubeera zindi siku zinene omu gishagala ch'eKorinto. Oku buzinda aseezerana n'abaabo bemeezi n'okuja omu siiko y'eKenkereya. Embere aje omu chombo, arhanga kugembeesa enviiri zaage, kwenge aliiri amalire echilagaane ajiraga emwa Nnamahanga. Aja omu chombo yeewe, Prisila na Akila, bagenda omu gihugo ch'eSuriya.","Paul resta encore assez longtemps à Corinthe. Ensuite il prit congé des frères, et sembarqua pour la Syrie, avec Priscille et Aquilas, après sêtre fait raser la tête à Cenchrées, car il avait fait un vœu."
ACT.18.19,"Babeere baahika omu gishagala ch'eEfeeso, Paawulo aleka yo Prisila na Akila. Naye aja omu sinagoogi, ashambaala n'aBayaahudi.","Ils arrivèrent à Éphèse, et Paul y laissa ses compagnons. Étant entré dans la synagogue, il sentretint avec les Juifs."
ACT.18.20,"Abo Bayaahudi bamuhema abeere nabo siku zinene, aliko alahira.",qui le prièrent de prolonger son séjour.
ACT.18.21,"Oku ali abaseezera, ababwira ntya: «Nnamahanga agasiima, nji nashuba kugaluka eno mwenyu.» Oku buzinda aja omu chombo, arhenga eEfeeso.","Mais il ny consentit point, et il prit congé deux, en disant: Il faut absolument que je célèbre la fête prochaine à Jérusalem. Je reviendrai vers vous, si Dieu le veut. Et il partit dÉphèse."
ACT.18.22,"Abeere ahika omu gishagala ch'eKayizariya, azamuukira eYerusaleema kulamusa echigusho ch'abemeezi. Oku buzinda ayandagalira omu gishagala ch'eAntiyokiya.","Étant débarqué à Césarée, il monta à Jérusalem, et, après avoir salué lÉglise, il descendit à Antioche."
ACT.18.23,"Abeere amamala yo siku zigeeke, agendekera n'olugenzi. Alenga omu gihugo ch'eGalatiya na ech'eFurigiya omu gukomeza abemeezi booshi.","Lorsquil eut passé quelque temps à Antioche, Paul se mit en route, et parcourut successivement la Galatie et la Phrygie, fortifiant tous les disciples."
ACT.18.24,"Amo mango, Muyaahudi muguma oyirikwa Apolo, muburhwa w'omu gishagala ch'eAlegizanduriya, ahika omu gishagala ch'eEfeeso. Oyo muntu aliiri w'okuderha n'obwenge bunene, analiyinji bweneene aMandiko Matagatiifu.","Un Juif nommé Apollos, originaire dAlexandrie, homme éloquent et versé dans les Écritures, vint à Éphèse."
ACT.18.25,Aliiri ayigiriizwe eNjira ya Nnaweerhu. Analigwerhe obushiru omu kuderha n'okuyigiriza emyaazi ya Yeesu omu kuli. Aliko aliyinji obubatiizo bwa Yohaana bwonyine.,"Il était instruit dans la voie du Seigneur, et, fervent desprit, il annonçait et enseignait avec exactitude ce qui concerne Jésus, bien quil ne connût que le baptême de Jean."
ACT.18.26,"Aja omu sinagoogi, arhondera kuyigiriza buzira buuba. Prisila na Akila babeere bamuyunviriza y'aderha, bamuheeka emwabo, bamuhuguula bwinjabwinja eNjira ya Nnamahanga.","Il se mit à parler librement dans la synagogue. Aquilas et Priscille, layant entendu, le prirent avec eux, et lui exposèrent plus exactement la voie de Dieu."
ACT.18.27,"Buzinda bw'aho, Apolo abeere ashonda kuja eAkaya, abemeezi b'eEfeeso bamukomeza omurhima n'okuyandikira abemeezi b'eAkaya amaruba m'okumuyankirira bwinja. Abeere ahika yo, arhabaala bweneene abaliyemereere Yeesu kugerera olukogo lwa Nnamahanga.","Comme il voulait passer en Achaïe, les frères ly encouragèrent, et écrivirent aux disciples de le bien recevoir. Quand il fut arrivé, il se rendit, par la grâce de Dieu, très utile à ceux qui avaient cru;."
ACT.18.28,"bulaala omu buhaka n'aBayaahudi, alemaga abahima embere z'abantu, omu kubayeereka kulengera aMandiko Matagatiifu oku Yeesu ye Kirisitu.","Car il réfutait vivement les Juifs en public, démontrant par les Écritures que Jésus est le Christ."
ACT.19.1,"Amango Apolo abeere ali omu gishagala ch'eKorinto, Paawulo naye aliiri alenga omu gihugo ch'emisozi ch'eAziya, anayandagalira omu gishagala ch'eEfeeso. Ashimaana yo abemeezi baguma.","Pendant quApollos était à Corinthe, Paul, après avoir parcouru les hautes provinces de lAsie, arriva à Éphèse. Ayant rencontré quelques disciples, il leur dit:."
ACT.19.2,"ababaza ntya: «Ka mwaliyankiriire Muuka-Mutagatiifu amango mwayemeeraga Yeesu?» Bamushubiza ntya: «Nangwa, chiro rhurhashubiraga kuyunva baderha oku haaba Muuka-Mutagatiifu.».","Avez-vous reçu le Saint-Esprit, quand vous avez cru? Ils lui répondirent: Nous navons pas même entendu dire quil y ait un Saint-Esprit."
ACT.19.3,Ashuba kubabaza ntya: «Bubatiizo buchi mwayankiriire?» Bamushubiza ntya: «Bubatiizo bwa Yohaana.».,Il dit: De quel baptême avez-vous donc été baptisés? Et ils répondirent: Du baptême de Jean.
ACT.19.4,"Paawulo aja ababwira ntya: «Obubatiizo bwa Yohaana bwaliiri bw'okuyeerekana oku abantu balekere ebyaaha byaabo. Anababwira bayemeere olaala wayinja enyuma zaage, n'oyo ye Yeesu.».","Alors Paul dit: Jean a baptisé du baptême de repentance, disant au peuple de croire en celui qui venait après lui, cest-à-dire, en Jésus."
ACT.19.5,"Babeere bayunva eyi myaazi, babatiizwa oku ziino lya Nnaweerhu Yeesu.","Sur ces paroles, ils furent baptisés au nom du Seigneur Jésus."
ACT.19.6,"Paawulo aja abalambuulira kw'amaboko, na Muuka-Mutagatiifu abayandagalira ko. Barhondera kuderha omu zindi ndimi n'okuleeba.","Lorsque Paul leur eut imposé les mains, le Saint-Esprit vint sur eux, et ils parlaient en langues et prophétisaient."
ACT.19.7,"Abo bantu, baliiri hoofu balume ekumi na babiri.",Ils étaient en tout environ douze hommes.
ACT.19.8,"Omu myeezi esharhu, Paawulo aliiri aja omu sinagoogi y'aBayaahudi, aliiri ashambaala buzira buuba emyaazi y'obwime bwa Nnamahanga omu gushonda abantu bayemeere.","Ensuite Paul entra dans la synagogue, où il parla librement. Pendant trois mois, il discourut sur les choses qui concernent le royaume de Dieu, sefforçant de persuader ceux qui lécoutaient."
ACT.19.9,"Aliko baguma omu bo baaba bazibu b'emirhima banalahira kuyemeera. Barhondera kuderha kubi elugulu w'eNjira ya Nnaweerhu embere z'echigusho ch'abantu. Paawulo aja abaleka. Aheeka abemeezi bonyine, na ngasi lusiku, aliiri aganiira nabo omu masomo m'omulume muguma oyirikwa Tiraano.","Mais, comme quelques-uns restaient endurcis et incrédules, décriant devant la multitude la voie du Seigneur, il se retira deux, sépara les disciples, et enseigna chaque jour dans lécole dun nommé Tyrannus."
ACT.19.10,"Agendekera ntyo guhika myaaka ebiri, oku bulyo abantu booshi, aBayaahudi n'aBagiriki balilamire omu gihugo ch'eAziya, bayunva eChinwa cha Nnaweerhu.","Cela dura deux ans, de sorte que tous ceux qui habitaient lAsie, Juifs et Grecs, entendirent la parole du Seigneur."
ACT.19.11,Nnamahanga aliiri ajira ebisomereene kugerera Paawulo.,Et Dieu faisait des miracles extraordinaires par les mains de Paul.
ACT.19.12,"Abantu baliiri barhoola ebitambara changwa emyambalo yabaaga yahumire oku mubiri gwage, baliiri bayihira oku balwala, nabo baalema bafuma amalwala maabo, na abalifarhirwe n'abazimu, baliiri babarhenga mo.","au point quon appliquait sur les malades des linges ou des mouchoirs qui avaient touché son corps, et les maladies les quittaient, et les esprits malins sortaient."
ACT.19.13,"Haliiri Bayaahudi baguma baliiri balenga ngasi hooshi yi balibisye abazimu barhenge omu bantu. Nabo bashonda gukolesa eziino lya Nnaweerhu Yeesu, omu kuderha ntya: «Mbarhegekere oku ziino lya Yeesu, ola Paawulo ali ayigiriza, muhuluke mw'oyu muntu!».","Quelques exorcistes juifs ambulants essayèrent dinvoquer sur ceux qui avaient des esprits malins le nom du Seigneur Jésus, en disant: Je vous conjure par Jésus que Paul prêche!."
ACT.19.14,"Omu baliiri bajira ntyo, haliiri bagala mushanvu b'omudaahwa mukulu w'aBayaahudi oyirikwa Sikewa.","Ceux qui faisaient cela étaient sept fils de Scéva, Juif, lun des principaux sacrificateurs."
ACT.19.15,"Lusiku luguma, omuzimu ababwira ntya: «Nyinji Yeesu, nyinji na Paawulo. Aliko mwabo muli bande?».","Lesprit malin leur répondit: Je connais Jésus, et je sais qui est Paul; mais vous, qui êtes-vous?."
ACT.19.16,"Ho n'aho omuntu walifarhirwe n'omuzimu achikabula kubo, abalwisa anabahima booshi. Bahuluka mw'eyo nju balibirha, bali butambara eyi banayunjwire ebihulu.","Et lhomme dans lequel était lesprit malin sélança sur eux, se rendit maître de tous deux, et les maltraita de telle sorte quils senfuirent de cette maison nus et blessés."
ACT.19.17,"Eyo myaazi yamenyikana oku booshi balilamire omu gishagala ch'eEfeeso, aBayaahudi n'aBagiriki. Bagwarha obuuba, bakuza eziino lya Nnaweerhu Yeesu.","Cela fut connu de tous les Juifs et de tous les Grecs qui demeuraient à Éphèse, et la crainte sempara deux tous, et le nom du Seigneur Jésus était glorifié."
ACT.19.18,"Banene omu bayemeeraga Yeesu, bayinja n'okuyeemera amabi maabo mooshi embere z'abantu.",Plusieurs de ceux qui avaient cru venaient confesser et déclarer ce quils avaient fait.
ACT.19.19,"Baguma omu bo baliiri bajira obukurungu bagusha ebitabu baliiri bakoleesa, babiyosa embere z'abantu booshi. Egichiro ch'ebyo bitabu chaliiri ch'efuranga zinene, bicheri bihumbi makumi marhaano .","Et un certain nombre de ceux qui avaient exercé les arts magiques, ayant apporté leurs livres, les brûlèrent devant tout le monde: on en estima la valeur à cinquante mille pièces dargent."
ACT.19.20,"Na ntyo, kulengera obuhashe bwa Nnaweerhu, eChinwa chaage chayandaala hooshi n'okuba n'emisi.",Cest ainsi que la parole du Seigneur croissait en puissance et en force.
ACT.19.21,"Enyuma z'ebyo, Paawulo ahiga okuja eYerusaleema kugerera omu gihugo ch'eMakedoniya n'eche Akaya. Aderha ntya: «Hano ngera eYerusaleema, byampema ngere n'eRooma.».","Après que ces choses se furent passées, Paul forma le projet daller à Jérusalem, en traversant la Macédoine et lAchaïe. Quand jaurai été là, se disait-il, il faut aussi que je voie Rome."
ACT.19.22,"Ntyo, arhuma bantu babiri bw'omu barhabazi baage, Timoteyo na Erasito, bamurhange eMakedoniya. Aliko yeewe abeera siku zigeeke mw'echo gihugo ch'eAziya.","Il envoya en Macédoine deux de ses aides, Timothée et Éraste, et il resta lui-même quelque temps encore en Asie."
ACT.19.23,"Mwamo mango, haahulukira entonganyi nene omu gishagala ch'eEfeeso elugulu w'enyigirizo z'eNjira ya Nnaweerhu.","Il survint, à cette époque, un grand trouble au sujet de la voie du Seigneur."
ACT.19.24,"Eyo yaliiri omuchuzi oyirikwa Dimetriyo. Aligwerhe akaasi kw'ogukola ebishushanyo bigekegeke by'akajumiro k'emaana y'echikazi eyirikwa Aritemi, kulengera echuuma chibaragenye. Akala kaasi kaliiri kaleerhera abaabo abachuzi enyungu nene.","Un nommé Démétrius, orfèvre, fabriquait en argent des temples de Diane, et procurait à ses ouvriers un gain considérable."
ACT.19.25,"Lusiku luguma, oyo Dimetriyo agusha baabo bachuzi haguma n'abandi bakozi baliiri bakola akola kaasi. Ababwira ntya: «Beera baani, muyinji oku rhunayunguka furanga zinene kulengera akala kaasi.","Il les rassembla, avec ceux du même métier, et dit: O hommes, vous savez que notre bien-être dépend de cette industrie;."
ACT.19.26,"Aliko nk'oku mwabwene n'okuyunva, oyu Paawulo ali ayemeeza n'ogurhebeka abantu banene. Arhali hano Efeeso honyine si na ngasi hooshi omu gihugo ch'eAziya. Ali aderha oku emaana zajiragwa n'amaboko m'abantu, zirhali maana z'okuli.","et vous voyez et entendez que, non seulement à Éphèse, mais dans presque toute lAsie, ce Paul a persuadé et détourné une foule de gens, en disant que les dieux faits de main dhomme ne sont pas des dieux."
ACT.19.27,"Leero, rhuyubahire eyi myaazi bulaala arhali akaasi keerhu konyine gakenwa, sy'aliko n'akajumiro k'emaana yerhu nkulu Aritemi kaba kabushabusha. N'emaana yeerhu abantu bali baharamya omu gihugo chooshi ch'eAziya n'omu gulu lyooshi, yaheza obukuuze.».","Le danger qui en résulte, ce nest pas seulement que notre industrie ne tombe en discrédit; cest encore que le temple de la grande déesse Diane ne soit tenu pour rien, et même que la majesté de celle qui est révérée dans toute lAsie et dans le monde entier ne soit réduite à néant."
ACT.19.28,"Abo bachuzi n'abakozi babeere bayunva eyo myaazi, bagwarhwa n'oburhe, barhondera okuyaama omu kuderha ntya: «Aritemi w'aBaefeeso ye mukulu!».","Ces paroles les ayant remplis de colère, ils se mirent à crier: Grande est la Diane des Éphésiens!."
ACT.19.29,"Egishagala chooshi chayunjula olwamo. Abantu bachikabula oku Gayo na Arisitariko, baburhwa b'eMakedoniya baliiri babalama haguma na Paawulo. Booshi balibirhira jubaajuba ahantu hanene h'enshimaanano eyi bali bababululira ho.","Toute la ville fut dans la confusion. Ils se précipitèrent tous ensemble au théâtre, entraînant avec eux Gaïus et Aristarque, Macédoniens, compagnons de voyage de Paul."
ACT.19.30,"Paawulo ashonda oguchimoleka embere z'olola lubaga, aliko abemeezi bamubuza.","Paul voulait se présenter devant le peuple, mais les disciples len empêchèrent;."
ACT.19.31,"Chiro n'abarhegesi baguma b'egihugo ch'eAziya baliiri beera ba Paawulo, nabo bamurhumira entumwa y'okumuyinginga oku arhajaga aho hantu.","quelques-uns même des Asiarques, qui étaient ses amis, envoyèrent vers lui, pour lengager à ne pas se rendre au théâtre."
ACT.19.32,"Mw'ebyo bishanji, echigusho chooshi chaligwerhe olwamo, baguma baliiri baderha ntya n'abandi ntya. Chiro banene omu bo barhamenyaga echarhumaga bachigusha.","Les uns criaient dune manière, les autres dune autre, car le désordre régnait dans lassemblée, et la plupart ne savaient pas pourquoi ils sétaient réunis."
ACT.19.33,aBayaahudi bayimanza muntu muguma oyirikwa Alegizandere n'okumushunikira embere z'echigusho. Bantu baguma bamubwira ebinwa aderha. Naye asimira echigusho chooshi n'okuboko oku basire y'abuurane embere zaabo.,"Alors on fit sortir de la foule Alexandre, que les Juifs poussaient en avant; et Alexandre, faisant signe de la main, voulait parler au peuple."
ACT.19.34,"Babeere bamenya okw'ali Muyaahudi, booshi bajira olwamo haguma hoofu saa ebiri, eyi bali baderha ntya: «Aritemi w'aBaefeeso ye mukulu!».","Mais quand ils reconnurent quil était Juif, tous dune seule voix crièrent pendant près de deux heures: Grande est la Diane des Éphésiens!."
ACT.19.35,"Oku buzinda, karani w'egishagala abasiza n'okuderha ntya: «Mwe bantu b'eEfeeso, abantu booshi b'omugulu bayinji oku egishagala ch'eEfeeso chiri ch'okulanga akajumiro k'emaana nkulu Aritemi n'egishushanyo chaage charhogaga gurhengera empingu.","Cependant le secrétaire, ayant apaisé la foule, dit: Hommes Éphésiens, quel est celui qui ignore que la ville dÉphèse est la gardienne du temple de la grande Diane et de son simulacre tombé du ciel?."
ACT.19.36,"Nta muntu wakaja buhaka elugulu w'ebyo. Cho girhumire murhuleere, na ntaacho mujirage buzira gukengera.","Cela étant incontestable, vous devez vous calmer, et ne rien faire avec précipitation."
ACT.19.37,"Aba bantu mwalerhere hano, ntaacho bazimbire ch'omu kajumiro k'emaana yeerhu changwa barhaza kuyidukanga.","Car vous avez amené ces hommes, qui ne sont coupables ni de sacrilège, ni de blasphème envers notre déesse."
ACT.19.38,"Akaba Dimetriyo n'abaabo bachuzi bagwerhe olushinja n'omuntu, rhugwerhe akabuga n'abazuzi. Eyo munda yi bakwaneene kuja kusidaakira.","Si donc Démétrius et ses ouvriers ont à se plaindre de quelquun, il y a des jours daudience et des proconsuls; quils sappellent en justice les uns les autres."
ACT.19.39,"N'akaba mugwerhe obwindi buhaka, bwahwera omu nshimaanano eyemeererwe n'erhegeko.","Et si vous avez en vue dautres objets, ils se régleront dans une assemblée légale."
ACT.19.40,"Bulaala ebi rhuli rhwajira zeene, byagarhuma rhwasidaakwa oku rhwajirire olwamo. Na nka barhubazize elugulu w'eyi nshimaanano, rhurhakabona ech'ogushubiza.».","Nous risquons, en effet, dêtre accusés de sédition pour ce qui sest passé aujourdhui, puisquil nexiste aucun motif qui nous permette de justifier cet attroupement. Après ces paroles, il congédia lassemblée."
ACT.20.1,"Entambala yabeere yaahwa eyo eEfeeso, Paawulo agusha abemeezi haguma, anabaseeza omurhima. Abaseezera, ava aja omu gihugo ch'eMakedoniya.","Lorsque le tumulte eut cessé, Paul réunit les disciples, et, après les avoir exhortés, prit congé deux, et partit pour aller en Macédoine."
ACT.20.2,"Alenga mw'echo gihugo, abwira abemeezi ebinwa binene by'okubakomeza omurhima. Buzinda aja omu gihugo ch'eBugiriki.","Il parcourut cette contrée, en adressant aux disciples de nombreuses exhortations."
ACT.20.3,"Amala yo myeezi esharhu. Abeere akola aja omu chombo ch'okuja omu gihugo ch'eSuriya, ayunva omwazi okw' aBayaahudi bamujiriire kaligi. Kwarhuma ahiga kugaluka kugerera omu gihugo ch'eMakedoniya.","Puis il se rendit en Grèce, où il séjourna trois mois. Il était sur le point de sembarquer pour la Syrie, quand les Juifs lui dressèrent des embûches. Alors il se décida à reprendre la route de la Macédoine."
ACT.20.4,"Abaherekezaga Paawulo baliiri Sopateeri mugala wa Piiro, w'eBeroya; Arisitariko na Sekundo b'eTesalonika; Gaayo w'eDerebe; Timoteyo, Tikiko na Torofimo baliiri b'eAziya.","Il avait pour laccompagner jusquen Asie: Sopater de Bérée, fils de Pyrrhus, Aristarque et Second de Thessalonique, Gaïus de Derbe, Timothée, ainsi que Tychique et Trophime, originaires dAsie."
ACT.20.5,Abo bantu barhurhanga embere gurhulingira eTorowa.,"Ceux-ci prirent les devants, et nous attendirent à Troas."
ACT.20.6,"Rhwabo neerhu, enyuma z'esiku z'edinye y'emigati nzira chachu, rhwaja omu chombo gurhenga eFiripi. Siku erhaano zabeere zahwa, rhwabashimaana eTorowa. Rhwabeera yo siku mushanvu.","Pour nous, après les jours des pains sans levain, nous nous embarquâmes à Philippes, et, au bout de cinq jours, nous les rejoignîmes à Troas, où nous passâmes sept jours."
ACT.20.7,"Egolo ly'olusiku lw'eSaabato, rhwashigaanana kugabaana omugati, na Paawulo ayigiriza abantu. Agendeerera kuganiira n'abantu guhika ahagarhi k'obudufu, kwenge ali kwaneene kugenda olusiku lwakulikiraga.","Le premier jour de la semaine, nous étions réunis pour rompre le pain. Paul, qui devait partir le lendemain, sentretenait avec les disciples, et il prolongea son discours jusquà minuit."
ACT.20.8,Rhwalemaga rhwabugaanana omu gorofa ebusiika. Omoola mwaliiri amatara manene.,Il y avait beaucoup de lampes dans la chambre haute où nous étions assemblés.
ACT.20.9,"Muzaana muguma oyirikwa Eutiko, aliiri ayikeere oku dirisha. Paawulo aliiri eyi amaleehya enyigirizo zaage, oyo muzaana arhoolwa n'ero linene. Ero lyarhuma oyo muzaana arhoga gurhengera oku gorofa lya gasharhu. Babeere bashonda kumuyinamula, bashimaana afiire.","Or, un jeune homme nommé Eutychus, qui était assis sur la fenêtre, sendormit profondément pendant le long discours de Paul; entraîné par le sommeil, il tomba du troisième étage en bas, et il fut relevé mort."
ACT.20.10,"Paawulo ava achima, achikabula oku ye n'okumubagalira. Ababwira ntya: «Murhayuubahaga, bulaala azeene!».","Mais Paul, étant descendu, se pencha sur lui et le prit dans ses bras, en disant: Ne vous troublez pas, car son âme est en lui."
ACT.20.11,"Enyuma w'ebyo, Paawulo ashuba kuzamuukira omu gorofa. Achagulanga omugati anagulya ko, agendeerera kuganiira bweneene, kugera emiseke. Ayuusize, agenda.","Quand il fut remonté, il rompit le pain et mangea, et il parla longtemps encore jusquau jour. Après quoi il partit."
ACT.20.12,Abantu baherekeza oyo muzaana emwabo eyi ali mugumaguma. Baseezwa omurhima bweneene.,"Le jeune homme fut ramené vivant, et ce fut le sujet dune grande consolation."
ACT.20.13,"Rhwabo, rhwarhanga kuja omu gishagala ch'eHasoosi n'echombo. Eyo munda, rhwali rhukwaneene gurhoola Paawulo, bulaala alishondere kuja yo n'amagulu.","Pour nous, nous précédâmes Paul sur le navire, et nous fîmes voile pour Assos, où nous étions convenus de le reprendre, parce quil devait faire la route à pied."
ACT.20.14,"Abeere arhushigaana eHasoosi, rhwamuhira omu chombo, n'okuja eMitileeni.","Lorsquil nous eut rejoints à Assos, nous le prîmes à bord, et nous allâmes à Mytilène."
ACT.20.15,"Olusiku lwakulikiraga, rhwarhenga yo, rhwagendekera oku nyanja, rhwagera embere z'echizimba ch'eKiyo. Olusiku lwa gasharhu, rhwahika oku chizimba ch'eSamoosi. N'olusiku luzinda, rhwahika eMileto.","De là, continuant par mer, nous arrivâmes le lendemain vis-à-vis de Chios. Le jour suivant, nous cinglâmes vers Samos, et le jour daprès nous vînmes à Milet."
ACT.20.16,"Paawulo arhashondaga kuyimanga eEfeeso omu gihugo ch'eAziya, y'arhaheza ebishanji. Aliiri abangula y'aba eYerusaleema olusiku lw'edinye y'ePendekosite akaba byagalikeene.","Paul avait résolu de passer devant Éphèse sans sy arrêter, afin de ne pas perdre de temps en Asie; car il se hâtait pour se trouver, si cela lui était possible, à Jérusalem le jour de la Pentecôte."
ACT.20.17,"Paawulo abeere ali eMileto, arhuma abantu eEfeeso guhamagala abashamuka b'echigusho ch'abemeezi.","Cependant, de Milet Paul envoya chercher à Éphèse les anciens de lÉglise."
ACT.20.18,"Babeere baahika aha ali, ababwira ntya: «Mwabo muyinji gurhe nalamire haguma nenyu, amango nahikaga muno gihugo ch'eAziya, gurhengera olusiku lurhanzi.","Lorsquils furent arrivés vers lui, il leur dit: Vous savez de quelle manière, depuis le premier jour où je suis entré en Asie, je me suis sans cesse conduit avec vous."
ACT.20.19,"Nakoleere Nnaweerhu omu bwirhonzi booshi, omu miziga, n'ahagarhi k'ebigeregezo byampikiraga elugulu wa kaligi k' aBayaahudi .","servant le Seigneur en toute humilité, avec larmes, et au milieu des épreuves que me suscitaient les embûches des Juifs."
ACT.20.20,"Muyinji oku nta mwazi nababishire. Aliko, nabayamagaziize n'okubayigiriza ngasi chintu chaliiri ch'obulagiirire, omu nshimaanano z'abantu n'omu nju zenyu.","Vous savez que je nai rien caché de ce qui vous était utile, et que je nai pas craint de vous prêcher et de vous enseigner publiquement et dans les maisons."
ACT.20.21,"Babe Bayaahudi, babe Bagiriki, naliiri nababwira oku baleke ebyaaha, bahindamukire Nnamahanga, banayemeere Nnaweerhu Yeesu Kirisitu.",annonçant aux Juifs et aux Grecs la repentance envers Dieu et la foi en notre Seigneur Jésus-Christ.
ACT.20.22,"Leero nyoono, okubona oku nshwekerwe na Muuka-Mutagatiifu, naaja eYerusaleema, buzira kumenya echampikira yo.","Et maintenant voici, lié par lEsprit, je vais à Jérusalem, ne sachant pas ce qui my arrivera;."
ACT.20.23,"Aliko, nyinji konyine oku, omu ngasi gishagala nagerere mo, Muuka-Mutagatiifu aliiri anyeereka oku eminyororo n'amalibuko bindingire.","seulement, de ville en ville, lEsprit-Saint mavertit que des liens et des tribulations mattendent."
ACT.20.24,"Sy'aliko ntaganja akalamo kaani nka chintu ch'akamaro emwani. Echinashonda chonyine, kuli kumala bwinja olugenzi lwani n'akaasi Nnaweerhu Yeesu ampaaga k'oguhamiiriza oMwazi Mwinja g'olukogo lwa Nnamahanga.","Mais je ne fais pour moi-même aucun cas de ma vie, comme si elle métait précieuse, pourvu que jaccomplisse ma course avec joie, et le ministère que jai reçu du Seigneur Jésus, dannoncer la bonne nouvelle de la grâce de Dieu."
ACT.20.25,"«Naliiri nazungula ahagarhi kenyu mweshi eyi ndi nayaamagaza obwime bwa Nnamahanga. Aliko bunoola, nyoono nyinji oku nta muguma wenyu wachimbona ko.","Et maintenant voici, je sais que vous ne verrez plus mon visage, vous tous au milieu desquels jai passé en prêchant le royaume de Dieu."
ACT.20.26,Cho girhumire nababwira byo zeene oku eshagama yenyu erhachindi ko.,Cest pourquoi je vous déclare aujourdhui que je suis pur du sang de vous tous.
ACT.20.27,"kwenge nababaliire byooshi Nnamahanga ashondere, buzira kubabisha echintu.","car je vous ai annoncé tout le conseil de Dieu, sans en rien cacher."
ACT.20.28,"Mujaage mwachilanga mwenyine haguma n'echigusho chooshi Muuka-Mutagatiifu abaheere mube bimangizi baacho. Ntyo, mulange echo chigusho ch'abemeezi ba Nnamahanga echi achiheere omu gusheesha eshagama y'oMugala.","Prenez donc garde à vous-mêmes, et à tout le troupeau sur lequel le Saint-Esprit vous a établis évêques, pour paître lÉglise du Seigneur, quil sest acquise par son propre sang."
ACT.20.29,"Nyoono nyinji oku hano mala kugenda, banyambwe bakalihire baja ahagarhi kenyu, barhanafiira echigusho ch'abemeezi obonjo.","Je sais quil sintroduira parmi vous, après mon départ, des loups cruels qui népargneront pas le troupeau."
ACT.20.30,"Na kandi, ahagarhi kenyu harhengerera abantu baderha ebinwa birhali by'okuli yi baarhuma abemeezi babakulikira.","et quil sélèvera du milieu de vous des hommes qui enseigneront des choses pernicieuses, pour entraîner les disciples après eux."
ACT.20.31,"Boboola, muchilange eyi munali mwayibuka oku namalire myaaka esharhu, obudufu n'ezuuba ntaluhaga guhanuula omu miziga ngasi muguma wenyu.","Veillez donc, vous souvenant que, durant trois années, je nai cessé nuit et jour dexhorter avec larmes chacun de vous."
ACT.20.32,"«Na bunoola, namabahira omu maboko ma Nnamahanga n'omu bulanzi bw'omwazi g'olukogo lwage, gugwerhe obuhashe b'okubakuza n'okubaha agashambala haguma n'abantu baage booshi agishogere.","Et maintenant je vous recommande à Dieu et à la parole de sa grâce, à celui qui peut édifier et donner lhéritage avec tous les sanctifiés."
ACT.20.33,"Ntagifiijaga efuranga changwa ehooro, abe myambalo y'omuntu.","Je nai désiré ni largent, ni lor, ni les vêtements de personne."
ACT.20.34,"Muyinji mwenyine oku nakolaga n'amaboko maani nyenyine yi mbona ebi rhwalilagire ko, nyoono n'abalimperekeeze.",Vous savez vous-mêmes que ces mains ont pourvu à mes besoins et à ceux des personnes qui étaient avec moi.
ACT.20.35,"Mw'ebyo byooshi najiraga, nalibayeerekere oku bihemere gukola n'obushiru ntya yi rhurhabaale abarhagwerhe misi, omu kuyibuka ebinwa bya Nnaweerhu Yeesu. Aderhaga yenyine ntya: ‹Hali mugisho munene omu guhaana kulusha okuyankirira.›».","Je vous ai montré de toutes manières que cest en travaillant ainsi quil faut soutenir les faibles, et se rappeler les paroles du Seigneur, qui a dit lui-même: Il y a plus de bonheur à donner quà recevoir."
ACT.20.36,"Paawulo abeere amala kuderha ebyoola, afukama haguma nabo booshi, asaliira.","Après avoir ainsi parlé, il se mit à genoux, et il pria avec eux tous."
ACT.20.37,"Booshi baaja barhondera kulaka bweneene, bamuhoobera n'okumuseezera.","Et tous fondirent en larmes, et, se jetant au cou de Paul."
ACT.20.38,"Balibabeezwe bweneene, bulaala aliderhere oku barhagachimubona ko. Baava bamuherekeza guhika aha echombo chaliiri.","ils lembrassaient, affligés surtout de ce quil avait dit quils ne verraient plus son visage. Et ils laccompagnèrent jusquau navire."
ACT.21.1,"Rhwabeere rhwalekana n'abashamuka b'echigusho ch'abemeezi b'eEfeeso, rhwabalama n'echombo guhika oku chizimba ch'eKoosi. Olusiku lwakulikiraga, rhwagendekera oku chizimba ch'eRodo, na gurhengera eyoola, rhwaja omu gishagala ch'ePaatara.","Nous nous embarquâmes, après nous être séparés deux, et nous allâmes directement à Cos, le lendemain à Rhodes, et de là à Patara."
ACT.21.2,Rhwabona mw'echo gishagala echindi chombo chaliiri chaja eFoyinikiya. Rhwaja mo n'ogusuuka.,"Et ayant trouvé un navire qui faisait la traversée vers la Phénicie, nous montâmes et partîmes."
ACT.21.3,"Rhwabeere rhukola rhuli rhwalangiira echizimba ch'eGipuro, rhwaleka cho ekulembe, n'okuyerekera eSuriya. Rhwasiika omu gishagala ch'eTiiro emunda echombo chalikwaneene kuleka emizigo.","Quand nous fûmes en vue de lîle de Chypre, nous la laissâmes à gauche, poursuivant notre route du côté de la Syrie, et nous abordâmes à Tyr, où le bâtiment devait décharger sa cargaison."
ACT.21.4,"Rhwabeere rhwabugaanana n'abemeezi b'eyoola, rhwabeera yo siku mushanvu. Abo bemeezi baliiri babwira Paawulo kulengera obuhashe bwa Muuka-Mutagatiifu oku arhazamukiraga eYerusaleema.","Nous trouvâmes les disciples, et nous restâmes là sept jours. Les disciples, poussés par lEsprit, disaient à Paul de ne pas monter à Jérusalem."
ACT.21.5,"Aliko ezoola siku zabeere zahika oku buzinda, rhwagenda. Abemeezi booshi barhuherekeza, abalume na bakaabo haguma n'abaana baabo, barhukuula omu gishagala. Rhwafukama emushengo, rhwanasaliira.","Mais, lorsque nous fûmes au terme des sept jours, nous nous acheminâmes pour partir, et tous nous accompagnèrent avec leurs femmes et leurs enfants jusque hors de la ville. Nous nous mîmes à genoux sur le rivage, et nous priâmes."
ACT.21.6,"Rhwabeere rhwamala guseezerana, rhwaja omu chombo, nabo bagaluka emwabo.","Puis, ayant pris congé les uns des autres, nous montâmes sur le navire, et ils retournèrent chez eux."
ACT.21.7,"Rhwarhenga eTiiro, rhwagendeerera kubalama guhika omu gishagala ch'eTolemaayi. Eyo munda, rhwalamusa abemeezi, rhwanabeera emwabo lusiku luguma.","Achevant notre navigation, nous allâmes de Tyr à Ptolémaïs, où nous saluâmes les frères, et passâmes un jour avec eux."
ACT.21.8,"Olusiku lwakulikiraga, rhwarhenga ahoola, rhwahika omu gishagala ch'eKayizariya. Eyo munda rhwaja kubeera omu nju ya Firipo. Aliiri mwigiriza w'oMwazi Mwinja, analiiri muguma mu balaala mushanvu balondoolagwa eYerusaleema.","Nous partîmes le lendemain, et nous arrivâmes à Césarée. Étant entrés dans la maison de Philippe lévangéliste, qui était lun des sept, nous logeâmes chez lui."
ACT.21.9,Aligwerhe banyere bane barhaliiza kumenya abalume. Baliiri baleebi-kazi.,Il avait quatre filles vierges qui prophétisaient.
ACT.21.10,"Rhwabeere rhwamala aha mwage siku zinene, omuleebi muguma oyirikwa Hagabo ahika gurhengera omu gihugo ch'eYudeeya.","Comme nous étions là depuis plusieurs jours, un prophète, nommé Agabus, descendit de Judée."
ACT.21.11,"Ayinja emunda rhwaliiri, arhoola omukaba gwa Paawulo n'oguchishweka nago amagulu n'amaboko. N'okuva aderha ntya: «Muuka-Mutagatiifu aderhere ntya: ‹aBayaahudi b'eYerusaleema nji bashweka ntya nyina ogu mukaba n'okumuhaana omu maboko m'abarhali Bayaahudi.›».","et vint nous trouver. Il prit la ceinture de Paul, se lia les pieds et les mains, et dit: Voici ce que déclare le Saint-Esprit: Lhomme à qui appartient cette ceinture, les Juifs le lieront de la même manière à Jérusalem, et le livreront entre les mains des païens. Ac :."
ACT.21.12,"Enyuma z'okuyunva ebyo binwa, rhwabo haguma n'abemeezi b'eKayizariya, rhwayinginga Paawulo oku arhazamuukiraga eYerusaleema.",": Quand nous entendîmes cela, nous et ceux de lendroit, nous priâmes Paul de ne pas monter à Jérusalem."
ACT.21.13,"Paawulo ava shubiza ntya: «Chagarhuma mwalira n'ogushonda kuncha omurhima? Nyoono, namalire guchirheganya, arhali ogushwekwa konyine, sy'aliko kandi n'ogufiira eYerusaleema elugulu w'eziino lya Nnaweerhu Yeesu.».","Alors il répondit: Que faites-vous, en pleurant et en me brisant le cœur? Je suis prêt, non seulement à être lié, mais encore à mourir à Jérusalem pour le nom du Seigneur Jésus."
ACT.21.14,"Rhwabwene okw'arhayunviirhe, rhwasira. Oku buzinda, rhwaderha ntya: «Bihemere obulonza bwa Nnaweerhu bujirike.».","Comme il ne se laissait pas persuader, nous ninsistâmes pas, et nous dîmes: Que la volonté du Seigneur se fasse!."
ACT.21.15,"Enyuma w'ezoola siku, rhwachirheganya, rhwazamukira eYerusaleema.","Après ces jours-là, nous fîmes nos préparatifs, et nous montâmes à Jérusalem."
ACT.21.16,"Abemeezi baguma b'eKayizariya barhuherekeza, banarhuhisa emwa mulume muguma oyirikwa Munasoni w'oku chizimba ch'eGipuro. Ahamwage ha rhwalikwaneene guchumbika. Oyu mulume aliiri mwemeezi gurhengera miira.","Quelques disciples de Césarée vinrent aussi avec nous, et nous conduisirent chez un nommé Mnason, de lîle de Chypre, ancien disciple, chez qui nous devions loger."
ACT.21.17,"Rhwabeere rhwahika eYerusaleema, abemeezi barhuyankirira n'obushagaluke bunene.","Lorsque nous arrivâmes à Jérusalem, les frères nous reçurent avec joie."
ACT.21.18,"Olusiku lwakulikiraga, rhwagenda haguma na Paawulo emwa Yakobo. Abashamuka b'echigusho ch'abemeezi nabo balichigushire booshi ahoola.","Le lendemain, Paul se rendit avec nous chez Jacques, et tous les anciens sy réunirent."
ACT.21.19,"Paawulo abalamusa, anarhondera kubala oku bule ebi Nnamahanga ajirire kulengera akaasi kaage ahagarhi k'abarhali Bayaahudi.","Après les avoir salués, il raconta en détail ce que Dieu avait fait au milieu des païens par son ministère."
ACT.21.20,"Babeere baamala kumuyunviiriza, bakuuza Nnamahanga. Babwiira Paawulo ntya: «Mwene weerhu, obwene ebihumbi bingana by'aBayaahudi bayemereere Yeesu, na booshi, bagwerhe obushiru oku Rhegeko lya Muusa.","Quand ils leurent entendu, ils glorifièrent Dieu. Puis ils lui dirent: Tu vois, frère, combien de milliers de Juifs ont cru, et tous sont zélés pour la loi."
ACT.21.21,"Aliko leero, babwirirwe okw'oli wayigiriza aBayaahudi booshi balamire ahagarhi k'abarhali Bayaahudi kuleka eRhegeko lya Muusa. Bayunviirhe okw'oli wababwira mpu barhagikembuulaga abaana baabo, barhanagikulikiraga emicho y'aBayaahudi.","Or, ils ont appris que tu enseignes à tous les Juifs qui sont parmi les païens à renoncer à Moïse, leur disant de ne pas circoncire les enfants et de ne pas se conformer aux coutumes."
ACT.21.22,Gurhe rhujaage rhwajira? Kwenge barhabula kumenya oku wahikire.,"Que faire donc? Sans aucun doute la multitude se rassemblera, car on saura que tu es venu."
ACT.21.23,Ojire oku rhwakubwira. Rhugwerhe balume bane bajirire echilagaane emwa Nnamahanga.,Cest pourquoi fais ce que nous allons te dire. Il y a parmi nous quatre hommes qui ont fait un vœu;.
ACT.21.24,"Genda n'aba bantu, omu micho y'oguchicheesa, onahaane byooshi bahemwa yi bagembwa enviiri. aBantu booshi baaja bamenya okw'ebinwa bayunvaga bali bakuderha ko biri by'obubeeshi. Banamenya oku wooyo onakenga eRhegeko lya Muusa omu kalamo kaawe.","prends-les avec toi, purifie-toi avec eux, et pourvois à leur dépense, afin quils se rasent la tête. Et ainsi tous sauront que ce quils ont entendu dire sur ton compte est faux, mais que toi aussi tu te conduis en observateur de la loi."
ACT.21.25,"Abarhali Bayaahudi bahindukire bemeezi, boowe rhwabayandikiire miira ebi rhubarhegekere bachilange ko. Rhwabarhegekere oku barhalyaaga enyama barhuuliraga emaana n'omulegano changwa enyama zakanulwaga, banachilange n'obuhushi.».","A légard des païens qui ont cru, nous avons décidé et nous leur avons écrit quils eussent à sabstenir des viandes sacrifiées aux idoles, du sang, des animaux étouffés, et de limpudicité."
ACT.21.26,"Olusiku lwakulikiraga, Paawulo agenda nabo balume bane, banagicheesa haguma naye. Ava aja omu Nju ya Nnamahanga n'okubala mango machi esiku zaabo z'ogugicheesa zahwa n'entuulo yahanwa oku ngasi muguma waabo.","Alors Paul prit ces hommes, se purifia, et entra le lendemain dans le temple avec eux, pour annoncer à quel jour la purification serait accomplie et loffrande présentée pour chacun deux."
ACT.21.27,"Siku mushanvu z'okugicheesa zabeere ziri hoofu guhwa, aBayaahudi baguma barhengaga omu gihugo ch'eAziya babona Paawulo omu Nju ya Nnamahanga. Bararusa olubaga looshi, banamufarha.","Sur la fin des sept jours, les Juifs dAsie, ayant vu Paul dans le temple, soulevèrent toute la foule, et mirent la main sur lui."
ACT.21.28,"Baalema babanda akalulu n'okuderha ntya: «Mwe balume b'eIsraheeli, muyinje murhugwase! Y'onoola, ola muntu oyigiriza abantu booshi na ngasi hooshi okuboneerera olubaga lwerhu, eRhegeko lya Muusa n'eyi Nju ya Nnamahanga! N'ahanene, ahirire abarhali Bayaahudi omu Nju ya Nnamahanga, amanazingiisa aha hantu hatagatiifu!».","en criant: Hommes Israélites, au secours! Voici lhomme qui prêche partout et à tout le monde contre le peuple, contre la loi et contre ce lieu; il a même introduit des Grecs dans le temple, et a profané ce saint lieu."
ACT.21.29,"Baderhaga ntyo, kwenge babaaga babwene omu gishagala Paawulo haguma na Torofimo muburhwa w'eEfeeso. Bali bakengereere oku Paawulo ali muheekere omu Nju ya Nnamahanga.","Car ils avaient vu auparavant Trophime dÉphèse avec lui dans la ville, et ils croyaient que Paul lavait fait entrer dans le temple."
ACT.21.30,"Akaluulu kayunjula omu gishagala chooshi, n'abantu bayinja balibirha gurhengera ngasi lunda. Baafarha Paawulo, bamukululira embuga w'eNju ya Nnamahanga, n'okuva bachinga emilyango.","Toute la ville fut émue, et le peuple accourut de toutes parts. Ils se saisirent de Paul, et le traînèrent hors du temple, dont les portes furent aussitôt fermées."
ACT.21.31,"Babeere bali bashonda kumuyirha, omukulu w'engabo y'abasoda b'ekirooma ayunva omwazi okw'akalulu kayandeere hooshi omu Yerusaleema.","Comme ils cherchaient à le tuer, le bruit vint au tribun de la cohorte que tout Jérusalem était en confusion."
ACT.21.32,"Ho n'aho arhoola abasoda n'abakulu baabo, n'oguchima alibirhira yo. Babeere bamubona n'abasoda baage, baaleka gushuurha Paawulo.","A linstant il prit des soldats et des centeniers, et courut à eux. Voyant le tribun et les soldats, ils cessèrent de frapper Paul."
ACT.21.33,"Oyu mukulu w'engabo y'abasoda ava ashegera hoofu na Paawulo, amufarha, anarhegeka oku bamushweke na malegule mabiri. Enyuma abaza akaba ali nde na gichi ajirire.",": Alors le tribun sapprocha, se saisit de lui, et le fit lier de deux chaînes. Puis il demanda qui il était, et ce quil avait fait."
ACT.21.34,"Aliko omu chigusho, baguma baliiri bayaama ntya n'abandi ntya. Abeere afundwa kumenya echaleerhere akalulu, arhegeka baheeke Paawulo omu kampi k'abasoda.","Mais dans la foule les uns criaient dune manière, les autres dune autre; ne pouvant donc rien apprendre de certain, à cause du tumulte, il ordonna de le mener dans la forteresse."
ACT.21.35,"Paawulo abeere ali ashonda kuja omu nju y'abasoda, abasoda bamubarhula bulaala olubaga lwaliiri lukalihire bweneene.","Lorsque Paul fut sur les degrés, il dut être porté par les soldats, à cause de la violence de la foule;."
ACT.21.36,Abantu booshi baliiri bamukulikiire eyi bali bayaama ntya: «Ayirhwe!».,"car la multitude du peuple suivait, en criant: Fais-le mourir!."
ACT.21.37,"Abasoda babeere bashonda guhira Paawulo omu kampi kaabo, abaza omukulu waabo ntya: «K'onyemereere nkubwire echinwa chiguma?» Naye amushubiza ntya: «K'oyinji kuderha eKigiriki?.","Au moment dêtre introduit dans la forteresse, Paul dit au tribun: Mest-il permis de te dire quelque chose? Le tribun répondit: Tu sais le grec?."
ACT.21.38,K'arhali wooyo w'olaala Mumiisiri nji wazindaga gurarusa abantu n'oguheeka omu mpinga echigusho ch'ebishumuusi bihumbi bine bigwerhe emitwaro?».,"Tu nes donc pas cet Égyptien qui sest révolté dernièrement, et qui a emmené dans le désert quatre mille brigands?."
ACT.21.39,"Paawulo ashubiza ntya: «Nyoono, ndi Muyaahudi, muburhwa w'omu gishagala ch'eTariso omu gihugo ch'eKilikiya. Echo gishagala chiyinjikeene bwinjabwinja. Nguhemere waliha, onyemeerere gushambaala n'olubaga.».","Je suis Juif, reprit Paul, de Tarse en Cilicie, citoyen dune ville qui nest pas sans importance. Permets-moi, je te prie, de parler au peuple."
ACT.21.40,"Oyo mukulu w'engabo y'abasoda ava amuyemeerera. Paawulo ayimanga ahalengereere, asimira abantu n'okuboko mpu basire. Babeere bamaasira, ababwira omu lulimi lw'eGiheburaniya ntya:.","Le tribun le lui ayant permis, Paul, debout sur les degrés, fit signe de la main au peuple. Un profond silence sétablit, et Paul, parlant en langue hébraïque, dit:."
ACT.22.1,"«Badaarha na beene beerhu, munyuvirize! Bunoola nashonda kuderha elugulu waani nyenyine embere zenyu.».","Hommes frères et pères, écoutez ce que jai maintenant à vous dire pour ma défense!."
ACT.22.2,"Babeere bayunva oku Paawulo ali aderha nabo omu lulimi lw'eGiheburaniya, basira bweneene. Aja ababwira ntya:.","Lorsquils entendirent quil leur parlait en langue hébraïque, ils redoublèrent de silence. Et Paul dit:."
ACT.22.3,"«Nyoono, ndi Muyaahudi, oburhwa eTariso omu gihugo ch'eKilikiya. Aliko nalemberwaga mu chinoola gishagala ch'eYerusaleema. Naliiri mwigirizwa wa Gamaliyeeri, analinyigirize gurhe nagakulikira bwinjabwinja eRhegeko lya bashookuluza. Nagihaanire looshi gukolera Nnamahanga nk'okumulimwajira mweshi zeene.","je suis Juif, né à Tarse en Cilicie; mais jai été élevé dans cette ville-ci, et instruit aux pieds de Gamaliel dans la connaissance exacte de la loi de nos pères, étant plein de zèle pour Dieu, comme vous lêtes tous aujourdhui."
ACT.22.4,Naliiri nalibuza bweneene abantu balikulikiire eNjira ya Nnaweerhu chiro n'okuyirha baguma omu bo. Nagendaga nashweka abalume n'abakazi n'okubahira omu munyororo.,"Jai persécuté à mort cette doctrine, liant et mettant en prison hommes et femmes. Ac :."
ACT.22.5,Omudaahwa mukulu n'akabuga k'abashamuka b'aBayaahudi bagahamiiriza oku ebindi naderha biri by'okuli. Nayankiriire emwabo amaruba mayerekeere abeerhu Bayaahudi b'omu gishagala ch'eDamasiki. Naja eyo munda yi nshweka abemeezi baliiri yo n'okubaleerha bahanirwe eYerusaleema.».,"Le souverain sacrificateur et tout le collège des anciens men sont témoins. Jai même reçu deux des lettres pour les frères de Damas, où je me rendis afin damener liés à Jérusalem ceux qui se trouvaient là et de les faire punir."
ACT.22.6,"Paawulo ashuba kuderha ntya: «Lusiku luguma, naliiri omu njira, eyi ndi nashonda guhika eDamasiki. Hoofu n'emidi, obumoleke bubaragenye bweneene bwava bwahulukira omu mpingu, bwangorha.","Comme jétais en chemin, et que japprochais de Damas, tout à coup, vers midi, une grande lumière venant du ciel resplendit autour de moi."
ACT.22.7,"Nagwa ahashi, nayunva omulenge guli gwambwira ntya: ‹Saawulo, Saawulo, girhumire wandibuza?›.","Je tombai par terre, et jentendis une voix qui me disait: Saul, Saul, pourquoi me persécutes-tu?."
ACT.22.8,"Nashubiza ntya: ‹Nnaweerhu, wooyo oli nde?› Naye anshubiza ntya: ‹Nyoono ndi Yeesu w'eNazareeti, oli walibuza.›.","Je répondis: Qui es-tu, Seigneur? Et il me dit: Je suis Jésus de Nazareth, que tu persécutes."
ACT.22.9,"Abaliiri haguma naani baali babwene bwinja obo bumoleke, aliko barhaliyunvirhe omulenge g'owaliiri anshambaalira.","Ceux qui étaient avec moi virent bien la lumière, mais ils nentendirent pas la voix de celui qui parlait. Alors je dis: Que ferai-je, Seigneur?."
ACT.22.10,"Naja naaderha ntya: ‹Nnaweerhu, gurhe nkwaneene kujira?› Nnaweerhu anshubiza ntya: ‹Yimanga, oje eDamasiki, n'eyoola munda bakubwira ngasi chooshi Nnamahanga agurhegekere ojire.›.","Et le Seigneur me dit: Lève-toi, va à Damas, et là on te dira tout ce que tu dois faire."
ACT.22.11,"Abaliiri haguma naani bampeeka eyi banfarhire okuboko, banampisa eDamasiki, bulaala ntaacho nakagalire kubona elugulu w'obumoleke bwalimpumize.","Comme je ne voyais rien, à cause de léclat de cette lumière, ceux qui étaient avec moi me prirent par la main, et jarrivai à Damas."
ACT.22.12,«Na muntu muguma oyirikwa Hananiya walilamire ahola Damasiki ayinja kuntangula. Aliiri muntu wakengaga Nnamahanga omu gukulikira eRhegeko lya Muusa. Analikengerwe bweneene n'aBayaahudi booshi balilamire eyo munda.,"Or, un nommé Ananias, homme pieux selon la loi, et de qui tous les Juifs demeurant à Damas rendaient un bon témoignage, vint se présenter à moi."
ACT.22.13,"Ayinjire, ayimanga hoofu nani, anambwira ntya: ‹Mwene weerhu Saawulo, shuba obone!› Ho n'aho ameesho maani mahumuulwa, naava namubona.","et me dit: Saul, mon frère, recouvre la vue. Au même instant, je recouvrai la vue et je le regardai."
ACT.22.14,"Ambwira ntya: ‹Nnamahanga wa bashookuluza beerhu akulondwere y'omenya obulonza bwage, onabone Okwaneene. Kandi, akulondwere y'omuyunve aderha n'obunu bwage yenyine.","Il dit: Le Dieu de nos pères ta destiné à connaître sa volonté, à voir le Juste, et à entendre les paroles de sa bouche;."
ACT.22.15,"Kwenge waaba muhamiiriza waage embere z'abantu booshi, waderha elugulu w'ebi wabwene n'okuyunva ko.","car tu lui serviras de témoin, auprès de tous les hommes, des choses que tu as vues et entendues."
ACT.22.16,"Na bunoola, bichi ochiri walinga? Yimanga, obatiizwe, onahamagale Nnaweerhu y'ocheeswa gurhenga omu byaaha byaawe.›».","Et maintenant, que tardes-tu? Lève-toi, sois baptisé, et lavé de tes péchés, en invoquant le nom du Seigneur."
ACT.22.17,"Paawulo ashuba kuderha ntya: «Nabeere nagaluka eYerusaleema, oku ndi nasaliira omu Nju ya Nnamahanga, nava nabonekerwa.","De retour à Jérusalem, comme je priais dans le temple, je fus ravi en extase."
ACT.22.18,"Mw'oko kubonekerwa, nabona Nnaweerhu, anambwira ntya: ‹Orhenge jubaajuba mu chino gishagala ch'eYerusaleema, bulaala abantu barhayankirira obuhamiriza waderha elugulu waani.›.","et je vis le Seigneur qui me disait: Hâte-toi, et sors promptement de Jérusalem, parce quils ne recevront pas ton témoignage sur moi."
ACT.22.19,"Nyoono naderha ntya: ‹Nnaweerhu, bayinji bonyine oku naliiri nagera esinagoogi oku yindi gushweka n'ogushurha abakuyemereere.","Et je dis: Seigneur, ils savent eux-mêmes que je faisais mettre en prison et battre de verges dans les synagogues ceux qui croyaient en toi, et que."
ACT.22.20,"N'amango basheeshaga eshagama y'omuhamiiriza waawe Sitefaano, nyenyine naliiri ho. Naani, naliyemeere okw'ayirhwe, naliiri nalanga n'emyambalo y'abamuyirhaga.›.","lorsquon répandit le sang dÉtienne, ton témoin, jétais moi-même présent, joignant mon approbation à celle des autres, et gardant les vêtements de ceux qui le faisaient mourir."
ACT.22.21,"Nnaweerhu aja ambwira ntya: ‹Genda, bulaala nyoono nagurhuma hale, emwa abarhali Bayaahudi.›».","Alors il me dit: Va, je tenverrai au loin vers les nations…."
ACT.22.22,"Abantu baliiri bayunviriza Paawulo kubuyabuya. Aliko abeere ahika kw'echiila chinwa chizinda, baliika omulenge munene n'okuderha ntya: «Mumuyirhe! Arhakwaneene kulama oku lino gulu!».","Ils lécoutèrent jusquà cette parole. Mais alors ils élevèrent la voix, disant: Ote de la terre un pareil homme! Il nest pas digne de vivre."
ACT.22.23,"Babanda akaluulu, bakuula emyambalo yaabo, banakabula olujuchu omu chanya.","Et ils poussaient des cris, jetaient leurs vêtements, lançaient de la poussière en lair."
ACT.22.24,"Omukulu w'engabo y'abasoda b'ekirooma, arhegeka oku bahire Paawulo omu kampi kaabo, bamushurhe amataraki banamubaziirize yi bamenya egirhumire abantu babanda akaluulu elugulu waage.","Le tribun commanda de faire entrer Paul dans la forteresse, et de lui donner la question par le fouet, afin de savoir pour quel motif ils criaient ainsi contre lui."
ACT.22.25,"Oku bali bamumina n'emigozi yi bamushuurhe, Paawulo abaza omukulu w'abasoda waliiri ahoola ntya: «Ka muyemereerwe gushuurha oMurooma orhachiriirwe olushinja?».","Lorsquon leut exposé au fouet, Paul dit au centenier qui était présent: Vous est-il permis de battre de verges un citoyen romain, qui nest pas même condamné?."
ACT.22.26,"Abeere ayunva ntyo, agenda kubwira omukulu w'engabo y'abasoda ntya: «Waliha, gasi oyu muntu ali Murooma! Gurhe waaja wamujira?».","A ces mots, le centenier alla vers le tribun pour lavertir, disant: Que vas-tu faire? Cet homme est Romain."
ACT.22.27,"Oyu mukulu w'engabo abeere ayunva ntyo, aja emunda Paawulo ali anamubaza ntya: «Mbwira bwinja, k'onali Murooma?» Naye ashubiza ntya: «Neechi, ndi Murooma.».","Et le tribun, étant venu, dit à Paul: Dis-moi, es-tu Romain? Oui, répondit-il."
ACT.22.28,"Oyoola mukulu ashuba kuderha ntya: «Nyoono, nahezaga efuranga zinene yi mba Murooma!» Paawulo naye aderha ntya: «Nyoono ndi Murooma w'akaburhano.».","Le tribun reprit: Cest avec beaucoup dargent que jai acquis ce droit de citoyen. Et moi, dit Paul, je lai par ma naissance."
ACT.22.29,"Ho n'aho, balaala bashondaga kumubaziiriza bamuleka. oMukulu w'engabo abeere amenya oku Murooma y'ashwekere, afarhwa n'obuuba.","Aussitôt ceux qui devaient lui donner la question se retirèrent, et le tribun, voyant que Paul était Romain, fut dans la crainte parce quil lavait fait lier."
ACT.22.30,"Olusiku lwakulikiraga, omukulu w'engabo y'abasoda ashonda kumenya ech'aBayaahudi basidakiire Paawulo. Echoola charhuma amushwekuula, anarhegeka abakulu b'abadaahwa n'akabuga kooshi k'aBayaahudi mpu babugaanane. Aja achimya Paawulo n'okumuyimanza embere zaabo.","Le lendemain, voulant savoir avec certitude de quoi les Juifs laccusaient, le tribun lui fit ôter ses liens, et donna lordre aux principaux sacrificateurs et à tout le sanhédrin de se réunir; puis, faisant descendre Paul, il le plaça au milieu deux."
ACT.23.1,"Paawulo aloleereza abo bashamuka b'akabuga k'aBayaahudi, ababwira ntya: «Beene beerhu, guhika zeene, nyoono nta chibi mbwene omu murhima gwani elugulu w'oboorhere bwani embere za Nnamahanga.».","Paul, les regards fixés sur le sanhédrin, dit: Hommes frères, cest en toute bonne conscience que je me suis conduit jusquà ce jour devant Dieu…."
ACT.23.2,Omudaahwa mukulu oyirikwa Hananiya arhegeka abantu baliiri hoofu na Paawulo mpu bamushuurhe oku buunu.,Le souverain sacrificateur Ananias ordonna à ceux qui étaient près de lui de le frapper sur la bouche.
ACT.23.3,"Paawulo ava amubwira ntya: «Nnamahanga ye nji wagushuurha wooyo weeri nka chibambaazi gishigirwe ko eshwagara! Wooyo oyikeere ahoola y'onchiira olushinja gukulikirana n'eRhegeko. Aliko, nawe wenyine orhalikengere omu gurhegeka mpu banshuurhe!».","Alors Paul lui dit: Dieu te frappera, muraille blanchie! Tu es assis pour me juger selon la loi, et tu violes la loi en ordonnant quon me frappe!."
ACT.23.4,Abantu baliiri ahoola baamubaza ntya: «Gurhe wakadukanga omudaahwa mukulu wa Nnamahanga?».,Ceux qui étaient près de lui dirent: Tu insultes le souverain sacrificateur de Dieu!.
ACT.23.5,Paawulo ashubiza ntya: «Beene beerhu! Ntaliyinji okw'ali mudaahwa mukulu. Kwenge biyandikirwe ntya: ‹Orhaderhaga kubi omukulu w'olubaga lwawe.› ».,"Et Paul dit: Je ne savais pas, frères, que ce fût le souverain sacrificateur; car il est écrit: Tu ne parleras pas mal du chef de ton peuple."
ACT.23.6,"Paawulo abaaga ayinji oku abashamuka baguma omu kabuga bali Basadukaayo n'abandi Bafarisaayo . Echo charhuma aderha n'omulenge munene ntya: «Beene beerhu, nyoono ndi Mufarisaayo na mugala w'aBafarisaayo. Mpirirwe zeene embere z'akabuga elugulu y'obulangaalire bwani bw'obufuuke bw'abafu.».","Paul, sachant quune partie de lassemblée était composée de sadducéens et lautre de pharisiens, sécria dans le sanhédrin: Hommes frères, je suis pharisien, fils de pharisiens; cest à cause de lespérance et de la résurrection des morts que je suis mis en jugement."
ACT.23.7,"Paawulo abeere amala kuderha ebyoola, haahulukira obuhaka ahagarhi k'aBafarisaayo n'aBasadukaayo. Abantu balichigushire ahoola, bachigaba mo kabiri.","Quand il eut dit cela, il séleva une discussion entre les pharisiens et les sadducéens, et lassemblée se divisa."
ACT.23.8,"Byabaaga ntyo bulaala aBasadukaayo banaderha mpu nta bufuuke, nta malahika, na nta muzimu. aBafarisaayo boowe banayemeera ebyo byooshi.","Car les sadducéens disent quil ny a point de résurrection, et quil nexiste ni ange ni esprit, tandis que les pharisiens affirment les deux choses."
ACT.23.9,"Haaba olwamo lunene, n'abigiriza b'amarhegeko baguma b'echigusho ch'aBafarisaayo bayimanga n'okuderha n'omulenge munene ntya: «Nta chibi n'echiguma rhwabwene k'oyu muntu. Nkabaga omuzimu changwa malahika aderhere naye!».","Il y eut une grande clameur, et quelques scribes du parti des pharisiens, sétant levés, engagèrent un vif débat, et dirent: Nous ne trouvons aucun mal en cet homme; peut-être un esprit ou un ange lui a-t-il parlé."
ACT.23.10,"Entonganyi yabeere yaluga, omukulu w'engabo y'abasoda ayuubaha oku abo bashamuka b'akabuga bashenyagula Paawulo. Arhegeka abasoda baje kumukuula ahagarhi kaabo n'okumuheeka omu kampi.","Comme la discorde allait croissant, le tribun craignant que Paul ne fût mis en pièces par ces gens, fit descendre les soldats pour lenlever du milieu deux et le conduire à la forteresse."
ACT.23.11,"Bwabeere budufu, Nnaweerhu ahulukira embere za Paawulo n'okuderha ntya: «Seeza omurhima! Nka kulaala wampamiirizaga eYerusaleema, ntyo k'okwaneene kandi kumpamiiriza eRooma.».","La nuit suivante, le Seigneur apparut à Paul, et dit: Prends courage; car, de même que tu as rendu témoignage de moi dans Jérusalem, il faut aussi que tu rendes témoignage dans Rome."
ACT.23.12,"Bwabeere bwacha, aBayaahudi baguma baja kaligi n'okujira endahiro oku barhaalya barhananywa barhanaza kuyirha Paawulo.","Quand le jour fut venu, les Juifs formèrent un complot, et firent des imprécations contre eux-mêmes, en disant quils sabstiendraient de manger et de boire jusquà ce quils eussent tué Paul. Ac :."
ACT.23.13,Abamujiraga kaligi baliiri banene oku bantu makumi mane.,Ceux qui formèrent ce complot étaient plus de quarante.
ACT.23.14,"Baaja gushonda abakulu b'abadaahwa n'abashamuka b'aBayaahudi, bababwira ntya: «Rhwajirire endahiro oku rhurhaalya, rhurhananywa rhurhanaza kuyirha Paawulo.","et ils allèrent trouver les principaux sacrificateurs et les anciens, auxquels ils dirent: Nous nous sommes engagés, avec des imprécations contre nous-mêmes, à ne rien manger jusquà ce que nous ayons tué Paul."
ACT.23.15,"Leero bunoola, mwabo haguma n'akabuga k'aBayaahudi, muheme omukulu w'engabo y'abasoda balerhe Paawulo embere zenyu. Mumubwire oku muli mwashonda kumenya bwinjabwinja emyaazi bamusidakiire. Neerhu, rhwagirheganyize kumuyirhira omu njira arhaza gera hano.».","Vous donc, maintenant, adressez-vous avec le sanhédrin au tribun, pour quil lamène devant vous, comme si vous vouliez examiner sa cause plus exactement; et nous, avant quil approche, nous sommes prêts à le tuer."
ACT.23.16,"Aliko mwihwa wa Paawulo ayunva ako kaligi, anaja omu kampi k'abasoda, abalira Paawulo eyo myaazi.","Le fils de la sœur de Paul, ayant eu connaissance du guet-apens, alla dans la forteresse en informer Paul."
ACT.23.17,"Paawulo ava ahamagala muguma omu bakulu b'abasoda n'okumubwira ntya: «Heka oyu murhabana emw'omukulu w'engabo y'abasoda, kwenge agwerhe omwazi amubalira.».","Paul appela lun des centeniers, et dit: Mène ce jeune homme vers le tribun, car il a quelque chose à lui rapporter."
ACT.23.18,"Oyo mukulu agenda haguma naye emwa nnahamwabo, n'okumubwira ntya: «Ola mushwekwa Paawulo alimpamagere n'okumpema mpu nkulerhere ono murhabana, agwerhe omwazi akubwira.».","Le centenier prit le jeune homme avec lui, le conduisit vers le tribun, et dit: Le prisonnier Paul ma appelé, et il ma prié de tamener ce jeune homme, qui a quelque chose à te dire."
ACT.23.19,"Oyo mukulu w'engabo afarha oyo murhabana oku kuboko, amuheka eburhambi, anamubaza ntya: «Mwazi muchi ogwerhe g'okumbalira?».","Le tribun, prenant le jeune homme par la main, et se retirant à lécart, lui demanda: Quas-tu à mannoncer?."
ACT.23.20,Oyo murhabana naye amushubiza ntya: «aBayaahudi bayunvikeene kuguhema olerhe Paawulo omuseezi embere z'akabuga kaabo. Bachijira nk'abashonda kumenya bwinjabwinja emyaazi asidakirwe ko.,"Il répondit: Les Juifs sont convenus de te prier damener Paul demain devant le sanhédrin, comme si tu devais tenquérir de lui plus exactement."
ACT.23.21,"Aliko waliha, orhayemeeraga, bulaala balume balenzeze makumi mane omu bo bachibishire banalingire kumuyirha. Banajirire endahiro oku barhaalya n'okunywa barhanaza kumuyirha. Bunoola bamalire guchirheganya. Yi balinga echinwa chaawe chonyine.».","Ac : Ne les écoute pas, car plus de quarante dentre eux lui dressent un guet-apens, et se sont engagés, avec des imprécations contre eux-mêmes, à ne rien manger ni boire jusquà ce quils laient tué; maintenant ils sont prêts, et nattendent que ton consentement."
ACT.23.22,Oyu mukulu w'engabo agalula oyo murhabana n'okumubwira ntya: «Ntaaye obwirage oku wanshambaliire eyi myaazi.».,"Le tribun renvoya le jeune homme, après lui avoir recommandé de ne parler à personne de ce rapport quil lui avait fait."
ACT.23.23,"Oku buzinda, oyo mukulu w'engabo y'abasoda ahamagala abakulu babiri b'abasoda alirhegekere. Ababwira ntya: «Murhoole basoda magana mabiri balambagira n'amagulu, haguma n'abasoda makumi gali mushanvu balambagira n'endogomi, n'abandi magana mabiri balwisa n'echumu. Booshi bagende omu gishagala ch'eKayizariya aha saa esharhu z'obudufu.","Ensuite il appela deux des centeniers, et dit: Tenez prêts, dès la troisième heure de la nuit, deux cents soldats, soixante-dix cavaliers et deux cents archers, pour aller jusquà Césarée."
ACT.23.24,Murheganye endogomi zaheka Paawulo y'ahika bwinja emw'omurhegesi Feliiki.».,"Quil y ait aussi des montures pour Paul, afin quon le mène sain et sauf au gouverneur Félix."
ACT.23.25,Oyo mukulu w'engabo y'abasoda ayandika maruba maderhere ntya:.,Il écrivit une lettre ainsi conçue:.
ACT.23.26,"«Nyoono Kuloode Lusiya, nkulamwise waliha Feliiki, murhegesi w'egihugo ch'eYudeeya.","Claude Lysias au très excellent gouverneur Félix, salut!."
ACT.23.27,"Oyu muntu, aBayaahudi balimufarhire n'ogushonda kumuyirha. Naani nabeere nayunva okw'ali Murooma, nyono haguma n'echigusho chaani ch'abasoda rhwagenda kumurhabaala.","Cet homme, dont les Juifs sétaient saisis, allait être tué par eux, lorsque je survins avec des soldats et le leur enlevai, ayant appris quil était Romain."
ACT.23.28,Namuyandagaza embere z'akabuga k'aBayaahudi eyi nshondere kumenya bichi bamusidakiire.,"Voulant connaître le motif pour lequel ils laccusaient, je lamenai devant leur sanhédrin."
ACT.23.29,"Nava namenya oku alisidaakirwe elugulu w'ebiyerekeere eRhegeko lyaabo. Aliko, omu byooshi alisidaakirwe, ntaacho chagarhumire ahanirwa ogufa changwa kuja omu munyororo.","Jai trouvé quil était accusé au sujet de questions relatives à leur loi, mais quil navait commis aucun crime qui mérite la mort ou la prison."
ACT.23.30,"N'amango nayunvaga omwazi oku aBayaahudi bamujiriire kaligi k'okumuyirha, ho n'aho namurhuma emwawe. Nabwira abamusidakire oku baheke olushinja embere zaawe.».","Informé que les Juifs lui dressaient des embûches, je te lai aussitôt envoyé, en faisant savoir à ses accusateurs quils eussent à sadresser eux-mêmes à toi. Adieu."
ACT.23.31,"Abo basoda baja barhoola Paawulo gukulikirana n'oku balirhegekerwe. Banamuheeka, na mw'obo budufu bamugeza omu gishagala ch'eAntipatiri.","Les soldats, selon lordre quils avaient reçu, prirent Paul, et le conduisirent pendant la nuit jusquà Antipatris."
ACT.23.32,"Olusiku lwakulikiraga, abasoda baliiri balambagira n'amagulu bagaluka omu kampi kaabo. Baaleka abaabo baliiri bagenda oku ndogomi bagendereere n'olugenzi haguma na Paawulo.","Le lendemain, laissant les cavaliers poursuivre la route avec lui, ils retournèrent à la forteresse."
ACT.23.33,"Bagerere omu gishagala ch'eKayizariya, baava baheereza omurhegesi Feliiki mala maruba bahaaga bo n'okumumoleka Paawulo.","Arrivés à Césarée, les cavaliers remirent la lettre au gouverneur, et lui présentèrent Paul."
ACT.23.34,"Oyu murhegesi abeere amala gusoma amo maruba, abaza Paawulo ntya: «Oli muntu w'omu gihugo gihe?» Abeere amenya okw'ali w'eKilikiya.","Le gouverneur, après avoir lu la lettre, demanda de quelle province était Paul. Ayant appris quil était de la Cilicie:."
ACT.23.35,amubwira ntya: «Nayinja gukubuuranya hano abagusidakaga bahika.» Anava arhegeka oku bamulange omu nju y'echami yayumbakwaga na Heroode.,"Je tentendrai, dit-il, quand tes accusateurs seront venus. Et il ordonna quon le gardât dans le prétoire dHérode."
ACT.24.1,"Enyuma w'esiku erhaano, omudaahwa mukulu oyirikwa Hananiya aja eKayizariya haguma n'abashamuka baguma b'aBayaahudi n'omuntu w'okubabuuranira oyirikwa Teritulo. Nabo bahika embere z'omurhegesi Feliiki, basidaka Paawulo.","Cinq jours après, arriva le souverain sacrificateur Ananias, avec des anciens et un orateur nommé Tertulle. Ils portèrent plainte au gouverneur contre Paul."
ACT.24.2,"Babeere bahamagala Paawulo, Teritulo arhondera kumusidaka n'okuderha ntya: «Mukengwa Feliiki, werhumire rhwabwona omurhuula munene n'oburhegesi bwawe bukwiriire bwarhumire ebintu binene byaba binja mw'echi gihugo.","Paul fut appelé, et Tertulle se mit à laccuser, en ces termes:."
ACT.24.3,"Kooko waliha Feliiki, rhurhakayibirira ebi byooshi ngasi hooshi na ngasi gihe.","Très excellent Félix, tu nous fais jouir dune paix profonde, et cette nation a obtenu de salutaires réformes par tes soins prévoyants; cest ce que nous reconnaissons en tout et partout avec une entière gratitude."
ACT.24.4,"Aliko, ogurhaguhezeza ebishanji, nguhemere oyunviirize omu bwinja bwawe ebinwa rhwashonda kuderha oku bugeeke.","Mais, pour ne pas te retenir davantage, je te prie découter, dans ta bonté, ce que nous avons à dire en peu de mots."
ACT.24.5,"Rhwabwene oku oyu muntu ali mudaarhi bweneene. Y'ararusa aBayaahudi booshi omu gulu lyooshi. Kandi, yeewe ye mukulu w'edini ly'obubeeshi ly'aBanazareeti.","Nous avons trouvé cet homme, qui est une peste, qui excite des divisions parmi tous les Juifs du monde, qui est chef de la secte des Nazaréens."
ACT.24.6,"Abaaga ashondere guhumaanya eNju ya Nnamahanga, aliko rhwamamufarha. Rhwashondaga kumuhana gukulikarana n'eRhegeko lyeerhu.",et qui même a tenté de profaner le temple. Et nous lavons arrêté. Nous avons voulu le juger selon notre loi;.
ACT.24.7,"aliko Lusiya, mukulu w'engabo y'abasoda, amayinja gurhunyugushula ye.","mais le tribun Lysias étant survenu, la arraché de nos mains avec une grande violence."
ACT.24.8,Anabwira abo basidaakire Paawulo oku bayinje eno mwawe. Wooyo wenyine wakamubuuranya y'omenya bwinjabwinja ebi byooshi rhumusidakiire.».,"en ordonnant à ses accusateurs de venir devant toi. Tu pourras toi-même, en linterrogeant, apprendre de lui tout ce dont nous laccusons."
ACT.24.9,"aBayaahudi baliiri aho, bahamiriza okw'eyo myaazi yooshi ya Teritulo eri y'okuli.","Les Juifs se joignirent à laccusation, soutenant que les choses étaient ainsi."
ACT.24.10,"Oku buzinda, omurhegesi Feliiki asimira Paawulo mpu naye aderhe. Paawulo aderha ntya: «Waliha Feliiki, nyinji oku gurhengera myaaka minene oli muzuuzi w'olu lubaga. Boboola, nta buuba ngwerhe b'okubuuranira embere zaawe.","Après que le gouverneur lui eut fait signe de parler, Paul répondit: Sachant que, depuis plusieurs années, tu es juge de cette nation, cest avec confiance que je prends la parole pour défendre ma cause."
ACT.24.11,"Wenyine wakanabaza, banakubwira oku harhazigera siku ekumi n'ebiri njire eYerusaleema guharamya Nnamahanga.","Il ny a pas plus de douze jours, tu peux ten assurer, que je suis monté à Jérusalem pour adorer."
ACT.24.12,"Aba bantu bansidaakire, nta muguma wabo wanshimaanire omu Nju ya Nnamahanga changwa omu masinagoogi maabo, changwa ahandi ahantu omu gishagala ndi najira obuhaka n'omuntu changwa ndi nararusa olubaga.","On ne ma trouvé ni dans le temple, ni dans les synagogues, ni dans la ville, disputant avec quelquun, ou provoquant un rassemblement séditieux de la foule."
ACT.24.13,"Kandi, barhakagala gukuyeereka bwinjabwinja elugulu w'ebi bansidaakire ko bunoola.",Et ils ne sauraient prouver ce dont ils maccusent maintenant.
ACT.24.14,"Aliko nyemereere embere zaawe oku ndi nakolera Nnamahanga wa bashookuluza beerhu omu gukulikira eNjira ya Nnaweerhu. Yi banaderha okw'eri y'obubeeshi. Si nyoono, nyemereere byooshi biyandikirwe omu bitaabu by'eRhegeko n'omu by'abaleebi.","Je tavoue bien que je sers le Dieu de mes pères selon la voie quils appellent une secte, croyant tout ce qui est écrit dans la loi et dans les prophètes."
ACT.24.15,"Ngwerhe obulangaalire kuguma nabo emwa Nnamahanga oku nj'afuula abantu booshi, abakwaneene n'ababi.","et ayant en Dieu cette espérance, comme ils lont eux-mêmes, quil y aura une résurrection des justes et des injustes."
ACT.24.16,Cho girhumire ndi nagihangaana esiku zooshi kuba n'oboorhere bwinja embere za Nnamahanga n'embere z'abantu.,Cest pourquoi je mefforce davoir constamment une conscience sans reproche devant Dieu et devant les hommes.
ACT.24.17,"«Nabeere najira myaaka minene ntali eYerusaleema, nagaluka yo. Naliiri naaja guhekera abakene bali omu lubaga lwani oburhabaale n'ogurhuulira Nnamahanga entuulo.","Après une absence de plusieurs années, je suis venu pour faire des aumônes à ma nation, et pour présenter des offrandes."
ACT.24.18,"Egihe naliiri narhula entuulo eyi nagicheeseze, aba bantu banshimaana omu Nju ya Nnamahanga. Nta rarusaga abantu na nta chigusho ch'abantu naliiri nacho.","Cest alors que quelques Juifs dAsie mont trouvé purifié dans le temple, sans attroupement ni tumulte."
ACT.24.19,"Aliko, Bayaahudi baguma barhengeraga omu gihugo ch'eAziya baliiri aho. Abo babakayinjire embere zaawe kunsidaaka, akaba bagwerhe echinwa elugulu waani.","Cétait à eux de paraître en ta présence et de se porter accusateurs, sils avaient quelque chose contre moi."
ACT.24.20,"Changwa, aba bantu baderhe chibi gichi bambwene ko amango bansidaakaga embere z'akabuga k'aBayaahudi.","Ou bien, que ceux-ci déclarent de quel crime ils mont trouvé coupable, lorsque jai comparu devant le sanhédrin."
ACT.24.21,"Nkabaga echibi chiguma najirire, nayaamaga embere zaabo ntya: ‹Mumpanire ntya zeene kwenge ngwerhe obulangaalire okw'abafu nji bafuuka.›».",à moins que ce ne soit uniquement de ce cri que jai fait entendre au milieu deux: Cest à cause de la résurrection des morts que je suis aujourdhui mis en jugement devant vous.
ACT.24.22,"Feliiki waliyinji bwinjabwinja ebiyerekeere eNjira ya Nnaweerhu, abwira abalisidakire Paawulo ntya: «Olu lushinja lwenyu nji nalucha amango Lusiya, omukulu w'engabo y'abasoda nj'ahika hano.».","Félix, qui savait assez exactement ce qui concernait cette doctrine, les ajourna, en disant: Quand le tribun Lysias sera venu, jexaminerai votre affaire."
ACT.24.23,"Oku buzinda, arhegeka omukulu w'abasoda ahire Paawulo omu munyororo, aliko amulekere ebishanji by'okujira ebyashondere, analeke abeera baage baleme bamurhabaala.","Et il donna lordre au centenier de garder Paul, en lui laissant une certaine liberté, et en nempêchant aucun des siens de lui rendre des services."
ACT.24.24,"Enyuma wa siku zigeeke, Feliiki ahika haguma na mukaage Durusila, waliiri Muyaahudi-kazi. Arhegeka balerhe Paawulo, naye ayunviriza ebinwa aliiri aderha elugulu w'obwemeezi omu Yeesu Kirisitu.","Quelques jours après, Félix vint avec Drusille, sa femme, qui était Juive, et il fit appeler Paul. Il lentendit sur la foi en Christ."
ACT.24.25,"Aliko Feliiki abeere ayunva Paawulo ashambaala elugulu wa byooshi bikwaneene embere za Nnamahanga, elugulu w'oguchilanga n'amabi, n'elugulu w'olusiku Nnamahanga nj'achiira abantu olushinja, ayuubaha. Abwira Paawulo ntya: «Bunoola okola wakagenda. Nji nashuba kuguhamagala amango nabona ebishanji.».","Mais, comme Paul discourait sur la justice, sur la tempérance, et sur le jugement à venir, Félix, effrayé, dit: Pour le moment retire-toi; quand jen trouverai loccasion, je te rappellerai."
ACT.24.26,"Aliiri alangalire oku Paawulo amuha efuranga. Elugulu w'echo, alema ahamagala Paawulo ngasi mango oku baganiire haguma.","Il espérait en même temps que Paul lui donnerait de largent; aussi lenvoyait-il chercher assez fréquemment, pour sentretenir avec lui."
ACT.24.27,"Habeere hagera myaaka ebiri, Porikiyo Fesito ayima ahali ha Feliiki. Aliko Feliiki aleka Paawulo omu munyororo kwenge alishondere gusimiisa aBayaahudi.","Deux ans sécoulèrent ainsi, et Félix eut pour successeur Porcius Festus. Dans le désir de plaire aux Juifs, Félix laissa Paul en prison."
ACT.25.1,"Fesito abeere amajira siku esharhu ahikire mw'echo gihugo ch'eYudeeya, arhenga omu gishagala ch'eKayizariya, azamuukira omu gishagala ch'eYerusaleema.","Festus, étant arrivé dans la province, monta trois jours après de Césarée à Jérusalem."
ACT.25.2,"Abeere ali eyoola, abakulu b'abadaahwa n'abandi bakulu b'aBayaahudi baaja emwage gusidaaka Paawulo.","Les principaux sacrificateurs et les principaux dentre les Juifs lui portèrent plainte contre Paul. Ils firent des instances auprès de lui, et, dans des vues hostiles."
ACT.25.3,"Bamuyinginga oku abarhabaale, agalule Paawulo eYerusaleema, bulaala bali bamujiriire akaligi k'okumuyirhira omu njira.","lui demandèrent comme une faveur quil le fît venir à Jérusalem. Ils préparaient un guet-apens, pour le tuer en chemin."
ACT.25.4,"Fesito abashubiza ntya: «Paawulo alangirwe omu munyororo eKayizariya, naani nyenyine ndi hoofu kugaluka yo.","Festus répondit que Paul était gardé à Césarée, et que lui-même devait partir sous peu."
ACT.25.5,"Muleke abakulu benyu baguma bagende haguma naani. N'akaba oyuula muntu hali echintu chibi ajiriire, bamusidaakire yo.».","Que les principaux dentre vous descendent avec moi, dit-il, et sil y a quelque chose de coupable en cet homme, quils laccusent."
ACT.25.6,"Fesito abeere amala haguma nabo esiku zagahika ku munaane changwa ekumi, agaluka eKayizariya. Olusiku lwakulikiraga, ayikala oku ntebe yaage y'oguchiira eshinja, n'ogurhegeka baleerhe Paawulo.","Festus ne passa que huit à dix jours parmi eux, puis il descendit à Césarée. Le lendemain, sétant assis sur son tribunal, il donna lordre quon amenât Paul."
ACT.25.7,"Paawulo abeere ahika, aBayaahudi barhengaga eYerusaleema, bamuzunguluka n'okumusidakira mabi malemereere manene. Aliko bagambwa kuyeerekana oku mali m'okuli.","Quand il fut arrivé, les Juifs qui étaient venus de Jérusalem lentourèrent, et portèrent contre lui de nombreuses et graves accusations, quils nétaient pas en état de prouver."
ACT.25.8,"Paawulo aja abuurana n'okuderha ntya: «Nyoono, nta chibi najirire elugulu w'eRhegeko ly'aBayaahudi changwa elugulu w'eNju ya Nnamahanga, changwa n'elugulu wa mwami mukulu Kayizaari.».","Paul entreprit sa défense, en disant: Je nai rien fait de coupable, ni contre la loi des Juifs, ni contre le temple, ni contre César."
ACT.25.9,"Fesito ashonda gusimiisa aBayaahudi, abaza Paawulo ntya: «K'oshondere oje eYerusaleema, ochiirwe yo olushinja embere zaani kw'ebyoola byooshi?».","Festus, désirant plaire aux Juifs, répondit à Paul: Veux-tu monter à Jérusalem, et y être jugé sur ces choses en ma présence?."
ACT.25.10,Paawulo ashubiza ntya: «Nyimangire omu kabuga ka mwami mukulu Kayizaari na hanoola ha nkwaneene guchiirwa olushinja. Nta chibi n'echiguma najiriire aBayaahudi nk'okuula wooyo wenyine obiyinji bwinja.,"Paul dit: Cest devant le tribunal de César que je comparais, cest là que je dois être jugé. Je nai fait aucun tort aux Juifs, comme tu le sais fort bien."
ACT.25.11,"Akaba najirire echijiro girhakwaneene, gihemere oku nyirhwe, nyemereere ogufa. Aliko akaba ebinwa aBayaahudi bansidakiire birhali by'okuli, ntaaye ogwerhe obuhashe b'okumpira omu maboko maabo. Nyoono, nahema olushinja lwani luchiibwe na mwami mukulu Kayizaari.».","Si jai commis quelque injustice, ou quelque crime digne de mort, je ne refuse pas de mourir; mais, si les choses dont ils maccusent sont fausses, personne na le droit de me livrer à eux. Jen appelle à César."
ACT.25.12,"Fesito ayuusize kuja mahwe n'abashamuka baage, aja ashubiza Paawulo ntya: «Wahemere oku olushinja lwawe luchiibwe na mwami mukulu Kayizaari, waaja guchiirwa lo naye.».","Alors Festus, après avoir délibéré avec le conseil, répondit: Tu en as appelé à César; tu iras devant César."
ACT.25.13,"Hagereere siku zigeeke, mwami Agiripa haguma na mwali waabo oyirikwa Berenike, baahika eKayizariya kulamusa Fesito.","Quelques jours après, le roi Agrippa et Bérénice arrivèrent à Césarée, pour saluer Festus."
ACT.25.14,"Babeere bajira yo siku zinene, Fesito abalira mwami Agiripa emyaazi y'olushinja lwa Paawulo. Amubwira ntya: «Hanoola, hali mulume muguma Feliiki alekere omu munyororo.","Comme ils passèrent là plusieurs jours, Festus exposa au roi laffaire de Paul, et dit: Félix a laissé prisonnier un homme."
ACT.25.15,"Amango najaaga eYerusaleema, abakulu b'abadaahwa n'abashamuka b'aBayaahudi bamusidaaka, banampema oku muhaane.","contre lequel, lorsque jétais à Jérusalem, les principaux sacrificateurs et les anciens des Juifs ont porté plainte, en demandant sa condamnation."
ACT.25.16,"Naani nabashubiza oku omu migenzo y'aBarooma, omuntu arhahanwa embere z'okubuurana n'abantu bamusidaakire, n'okubuurana yenyine elugulu w'ebyasidakiirwe.","Je leur ai répondu que ce nest pas la coutume des Romains de livrer un homme avant que linculpé ait été mis en présence de ses accusateurs, et quil ait eu la faculté de se défendre sur les choses dont on laccuse."
ACT.25.17,"Baaja bayinja hano haguma naani. Olusiku lwakulikiraga, buzira guheza ebishanji, nayikala oku ntebe y'oguchiira ko olushinja n'ogurhegeka baleerhe oyoola mulume.","Ils sont donc venus ici, et, sans différer, je massis le lendemain sur mon tribunal, et je donnai lordre quon amenât cet homme."
ACT.25.18,"Babeere bamuleerha, abamusidaakire bayimanga n'ogurhondera kumulega. Aliko nta chijiro chiguma chibi bamulegere ko, nk'oku nalikengeerere.","Les accusateurs, sétant présentés, ne lui imputèrent rien de ce que je supposais;."
ACT.25.19,"Aliko baliiri bajira obuhaka haguma naye elugulu w'edini lyaabo lyonyine, n'elugulu w'omuntu muguma wafiire oyirikwa Yeesu. Paawulo yeewe aliiri aderha oku oyoola muntu afuukire.","ils avaient avec lui des discussions relatives à leur religion particulière, et à un certain Jésus qui est mort, et que Paul affirmait être vivant."
ACT.25.20,"Oku bwani, ntamenyaga gurhe nagacha olushinja luli nk'olu. Naja nabaza Paawulo akaba ashondere kuja eYerusaleema y'olushinja lwage luchiirwe yo.","Ne sachant quel parti prendre dans ce débat, je lui demandai sil voulait aller à Jérusalem, et y être jugé sur ces choses."
ACT.25.21,Aliko Paawulo ahemere oku olushinja lwage luchiibwe na mwami mukulu Kayizaari. Naja narhegeka oku bamulange omu munyororo guhika amango nji namurhuma emwa Kayizaari.».,"Mais Paul en ayant appelé, pour que sa cause fût réservée à la connaissance de lempereur, jai ordonné quon le gardât jusquà ce que je lenvoyasse à César."
ACT.25.22,Mwami Agiripa abwira Fesito ntya: «Naani nagashondere nyunviirize oyoola mulume.» Fesito amushubiza ntya: «Wamuyunviiriza omuseezi.».,"Agrippa dit à Festus: Je voudrais aussi entendre cet homme. Demain, répondit Festus, tu lentendras."
ACT.25.23,"Olusiku lwakulikiraga, Agiripa na Berenike bayinja n'obukuuze bunene. Baaja omu nju bachiira mo eshinja haguma n'abakulu b'engabo z'abasoda, n'abandi balume bakengwa b'omu gishagala. Fesito arhegeka oku baleerhe Paawulo.","Le lendemain donc, Agrippa et Bérénice vinrent en grande pompe, et entrèrent dans le lieu de laudience avec les tribuns et les principaux de la ville. Sur lordre de Festus, Paul fut amené."
ACT.25.24,"Fesito aja aderha ntya: «Mwami Agiripa nenyu mweshi mwe muli haguma neerhu hanoola, mubwene oyuula mulume! aBayaahudi booshi bamusidakiire emwani, eYerusaleema na hano Kayizariya. Baliiri baderha n'omulenge munene oku arhagikwaneene kulama.","Alors Festus dit: Roi Agrippa, et vous tous qui êtes présents avec nous, vous voyez cet homme au sujet duquel toute la multitude des Juifs sest adressée à moi, soit à Jérusalem, soit ici, en sécriant quil ne devait plus vivre."
ACT.25.25,"Si nyoono, nabona oku ntaacho ajirire gikwaneene olufu. Aliko yeewe ahema oku olushinja lwage luje guchiibwa na mwami mukulu Kayizaari eyo Rooma. Naja nahiga kumurhumira ye.","Pour moi, ayant reconnu quil na rien fait qui mérite la mort, et lui-même en ayant appelé à lempereur, jai résolu de le faire partir."
ACT.25.26,"Aliko naani nyenyine, nta chinwa ngwerhe ch'okuli nakayandikira mwami mukulu. Cho girhumire namuleerha embere zenyu na bweneene embere zaawe mwami Agiripa. Leero hano rhuyuusa kumubuuranya, nkaba nabona echinwa nayandika elugulu waage.","Je nai rien de certain à écrire à lempereur sur son compte; cest pourquoi je lai fait paraître devant vous, et surtout devant toi, roi Agrippa, afin de savoir quécrire, après quil aura été examiné."
ACT.25.27,Kwenge nyoono mbwene oku gurhali kwinja ogurhuma omushwekwa eRooma buzira kuyeerekana bwinjabwinja ebirhumire asidaakwa.».,Car il me semble absurde denvoyer un prisonnier sans indiquer de quoi on laccuse.
ACT.26.1,"Mwami Agiripa abwira Paawulo ntya: «Oyemeererwe guchibuuranira.» Paawulo alambuula okuboko, n'ogurhondera kubuurana ntya:.","Agrippa dit à Paul: Il test permis de parler pour ta défense. Et Paul, ayant étendu la main, se justifia en ces termes:."
ACT.26.2,"«Mwami Agiripa, nshagalukire bweneene zeene, okubona nyimangire embere zaawe yi nchibuuranire elugulu w'ebinwa byooshi aBayaahudi bansidaakire ko.","Je mestime heureux, roi Agrippa, davoir aujourdhui à me justifier devant toi de toutes les choses dont je suis accusé par les Juifs."
ACT.26.3,"Kwenge waliha, wooyo wenyine oyinji bwinja emigenzo yooshi y'aBayaahudi n'obuhaka bwabo booshi. Nkuyingingire waliha, onyunviirize buzira kuluha.",car tu connais parfaitement leurs coutumes et leurs discussions. Je te prie donc de mécouter avec patience.
ACT.26.4,«aBayaahudi booshi bayinji gurhe nalamire akalamo kaani gurhengera ndi mwana omu gihugo chaani n'omu gishagala ch'eYerusaleema.,"Ma vie, dès les premiers temps de ma jeunesse, est connue de tous les Juifs, puisquelle sest passée à Jérusalem, au milieu de ma nation."
ACT.26.5,"Banyinji gurhengera miira, n'akaba bashondere, bakanahamiiriza oku nakulikiraga emigenzo yooshi y'echigusho ch' aBafarisaayo . Abo Bafarisaayo bo banagihangaana looshi gukulikira amarhegeko mooshi m'edini ly'ekiyaahudi, kulusha abandi booshi.","Ils savent depuis longtemps, sils veulent le déclarer, que jai vécu pharisien, selon la secte la plus rigide de notre religion."
ACT.26.6,"Leero zeene ndi nachiirwa olushinja, bulaala nahirire obulangaalire bwani omu chilagaane Nnamahanga alaganyaga bashookuluza beerhu.","Et maintenant, je suis mis en jugement parce que jespère laccomplissement de la promesse que Dieu a faite à nos pères."
ACT.26.7,"Chiro n'abantu b'emilala yeerhu ekumi n'ebiri, nabo balangaliire oku Nnamahanga abayeenezeza echiila chilagaane. Cho girhumire bali bamukolera n'obushiru obudufu n'ezuuba. Waliha mwami, oboola bulangaalire bo burhumire aBayaahudi bansidaka zeene!.","et à laquelle aspirent nos douze tribus, qui servent Dieu continuellement nuit et jour. Cest pour cette espérance, ô roi, que je suis accusé par des Juifs!."
ACT.26.8,Girhumire mwabo mwakengeera oku birhagalikeene Nnamahanga afuule abafu?.,Quoi! Vous semble-t-il incroyable que Dieu ressuscite les morts?.
ACT.26.9,"«Chiro naani nyenyine, nankengeera oku bimpemere nkoleese enjira zooshi, omu kulwisa eziino lya Yeesu w'eNazareeti.","Pour moi, javais cru devoir agir vigoureusement contre le nom de Jésus de Nazareth."
ACT.26.10,"Ebyoola binajiraga eYerusaleema. Nabeere nahabwa obuhashe gurhenga emw'abakulu b'abadaahwa, nahira abemeezi banene omu munyororo. N'amango babayirhaga, naani naliyemeere oku balikwaneene kuyirhwa.","Cest ce que jai fait à Jérusalem. Jai jeté en prison plusieurs des saints, ayant reçu ce pouvoir des principaux sacrificateurs, et, quand on les mettait à mort, je joignais mon suffrage à celui des autres."
ACT.26.11,"Nalemaga naaja omu masinagoogi mooshi kubahana n'okubaseeza badukange eziino lya Yeesu. N'elugulu w'ogukaliha bweneene, nagendaga naaja kubalibuza n'omu bindi bishagala bya hale.».","je les ai souvent châtiés dans toutes les synagogues, et je les forçais à blasphémer. Dans mes excès de fureur contre eux, je les persécutais même jusque dans les villes étrangères."
ACT.26.12,"Paawulo ashuba kuderha ntya: «Lusiku luguma naliiri omu njira, eyi ndi naaja kulibuza abemeezi omu gishagala ch'eDamasiki, gukulikirana n'obuhashe n'amarhegeko m'abakulu b'abadaahwa.","Cest dans ce but que je me rendis à Damas, avec lautorisation et la permission des principaux sacrificateurs."
ACT.26.13,"Waliha mwami, yabeere midi eyi ndi mw'eyoola njira, nabona obumoleke bwarhenga empingu. Bwali bumolekere kulusha obw'ezuuba. Bwanangorha n'abeerhu baliiri haguma naani omu lungenzi.","Vers le milieu du jour, ô roi, je vis en chemin resplendir autour de moi et de mes compagnons une lumière venant du ciel, et dont léclat surpassait celui du soleil."
ACT.26.14,"Rhweshi rhwahenera ahashi. Nayunva omulenge omu lulimi lw'eGiheburaniya gwambwira ntya: ‹Saawulo, Saawulo, girhumire wandibuza? Oli wachiilibuza busha kulaala enka eshuurhanga olubaale oku songi ly'enkoni y'omungere wa yo!›.","Nous tombâmes tous par terre, et jentendis une voix qui me disait en langue hébraïque: Saul, Saul, pourquoi me persécutes-tu? Il te serait dur de regimber contre les aiguillons."
ACT.26.15,"Naja nabaza ntya: ‹Nnaweerhu, wooyo oli nde?› Naye ashubiza ntya: ‹Nyoono, ndi Yeesu, oli walibuza.","Je répondis: Qui es-tu, Seigneur? Et le Seigneur dit: Je suis Jésus que tu persécutes."
ACT.26.16,"Aliko yuumuka, oyimange! Nakubonekeere bulaala nashonda nkujire obe mukozi waani, onagende wahamiiriza ebi wabwene ko zeene n'ebindi nashuba gukuyeereka.","Mais lève-toi, et tiens-toi sur tes pieds; car je te suis apparu pour tétablir ministre et témoin des choses que tu as vues et de celles pour lesquelles je tapparaîtrai."
ACT.26.17,"Nalema nagukuula omu maboko m'abenyu Bayaahudi, n'omu m'abantu barhali Bayaahudi. Nagurhuma oku bo.","Je tai choisi du milieu de ce peuple et du milieu des païens, vers qui je tenvoie."
ACT.26.18,"y'ozibuula ameesho maabo, barhenge omu mwizimya n'okuja omu bumoleke, banarhenge omu buhashe bwa Shetaani, n'oguhindamukira Nnamahanga. Omu kunyemeera, bababalirwa ebyaaha byaabo n'okuba haguma n'abandi booshi achishogere.›».","afin que tu leur ouvres les yeux, pour quils passent des ténèbres à la lumière et de la puissance de Satan à Dieu, pour quils reçoivent, par la foi en moi, le pardon des péchés et lhéritage avec les sanctifiés."
ACT.26.19,"Paawulo ashuba kuderha ntya: «Cho girhumire, waliha mwami Agiripa, ntalekaga gukenga ebi nabonekerwaga gurhenga empingu.","En conséquence, roi Agrippa, je nai point résisté à la vision céleste:."
ACT.26.20,"Aliko, narhanga kubalira abantu b'eDamasiki oku baleke ebyaaha byaabo, banahindamukire Nnamahanga omu kujira ebijiro biyerekeene oku balekere ebyaaha byaabo. Enyuma nashuba kubalira abantu b'egishala ch'eYerusaleema, n'abantu b'ebindi bishagala byooshi by'eYudeeya n'abarhali Bayaahudi ezoola nyigirizo.","à ceux de Damas dabord, puis à Jérusalem, dans toute la Judée, et chez les païens, jai prêché la repentance et la conversion à Dieu, avec la pratique dœuvres dignes de la repentance."
ACT.26.21,"Ebyoola byo byarhumaga aBayaahudi banfarhira omu Nju ya Nnamahanga, n'ogushonda kunyirha.","Voilà pourquoi les Juifs se sont saisis de moi dans le temple, et ont tâché de me faire périr."
ACT.26.22,Aliko Nnamahanga andangire guhika oku lusiku lwa zeene. Echoola cho girhumire nahamiiriza embere z'abantu bakulu n'abadoorho. Nta yindi myaazi naderhere erhali elaala abaleebi na Muusa baabalaga oku nji yaaba.,"Mais, grâce au secours de Dieu, jai subsisté jusquà ce jour, rendant témoignage devant les petits et les grands, sans mécarter en rien de ce que les prophètes et Moïse ont déclaré devoir arriver."
ACT.26.23,"Aba booshi, baderhere oku Kirisitu alikwaneene alibuke, anabe murhanzi gufuuka omu bafu. Ntyo, nj'abala enjira y'obuchunguke oku lubaga lw'aBayaahudi n'oku barhali Bayaahudi, bagale kulama omu bumoleke.».","savoir que le Christ souffrirait, et que, ressuscité le premier dentre les morts, il annoncerait la lumière au peuple et aux nations."
ACT.26.24,"Amango Paawulo abaaga achiri abuurana, Fesito amubwira ntya n'omulenge munene: «Paawulo, wasirehere! Amasomo manene wasomere makujirire musire!».","Comme il parlait ainsi pour sa justification, Festus dit à haute voix: Tu es fou, Paul! Ton grand savoir te fait déraisonner."
ACT.26.25,"Paawulo amushubiza ntya: «Waliha Fesito, ntali musire. Emyaazi ndi naaderha eri y'okuli enali y'akamaro.","Je ne suis point fou, très excellent Festus, répliqua Paul; ce sont, au contraire, des paroles de vérité et de bon sens que je prononce."
ACT.26.26,"Chiro mwami Agiripa ayinji bwinja eyoola myaazi yooshi. Cho girhumire namubwira yo buzira buuba, bulaala menyere bwinja oku nta mwazi n'omuguma arhenji omu yo. Ebyoola byooshi birhajirikaga omu bwibisho.","Le roi est instruit de ces choses, et je lui en parle librement; car je suis persuadé quil nen ignore aucune, puisque ce nest pas en cachette quelles se sont passées."
ACT.26.27,"Mwami Agiripa, k'onayemeera ebinwa by'abaleebi? Nyinji bwinja oku onabiyemeera!».","Crois-tu aux prophètes, roi Agrippa?… Je sais que tu y crois."
ACT.26.28,Agiripa abwira Paawulo ntya: «Okengereere oku wanyemeeza kuba mukirisitu omu bishanji bigeeke!».,Et Agrippa dit à Paul: Tu vas bientôt me persuader de devenir chrétien!.
ACT.26.29,"Paawulo ashubiza ntya: «Bibe bigeeke, bibe binene, mpemere Nnamahanga, wooyo n'abenyu booshi bali banyunviiriza zeene, mube nka kunoola nyoono ndi, aliko buzira gushwekwa n'amaala malegule!».","Paul répondit: Que ce soit bientôt ou que ce soit tard, plaise à Dieu que non seulement toi, mais encore tous ceux qui mécoutent aujourdhui, vous deveniez tels que je suis, à lexception de ces liens!."
ACT.26.30,"Abeere aderha ntyo, mwami Agiripa, omurhegesi Fesito, Berenike na booshi baliiri ahoola, bayimanga.","Le roi, le gouverneur, Bérénice, et tous ceux qui étaient assis avec eux se levèrent."
ACT.26.31,Baaja mahwe n'ogurhondera kubwirana ntya: «Oyuula muntu ntaacho ajirire chagarhuma ahanirwa olufu changwa ogushwekwa omu munyororo.».,"et, en se retirant, ils se disaient les uns aux autres: Cet homme na rien fait qui mérite la mort ou la prison."
ACT.26.32,Mwami Agiripa abwira omurhegesi Fesito ntya: «Byagahemere oyuula mulume ashwekuulwe nk'arhahemaga oku olushinja lwage luchiibwe na mwami mukulu Kayizaari.».,"Et Agrippa dit à Festus: Cet homme pouvait être relâché, sil nen eût pas appelé à César."
ACT.27.1,"Babeere barhoola omuhigo g'ogurhuheeka eItaliya omu chombo, bahira Paawulo haguma n'abandi bashwekwa omu bulanzi b'omukulu w'abasoda oyirikwa Yuliyo. Aliiri w'omu chigusho chiyirikwa «Chigusho ch'abasoda ba mwami mukulu Kayizaari.».","Lorsquil fut décidé que nous nous embarquerions pour lItalie, on remit Paul et quelques autres prisonniers à un centenier de la cohorte Auguste, nommé Julius."
ACT.27.2,"Rhwava rhwaja omu chombo chaliiri charhenga omu gishagala ch'eAdiramiti, rhwasuka. Rhwaliiri rhwabalama haguma n'omuburhwa muguma w'omu gihugo ch'eMakedoniya oyirikwa Arisitariko, w'omu gishagala ch'eTesalonika. Echo chombo, chaliiri chaja omu bishangala by'egihugo ch'eAziya biri eburhambi bw'enyanja.","Nous montâmes sur un navire dAdramytte, qui devait côtoyer lAsie, et nous partîmes, ayant avec nous Aristarque, Macédonien de Thessalonique."
ACT.27.3,"Olusiku lwakulikiraga, rhwasiika omu gishagala ch'eSidoona. Yuliyo waliiri ajirira Paawulo amenja, amuyemeerera aje kubonana n'abeera baage yi bamuheereza byooshi alagire ko.","Le jour suivant, nous abordâmes à Sidon; et Julius, qui traitait Paul avec bienveillance, lui permit daller chez ses amis et de recevoir leurs soins."
ACT.27.4,"Omu gurhenga eSidoona, rhwabarabanya oku chizimba ch'eGipuro, emunda omulaba gurhalikalihire, bulaala gwaliiri gwahulukira embere zerhu.","Partis de là, nous longeâmes lîle de Chypre, parce que les vents étaient contraires."
ACT.27.5,Rhwayambuka enyanja oku lunda lw'egihugo ch'eKilikiya n'eche Pamfiliya. Rhwanahika omu gishagala ch'eMira ch'omu gihugo ch'eLikiya.,"Après avoir traversé la mer qui baigne la Cilicie et la Pamphylie, nous arrivâmes à Myra en Lycie."
ACT.27.6,"Eyo munda, oyo mukulu w'abasoda abona echombo chaliiri charhenga omu gishagala ch'eAlegizanduriya, eyi chiri chaaja omu gihugo ch'eItaliya. Arhushoneza mo rhweshi.","Et là, le centenier, ayant trouvé un navire dAlexandrie qui allait en Italie, nous y fit monter."
ACT.27.7,"Rhwamala siku zinene oku nyanja, kwenge rhwaliiri rhwagenda kubuyaabuya. Enyuma z'amalibuko maneene, rhwahika hoofu n'egishagala ch'eKinido. Omu gurhenga eyo, rhwayeerekeza eSalimone. Rhwagera olunda lw'egarhongo k'echizimba ch'eKerete, bulaala omulaba gwaliiri gwarhuhuluka embere.","Pendant plusieurs jours nous naviguâmes lentement, et ce ne fut pas sans difficulté que nous atteignîmes la hauteur de Cnide, où le vent ne nous permit pas daborder. Nous passâmes au-dessous de lîle de Crète, du côté de Salmone."
ACT.27.8,"Rhwagendeerera kugera eburhambirhambi bw'echo chizimba omu malibuko manene. Rhwahika hantu haguma hayirikwa «Siiko Zinja», hoofu n'egishagala ch'eLaseya.","Nous la côtoyâmes avec peine, et nous arrivâmes à un lieu nommé Beaux Ports, près duquel était la ville de Lasée."
ACT.27.9,"Elugulu w'okumala siku zinene oku nyanja, rhwahika omu gihe chidarhabeere n'olusiku l'oguchibuza kulya lwaliiri lwagerere. Paawulo ava arhuhanuula omu kuderha ntya:.","Un temps assez long sétait écoulé, et la navigation devenait dangereuse, car lépoque même du jeûne était déjà passée."
ACT.27.10,"«Beene beerhu, mbwene oku luno lugenzi lwadarhabaala. Rhwaheza binene, arhali mizigo yonyine sy'aliko n'echombo, chiro n'akalamo keerhu.».","Cest pourquoi Paul avertit les autres, en disant: O hommes, je vois que la navigation ne se fera pas sans péril et sans beaucoup de dommage, non seulement pour la cargaison et pour le navire, mais encore pour nos personnes."
ACT.27.11,"Aliko oyo mukulu w'abasoda akulikira ebinwa bya kapiteeni n'ebya nyina echombo, sy'arhakulikiraga ebinwa bya Paawulo.",Le centenier écouta le pilote et le patron du navire plutôt que les paroles de Paul.
ACT.27.12,"Okubona okw'eyo siiko erhaliiri nyinja amango m'emboho ekalihire, abantu banene omu chombo bayunviikana oku barhenge eyo munda, balole akaba byagalika bahike oku siiko eyirikwa Foyiniki n'okugeza ebishanji by'emboho ekalihire eyo munda. Eyoola siiko y'eFoyiniki erhuula oku chizimba ch'eKerete, eyerekeere olunda lw'ebuzikiro bw'ezuuba.","Et comme le port nétait pas bon pour hiverner, la plupart furent davis de le quitter pour tâcher datteindre Phénix, port de Crète qui regarde le sud-ouest et le nord-ouest, afin dy passer lhiver."
ACT.27.13,"Enyuma z'aho agahuusi gahuusahuusa gurhengerera egarhongo. Banyina echombo bakengera oku bamabona enjira y'okugendeerera n'olugenzi lwabo nk'oku balirheganyize. Bakulula enanga, babarabanya oku chizimba ch'eKerete.","Un léger vent du sud vint à souffler, et, se croyant maîtres de leur dessein, ils levèrent lancre et côtoyèrent de près lîle de Crète."
ACT.27.14,"Enyuma w'ebishanji bigeeke, mw'echo chizimba mwahulukira omuyaga munene g'omulaba gukalihire guyirikwa Ehurakilo.","Mais bientôt un vent impétueux, quon appelle Euraquilon, se déchaîna sur lîle."
ACT.27.15,"Ogo muyaga gwaheka echombo, nacho chirhagalaga kugulwiisa. Rhwava rhwachileka chihekwe n'omulaba oku muhengere emunda gushondere.","Le navire fut entraîné, sans pouvoir lutter contre le vent, et nous nous laissâmes aller à la dérive."
ACT.27.16,"Rhwagera olunda lw'egarhongo k'echizimba chigeeke chiyiirikirwe Kauda, charhulanga bugeeke kw'ogola muyaga. Oku malibuko manene, rhwashweka bweneene obwarho oku chombo yi burhahehwa.","Nous passâmes au-dessous dune petite île nommée Clauda, et nous eûmes de la peine à nous rendre maîtres de la chaloupe;."
ACT.27.17,"Abakozi b'omu chombo babeere barhalulira obo bwarho omu chombo, baseza echombo omu kugishweka n'emikaba. Na kwenge baliyubahire oku echombo chagarhaliira omu mushenyi gw'eSiriti, barhoza egihirho chiyimanza bugeeke echombo, banaleka echombo gihehwe.","après lavoir hissée, on se servit des moyens de secours pour ceindre le navire, et, dans la crainte de tomber sur la Syrte, on abaissa les voiles. Cest ainsi quon se laissa emporter par le vent."
ACT.27.18,"Olusiku lwakulikiraga, omulaba gwagendeerera gushuurhashuurha bweneene echombo. Echo charhuma abo bakozi barhondera kuroha emizigo omu nyanja.","Comme nous étions violemment battus par la tempête, le lendemain on jeta la cargaison à la mer."
ACT.27.19,"Olusiku lwa gasharhu, bakabulanga bonyine ebikoleso by'echombo.",et le troisième jour nous y lançâmes de nos propres mains les agrès du navire.
ACT.27.20,"Esiku zinene zagera buzira kubona ezuuba changwa enyenyeezi. Omulaba nago gwagendeerera bweneene. Oku buzinda, rhwaheza obulangaalire bw'okulama.","Le soleil et les étoiles ne parurent pas pendant plusieurs jours, et la tempête était si forte que nous perdîmes enfin toute espérance de nous sauver."
ACT.27.21,"Abantu babaaga bamaamala siku zinene buzira kulya kantu. Paawulo ava ayimanga ahagarhi kaabo n'okubabwira ntya: «Beera baani, nka mwakulikiraga ehano lyaani ly'ogurharhenga eKerete, rhurhakabwene ama malibuko mooshi changwa guheza ebi bintu.","On navait pas mangé depuis longtemps. Alors Paul, se tenant au milieu deux, leur dit: O hommes, il fallait mécouter et ne pas partir de Crète, afin déviter ce péril et ce dommage."
ACT.27.22,"Aliko bunoola, mbahemere museeze emirhima, bulaala ntaaye ahagarhi kenyu waafa, sy'aliko echombo chonyine chashenyagulika.","Maintenant je vous exhorte à prendre courage; car aucun de vous ne périra, et il ny aura de perte que celle du navire."
ACT.27.23,"Nderhere ntya, kwenge malahika wa Nnamahanga, ola nyoono ndi waage n'ola nkolera, alimbonekere omu budufu bwa zeene.",Un ange du Dieu à qui jappartiens et que je sers mest apparu cette nuit.
ACT.27.24,"Amanambwira ntya: ‹Orhayubahaga Paawulo! Bihemeere obuurane embere za mwami mukulu Kayizaari. Na kandi, byasimiisize Nnamahanga kugukolera amenja. Yeewe achungula akalamo k'abaala bantu booshi bali babalama haguma naawe.›.","et ma dit: Paul, ne crains point; il faut que tu comparaisses devant César, et voici, Dieu ta donné tous ceux qui naviguent avec toi."
ACT.27.25,"Cho girhumire beera baani, museeze omurhima, bulaala ndangaliire oku byajirika nk'oku Nnamahanga ambwiraga.","Cest pourquoi, ô hommes, rassurez-vous, car jai cette confiance en Dieu quil en sera comme il ma été dit."
ACT.27.26,"Aliko, bihemere echombo chije gurhaliira oku chizimba chiguma.».",Mais nous devons échouer sur une île.
ACT.27.27,"Rhwamala siku ekumi n'ene, rhuli rhwaheekwa eyi n'eyi n'omulaba oku nyanja y'eAdiriya. Ahagarhi kw'obudufu, abakozi b'omu chombo bakengera oku rhuli hoofu n'emushengo.","La quatorzième nuit, tandis que nous étions ballottés sur lAdriatique, les matelots, vers le milieu de la nuit, soupçonnèrent quon approchait de quelque terre."
ACT.27.28,"Bachimiza olugero omu menji. Gurhenga enyanya guhika oku nege, baabona metere makumi mane. Rhwabeere rhwashegera ahambere bugeeke, baashuba guchimya olugero omu menji, baabona metere makumi masharhu.","Ayant jeté la sonde, ils trouvèrent vingt brasses; un peu plus loin, ils la jetèrent de nouveau, et trouvèrent quinze brasses."
ACT.27.29,"Barhoza enanga ene z'ebwerekeza omu guchifiija obudufu buche, kwenge baliiri bayuubaha oku echombo chagarhaliira oku ntaza.","Dans la crainte de heurter contre des écueils, ils jetèrent quatre ancres de la poupe, et attendirent le jour avec impatience."
ACT.27.30,Abakozi b'omu chombo bashonda kuyongoloka. Kw'arhuma baja bayandagaziza obwarho omu menji. Banachijirisa nka bali bashweka enanga z'emulemo.,"Mais, comme les matelots cherchaient à séchapper du navire, et mettaient la chaloupe à la mer sous prétexte de jeter les ancres de la proue."
ACT.27.31,"Paawulo aja abwira ola mukulu w'abasoda haguma n'abasoda baage ntya: «Aba bantu bagarhenga mu chino chombo, mumenye oku nenyu murhagafuma kuzika!».","Paul dit au centenier et aux soldats: Si ces hommes ne restent pas dans le navire, vous ne pouvez être sauvés."
ACT.27.32,"Okoola kw'arhuma abasoda bacha emikaba yalishwekere obo bwarho, banabuleka buhehwe oku nyanja.","Alors les soldats coupèrent les cordes de la chaloupe, et la laissèrent tomber."
ACT.27.33,"Yabeere emiseke, Paawulo ayinginga abantu booshi balye ebiryo. Ababwira ntya: «Zeene, siku ekumi n'ene zamagera eyi mugwerhe obuuba, na buzira kulya kantu.","Avant que le jour parût, Paul exhorta tout le monde à prendre de la nourriture, disant: Cest aujourdhui le quatorzième jour que vous êtes dans lattente et que vous persistez à vous abstenir de manger."
ACT.27.34,Leero mbayingingire mulye ebiryo yi murhafa n'enzara. Kwenge ntaaye ahagarhi kenyu waheza chiro n'oluviiri luguma l'oku rhwe lyaage.».,"Je vous invite donc à prendre de la nourriture, car cela est nécessaire pour votre salut, et il ne se perdra pas un cheveu de la tête daucun de vous."
ACT.27.35,"Enyuma z'okuderha ebyo binwa, Paawulo arhoola omugati, akuuza Nnamahanga embere zaabo booshi. Aguchagulanga n'ogurhondera kulya.","Ayant ainsi parlé, il prit du pain, et, après avoir rendu grâces à Dieu devant tous, il le rompit, et se mit à manger."
ACT.27.36,"Booshi baava bachiseeza omurhima, banarhondera kulya ebiryo.","Et tous, reprenant courage, mangèrent aussi."
ACT.27.37,"Mw'echo chombo, rhwaliiri mo bantu magana mabiri na makumi gali mushanvu na ndarhu.","Nous étions, dans le navire, deux cent soixante-seize personnes en tout."
ACT.27.38,"Abantu booshi babeere bayuugurha, baroha emizigo y'engano omu nyanja omu kuyanguhya echombo.","Quand ils eurent mangé suffisamment, ils allégèrent le navire en jetant le blé à la mer."
ACT.27.39,"Bwabeere bwacha, abakozi b'omu chombo balangira eshi, aliko barharhegeeraga echo gihugo. Babona akagobe kali k'omushenyi. Baava bahiga kuja gurhaliiriza yo echombo, akaba byakagalika.","Lorsque le jour fut venu, ils ne reconnurent point la terre; mais, ayant aperçu un golfe avec une plage, ils résolurent dy pousser le navire, sils le pouvaient."
ACT.27.40,"Baacha emigozi yalishwekere enanga, banazileka zizike omu nyanja. Banashunula emigozi yalishwekere ziiri nka ngasi zizibuuzibu zaliiri zayeerekeza echombo. Oku buzinda, bazamuula omwenda gw'embere y'omuhuusi guheeke echombo, banayeerekera mw'ogo mushengo g'omushenyi.","Ils délièrent les ancres pour les laisser aller dans la mer, et ils relâchèrent en même temps les attaches des gouvernails; puis ils mirent au vent la voile dartimon, et se dirigèrent vers le rivage."
ACT.27.41,"Aliko babeere bayegeera ahambere bugeeke, echombo charhaliira omu chilundo ch'omushenyi, girhagachigalire guchishaganya. Omulemo gwazikira mo, n'ebivundu by'omulaba byashenyagula obwerekeza.","Mais ils rencontrèrent une langue de terre, où ils firent échouer le navire; et la proue, sétant engagée, resta immobile, tandis que la poupe se brisait par la violence des vagues."
ACT.27.42,"Abasoda bahiga kuyirha abashwekwa booshi, yi ntaaye n'omuguma mubo oyongolokage omu kuyooga.","Les soldats furent davis de tuer les prisonniers, de peur que quelquun deux ne séchappât à la nage."
ACT.27.43,"Aliko, omukulu w'abasoda alishondere kufumya Paawulo. Abuza abasoda barhajiraga ntyo. Arhegeka oku abayinji kuyooga, babe barhanzi guchikabula omu nyanja, bayooge banayoomokere emushengo.","Mais le centenier, qui voulait sauver Paul, les empêcha dexécuter ce dessein. Il ordonna à ceux qui savaient nager de se jeter les premiers dans leau pour gagner la terre."
ACT.27.44,"N'abandi babakulikire, eyi bagwarhiriize oku mpaho changwa oku bisharhe by'echombo. Ntyo kw'abantu booshi bahikaga emushengo eyi bali bagumaguma.",et aux autres de se mettre sur des planches ou sur des débris du navire. Et ainsi tous parvinrent à terre sains et saufs.
ACT.28.1,"Rhwabeere rhwafuma olufu, rhwaja rhwamenya okw'echo chizimba rhwaliiri ko, chiyirikirwe Melita.","Après nous être sauvés, nous reconnûmes que lîle sappelait Malte."
ACT.28.2,"Abantu b'eyo, barhujirira amenja manene. Barhuchaanira omuliro banarhuyegeereza rhweshi oku rhukaluuke, bulaala emboho yaliiri n'envula yabaaga eri yarhoga.","Les barbares nous témoignèrent une bienveillance peu commune; ils nous recueillirent tous auprès dun grand feu, quils avaient allumé parce que la pluie tombait et quil faisait grand froid."
ACT.28.3,"Paawulo arhoola eshaali. Abeere ali azihira omu ziiko, enjoka yarhenga mu zila shaali elugulu w'egikangiira, yachizingira oku kuboko kwage.","Paul ayant ramassé un tas de broussailles et layant mis au feu, une vipère en sortit par leffet de la chaleur et sattacha à sa main."
ACT.28.4,"Abantu b'echo chizimba babeere baabona eyoola njoka yananaabire oku kuboko kwage, babwirana ntya: «Okuli oyu muntu ali mwisi w'abantu. Chiro akaba afumire olufu lw'enyanja, emaana yeerhu eyirikwa Okuli erhamuleka alame.».","Quand les barbares virent lanimal suspendu à sa main, ils se dirent les uns aux autres: Assurément cet homme est un meurtrier, puisque la Justice na pas voulu le laisser vivre, après quil a été sauvé de la mer."
ACT.28.5,"Aliko Paawulo akunguurhira eyo njoka omu lila ziiko, na ntaako abeere.","Paul secoua lanimal dans le feu, et ne ressentit aucun mal."
ACT.28.6,"Abo bantu, baloleereza akaba Paawulo arhunda omubiri changwa akumbagala n'ogufa ho n'aho. Balingiriza bishanji binene. Babeere baabona oku ntaako abeere, bahindamula emiganiize yaabo, banarhondera kuderha oku ali muguma w'omu maana.","Ces gens sattendaient à le voir enfler ou tomber mort subitement; mais, après avoir longtemps attendu, voyant quil ne lui arrivait aucun mal, ils changèrent davis et dirent que cétait un dieu."
ACT.28.7,"Hoofu n'ahoola, haliiri amashwa m'omukulu w'echo chizimba oyirikwa Pubuliyo. Oyo mukulu arhuyankirira bwinja omu mwage, rhwamala mo siku esharhu.","Il y avait, dans les environs, des terres appartenant au principal personnage de lîle, nommé Publius, qui nous reçut et nous logea pendant trois jours de la manière la plus amicale."
ACT.28.8,"Amo mango, eshe wa Pubuliyo alilyaamire oku buliri kwenge alilwere endwala y'eshuushira n'omukunguru. Paawulo aja kumulola, amusaliirira, anamulambuulira kw'amaboko, naye amufumya.","Le père de Publius était alors au lit, malade de la fièvre et de la dysenterie; Paul, sétant rendu vers lui, pria, lui imposa les mains, et le guérit."
ACT.28.9,"Echo charuma abandi balwala booshi baliiri kw'echo chizimba, baalema bashimba Paawulo, naye alema abafumya.","Là-dessus, vinrent les autres malades de lîle, et ils furent guéris."
ACT.28.10,"Abantu b'ahoola barhukenga bweneene. Rhwabeere rhuli hoofu kugendeerera n'olugenzi oku nyanja, barhuha ebintu byooshi rhwalikeneere.","On nous rendit de grands honneurs, et, à notre départ, on nous fournit les choses dont nous avions besoin."
ACT.28.11,"Rhwabeere rhwamala myeezi esharhu oku chizimba ch'eMelita, rhwabalama n'echombo chiguma chalisikiire kw'echo chizimba. Chaliiri chalinga esiku z'emboho zirhange zigere. Echo chombo, charhengereraga eAlegizanduriya. Babaaga bachapire ko ebishushanyo by'emaana z'amahasha.","Après un séjour de trois mois, nous nous embarquâmes sur un navire dAlexandrie, qui avait passé lhiver dans lîle, et qui portait pour enseigne les Dioscures."
ACT.28.12,"Rhwahikire omu gishagala ch'eSirakuse, rhwabeera mo siku esharhu.","Ayant abordé à Syracuse, nous y restâmes trois jours."
ACT.28.13,"Omu gurhenga mw'echo gishagala, rhwasuka n'okugenda rhwabarabanya guhika omu gishagala ch'eRegiyo. Olusiku lwakulikiraga, omuyaga g'ogurhengerera egarhongo gwaja omu nyanja. Olwindi lusiku lwakulikiraga, rhwahika omu gishagala ch'ePuteyoli.","De là, en suivant la côte, nous atteignîmes Reggio; et, le vent du midi sétant levé le lendemain, nous fîmes en deux jours le trajet jusquà Pouzzoles."
ACT.28.14,"Rhwahikire yo, rhwabugana abemeezi, nabo barhuyinginga mpu rhubeere nabo siku mushanvu. Ntyo ku rhwajiire eRooma.",où nous trouvâmes des frères qui nous prièrent de passer sept jours avec eux. Et cest ainsi que nous allâmes à Rome.
ACT.28.15,"Abemeezi b'eRooma babeere bayunva oku rhuli omu njira y'okuja emwabo, baguma bayinja gurhulingira omu gishagala chiyirikwa Soko ly'eApiyo, n'abandi omu gishagala chiyirikwa Nju eSharhu z'aBahiisi. Paawulo abeere ababona, akuuza Nnamahanga, buzinda anashuba guseezwa omurhima.","De Rome vinrent à notre rencontre, jusquau Forum dAppius et aux Trois Tavernes, les frères qui avaient entendu parler de nous. Paul, en les voyant, rendit grâces à Dieu, et prit courage."
ACT.28.16,"Rhwabeere rhwahika eRooma, bayemeerera Paawulo ahande yenyine. Banamuha omusoda w'okumulanga.","Lorsque nous fûmes arrivés à Rome, on permit à Paul de demeurer en son particulier, avec un soldat qui le gardait."
ACT.28.17,"Hagerere siku esharhu, Paawulo ahamagaza abakulu b'aBayaahudi balilamire eyo munda. Babeere babugaanana, ababwira ntya: «Bene beerhu, nyoono nalishwekerwe eYerusaleema, nanahirwa omu maboko m'aBarooma noobo nta chibi najiriire olubaga lwerhu changwa okuvuna emicho yabashookuluza beerhu.","Au bout de trois jours, Paul convoqua les principaux des Juifs; et, quand ils furent réunis, il leur adressa ces paroles: Hommes frères, sans avoir rien fait contre le peuple ni contre les coutumes de nos pères, jai été mis en prison à Jérusalem et livré de là entre les mains des Romains."
ACT.28.18,"Abo Barooma babeere bambuuranya, bashonda kunshwekuula bulaala barhambonaga ko obubi bwalihemerwe nyirhwe.","Après mavoir interrogé, ils voulaient me relâcher, parce quil ny avait en moi rien qui méritât la mort."
ACT.28.19,"Aliko okubona aBayaahudi barhayemeeraga mpu ndikulwe, kw'arhuma nahema kuja eno Rooma, kubuuranira embere za mwami mukulu Kayizaari. Na mw'ebi byooshi, nta chintu naligwerhe ch'ogusidaaka olubaga lwani.","Mais les Juifs sy opposèrent, et jai été forcé den appeler à César, nayant du reste aucun dessein daccuser ma nation."
ACT.28.20,"Echoola, cho girhumire mbahamageere, rhubonane rhunaganiire haguma. Mumenye oku nyoono nshwekeerwe hano, bulaala nyemereere obulangaalire bw'aBaisraheeli booshi.».",Voilà pourquoi jai demandé à vous voir et à vous parler; car cest à cause de lespérance dIsraël que je porte cette chaîne.
ACT.28.21,"Abo bakulu b'aBayaahudi baava bamubwira ntya: «Rhwabo nta maruba rhwayankirire gurhengera eYudeeya, changwa omwemeezi gurhenga eyo, wahikire eno gurhubalira n'okuderha omwazi mubi elugulu waawe.","Ils lui répondirent: Nous navons reçu de Judée aucune lettre à ton sujet, et il nest venu aucun frère qui ait rapporté ou dit du mal de toi."
ACT.28.22,"Aliko, neerhu rhwagasiimire kuyunviiriza emiganiize yaawe, bulaala rhuyinji oku ngasi hooshi, abantu banaderha kubi eli dini lyaawe okulikiire.».","Mais nous voudrions apprendre de toi ce que tu penses, car nous savons que cette secte rencontre partout de lopposition."
ACT.28.23,"Abo bakulu baava bayunviikana na Paawulo olusiku baashuba gushimaanana. N'oloola lusiku, bantu banene bweneene bahika aha Paawulo alihandire. Gurhengera eseezi guhika egolo, ayigiriza ebinwa binene n'okubabalira obuhamiriza elugulu w'obwime bwa Nnamahanga. Paawulo alishondere bayemeere Yeesu. Aliiri kubayeereka emyaazi ederhere elugulu wa Yeesu, eyandikirwe omu Rhegeko lya Muusa n'ebitaabu by'abaleebi.","Ils lui fixèrent un jour, et plusieurs vinrent le trouver dans son logis. Paul leur annonça le royaume de Dieu, en rendant témoignage, et en cherchant, par la loi de Moïse et par les prophètes, à les persuader de ce qui concerne Jésus. Lentretien dura depuis le matin jusquau soir."
ACT.28.24,"Eyoola myaazi Paawulo aderhaga, baguma bayiyemeera, aliko abandi barhayiyemeeraga.","Les uns furent persuadés par ce quil disait, et les autres ne crurent point."
ACT.28.25,"Babeere barhayunvikene, bashonda bagaluke. Paawulo ashuba kubabwira chino chinwa chiguma: «Muuka-Mutagatiifu aliderhere okuli oku bashokuluuza benyu kugerera omuleebi Isaya.","Comme ils se retiraient en désaccord, Paul najouta que ces mots: Cest avec raison que le Saint-Esprit, parlant à vos pères par le prophète Ésaïe, a dit:."
ACT.28.26,"Kwenge alimubwirire ntya: ‹Ogende emw'aba bantu, onababwire ntya: Okuyunva mwayunva, aliko murhaamenya. Okulola mwalola, aliko murharhegeera.","Va vers ce peuple, et dis: Vous entendrez de vos oreilles, et vous ne comprendrez point; Vous regarderez de vos yeux, et vous ne verrez point."
ACT.28.27,"Bulaala emirhima y'aba bantu yabeere mizibu. Bafukire amarhwi maabo, banazibize ameesho maabo. Nk'arhaliiri ntyo, ameesho maabo makabwene, n'amarhwi maabo, makayunviirhe, n'emirhima yaabo, yagarhegereere, bakanahindamukire emwani, naani nakabafumize.› ».","Car le cœur de ce peuple est devenu insensible; Ils ont endurci leurs oreilles, et ils ont fermé leurs yeux, De peur quils ne voient de leurs yeux, quils nentendent de leurs oreilles, Quils ne comprennent de leur cœur, Quils ne se convertissent, et que je ne les guérisse."
ACT.28.28,"Paawulo ashuba kubabwira ntya: «Leero, mumenyage oku emyaazi y'obu buchunguke bwa Nnamahanga, yamayaalagazwa oku barhali Bayaahudi. Boowe, bayiyunviiriza!» .","Sachez donc que ce salut de Dieu a été envoyé aux païens, et quils lécouteront."
ACT.28.29,"Abeere amala kuderha eyi myaazi, abo Bayaahudi bagenda eyi bali bajiriisanya obuhaka bunene.","Lorsquil eut dit cela, les Juifs sen allèrent, discutant vivement entre eux."
ACT.28.30,Paawulo ahanda myaaka ebiri mw'eyoola nju ahaanaga kw'efuranga yenyine. Aliiri ayankirira abahiisi booshi baliiri bayinja kumulola.,Paul demeura deux ans entiers dans une maison quil avait louée. Il recevait tous ceux qui venaient le voir.
ACT.28.31,"Aliiri abala emyaazi y'obwami bwa Nnamahanga, n'okuyigiriza abantu elugulu wa Nnaweerhu Yeesu Kirisitu buzira buuba na buzira kubuzwa.","prêchant le royaume de Dieu et enseignant ce qui concerne le Seigneur Jésus-Christ, en toute liberté et sans obstacle."
